Copyright 1986-2022 Xilinx, Inc. All Rights Reserved. Copyright 2022-2025 Advanced Micro Devices, Inc. All Rights Reserved.
-----------------------------------------------------------------------------------------------------------------------------------------------------------------------------------------------------------------------------------------------------------
| Tool Version      : Vivado v.2025.2 (win64) Build 6299465 Fri Nov 14 19:35:11 GMT 2025
| Date              : Sun Mar 22 22:49:25 2026
| Host              : VuDuong-32 running 64-bit major release  (build 9200)
| Command           : report_timing_summary -max_paths 10 -routable_nets -report_unconstrained -file system_wrapper_timing_summary_routed.rpt -pb system_wrapper_timing_summary_routed.pb -rpx system_wrapper_timing_summary_routed.rpx -warn_on_violation
| Design            : system_wrapper
| Device            : xck26-sfvc784
| Speed File        : -2LV  PRODUCTION 1.30 05-15-2022
| Design State      : Routed
| Temperature Grade : C
-----------------------------------------------------------------------------------------------------------------------------------------------------------------------------------------------------------------------------------------------------------

Timing Summary Report

------------------------------------------------------------------------------------------------
| Timer Settings
| --------------
------------------------------------------------------------------------------------------------

  Enable Multi Corner Analysis               :  Yes
  Enable Pessimism Removal                   :  Yes
  Pessimism Removal Resolution               :  Nearest Common Node
  Enable Input Delay Default Clock           :  No
  Enable Preset / Clear Arcs                 :  No
  Disable Flight Delays                      :  No
  Ignore I/O Paths                           :  No
  Timing Early Launch at Borrowing Latches   :  No
  Borrow Time for Max Delay Exceptions       :  Yes
  Merge Timing Exceptions                    :  Yes
  Inter-SLR Compensation                     :  Conservative

  Corner  Analyze    Analyze    
  Name    Max Paths  Min Paths  
  ------  ---------  ---------  
  Slow    Yes        Yes        
  Fast    Yes        Yes        


------------------------------------------------------------------------------------------------
| Report Methodology
| ------------------
------------------------------------------------------------------------------------------------

Rule     Severity  Description                   Violations  
-------  --------  ----------------------------  ----------  
LUTAR-1  Warning   LUT drives async reset alert  1           

Note: This report is based on the most recent report_methodology run and may not be up-to-date. Run report_methodology on the current design for the latest report.



check_timing report

Table of Contents
-----------------
1. checking no_clock (0)
2. checking constant_clock (0)
3. checking pulse_width_clock (0)
4. checking unconstrained_internal_endpoints (0)
5. checking no_input_delay (0)
6. checking no_output_delay (0)
7. checking multiple_clock (0)
8. checking generated_clocks (0)
9. checking loops (0)
10. checking partial_input_delay (0)
11. checking partial_output_delay (0)
12. checking latch_loops (0)

1. checking no_clock (0)
------------------------
 There are 0 register/latch pins with no clock.


2. checking constant_clock (0)
------------------------------
 There are 0 register/latch pins with constant_clock.


3. checking pulse_width_clock (0)
---------------------------------
 There are 0 register/latch pins which need pulse_width check


4. checking unconstrained_internal_endpoints (0)
------------------------------------------------
 There are 0 pins that are not constrained for maximum delay.

 There are 0 pins that are not constrained for maximum delay due to constant clock.


5. checking no_input_delay (0)
------------------------------
 There are 0 input ports with no input delay specified.

 There are 0 input ports with no input delay but user has a false path constraint.


6. checking no_output_delay (0)
-------------------------------
 There are 0 ports with no output delay specified.

 There are 0 ports with no output delay but user has a false path constraint

 There are 0 ports with no output delay but with a timing clock defined on it or propagating through it


7. checking multiple_clock (0)
------------------------------
 There are 0 register/latch pins with multiple clocks.


8. checking generated_clocks (0)
--------------------------------
 There are 0 generated clocks that are not connected to a clock source.


9. checking loops (0)
---------------------
 There are 0 combinational loops in the design.


10. checking partial_input_delay (0)
------------------------------------
 There are 0 input ports with partial input delay specified.


11. checking partial_output_delay (0)
-------------------------------------
 There are 0 ports with partial output delay specified.


12. checking latch_loops (0)
----------------------------
 There are 0 combinational latch loops in the design through latch input



------------------------------------------------------------------------------------------------
| Design Timing Summary
| ---------------------
------------------------------------------------------------------------------------------------

    WNS(ns)      TNS(ns)  TNS Failing Endpoints  TNS Total Endpoints      WHS(ns)      THS(ns)  THS Failing Endpoints  THS Total Endpoints     WPWS(ns)     TPWS(ns)  TPWS Failing Endpoints  TPWS Total Endpoints  
    -------      -------  ---------------------  -------------------      -------      -------  ---------------------  -------------------     --------     --------  ----------------------  --------------------  
      5.866        0.000                      0                 9516        0.010        0.000                      0                 9516        3.500        0.000                       0                  3762  


All user specified timing constraints are met.


------------------------------------------------------------------------------------------------
| Clock Summary
| -------------
------------------------------------------------------------------------------------------------

Clock     Waveform(ns)       Period(ns)      Frequency(MHz)
-----     ------------       ----------      --------------
clk_pl_0  {0.000 5.000}      10.000          100.000         
clk_pl_1  {0.000 5.000}      10.000          100.000         


------------------------------------------------------------------------------------------------
| Intra Clock Table
| -----------------
------------------------------------------------------------------------------------------------

Clock             WNS(ns)      TNS(ns)  TNS Failing Endpoints  TNS Total Endpoints      WHS(ns)      THS(ns)  THS Failing Endpoints  THS Total Endpoints     WPWS(ns)     TPWS(ns)  TPWS Failing Endpoints  TPWS Total Endpoints  
-----             -------      -------  ---------------------  -------------------      -------      -------  ---------------------  -------------------     --------     --------  ----------------------  --------------------  
clk_pl_0            5.866        0.000                      0                 8587        0.010        0.000                      0                 8587        3.500        0.000                       0                  3762  


------------------------------------------------------------------------------------------------
| Inter Clock Table
| -----------------
------------------------------------------------------------------------------------------------

From Clock    To Clock          WNS(ns)      TNS(ns)  TNS Failing Endpoints  TNS Total Endpoints      WHS(ns)      THS(ns)  THS Failing Endpoints  THS Total Endpoints  
----------    --------          -------      -------  ---------------------  -------------------      -------      -------  ---------------------  -------------------  


------------------------------------------------------------------------------------------------
| Other Path Groups Table
| -----------------------
------------------------------------------------------------------------------------------------

Path Group         From Clock         To Clock               WNS(ns)      TNS(ns)  TNS Failing Endpoints  TNS Total Endpoints      WHS(ns)      THS(ns)  THS Failing Endpoints  THS Total Endpoints  
----------         ----------         --------               -------      -------  ---------------------  -------------------      -------      -------  ---------------------  -------------------  
**async_default**  clk_pl_0           clk_pl_0                 6.662        0.000                      0                  929        0.492        0.000                      0                  929  


------------------------------------------------------------------------------------------------
| User Ignored Path Table
| -----------------------
------------------------------------------------------------------------------------------------

Path Group    From Clock    To Clock    
----------    ----------    --------    
(none)                      clk_pl_0      
(none)        clk_pl_0      clk_pl_0      


------------------------------------------------------------------------------------------------
| Unconstrained Path Table
| ------------------------
------------------------------------------------------------------------------------------------

Path Group    From Clock    To Clock    
----------    ----------    --------    


------------------------------------------------------------------------------------------------
| Timing Details
| --------------
------------------------------------------------------------------------------------------------


---------------------------------------------------------------------------------------------------
From Clock:  clk_pl_0
  To Clock:  clk_pl_0

Setup :            0  Failing Endpoints,  Worst Slack        5.866ns,  Total Violation        0.000ns
Hold  :            0  Failing Endpoints,  Worst Slack        0.010ns,  Total Violation        0.000ns
PW    :            0  Failing Endpoints,  Worst Slack        3.500ns,  Total Violation        0.000ns
---------------------------------------------------------------------------------------------------


Max Delay Paths
--------------------------------------------------------------------------------------
Slack (MET) :             5.866ns  (required time - arrival time)
  Source:                 system_i/zynq_ultra_ps_e_0/inst/PS8_i/MAXIGP1ACLK
                            (rising edge-triggered cell PS8 clocked by clk_pl_0  {rise@0.000ns fall@5.000ns period=10.000ns})
  Destination:            system_i/axi_smc/inst/switchboards/i_nodes/i_aw_node/inst/inst_si_handler/gen_m_axis_arb_fifo.inst_axis_arb_fifo/gen_pipelined.state_reg[1]/D
                            (rising edge-triggered cell FDRE clocked by clk_pl_0  {rise@0.000ns fall@5.000ns period=10.000ns})
  Path Group:             clk_pl_0
  Path Type:              Setup (Max at Slow Process Corner)
  Requirement:            10.000ns  (clk_pl_0 rise@10.000ns - clk_pl_0 rise@0.000ns)
  Data Path Delay:        4.015ns  (logic 1.642ns (40.898%)  route 2.373ns (59.102%))
  Logic Levels:           8  (LUT2=2 LUT4=2 LUT5=3 LUT6=1)
  Clock Path Skew:        -0.005ns (DCD - SCD + CPR)
    Destination Clock Delay (DCD):    2.174ns = ( 12.174 - 10.000 ) 
    Source Clock Delay      (SCD):    2.355ns
    Clock Pessimism Removal (CPR):    0.176ns
  Clock Uncertainty:      0.160ns  ((TSJ^2 + DJ^2)^1/2) / 2 + PE
    Total System Jitter     (TSJ):    0.071ns
    Discrete Jitter          (DJ):    0.312ns
    Phase Error              (PE):    0.000ns
  Clock Net Delay (Source):      2.088ns (routing 1.045ns, distribution 1.043ns)
  Clock Net Delay (Destination): 1.958ns (routing 0.955ns, distribution 1.003ns)

    Location             Delay type                Incr(ns)  Path(ns)    Netlist Resource(s)
  -------------------------------------------------------------------    -------------------
                         (clock clk_pl_0 rise edge)
                                                      0.000     0.000 r  
    PS8_X0Y0             PS8                          0.000     0.000 r  system_i/zynq_ultra_ps_e_0/inst/PS8_i/PLCLK[0]
                         net (fo=1, routed)           0.229     0.229    system_i/zynq_ultra_ps_e_0/inst/pl_clk_unbuffered[0]
    BUFG_PS_X0Y80        BUFG_PS (Prop_BUFG_PS_I_O)
                                                      0.038     0.267 r  system_i/zynq_ultra_ps_e_0/inst/buffer_pl_clk_0.PL_CLK_0_BUFG/O
    X0Y1 (CLOCK_ROOT)    net (fo=3762, routed)        2.088     2.355    system_i/zynq_ultra_ps_e_0/inst/maxihpm1_fpd_aclk
    PS8_X0Y0             PS8                                          r  system_i/zynq_ultra_ps_e_0/inst/PS8_i/MAXIGP1ACLK
  -------------------------------------------------------------------    -------------------
    PS8_X0Y0             PS8 (Prop_PS8_MAXIGP1ACLK_MAXIGP1WVALID)
                                                      0.449     2.804 r  system_i/zynq_ultra_ps_e_0/inst/PS8_i/MAXIGP1WVALID
                         net (fo=5, routed)           0.404     3.208    system_i/axi_smc/inst/s00_entry_pipeline/s00_mmu/inst/s_axi_wvalid
    SLICE_X3Y140         LUT4 (Prop_D5LUT_SLICEL_I0_O)
                                                      0.187     3.395 r  system_i/axi_smc/inst/s00_entry_pipeline/s00_mmu/inst/m_axi_wvalid_INST_0/O
                         net (fo=19, routed)          0.282     3.677    system_i/axi_smc/inst/s00_entry_pipeline/s00_si_converter/inst/converter.low_area_converter.low_area_wrap_inst/s_axi_wvalid
    SLICE_X4Y144         LUT6 (Prop_H6LUT_SLICEM_I5_O)
                                                      0.228     3.905 r  system_i/axi_smc/inst/s00_entry_pipeline/s00_si_converter/inst/converter.low_area_converter.low_area_wrap_inst/s_axi_wready_INST_0_i_5/O
                         net (fo=3, routed)           0.178     4.083    system_i/axi_smc/inst/s00_entry_pipeline/s00_si_converter/inst/converter.low_area_converter.low_area_wrap_inst/s_axi_wready_INST_0_i_5_n_0
    SLICE_X4Y140         LUT4 (Prop_F6LUT_SLICEM_I3_O)
                                                      0.080     4.163 r  system_i/axi_smc/inst/s00_entry_pipeline/s00_si_converter/inst/converter.low_area_converter.low_area_wrap_inst/s_axi_wready_INST_0_i_1/O
                         net (fo=12, routed)          0.227     4.390    system_i/axi_smc/inst/s00_entry_pipeline/s00_si_converter/inst/converter.low_area_converter.low_area_wrap_inst/null_write
    SLICE_X5Y138         LUT5 (Prop_H6LUT_SLICEM_I3_O)
                                                      0.138     4.528 f  system_i/axi_smc/inst/s00_entry_pipeline/s00_si_converter/inst/converter.low_area_converter.low_area_wrap_inst/m_axi_wvalid_INST_0/O
                         net (fo=3, routed)           0.206     4.734    system_i/axi_smc/inst/s00_nodes/s00_w_node/inst/inst_mi_handler/s_sc_send[0]
    SLICE_X9Y138         LUT2 (Prop_G5LUT_SLICEL_I0_O)
                                                      0.189     4.923 f  system_i/axi_smc/inst/s00_nodes/s00_w_node/inst/inst_mi_handler/m_sc_send[0]_INST_0/O
                         net (fo=1, routed)           0.182     5.105    system_i/axi_smc/inst/switchboards/i_nodes/i_w_node/inst/inst_si_handler/gen_si_handler.gen_request_fifos.gen_req_fifo[0].inst_req_fifo/gen_xpm_memory_fifo.inst_fifo/s_sc_send[0]
    SLICE_X9Y138         LUT5 (Prop_B6LUT_SLICEL_I0_O)
                                                      0.138     5.243 f  system_i/axi_smc/inst/switchboards/i_nodes/i_w_node/inst/inst_si_handler/gen_si_handler.gen_request_fifos.gen_req_fifo[0].inst_req_fifo/gen_xpm_memory_fifo.inst_fifo/s_axis_arb_tready_INST_0_i_1/O
                         net (fo=159, routed)         0.173     5.417    system_i/axi_smc/inst/switchboards/i_nodes/i_w_node/inst/inst_si_handler/gen_si_handler.gen_request_fifos.gen_req_fifo[0].inst_req_fifo/gen_xpm_memory_fifo.inst_fifo/gen_rd.fifo_empty_r_reg_0
    SLICE_X8Y137         LUT2 (Prop_E6LUT_SLICEM_I1_O)
                                                      0.083     5.500 f  system_i/axi_smc/inst/switchboards/i_nodes/i_w_node/inst/inst_si_handler/gen_si_handler.gen_request_fifos.gen_req_fifo[0].inst_req_fifo/gen_xpm_memory_fifo.inst_fifo/s_axis_arb_tready_INST_0/O
                         net (fo=10, routed)          0.364     5.864    system_i/axi_smc/inst/switchboards/i_nodes/i_aw_node/inst/inst_si_handler/gen_m_axis_arb_fifo.inst_axis_arb_fifo/m_axis_arb_tready
    SLICE_X9Y130         LUT5 (Prop_H5LUT_SLICEL_I1_O)
                                                      0.150     6.014 r  system_i/axi_smc/inst/switchboards/i_nodes/i_aw_node/inst/inst_si_handler/gen_m_axis_arb_fifo.inst_axis_arb_fifo/gen_pipelined.state[1]_i_2/O
                         net (fo=1, routed)           0.356     6.370    system_i/axi_smc/inst/switchboards/i_nodes/i_aw_node/inst/inst_si_handler/gen_m_axis_arb_fifo.inst_axis_arb_fifo/gen_pipelined.state[1]_i_2_n_0
    SLICE_X8Y130         FDRE                                         r  system_i/axi_smc/inst/switchboards/i_nodes/i_aw_node/inst/inst_si_handler/gen_m_axis_arb_fifo.inst_axis_arb_fifo/gen_pipelined.state_reg[1]/D
  -------------------------------------------------------------------    -------------------

                         (clock clk_pl_0 rise edge)
                                                     10.000    10.000 r  
    PS8_X0Y0             PS8                          0.000    10.000 r  system_i/zynq_ultra_ps_e_0/inst/PS8_i/PLCLK[0]
                         net (fo=1, routed)           0.181    10.181    system_i/zynq_ultra_ps_e_0/inst/pl_clk_unbuffered[0]
    BUFG_PS_X0Y80        BUFG_PS (Prop_BUFG_PS_I_O)
                                                      0.035    10.216 r  system_i/zynq_ultra_ps_e_0/inst/buffer_pl_clk_0.PL_CLK_0_BUFG/O
    X0Y1 (CLOCK_ROOT)    net (fo=3762, routed)        1.958    12.174    system_i/axi_smc/inst/switchboards/i_nodes/i_aw_node/inst/inst_si_handler/gen_m_axis_arb_fifo.inst_axis_arb_fifo/s_sc_aclk
    SLICE_X8Y130         FDRE                                         r  system_i/axi_smc/inst/switchboards/i_nodes/i_aw_node/inst/inst_si_handler/gen_m_axis_arb_fifo.inst_axis_arb_fifo/gen_pipelined.state_reg[1]/C
                         clock pessimism              0.176    12.350    
                         clock uncertainty           -0.160    12.190    
    SLICE_X8Y130         FDRE (Setup_HFF2_SLICEM_C_D)
                                                      0.046    12.236    system_i/axi_smc/inst/switchboards/i_nodes/i_aw_node/inst/inst_si_handler/gen_m_axis_arb_fifo.inst_axis_arb_fifo/gen_pipelined.state_reg[1]
  -------------------------------------------------------------------
                         required time                         12.236    
                         arrival time                          -6.370    
  -------------------------------------------------------------------
                         slack                                  5.866    

Slack (MET) :             5.954ns  (required time - arrival time)
  Source:                 system_i/zynq_ultra_ps_e_0/inst/PS8_i/MAXIGP1ACLK
                            (rising edge-triggered cell PS8 clocked by clk_pl_0  {rise@0.000ns fall@5.000ns period=10.000ns})
  Destination:            system_i/axi_smc/inst/switchboards/i_nodes/i_aw_node/inst/inst_si_handler/gen_m_axis_arb_fifo.inst_axis_arb_fifo/fifoaddr_reg[2]/D
                            (rising edge-triggered cell FDSE clocked by clk_pl_0  {rise@0.000ns fall@5.000ns period=10.000ns})
  Path Group:             clk_pl_0
  Path Type:              Setup (Max at Slow Process Corner)
  Requirement:            10.000ns  (clk_pl_0 rise@10.000ns - clk_pl_0 rise@0.000ns)
  Data Path Delay:        3.905ns  (logic 1.832ns (46.918%)  route 2.073ns (53.082%))
  Logic Levels:           9  (LUT2=2 LUT4=4 LUT5=2 LUT6=1)
  Clock Path Skew:        -0.025ns (DCD - SCD + CPR)
    Destination Clock Delay (DCD):    2.154ns = ( 12.154 - 10.000 ) 
    Source Clock Delay      (SCD):    2.355ns
    Clock Pessimism Removal (CPR):    0.176ns
  Clock Uncertainty:      0.160ns  ((TSJ^2 + DJ^2)^1/2) / 2 + PE
    Total System Jitter     (TSJ):    0.071ns
    Discrete Jitter          (DJ):    0.312ns
    Phase Error              (PE):    0.000ns
  Clock Net Delay (Source):      2.088ns (routing 1.045ns, distribution 1.043ns)
  Clock Net Delay (Destination): 1.938ns (routing 0.955ns, distribution 0.983ns)

    Location             Delay type                Incr(ns)  Path(ns)    Netlist Resource(s)
  -------------------------------------------------------------------    -------------------
                         (clock clk_pl_0 rise edge)
                                                      0.000     0.000 r  
    PS8_X0Y0             PS8                          0.000     0.000 r  system_i/zynq_ultra_ps_e_0/inst/PS8_i/PLCLK[0]
                         net (fo=1, routed)           0.229     0.229    system_i/zynq_ultra_ps_e_0/inst/pl_clk_unbuffered[0]
    BUFG_PS_X0Y80        BUFG_PS (Prop_BUFG_PS_I_O)
                                                      0.038     0.267 r  system_i/zynq_ultra_ps_e_0/inst/buffer_pl_clk_0.PL_CLK_0_BUFG/O
    X0Y1 (CLOCK_ROOT)    net (fo=3762, routed)        2.088     2.355    system_i/zynq_ultra_ps_e_0/inst/maxihpm1_fpd_aclk
    PS8_X0Y0             PS8                                          r  system_i/zynq_ultra_ps_e_0/inst/PS8_i/MAXIGP1ACLK
  -------------------------------------------------------------------    -------------------
    PS8_X0Y0             PS8 (Prop_PS8_MAXIGP1ACLK_MAXIGP1WVALID)
                                                      0.449     2.804 r  system_i/zynq_ultra_ps_e_0/inst/PS8_i/MAXIGP1WVALID
                         net (fo=5, routed)           0.404     3.208    system_i/axi_smc/inst/s00_entry_pipeline/s00_mmu/inst/s_axi_wvalid
    SLICE_X3Y140         LUT4 (Prop_D5LUT_SLICEL_I0_O)
                                                      0.187     3.395 r  system_i/axi_smc/inst/s00_entry_pipeline/s00_mmu/inst/m_axi_wvalid_INST_0/O
                         net (fo=19, routed)          0.282     3.677    system_i/axi_smc/inst/s00_entry_pipeline/s00_si_converter/inst/converter.low_area_converter.low_area_wrap_inst/s_axi_wvalid
    SLICE_X4Y144         LUT6 (Prop_H6LUT_SLICEM_I5_O)
                                                      0.228     3.905 r  system_i/axi_smc/inst/s00_entry_pipeline/s00_si_converter/inst/converter.low_area_converter.low_area_wrap_inst/s_axi_wready_INST_0_i_5/O
                         net (fo=3, routed)           0.178     4.083    system_i/axi_smc/inst/s00_entry_pipeline/s00_si_converter/inst/converter.low_area_converter.low_area_wrap_inst/s_axi_wready_INST_0_i_5_n_0
    SLICE_X4Y140         LUT4 (Prop_F6LUT_SLICEM_I3_O)
                                                      0.080     4.163 r  system_i/axi_smc/inst/s00_entry_pipeline/s00_si_converter/inst/converter.low_area_converter.low_area_wrap_inst/s_axi_wready_INST_0_i_1/O
                         net (fo=12, routed)          0.227     4.390    system_i/axi_smc/inst/s00_entry_pipeline/s00_si_converter/inst/converter.low_area_converter.low_area_wrap_inst/null_write
    SLICE_X5Y138         LUT5 (Prop_H6LUT_SLICEM_I3_O)
                                                      0.138     4.528 f  system_i/axi_smc/inst/s00_entry_pipeline/s00_si_converter/inst/converter.low_area_converter.low_area_wrap_inst/m_axi_wvalid_INST_0/O
                         net (fo=3, routed)           0.206     4.734    system_i/axi_smc/inst/s00_nodes/s00_w_node/inst/inst_mi_handler/s_sc_send[0]
    SLICE_X9Y138         LUT2 (Prop_G5LUT_SLICEL_I0_O)
                                                      0.189     4.923 f  system_i/axi_smc/inst/s00_nodes/s00_w_node/inst/inst_mi_handler/m_sc_send[0]_INST_0/O
                         net (fo=1, routed)           0.182     5.105    system_i/axi_smc/inst/switchboards/i_nodes/i_w_node/inst/inst_si_handler/gen_si_handler.gen_request_fifos.gen_req_fifo[0].inst_req_fifo/gen_xpm_memory_fifo.inst_fifo/s_sc_send[0]
    SLICE_X9Y138         LUT5 (Prop_B6LUT_SLICEL_I0_O)
                                                      0.138     5.243 f  system_i/axi_smc/inst/switchboards/i_nodes/i_w_node/inst/inst_si_handler/gen_si_handler.gen_request_fifos.gen_req_fifo[0].inst_req_fifo/gen_xpm_memory_fifo.inst_fifo/s_axis_arb_tready_INST_0_i_1/O
                         net (fo=159, routed)         0.173     5.417    system_i/axi_smc/inst/switchboards/i_nodes/i_w_node/inst/inst_si_handler/gen_si_handler.gen_request_fifos.gen_req_fifo[0].inst_req_fifo/gen_xpm_memory_fifo.inst_fifo/gen_rd.fifo_empty_r_reg_0
    SLICE_X8Y137         LUT2 (Prop_E6LUT_SLICEM_I1_O)
                                                      0.083     5.500 f  system_i/axi_smc/inst/switchboards/i_nodes/i_w_node/inst/inst_si_handler/gen_si_handler.gen_request_fifos.gen_req_fifo[0].inst_req_fifo/gen_xpm_memory_fifo.inst_fifo/s_axis_arb_tready_INST_0/O
                         net (fo=10, routed)          0.218     5.718    system_i/axi_smc/inst/switchboards/i_nodes/i_aw_node/inst/inst_si_handler/gen_m_axis_arb_fifo.inst_axis_arb_fifo/m_axis_arb_tready
    SLICE_X8Y131         LUT4 (Prop_H6LUT_SLICEM_I0_O)
                                                      0.189     5.907 r  system_i/axi_smc/inst/switchboards/i_nodes/i_aw_node/inst/inst_si_handler/gen_m_axis_arb_fifo.inst_axis_arb_fifo/fifoaddr[3]_i_3/O
                         net (fo=2, routed)           0.106     6.013    system_i/axi_smc/inst/switchboards/i_nodes/i_aw_node/inst/inst_si_handler/gen_m_axis_arb_fifo.inst_axis_arb_fifo/fifoaddr[3]_i_3_n_0
    SLICE_X8Y132         LUT4 (Prop_D6LUT_SLICEM_I0_O)
                                                      0.151     6.164 r  system_i/axi_smc/inst/switchboards/i_nodes/i_aw_node/inst/inst_si_handler/gen_m_axis_arb_fifo.inst_axis_arb_fifo/fifoaddr[2]_i_1/O
                         net (fo=1, routed)           0.096     6.260    system_i/axi_smc/inst/switchboards/i_nodes/i_aw_node/inst/inst_si_handler/gen_m_axis_arb_fifo.inst_axis_arb_fifo/fifoaddr[2]_i_1_n_0
    SLICE_X8Y132         FDSE                                         r  system_i/axi_smc/inst/switchboards/i_nodes/i_aw_node/inst/inst_si_handler/gen_m_axis_arb_fifo.inst_axis_arb_fifo/fifoaddr_reg[2]/D
  -------------------------------------------------------------------    -------------------

                         (clock clk_pl_0 rise edge)
                                                     10.000    10.000 r  
    PS8_X0Y0             PS8                          0.000    10.000 r  system_i/zynq_ultra_ps_e_0/inst/PS8_i/PLCLK[0]
                         net (fo=1, routed)           0.181    10.181    system_i/zynq_ultra_ps_e_0/inst/pl_clk_unbuffered[0]
    BUFG_PS_X0Y80        BUFG_PS (Prop_BUFG_PS_I_O)
                                                      0.035    10.216 r  system_i/zynq_ultra_ps_e_0/inst/buffer_pl_clk_0.PL_CLK_0_BUFG/O
    X0Y1 (CLOCK_ROOT)    net (fo=3762, routed)        1.938    12.154    system_i/axi_smc/inst/switchboards/i_nodes/i_aw_node/inst/inst_si_handler/gen_m_axis_arb_fifo.inst_axis_arb_fifo/s_sc_aclk
    SLICE_X8Y132         FDSE                                         r  system_i/axi_smc/inst/switchboards/i_nodes/i_aw_node/inst/inst_si_handler/gen_m_axis_arb_fifo.inst_axis_arb_fifo/fifoaddr_reg[2]/C
                         clock pessimism              0.176    12.330    
                         clock uncertainty           -0.160    12.170    
    SLICE_X8Y132         FDSE (Setup_DFF_SLICEM_C_D)
                                                      0.043    12.213    system_i/axi_smc/inst/switchboards/i_nodes/i_aw_node/inst/inst_si_handler/gen_m_axis_arb_fifo.inst_axis_arb_fifo/fifoaddr_reg[2]
  -------------------------------------------------------------------
                         required time                         12.213    
                         arrival time                          -6.260    
  -------------------------------------------------------------------
                         slack                                  5.954    

Slack (MET) :             5.983ns  (required time - arrival time)
  Source:                 system_i/zynq_ultra_ps_e_0/inst/PS8_i/MAXIGP1ACLK
                            (rising edge-triggered cell PS8 clocked by clk_pl_0  {rise@0.000ns fall@5.000ns period=10.000ns})
  Destination:            system_i/axi_smc/inst/switchboards/i_nodes/i_aw_node/inst/inst_si_handler/gen_m_axis_arb_fifo.inst_axis_arb_fifo/fifoaddr_afull_reg/D
                            (rising edge-triggered cell FDRE clocked by clk_pl_0  {rise@0.000ns fall@5.000ns period=10.000ns})
  Path Group:             clk_pl_0
  Path Type:              Setup (Max at Slow Process Corner)
  Requirement:            10.000ns  (clk_pl_0 rise@10.000ns - clk_pl_0 rise@0.000ns)
  Data Path Delay:        3.895ns  (logic 1.685ns (43.262%)  route 2.210ns (56.738%))
  Logic Levels:           9  (LUT2=2 LUT4=2 LUT5=2 LUT6=3)
  Clock Path Skew:        -0.005ns (DCD - SCD + CPR)
    Destination Clock Delay (DCD):    2.174ns = ( 12.174 - 10.000 ) 
    Source Clock Delay      (SCD):    2.355ns
    Clock Pessimism Removal (CPR):    0.176ns
  Clock Uncertainty:      0.160ns  ((TSJ^2 + DJ^2)^1/2) / 2 + PE
    Total System Jitter     (TSJ):    0.071ns
    Discrete Jitter          (DJ):    0.312ns
    Phase Error              (PE):    0.000ns
  Clock Net Delay (Source):      2.088ns (routing 1.045ns, distribution 1.043ns)
  Clock Net Delay (Destination): 1.958ns (routing 0.955ns, distribution 1.003ns)

    Location             Delay type                Incr(ns)  Path(ns)    Netlist Resource(s)
  -------------------------------------------------------------------    -------------------
                         (clock clk_pl_0 rise edge)
                                                      0.000     0.000 r  
    PS8_X0Y0             PS8                          0.000     0.000 r  system_i/zynq_ultra_ps_e_0/inst/PS8_i/PLCLK[0]
                         net (fo=1, routed)           0.229     0.229    system_i/zynq_ultra_ps_e_0/inst/pl_clk_unbuffered[0]
    BUFG_PS_X0Y80        BUFG_PS (Prop_BUFG_PS_I_O)
                                                      0.038     0.267 r  system_i/zynq_ultra_ps_e_0/inst/buffer_pl_clk_0.PL_CLK_0_BUFG/O
    X0Y1 (CLOCK_ROOT)    net (fo=3762, routed)        2.088     2.355    system_i/zynq_ultra_ps_e_0/inst/maxihpm1_fpd_aclk
    PS8_X0Y0             PS8                                          r  system_i/zynq_ultra_ps_e_0/inst/PS8_i/MAXIGP1ACLK
  -------------------------------------------------------------------    -------------------
    PS8_X0Y0             PS8 (Prop_PS8_MAXIGP1ACLK_MAXIGP1WVALID)
                                                      0.449     2.804 r  system_i/zynq_ultra_ps_e_0/inst/PS8_i/MAXIGP1WVALID
                         net (fo=5, routed)           0.404     3.208    system_i/axi_smc/inst/s00_entry_pipeline/s00_mmu/inst/s_axi_wvalid
    SLICE_X3Y140         LUT4 (Prop_D5LUT_SLICEL_I0_O)
                                                      0.187     3.395 r  system_i/axi_smc/inst/s00_entry_pipeline/s00_mmu/inst/m_axi_wvalid_INST_0/O
                         net (fo=19, routed)          0.282     3.677    system_i/axi_smc/inst/s00_entry_pipeline/s00_si_converter/inst/converter.low_area_converter.low_area_wrap_inst/s_axi_wvalid
    SLICE_X4Y144         LUT6 (Prop_H6LUT_SLICEM_I5_O)
                                                      0.228     3.905 r  system_i/axi_smc/inst/s00_entry_pipeline/s00_si_converter/inst/converter.low_area_converter.low_area_wrap_inst/s_axi_wready_INST_0_i_5/O
                         net (fo=3, routed)           0.178     4.083    system_i/axi_smc/inst/s00_entry_pipeline/s00_si_converter/inst/converter.low_area_converter.low_area_wrap_inst/s_axi_wready_INST_0_i_5_n_0
    SLICE_X4Y140         LUT4 (Prop_F6LUT_SLICEM_I3_O)
                                                      0.080     4.163 r  system_i/axi_smc/inst/s00_entry_pipeline/s00_si_converter/inst/converter.low_area_converter.low_area_wrap_inst/s_axi_wready_INST_0_i_1/O
                         net (fo=12, routed)          0.227     4.390    system_i/axi_smc/inst/s00_entry_pipeline/s00_si_converter/inst/converter.low_area_converter.low_area_wrap_inst/null_write
    SLICE_X5Y138         LUT5 (Prop_H6LUT_SLICEM_I3_O)
                                                      0.138     4.528 f  system_i/axi_smc/inst/s00_entry_pipeline/s00_si_converter/inst/converter.low_area_converter.low_area_wrap_inst/m_axi_wvalid_INST_0/O
                         net (fo=3, routed)           0.206     4.734    system_i/axi_smc/inst/s00_nodes/s00_w_node/inst/inst_mi_handler/s_sc_send[0]
    SLICE_X9Y138         LUT2 (Prop_G5LUT_SLICEL_I0_O)
                                                      0.189     4.923 f  system_i/axi_smc/inst/s00_nodes/s00_w_node/inst/inst_mi_handler/m_sc_send[0]_INST_0/O
                         net (fo=1, routed)           0.182     5.105    system_i/axi_smc/inst/switchboards/i_nodes/i_w_node/inst/inst_si_handler/gen_si_handler.gen_request_fifos.gen_req_fifo[0].inst_req_fifo/gen_xpm_memory_fifo.inst_fifo/s_sc_send[0]
    SLICE_X9Y138         LUT5 (Prop_B6LUT_SLICEL_I0_O)
                                                      0.138     5.243 f  system_i/axi_smc/inst/switchboards/i_nodes/i_w_node/inst/inst_si_handler/gen_si_handler.gen_request_fifos.gen_req_fifo[0].inst_req_fifo/gen_xpm_memory_fifo.inst_fifo/s_axis_arb_tready_INST_0_i_1/O
                         net (fo=159, routed)         0.173     5.417    system_i/axi_smc/inst/switchboards/i_nodes/i_w_node/inst/inst_si_handler/gen_si_handler.gen_request_fifos.gen_req_fifo[0].inst_req_fifo/gen_xpm_memory_fifo.inst_fifo/gen_rd.fifo_empty_r_reg_0
    SLICE_X8Y137         LUT2 (Prop_E6LUT_SLICEM_I1_O)
                                                      0.083     5.500 f  system_i/axi_smc/inst/switchboards/i_nodes/i_w_node/inst/inst_si_handler/gen_si_handler.gen_request_fifos.gen_req_fifo[0].inst_req_fifo/gen_xpm_memory_fifo.inst_fifo/s_axis_arb_tready_INST_0/O
                         net (fo=10, routed)          0.365     5.865    system_i/axi_smc/inst/switchboards/i_nodes/i_aw_node/inst/inst_si_handler/gen_m_axis_arb_fifo.inst_axis_arb_fifo/m_axis_arb_tready
    SLICE_X9Y130         LUT6 (Prop_A6LUT_SLICEL_I1_O)
                                                      0.137     6.002 f  system_i/axi_smc/inst/switchboards/i_nodes/i_aw_node/inst/inst_si_handler/gen_m_axis_arb_fifo.inst_axis_arb_fifo/fifoaddr_afull_i_3/O
                         net (fo=1, routed)           0.096     6.098    system_i/axi_smc/inst/switchboards/i_nodes/i_aw_node/inst/inst_si_handler/gen_m_axis_arb_fifo.inst_axis_arb_fifo/fifoaddr_afull_i_3_n_0
    SLICE_X8Y130         LUT6 (Prop_D6LUT_SLICEM_I4_O)
                                                      0.056     6.154 r  system_i/axi_smc/inst/switchboards/i_nodes/i_aw_node/inst/inst_si_handler/gen_m_axis_arb_fifo.inst_axis_arb_fifo/fifoaddr_afull_i_1/O
                         net (fo=1, routed)           0.096     6.250    system_i/axi_smc/inst/switchboards/i_nodes/i_aw_node/inst/inst_si_handler/gen_m_axis_arb_fifo.inst_axis_arb_fifo/fifoaddr_afull_i_1_n_0
    SLICE_X8Y130         FDRE                                         r  system_i/axi_smc/inst/switchboards/i_nodes/i_aw_node/inst/inst_si_handler/gen_m_axis_arb_fifo.inst_axis_arb_fifo/fifoaddr_afull_reg/D
  -------------------------------------------------------------------    -------------------

                         (clock clk_pl_0 rise edge)
                                                     10.000    10.000 r  
    PS8_X0Y0             PS8                          0.000    10.000 r  system_i/zynq_ultra_ps_e_0/inst/PS8_i/PLCLK[0]
                         net (fo=1, routed)           0.181    10.181    system_i/zynq_ultra_ps_e_0/inst/pl_clk_unbuffered[0]
    BUFG_PS_X0Y80        BUFG_PS (Prop_BUFG_PS_I_O)
                                                      0.035    10.216 r  system_i/zynq_ultra_ps_e_0/inst/buffer_pl_clk_0.PL_CLK_0_BUFG/O
    X0Y1 (CLOCK_ROOT)    net (fo=3762, routed)        1.958    12.174    system_i/axi_smc/inst/switchboards/i_nodes/i_aw_node/inst/inst_si_handler/gen_m_axis_arb_fifo.inst_axis_arb_fifo/s_sc_aclk
    SLICE_X8Y130         FDRE                                         r  system_i/axi_smc/inst/switchboards/i_nodes/i_aw_node/inst/inst_si_handler/gen_m_axis_arb_fifo.inst_axis_arb_fifo/fifoaddr_afull_reg/C
                         clock pessimism              0.176    12.350    
                         clock uncertainty           -0.160    12.190    
    SLICE_X8Y130         FDRE (Setup_DFF_SLICEM_C_D)
                                                      0.043    12.233    system_i/axi_smc/inst/switchboards/i_nodes/i_aw_node/inst/inst_si_handler/gen_m_axis_arb_fifo.inst_axis_arb_fifo/fifoaddr_afull_reg
  -------------------------------------------------------------------
                         required time                         12.233    
                         arrival time                          -6.250    
  -------------------------------------------------------------------
                         slack                                  5.983    

Slack (MET) :             6.008ns  (required time - arrival time)
  Source:                 system_i/zynq_ultra_ps_e_0/inst/PS8_i/MAXIGP1ACLK
                            (rising edge-triggered cell PS8 clocked by clk_pl_0  {rise@0.000ns fall@5.000ns period=10.000ns})
  Destination:            system_i/axi_smc/inst/switchboards/i_nodes/i_aw_node/inst/inst_si_handler/gen_m_axis_arb_fifo.inst_axis_arb_fifo/fifoaddr_reg[3]/D
                            (rising edge-triggered cell FDSE clocked by clk_pl_0  {rise@0.000ns fall@5.000ns period=10.000ns})
  Path Group:             clk_pl_0
  Path Type:              Setup (Max at Slow Process Corner)
  Requirement:            10.000ns  (clk_pl_0 rise@10.000ns - clk_pl_0 rise@0.000ns)
  Data Path Delay:        3.853ns  (logic 1.835ns (47.629%)  route 2.018ns (52.371%))
  Logic Levels:           9  (LUT2=2 LUT4=3 LUT5=3 LUT6=1)
  Clock Path Skew:        -0.025ns (DCD - SCD + CPR)
    Destination Clock Delay (DCD):    2.154ns = ( 12.154 - 10.000 ) 
    Source Clock Delay      (SCD):    2.355ns
    Clock Pessimism Removal (CPR):    0.176ns
  Clock Uncertainty:      0.160ns  ((TSJ^2 + DJ^2)^1/2) / 2 + PE
    Total System Jitter     (TSJ):    0.071ns
    Discrete Jitter          (DJ):    0.312ns
    Phase Error              (PE):    0.000ns
  Clock Net Delay (Source):      2.088ns (routing 1.045ns, distribution 1.043ns)
  Clock Net Delay (Destination): 1.938ns (routing 0.955ns, distribution 0.983ns)

    Location             Delay type                Incr(ns)  Path(ns)    Netlist Resource(s)
  -------------------------------------------------------------------    -------------------
                         (clock clk_pl_0 rise edge)
                                                      0.000     0.000 r  
    PS8_X0Y0             PS8                          0.000     0.000 r  system_i/zynq_ultra_ps_e_0/inst/PS8_i/PLCLK[0]
                         net (fo=1, routed)           0.229     0.229    system_i/zynq_ultra_ps_e_0/inst/pl_clk_unbuffered[0]
    BUFG_PS_X0Y80        BUFG_PS (Prop_BUFG_PS_I_O)
                                                      0.038     0.267 r  system_i/zynq_ultra_ps_e_0/inst/buffer_pl_clk_0.PL_CLK_0_BUFG/O
    X0Y1 (CLOCK_ROOT)    net (fo=3762, routed)        2.088     2.355    system_i/zynq_ultra_ps_e_0/inst/maxihpm1_fpd_aclk
    PS8_X0Y0             PS8                                          r  system_i/zynq_ultra_ps_e_0/inst/PS8_i/MAXIGP1ACLK
  -------------------------------------------------------------------    -------------------
    PS8_X0Y0             PS8 (Prop_PS8_MAXIGP1ACLK_MAXIGP1WVALID)
                                                      0.449     2.804 r  system_i/zynq_ultra_ps_e_0/inst/PS8_i/MAXIGP1WVALID
                         net (fo=5, routed)           0.404     3.208    system_i/axi_smc/inst/s00_entry_pipeline/s00_mmu/inst/s_axi_wvalid
    SLICE_X3Y140         LUT4 (Prop_D5LUT_SLICEL_I0_O)
                                                      0.187     3.395 r  system_i/axi_smc/inst/s00_entry_pipeline/s00_mmu/inst/m_axi_wvalid_INST_0/O
                         net (fo=19, routed)          0.282     3.677    system_i/axi_smc/inst/s00_entry_pipeline/s00_si_converter/inst/converter.low_area_converter.low_area_wrap_inst/s_axi_wvalid
    SLICE_X4Y144         LUT6 (Prop_H6LUT_SLICEM_I5_O)
                                                      0.228     3.905 r  system_i/axi_smc/inst/s00_entry_pipeline/s00_si_converter/inst/converter.low_area_converter.low_area_wrap_inst/s_axi_wready_INST_0_i_5/O
                         net (fo=3, routed)           0.178     4.083    system_i/axi_smc/inst/s00_entry_pipeline/s00_si_converter/inst/converter.low_area_converter.low_area_wrap_inst/s_axi_wready_INST_0_i_5_n_0
    SLICE_X4Y140         LUT4 (Prop_F6LUT_SLICEM_I3_O)
                                                      0.080     4.163 r  system_i/axi_smc/inst/s00_entry_pipeline/s00_si_converter/inst/converter.low_area_converter.low_area_wrap_inst/s_axi_wready_INST_0_i_1/O
                         net (fo=12, routed)          0.227     4.390    system_i/axi_smc/inst/s00_entry_pipeline/s00_si_converter/inst/converter.low_area_converter.low_area_wrap_inst/null_write
    SLICE_X5Y138         LUT5 (Prop_H6LUT_SLICEM_I3_O)
                                                      0.138     4.528 f  system_i/axi_smc/inst/s00_entry_pipeline/s00_si_converter/inst/converter.low_area_converter.low_area_wrap_inst/m_axi_wvalid_INST_0/O
                         net (fo=3, routed)           0.206     4.734    system_i/axi_smc/inst/s00_nodes/s00_w_node/inst/inst_mi_handler/s_sc_send[0]
    SLICE_X9Y138         LUT2 (Prop_G5LUT_SLICEL_I0_O)
                                                      0.189     4.923 f  system_i/axi_smc/inst/s00_nodes/s00_w_node/inst/inst_mi_handler/m_sc_send[0]_INST_0/O
                         net (fo=1, routed)           0.182     5.105    system_i/axi_smc/inst/switchboards/i_nodes/i_w_node/inst/inst_si_handler/gen_si_handler.gen_request_fifos.gen_req_fifo[0].inst_req_fifo/gen_xpm_memory_fifo.inst_fifo/s_sc_send[0]
    SLICE_X9Y138         LUT5 (Prop_B6LUT_SLICEL_I0_O)
                                                      0.138     5.243 f  system_i/axi_smc/inst/switchboards/i_nodes/i_w_node/inst/inst_si_handler/gen_si_handler.gen_request_fifos.gen_req_fifo[0].inst_req_fifo/gen_xpm_memory_fifo.inst_fifo/s_axis_arb_tready_INST_0_i_1/O
                         net (fo=159, routed)         0.173     5.417    system_i/axi_smc/inst/switchboards/i_nodes/i_w_node/inst/inst_si_handler/gen_si_handler.gen_request_fifos.gen_req_fifo[0].inst_req_fifo/gen_xpm_memory_fifo.inst_fifo/gen_rd.fifo_empty_r_reg_0
    SLICE_X8Y137         LUT2 (Prop_E6LUT_SLICEM_I1_O)
                                                      0.083     5.500 f  system_i/axi_smc/inst/switchboards/i_nodes/i_w_node/inst/inst_si_handler/gen_si_handler.gen_request_fifos.gen_req_fifo[0].inst_req_fifo/gen_xpm_memory_fifo.inst_fifo/s_axis_arb_tready_INST_0/O
                         net (fo=10, routed)          0.218     5.718    system_i/axi_smc/inst/switchboards/i_nodes/i_aw_node/inst/inst_si_handler/gen_m_axis_arb_fifo.inst_axis_arb_fifo/m_axis_arb_tready
    SLICE_X8Y131         LUT4 (Prop_H6LUT_SLICEM_I0_O)
                                                      0.189     5.907 r  system_i/axi_smc/inst/switchboards/i_nodes/i_aw_node/inst/inst_si_handler/gen_m_axis_arb_fifo.inst_axis_arb_fifo/fifoaddr[3]_i_3/O
                         net (fo=2, routed)           0.106     6.013    system_i/axi_smc/inst/switchboards/i_nodes/i_aw_node/inst/inst_si_handler/gen_m_axis_arb_fifo.inst_axis_arb_fifo/fifoaddr[3]_i_3_n_0
    SLICE_X8Y132         LUT5 (Prop_D5LUT_SLICEM_I0_O)
                                                      0.154     6.167 r  system_i/axi_smc/inst/switchboards/i_nodes/i_aw_node/inst/inst_si_handler/gen_m_axis_arb_fifo.inst_axis_arb_fifo/fifoaddr[3]_i_2/O
                         net (fo=1, routed)           0.041     6.208    system_i/axi_smc/inst/switchboards/i_nodes/i_aw_node/inst/inst_si_handler/gen_m_axis_arb_fifo.inst_axis_arb_fifo/fifoaddr[3]_i_2_n_0
    SLICE_X8Y132         FDSE                                         r  system_i/axi_smc/inst/switchboards/i_nodes/i_aw_node/inst/inst_si_handler/gen_m_axis_arb_fifo.inst_axis_arb_fifo/fifoaddr_reg[3]/D
  -------------------------------------------------------------------    -------------------

                         (clock clk_pl_0 rise edge)
                                                     10.000    10.000 r  
    PS8_X0Y0             PS8                          0.000    10.000 r  system_i/zynq_ultra_ps_e_0/inst/PS8_i/PLCLK[0]
                         net (fo=1, routed)           0.181    10.181    system_i/zynq_ultra_ps_e_0/inst/pl_clk_unbuffered[0]
    BUFG_PS_X0Y80        BUFG_PS (Prop_BUFG_PS_I_O)
                                                      0.035    10.216 r  system_i/zynq_ultra_ps_e_0/inst/buffer_pl_clk_0.PL_CLK_0_BUFG/O
    X0Y1 (CLOCK_ROOT)    net (fo=3762, routed)        1.938    12.154    system_i/axi_smc/inst/switchboards/i_nodes/i_aw_node/inst/inst_si_handler/gen_m_axis_arb_fifo.inst_axis_arb_fifo/s_sc_aclk
    SLICE_X8Y132         FDSE                                         r  system_i/axi_smc/inst/switchboards/i_nodes/i_aw_node/inst/inst_si_handler/gen_m_axis_arb_fifo.inst_axis_arb_fifo/fifoaddr_reg[3]/C
                         clock pessimism              0.176    12.330    
                         clock uncertainty           -0.160    12.170    
    SLICE_X8Y132         FDSE (Setup_DFF2_SLICEM_C_D)
                                                      0.045    12.215    system_i/axi_smc/inst/switchboards/i_nodes/i_aw_node/inst/inst_si_handler/gen_m_axis_arb_fifo.inst_axis_arb_fifo/fifoaddr_reg[3]
  -------------------------------------------------------------------
                         required time                         12.215    
                         arrival time                          -6.208    
  -------------------------------------------------------------------
                         slack                                  6.008    

Slack (MET) :             6.016ns  (required time - arrival time)
  Source:                 system_i/zynq_ultra_ps_e_0/inst/PS8_i/MAXIGP1ACLK
                            (rising edge-triggered cell PS8 clocked by clk_pl_0  {rise@0.000ns fall@5.000ns period=10.000ns})
  Destination:            system_i/axi_smc/inst/switchboards/i_nodes/i_w_node/inst/inst_mi_handler/gen_normal_area.inst_fifo_node_payld/gen_reg_fifo.inst_reg_fifo/gen_single_rank.data_reg[108]/CE
                            (rising edge-triggered cell FDRE clocked by clk_pl_0  {rise@0.000ns fall@5.000ns period=10.000ns})
  Path Group:             clk_pl_0
  Path Type:              Setup (Max at Slow Process Corner)
  Requirement:            10.000ns  (clk_pl_0 rise@10.000ns - clk_pl_0 rise@0.000ns)
  Data Path Delay:        3.710ns  (logic 1.409ns (37.978%)  route 2.301ns (62.022%))
  Logic Levels:           6  (LUT2=1 LUT4=2 LUT5=2 LUT6=1)
  Clock Path Skew:        -0.035ns (DCD - SCD + CPR)
    Destination Clock Delay (DCD):    2.144ns = ( 12.144 - 10.000 ) 
    Source Clock Delay      (SCD):    2.355ns
    Clock Pessimism Removal (CPR):    0.176ns
  Clock Uncertainty:      0.160ns  ((TSJ^2 + DJ^2)^1/2) / 2 + PE
    Total System Jitter     (TSJ):    0.071ns
    Discrete Jitter          (DJ):    0.312ns
    Phase Error              (PE):    0.000ns
  Clock Net Delay (Source):      2.088ns (routing 1.045ns, distribution 1.043ns)
  Clock Net Delay (Destination): 1.928ns (routing 0.955ns, distribution 0.973ns)

    Location             Delay type                Incr(ns)  Path(ns)    Netlist Resource(s)
  -------------------------------------------------------------------    -------------------
                         (clock clk_pl_0 rise edge)
                                                      0.000     0.000 r  
    PS8_X0Y0             PS8                          0.000     0.000 r  system_i/zynq_ultra_ps_e_0/inst/PS8_i/PLCLK[0]
                         net (fo=1, routed)           0.229     0.229    system_i/zynq_ultra_ps_e_0/inst/pl_clk_unbuffered[0]
    BUFG_PS_X0Y80        BUFG_PS (Prop_BUFG_PS_I_O)
                                                      0.038     0.267 r  system_i/zynq_ultra_ps_e_0/inst/buffer_pl_clk_0.PL_CLK_0_BUFG/O
    X0Y1 (CLOCK_ROOT)    net (fo=3762, routed)        2.088     2.355    system_i/zynq_ultra_ps_e_0/inst/maxihpm1_fpd_aclk
    PS8_X0Y0             PS8                                          r  system_i/zynq_ultra_ps_e_0/inst/PS8_i/MAXIGP1ACLK
  -------------------------------------------------------------------    -------------------
    PS8_X0Y0             PS8 (Prop_PS8_MAXIGP1ACLK_MAXIGP1WVALID)
                                                      0.449     2.804 f  system_i/zynq_ultra_ps_e_0/inst/PS8_i/MAXIGP1WVALID
                         net (fo=5, routed)           0.404     3.208    system_i/axi_smc/inst/s00_entry_pipeline/s00_mmu/inst/s_axi_wvalid
    SLICE_X3Y140         LUT4 (Prop_D5LUT_SLICEL_I0_O)
                                                      0.187     3.395 f  system_i/axi_smc/inst/s00_entry_pipeline/s00_mmu/inst/m_axi_wvalid_INST_0/O
                         net (fo=19, routed)          0.282     3.677    system_i/axi_smc/inst/s00_entry_pipeline/s00_si_converter/inst/converter.low_area_converter.low_area_wrap_inst/s_axi_wvalid
    SLICE_X4Y144         LUT6 (Prop_H6LUT_SLICEM_I5_O)
                                                      0.228     3.905 f  system_i/axi_smc/inst/s00_entry_pipeline/s00_si_converter/inst/converter.low_area_converter.low_area_wrap_inst/s_axi_wready_INST_0_i_5/O
                         net (fo=3, routed)           0.178     4.083    system_i/axi_smc/inst/s00_entry_pipeline/s00_si_converter/inst/converter.low_area_converter.low_area_wrap_inst/s_axi_wready_INST_0_i_5_n_0
    SLICE_X4Y140         LUT4 (Prop_F6LUT_SLICEM_I3_O)
                                                      0.080     4.163 f  system_i/axi_smc/inst/s00_entry_pipeline/s00_si_converter/inst/converter.low_area_converter.low_area_wrap_inst/s_axi_wready_INST_0_i_1/O
                         net (fo=12, routed)          0.227     4.390    system_i/axi_smc/inst/s00_entry_pipeline/s00_si_converter/inst/converter.low_area_converter.low_area_wrap_inst/null_write
    SLICE_X5Y138         LUT5 (Prop_H6LUT_SLICEM_I3_O)
                                                      0.138     4.528 r  system_i/axi_smc/inst/s00_entry_pipeline/s00_si_converter/inst/converter.low_area_converter.low_area_wrap_inst/m_axi_wvalid_INST_0/O
                         net (fo=3, routed)           0.206     4.734    system_i/axi_smc/inst/s00_nodes/s00_w_node/inst/inst_mi_handler/s_sc_send[0]
    SLICE_X9Y138         LUT2 (Prop_G5LUT_SLICEL_I0_O)
                                                      0.189     4.923 r  system_i/axi_smc/inst/s00_nodes/s00_w_node/inst/inst_mi_handler/m_sc_send[0]_INST_0/O
                         net (fo=1, routed)           0.182     5.105    system_i/axi_smc/inst/switchboards/i_nodes/i_w_node/inst/inst_si_handler/gen_si_handler.gen_request_fifos.gen_req_fifo[0].inst_req_fifo/gen_xpm_memory_fifo.inst_fifo/s_sc_send[0]
    SLICE_X9Y138         LUT5 (Prop_B6LUT_SLICEL_I0_O)
                                                      0.138     5.243 r  system_i/axi_smc/inst/switchboards/i_nodes/i_w_node/inst/inst_si_handler/gen_si_handler.gen_request_fifos.gen_req_fifo[0].inst_req_fifo/gen_xpm_memory_fifo.inst_fifo/s_axis_arb_tready_INST_0_i_1/O
                         net (fo=159, routed)         0.822     6.065    system_i/axi_smc/inst/switchboards/i_nodes/i_w_node/inst/inst_mi_handler/gen_normal_area.inst_fifo_node_payld/gen_reg_fifo.inst_reg_fifo/s_sc_valid
    SLICE_X3Y145         FDRE                                         r  system_i/axi_smc/inst/switchboards/i_nodes/i_w_node/inst/inst_mi_handler/gen_normal_area.inst_fifo_node_payld/gen_reg_fifo.inst_reg_fifo/gen_single_rank.data_reg[108]/CE
  -------------------------------------------------------------------    -------------------

                         (clock clk_pl_0 rise edge)
                                                     10.000    10.000 r  
    PS8_X0Y0             PS8                          0.000    10.000 r  system_i/zynq_ultra_ps_e_0/inst/PS8_i/PLCLK[0]
                         net (fo=1, routed)           0.181    10.181    system_i/zynq_ultra_ps_e_0/inst/pl_clk_unbuffered[0]
    BUFG_PS_X0Y80        BUFG_PS (Prop_BUFG_PS_I_O)
                                                      0.035    10.216 r  system_i/zynq_ultra_ps_e_0/inst/buffer_pl_clk_0.PL_CLK_0_BUFG/O
    X0Y1 (CLOCK_ROOT)    net (fo=3762, routed)        1.928    12.144    system_i/axi_smc/inst/switchboards/i_nodes/i_w_node/inst/inst_mi_handler/gen_normal_area.inst_fifo_node_payld/gen_reg_fifo.inst_reg_fifo/s_sc_aclk
    SLICE_X3Y145         FDRE                                         r  system_i/axi_smc/inst/switchboards/i_nodes/i_w_node/inst/inst_mi_handler/gen_normal_area.inst_fifo_node_payld/gen_reg_fifo.inst_reg_fifo/gen_single_rank.data_reg[108]/C
                         clock pessimism              0.176    12.320    
                         clock uncertainty           -0.160    12.160    
    SLICE_X3Y145         FDRE (Setup_DFF_SLICEL_C_CE)
                                                     -0.079    12.081    system_i/axi_smc/inst/switchboards/i_nodes/i_w_node/inst/inst_mi_handler/gen_normal_area.inst_fifo_node_payld/gen_reg_fifo.inst_reg_fifo/gen_single_rank.data_reg[108]
  -------------------------------------------------------------------
                         required time                         12.081    
                         arrival time                          -6.065    
  -------------------------------------------------------------------
                         slack                                  6.016    

Slack (MET) :             6.016ns  (required time - arrival time)
  Source:                 system_i/zynq_ultra_ps_e_0/inst/PS8_i/MAXIGP1ACLK
                            (rising edge-triggered cell PS8 clocked by clk_pl_0  {rise@0.000ns fall@5.000ns period=10.000ns})
  Destination:            system_i/axi_smc/inst/switchboards/i_nodes/i_w_node/inst/inst_mi_handler/gen_normal_area.inst_fifo_node_payld/gen_reg_fifo.inst_reg_fifo/gen_single_rank.data_reg[144]/CE
                            (rising edge-triggered cell FDRE clocked by clk_pl_0  {rise@0.000ns fall@5.000ns period=10.000ns})
  Path Group:             clk_pl_0
  Path Type:              Setup (Max at Slow Process Corner)
  Requirement:            10.000ns  (clk_pl_0 rise@10.000ns - clk_pl_0 rise@0.000ns)
  Data Path Delay:        3.710ns  (logic 1.409ns (37.978%)  route 2.301ns (62.022%))
  Logic Levels:           6  (LUT2=1 LUT4=2 LUT5=2 LUT6=1)
  Clock Path Skew:        -0.035ns (DCD - SCD + CPR)
    Destination Clock Delay (DCD):    2.144ns = ( 12.144 - 10.000 ) 
    Source Clock Delay      (SCD):    2.355ns
    Clock Pessimism Removal (CPR):    0.176ns
  Clock Uncertainty:      0.160ns  ((TSJ^2 + DJ^2)^1/2) / 2 + PE
    Total System Jitter     (TSJ):    0.071ns
    Discrete Jitter          (DJ):    0.312ns
    Phase Error              (PE):    0.000ns
  Clock Net Delay (Source):      2.088ns (routing 1.045ns, distribution 1.043ns)
  Clock Net Delay (Destination): 1.928ns (routing 0.955ns, distribution 0.973ns)

    Location             Delay type                Incr(ns)  Path(ns)    Netlist Resource(s)
  -------------------------------------------------------------------    -------------------
                         (clock clk_pl_0 rise edge)
                                                      0.000     0.000 r  
    PS8_X0Y0             PS8                          0.000     0.000 r  system_i/zynq_ultra_ps_e_0/inst/PS8_i/PLCLK[0]
                         net (fo=1, routed)           0.229     0.229    system_i/zynq_ultra_ps_e_0/inst/pl_clk_unbuffered[0]
    BUFG_PS_X0Y80        BUFG_PS (Prop_BUFG_PS_I_O)
                                                      0.038     0.267 r  system_i/zynq_ultra_ps_e_0/inst/buffer_pl_clk_0.PL_CLK_0_BUFG/O
    X0Y1 (CLOCK_ROOT)    net (fo=3762, routed)        2.088     2.355    system_i/zynq_ultra_ps_e_0/inst/maxihpm1_fpd_aclk
    PS8_X0Y0             PS8                                          r  system_i/zynq_ultra_ps_e_0/inst/PS8_i/MAXIGP1ACLK
  -------------------------------------------------------------------    -------------------
    PS8_X0Y0             PS8 (Prop_PS8_MAXIGP1ACLK_MAXIGP1WVALID)
                                                      0.449     2.804 f  system_i/zynq_ultra_ps_e_0/inst/PS8_i/MAXIGP1WVALID
                         net (fo=5, routed)           0.404     3.208    system_i/axi_smc/inst/s00_entry_pipeline/s00_mmu/inst/s_axi_wvalid
    SLICE_X3Y140         LUT4 (Prop_D5LUT_SLICEL_I0_O)
                                                      0.187     3.395 f  system_i/axi_smc/inst/s00_entry_pipeline/s00_mmu/inst/m_axi_wvalid_INST_0/O
                         net (fo=19, routed)          0.282     3.677    system_i/axi_smc/inst/s00_entry_pipeline/s00_si_converter/inst/converter.low_area_converter.low_area_wrap_inst/s_axi_wvalid
    SLICE_X4Y144         LUT6 (Prop_H6LUT_SLICEM_I5_O)
                                                      0.228     3.905 f  system_i/axi_smc/inst/s00_entry_pipeline/s00_si_converter/inst/converter.low_area_converter.low_area_wrap_inst/s_axi_wready_INST_0_i_5/O
                         net (fo=3, routed)           0.178     4.083    system_i/axi_smc/inst/s00_entry_pipeline/s00_si_converter/inst/converter.low_area_converter.low_area_wrap_inst/s_axi_wready_INST_0_i_5_n_0
    SLICE_X4Y140         LUT4 (Prop_F6LUT_SLICEM_I3_O)
                                                      0.080     4.163 f  system_i/axi_smc/inst/s00_entry_pipeline/s00_si_converter/inst/converter.low_area_converter.low_area_wrap_inst/s_axi_wready_INST_0_i_1/O
                         net (fo=12, routed)          0.227     4.390    system_i/axi_smc/inst/s00_entry_pipeline/s00_si_converter/inst/converter.low_area_converter.low_area_wrap_inst/null_write
    SLICE_X5Y138         LUT5 (Prop_H6LUT_SLICEM_I3_O)
                                                      0.138     4.528 r  system_i/axi_smc/inst/s00_entry_pipeline/s00_si_converter/inst/converter.low_area_converter.low_area_wrap_inst/m_axi_wvalid_INST_0/O
                         net (fo=3, routed)           0.206     4.734    system_i/axi_smc/inst/s00_nodes/s00_w_node/inst/inst_mi_handler/s_sc_send[0]
    SLICE_X9Y138         LUT2 (Prop_G5LUT_SLICEL_I0_O)
                                                      0.189     4.923 r  system_i/axi_smc/inst/s00_nodes/s00_w_node/inst/inst_mi_handler/m_sc_send[0]_INST_0/O
                         net (fo=1, routed)           0.182     5.105    system_i/axi_smc/inst/switchboards/i_nodes/i_w_node/inst/inst_si_handler/gen_si_handler.gen_request_fifos.gen_req_fifo[0].inst_req_fifo/gen_xpm_memory_fifo.inst_fifo/s_sc_send[0]
    SLICE_X9Y138         LUT5 (Prop_B6LUT_SLICEL_I0_O)
                                                      0.138     5.243 r  system_i/axi_smc/inst/switchboards/i_nodes/i_w_node/inst/inst_si_handler/gen_si_handler.gen_request_fifos.gen_req_fifo[0].inst_req_fifo/gen_xpm_memory_fifo.inst_fifo/s_axis_arb_tready_INST_0_i_1/O
                         net (fo=159, routed)         0.822     6.065    system_i/axi_smc/inst/switchboards/i_nodes/i_w_node/inst/inst_mi_handler/gen_normal_area.inst_fifo_node_payld/gen_reg_fifo.inst_reg_fifo/s_sc_valid
    SLICE_X3Y145         FDRE                                         r  system_i/axi_smc/inst/switchboards/i_nodes/i_w_node/inst/inst_mi_handler/gen_normal_area.inst_fifo_node_payld/gen_reg_fifo.inst_reg_fifo/gen_single_rank.data_reg[144]/CE
  -------------------------------------------------------------------    -------------------

                         (clock clk_pl_0 rise edge)
                                                     10.000    10.000 r  
    PS8_X0Y0             PS8                          0.000    10.000 r  system_i/zynq_ultra_ps_e_0/inst/PS8_i/PLCLK[0]
                         net (fo=1, routed)           0.181    10.181    system_i/zynq_ultra_ps_e_0/inst/pl_clk_unbuffered[0]
    BUFG_PS_X0Y80        BUFG_PS (Prop_BUFG_PS_I_O)
                                                      0.035    10.216 r  system_i/zynq_ultra_ps_e_0/inst/buffer_pl_clk_0.PL_CLK_0_BUFG/O
    X0Y1 (CLOCK_ROOT)    net (fo=3762, routed)        1.928    12.144    system_i/axi_smc/inst/switchboards/i_nodes/i_w_node/inst/inst_mi_handler/gen_normal_area.inst_fifo_node_payld/gen_reg_fifo.inst_reg_fifo/s_sc_aclk
    SLICE_X3Y145         FDRE                                         r  system_i/axi_smc/inst/switchboards/i_nodes/i_w_node/inst/inst_mi_handler/gen_normal_area.inst_fifo_node_payld/gen_reg_fifo.inst_reg_fifo/gen_single_rank.data_reg[144]/C
                         clock pessimism              0.176    12.320    
                         clock uncertainty           -0.160    12.160    
    SLICE_X3Y145         FDRE (Setup_CFF_SLICEL_C_CE)
                                                     -0.079    12.081    system_i/axi_smc/inst/switchboards/i_nodes/i_w_node/inst/inst_mi_handler/gen_normal_area.inst_fifo_node_payld/gen_reg_fifo.inst_reg_fifo/gen_single_rank.data_reg[144]
  -------------------------------------------------------------------
                         required time                         12.081    
                         arrival time                          -6.065    
  -------------------------------------------------------------------
                         slack                                  6.016    

Slack (MET) :             6.016ns  (required time - arrival time)
  Source:                 system_i/zynq_ultra_ps_e_0/inst/PS8_i/MAXIGP1ACLK
                            (rising edge-triggered cell PS8 clocked by clk_pl_0  {rise@0.000ns fall@5.000ns period=10.000ns})
  Destination:            system_i/axi_smc/inst/switchboards/i_nodes/i_w_node/inst/inst_mi_handler/gen_normal_area.inst_fifo_node_payld/gen_reg_fifo.inst_reg_fifo/gen_single_rank.data_reg[36]/CE
                            (rising edge-triggered cell FDRE clocked by clk_pl_0  {rise@0.000ns fall@5.000ns period=10.000ns})
  Path Group:             clk_pl_0
  Path Type:              Setup (Max at Slow Process Corner)
  Requirement:            10.000ns  (clk_pl_0 rise@10.000ns - clk_pl_0 rise@0.000ns)
  Data Path Delay:        3.710ns  (logic 1.409ns (37.978%)  route 2.301ns (62.022%))
  Logic Levels:           6  (LUT2=1 LUT4=2 LUT5=2 LUT6=1)
  Clock Path Skew:        -0.035ns (DCD - SCD + CPR)
    Destination Clock Delay (DCD):    2.144ns = ( 12.144 - 10.000 ) 
    Source Clock Delay      (SCD):    2.355ns
    Clock Pessimism Removal (CPR):    0.176ns
  Clock Uncertainty:      0.160ns  ((TSJ^2 + DJ^2)^1/2) / 2 + PE
    Total System Jitter     (TSJ):    0.071ns
    Discrete Jitter          (DJ):    0.312ns
    Phase Error              (PE):    0.000ns
  Clock Net Delay (Source):      2.088ns (routing 1.045ns, distribution 1.043ns)
  Clock Net Delay (Destination): 1.928ns (routing 0.955ns, distribution 0.973ns)

    Location             Delay type                Incr(ns)  Path(ns)    Netlist Resource(s)
  -------------------------------------------------------------------    -------------------
                         (clock clk_pl_0 rise edge)
                                                      0.000     0.000 r  
    PS8_X0Y0             PS8                          0.000     0.000 r  system_i/zynq_ultra_ps_e_0/inst/PS8_i/PLCLK[0]
                         net (fo=1, routed)           0.229     0.229    system_i/zynq_ultra_ps_e_0/inst/pl_clk_unbuffered[0]
    BUFG_PS_X0Y80        BUFG_PS (Prop_BUFG_PS_I_O)
                                                      0.038     0.267 r  system_i/zynq_ultra_ps_e_0/inst/buffer_pl_clk_0.PL_CLK_0_BUFG/O
    X0Y1 (CLOCK_ROOT)    net (fo=3762, routed)        2.088     2.355    system_i/zynq_ultra_ps_e_0/inst/maxihpm1_fpd_aclk
    PS8_X0Y0             PS8                                          r  system_i/zynq_ultra_ps_e_0/inst/PS8_i/MAXIGP1ACLK
  -------------------------------------------------------------------    -------------------
    PS8_X0Y0             PS8 (Prop_PS8_MAXIGP1ACLK_MAXIGP1WVALID)
                                                      0.449     2.804 f  system_i/zynq_ultra_ps_e_0/inst/PS8_i/MAXIGP1WVALID
                         net (fo=5, routed)           0.404     3.208    system_i/axi_smc/inst/s00_entry_pipeline/s00_mmu/inst/s_axi_wvalid
    SLICE_X3Y140         LUT4 (Prop_D5LUT_SLICEL_I0_O)
                                                      0.187     3.395 f  system_i/axi_smc/inst/s00_entry_pipeline/s00_mmu/inst/m_axi_wvalid_INST_0/O
                         net (fo=19, routed)          0.282     3.677    system_i/axi_smc/inst/s00_entry_pipeline/s00_si_converter/inst/converter.low_area_converter.low_area_wrap_inst/s_axi_wvalid
    SLICE_X4Y144         LUT6 (Prop_H6LUT_SLICEM_I5_O)
                                                      0.228     3.905 f  system_i/axi_smc/inst/s00_entry_pipeline/s00_si_converter/inst/converter.low_area_converter.low_area_wrap_inst/s_axi_wready_INST_0_i_5/O
                         net (fo=3, routed)           0.178     4.083    system_i/axi_smc/inst/s00_entry_pipeline/s00_si_converter/inst/converter.low_area_converter.low_area_wrap_inst/s_axi_wready_INST_0_i_5_n_0
    SLICE_X4Y140         LUT4 (Prop_F6LUT_SLICEM_I3_O)
                                                      0.080     4.163 f  system_i/axi_smc/inst/s00_entry_pipeline/s00_si_converter/inst/converter.low_area_converter.low_area_wrap_inst/s_axi_wready_INST_0_i_1/O
                         net (fo=12, routed)          0.227     4.390    system_i/axi_smc/inst/s00_entry_pipeline/s00_si_converter/inst/converter.low_area_converter.low_area_wrap_inst/null_write
    SLICE_X5Y138         LUT5 (Prop_H6LUT_SLICEM_I3_O)
                                                      0.138     4.528 r  system_i/axi_smc/inst/s00_entry_pipeline/s00_si_converter/inst/converter.low_area_converter.low_area_wrap_inst/m_axi_wvalid_INST_0/O
                         net (fo=3, routed)           0.206     4.734    system_i/axi_smc/inst/s00_nodes/s00_w_node/inst/inst_mi_handler/s_sc_send[0]
    SLICE_X9Y138         LUT2 (Prop_G5LUT_SLICEL_I0_O)
                                                      0.189     4.923 r  system_i/axi_smc/inst/s00_nodes/s00_w_node/inst/inst_mi_handler/m_sc_send[0]_INST_0/O
                         net (fo=1, routed)           0.182     5.105    system_i/axi_smc/inst/switchboards/i_nodes/i_w_node/inst/inst_si_handler/gen_si_handler.gen_request_fifos.gen_req_fifo[0].inst_req_fifo/gen_xpm_memory_fifo.inst_fifo/s_sc_send[0]
    SLICE_X9Y138         LUT5 (Prop_B6LUT_SLICEL_I0_O)
                                                      0.138     5.243 r  system_i/axi_smc/inst/switchboards/i_nodes/i_w_node/inst/inst_si_handler/gen_si_handler.gen_request_fifos.gen_req_fifo[0].inst_req_fifo/gen_xpm_memory_fifo.inst_fifo/s_axis_arb_tready_INST_0_i_1/O
                         net (fo=159, routed)         0.822     6.065    system_i/axi_smc/inst/switchboards/i_nodes/i_w_node/inst/inst_mi_handler/gen_normal_area.inst_fifo_node_payld/gen_reg_fifo.inst_reg_fifo/s_sc_valid
    SLICE_X3Y145         FDRE                                         r  system_i/axi_smc/inst/switchboards/i_nodes/i_w_node/inst/inst_mi_handler/gen_normal_area.inst_fifo_node_payld/gen_reg_fifo.inst_reg_fifo/gen_single_rank.data_reg[36]/CE
  -------------------------------------------------------------------    -------------------

                         (clock clk_pl_0 rise edge)
                                                     10.000    10.000 r  
    PS8_X0Y0             PS8                          0.000    10.000 r  system_i/zynq_ultra_ps_e_0/inst/PS8_i/PLCLK[0]
                         net (fo=1, routed)           0.181    10.181    system_i/zynq_ultra_ps_e_0/inst/pl_clk_unbuffered[0]
    BUFG_PS_X0Y80        BUFG_PS (Prop_BUFG_PS_I_O)
                                                      0.035    10.216 r  system_i/zynq_ultra_ps_e_0/inst/buffer_pl_clk_0.PL_CLK_0_BUFG/O
    X0Y1 (CLOCK_ROOT)    net (fo=3762, routed)        1.928    12.144    system_i/axi_smc/inst/switchboards/i_nodes/i_w_node/inst/inst_mi_handler/gen_normal_area.inst_fifo_node_payld/gen_reg_fifo.inst_reg_fifo/s_sc_aclk
    SLICE_X3Y145         FDRE                                         r  system_i/axi_smc/inst/switchboards/i_nodes/i_w_node/inst/inst_mi_handler/gen_normal_area.inst_fifo_node_payld/gen_reg_fifo.inst_reg_fifo/gen_single_rank.data_reg[36]/C
                         clock pessimism              0.176    12.320    
                         clock uncertainty           -0.160    12.160    
    SLICE_X3Y145         FDRE (Setup_BFF_SLICEL_C_CE)
                                                     -0.079    12.081    system_i/axi_smc/inst/switchboards/i_nodes/i_w_node/inst/inst_mi_handler/gen_normal_area.inst_fifo_node_payld/gen_reg_fifo.inst_reg_fifo/gen_single_rank.data_reg[36]
  -------------------------------------------------------------------
                         required time                         12.081    
                         arrival time                          -6.065    
  -------------------------------------------------------------------
                         slack                                  6.016    

Slack (MET) :             6.016ns  (required time - arrival time)
  Source:                 system_i/zynq_ultra_ps_e_0/inst/PS8_i/MAXIGP1ACLK
                            (rising edge-triggered cell PS8 clocked by clk_pl_0  {rise@0.000ns fall@5.000ns period=10.000ns})
  Destination:            system_i/axi_smc/inst/switchboards/i_nodes/i_w_node/inst/inst_mi_handler/gen_normal_area.inst_fifo_node_payld/gen_reg_fifo.inst_reg_fifo/gen_single_rank.data_reg[72]/CE
                            (rising edge-triggered cell FDRE clocked by clk_pl_0  {rise@0.000ns fall@5.000ns period=10.000ns})
  Path Group:             clk_pl_0
  Path Type:              Setup (Max at Slow Process Corner)
  Requirement:            10.000ns  (clk_pl_0 rise@10.000ns - clk_pl_0 rise@0.000ns)
  Data Path Delay:        3.710ns  (logic 1.409ns (37.978%)  route 2.301ns (62.022%))
  Logic Levels:           6  (LUT2=1 LUT4=2 LUT5=2 LUT6=1)
  Clock Path Skew:        -0.035ns (DCD - SCD + CPR)
    Destination Clock Delay (DCD):    2.144ns = ( 12.144 - 10.000 ) 
    Source Clock Delay      (SCD):    2.355ns
    Clock Pessimism Removal (CPR):    0.176ns
  Clock Uncertainty:      0.160ns  ((TSJ^2 + DJ^2)^1/2) / 2 + PE
    Total System Jitter     (TSJ):    0.071ns
    Discrete Jitter          (DJ):    0.312ns
    Phase Error              (PE):    0.000ns
  Clock Net Delay (Source):      2.088ns (routing 1.045ns, distribution 1.043ns)
  Clock Net Delay (Destination): 1.928ns (routing 0.955ns, distribution 0.973ns)

    Location             Delay type                Incr(ns)  Path(ns)    Netlist Resource(s)
  -------------------------------------------------------------------    -------------------
                         (clock clk_pl_0 rise edge)
                                                      0.000     0.000 r  
    PS8_X0Y0             PS8                          0.000     0.000 r  system_i/zynq_ultra_ps_e_0/inst/PS8_i/PLCLK[0]
                         net (fo=1, routed)           0.229     0.229    system_i/zynq_ultra_ps_e_0/inst/pl_clk_unbuffered[0]
    BUFG_PS_X0Y80        BUFG_PS (Prop_BUFG_PS_I_O)
                                                      0.038     0.267 r  system_i/zynq_ultra_ps_e_0/inst/buffer_pl_clk_0.PL_CLK_0_BUFG/O
    X0Y1 (CLOCK_ROOT)    net (fo=3762, routed)        2.088     2.355    system_i/zynq_ultra_ps_e_0/inst/maxihpm1_fpd_aclk
    PS8_X0Y0             PS8                                          r  system_i/zynq_ultra_ps_e_0/inst/PS8_i/MAXIGP1ACLK
  -------------------------------------------------------------------    -------------------
    PS8_X0Y0             PS8 (Prop_PS8_MAXIGP1ACLK_MAXIGP1WVALID)
                                                      0.449     2.804 f  system_i/zynq_ultra_ps_e_0/inst/PS8_i/MAXIGP1WVALID
                         net (fo=5, routed)           0.404     3.208    system_i/axi_smc/inst/s00_entry_pipeline/s00_mmu/inst/s_axi_wvalid
    SLICE_X3Y140         LUT4 (Prop_D5LUT_SLICEL_I0_O)
                                                      0.187     3.395 f  system_i/axi_smc/inst/s00_entry_pipeline/s00_mmu/inst/m_axi_wvalid_INST_0/O
                         net (fo=19, routed)          0.282     3.677    system_i/axi_smc/inst/s00_entry_pipeline/s00_si_converter/inst/converter.low_area_converter.low_area_wrap_inst/s_axi_wvalid
    SLICE_X4Y144         LUT6 (Prop_H6LUT_SLICEM_I5_O)
                                                      0.228     3.905 f  system_i/axi_smc/inst/s00_entry_pipeline/s00_si_converter/inst/converter.low_area_converter.low_area_wrap_inst/s_axi_wready_INST_0_i_5/O
                         net (fo=3, routed)           0.178     4.083    system_i/axi_smc/inst/s00_entry_pipeline/s00_si_converter/inst/converter.low_area_converter.low_area_wrap_inst/s_axi_wready_INST_0_i_5_n_0
    SLICE_X4Y140         LUT4 (Prop_F6LUT_SLICEM_I3_O)
                                                      0.080     4.163 f  system_i/axi_smc/inst/s00_entry_pipeline/s00_si_converter/inst/converter.low_area_converter.low_area_wrap_inst/s_axi_wready_INST_0_i_1/O
                         net (fo=12, routed)          0.227     4.390    system_i/axi_smc/inst/s00_entry_pipeline/s00_si_converter/inst/converter.low_area_converter.low_area_wrap_inst/null_write
    SLICE_X5Y138         LUT5 (Prop_H6LUT_SLICEM_I3_O)
                                                      0.138     4.528 r  system_i/axi_smc/inst/s00_entry_pipeline/s00_si_converter/inst/converter.low_area_converter.low_area_wrap_inst/m_axi_wvalid_INST_0/O
                         net (fo=3, routed)           0.206     4.734    system_i/axi_smc/inst/s00_nodes/s00_w_node/inst/inst_mi_handler/s_sc_send[0]
    SLICE_X9Y138         LUT2 (Prop_G5LUT_SLICEL_I0_O)
                                                      0.189     4.923 r  system_i/axi_smc/inst/s00_nodes/s00_w_node/inst/inst_mi_handler/m_sc_send[0]_INST_0/O
                         net (fo=1, routed)           0.182     5.105    system_i/axi_smc/inst/switchboards/i_nodes/i_w_node/inst/inst_si_handler/gen_si_handler.gen_request_fifos.gen_req_fifo[0].inst_req_fifo/gen_xpm_memory_fifo.inst_fifo/s_sc_send[0]
    SLICE_X9Y138         LUT5 (Prop_B6LUT_SLICEL_I0_O)
                                                      0.138     5.243 r  system_i/axi_smc/inst/switchboards/i_nodes/i_w_node/inst/inst_si_handler/gen_si_handler.gen_request_fifos.gen_req_fifo[0].inst_req_fifo/gen_xpm_memory_fifo.inst_fifo/s_axis_arb_tready_INST_0_i_1/O
                         net (fo=159, routed)         0.822     6.065    system_i/axi_smc/inst/switchboards/i_nodes/i_w_node/inst/inst_mi_handler/gen_normal_area.inst_fifo_node_payld/gen_reg_fifo.inst_reg_fifo/s_sc_valid
    SLICE_X3Y145         FDRE                                         r  system_i/axi_smc/inst/switchboards/i_nodes/i_w_node/inst/inst_mi_handler/gen_normal_area.inst_fifo_node_payld/gen_reg_fifo.inst_reg_fifo/gen_single_rank.data_reg[72]/CE
  -------------------------------------------------------------------    -------------------

                         (clock clk_pl_0 rise edge)
                                                     10.000    10.000 r  
    PS8_X0Y0             PS8                          0.000    10.000 r  system_i/zynq_ultra_ps_e_0/inst/PS8_i/PLCLK[0]
                         net (fo=1, routed)           0.181    10.181    system_i/zynq_ultra_ps_e_0/inst/pl_clk_unbuffered[0]
    BUFG_PS_X0Y80        BUFG_PS (Prop_BUFG_PS_I_O)
                                                      0.035    10.216 r  system_i/zynq_ultra_ps_e_0/inst/buffer_pl_clk_0.PL_CLK_0_BUFG/O
    X0Y1 (CLOCK_ROOT)    net (fo=3762, routed)        1.928    12.144    system_i/axi_smc/inst/switchboards/i_nodes/i_w_node/inst/inst_mi_handler/gen_normal_area.inst_fifo_node_payld/gen_reg_fifo.inst_reg_fifo/s_sc_aclk
    SLICE_X3Y145         FDRE                                         r  system_i/axi_smc/inst/switchboards/i_nodes/i_w_node/inst/inst_mi_handler/gen_normal_area.inst_fifo_node_payld/gen_reg_fifo.inst_reg_fifo/gen_single_rank.data_reg[72]/C
                         clock pessimism              0.176    12.320    
                         clock uncertainty           -0.160    12.160    
    SLICE_X3Y145         FDRE (Setup_AFF_SLICEL_C_CE)
                                                     -0.079    12.081    system_i/axi_smc/inst/switchboards/i_nodes/i_w_node/inst/inst_mi_handler/gen_normal_area.inst_fifo_node_payld/gen_reg_fifo.inst_reg_fifo/gen_single_rank.data_reg[72]
  -------------------------------------------------------------------
                         required time                         12.081    
                         arrival time                          -6.065    
  -------------------------------------------------------------------
                         slack                                  6.016    

Slack (MET) :             6.017ns  (required time - arrival time)
  Source:                 system_i/zynq_ultra_ps_e_0/inst/PS8_i/MAXIGP1ACLK
                            (rising edge-triggered cell PS8 clocked by clk_pl_0  {rise@0.000ns fall@5.000ns period=10.000ns})
  Destination:            system_i/axi_smc/inst/switchboards/i_nodes/i_w_node/inst/inst_mi_handler/gen_normal_area.inst_fifo_node_payld/gen_reg_fifo.inst_reg_fifo/gen_single_rank.data_reg[153]/CE
                            (rising edge-triggered cell FDRE clocked by clk_pl_0  {rise@0.000ns fall@5.000ns period=10.000ns})
  Path Group:             clk_pl_0
  Path Type:              Setup (Max at Slow Process Corner)
  Requirement:            10.000ns  (clk_pl_0 rise@10.000ns - clk_pl_0 rise@0.000ns)
  Data Path Delay:        3.710ns  (logic 1.409ns (37.978%)  route 2.301ns (62.022%))
  Logic Levels:           6  (LUT2=1 LUT4=2 LUT5=2 LUT6=1)
  Clock Path Skew:        -0.035ns (DCD - SCD + CPR)
    Destination Clock Delay (DCD):    2.144ns = ( 12.144 - 10.000 ) 
    Source Clock Delay      (SCD):    2.355ns
    Clock Pessimism Removal (CPR):    0.176ns
  Clock Uncertainty:      0.160ns  ((TSJ^2 + DJ^2)^1/2) / 2 + PE
    Total System Jitter     (TSJ):    0.071ns
    Discrete Jitter          (DJ):    0.312ns
    Phase Error              (PE):    0.000ns
  Clock Net Delay (Source):      2.088ns (routing 1.045ns, distribution 1.043ns)
  Clock Net Delay (Destination): 1.928ns (routing 0.955ns, distribution 0.973ns)

    Location             Delay type                Incr(ns)  Path(ns)    Netlist Resource(s)
  -------------------------------------------------------------------    -------------------
                         (clock clk_pl_0 rise edge)
                                                      0.000     0.000 r  
    PS8_X0Y0             PS8                          0.000     0.000 r  system_i/zynq_ultra_ps_e_0/inst/PS8_i/PLCLK[0]
                         net (fo=1, routed)           0.229     0.229    system_i/zynq_ultra_ps_e_0/inst/pl_clk_unbuffered[0]
    BUFG_PS_X0Y80        BUFG_PS (Prop_BUFG_PS_I_O)
                                                      0.038     0.267 r  system_i/zynq_ultra_ps_e_0/inst/buffer_pl_clk_0.PL_CLK_0_BUFG/O
    X0Y1 (CLOCK_ROOT)    net (fo=3762, routed)        2.088     2.355    system_i/zynq_ultra_ps_e_0/inst/maxihpm1_fpd_aclk
    PS8_X0Y0             PS8                                          r  system_i/zynq_ultra_ps_e_0/inst/PS8_i/MAXIGP1ACLK
  -------------------------------------------------------------------    -------------------
    PS8_X0Y0             PS8 (Prop_PS8_MAXIGP1ACLK_MAXIGP1WVALID)
                                                      0.449     2.804 f  system_i/zynq_ultra_ps_e_0/inst/PS8_i/MAXIGP1WVALID
                         net (fo=5, routed)           0.404     3.208    system_i/axi_smc/inst/s00_entry_pipeline/s00_mmu/inst/s_axi_wvalid
    SLICE_X3Y140         LUT4 (Prop_D5LUT_SLICEL_I0_O)
                                                      0.187     3.395 f  system_i/axi_smc/inst/s00_entry_pipeline/s00_mmu/inst/m_axi_wvalid_INST_0/O
                         net (fo=19, routed)          0.282     3.677    system_i/axi_smc/inst/s00_entry_pipeline/s00_si_converter/inst/converter.low_area_converter.low_area_wrap_inst/s_axi_wvalid
    SLICE_X4Y144         LUT6 (Prop_H6LUT_SLICEM_I5_O)
                                                      0.228     3.905 f  system_i/axi_smc/inst/s00_entry_pipeline/s00_si_converter/inst/converter.low_area_converter.low_area_wrap_inst/s_axi_wready_INST_0_i_5/O
                         net (fo=3, routed)           0.178     4.083    system_i/axi_smc/inst/s00_entry_pipeline/s00_si_converter/inst/converter.low_area_converter.low_area_wrap_inst/s_axi_wready_INST_0_i_5_n_0
    SLICE_X4Y140         LUT4 (Prop_F6LUT_SLICEM_I3_O)
                                                      0.080     4.163 f  system_i/axi_smc/inst/s00_entry_pipeline/s00_si_converter/inst/converter.low_area_converter.low_area_wrap_inst/s_axi_wready_INST_0_i_1/O
                         net (fo=12, routed)          0.227     4.390    system_i/axi_smc/inst/s00_entry_pipeline/s00_si_converter/inst/converter.low_area_converter.low_area_wrap_inst/null_write
    SLICE_X5Y138         LUT5 (Prop_H6LUT_SLICEM_I3_O)
                                                      0.138     4.528 r  system_i/axi_smc/inst/s00_entry_pipeline/s00_si_converter/inst/converter.low_area_converter.low_area_wrap_inst/m_axi_wvalid_INST_0/O
                         net (fo=3, routed)           0.206     4.734    system_i/axi_smc/inst/s00_nodes/s00_w_node/inst/inst_mi_handler/s_sc_send[0]
    SLICE_X9Y138         LUT2 (Prop_G5LUT_SLICEL_I0_O)
                                                      0.189     4.923 r  system_i/axi_smc/inst/s00_nodes/s00_w_node/inst/inst_mi_handler/m_sc_send[0]_INST_0/O
                         net (fo=1, routed)           0.182     5.105    system_i/axi_smc/inst/switchboards/i_nodes/i_w_node/inst/inst_si_handler/gen_si_handler.gen_request_fifos.gen_req_fifo[0].inst_req_fifo/gen_xpm_memory_fifo.inst_fifo/s_sc_send[0]
    SLICE_X9Y138         LUT5 (Prop_B6LUT_SLICEL_I0_O)
                                                      0.138     5.243 r  system_i/axi_smc/inst/switchboards/i_nodes/i_w_node/inst/inst_si_handler/gen_si_handler.gen_request_fifos.gen_req_fifo[0].inst_req_fifo/gen_xpm_memory_fifo.inst_fifo/s_axis_arb_tready_INST_0_i_1/O
                         net (fo=159, routed)         0.822     6.065    system_i/axi_smc/inst/switchboards/i_nodes/i_w_node/inst/inst_mi_handler/gen_normal_area.inst_fifo_node_payld/gen_reg_fifo.inst_reg_fifo/s_sc_valid
    SLICE_X3Y145         FDRE                                         r  system_i/axi_smc/inst/switchboards/i_nodes/i_w_node/inst/inst_mi_handler/gen_normal_area.inst_fifo_node_payld/gen_reg_fifo.inst_reg_fifo/gen_single_rank.data_reg[153]/CE
  -------------------------------------------------------------------    -------------------

                         (clock clk_pl_0 rise edge)
                                                     10.000    10.000 r  
    PS8_X0Y0             PS8                          0.000    10.000 r  system_i/zynq_ultra_ps_e_0/inst/PS8_i/PLCLK[0]
                         net (fo=1, routed)           0.181    10.181    system_i/zynq_ultra_ps_e_0/inst/pl_clk_unbuffered[0]
    BUFG_PS_X0Y80        BUFG_PS (Prop_BUFG_PS_I_O)
                                                      0.035    10.216 r  system_i/zynq_ultra_ps_e_0/inst/buffer_pl_clk_0.PL_CLK_0_BUFG/O
    X0Y1 (CLOCK_ROOT)    net (fo=3762, routed)        1.928    12.144    system_i/axi_smc/inst/switchboards/i_nodes/i_w_node/inst/inst_mi_handler/gen_normal_area.inst_fifo_node_payld/gen_reg_fifo.inst_reg_fifo/s_sc_aclk
    SLICE_X3Y145         FDRE                                         r  system_i/axi_smc/inst/switchboards/i_nodes/i_w_node/inst/inst_mi_handler/gen_normal_area.inst_fifo_node_payld/gen_reg_fifo.inst_reg_fifo/gen_single_rank.data_reg[153]/C
                         clock pessimism              0.176    12.320    
                         clock uncertainty           -0.160    12.160    
    SLICE_X3Y145         FDRE (Setup_CFF2_SLICEL_C_CE)
                                                     -0.078    12.082    system_i/axi_smc/inst/switchboards/i_nodes/i_w_node/inst/inst_mi_handler/gen_normal_area.inst_fifo_node_payld/gen_reg_fifo.inst_reg_fifo/gen_single_rank.data_reg[153]
  -------------------------------------------------------------------
                         required time                         12.082    
                         arrival time                          -6.065    
  -------------------------------------------------------------------
                         slack                                  6.017    

Slack (MET) :             6.017ns  (required time - arrival time)
  Source:                 system_i/zynq_ultra_ps_e_0/inst/PS8_i/MAXIGP1ACLK
                            (rising edge-triggered cell PS8 clocked by clk_pl_0  {rise@0.000ns fall@5.000ns period=10.000ns})
  Destination:            system_i/axi_smc/inst/switchboards/i_nodes/i_w_node/inst/inst_mi_handler/gen_normal_area.inst_fifo_node_payld/gen_reg_fifo.inst_reg_fifo/gen_single_rank.data_reg[45]/CE
                            (rising edge-triggered cell FDRE clocked by clk_pl_0  {rise@0.000ns fall@5.000ns period=10.000ns})
  Path Group:             clk_pl_0
  Path Type:              Setup (Max at Slow Process Corner)
  Requirement:            10.000ns  (clk_pl_0 rise@10.000ns - clk_pl_0 rise@0.000ns)
  Data Path Delay:        3.710ns  (logic 1.409ns (37.978%)  route 2.301ns (62.022%))
  Logic Levels:           6  (LUT2=1 LUT4=2 LUT5=2 LUT6=1)
  Clock Path Skew:        -0.035ns (DCD - SCD + CPR)
    Destination Clock Delay (DCD):    2.144ns = ( 12.144 - 10.000 ) 
    Source Clock Delay      (SCD):    2.355ns
    Clock Pessimism Removal (CPR):    0.176ns
  Clock Uncertainty:      0.160ns  ((TSJ^2 + DJ^2)^1/2) / 2 + PE
    Total System Jitter     (TSJ):    0.071ns
    Discrete Jitter          (DJ):    0.312ns
    Phase Error              (PE):    0.000ns
  Clock Net Delay (Source):      2.088ns (routing 1.045ns, distribution 1.043ns)
  Clock Net Delay (Destination): 1.928ns (routing 0.955ns, distribution 0.973ns)

    Location             Delay type                Incr(ns)  Path(ns)    Netlist Resource(s)
  -------------------------------------------------------------------    -------------------
                         (clock clk_pl_0 rise edge)
                                                      0.000     0.000 r  
    PS8_X0Y0             PS8                          0.000     0.000 r  system_i/zynq_ultra_ps_e_0/inst/PS8_i/PLCLK[0]
                         net (fo=1, routed)           0.229     0.229    system_i/zynq_ultra_ps_e_0/inst/pl_clk_unbuffered[0]
    BUFG_PS_X0Y80        BUFG_PS (Prop_BUFG_PS_I_O)
                                                      0.038     0.267 r  system_i/zynq_ultra_ps_e_0/inst/buffer_pl_clk_0.PL_CLK_0_BUFG/O
    X0Y1 (CLOCK_ROOT)    net (fo=3762, routed)        2.088     2.355    system_i/zynq_ultra_ps_e_0/inst/maxihpm1_fpd_aclk
    PS8_X0Y0             PS8                                          r  system_i/zynq_ultra_ps_e_0/inst/PS8_i/MAXIGP1ACLK
  -------------------------------------------------------------------    -------------------
    PS8_X0Y0             PS8 (Prop_PS8_MAXIGP1ACLK_MAXIGP1WVALID)
                                                      0.449     2.804 f  system_i/zynq_ultra_ps_e_0/inst/PS8_i/MAXIGP1WVALID
                         net (fo=5, routed)           0.404     3.208    system_i/axi_smc/inst/s00_entry_pipeline/s00_mmu/inst/s_axi_wvalid
    SLICE_X3Y140         LUT4 (Prop_D5LUT_SLICEL_I0_O)
                                                      0.187     3.395 f  system_i/axi_smc/inst/s00_entry_pipeline/s00_mmu/inst/m_axi_wvalid_INST_0/O
                         net (fo=19, routed)          0.282     3.677    system_i/axi_smc/inst/s00_entry_pipeline/s00_si_converter/inst/converter.low_area_converter.low_area_wrap_inst/s_axi_wvalid
    SLICE_X4Y144         LUT6 (Prop_H6LUT_SLICEM_I5_O)
                                                      0.228     3.905 f  system_i/axi_smc/inst/s00_entry_pipeline/s00_si_converter/inst/converter.low_area_converter.low_area_wrap_inst/s_axi_wready_INST_0_i_5/O
                         net (fo=3, routed)           0.178     4.083    system_i/axi_smc/inst/s00_entry_pipeline/s00_si_converter/inst/converter.low_area_converter.low_area_wrap_inst/s_axi_wready_INST_0_i_5_n_0
    SLICE_X4Y140         LUT4 (Prop_F6LUT_SLICEM_I3_O)
                                                      0.080     4.163 f  system_i/axi_smc/inst/s00_entry_pipeline/s00_si_converter/inst/converter.low_area_converter.low_area_wrap_inst/s_axi_wready_INST_0_i_1/O
                         net (fo=12, routed)          0.227     4.390    system_i/axi_smc/inst/s00_entry_pipeline/s00_si_converter/inst/converter.low_area_converter.low_area_wrap_inst/null_write
    SLICE_X5Y138         LUT5 (Prop_H6LUT_SLICEM_I3_O)
                                                      0.138     4.528 r  system_i/axi_smc/inst/s00_entry_pipeline/s00_si_converter/inst/converter.low_area_converter.low_area_wrap_inst/m_axi_wvalid_INST_0/O
                         net (fo=3, routed)           0.206     4.734    system_i/axi_smc/inst/s00_nodes/s00_w_node/inst/inst_mi_handler/s_sc_send[0]
    SLICE_X9Y138         LUT2 (Prop_G5LUT_SLICEL_I0_O)
                                                      0.189     4.923 r  system_i/axi_smc/inst/s00_nodes/s00_w_node/inst/inst_mi_handler/m_sc_send[0]_INST_0/O
                         net (fo=1, routed)           0.182     5.105    system_i/axi_smc/inst/switchboards/i_nodes/i_w_node/inst/inst_si_handler/gen_si_handler.gen_request_fifos.gen_req_fifo[0].inst_req_fifo/gen_xpm_memory_fifo.inst_fifo/s_sc_send[0]
    SLICE_X9Y138         LUT5 (Prop_B6LUT_SLICEL_I0_O)
                                                      0.138     5.243 r  system_i/axi_smc/inst/switchboards/i_nodes/i_w_node/inst/inst_si_handler/gen_si_handler.gen_request_fifos.gen_req_fifo[0].inst_req_fifo/gen_xpm_memory_fifo.inst_fifo/s_axis_arb_tready_INST_0_i_1/O
                         net (fo=159, routed)         0.822     6.065    system_i/axi_smc/inst/switchboards/i_nodes/i_w_node/inst/inst_mi_handler/gen_normal_area.inst_fifo_node_payld/gen_reg_fifo.inst_reg_fifo/s_sc_valid
    SLICE_X3Y145         FDRE                                         r  system_i/axi_smc/inst/switchboards/i_nodes/i_w_node/inst/inst_mi_handler/gen_normal_area.inst_fifo_node_payld/gen_reg_fifo.inst_reg_fifo/gen_single_rank.data_reg[45]/CE
  -------------------------------------------------------------------    -------------------

                         (clock clk_pl_0 rise edge)
                                                     10.000    10.000 r  
    PS8_X0Y0             PS8                          0.000    10.000 r  system_i/zynq_ultra_ps_e_0/inst/PS8_i/PLCLK[0]
                         net (fo=1, routed)           0.181    10.181    system_i/zynq_ultra_ps_e_0/inst/pl_clk_unbuffered[0]
    BUFG_PS_X0Y80        BUFG_PS (Prop_BUFG_PS_I_O)
                                                      0.035    10.216 r  system_i/zynq_ultra_ps_e_0/inst/buffer_pl_clk_0.PL_CLK_0_BUFG/O
    X0Y1 (CLOCK_ROOT)    net (fo=3762, routed)        1.928    12.144    system_i/axi_smc/inst/switchboards/i_nodes/i_w_node/inst/inst_mi_handler/gen_normal_area.inst_fifo_node_payld/gen_reg_fifo.inst_reg_fifo/s_sc_aclk
    SLICE_X3Y145         FDRE                                         r  system_i/axi_smc/inst/switchboards/i_nodes/i_w_node/inst/inst_mi_handler/gen_normal_area.inst_fifo_node_payld/gen_reg_fifo.inst_reg_fifo/gen_single_rank.data_reg[45]/C
                         clock pessimism              0.176    12.320    
                         clock uncertainty           -0.160    12.160    
    SLICE_X3Y145         FDRE (Setup_BFF2_SLICEL_C_CE)
                                                     -0.078    12.082    system_i/axi_smc/inst/switchboards/i_nodes/i_w_node/inst/inst_mi_handler/gen_normal_area.inst_fifo_node_payld/gen_reg_fifo.inst_reg_fifo/gen_single_rank.data_reg[45]
  -------------------------------------------------------------------
                         required time                         12.082    
                         arrival time                          -6.065    
  -------------------------------------------------------------------
                         slack                                  6.017    





Min Delay Paths
--------------------------------------------------------------------------------------
Slack (MET) :             0.010ns  (arrival time - required time)
  Source:                 system_i/npu_axi_ip_0/inst/npu_axi_ip_slave_lite_v1_0_S00_AXI_inst/my_npu_top_inst/u_core/u_matmul/ROW[1].COL[1].u_pe/u_mac/mult_reg/mul_out_reg[8]/C
                            (rising edge-triggered cell FDCE clocked by clk_pl_0  {rise@0.000ns fall@5.000ns period=10.000ns})
  Destination:            system_i/npu_axi_ip_0/inst/npu_axi_ip_slave_lite_v1_0_S00_AXI_inst/my_npu_top_inst/u_core/u_matmul/ROW[1].COL[1].u_pe/u_mac/acc_reg/psum_out_reg[8]/D
                            (rising edge-triggered cell FDCE clocked by clk_pl_0  {rise@0.000ns fall@5.000ns period=10.000ns})
  Path Group:             clk_pl_0
  Path Type:              Hold (Min at Slow Process Corner)
  Requirement:            0.000ns  (clk_pl_0 rise@0.000ns - clk_pl_0 rise@0.000ns)
  Data Path Delay:        0.234ns  (logic 0.112ns (47.863%)  route 0.122ns (52.137%))
  Logic Levels:           0  
  Clock Path Skew:        0.122ns (DCD - SCD - CPR)
    Destination Clock Delay (DCD):    2.438ns
    Source Clock Delay      (SCD):    2.139ns
    Clock Pessimism Removal (CPR):    0.176ns
  Clock Net Delay (Source):      1.923ns (routing 0.955ns, distribution 0.968ns)
  Clock Net Delay (Destination): 2.171ns (routing 1.045ns, distribution 1.126ns)

    Location             Delay type                Incr(ns)  Path(ns)    Netlist Resource(s)
  -------------------------------------------------------------------    -------------------
                         (clock clk_pl_0 rise edge)
                                                      0.000     0.000 r  
    PS8_X0Y0             PS8                          0.000     0.000 r  system_i/zynq_ultra_ps_e_0/inst/PS8_i/PLCLK[0]
                         net (fo=1, routed)           0.181     0.181    system_i/zynq_ultra_ps_e_0/inst/pl_clk_unbuffered[0]
    BUFG_PS_X0Y80        BUFG_PS (Prop_BUFG_PS_I_O)
                                                      0.035     0.216 r  system_i/zynq_ultra_ps_e_0/inst/buffer_pl_clk_0.PL_CLK_0_BUFG/O
    X0Y1 (CLOCK_ROOT)    net (fo=3762, routed)        1.923     2.139    system_i/npu_axi_ip_0/inst/npu_axi_ip_slave_lite_v1_0_S00_AXI_inst/my_npu_top_inst/u_core/u_matmul/ROW[1].COL[1].u_pe/u_mac/mult_reg/s00_axi_aclk
    SLICE_X4Y165         FDCE                                         r  system_i/npu_axi_ip_0/inst/npu_axi_ip_slave_lite_v1_0_S00_AXI_inst/my_npu_top_inst/u_core/u_matmul/ROW[1].COL[1].u_pe/u_mac/mult_reg/mul_out_reg[8]/C
  -------------------------------------------------------------------    -------------------
    SLICE_X4Y165         FDCE (Prop_EFF_SLICEM_C_Q)
                                                      0.112     2.251 r  system_i/npu_axi_ip_0/inst/npu_axi_ip_slave_lite_v1_0_S00_AXI_inst/my_npu_top_inst/u_core/u_matmul/ROW[1].COL[1].u_pe/u_mac/mult_reg/mul_out_reg[8]/Q
                         net (fo=1, routed)           0.122     2.373    system_i/npu_axi_ip_0/inst/npu_axi_ip_slave_lite_v1_0_S00_AXI_inst/my_npu_top_inst/u_core/u_matmul/ROW[1].COL[1].u_pe/u_mac/acc_reg/Q[8]
    SLICE_X5Y165         FDCE                                         r  system_i/npu_axi_ip_0/inst/npu_axi_ip_slave_lite_v1_0_S00_AXI_inst/my_npu_top_inst/u_core/u_matmul/ROW[1].COL[1].u_pe/u_mac/acc_reg/psum_out_reg[8]/D
  -------------------------------------------------------------------    -------------------

                         (clock clk_pl_0 rise edge)
                                                      0.000     0.000 r  
    PS8_X0Y0             PS8                          0.000     0.000 r  system_i/zynq_ultra_ps_e_0/inst/PS8_i/PLCLK[0]
                         net (fo=1, routed)           0.229     0.229    system_i/zynq_ultra_ps_e_0/inst/pl_clk_unbuffered[0]
    BUFG_PS_X0Y80        BUFG_PS (Prop_BUFG_PS_I_O)
                                                      0.038     0.267 r  system_i/zynq_ultra_ps_e_0/inst/buffer_pl_clk_0.PL_CLK_0_BUFG/O
    X0Y1 (CLOCK_ROOT)    net (fo=3762, routed)        2.171     2.438    system_i/npu_axi_ip_0/inst/npu_axi_ip_slave_lite_v1_0_S00_AXI_inst/my_npu_top_inst/u_core/u_matmul/ROW[1].COL[1].u_pe/u_mac/acc_reg/s00_axi_aclk
    SLICE_X5Y165         FDCE                                         r  system_i/npu_axi_ip_0/inst/npu_axi_ip_slave_lite_v1_0_S00_AXI_inst/my_npu_top_inst/u_core/u_matmul/ROW[1].COL[1].u_pe/u_mac/acc_reg/psum_out_reg[8]/C
                         clock pessimism             -0.176     2.261    
    SLICE_X5Y165         FDCE (Hold_GFF2_SLICEM_C_D)
                                                      0.102     2.363    system_i/npu_axi_ip_0/inst/npu_axi_ip_slave_lite_v1_0_S00_AXI_inst/my_npu_top_inst/u_core/u_matmul/ROW[1].COL[1].u_pe/u_mac/acc_reg/psum_out_reg[8]
  -------------------------------------------------------------------
                         required time                         -2.363    
                         arrival time                           2.373    
  -------------------------------------------------------------------
                         slack                                  0.010    

Slack (MET) :             0.013ns  (arrival time - required time)
  Source:                 system_i/axi_smc/inst/s00_entry_pipeline/s00_si_converter/inst/converter.low_area_converter.low_area_wrap_inst/push_bcmd_data_reg[1]/C
                            (rising edge-triggered cell FDRE clocked by clk_pl_0  {rise@0.000ns fall@5.000ns period=10.000ns})
  Destination:            system_i/axi_smc/inst/s00_entry_pipeline/s00_si_converter/inst/converter.low_area_converter.low_area_wrap_inst/w_resp_fifo/gen_srls[1].srl_nx1/shift_reg_reg[0]_srl32/D
                            (rising edge-triggered cell SRLC32E clocked by clk_pl_0  {rise@0.000ns fall@5.000ns period=10.000ns})
  Path Group:             clk_pl_0
  Path Type:              Hold (Min at Slow Process Corner)
  Requirement:            0.000ns  (clk_pl_0 rise@0.000ns - clk_pl_0 rise@0.000ns)
  Data Path Delay:        0.202ns  (logic 0.115ns (56.845%)  route 0.087ns (43.155%))
  Logic Levels:           0  
  Clock Path Skew:        0.085ns (DCD - SCD - CPR)
    Destination Clock Delay (DCD):    2.470ns
    Source Clock Delay      (SCD):    2.157ns
    Clock Pessimism Removal (CPR):    0.228ns
  Clock Net Delay (Source):      1.941ns (routing 0.955ns, distribution 0.986ns)
  Clock Net Delay (Destination): 2.203ns (routing 1.045ns, distribution 1.158ns)

    Location             Delay type                Incr(ns)  Path(ns)    Netlist Resource(s)
  -------------------------------------------------------------------    -------------------
                         (clock clk_pl_0 rise edge)
                                                      0.000     0.000 r  
    PS8_X0Y0             PS8                          0.000     0.000 r  system_i/zynq_ultra_ps_e_0/inst/PS8_i/PLCLK[0]
                         net (fo=1, routed)           0.181     0.181    system_i/zynq_ultra_ps_e_0/inst/pl_clk_unbuffered[0]
    BUFG_PS_X0Y80        BUFG_PS (Prop_BUFG_PS_I_O)
                                                      0.035     0.216 r  system_i/zynq_ultra_ps_e_0/inst/buffer_pl_clk_0.PL_CLK_0_BUFG/O
    X0Y1 (CLOCK_ROOT)    net (fo=3762, routed)        1.941     2.157    system_i/axi_smc/inst/s00_entry_pipeline/s00_si_converter/inst/converter.low_area_converter.low_area_wrap_inst/aclk
    SLICE_X5Y140         FDRE                                         r  system_i/axi_smc/inst/s00_entry_pipeline/s00_si_converter/inst/converter.low_area_converter.low_area_wrap_inst/push_bcmd_data_reg[1]/C
  -------------------------------------------------------------------    -------------------
    SLICE_X5Y140         FDRE (Prop_FFF2_SLICEM_C_Q)
                                                      0.115     2.272 r  system_i/axi_smc/inst/s00_entry_pipeline/s00_si_converter/inst/converter.low_area_converter.low_area_wrap_inst/push_bcmd_data_reg[1]/Q
                         net (fo=2, routed)           0.087     2.359    system_i/axi_smc/inst/s00_entry_pipeline/s00_si_converter/inst/converter.low_area_converter.low_area_wrap_inst/w_resp_fifo/gen_srls[1].srl_nx1/gen_pipelined.mesg_reg_reg[1][0]
    SLICE_X5Y141         SRLC32E                                      r  system_i/axi_smc/inst/s00_entry_pipeline/s00_si_converter/inst/converter.low_area_converter.low_area_wrap_inst/w_resp_fifo/gen_srls[1].srl_nx1/shift_reg_reg[0]_srl32/D
  -------------------------------------------------------------------    -------------------

                         (clock clk_pl_0 rise edge)
                                                      0.000     0.000 r  
    PS8_X0Y0             PS8                          0.000     0.000 r  system_i/zynq_ultra_ps_e_0/inst/PS8_i/PLCLK[0]
                         net (fo=1, routed)           0.229     0.229    system_i/zynq_ultra_ps_e_0/inst/pl_clk_unbuffered[0]
    BUFG_PS_X0Y80        BUFG_PS (Prop_BUFG_PS_I_O)
                                                      0.038     0.267 r  system_i/zynq_ultra_ps_e_0/inst/buffer_pl_clk_0.PL_CLK_0_BUFG/O
    X0Y1 (CLOCK_ROOT)    net (fo=3762, routed)        2.203     2.470    system_i/axi_smc/inst/s00_entry_pipeline/s00_si_converter/inst/converter.low_area_converter.low_area_wrap_inst/w_resp_fifo/gen_srls[1].srl_nx1/aclk
    SLICE_X5Y141         SRLC32E                                      r  system_i/axi_smc/inst/s00_entry_pipeline/s00_si_converter/inst/converter.low_area_converter.low_area_wrap_inst/w_resp_fifo/gen_srls[1].srl_nx1/shift_reg_reg[0]_srl32/CLK
                         clock pessimism             -0.228     2.242    
    SLICE_X5Y141         SRLC32E (Hold_H6LUT_SLICEM_CLK_D)
                                                      0.104     2.346    system_i/axi_smc/inst/s00_entry_pipeline/s00_si_converter/inst/converter.low_area_converter.low_area_wrap_inst/w_resp_fifo/gen_srls[1].srl_nx1/shift_reg_reg[0]_srl32
  -------------------------------------------------------------------
                         required time                         -2.346    
                         arrival time                           2.359    
  -------------------------------------------------------------------
                         slack                                  0.013    

Slack (MET) :             0.013ns  (arrival time - required time)
  Source:                 system_i/axi_smc/inst/s00_entry_pipeline/s00_si_converter/inst/gen_normal.splitter_inst/gen_rsplitter.r_acceptance_reg[2]/C
                            (rising edge-triggered cell FDRE clocked by clk_pl_0  {rise@0.000ns fall@5.000ns period=10.000ns})
  Destination:            system_i/axi_smc/inst/s00_entry_pipeline/s00_si_converter/inst/gen_normal.splitter_inst/gen_rsplitter.arsplit_vacancy_reg/D
                            (rising edge-triggered cell FDRE clocked by clk_pl_0  {rise@0.000ns fall@5.000ns period=10.000ns})
  Path Group:             clk_pl_0
  Path Type:              Hold (Min at Slow Process Corner)
  Requirement:            0.000ns  (clk_pl_0 rise@0.000ns - clk_pl_0 rise@0.000ns)
  Data Path Delay:        0.303ns  (logic 0.164ns (54.052%)  route 0.139ns (45.948%))
  Logic Levels:           1  (LUT6=1)
  Clock Path Skew:        0.189ns (DCD - SCD - CPR)
    Destination Clock Delay (DCD):    2.428ns
    Source Clock Delay      (SCD):    2.098ns
    Clock Pessimism Removal (CPR):    0.141ns
  Clock Net Delay (Source):      1.882ns (routing 0.955ns, distribution 0.927ns)
  Clock Net Delay (Destination): 2.161ns (routing 1.045ns, distribution 1.116ns)

    Location             Delay type                Incr(ns)  Path(ns)    Netlist Resource(s)
  -------------------------------------------------------------------    -------------------
                         (clock clk_pl_0 rise edge)
                                                      0.000     0.000 r  
    PS8_X0Y0             PS8                          0.000     0.000 r  system_i/zynq_ultra_ps_e_0/inst/PS8_i/PLCLK[0]
                         net (fo=1, routed)           0.181     0.181    system_i/zynq_ultra_ps_e_0/inst/pl_clk_unbuffered[0]
    BUFG_PS_X0Y80        BUFG_PS (Prop_BUFG_PS_I_O)
                                                      0.035     0.216 r  system_i/zynq_ultra_ps_e_0/inst/buffer_pl_clk_0.PL_CLK_0_BUFG/O
    X0Y1 (CLOCK_ROOT)    net (fo=3762, routed)        1.882     2.098    system_i/axi_smc/inst/s00_entry_pipeline/s00_si_converter/inst/gen_normal.splitter_inst/aclk
    SLICE_X0Y119         FDRE                                         r  system_i/axi_smc/inst/s00_entry_pipeline/s00_si_converter/inst/gen_normal.splitter_inst/gen_rsplitter.r_acceptance_reg[2]/C
  -------------------------------------------------------------------    -------------------
    SLICE_X0Y119         FDRE (Prop_DFF_SLICEL_C_Q)
                                                      0.112     2.210 r  system_i/axi_smc/inst/s00_entry_pipeline/s00_si_converter/inst/gen_normal.splitter_inst/gen_rsplitter.r_acceptance_reg[2]/Q
                         net (fo=6, routed)           0.101     2.311    system_i/axi_smc/inst/s00_entry_pipeline/s00_si_converter/inst/gen_normal.splitter_inst/ar_cmd_reg/Q[2]
    SLICE_X1Y120         LUT6 (Prop_B6LUT_SLICEM_I2_O)
                                                      0.052     2.363 r  system_i/axi_smc/inst/s00_entry_pipeline/s00_si_converter/inst/gen_normal.splitter_inst/ar_cmd_reg/gen_rsplitter.arsplit_vacancy_i_1/O
                         net (fo=1, routed)           0.038     2.401    system_i/axi_smc/inst/s00_entry_pipeline/s00_si_converter/inst/gen_normal.splitter_inst/ar_cmd_reg_n_15
    SLICE_X1Y120         FDRE                                         r  system_i/axi_smc/inst/s00_entry_pipeline/s00_si_converter/inst/gen_normal.splitter_inst/gen_rsplitter.arsplit_vacancy_reg/D
  -------------------------------------------------------------------    -------------------

                         (clock clk_pl_0 rise edge)
                                                      0.000     0.000 r  
    PS8_X0Y0             PS8                          0.000     0.000 r  system_i/zynq_ultra_ps_e_0/inst/PS8_i/PLCLK[0]
                         net (fo=1, routed)           0.229     0.229    system_i/zynq_ultra_ps_e_0/inst/pl_clk_unbuffered[0]
    BUFG_PS_X0Y80        BUFG_PS (Prop_BUFG_PS_I_O)
                                                      0.038     0.267 r  system_i/zynq_ultra_ps_e_0/inst/buffer_pl_clk_0.PL_CLK_0_BUFG/O
    X0Y1 (CLOCK_ROOT)    net (fo=3762, routed)        2.161     2.428    system_i/axi_smc/inst/s00_entry_pipeline/s00_si_converter/inst/gen_normal.splitter_inst/aclk
    SLICE_X1Y120         FDRE                                         r  system_i/axi_smc/inst/s00_entry_pipeline/s00_si_converter/inst/gen_normal.splitter_inst/gen_rsplitter.arsplit_vacancy_reg/C
                         clock pessimism             -0.141     2.287    
    SLICE_X1Y120         FDRE (Hold_BFF_SLICEM_C_D)
                                                      0.101     2.388    system_i/axi_smc/inst/s00_entry_pipeline/s00_si_converter/inst/gen_normal.splitter_inst/gen_rsplitter.arsplit_vacancy_reg
  -------------------------------------------------------------------
                         required time                         -2.388    
                         arrival time                           2.401    
  -------------------------------------------------------------------
                         slack                                  0.013    

Slack (MET) :             0.025ns  (arrival time - required time)
  Source:                 system_i/npu_axi_ip_0/inst/npu_axi_ip_slave_lite_v1_0_S00_AXI_inst/my_npu_top_inst/u_core/u_matmul/ROW[1].COL[1].u_pe/u_mac/mult_reg/mul_out_reg[9]/C
                            (rising edge-triggered cell FDCE clocked by clk_pl_0  {rise@0.000ns fall@5.000ns period=10.000ns})
  Destination:            system_i/npu_axi_ip_0/inst/npu_axi_ip_slave_lite_v1_0_S00_AXI_inst/my_npu_top_inst/u_core/u_matmul/ROW[1].COL[1].u_pe/u_mac/acc_reg/psum_out_reg[9]/D
                            (rising edge-triggered cell FDCE clocked by clk_pl_0  {rise@0.000ns fall@5.000ns period=10.000ns})
  Path Group:             clk_pl_0
  Path Type:              Hold (Min at Slow Process Corner)
  Requirement:            0.000ns  (clk_pl_0 rise@0.000ns - clk_pl_0 rise@0.000ns)
  Data Path Delay:        0.220ns  (logic 0.111ns (50.455%)  route 0.109ns (49.545%))
  Logic Levels:           0  
  Clock Path Skew:        0.094ns (DCD - SCD - CPR)
    Destination Clock Delay (DCD):    2.409ns
    Source Clock Delay      (SCD):    2.139ns
    Clock Pessimism Removal (CPR):    0.176ns
  Clock Net Delay (Source):      1.923ns (routing 0.955ns, distribution 0.968ns)
  Clock Net Delay (Destination): 2.142ns (routing 1.045ns, distribution 1.097ns)

    Location             Delay type                Incr(ns)  Path(ns)    Netlist Resource(s)
  -------------------------------------------------------------------    -------------------
                         (clock clk_pl_0 rise edge)
                                                      0.000     0.000 r  
    PS8_X0Y0             PS8                          0.000     0.000 r  system_i/zynq_ultra_ps_e_0/inst/PS8_i/PLCLK[0]
                         net (fo=1, routed)           0.181     0.181    system_i/zynq_ultra_ps_e_0/inst/pl_clk_unbuffered[0]
    BUFG_PS_X0Y80        BUFG_PS (Prop_BUFG_PS_I_O)
                                                      0.035     0.216 r  system_i/zynq_ultra_ps_e_0/inst/buffer_pl_clk_0.PL_CLK_0_BUFG/O
    X0Y1 (CLOCK_ROOT)    net (fo=3762, routed)        1.923     2.139    system_i/npu_axi_ip_0/inst/npu_axi_ip_slave_lite_v1_0_S00_AXI_inst/my_npu_top_inst/u_core/u_matmul/ROW[1].COL[1].u_pe/u_mac/mult_reg/s00_axi_aclk
    SLICE_X4Y165         FDCE                                         r  system_i/npu_axi_ip_0/inst/npu_axi_ip_slave_lite_v1_0_S00_AXI_inst/my_npu_top_inst/u_core/u_matmul/ROW[1].COL[1].u_pe/u_mac/mult_reg/mul_out_reg[9]/C
  -------------------------------------------------------------------    -------------------
    SLICE_X4Y165         FDCE (Prop_FFF_SLICEM_C_Q)
                                                      0.111     2.250 r  system_i/npu_axi_ip_0/inst/npu_axi_ip_slave_lite_v1_0_S00_AXI_inst/my_npu_top_inst/u_core/u_matmul/ROW[1].COL[1].u_pe/u_mac/mult_reg/mul_out_reg[9]/Q
                         net (fo=1, routed)           0.109     2.359    system_i/npu_axi_ip_0/inst/npu_axi_ip_slave_lite_v1_0_S00_AXI_inst/my_npu_top_inst/u_core/u_matmul/ROW[1].COL[1].u_pe/u_mac/acc_reg/Q[9]
    SLICE_X3Y165         FDCE                                         r  system_i/npu_axi_ip_0/inst/npu_axi_ip_slave_lite_v1_0_S00_AXI_inst/my_npu_top_inst/u_core/u_matmul/ROW[1].COL[1].u_pe/u_mac/acc_reg/psum_out_reg[9]/D
  -------------------------------------------------------------------    -------------------

                         (clock clk_pl_0 rise edge)
                                                      0.000     0.000 r  
    PS8_X0Y0             PS8                          0.000     0.000 r  system_i/zynq_ultra_ps_e_0/inst/PS8_i/PLCLK[0]
                         net (fo=1, routed)           0.229     0.229    system_i/zynq_ultra_ps_e_0/inst/pl_clk_unbuffered[0]
    BUFG_PS_X0Y80        BUFG_PS (Prop_BUFG_PS_I_O)
                                                      0.038     0.267 r  system_i/zynq_ultra_ps_e_0/inst/buffer_pl_clk_0.PL_CLK_0_BUFG/O
    X0Y1 (CLOCK_ROOT)    net (fo=3762, routed)        2.142     2.409    system_i/npu_axi_ip_0/inst/npu_axi_ip_slave_lite_v1_0_S00_AXI_inst/my_npu_top_inst/u_core/u_matmul/ROW[1].COL[1].u_pe/u_mac/acc_reg/s00_axi_aclk
    SLICE_X3Y165         FDCE                                         r  system_i/npu_axi_ip_0/inst/npu_axi_ip_slave_lite_v1_0_S00_AXI_inst/my_npu_top_inst/u_core/u_matmul/ROW[1].COL[1].u_pe/u_mac/acc_reg/psum_out_reg[9]/C
                         clock pessimism             -0.176     2.233    
    SLICE_X3Y165         FDCE (Hold_HFF_SLICEL_C_D)
                                                      0.101     2.334    system_i/npu_axi_ip_0/inst/npu_axi_ip_slave_lite_v1_0_S00_AXI_inst/my_npu_top_inst/u_core/u_matmul/ROW[1].COL[1].u_pe/u_mac/acc_reg/psum_out_reg[9]
  -------------------------------------------------------------------
                         required time                         -2.334    
                         arrival time                           2.359    
  -------------------------------------------------------------------
                         slack                                  0.025    

Slack (MET) :             0.028ns  (arrival time - required time)
  Source:                 system_i/axi_smc/inst/s01_entry_pipeline/s01_mmu/inst/aw_reg_stall/m_vector_i_reg[1065]/C
                            (rising edge-triggered cell FDRE clocked by clk_pl_0  {rise@0.000ns fall@5.000ns period=10.000ns})
  Destination:            system_i/axi_smc/inst/s01_entry_pipeline/s01_si_converter/inst/converter.low_area_converter.low_area_wrap_inst/orig_awaddr_reg[4]/D
                            (rising edge-triggered cell FDRE clocked by clk_pl_0  {rise@0.000ns fall@5.000ns period=10.000ns})
  Path Group:             clk_pl_0
  Path Type:              Hold (Min at Slow Process Corner)
  Requirement:            0.000ns  (clk_pl_0 rise@0.000ns - clk_pl_0 rise@0.000ns)
  Data Path Delay:        0.250ns  (logic 0.115ns (46.000%)  route 0.135ns (54.000%))
  Logic Levels:           0  
  Clock Path Skew:        0.121ns (DCD - SCD - CPR)
    Destination Clock Delay (DCD):    2.381ns
    Source Clock Delay      (SCD):    2.086ns
    Clock Pessimism Removal (CPR):    0.173ns
  Clock Net Delay (Source):      1.870ns (routing 0.955ns, distribution 0.915ns)
  Clock Net Delay (Destination): 2.114ns (routing 1.045ns, distribution 1.069ns)

    Location             Delay type                Incr(ns)  Path(ns)    Netlist Resource(s)
  -------------------------------------------------------------------    -------------------
                         (clock clk_pl_0 rise edge)
                                                      0.000     0.000 r  
    PS8_X0Y0             PS8                          0.000     0.000 r  system_i/zynq_ultra_ps_e_0/inst/PS8_i/PLCLK[0]
                         net (fo=1, routed)           0.181     0.181    system_i/zynq_ultra_ps_e_0/inst/pl_clk_unbuffered[0]
    BUFG_PS_X0Y80        BUFG_PS (Prop_BUFG_PS_I_O)
                                                      0.035     0.216 r  system_i/zynq_ultra_ps_e_0/inst/buffer_pl_clk_0.PL_CLK_0_BUFG/O
    X0Y1 (CLOCK_ROOT)    net (fo=3762, routed)        1.870     2.086    system_i/axi_smc/inst/s01_entry_pipeline/s01_mmu/inst/aw_reg_stall/aclk
    SLICE_X1Y94          FDRE                                         r  system_i/axi_smc/inst/s01_entry_pipeline/s01_mmu/inst/aw_reg_stall/m_vector_i_reg[1065]/C
  -------------------------------------------------------------------    -------------------
    SLICE_X1Y94          FDRE (Prop_DFF2_SLICEM_C_Q)
                                                      0.115     2.201 r  system_i/axi_smc/inst/s01_entry_pipeline/s01_mmu/inst/aw_reg_stall/m_vector_i_reg[1065]/Q
                         net (fo=1, routed)           0.135     2.336    system_i/axi_smc/inst/s01_entry_pipeline/s01_si_converter/inst/converter.low_area_converter.low_area_wrap_inst/s_axi_awaddr[4]
    SLICE_X3Y94          FDRE                                         r  system_i/axi_smc/inst/s01_entry_pipeline/s01_si_converter/inst/converter.low_area_converter.low_area_wrap_inst/orig_awaddr_reg[4]/D
  -------------------------------------------------------------------    -------------------

                         (clock clk_pl_0 rise edge)
                                                      0.000     0.000 r  
    PS8_X0Y0             PS8                          0.000     0.000 r  system_i/zynq_ultra_ps_e_0/inst/PS8_i/PLCLK[0]
                         net (fo=1, routed)           0.229     0.229    system_i/zynq_ultra_ps_e_0/inst/pl_clk_unbuffered[0]
    BUFG_PS_X0Y80        BUFG_PS (Prop_BUFG_PS_I_O)
                                                      0.038     0.267 r  system_i/zynq_ultra_ps_e_0/inst/buffer_pl_clk_0.PL_CLK_0_BUFG/O
    X0Y1 (CLOCK_ROOT)    net (fo=3762, routed)        2.114     2.381    system_i/axi_smc/inst/s01_entry_pipeline/s01_si_converter/inst/converter.low_area_converter.low_area_wrap_inst/aclk
    SLICE_X3Y94          FDRE                                         r  system_i/axi_smc/inst/s01_entry_pipeline/s01_si_converter/inst/converter.low_area_converter.low_area_wrap_inst/orig_awaddr_reg[4]/C
                         clock pessimism             -0.173     2.207    
    SLICE_X3Y94          FDRE (Hold_HFF_SLICEL_C_D)
                                                      0.101     2.308    system_i/axi_smc/inst/s01_entry_pipeline/s01_si_converter/inst/converter.low_area_converter.low_area_wrap_inst/orig_awaddr_reg[4]
  -------------------------------------------------------------------
                         required time                         -2.308    
                         arrival time                           2.336    
  -------------------------------------------------------------------
                         slack                                  0.028    

Slack (MET) :             0.029ns  (arrival time - required time)
  Source:                 system_i/npu_axi_ip_0/inst/npu_axi_ip_slave_lite_v1_0_S00_AXI_inst/my_npu_top_inst/u_core/u_matmul/ROW[2].COL[0].u_pe/u_mac/mult_reg/mul_out_reg[13]/C
                            (rising edge-triggered cell FDCE clocked by clk_pl_0  {rise@0.000ns fall@5.000ns period=10.000ns})
  Destination:            system_i/npu_axi_ip_0/inst/npu_axi_ip_slave_lite_v1_0_S00_AXI_inst/my_npu_top_inst/u_core/u_matmul/ROW[2].COL[0].u_pe/u_mac/acc_reg/psum_out_reg[13]/D
                            (rising edge-triggered cell FDCE clocked by clk_pl_0  {rise@0.000ns fall@5.000ns period=10.000ns})
  Path Group:             clk_pl_0
  Path Type:              Hold (Min at Slow Process Corner)
  Requirement:            0.000ns  (clk_pl_0 rise@0.000ns - clk_pl_0 rise@0.000ns)
  Data Path Delay:        0.254ns  (logic 0.111ns (43.701%)  route 0.143ns (56.299%))
  Logic Levels:           0  
  Clock Path Skew:        0.124ns (DCD - SCD - CPR)
    Destination Clock Delay (DCD):    2.438ns
    Source Clock Delay      (SCD):    2.137ns
    Clock Pessimism Removal (CPR):    0.176ns
  Clock Net Delay (Source):      1.921ns (routing 0.955ns, distribution 0.966ns)
  Clock Net Delay (Destination): 2.171ns (routing 1.045ns, distribution 1.126ns)

    Location             Delay type                Incr(ns)  Path(ns)    Netlist Resource(s)
  -------------------------------------------------------------------    -------------------
                         (clock clk_pl_0 rise edge)
                                                      0.000     0.000 r  
    PS8_X0Y0             PS8                          0.000     0.000 r  system_i/zynq_ultra_ps_e_0/inst/PS8_i/PLCLK[0]
                         net (fo=1, routed)           0.181     0.181    system_i/zynq_ultra_ps_e_0/inst/pl_clk_unbuffered[0]
    BUFG_PS_X0Y80        BUFG_PS (Prop_BUFG_PS_I_O)
                                                      0.035     0.216 r  system_i/zynq_ultra_ps_e_0/inst/buffer_pl_clk_0.PL_CLK_0_BUFG/O
    X0Y1 (CLOCK_ROOT)    net (fo=3762, routed)        1.921     2.137    system_i/npu_axi_ip_0/inst/npu_axi_ip_slave_lite_v1_0_S00_AXI_inst/my_npu_top_inst/u_core/u_matmul/ROW[2].COL[0].u_pe/u_mac/mult_reg/s00_axi_aclk
    SLICE_X7Y165         FDCE                                         r  system_i/npu_axi_ip_0/inst/npu_axi_ip_slave_lite_v1_0_S00_AXI_inst/my_npu_top_inst/u_core/u_matmul/ROW[2].COL[0].u_pe/u_mac/mult_reg/mul_out_reg[13]/C
  -------------------------------------------------------------------    -------------------
    SLICE_X7Y165         FDCE (Prop_BFF_SLICEM_C_Q)
                                                      0.111     2.248 r  system_i/npu_axi_ip_0/inst/npu_axi_ip_slave_lite_v1_0_S00_AXI_inst/my_npu_top_inst/u_core/u_matmul/ROW[2].COL[0].u_pe/u_mac/mult_reg/mul_out_reg[13]/Q
                         net (fo=1, routed)           0.143     2.391    system_i/npu_axi_ip_0/inst/npu_axi_ip_slave_lite_v1_0_S00_AXI_inst/my_npu_top_inst/u_core/u_matmul/ROW[2].COL[0].u_pe/u_mac/acc_reg/Q[13]
    SLICE_X6Y165         FDCE                                         r  system_i/npu_axi_ip_0/inst/npu_axi_ip_slave_lite_v1_0_S00_AXI_inst/my_npu_top_inst/u_core/u_matmul/ROW[2].COL[0].u_pe/u_mac/acc_reg/psum_out_reg[13]/D
  -------------------------------------------------------------------    -------------------

                         (clock clk_pl_0 rise edge)
                                                      0.000     0.000 r  
    PS8_X0Y0             PS8                          0.000     0.000 r  system_i/zynq_ultra_ps_e_0/inst/PS8_i/PLCLK[0]
                         net (fo=1, routed)           0.229     0.229    system_i/zynq_ultra_ps_e_0/inst/pl_clk_unbuffered[0]
    BUFG_PS_X0Y80        BUFG_PS (Prop_BUFG_PS_I_O)
                                                      0.038     0.267 r  system_i/zynq_ultra_ps_e_0/inst/buffer_pl_clk_0.PL_CLK_0_BUFG/O
    X0Y1 (CLOCK_ROOT)    net (fo=3762, routed)        2.171     2.438    system_i/npu_axi_ip_0/inst/npu_axi_ip_slave_lite_v1_0_S00_AXI_inst/my_npu_top_inst/u_core/u_matmul/ROW[2].COL[0].u_pe/u_mac/acc_reg/s00_axi_aclk
    SLICE_X6Y165         FDCE                                         r  system_i/npu_axi_ip_0/inst/npu_axi_ip_slave_lite_v1_0_S00_AXI_inst/my_npu_top_inst/u_core/u_matmul/ROW[2].COL[0].u_pe/u_mac/acc_reg/psum_out_reg[13]/C
                         clock pessimism             -0.176     2.261    
    SLICE_X6Y165         FDCE (Hold_GFF_SLICEL_C_D)
                                                      0.101     2.362    system_i/npu_axi_ip_0/inst/npu_axi_ip_slave_lite_v1_0_S00_AXI_inst/my_npu_top_inst/u_core/u_matmul/ROW[2].COL[0].u_pe/u_mac/acc_reg/psum_out_reg[13]
  -------------------------------------------------------------------
                         required time                         -2.362    
                         arrival time                           2.391    
  -------------------------------------------------------------------
                         slack                                  0.029    

Slack (MET) :             0.029ns  (arrival time - required time)
  Source:                 system_i/axi_smc/inst/s01_entry_pipeline/s01_mmu/inst/aw_reg_stall/m_vector_i_reg[1072]/C
                            (rising edge-triggered cell FDRE clocked by clk_pl_0  {rise@0.000ns fall@5.000ns period=10.000ns})
  Destination:            system_i/axi_smc/inst/s01_entry_pipeline/s01_si_converter/inst/converter.low_area_converter.low_area_wrap_inst/orig_awaddr_reg[11]/D
                            (rising edge-triggered cell FDRE clocked by clk_pl_0  {rise@0.000ns fall@5.000ns period=10.000ns})
  Path Group:             clk_pl_0
  Path Type:              Hold (Min at Slow Process Corner)
  Requirement:            0.000ns  (clk_pl_0 rise@0.000ns - clk_pl_0 rise@0.000ns)
  Data Path Delay:        0.254ns  (logic 0.112ns (44.095%)  route 0.142ns (55.906%))
  Logic Levels:           0  
  Clock Path Skew:        0.122ns (DCD - SCD - CPR)
    Destination Clock Delay (DCD):    2.379ns
    Source Clock Delay      (SCD):    2.083ns
    Clock Pessimism Removal (CPR):    0.173ns
  Clock Net Delay (Source):      1.867ns (routing 0.955ns, distribution 0.912ns)
  Clock Net Delay (Destination): 2.112ns (routing 1.045ns, distribution 1.067ns)

    Location             Delay type                Incr(ns)  Path(ns)    Netlist Resource(s)
  -------------------------------------------------------------------    -------------------
                         (clock clk_pl_0 rise edge)
                                                      0.000     0.000 r  
    PS8_X0Y0             PS8                          0.000     0.000 r  system_i/zynq_ultra_ps_e_0/inst/PS8_i/PLCLK[0]
                         net (fo=1, routed)           0.181     0.181    system_i/zynq_ultra_ps_e_0/inst/pl_clk_unbuffered[0]
    BUFG_PS_X0Y80        BUFG_PS (Prop_BUFG_PS_I_O)
                                                      0.035     0.216 r  system_i/zynq_ultra_ps_e_0/inst/buffer_pl_clk_0.PL_CLK_0_BUFG/O
    X0Y1 (CLOCK_ROOT)    net (fo=3762, routed)        1.867     2.083    system_i/axi_smc/inst/s01_entry_pipeline/s01_mmu/inst/aw_reg_stall/aclk
    SLICE_X1Y92          FDRE                                         r  system_i/axi_smc/inst/s01_entry_pipeline/s01_mmu/inst/aw_reg_stall/m_vector_i_reg[1072]/C
  -------------------------------------------------------------------    -------------------
    SLICE_X1Y92          FDRE (Prop_CFF_SLICEM_C_Q)
                                                      0.112     2.195 r  system_i/axi_smc/inst/s01_entry_pipeline/s01_mmu/inst/aw_reg_stall/m_vector_i_reg[1072]/Q
                         net (fo=1, routed)           0.142     2.337    system_i/axi_smc/inst/s01_entry_pipeline/s01_si_converter/inst/converter.low_area_converter.low_area_wrap_inst/s_axi_awaddr[11]
    SLICE_X2Y93          FDRE                                         r  system_i/axi_smc/inst/s01_entry_pipeline/s01_si_converter/inst/converter.low_area_converter.low_area_wrap_inst/orig_awaddr_reg[11]/D
  -------------------------------------------------------------------    -------------------

                         (clock clk_pl_0 rise edge)
                                                      0.000     0.000 r  
    PS8_X0Y0             PS8                          0.000     0.000 r  system_i/zynq_ultra_ps_e_0/inst/PS8_i/PLCLK[0]
                         net (fo=1, routed)           0.229     0.229    system_i/zynq_ultra_ps_e_0/inst/pl_clk_unbuffered[0]
    BUFG_PS_X0Y80        BUFG_PS (Prop_BUFG_PS_I_O)
                                                      0.038     0.267 r  system_i/zynq_ultra_ps_e_0/inst/buffer_pl_clk_0.PL_CLK_0_BUFG/O
    X0Y1 (CLOCK_ROOT)    net (fo=3762, routed)        2.112     2.379    system_i/axi_smc/inst/s01_entry_pipeline/s01_si_converter/inst/converter.low_area_converter.low_area_wrap_inst/aclk
    SLICE_X2Y93          FDRE                                         r  system_i/axi_smc/inst/s01_entry_pipeline/s01_si_converter/inst/converter.low_area_converter.low_area_wrap_inst/orig_awaddr_reg[11]/C
                         clock pessimism             -0.173     2.205    
    SLICE_X2Y93          FDRE (Hold_HFF2_SLICEM_C_D)
                                                      0.103     2.308    system_i/axi_smc/inst/s01_entry_pipeline/s01_si_converter/inst/converter.low_area_converter.low_area_wrap_inst/orig_awaddr_reg[11]
  -------------------------------------------------------------------
                         required time                         -2.308    
                         arrival time                           2.337    
  -------------------------------------------------------------------
                         slack                                  0.029    

Slack (MET) :             0.030ns  (arrival time - required time)
  Source:                 system_i/axi_smc/inst/switchboards/i_nodes/i_ar_node/inst/inst_mi_handler/gen_normal_area.inst_fifo_node_payld/gen_reg_fifo.inst_reg_fifo/gen_single_rank.data_reg[112]/C
                            (rising edge-triggered cell FDRE clocked by clk_pl_0  {rise@0.000ns fall@5.000ns period=10.000ns})
  Destination:            system_i/axi_smc/inst/m00_exit_pipeline/m00_exit/inst/splitter_inst/gen_axi4lite.axilite_conv/m_axi_arid_i_reg[1]/D
                            (rising edge-triggered cell FDRE clocked by clk_pl_0  {rise@0.000ns fall@5.000ns period=10.000ns})
  Path Group:             clk_pl_0
  Path Type:              Hold (Min at Slow Process Corner)
  Requirement:            0.000ns  (clk_pl_0 rise@0.000ns - clk_pl_0 rise@0.000ns)
  Data Path Delay:        0.314ns  (logic 0.115ns (36.624%)  route 0.199ns (63.376%))
  Logic Levels:           0  
  Clock Path Skew:        0.182ns (DCD - SCD - CPR)
    Destination Clock Delay (DCD):    2.423ns
    Source Clock Delay      (SCD):    2.100ns
    Clock Pessimism Removal (CPR):    0.141ns
  Clock Net Delay (Source):      1.884ns (routing 0.955ns, distribution 0.929ns)
  Clock Net Delay (Destination): 2.156ns (routing 1.045ns, distribution 1.111ns)

    Location             Delay type                Incr(ns)  Path(ns)    Netlist Resource(s)
  -------------------------------------------------------------------    -------------------
                         (clock clk_pl_0 rise edge)
                                                      0.000     0.000 r  
    PS8_X0Y0             PS8                          0.000     0.000 r  system_i/zynq_ultra_ps_e_0/inst/PS8_i/PLCLK[0]
                         net (fo=1, routed)           0.181     0.181    system_i/zynq_ultra_ps_e_0/inst/pl_clk_unbuffered[0]
    BUFG_PS_X0Y80        BUFG_PS (Prop_BUFG_PS_I_O)
                                                      0.035     0.216 r  system_i/zynq_ultra_ps_e_0/inst/buffer_pl_clk_0.PL_CLK_0_BUFG/O
    X0Y1 (CLOCK_ROOT)    net (fo=3762, routed)        1.884     2.100    system_i/axi_smc/inst/switchboards/i_nodes/i_ar_node/inst/inst_mi_handler/gen_normal_area.inst_fifo_node_payld/gen_reg_fifo.inst_reg_fifo/s_sc_aclk
    SLICE_X4Y116         FDRE                                         r  system_i/axi_smc/inst/switchboards/i_nodes/i_ar_node/inst/inst_mi_handler/gen_normal_area.inst_fifo_node_payld/gen_reg_fifo.inst_reg_fifo/gen_single_rank.data_reg[112]/C
  -------------------------------------------------------------------    -------------------
    SLICE_X4Y116         FDRE (Prop_DFF2_SLICEM_C_Q)
                                                      0.115     2.215 r  system_i/axi_smc/inst/switchboards/i_nodes/i_ar_node/inst/inst_mi_handler/gen_normal_area.inst_fifo_node_payld/gen_reg_fifo.inst_reg_fifo/gen_single_rank.data_reg[112]/Q
                         net (fo=1, routed)           0.199     2.414    system_i/axi_smc/inst/m00_exit_pipeline/m00_exit/inst/splitter_inst/gen_axi4lite.axilite_conv/s_axi_arid[1]
    SLICE_X7Y120         FDRE                                         r  system_i/axi_smc/inst/m00_exit_pipeline/m00_exit/inst/splitter_inst/gen_axi4lite.axilite_conv/m_axi_arid_i_reg[1]/D
  -------------------------------------------------------------------    -------------------

                         (clock clk_pl_0 rise edge)
                                                      0.000     0.000 r  
    PS8_X0Y0             PS8                          0.000     0.000 r  system_i/zynq_ultra_ps_e_0/inst/PS8_i/PLCLK[0]
                         net (fo=1, routed)           0.229     0.229    system_i/zynq_ultra_ps_e_0/inst/pl_clk_unbuffered[0]
    BUFG_PS_X0Y80        BUFG_PS (Prop_BUFG_PS_I_O)
                                                      0.038     0.267 r  system_i/zynq_ultra_ps_e_0/inst/buffer_pl_clk_0.PL_CLK_0_BUFG/O
    X0Y1 (CLOCK_ROOT)    net (fo=3762, routed)        2.156     2.423    system_i/axi_smc/inst/m00_exit_pipeline/m00_exit/inst/splitter_inst/gen_axi4lite.axilite_conv/aclk
    SLICE_X7Y120         FDRE                                         r  system_i/axi_smc/inst/m00_exit_pipeline/m00_exit/inst/splitter_inst/gen_axi4lite.axilite_conv/m_axi_arid_i_reg[1]/C
                         clock pessimism             -0.141     2.282    
    SLICE_X7Y120         FDRE (Hold_FFF2_SLICEM_C_D)
                                                      0.102     2.384    system_i/axi_smc/inst/m00_exit_pipeline/m00_exit/inst/splitter_inst/gen_axi4lite.axilite_conv/m_axi_arid_i_reg[1]
  -------------------------------------------------------------------
                         required time                         -2.384    
                         arrival time                           2.414    
  -------------------------------------------------------------------
                         slack                                  0.030    

Slack (MET) :             0.031ns  (arrival time - required time)
  Source:                 system_i/axi_smc/inst/m00_exit_pipeline/m00_exit/inst/splitter_inst/gen_axi4lite.axilite_conv/m_axi_arid_i_reg[0]/C
                            (rising edge-triggered cell FDRE clocked by clk_pl_0  {rise@0.000ns fall@5.000ns period=10.000ns})
  Destination:            system_i/axi_smc/inst/m00_exit_pipeline/m00_exit/inst/exit_inst/s_sbnd_ruser[sc_route]0[-1111111111]/D
                            (rising edge-triggered cell FDRE clocked by clk_pl_0  {rise@0.000ns fall@5.000ns period=10.000ns})
  Path Group:             clk_pl_0
  Path Type:              Hold (Min at Slow Process Corner)
  Requirement:            0.000ns  (clk_pl_0 rise@0.000ns - clk_pl_0 rise@0.000ns)
  Data Path Delay:        0.264ns  (logic 0.111ns (42.045%)  route 0.153ns (57.955%))
  Logic Levels:           0  
  Clock Path Skew:        0.131ns (DCD - SCD - CPR)
    Destination Clock Delay (DCD):    2.460ns
    Source Clock Delay      (SCD):    2.152ns
    Clock Pessimism Removal (CPR):    0.176ns
  Clock Net Delay (Source):      1.936ns (routing 0.955ns, distribution 0.981ns)
  Clock Net Delay (Destination): 2.193ns (routing 1.045ns, distribution 1.148ns)

    Location             Delay type                Incr(ns)  Path(ns)    Netlist Resource(s)
  -------------------------------------------------------------------    -------------------
                         (clock clk_pl_0 rise edge)
                                                      0.000     0.000 r  
    PS8_X0Y0             PS8                          0.000     0.000 r  system_i/zynq_ultra_ps_e_0/inst/PS8_i/PLCLK[0]
                         net (fo=1, routed)           0.181     0.181    system_i/zynq_ultra_ps_e_0/inst/pl_clk_unbuffered[0]
    BUFG_PS_X0Y80        BUFG_PS (Prop_BUFG_PS_I_O)
                                                      0.035     0.216 r  system_i/zynq_ultra_ps_e_0/inst/buffer_pl_clk_0.PL_CLK_0_BUFG/O
    X0Y1 (CLOCK_ROOT)    net (fo=3762, routed)        1.936     2.152    system_i/axi_smc/inst/m00_exit_pipeline/m00_exit/inst/splitter_inst/gen_axi4lite.axilite_conv/aclk
    SLICE_X7Y120         FDRE                                         r  system_i/axi_smc/inst/m00_exit_pipeline/m00_exit/inst/splitter_inst/gen_axi4lite.axilite_conv/m_axi_arid_i_reg[0]/C
  -------------------------------------------------------------------    -------------------
    SLICE_X7Y120         FDRE (Prop_FFF_SLICEM_C_Q)
                                                      0.111     2.263 r  system_i/axi_smc/inst/m00_exit_pipeline/m00_exit/inst/splitter_inst/gen_axi4lite.axilite_conv/m_axi_arid_i_reg[0]/Q
                         net (fo=1, routed)           0.153     2.416    system_i/axi_smc/inst/m00_exit_pipeline/m00_exit/inst/exit_inst/Q[0]
    SLICE_X8Y120         FDRE                                         r  system_i/axi_smc/inst/m00_exit_pipeline/m00_exit/inst/exit_inst/s_sbnd_ruser[sc_route]0[-1111111111]/D
  -------------------------------------------------------------------    -------------------

                         (clock clk_pl_0 rise edge)
                                                      0.000     0.000 r  
    PS8_X0Y0             PS8                          0.000     0.000 r  system_i/zynq_ultra_ps_e_0/inst/PS8_i/PLCLK[0]
                         net (fo=1, routed)           0.229     0.229    system_i/zynq_ultra_ps_e_0/inst/pl_clk_unbuffered[0]
    BUFG_PS_X0Y80        BUFG_PS (Prop_BUFG_PS_I_O)
                                                      0.038     0.267 r  system_i/zynq_ultra_ps_e_0/inst/buffer_pl_clk_0.PL_CLK_0_BUFG/O
    X0Y1 (CLOCK_ROOT)    net (fo=3762, routed)        2.193     2.460    system_i/axi_smc/inst/m00_exit_pipeline/m00_exit/inst/exit_inst/aclk
    SLICE_X8Y120         FDRE                                         r  system_i/axi_smc/inst/m00_exit_pipeline/m00_exit/inst/exit_inst/s_sbnd_ruser[sc_route]0[-1111111111]/C
                         clock pessimism             -0.176     2.284    
    SLICE_X8Y120         FDRE (Hold_GFF2_SLICEM_C_D)
                                                      0.102     2.386    system_i/axi_smc/inst/m00_exit_pipeline/m00_exit/inst/exit_inst/s_sbnd_ruser[sc_route]0[-1111111111]
  -------------------------------------------------------------------
                         required time                         -2.386    
                         arrival time                           2.416    
  -------------------------------------------------------------------
                         slack                                  0.031    

Slack (MET) :             0.032ns  (arrival time - required time)
  Source:                 system_i/axi_smc/inst/s01_entry_pipeline/s01_mmu/inst/aw_reg_stall/m_vector_i_reg[1071]/C
                            (rising edge-triggered cell FDRE clocked by clk_pl_0  {rise@0.000ns fall@5.000ns period=10.000ns})
  Destination:            system_i/axi_smc/inst/s01_entry_pipeline/s01_si_converter/inst/converter.low_area_converter.low_area_wrap_inst/orig_awaddr_reg[10]/D
                            (rising edge-triggered cell FDRE clocked by clk_pl_0  {rise@0.000ns fall@5.000ns period=10.000ns})
  Path Group:             clk_pl_0
  Path Type:              Hold (Min at Slow Process Corner)
  Requirement:            0.000ns  (clk_pl_0 rise@0.000ns - clk_pl_0 rise@0.000ns)
  Data Path Delay:        0.255ns  (logic 0.114ns (44.706%)  route 0.141ns (55.294%))
  Logic Levels:           0  
  Clock Path Skew:        0.120ns (DCD - SCD - CPR)
    Destination Clock Delay (DCD):    2.381ns
    Source Clock Delay      (SCD):    2.087ns
    Clock Pessimism Removal (CPR):    0.173ns
  Clock Net Delay (Source):      1.871ns (routing 0.955ns, distribution 0.916ns)
  Clock Net Delay (Destination): 2.114ns (routing 1.045ns, distribution 1.069ns)

    Location             Delay type                Incr(ns)  Path(ns)    Netlist Resource(s)
  -------------------------------------------------------------------    -------------------
                         (clock clk_pl_0 rise edge)
                                                      0.000     0.000 r  
    PS8_X0Y0             PS8                          0.000     0.000 r  system_i/zynq_ultra_ps_e_0/inst/PS8_i/PLCLK[0]
                         net (fo=1, routed)           0.181     0.181    system_i/zynq_ultra_ps_e_0/inst/pl_clk_unbuffered[0]
    BUFG_PS_X0Y80        BUFG_PS (Prop_BUFG_PS_I_O)
                                                      0.035     0.216 r  system_i/zynq_ultra_ps_e_0/inst/buffer_pl_clk_0.PL_CLK_0_BUFG/O
    X0Y1 (CLOCK_ROOT)    net (fo=3762, routed)        1.871     2.087    system_i/axi_smc/inst/s01_entry_pipeline/s01_mmu/inst/aw_reg_stall/aclk
    SLICE_X1Y95          FDRE                                         r  system_i/axi_smc/inst/s01_entry_pipeline/s01_mmu/inst/aw_reg_stall/m_vector_i_reg[1071]/C
  -------------------------------------------------------------------    -------------------
    SLICE_X1Y95          FDRE (Prop_AFF2_SLICEM_C_Q)
                                                      0.114     2.201 r  system_i/axi_smc/inst/s01_entry_pipeline/s01_mmu/inst/aw_reg_stall/m_vector_i_reg[1071]/Q
                         net (fo=1, routed)           0.141     2.342    system_i/axi_smc/inst/s01_entry_pipeline/s01_si_converter/inst/converter.low_area_converter.low_area_wrap_inst/s_axi_awaddr[10]
    SLICE_X2Y94          FDRE                                         r  system_i/axi_smc/inst/s01_entry_pipeline/s01_si_converter/inst/converter.low_area_converter.low_area_wrap_inst/orig_awaddr_reg[10]/D
  -------------------------------------------------------------------    -------------------

                         (clock clk_pl_0 rise edge)
                                                      0.000     0.000 r  
    PS8_X0Y0             PS8                          0.000     0.000 r  system_i/zynq_ultra_ps_e_0/inst/PS8_i/PLCLK[0]
                         net (fo=1, routed)           0.229     0.229    system_i/zynq_ultra_ps_e_0/inst/pl_clk_unbuffered[0]
    BUFG_PS_X0Y80        BUFG_PS (Prop_BUFG_PS_I_O)
                                                      0.038     0.267 r  system_i/zynq_ultra_ps_e_0/inst/buffer_pl_clk_0.PL_CLK_0_BUFG/O
    X0Y1 (CLOCK_ROOT)    net (fo=3762, routed)        2.114     2.381    system_i/axi_smc/inst/s01_entry_pipeline/s01_si_converter/inst/converter.low_area_converter.low_area_wrap_inst/aclk
    SLICE_X2Y94          FDRE                                         r  system_i/axi_smc/inst/s01_entry_pipeline/s01_si_converter/inst/converter.low_area_converter.low_area_wrap_inst/orig_awaddr_reg[10]/C
                         clock pessimism             -0.173     2.207    
    SLICE_X2Y94          FDRE (Hold_HFF2_SLICEM_C_D)
                                                      0.103     2.310    system_i/axi_smc/inst/s01_entry_pipeline/s01_si_converter/inst/converter.low_area_converter.low_area_wrap_inst/orig_awaddr_reg[10]
  -------------------------------------------------------------------
                         required time                         -2.310    
                         arrival time                           2.342    
  -------------------------------------------------------------------
                         slack                                  0.032    





Pulse Width Checks
--------------------------------------------------------------------------------------
Clock Name:         clk_pl_0
Waveform(ns):       { 0.000 5.000 }
Period(ns):         10.000
Sources:            { system_i/zynq_ultra_ps_e_0/inst/PS8_i/PLCLK[0] }

Check Type        Corner  Lib Pin             Reference Pin  Required(ns)  Actual(ns)  Slack(ns)  Location      Pin
Min Period        n/a     PS8/MAXIGP0ACLK     n/a            3.000         10.000      7.000      PS8_X0Y0      system_i/zynq_ultra_ps_e_0/inst/PS8_i/MAXIGP0ACLK
Min Period        n/a     PS8/MAXIGP1ACLK     n/a            3.000         10.000      7.000      PS8_X0Y0      system_i/zynq_ultra_ps_e_0/inst/PS8_i/MAXIGP1ACLK
Min Period        n/a     RAMB36E2/CLKARDCLK  n/a            1.960         10.000      8.040      RAMB36_X0Y30  system_i/npu_axi_ip_0/inst/npu_axi_ip_slave_lite_v1_0_S00_AXI_inst/my_npu_top_inst/u_local_mem/act_ram_reg_bram_0/CLKARDCLK
Min Period        n/a     RAMB36E2/CLKARDCLK  n/a            1.960         10.000      8.040      RAMB36_X0Y29  system_i/npu_axi_ip_0/inst/npu_axi_ip_slave_lite_v1_0_S00_AXI_inst/my_npu_top_inst/u_local_mem/weight_ram_reg_bram_0/CLKARDCLK
Min Period        n/a     RAMB36E2/CLKBWRCLK  n/a            1.709         10.000      8.291      RAMB36_X0Y30  system_i/npu_axi_ip_0/inst/npu_axi_ip_slave_lite_v1_0_S00_AXI_inst/my_npu_top_inst/u_local_mem/act_ram_reg_bram_0/CLKBWRCLK
Min Period        n/a     RAMB36E2/CLKBWRCLK  n/a            1.709         10.000      8.291      RAMB36_X0Y29  system_i/npu_axi_ip_0/inst/npu_axi_ip_slave_lite_v1_0_S00_AXI_inst/my_npu_top_inst/u_local_mem/weight_ram_reg_bram_0/CLKBWRCLK
Min Period        n/a     SRL16E/CLK          n/a            1.524         10.000      8.476      SLICE_X8Y115  system_i/axi_smc/inst/clk_map/psr_aclk/U0/EXT_LPF/POR_SRL_I/CLK
Min Period        n/a     SRLC32E/CLK         n/a            1.524         10.000      8.476      SLICE_X5Y141  system_i/axi_smc/inst/s00_entry_pipeline/s00_si_converter/inst/converter.low_area_converter.low_area_wrap_inst/w_resp_fifo/gen_srls[1].srl_nx1/shift_reg_reg[0]_srl32/CLK
Min Period        n/a     SRLC32E/CLK         n/a            1.524         10.000      8.476      SLICE_X5Y141  system_i/axi_smc/inst/s00_entry_pipeline/s00_si_converter/inst/converter.low_area_converter.low_area_wrap_inst/w_resp_fifo/gen_srls[2].srl_nx1/shift_reg_reg[0]_srl32/CLK
Min Period        n/a     SRLC32E/CLK         n/a            1.524         10.000      8.476      SLICE_X5Y141  system_i/axi_smc/inst/s00_entry_pipeline/s00_si_converter/inst/converter.low_area_converter.low_area_wrap_inst/w_resp_fifo/gen_srls[3].srl_nx1/shift_reg_reg[0]_srl32/CLK
Low Pulse Width   Slow    PS8/MAXIGP0ACLK     n/a            1.500         5.000       3.500      PS8_X0Y0      system_i/zynq_ultra_ps_e_0/inst/PS8_i/MAXIGP0ACLK
Low Pulse Width   Fast    PS8/MAXIGP0ACLK     n/a            1.500         5.000       3.500      PS8_X0Y0      system_i/zynq_ultra_ps_e_0/inst/PS8_i/MAXIGP0ACLK
Low Pulse Width   Slow    PS8/MAXIGP1ACLK     n/a            1.500         5.000       3.500      PS8_X0Y0      system_i/zynq_ultra_ps_e_0/inst/PS8_i/MAXIGP1ACLK
Low Pulse Width   Fast    PS8/MAXIGP1ACLK     n/a            1.500         5.000       3.500      PS8_X0Y0      system_i/zynq_ultra_ps_e_0/inst/PS8_i/MAXIGP1ACLK
Low Pulse Width   Slow    SRL16E/CLK          n/a            0.762         5.000       4.238      SLICE_X8Y115  system_i/axi_smc/inst/clk_map/psr_aclk/U0/EXT_LPF/POR_SRL_I/CLK
Low Pulse Width   Fast    SRL16E/CLK          n/a            0.762         5.000       4.238      SLICE_X8Y115  system_i/axi_smc/inst/clk_map/psr_aclk/U0/EXT_LPF/POR_SRL_I/CLK
Low Pulse Width   Slow    SRLC32E/CLK         n/a            0.762         5.000       4.238      SLICE_X5Y141  system_i/axi_smc/inst/s00_entry_pipeline/s00_si_converter/inst/converter.low_area_converter.low_area_wrap_inst/w_resp_fifo/gen_srls[1].srl_nx1/shift_reg_reg[0]_srl32/CLK
Low Pulse Width   Fast    SRLC32E/CLK         n/a            0.762         5.000       4.238      SLICE_X5Y141  system_i/axi_smc/inst/s00_entry_pipeline/s00_si_converter/inst/converter.low_area_converter.low_area_wrap_inst/w_resp_fifo/gen_srls[1].srl_nx1/shift_reg_reg[0]_srl32/CLK
Low Pulse Width   Slow    SRLC32E/CLK         n/a            0.762         5.000       4.238      SLICE_X5Y141  system_i/axi_smc/inst/s00_entry_pipeline/s00_si_converter/inst/converter.low_area_converter.low_area_wrap_inst/w_resp_fifo/gen_srls[2].srl_nx1/shift_reg_reg[0]_srl32/CLK
Low Pulse Width   Fast    SRLC32E/CLK         n/a            0.762         5.000       4.238      SLICE_X5Y141  system_i/axi_smc/inst/s00_entry_pipeline/s00_si_converter/inst/converter.low_area_converter.low_area_wrap_inst/w_resp_fifo/gen_srls[2].srl_nx1/shift_reg_reg[0]_srl32/CLK
High Pulse Width  Slow    PS8/MAXIGP0ACLK     n/a            1.500         5.000       3.500      PS8_X0Y0      system_i/zynq_ultra_ps_e_0/inst/PS8_i/MAXIGP0ACLK
High Pulse Width  Fast    PS8/MAXIGP0ACLK     n/a            1.500         5.000       3.500      PS8_X0Y0      system_i/zynq_ultra_ps_e_0/inst/PS8_i/MAXIGP0ACLK
High Pulse Width  Slow    PS8/MAXIGP1ACLK     n/a            1.500         5.000       3.500      PS8_X0Y0      system_i/zynq_ultra_ps_e_0/inst/PS8_i/MAXIGP1ACLK
High Pulse Width  Fast    PS8/MAXIGP1ACLK     n/a            1.500         5.000       3.500      PS8_X0Y0      system_i/zynq_ultra_ps_e_0/inst/PS8_i/MAXIGP1ACLK
High Pulse Width  Slow    SRL16E/CLK          n/a            0.762         5.000       4.238      SLICE_X8Y115  system_i/axi_smc/inst/clk_map/psr_aclk/U0/EXT_LPF/POR_SRL_I/CLK
High Pulse Width  Fast    SRL16E/CLK          n/a            0.762         5.000       4.238      SLICE_X8Y115  system_i/axi_smc/inst/clk_map/psr_aclk/U0/EXT_LPF/POR_SRL_I/CLK
High Pulse Width  Slow    SRLC32E/CLK         n/a            0.762         5.000       4.238      SLICE_X5Y141  system_i/axi_smc/inst/s00_entry_pipeline/s00_si_converter/inst/converter.low_area_converter.low_area_wrap_inst/w_resp_fifo/gen_srls[1].srl_nx1/shift_reg_reg[0]_srl32/CLK
High Pulse Width  Fast    SRLC32E/CLK         n/a            0.762         5.000       4.238      SLICE_X5Y141  system_i/axi_smc/inst/s00_entry_pipeline/s00_si_converter/inst/converter.low_area_converter.low_area_wrap_inst/w_resp_fifo/gen_srls[1].srl_nx1/shift_reg_reg[0]_srl32/CLK
High Pulse Width  Slow    SRLC32E/CLK         n/a            0.762         5.000       4.238      SLICE_X5Y141  system_i/axi_smc/inst/s00_entry_pipeline/s00_si_converter/inst/converter.low_area_converter.low_area_wrap_inst/w_resp_fifo/gen_srls[2].srl_nx1/shift_reg_reg[0]_srl32/CLK
High Pulse Width  Fast    SRLC32E/CLK         n/a            0.762         5.000       4.238      SLICE_X5Y141  system_i/axi_smc/inst/s00_entry_pipeline/s00_si_converter/inst/converter.low_area_converter.low_area_wrap_inst/w_resp_fifo/gen_srls[2].srl_nx1/shift_reg_reg[0]_srl32/CLK



---------------------------------------------------------------------------------------------------
Path Group:  **async_default**
From Clock:  clk_pl_0
  To Clock:  clk_pl_0

Setup :            0  Failing Endpoints,  Worst Slack        6.662ns,  Total Violation        0.000ns
Hold  :            0  Failing Endpoints,  Worst Slack        0.492ns,  Total Violation        0.000ns
---------------------------------------------------------------------------------------------------


Max Delay Paths
--------------------------------------------------------------------------------------
Slack (MET) :             6.662ns  (required time - arrival time)
  Source:                 system_i/rst_ps8_0_99M/U0/ACTIVE_LOW_PR_OUT_DFF[0].FDRE_PER_N/C
                            (rising edge-triggered cell FDRE clocked by clk_pl_0  {rise@0.000ns fall@5.000ns period=10.000ns})
  Destination:            system_i/npu_axi_ip_0/inst/npu_axi_ip_slave_lite_v1_0_S00_AXI_inst/my_npu_top_inst/u_core/u_matmul/ROW[3].COL[1].u_pe/u_mac/mult_reg/mul_out_reg[4]/CLR
                            (recovery check against rising-edge clock clk_pl_0  {rise@0.000ns fall@5.000ns period=10.000ns})
  Path Group:             **async_default**
  Path Type:              Recovery (Max at Slow Process Corner)
  Requirement:            10.000ns  (clk_pl_0 rise@10.000ns - clk_pl_0 rise@0.000ns)
  Data Path Delay:        2.987ns  (logic 0.196ns (6.562%)  route 2.791ns (93.438%))
  Logic Levels:           1  (LUT2=1)
  Clock Path Skew:        -0.098ns (DCD - SCD + CPR)
    Destination Clock Delay (DCD):    2.158ns = ( 12.158 - 10.000 ) 
    Source Clock Delay      (SCD):    2.432ns
    Clock Pessimism Removal (CPR):    0.176ns
  Clock Uncertainty:      0.160ns  ((TSJ^2 + DJ^2)^1/2) / 2 + PE
    Total System Jitter     (TSJ):    0.071ns
    Discrete Jitter          (DJ):    0.312ns
    Phase Error              (PE):    0.000ns
  Clock Net Delay (Source):      2.165ns (routing 1.045ns, distribution 1.120ns)
  Clock Net Delay (Destination): 1.942ns (routing 0.955ns, distribution 0.987ns)

    Location             Delay type                Incr(ns)  Path(ns)    Netlist Resource(s)
  -------------------------------------------------------------------    -------------------
                         (clock clk_pl_0 rise edge)
                                                      0.000     0.000 r  
    PS8_X0Y0             PS8                          0.000     0.000 r  system_i/zynq_ultra_ps_e_0/inst/PS8_i/PLCLK[0]
                         net (fo=1, routed)           0.229     0.229    system_i/zynq_ultra_ps_e_0/inst/pl_clk_unbuffered[0]
    BUFG_PS_X0Y80        BUFG_PS (Prop_BUFG_PS_I_O)
                                                      0.038     0.267 r  system_i/zynq_ultra_ps_e_0/inst/buffer_pl_clk_0.PL_CLK_0_BUFG/O
    X0Y1 (CLOCK_ROOT)    net (fo=3762, routed)        2.165     2.432    system_i/rst_ps8_0_99M/U0/slowest_sync_clk
    SLICE_X10Y131        FDRE                                         r  system_i/rst_ps8_0_99M/U0/ACTIVE_LOW_PR_OUT_DFF[0].FDRE_PER_N/C
  -------------------------------------------------------------------    -------------------
    SLICE_X10Y131        FDRE (Prop_EFF_SLICEM_C_Q)
                                                      0.113     2.545 r  system_i/rst_ps8_0_99M/U0/ACTIVE_LOW_PR_OUT_DFF[0].FDRE_PER_N/Q
                         net (fo=492, routed)         1.364     3.910    system_i/npu_axi_ip_0/inst/npu_axi_ip_slave_lite_v1_0_S00_AXI_inst/my_npu_top_inst/u_ctrl/s00_axi_aresetn
    SLICE_X8Y143         LUT2 (Prop_E6LUT_SLICEM_I1_O)
                                                      0.083     3.993 f  system_i/npu_axi_ip_0/inst/npu_axi_ip_slave_lite_v1_0_S00_AXI_inst/my_npu_top_inst/u_ctrl/FSM_onehot_state[2]_i_3/O
                         net (fo=911, routed)         1.427     5.419    system_i/npu_axi_ip_0/inst/npu_axi_ip_slave_lite_v1_0_S00_AXI_inst/my_npu_top_inst/u_core/u_matmul/ROW[3].COL[1].u_pe/u_mac/mult_reg/x_reg_reg[7]_0
    SLICE_X8Y169         FDCE                                         f  system_i/npu_axi_ip_0/inst/npu_axi_ip_slave_lite_v1_0_S00_AXI_inst/my_npu_top_inst/u_core/u_matmul/ROW[3].COL[1].u_pe/u_mac/mult_reg/mul_out_reg[4]/CLR
  -------------------------------------------------------------------    -------------------

                         (clock clk_pl_0 rise edge)
                                                     10.000    10.000 r  
    PS8_X0Y0             PS8                          0.000    10.000 r  system_i/zynq_ultra_ps_e_0/inst/PS8_i/PLCLK[0]
                         net (fo=1, routed)           0.181    10.181    system_i/zynq_ultra_ps_e_0/inst/pl_clk_unbuffered[0]
    BUFG_PS_X0Y80        BUFG_PS (Prop_BUFG_PS_I_O)
                                                      0.035    10.216 r  system_i/zynq_ultra_ps_e_0/inst/buffer_pl_clk_0.PL_CLK_0_BUFG/O
    X0Y1 (CLOCK_ROOT)    net (fo=3762, routed)        1.942    12.158    system_i/npu_axi_ip_0/inst/npu_axi_ip_slave_lite_v1_0_S00_AXI_inst/my_npu_top_inst/u_core/u_matmul/ROW[3].COL[1].u_pe/u_mac/mult_reg/s00_axi_aclk
    SLICE_X8Y169         FDCE                                         r  system_i/npu_axi_ip_0/inst/npu_axi_ip_slave_lite_v1_0_S00_AXI_inst/my_npu_top_inst/u_core/u_matmul/ROW[3].COL[1].u_pe/u_mac/mult_reg/mul_out_reg[4]/C
                         clock pessimism              0.176    12.334    
                         clock uncertainty           -0.160    12.174    
    SLICE_X8Y169         FDCE (Recov_AFF_SLICEM_C_CLR)
                                                     -0.093    12.081    system_i/npu_axi_ip_0/inst/npu_axi_ip_slave_lite_v1_0_S00_AXI_inst/my_npu_top_inst/u_core/u_matmul/ROW[3].COL[1].u_pe/u_mac/mult_reg/mul_out_reg[4]
  -------------------------------------------------------------------
                         required time                         12.081    
                         arrival time                          -5.419    
  -------------------------------------------------------------------
                         slack                                  6.662    

Slack (MET) :             6.662ns  (required time - arrival time)
  Source:                 system_i/rst_ps8_0_99M/U0/ACTIVE_LOW_PR_OUT_DFF[0].FDRE_PER_N/C
                            (rising edge-triggered cell FDRE clocked by clk_pl_0  {rise@0.000ns fall@5.000ns period=10.000ns})
  Destination:            system_i/npu_axi_ip_0/inst/npu_axi_ip_slave_lite_v1_0_S00_AXI_inst/my_npu_top_inst/u_core/u_matmul/ROW[3].COL[1].u_pe/u_mac/mult_reg/mul_out_reg[5]/CLR
                            (recovery check against rising-edge clock clk_pl_0  {rise@0.000ns fall@5.000ns period=10.000ns})
  Path Group:             **async_default**
  Path Type:              Recovery (Max at Slow Process Corner)
  Requirement:            10.000ns  (clk_pl_0 rise@10.000ns - clk_pl_0 rise@0.000ns)
  Data Path Delay:        2.987ns  (logic 0.196ns (6.562%)  route 2.791ns (93.438%))
  Logic Levels:           1  (LUT2=1)
  Clock Path Skew:        -0.098ns (DCD - SCD + CPR)
    Destination Clock Delay (DCD):    2.158ns = ( 12.158 - 10.000 ) 
    Source Clock Delay      (SCD):    2.432ns
    Clock Pessimism Removal (CPR):    0.176ns
  Clock Uncertainty:      0.160ns  ((TSJ^2 + DJ^2)^1/2) / 2 + PE
    Total System Jitter     (TSJ):    0.071ns
    Discrete Jitter          (DJ):    0.312ns
    Phase Error              (PE):    0.000ns
  Clock Net Delay (Source):      2.165ns (routing 1.045ns, distribution 1.120ns)
  Clock Net Delay (Destination): 1.942ns (routing 0.955ns, distribution 0.987ns)

    Location             Delay type                Incr(ns)  Path(ns)    Netlist Resource(s)
  -------------------------------------------------------------------    -------------------
                         (clock clk_pl_0 rise edge)
                                                      0.000     0.000 r  
    PS8_X0Y0             PS8                          0.000     0.000 r  system_i/zynq_ultra_ps_e_0/inst/PS8_i/PLCLK[0]
                         net (fo=1, routed)           0.229     0.229    system_i/zynq_ultra_ps_e_0/inst/pl_clk_unbuffered[0]
    BUFG_PS_X0Y80        BUFG_PS (Prop_BUFG_PS_I_O)
                                                      0.038     0.267 r  system_i/zynq_ultra_ps_e_0/inst/buffer_pl_clk_0.PL_CLK_0_BUFG/O
    X0Y1 (CLOCK_ROOT)    net (fo=3762, routed)        2.165     2.432    system_i/rst_ps8_0_99M/U0/slowest_sync_clk
    SLICE_X10Y131        FDRE                                         r  system_i/rst_ps8_0_99M/U0/ACTIVE_LOW_PR_OUT_DFF[0].FDRE_PER_N/C
  -------------------------------------------------------------------    -------------------
    SLICE_X10Y131        FDRE (Prop_EFF_SLICEM_C_Q)
                                                      0.113     2.545 r  system_i/rst_ps8_0_99M/U0/ACTIVE_LOW_PR_OUT_DFF[0].FDRE_PER_N/Q
                         net (fo=492, routed)         1.364     3.910    system_i/npu_axi_ip_0/inst/npu_axi_ip_slave_lite_v1_0_S00_AXI_inst/my_npu_top_inst/u_ctrl/s00_axi_aresetn
    SLICE_X8Y143         LUT2 (Prop_E6LUT_SLICEM_I1_O)
                                                      0.083     3.993 f  system_i/npu_axi_ip_0/inst/npu_axi_ip_slave_lite_v1_0_S00_AXI_inst/my_npu_top_inst/u_ctrl/FSM_onehot_state[2]_i_3/O
                         net (fo=911, routed)         1.427     5.419    system_i/npu_axi_ip_0/inst/npu_axi_ip_slave_lite_v1_0_S00_AXI_inst/my_npu_top_inst/u_core/u_matmul/ROW[3].COL[1].u_pe/u_mac/mult_reg/x_reg_reg[7]_0
    SLICE_X8Y169         FDCE                                         f  system_i/npu_axi_ip_0/inst/npu_axi_ip_slave_lite_v1_0_S00_AXI_inst/my_npu_top_inst/u_core/u_matmul/ROW[3].COL[1].u_pe/u_mac/mult_reg/mul_out_reg[5]/CLR
  -------------------------------------------------------------------    -------------------

                         (clock clk_pl_0 rise edge)
                                                     10.000    10.000 r  
    PS8_X0Y0             PS8                          0.000    10.000 r  system_i/zynq_ultra_ps_e_0/inst/PS8_i/PLCLK[0]
                         net (fo=1, routed)           0.181    10.181    system_i/zynq_ultra_ps_e_0/inst/pl_clk_unbuffered[0]
    BUFG_PS_X0Y80        BUFG_PS (Prop_BUFG_PS_I_O)
                                                      0.035    10.216 r  system_i/zynq_ultra_ps_e_0/inst/buffer_pl_clk_0.PL_CLK_0_BUFG/O
    X0Y1 (CLOCK_ROOT)    net (fo=3762, routed)        1.942    12.158    system_i/npu_axi_ip_0/inst/npu_axi_ip_slave_lite_v1_0_S00_AXI_inst/my_npu_top_inst/u_core/u_matmul/ROW[3].COL[1].u_pe/u_mac/mult_reg/s00_axi_aclk
    SLICE_X8Y169         FDCE                                         r  system_i/npu_axi_ip_0/inst/npu_axi_ip_slave_lite_v1_0_S00_AXI_inst/my_npu_top_inst/u_core/u_matmul/ROW[3].COL[1].u_pe/u_mac/mult_reg/mul_out_reg[5]/C
                         clock pessimism              0.176    12.334    
                         clock uncertainty           -0.160    12.174    
    SLICE_X8Y169         FDCE (Recov_BFF_SLICEM_C_CLR)
                                                     -0.093    12.081    system_i/npu_axi_ip_0/inst/npu_axi_ip_slave_lite_v1_0_S00_AXI_inst/my_npu_top_inst/u_core/u_matmul/ROW[3].COL[1].u_pe/u_mac/mult_reg/mul_out_reg[5]
  -------------------------------------------------------------------
                         required time                         12.081    
                         arrival time                          -5.419    
  -------------------------------------------------------------------
                         slack                                  6.662    

Slack (MET) :             6.662ns  (required time - arrival time)
  Source:                 system_i/rst_ps8_0_99M/U0/ACTIVE_LOW_PR_OUT_DFF[0].FDRE_PER_N/C
                            (rising edge-triggered cell FDRE clocked by clk_pl_0  {rise@0.000ns fall@5.000ns period=10.000ns})
  Destination:            system_i/npu_axi_ip_0/inst/npu_axi_ip_slave_lite_v1_0_S00_AXI_inst/my_npu_top_inst/u_core/u_matmul/ROW[3].COL[1].u_pe/u_mac/mult_reg/mul_out_reg[6]/CLR
                            (recovery check against rising-edge clock clk_pl_0  {rise@0.000ns fall@5.000ns period=10.000ns})
  Path Group:             **async_default**
  Path Type:              Recovery (Max at Slow Process Corner)
  Requirement:            10.000ns  (clk_pl_0 rise@10.000ns - clk_pl_0 rise@0.000ns)
  Data Path Delay:        2.987ns  (logic 0.196ns (6.562%)  route 2.791ns (93.438%))
  Logic Levels:           1  (LUT2=1)
  Clock Path Skew:        -0.098ns (DCD - SCD + CPR)
    Destination Clock Delay (DCD):    2.158ns = ( 12.158 - 10.000 ) 
    Source Clock Delay      (SCD):    2.432ns
    Clock Pessimism Removal (CPR):    0.176ns
  Clock Uncertainty:      0.160ns  ((TSJ^2 + DJ^2)^1/2) / 2 + PE
    Total System Jitter     (TSJ):    0.071ns
    Discrete Jitter          (DJ):    0.312ns
    Phase Error              (PE):    0.000ns
  Clock Net Delay (Source):      2.165ns (routing 1.045ns, distribution 1.120ns)
  Clock Net Delay (Destination): 1.942ns (routing 0.955ns, distribution 0.987ns)

    Location             Delay type                Incr(ns)  Path(ns)    Netlist Resource(s)
  -------------------------------------------------------------------    -------------------
                         (clock clk_pl_0 rise edge)
                                                      0.000     0.000 r  
    PS8_X0Y0             PS8                          0.000     0.000 r  system_i/zynq_ultra_ps_e_0/inst/PS8_i/PLCLK[0]
                         net (fo=1, routed)           0.229     0.229    system_i/zynq_ultra_ps_e_0/inst/pl_clk_unbuffered[0]
    BUFG_PS_X0Y80        BUFG_PS (Prop_BUFG_PS_I_O)
                                                      0.038     0.267 r  system_i/zynq_ultra_ps_e_0/inst/buffer_pl_clk_0.PL_CLK_0_BUFG/O
    X0Y1 (CLOCK_ROOT)    net (fo=3762, routed)        2.165     2.432    system_i/rst_ps8_0_99M/U0/slowest_sync_clk
    SLICE_X10Y131        FDRE                                         r  system_i/rst_ps8_0_99M/U0/ACTIVE_LOW_PR_OUT_DFF[0].FDRE_PER_N/C
  -------------------------------------------------------------------    -------------------
    SLICE_X10Y131        FDRE (Prop_EFF_SLICEM_C_Q)
                                                      0.113     2.545 r  system_i/rst_ps8_0_99M/U0/ACTIVE_LOW_PR_OUT_DFF[0].FDRE_PER_N/Q
                         net (fo=492, routed)         1.364     3.910    system_i/npu_axi_ip_0/inst/npu_axi_ip_slave_lite_v1_0_S00_AXI_inst/my_npu_top_inst/u_ctrl/s00_axi_aresetn
    SLICE_X8Y143         LUT2 (Prop_E6LUT_SLICEM_I1_O)
                                                      0.083     3.993 f  system_i/npu_axi_ip_0/inst/npu_axi_ip_slave_lite_v1_0_S00_AXI_inst/my_npu_top_inst/u_ctrl/FSM_onehot_state[2]_i_3/O
                         net (fo=911, routed)         1.427     5.419    system_i/npu_axi_ip_0/inst/npu_axi_ip_slave_lite_v1_0_S00_AXI_inst/my_npu_top_inst/u_core/u_matmul/ROW[3].COL[1].u_pe/u_mac/mult_reg/x_reg_reg[7]_0
    SLICE_X8Y169         FDCE                                         f  system_i/npu_axi_ip_0/inst/npu_axi_ip_slave_lite_v1_0_S00_AXI_inst/my_npu_top_inst/u_core/u_matmul/ROW[3].COL[1].u_pe/u_mac/mult_reg/mul_out_reg[6]/CLR
  -------------------------------------------------------------------    -------------------

                         (clock clk_pl_0 rise edge)
                                                     10.000    10.000 r  
    PS8_X0Y0             PS8                          0.000    10.000 r  system_i/zynq_ultra_ps_e_0/inst/PS8_i/PLCLK[0]
                         net (fo=1, routed)           0.181    10.181    system_i/zynq_ultra_ps_e_0/inst/pl_clk_unbuffered[0]
    BUFG_PS_X0Y80        BUFG_PS (Prop_BUFG_PS_I_O)
                                                      0.035    10.216 r  system_i/zynq_ultra_ps_e_0/inst/buffer_pl_clk_0.PL_CLK_0_BUFG/O
    X0Y1 (CLOCK_ROOT)    net (fo=3762, routed)        1.942    12.158    system_i/npu_axi_ip_0/inst/npu_axi_ip_slave_lite_v1_0_S00_AXI_inst/my_npu_top_inst/u_core/u_matmul/ROW[3].COL[1].u_pe/u_mac/mult_reg/s00_axi_aclk
    SLICE_X8Y169         FDCE                                         r  system_i/npu_axi_ip_0/inst/npu_axi_ip_slave_lite_v1_0_S00_AXI_inst/my_npu_top_inst/u_core/u_matmul/ROW[3].COL[1].u_pe/u_mac/mult_reg/mul_out_reg[6]/C
                         clock pessimism              0.176    12.334    
                         clock uncertainty           -0.160    12.174    
    SLICE_X8Y169         FDCE (Recov_CFF_SLICEM_C_CLR)
                                                     -0.093    12.081    system_i/npu_axi_ip_0/inst/npu_axi_ip_slave_lite_v1_0_S00_AXI_inst/my_npu_top_inst/u_core/u_matmul/ROW[3].COL[1].u_pe/u_mac/mult_reg/mul_out_reg[6]
  -------------------------------------------------------------------
                         required time                         12.081    
                         arrival time                          -5.419    
  -------------------------------------------------------------------
                         slack                                  6.662    

Slack (MET) :             6.662ns  (required time - arrival time)
  Source:                 system_i/rst_ps8_0_99M/U0/ACTIVE_LOW_PR_OUT_DFF[0].FDRE_PER_N/C
                            (rising edge-triggered cell FDRE clocked by clk_pl_0  {rise@0.000ns fall@5.000ns period=10.000ns})
  Destination:            system_i/npu_axi_ip_0/inst/npu_axi_ip_slave_lite_v1_0_S00_AXI_inst/my_npu_top_inst/u_core/u_matmul/ROW[3].COL[1].u_pe/u_mac/mult_reg/mul_out_reg[7]/CLR
                            (recovery check against rising-edge clock clk_pl_0  {rise@0.000ns fall@5.000ns period=10.000ns})
  Path Group:             **async_default**
  Path Type:              Recovery (Max at Slow Process Corner)
  Requirement:            10.000ns  (clk_pl_0 rise@10.000ns - clk_pl_0 rise@0.000ns)
  Data Path Delay:        2.987ns  (logic 0.196ns (6.562%)  route 2.791ns (93.438%))
  Logic Levels:           1  (LUT2=1)
  Clock Path Skew:        -0.098ns (DCD - SCD + CPR)
    Destination Clock Delay (DCD):    2.158ns = ( 12.158 - 10.000 ) 
    Source Clock Delay      (SCD):    2.432ns
    Clock Pessimism Removal (CPR):    0.176ns
  Clock Uncertainty:      0.160ns  ((TSJ^2 + DJ^2)^1/2) / 2 + PE
    Total System Jitter     (TSJ):    0.071ns
    Discrete Jitter          (DJ):    0.312ns
    Phase Error              (PE):    0.000ns
  Clock Net Delay (Source):      2.165ns (routing 1.045ns, distribution 1.120ns)
  Clock Net Delay (Destination): 1.942ns (routing 0.955ns, distribution 0.987ns)

    Location             Delay type                Incr(ns)  Path(ns)    Netlist Resource(s)
  -------------------------------------------------------------------    -------------------
                         (clock clk_pl_0 rise edge)
                                                      0.000     0.000 r  
    PS8_X0Y0             PS8                          0.000     0.000 r  system_i/zynq_ultra_ps_e_0/inst/PS8_i/PLCLK[0]
                         net (fo=1, routed)           0.229     0.229    system_i/zynq_ultra_ps_e_0/inst/pl_clk_unbuffered[0]
    BUFG_PS_X0Y80        BUFG_PS (Prop_BUFG_PS_I_O)
                                                      0.038     0.267 r  system_i/zynq_ultra_ps_e_0/inst/buffer_pl_clk_0.PL_CLK_0_BUFG/O
    X0Y1 (CLOCK_ROOT)    net (fo=3762, routed)        2.165     2.432    system_i/rst_ps8_0_99M/U0/slowest_sync_clk
    SLICE_X10Y131        FDRE                                         r  system_i/rst_ps8_0_99M/U0/ACTIVE_LOW_PR_OUT_DFF[0].FDRE_PER_N/C
  -------------------------------------------------------------------    -------------------
    SLICE_X10Y131        FDRE (Prop_EFF_SLICEM_C_Q)
                                                      0.113     2.545 r  system_i/rst_ps8_0_99M/U0/ACTIVE_LOW_PR_OUT_DFF[0].FDRE_PER_N/Q
                         net (fo=492, routed)         1.364     3.910    system_i/npu_axi_ip_0/inst/npu_axi_ip_slave_lite_v1_0_S00_AXI_inst/my_npu_top_inst/u_ctrl/s00_axi_aresetn
    SLICE_X8Y143         LUT2 (Prop_E6LUT_SLICEM_I1_O)
                                                      0.083     3.993 f  system_i/npu_axi_ip_0/inst/npu_axi_ip_slave_lite_v1_0_S00_AXI_inst/my_npu_top_inst/u_ctrl/FSM_onehot_state[2]_i_3/O
                         net (fo=911, routed)         1.427     5.419    system_i/npu_axi_ip_0/inst/npu_axi_ip_slave_lite_v1_0_S00_AXI_inst/my_npu_top_inst/u_core/u_matmul/ROW[3].COL[1].u_pe/u_mac/mult_reg/x_reg_reg[7]_0
    SLICE_X8Y169         FDCE                                         f  system_i/npu_axi_ip_0/inst/npu_axi_ip_slave_lite_v1_0_S00_AXI_inst/my_npu_top_inst/u_core/u_matmul/ROW[3].COL[1].u_pe/u_mac/mult_reg/mul_out_reg[7]/CLR
  -------------------------------------------------------------------    -------------------

                         (clock clk_pl_0 rise edge)
                                                     10.000    10.000 r  
    PS8_X0Y0             PS8                          0.000    10.000 r  system_i/zynq_ultra_ps_e_0/inst/PS8_i/PLCLK[0]
                         net (fo=1, routed)           0.181    10.181    system_i/zynq_ultra_ps_e_0/inst/pl_clk_unbuffered[0]
    BUFG_PS_X0Y80        BUFG_PS (Prop_BUFG_PS_I_O)
                                                      0.035    10.216 r  system_i/zynq_ultra_ps_e_0/inst/buffer_pl_clk_0.PL_CLK_0_BUFG/O
    X0Y1 (CLOCK_ROOT)    net (fo=3762, routed)        1.942    12.158    system_i/npu_axi_ip_0/inst/npu_axi_ip_slave_lite_v1_0_S00_AXI_inst/my_npu_top_inst/u_core/u_matmul/ROW[3].COL[1].u_pe/u_mac/mult_reg/s00_axi_aclk
    SLICE_X8Y169         FDCE                                         r  system_i/npu_axi_ip_0/inst/npu_axi_ip_slave_lite_v1_0_S00_AXI_inst/my_npu_top_inst/u_core/u_matmul/ROW[3].COL[1].u_pe/u_mac/mult_reg/mul_out_reg[7]/C
                         clock pessimism              0.176    12.334    
                         clock uncertainty           -0.160    12.174    
    SLICE_X8Y169         FDCE (Recov_DFF_SLICEM_C_CLR)
                                                     -0.093    12.081    system_i/npu_axi_ip_0/inst/npu_axi_ip_slave_lite_v1_0_S00_AXI_inst/my_npu_top_inst/u_core/u_matmul/ROW[3].COL[1].u_pe/u_mac/mult_reg/mul_out_reg[7]
  -------------------------------------------------------------------
                         required time                         12.081    
                         arrival time                          -5.419    
  -------------------------------------------------------------------
                         slack                                  6.662    

Slack (MET) :             6.662ns  (required time - arrival time)
  Source:                 system_i/rst_ps8_0_99M/U0/ACTIVE_LOW_PR_OUT_DFF[0].FDRE_PER_N/C
                            (rising edge-triggered cell FDRE clocked by clk_pl_0  {rise@0.000ns fall@5.000ns period=10.000ns})
  Destination:            system_i/npu_axi_ip_0/inst/npu_axi_ip_slave_lite_v1_0_S00_AXI_inst/my_npu_top_inst/u_core/u_matmul/ROW[3].COL[0].u_pe/u_mac/acc_reg/psum_out_reg[10]/CLR
                            (recovery check against rising-edge clock clk_pl_0  {rise@0.000ns fall@5.000ns period=10.000ns})
  Path Group:             **async_default**
  Path Type:              Recovery (Max at Slow Process Corner)
  Requirement:            10.000ns  (clk_pl_0 rise@10.000ns - clk_pl_0 rise@0.000ns)
  Data Path Delay:        2.984ns  (logic 0.196ns (6.568%)  route 2.788ns (93.432%))
  Logic Levels:           1  (LUT2=1)
  Clock Path Skew:        -0.101ns (DCD - SCD + CPR)
    Destination Clock Delay (DCD):    2.155ns = ( 12.155 - 10.000 ) 
    Source Clock Delay      (SCD):    2.432ns
    Clock Pessimism Removal (CPR):    0.176ns
  Clock Uncertainty:      0.160ns  ((TSJ^2 + DJ^2)^1/2) / 2 + PE
    Total System Jitter     (TSJ):    0.071ns
    Discrete Jitter          (DJ):    0.312ns
    Phase Error              (PE):    0.000ns
  Clock Net Delay (Source):      2.165ns (routing 1.045ns, distribution 1.120ns)
  Clock Net Delay (Destination): 1.939ns (routing 0.955ns, distribution 0.984ns)

    Location             Delay type                Incr(ns)  Path(ns)    Netlist Resource(s)
  -------------------------------------------------------------------    -------------------
                         (clock clk_pl_0 rise edge)
                                                      0.000     0.000 r  
    PS8_X0Y0             PS8                          0.000     0.000 r  system_i/zynq_ultra_ps_e_0/inst/PS8_i/PLCLK[0]
                         net (fo=1, routed)           0.229     0.229    system_i/zynq_ultra_ps_e_0/inst/pl_clk_unbuffered[0]
    BUFG_PS_X0Y80        BUFG_PS (Prop_BUFG_PS_I_O)
                                                      0.038     0.267 r  system_i/zynq_ultra_ps_e_0/inst/buffer_pl_clk_0.PL_CLK_0_BUFG/O
    X0Y1 (CLOCK_ROOT)    net (fo=3762, routed)        2.165     2.432    system_i/rst_ps8_0_99M/U0/slowest_sync_clk
    SLICE_X10Y131        FDRE                                         r  system_i/rst_ps8_0_99M/U0/ACTIVE_LOW_PR_OUT_DFF[0].FDRE_PER_N/C
  -------------------------------------------------------------------    -------------------
    SLICE_X10Y131        FDRE (Prop_EFF_SLICEM_C_Q)
                                                      0.113     2.545 r  system_i/rst_ps8_0_99M/U0/ACTIVE_LOW_PR_OUT_DFF[0].FDRE_PER_N/Q
                         net (fo=492, routed)         1.364     3.910    system_i/npu_axi_ip_0/inst/npu_axi_ip_slave_lite_v1_0_S00_AXI_inst/my_npu_top_inst/u_ctrl/s00_axi_aresetn
    SLICE_X8Y143         LUT2 (Prop_E6LUT_SLICEM_I1_O)
                                                      0.083     3.993 f  system_i/npu_axi_ip_0/inst/npu_axi_ip_slave_lite_v1_0_S00_AXI_inst/my_npu_top_inst/u_ctrl/FSM_onehot_state[2]_i_3/O
                         net (fo=911, routed)         1.424     5.416    system_i/npu_axi_ip_0/inst/npu_axi_ip_slave_lite_v1_0_S00_AXI_inst/my_npu_top_inst/u_core/u_matmul/ROW[3].COL[0].u_pe/u_mac/acc_reg/psum_out_reg[31]_1
    SLICE_X8Y165         FDCE                                         f  system_i/npu_axi_ip_0/inst/npu_axi_ip_slave_lite_v1_0_S00_AXI_inst/my_npu_top_inst/u_core/u_matmul/ROW[3].COL[0].u_pe/u_mac/acc_reg/psum_out_reg[10]/CLR
  -------------------------------------------------------------------    -------------------

                         (clock clk_pl_0 rise edge)
                                                     10.000    10.000 r  
    PS8_X0Y0             PS8                          0.000    10.000 r  system_i/zynq_ultra_ps_e_0/inst/PS8_i/PLCLK[0]
                         net (fo=1, routed)           0.181    10.181    system_i/zynq_ultra_ps_e_0/inst/pl_clk_unbuffered[0]
    BUFG_PS_X0Y80        BUFG_PS (Prop_BUFG_PS_I_O)
                                                      0.035    10.216 r  system_i/zynq_ultra_ps_e_0/inst/buffer_pl_clk_0.PL_CLK_0_BUFG/O
    X0Y1 (CLOCK_ROOT)    net (fo=3762, routed)        1.939    12.155    system_i/npu_axi_ip_0/inst/npu_axi_ip_slave_lite_v1_0_S00_AXI_inst/my_npu_top_inst/u_core/u_matmul/ROW[3].COL[0].u_pe/u_mac/acc_reg/s00_axi_aclk
    SLICE_X8Y165         FDCE                                         r  system_i/npu_axi_ip_0/inst/npu_axi_ip_slave_lite_v1_0_S00_AXI_inst/my_npu_top_inst/u_core/u_matmul/ROW[3].COL[0].u_pe/u_mac/acc_reg/psum_out_reg[10]/C
                         clock pessimism              0.176    12.331    
                         clock uncertainty           -0.160    12.171    
    SLICE_X8Y165         FDCE (Recov_AFF_SLICEM_C_CLR)
                                                     -0.093    12.078    system_i/npu_axi_ip_0/inst/npu_axi_ip_slave_lite_v1_0_S00_AXI_inst/my_npu_top_inst/u_core/u_matmul/ROW[3].COL[0].u_pe/u_mac/acc_reg/psum_out_reg[10]
  -------------------------------------------------------------------
                         required time                         12.078    
                         arrival time                          -5.416    
  -------------------------------------------------------------------
                         slack                                  6.662    

Slack (MET) :             6.662ns  (required time - arrival time)
  Source:                 system_i/rst_ps8_0_99M/U0/ACTIVE_LOW_PR_OUT_DFF[0].FDRE_PER_N/C
                            (rising edge-triggered cell FDRE clocked by clk_pl_0  {rise@0.000ns fall@5.000ns period=10.000ns})
  Destination:            system_i/npu_axi_ip_0/inst/npu_axi_ip_slave_lite_v1_0_S00_AXI_inst/my_npu_top_inst/u_core/u_matmul/ROW[3].COL[0].u_pe/u_mac/acc_reg/psum_out_reg[11]/CLR
                            (recovery check against rising-edge clock clk_pl_0  {rise@0.000ns fall@5.000ns period=10.000ns})
  Path Group:             **async_default**
  Path Type:              Recovery (Max at Slow Process Corner)
  Requirement:            10.000ns  (clk_pl_0 rise@10.000ns - clk_pl_0 rise@0.000ns)
  Data Path Delay:        2.984ns  (logic 0.196ns (6.568%)  route 2.788ns (93.432%))
  Logic Levels:           1  (LUT2=1)
  Clock Path Skew:        -0.101ns (DCD - SCD + CPR)
    Destination Clock Delay (DCD):    2.155ns = ( 12.155 - 10.000 ) 
    Source Clock Delay      (SCD):    2.432ns
    Clock Pessimism Removal (CPR):    0.176ns
  Clock Uncertainty:      0.160ns  ((TSJ^2 + DJ^2)^1/2) / 2 + PE
    Total System Jitter     (TSJ):    0.071ns
    Discrete Jitter          (DJ):    0.312ns
    Phase Error              (PE):    0.000ns
  Clock Net Delay (Source):      2.165ns (routing 1.045ns, distribution 1.120ns)
  Clock Net Delay (Destination): 1.939ns (routing 0.955ns, distribution 0.984ns)

    Location             Delay type                Incr(ns)  Path(ns)    Netlist Resource(s)
  -------------------------------------------------------------------    -------------------
                         (clock clk_pl_0 rise edge)
                                                      0.000     0.000 r  
    PS8_X0Y0             PS8                          0.000     0.000 r  system_i/zynq_ultra_ps_e_0/inst/PS8_i/PLCLK[0]
                         net (fo=1, routed)           0.229     0.229    system_i/zynq_ultra_ps_e_0/inst/pl_clk_unbuffered[0]
    BUFG_PS_X0Y80        BUFG_PS (Prop_BUFG_PS_I_O)
                                                      0.038     0.267 r  system_i/zynq_ultra_ps_e_0/inst/buffer_pl_clk_0.PL_CLK_0_BUFG/O
    X0Y1 (CLOCK_ROOT)    net (fo=3762, routed)        2.165     2.432    system_i/rst_ps8_0_99M/U0/slowest_sync_clk
    SLICE_X10Y131        FDRE                                         r  system_i/rst_ps8_0_99M/U0/ACTIVE_LOW_PR_OUT_DFF[0].FDRE_PER_N/C
  -------------------------------------------------------------------    -------------------
    SLICE_X10Y131        FDRE (Prop_EFF_SLICEM_C_Q)
                                                      0.113     2.545 r  system_i/rst_ps8_0_99M/U0/ACTIVE_LOW_PR_OUT_DFF[0].FDRE_PER_N/Q
                         net (fo=492, routed)         1.364     3.910    system_i/npu_axi_ip_0/inst/npu_axi_ip_slave_lite_v1_0_S00_AXI_inst/my_npu_top_inst/u_ctrl/s00_axi_aresetn
    SLICE_X8Y143         LUT2 (Prop_E6LUT_SLICEM_I1_O)
                                                      0.083     3.993 f  system_i/npu_axi_ip_0/inst/npu_axi_ip_slave_lite_v1_0_S00_AXI_inst/my_npu_top_inst/u_ctrl/FSM_onehot_state[2]_i_3/O
                         net (fo=911, routed)         1.424     5.416    system_i/npu_axi_ip_0/inst/npu_axi_ip_slave_lite_v1_0_S00_AXI_inst/my_npu_top_inst/u_core/u_matmul/ROW[3].COL[0].u_pe/u_mac/acc_reg/psum_out_reg[31]_1
    SLICE_X8Y165         FDCE                                         f  system_i/npu_axi_ip_0/inst/npu_axi_ip_slave_lite_v1_0_S00_AXI_inst/my_npu_top_inst/u_core/u_matmul/ROW[3].COL[0].u_pe/u_mac/acc_reg/psum_out_reg[11]/CLR
  -------------------------------------------------------------------    -------------------

                         (clock clk_pl_0 rise edge)
                                                     10.000    10.000 r  
    PS8_X0Y0             PS8                          0.000    10.000 r  system_i/zynq_ultra_ps_e_0/inst/PS8_i/PLCLK[0]
                         net (fo=1, routed)           0.181    10.181    system_i/zynq_ultra_ps_e_0/inst/pl_clk_unbuffered[0]
    BUFG_PS_X0Y80        BUFG_PS (Prop_BUFG_PS_I_O)
                                                      0.035    10.216 r  system_i/zynq_ultra_ps_e_0/inst/buffer_pl_clk_0.PL_CLK_0_BUFG/O
    X0Y1 (CLOCK_ROOT)    net (fo=3762, routed)        1.939    12.155    system_i/npu_axi_ip_0/inst/npu_axi_ip_slave_lite_v1_0_S00_AXI_inst/my_npu_top_inst/u_core/u_matmul/ROW[3].COL[0].u_pe/u_mac/acc_reg/s00_axi_aclk
    SLICE_X8Y165         FDCE                                         r  system_i/npu_axi_ip_0/inst/npu_axi_ip_slave_lite_v1_0_S00_AXI_inst/my_npu_top_inst/u_core/u_matmul/ROW[3].COL[0].u_pe/u_mac/acc_reg/psum_out_reg[11]/C
                         clock pessimism              0.176    12.331    
                         clock uncertainty           -0.160    12.171    
    SLICE_X8Y165         FDCE (Recov_AFF2_SLICEM_C_CLR)
                                                     -0.093    12.078    system_i/npu_axi_ip_0/inst/npu_axi_ip_slave_lite_v1_0_S00_AXI_inst/my_npu_top_inst/u_core/u_matmul/ROW[3].COL[0].u_pe/u_mac/acc_reg/psum_out_reg[11]
  -------------------------------------------------------------------
                         required time                         12.078    
                         arrival time                          -5.416    
  -------------------------------------------------------------------
                         slack                                  6.662    

Slack (MET) :             6.662ns  (required time - arrival time)
  Source:                 system_i/rst_ps8_0_99M/U0/ACTIVE_LOW_PR_OUT_DFF[0].FDRE_PER_N/C
                            (rising edge-triggered cell FDRE clocked by clk_pl_0  {rise@0.000ns fall@5.000ns period=10.000ns})
  Destination:            system_i/npu_axi_ip_0/inst/npu_axi_ip_slave_lite_v1_0_S00_AXI_inst/my_npu_top_inst/u_core/u_matmul/ROW[3].COL[0].u_pe/u_mac/acc_reg/psum_out_reg[12]/CLR
                            (recovery check against rising-edge clock clk_pl_0  {rise@0.000ns fall@5.000ns period=10.000ns})
  Path Group:             **async_default**
  Path Type:              Recovery (Max at Slow Process Corner)
  Requirement:            10.000ns  (clk_pl_0 rise@10.000ns - clk_pl_0 rise@0.000ns)
  Data Path Delay:        2.984ns  (logic 0.196ns (6.568%)  route 2.788ns (93.432%))
  Logic Levels:           1  (LUT2=1)
  Clock Path Skew:        -0.101ns (DCD - SCD + CPR)
    Destination Clock Delay (DCD):    2.155ns = ( 12.155 - 10.000 ) 
    Source Clock Delay      (SCD):    2.432ns
    Clock Pessimism Removal (CPR):    0.176ns
  Clock Uncertainty:      0.160ns  ((TSJ^2 + DJ^2)^1/2) / 2 + PE
    Total System Jitter     (TSJ):    0.071ns
    Discrete Jitter          (DJ):    0.312ns
    Phase Error              (PE):    0.000ns
  Clock Net Delay (Source):      2.165ns (routing 1.045ns, distribution 1.120ns)
  Clock Net Delay (Destination): 1.939ns (routing 0.955ns, distribution 0.984ns)

    Location             Delay type                Incr(ns)  Path(ns)    Netlist Resource(s)
  -------------------------------------------------------------------    -------------------
                         (clock clk_pl_0 rise edge)
                                                      0.000     0.000 r  
    PS8_X0Y0             PS8                          0.000     0.000 r  system_i/zynq_ultra_ps_e_0/inst/PS8_i/PLCLK[0]
                         net (fo=1, routed)           0.229     0.229    system_i/zynq_ultra_ps_e_0/inst/pl_clk_unbuffered[0]
    BUFG_PS_X0Y80        BUFG_PS (Prop_BUFG_PS_I_O)
                                                      0.038     0.267 r  system_i/zynq_ultra_ps_e_0/inst/buffer_pl_clk_0.PL_CLK_0_BUFG/O
    X0Y1 (CLOCK_ROOT)    net (fo=3762, routed)        2.165     2.432    system_i/rst_ps8_0_99M/U0/slowest_sync_clk
    SLICE_X10Y131        FDRE                                         r  system_i/rst_ps8_0_99M/U0/ACTIVE_LOW_PR_OUT_DFF[0].FDRE_PER_N/C
  -------------------------------------------------------------------    -------------------
    SLICE_X10Y131        FDRE (Prop_EFF_SLICEM_C_Q)
                                                      0.113     2.545 r  system_i/rst_ps8_0_99M/U0/ACTIVE_LOW_PR_OUT_DFF[0].FDRE_PER_N/Q
                         net (fo=492, routed)         1.364     3.910    system_i/npu_axi_ip_0/inst/npu_axi_ip_slave_lite_v1_0_S00_AXI_inst/my_npu_top_inst/u_ctrl/s00_axi_aresetn
    SLICE_X8Y143         LUT2 (Prop_E6LUT_SLICEM_I1_O)
                                                      0.083     3.993 f  system_i/npu_axi_ip_0/inst/npu_axi_ip_slave_lite_v1_0_S00_AXI_inst/my_npu_top_inst/u_ctrl/FSM_onehot_state[2]_i_3/O
                         net (fo=911, routed)         1.424     5.416    system_i/npu_axi_ip_0/inst/npu_axi_ip_slave_lite_v1_0_S00_AXI_inst/my_npu_top_inst/u_core/u_matmul/ROW[3].COL[0].u_pe/u_mac/acc_reg/psum_out_reg[31]_1
    SLICE_X8Y165         FDCE                                         f  system_i/npu_axi_ip_0/inst/npu_axi_ip_slave_lite_v1_0_S00_AXI_inst/my_npu_top_inst/u_core/u_matmul/ROW[3].COL[0].u_pe/u_mac/acc_reg/psum_out_reg[12]/CLR
  -------------------------------------------------------------------    -------------------

                         (clock clk_pl_0 rise edge)
                                                     10.000    10.000 r  
    PS8_X0Y0             PS8                          0.000    10.000 r  system_i/zynq_ultra_ps_e_0/inst/PS8_i/PLCLK[0]
                         net (fo=1, routed)           0.181    10.181    system_i/zynq_ultra_ps_e_0/inst/pl_clk_unbuffered[0]
    BUFG_PS_X0Y80        BUFG_PS (Prop_BUFG_PS_I_O)
                                                      0.035    10.216 r  system_i/zynq_ultra_ps_e_0/inst/buffer_pl_clk_0.PL_CLK_0_BUFG/O
    X0Y1 (CLOCK_ROOT)    net (fo=3762, routed)        1.939    12.155    system_i/npu_axi_ip_0/inst/npu_axi_ip_slave_lite_v1_0_S00_AXI_inst/my_npu_top_inst/u_core/u_matmul/ROW[3].COL[0].u_pe/u_mac/acc_reg/s00_axi_aclk
    SLICE_X8Y165         FDCE                                         r  system_i/npu_axi_ip_0/inst/npu_axi_ip_slave_lite_v1_0_S00_AXI_inst/my_npu_top_inst/u_core/u_matmul/ROW[3].COL[0].u_pe/u_mac/acc_reg/psum_out_reg[12]/C
                         clock pessimism              0.176    12.331    
                         clock uncertainty           -0.160    12.171    
    SLICE_X8Y165         FDCE (Recov_BFF2_SLICEM_C_CLR)
                                                     -0.093    12.078    system_i/npu_axi_ip_0/inst/npu_axi_ip_slave_lite_v1_0_S00_AXI_inst/my_npu_top_inst/u_core/u_matmul/ROW[3].COL[0].u_pe/u_mac/acc_reg/psum_out_reg[12]
  -------------------------------------------------------------------
                         required time                         12.078    
                         arrival time                          -5.416    
  -------------------------------------------------------------------
                         slack                                  6.662    

Slack (MET) :             6.662ns  (required time - arrival time)
  Source:                 system_i/rst_ps8_0_99M/U0/ACTIVE_LOW_PR_OUT_DFF[0].FDRE_PER_N/C
                            (rising edge-triggered cell FDRE clocked by clk_pl_0  {rise@0.000ns fall@5.000ns period=10.000ns})
  Destination:            system_i/npu_axi_ip_0/inst/npu_axi_ip_slave_lite_v1_0_S00_AXI_inst/my_npu_top_inst/u_core/u_matmul/ROW[3].COL[0].u_pe/u_mac/acc_reg/psum_out_reg[13]/CLR
                            (recovery check against rising-edge clock clk_pl_0  {rise@0.000ns fall@5.000ns period=10.000ns})
  Path Group:             **async_default**
  Path Type:              Recovery (Max at Slow Process Corner)
  Requirement:            10.000ns  (clk_pl_0 rise@10.000ns - clk_pl_0 rise@0.000ns)
  Data Path Delay:        2.984ns  (logic 0.196ns (6.568%)  route 2.788ns (93.432%))
  Logic Levels:           1  (LUT2=1)
  Clock Path Skew:        -0.101ns (DCD - SCD + CPR)
    Destination Clock Delay (DCD):    2.155ns = ( 12.155 - 10.000 ) 
    Source Clock Delay      (SCD):    2.432ns
    Clock Pessimism Removal (CPR):    0.176ns
  Clock Uncertainty:      0.160ns  ((TSJ^2 + DJ^2)^1/2) / 2 + PE
    Total System Jitter     (TSJ):    0.071ns
    Discrete Jitter          (DJ):    0.312ns
    Phase Error              (PE):    0.000ns
  Clock Net Delay (Source):      2.165ns (routing 1.045ns, distribution 1.120ns)
  Clock Net Delay (Destination): 1.939ns (routing 0.955ns, distribution 0.984ns)

    Location             Delay type                Incr(ns)  Path(ns)    Netlist Resource(s)
  -------------------------------------------------------------------    -------------------
                         (clock clk_pl_0 rise edge)
                                                      0.000     0.000 r  
    PS8_X0Y0             PS8                          0.000     0.000 r  system_i/zynq_ultra_ps_e_0/inst/PS8_i/PLCLK[0]
                         net (fo=1, routed)           0.229     0.229    system_i/zynq_ultra_ps_e_0/inst/pl_clk_unbuffered[0]
    BUFG_PS_X0Y80        BUFG_PS (Prop_BUFG_PS_I_O)
                                                      0.038     0.267 r  system_i/zynq_ultra_ps_e_0/inst/buffer_pl_clk_0.PL_CLK_0_BUFG/O
    X0Y1 (CLOCK_ROOT)    net (fo=3762, routed)        2.165     2.432    system_i/rst_ps8_0_99M/U0/slowest_sync_clk
    SLICE_X10Y131        FDRE                                         r  system_i/rst_ps8_0_99M/U0/ACTIVE_LOW_PR_OUT_DFF[0].FDRE_PER_N/C
  -------------------------------------------------------------------    -------------------
    SLICE_X10Y131        FDRE (Prop_EFF_SLICEM_C_Q)
                                                      0.113     2.545 r  system_i/rst_ps8_0_99M/U0/ACTIVE_LOW_PR_OUT_DFF[0].FDRE_PER_N/Q
                         net (fo=492, routed)         1.364     3.910    system_i/npu_axi_ip_0/inst/npu_axi_ip_slave_lite_v1_0_S00_AXI_inst/my_npu_top_inst/u_ctrl/s00_axi_aresetn
    SLICE_X8Y143         LUT2 (Prop_E6LUT_SLICEM_I1_O)
                                                      0.083     3.993 f  system_i/npu_axi_ip_0/inst/npu_axi_ip_slave_lite_v1_0_S00_AXI_inst/my_npu_top_inst/u_ctrl/FSM_onehot_state[2]_i_3/O
                         net (fo=911, routed)         1.424     5.416    system_i/npu_axi_ip_0/inst/npu_axi_ip_slave_lite_v1_0_S00_AXI_inst/my_npu_top_inst/u_core/u_matmul/ROW[3].COL[0].u_pe/u_mac/acc_reg/psum_out_reg[31]_1
    SLICE_X8Y165         FDCE                                         f  system_i/npu_axi_ip_0/inst/npu_axi_ip_slave_lite_v1_0_S00_AXI_inst/my_npu_top_inst/u_core/u_matmul/ROW[3].COL[0].u_pe/u_mac/acc_reg/psum_out_reg[13]/CLR
  -------------------------------------------------------------------    -------------------

                         (clock clk_pl_0 rise edge)
                                                     10.000    10.000 r  
    PS8_X0Y0             PS8                          0.000    10.000 r  system_i/zynq_ultra_ps_e_0/inst/PS8_i/PLCLK[0]
                         net (fo=1, routed)           0.181    10.181    system_i/zynq_ultra_ps_e_0/inst/pl_clk_unbuffered[0]
    BUFG_PS_X0Y80        BUFG_PS (Prop_BUFG_PS_I_O)
                                                      0.035    10.216 r  system_i/zynq_ultra_ps_e_0/inst/buffer_pl_clk_0.PL_CLK_0_BUFG/O
    X0Y1 (CLOCK_ROOT)    net (fo=3762, routed)        1.939    12.155    system_i/npu_axi_ip_0/inst/npu_axi_ip_slave_lite_v1_0_S00_AXI_inst/my_npu_top_inst/u_core/u_matmul/ROW[3].COL[0].u_pe/u_mac/acc_reg/s00_axi_aclk
    SLICE_X8Y165         FDCE                                         r  system_i/npu_axi_ip_0/inst/npu_axi_ip_slave_lite_v1_0_S00_AXI_inst/my_npu_top_inst/u_core/u_matmul/ROW[3].COL[0].u_pe/u_mac/acc_reg/psum_out_reg[13]/C
                         clock pessimism              0.176    12.331    
                         clock uncertainty           -0.160    12.171    
    SLICE_X8Y165         FDCE (Recov_CFF_SLICEM_C_CLR)
                                                     -0.093    12.078    system_i/npu_axi_ip_0/inst/npu_axi_ip_slave_lite_v1_0_S00_AXI_inst/my_npu_top_inst/u_core/u_matmul/ROW[3].COL[0].u_pe/u_mac/acc_reg/psum_out_reg[13]
  -------------------------------------------------------------------
                         required time                         12.078    
                         arrival time                          -5.416    
  -------------------------------------------------------------------
                         slack                                  6.662    

Slack (MET) :             6.662ns  (required time - arrival time)
  Source:                 system_i/rst_ps8_0_99M/U0/ACTIVE_LOW_PR_OUT_DFF[0].FDRE_PER_N/C
                            (rising edge-triggered cell FDRE clocked by clk_pl_0  {rise@0.000ns fall@5.000ns period=10.000ns})
  Destination:            system_i/npu_axi_ip_0/inst/npu_axi_ip_slave_lite_v1_0_S00_AXI_inst/my_npu_top_inst/u_core/u_matmul/ROW[3].COL[0].u_pe/u_mac/acc_reg/psum_out_reg[4]/CLR
                            (recovery check against rising-edge clock clk_pl_0  {rise@0.000ns fall@5.000ns period=10.000ns})
  Path Group:             **async_default**
  Path Type:              Recovery (Max at Slow Process Corner)
  Requirement:            10.000ns  (clk_pl_0 rise@10.000ns - clk_pl_0 rise@0.000ns)
  Data Path Delay:        2.984ns  (logic 0.196ns (6.568%)  route 2.788ns (93.432%))
  Logic Levels:           1  (LUT2=1)
  Clock Path Skew:        -0.101ns (DCD - SCD + CPR)
    Destination Clock Delay (DCD):    2.155ns = ( 12.155 - 10.000 ) 
    Source Clock Delay      (SCD):    2.432ns
    Clock Pessimism Removal (CPR):    0.176ns
  Clock Uncertainty:      0.160ns  ((TSJ^2 + DJ^2)^1/2) / 2 + PE
    Total System Jitter     (TSJ):    0.071ns
    Discrete Jitter          (DJ):    0.312ns
    Phase Error              (PE):    0.000ns
  Clock Net Delay (Source):      2.165ns (routing 1.045ns, distribution 1.120ns)
  Clock Net Delay (Destination): 1.939ns (routing 0.955ns, distribution 0.984ns)

    Location             Delay type                Incr(ns)  Path(ns)    Netlist Resource(s)
  -------------------------------------------------------------------    -------------------
                         (clock clk_pl_0 rise edge)
                                                      0.000     0.000 r  
    PS8_X0Y0             PS8                          0.000     0.000 r  system_i/zynq_ultra_ps_e_0/inst/PS8_i/PLCLK[0]
                         net (fo=1, routed)           0.229     0.229    system_i/zynq_ultra_ps_e_0/inst/pl_clk_unbuffered[0]
    BUFG_PS_X0Y80        BUFG_PS (Prop_BUFG_PS_I_O)
                                                      0.038     0.267 r  system_i/zynq_ultra_ps_e_0/inst/buffer_pl_clk_0.PL_CLK_0_BUFG/O
    X0Y1 (CLOCK_ROOT)    net (fo=3762, routed)        2.165     2.432    system_i/rst_ps8_0_99M/U0/slowest_sync_clk
    SLICE_X10Y131        FDRE                                         r  system_i/rst_ps8_0_99M/U0/ACTIVE_LOW_PR_OUT_DFF[0].FDRE_PER_N/C
  -------------------------------------------------------------------    -------------------
    SLICE_X10Y131        FDRE (Prop_EFF_SLICEM_C_Q)
                                                      0.113     2.545 r  system_i/rst_ps8_0_99M/U0/ACTIVE_LOW_PR_OUT_DFF[0].FDRE_PER_N/Q
                         net (fo=492, routed)         1.364     3.910    system_i/npu_axi_ip_0/inst/npu_axi_ip_slave_lite_v1_0_S00_AXI_inst/my_npu_top_inst/u_ctrl/s00_axi_aresetn
    SLICE_X8Y143         LUT2 (Prop_E6LUT_SLICEM_I1_O)
                                                      0.083     3.993 f  system_i/npu_axi_ip_0/inst/npu_axi_ip_slave_lite_v1_0_S00_AXI_inst/my_npu_top_inst/u_ctrl/FSM_onehot_state[2]_i_3/O
                         net (fo=911, routed)         1.424     5.416    system_i/npu_axi_ip_0/inst/npu_axi_ip_slave_lite_v1_0_S00_AXI_inst/my_npu_top_inst/u_core/u_matmul/ROW[3].COL[0].u_pe/u_mac/acc_reg/psum_out_reg[31]_1
    SLICE_X8Y165         FDCE                                         f  system_i/npu_axi_ip_0/inst/npu_axi_ip_slave_lite_v1_0_S00_AXI_inst/my_npu_top_inst/u_core/u_matmul/ROW[3].COL[0].u_pe/u_mac/acc_reg/psum_out_reg[4]/CLR
  -------------------------------------------------------------------    -------------------

                         (clock clk_pl_0 rise edge)
                                                     10.000    10.000 r  
    PS8_X0Y0             PS8                          0.000    10.000 r  system_i/zynq_ultra_ps_e_0/inst/PS8_i/PLCLK[0]
                         net (fo=1, routed)           0.181    10.181    system_i/zynq_ultra_ps_e_0/inst/pl_clk_unbuffered[0]
    BUFG_PS_X0Y80        BUFG_PS (Prop_BUFG_PS_I_O)
                                                      0.035    10.216 r  system_i/zynq_ultra_ps_e_0/inst/buffer_pl_clk_0.PL_CLK_0_BUFG/O
    X0Y1 (CLOCK_ROOT)    net (fo=3762, routed)        1.939    12.155    system_i/npu_axi_ip_0/inst/npu_axi_ip_slave_lite_v1_0_S00_AXI_inst/my_npu_top_inst/u_core/u_matmul/ROW[3].COL[0].u_pe/u_mac/acc_reg/s00_axi_aclk
    SLICE_X8Y165         FDCE                                         r  system_i/npu_axi_ip_0/inst/npu_axi_ip_slave_lite_v1_0_S00_AXI_inst/my_npu_top_inst/u_core/u_matmul/ROW[3].COL[0].u_pe/u_mac/acc_reg/psum_out_reg[4]/C
                         clock pessimism              0.176    12.331    
                         clock uncertainty           -0.160    12.171    
    SLICE_X8Y165         FDCE (Recov_CFF2_SLICEM_C_CLR)
                                                     -0.093    12.078    system_i/npu_axi_ip_0/inst/npu_axi_ip_slave_lite_v1_0_S00_AXI_inst/my_npu_top_inst/u_core/u_matmul/ROW[3].COL[0].u_pe/u_mac/acc_reg/psum_out_reg[4]
  -------------------------------------------------------------------
                         required time                         12.078    
                         arrival time                          -5.416    
  -------------------------------------------------------------------
                         slack                                  6.662    

Slack (MET) :             6.662ns  (required time - arrival time)
  Source:                 system_i/rst_ps8_0_99M/U0/ACTIVE_LOW_PR_OUT_DFF[0].FDRE_PER_N/C
                            (rising edge-triggered cell FDRE clocked by clk_pl_0  {rise@0.000ns fall@5.000ns period=10.000ns})
  Destination:            system_i/npu_axi_ip_0/inst/npu_axi_ip_slave_lite_v1_0_S00_AXI_inst/my_npu_top_inst/u_core/u_matmul/ROW[3].COL[0].u_pe/u_mac/acc_reg/psum_out_reg[5]/CLR
                            (recovery check against rising-edge clock clk_pl_0  {rise@0.000ns fall@5.000ns period=10.000ns})
  Path Group:             **async_default**
  Path Type:              Recovery (Max at Slow Process Corner)
  Requirement:            10.000ns  (clk_pl_0 rise@10.000ns - clk_pl_0 rise@0.000ns)
  Data Path Delay:        2.984ns  (logic 0.196ns (6.568%)  route 2.788ns (93.432%))
  Logic Levels:           1  (LUT2=1)
  Clock Path Skew:        -0.101ns (DCD - SCD + CPR)
    Destination Clock Delay (DCD):    2.155ns = ( 12.155 - 10.000 ) 
    Source Clock Delay      (SCD):    2.432ns
    Clock Pessimism Removal (CPR):    0.176ns
  Clock Uncertainty:      0.160ns  ((TSJ^2 + DJ^2)^1/2) / 2 + PE
    Total System Jitter     (TSJ):    0.071ns
    Discrete Jitter          (DJ):    0.312ns
    Phase Error              (PE):    0.000ns
  Clock Net Delay (Source):      2.165ns (routing 1.045ns, distribution 1.120ns)
  Clock Net Delay (Destination): 1.939ns (routing 0.955ns, distribution 0.984ns)

    Location             Delay type                Incr(ns)  Path(ns)    Netlist Resource(s)
  -------------------------------------------------------------------    -------------------
                         (clock clk_pl_0 rise edge)
                                                      0.000     0.000 r  
    PS8_X0Y0             PS8                          0.000     0.000 r  system_i/zynq_ultra_ps_e_0/inst/PS8_i/PLCLK[0]
                         net (fo=1, routed)           0.229     0.229    system_i/zynq_ultra_ps_e_0/inst/pl_clk_unbuffered[0]
    BUFG_PS_X0Y80        BUFG_PS (Prop_BUFG_PS_I_O)
                                                      0.038     0.267 r  system_i/zynq_ultra_ps_e_0/inst/buffer_pl_clk_0.PL_CLK_0_BUFG/O
    X0Y1 (CLOCK_ROOT)    net (fo=3762, routed)        2.165     2.432    system_i/rst_ps8_0_99M/U0/slowest_sync_clk
    SLICE_X10Y131        FDRE                                         r  system_i/rst_ps8_0_99M/U0/ACTIVE_LOW_PR_OUT_DFF[0].FDRE_PER_N/C
  -------------------------------------------------------------------    -------------------
    SLICE_X10Y131        FDRE (Prop_EFF_SLICEM_C_Q)
                                                      0.113     2.545 r  system_i/rst_ps8_0_99M/U0/ACTIVE_LOW_PR_OUT_DFF[0].FDRE_PER_N/Q
                         net (fo=492, routed)         1.364     3.910    system_i/npu_axi_ip_0/inst/npu_axi_ip_slave_lite_v1_0_S00_AXI_inst/my_npu_top_inst/u_ctrl/s00_axi_aresetn
    SLICE_X8Y143         LUT2 (Prop_E6LUT_SLICEM_I1_O)
                                                      0.083     3.993 f  system_i/npu_axi_ip_0/inst/npu_axi_ip_slave_lite_v1_0_S00_AXI_inst/my_npu_top_inst/u_ctrl/FSM_onehot_state[2]_i_3/O
                         net (fo=911, routed)         1.424     5.416    system_i/npu_axi_ip_0/inst/npu_axi_ip_slave_lite_v1_0_S00_AXI_inst/my_npu_top_inst/u_core/u_matmul/ROW[3].COL[0].u_pe/u_mac/acc_reg/psum_out_reg[31]_1
    SLICE_X8Y165         FDCE                                         f  system_i/npu_axi_ip_0/inst/npu_axi_ip_slave_lite_v1_0_S00_AXI_inst/my_npu_top_inst/u_core/u_matmul/ROW[3].COL[0].u_pe/u_mac/acc_reg/psum_out_reg[5]/CLR
  -------------------------------------------------------------------    -------------------

                         (clock clk_pl_0 rise edge)
                                                     10.000    10.000 r  
    PS8_X0Y0             PS8                          0.000    10.000 r  system_i/zynq_ultra_ps_e_0/inst/PS8_i/PLCLK[0]
                         net (fo=1, routed)           0.181    10.181    system_i/zynq_ultra_ps_e_0/inst/pl_clk_unbuffered[0]
    BUFG_PS_X0Y80        BUFG_PS (Prop_BUFG_PS_I_O)
                                                      0.035    10.216 r  system_i/zynq_ultra_ps_e_0/inst/buffer_pl_clk_0.PL_CLK_0_BUFG/O
    X0Y1 (CLOCK_ROOT)    net (fo=3762, routed)        1.939    12.155    system_i/npu_axi_ip_0/inst/npu_axi_ip_slave_lite_v1_0_S00_AXI_inst/my_npu_top_inst/u_core/u_matmul/ROW[3].COL[0].u_pe/u_mac/acc_reg/s00_axi_aclk
    SLICE_X8Y165         FDCE                                         r  system_i/npu_axi_ip_0/inst/npu_axi_ip_slave_lite_v1_0_S00_AXI_inst/my_npu_top_inst/u_core/u_matmul/ROW[3].COL[0].u_pe/u_mac/acc_reg/psum_out_reg[5]/C
                         clock pessimism              0.176    12.331    
                         clock uncertainty           -0.160    12.171    
    SLICE_X8Y165         FDCE (Recov_DFF_SLICEM_C_CLR)
                                                     -0.093    12.078    system_i/npu_axi_ip_0/inst/npu_axi_ip_slave_lite_v1_0_S00_AXI_inst/my_npu_top_inst/u_core/u_matmul/ROW[3].COL[0].u_pe/u_mac/acc_reg/psum_out_reg[5]
  -------------------------------------------------------------------
                         required time                         12.078    
                         arrival time                          -5.416    
  -------------------------------------------------------------------
                         slack                                  6.662    





Min Delay Paths
--------------------------------------------------------------------------------------
Slack (MET) :             0.492ns  (arrival time - required time)
  Source:                 system_i/npu_axi_ip_0/inst/npu_axi_ip_slave_lite_v1_0_S00_AXI_inst/my_npu_top_inst/u_ctrl/ctrl_reg_reg[1]/C
                            (rising edge-triggered cell FDCE clocked by clk_pl_0  {rise@0.000ns fall@5.000ns period=10.000ns})
  Destination:            system_i/npu_axi_ip_0/inst/npu_axi_ip_slave_lite_v1_0_S00_AXI_inst/my_npu_top_inst/u_core/u_matmul/ROW[0].COL[0].u_pe/u_mac/mult_reg/w_reg_reg[2]/CLR
                            (removal check against rising-edge clock clk_pl_0  {rise@0.000ns fall@5.000ns period=10.000ns})
  Path Group:             **async_default**
  Path Type:              Removal (Min at Fast Process Corner)
  Requirement:            0.000ns  (clk_pl_0 rise@0.000ns - clk_pl_0 rise@0.000ns)
  Data Path Delay:        0.514ns  (logic 0.186ns (36.171%)  route 0.328ns (63.829%))
  Logic Levels:           1  (LUT2=1)
  Clock Path Skew:        0.040ns (DCD - SCD - CPR)
    Destination Clock Delay (DCD):    1.471ns
    Source Clock Delay      (SCD):    1.327ns
    Clock Pessimism Removal (CPR):    0.104ns
  Clock Net Delay (Source):      1.176ns (routing 0.572ns, distribution 0.604ns)
  Clock Net Delay (Destination): 1.284ns (routing 0.623ns, distribution 0.661ns)

    Location             Delay type                Incr(ns)  Path(ns)    Netlist Resource(s)
  -------------------------------------------------------------------    -------------------
                         (clock clk_pl_0 rise edge)
                                                      0.000     0.000 r  
    PS8_X0Y0             PS8                          0.000     0.000 r  system_i/zynq_ultra_ps_e_0/inst/PS8_i/PLCLK[0]
                         net (fo=1, routed)           0.129     0.129    system_i/zynq_ultra_ps_e_0/inst/pl_clk_unbuffered[0]
    BUFG_PS_X0Y80        BUFG_PS (Prop_BUFG_PS_I_O)
                                                      0.022     0.151 r  system_i/zynq_ultra_ps_e_0/inst/buffer_pl_clk_0.PL_CLK_0_BUFG/O
    X0Y1 (CLOCK_ROOT)    net (fo=3762, routed)        1.176     1.327    system_i/npu_axi_ip_0/inst/npu_axi_ip_slave_lite_v1_0_S00_AXI_inst/my_npu_top_inst/u_ctrl/s00_axi_aclk
    SLICE_X8Y143         FDCE                                         r  system_i/npu_axi_ip_0/inst/npu_axi_ip_slave_lite_v1_0_S00_AXI_inst/my_npu_top_inst/u_ctrl/ctrl_reg_reg[1]/C
  -------------------------------------------------------------------    -------------------
    SLICE_X8Y143         FDCE (Prop_DFF_SLICEM_C_Q)
                                                      0.083     1.410 f  system_i/npu_axi_ip_0/inst/npu_axi_ip_slave_lite_v1_0_S00_AXI_inst/my_npu_top_inst/u_ctrl/ctrl_reg_reg[1]/Q
                         net (fo=2, routed)           0.037     1.447    system_i/npu_axi_ip_0/inst/npu_axi_ip_slave_lite_v1_0_S00_AXI_inst/my_npu_top_inst/u_ctrl/reset_soft
    SLICE_X8Y143         LUT2 (Prop_E6LUT_SLICEM_I0_O)
                                                      0.103     1.550 f  system_i/npu_axi_ip_0/inst/npu_axi_ip_slave_lite_v1_0_S00_AXI_inst/my_npu_top_inst/u_ctrl/FSM_onehot_state[2]_i_3/O
                         net (fo=911, routed)         0.291     1.841    system_i/npu_axi_ip_0/inst/npu_axi_ip_slave_lite_v1_0_S00_AXI_inst/my_npu_top_inst/u_core/u_matmul/ROW[0].COL[0].u_pe/u_mac/mult_reg/w_reg_reg[7]_0
    SLICE_X10Y147        FDCE                                         f  system_i/npu_axi_ip_0/inst/npu_axi_ip_slave_lite_v1_0_S00_AXI_inst/my_npu_top_inst/u_core/u_matmul/ROW[0].COL[0].u_pe/u_mac/mult_reg/w_reg_reg[2]/CLR
  -------------------------------------------------------------------    -------------------

                         (clock clk_pl_0 rise edge)
                                                      0.000     0.000 r  
    PS8_X0Y0             PS8                          0.000     0.000 r  system_i/zynq_ultra_ps_e_0/inst/PS8_i/PLCLK[0]
                         net (fo=1, routed)           0.164     0.164    system_i/zynq_ultra_ps_e_0/inst/pl_clk_unbuffered[0]
    BUFG_PS_X0Y80        BUFG_PS (Prop_BUFG_PS_I_O)
                                                      0.023     0.187 r  system_i/zynq_ultra_ps_e_0/inst/buffer_pl_clk_0.PL_CLK_0_BUFG/O
    X0Y1 (CLOCK_ROOT)    net (fo=3762, routed)        1.284     1.471    system_i/npu_axi_ip_0/inst/npu_axi_ip_slave_lite_v1_0_S00_AXI_inst/my_npu_top_inst/u_core/u_matmul/ROW[0].COL[0].u_pe/u_mac/mult_reg/s00_axi_aclk
    SLICE_X10Y147        FDCE                                         r  system_i/npu_axi_ip_0/inst/npu_axi_ip_slave_lite_v1_0_S00_AXI_inst/my_npu_top_inst/u_core/u_matmul/ROW[0].COL[0].u_pe/u_mac/mult_reg/w_reg_reg[2]/C
                         clock pessimism             -0.104     1.367    
    SLICE_X10Y147        FDCE (Remov_AFF_SLICEM_C_CLR)
                                                     -0.018     1.349    system_i/npu_axi_ip_0/inst/npu_axi_ip_slave_lite_v1_0_S00_AXI_inst/my_npu_top_inst/u_core/u_matmul/ROW[0].COL[0].u_pe/u_mac/mult_reg/w_reg_reg[2]
  -------------------------------------------------------------------
                         required time                         -1.349    
                         arrival time                           1.841    
  -------------------------------------------------------------------
                         slack                                  0.492    

Slack (MET) :             0.587ns  (arrival time - required time)
  Source:                 system_i/npu_axi_ip_0/inst/npu_axi_ip_slave_lite_v1_0_S00_AXI_inst/my_npu_top_inst/u_ctrl/ctrl_reg_reg[1]/C
                            (rising edge-triggered cell FDCE clocked by clk_pl_0  {rise@0.000ns fall@5.000ns period=10.000ns})
  Destination:            system_i/npu_axi_ip_0/inst/npu_axi_ip_slave_lite_v1_0_S00_AXI_inst/my_npu_top_inst/u_core/u_act_buf/row_skew[2].delay_regs_reg[1][0]/CLR
                            (removal check against rising-edge clock clk_pl_0  {rise@0.000ns fall@5.000ns period=10.000ns})
  Path Group:             **async_default**
  Path Type:              Removal (Min at Fast Process Corner)
  Requirement:            0.000ns  (clk_pl_0 rise@0.000ns - clk_pl_0 rise@0.000ns)
  Data Path Delay:        0.633ns  (logic 0.186ns (29.362%)  route 0.447ns (70.638%))
  Logic Levels:           1  (LUT2=1)
  Clock Path Skew:        0.065ns (DCD - SCD - CPR)
    Destination Clock Delay (DCD):    1.496ns
    Source Clock Delay      (SCD):    1.327ns
    Clock Pessimism Removal (CPR):    0.104ns
  Clock Net Delay (Source):      1.176ns (routing 0.572ns, distribution 0.604ns)
  Clock Net Delay (Destination): 1.309ns (routing 0.623ns, distribution 0.686ns)

    Location             Delay type                Incr(ns)  Path(ns)    Netlist Resource(s)
  -------------------------------------------------------------------    -------------------
                         (clock clk_pl_0 rise edge)
                                                      0.000     0.000 r  
    PS8_X0Y0             PS8                          0.000     0.000 r  system_i/zynq_ultra_ps_e_0/inst/PS8_i/PLCLK[0]
                         net (fo=1, routed)           0.129     0.129    system_i/zynq_ultra_ps_e_0/inst/pl_clk_unbuffered[0]
    BUFG_PS_X0Y80        BUFG_PS (Prop_BUFG_PS_I_O)
                                                      0.022     0.151 r  system_i/zynq_ultra_ps_e_0/inst/buffer_pl_clk_0.PL_CLK_0_BUFG/O
    X0Y1 (CLOCK_ROOT)    net (fo=3762, routed)        1.176     1.327    system_i/npu_axi_ip_0/inst/npu_axi_ip_slave_lite_v1_0_S00_AXI_inst/my_npu_top_inst/u_ctrl/s00_axi_aclk
    SLICE_X8Y143         FDCE                                         r  system_i/npu_axi_ip_0/inst/npu_axi_ip_slave_lite_v1_0_S00_AXI_inst/my_npu_top_inst/u_ctrl/ctrl_reg_reg[1]/C
  -------------------------------------------------------------------    -------------------
    SLICE_X8Y143         FDCE (Prop_DFF_SLICEM_C_Q)
                                                      0.083     1.410 f  system_i/npu_axi_ip_0/inst/npu_axi_ip_slave_lite_v1_0_S00_AXI_inst/my_npu_top_inst/u_ctrl/ctrl_reg_reg[1]/Q
                         net (fo=2, routed)           0.037     1.447    system_i/npu_axi_ip_0/inst/npu_axi_ip_slave_lite_v1_0_S00_AXI_inst/my_npu_top_inst/u_ctrl/reset_soft
    SLICE_X8Y143         LUT2 (Prop_E6LUT_SLICEM_I0_O)
                                                      0.103     1.550 f  system_i/npu_axi_ip_0/inst/npu_axi_ip_slave_lite_v1_0_S00_AXI_inst/my_npu_top_inst/u_ctrl/FSM_onehot_state[2]_i_3/O
                         net (fo=911, routed)         0.410     1.961    system_i/npu_axi_ip_0/inst/npu_axi_ip_slave_lite_v1_0_S00_AXI_inst/my_npu_top_inst/u_core/u_act_buf/row_skew[3].delay_regs_reg[2][0]_0
    SLICE_X19Y158        FDCE                                         f  system_i/npu_axi_ip_0/inst/npu_axi_ip_slave_lite_v1_0_S00_AXI_inst/my_npu_top_inst/u_core/u_act_buf/row_skew[2].delay_regs_reg[1][0]/CLR
  -------------------------------------------------------------------    -------------------

                         (clock clk_pl_0 rise edge)
                                                      0.000     0.000 r  
    PS8_X0Y0             PS8                          0.000     0.000 r  system_i/zynq_ultra_ps_e_0/inst/PS8_i/PLCLK[0]
                         net (fo=1, routed)           0.164     0.164    system_i/zynq_ultra_ps_e_0/inst/pl_clk_unbuffered[0]
    BUFG_PS_X0Y80        BUFG_PS (Prop_BUFG_PS_I_O)
                                                      0.023     0.187 r  system_i/zynq_ultra_ps_e_0/inst/buffer_pl_clk_0.PL_CLK_0_BUFG/O
    X0Y1 (CLOCK_ROOT)    net (fo=3762, routed)        1.309     1.496    system_i/npu_axi_ip_0/inst/npu_axi_ip_slave_lite_v1_0_S00_AXI_inst/my_npu_top_inst/u_core/u_act_buf/s00_axi_aclk
    SLICE_X19Y158        FDCE                                         r  system_i/npu_axi_ip_0/inst/npu_axi_ip_slave_lite_v1_0_S00_AXI_inst/my_npu_top_inst/u_core/u_act_buf/row_skew[2].delay_regs_reg[1][0]/C
                         clock pessimism             -0.104     1.392    
    SLICE_X19Y158        FDCE (Remov_EFF_SLICEL_C_CLR)
                                                     -0.018     1.374    system_i/npu_axi_ip_0/inst/npu_axi_ip_slave_lite_v1_0_S00_AXI_inst/my_npu_top_inst/u_core/u_act_buf/row_skew[2].delay_regs_reg[1][0]
  -------------------------------------------------------------------
                         required time                         -1.374    
                         arrival time                           1.961    
  -------------------------------------------------------------------
                         slack                                  0.587    

Slack (MET) :             0.587ns  (arrival time - required time)
  Source:                 system_i/npu_axi_ip_0/inst/npu_axi_ip_slave_lite_v1_0_S00_AXI_inst/my_npu_top_inst/u_ctrl/ctrl_reg_reg[1]/C
                            (rising edge-triggered cell FDCE clocked by clk_pl_0  {rise@0.000ns fall@5.000ns period=10.000ns})
  Destination:            system_i/npu_axi_ip_0/inst/npu_axi_ip_slave_lite_v1_0_S00_AXI_inst/my_npu_top_inst/u_core/u_act_buf/row_skew[2].delay_regs_reg[1][1]/CLR
                            (removal check against rising-edge clock clk_pl_0  {rise@0.000ns fall@5.000ns period=10.000ns})
  Path Group:             **async_default**
  Path Type:              Removal (Min at Fast Process Corner)
  Requirement:            0.000ns  (clk_pl_0 rise@0.000ns - clk_pl_0 rise@0.000ns)
  Data Path Delay:        0.633ns  (logic 0.186ns (29.362%)  route 0.447ns (70.638%))
  Logic Levels:           1  (LUT2=1)
  Clock Path Skew:        0.065ns (DCD - SCD - CPR)
    Destination Clock Delay (DCD):    1.496ns
    Source Clock Delay      (SCD):    1.327ns
    Clock Pessimism Removal (CPR):    0.104ns
  Clock Net Delay (Source):      1.176ns (routing 0.572ns, distribution 0.604ns)
  Clock Net Delay (Destination): 1.309ns (routing 0.623ns, distribution 0.686ns)

    Location             Delay type                Incr(ns)  Path(ns)    Netlist Resource(s)
  -------------------------------------------------------------------    -------------------
                         (clock clk_pl_0 rise edge)
                                                      0.000     0.000 r  
    PS8_X0Y0             PS8                          0.000     0.000 r  system_i/zynq_ultra_ps_e_0/inst/PS8_i/PLCLK[0]
                         net (fo=1, routed)           0.129     0.129    system_i/zynq_ultra_ps_e_0/inst/pl_clk_unbuffered[0]
    BUFG_PS_X0Y80        BUFG_PS (Prop_BUFG_PS_I_O)
                                                      0.022     0.151 r  system_i/zynq_ultra_ps_e_0/inst/buffer_pl_clk_0.PL_CLK_0_BUFG/O
    X0Y1 (CLOCK_ROOT)    net (fo=3762, routed)        1.176     1.327    system_i/npu_axi_ip_0/inst/npu_axi_ip_slave_lite_v1_0_S00_AXI_inst/my_npu_top_inst/u_ctrl/s00_axi_aclk
    SLICE_X8Y143         FDCE                                         r  system_i/npu_axi_ip_0/inst/npu_axi_ip_slave_lite_v1_0_S00_AXI_inst/my_npu_top_inst/u_ctrl/ctrl_reg_reg[1]/C
  -------------------------------------------------------------------    -------------------
    SLICE_X8Y143         FDCE (Prop_DFF_SLICEM_C_Q)
                                                      0.083     1.410 f  system_i/npu_axi_ip_0/inst/npu_axi_ip_slave_lite_v1_0_S00_AXI_inst/my_npu_top_inst/u_ctrl/ctrl_reg_reg[1]/Q
                         net (fo=2, routed)           0.037     1.447    system_i/npu_axi_ip_0/inst/npu_axi_ip_slave_lite_v1_0_S00_AXI_inst/my_npu_top_inst/u_ctrl/reset_soft
    SLICE_X8Y143         LUT2 (Prop_E6LUT_SLICEM_I0_O)
                                                      0.103     1.550 f  system_i/npu_axi_ip_0/inst/npu_axi_ip_slave_lite_v1_0_S00_AXI_inst/my_npu_top_inst/u_ctrl/FSM_onehot_state[2]_i_3/O
                         net (fo=911, routed)         0.410     1.961    system_i/npu_axi_ip_0/inst/npu_axi_ip_slave_lite_v1_0_S00_AXI_inst/my_npu_top_inst/u_core/u_act_buf/row_skew[3].delay_regs_reg[2][0]_0
    SLICE_X19Y158        FDCE                                         f  system_i/npu_axi_ip_0/inst/npu_axi_ip_slave_lite_v1_0_S00_AXI_inst/my_npu_top_inst/u_core/u_act_buf/row_skew[2].delay_regs_reg[1][1]/CLR
  -------------------------------------------------------------------    -------------------

                         (clock clk_pl_0 rise edge)
                                                      0.000     0.000 r  
    PS8_X0Y0             PS8                          0.000     0.000 r  system_i/zynq_ultra_ps_e_0/inst/PS8_i/PLCLK[0]
                         net (fo=1, routed)           0.164     0.164    system_i/zynq_ultra_ps_e_0/inst/pl_clk_unbuffered[0]
    BUFG_PS_X0Y80        BUFG_PS (Prop_BUFG_PS_I_O)
                                                      0.023     0.187 r  system_i/zynq_ultra_ps_e_0/inst/buffer_pl_clk_0.PL_CLK_0_BUFG/O
    X0Y1 (CLOCK_ROOT)    net (fo=3762, routed)        1.309     1.496    system_i/npu_axi_ip_0/inst/npu_axi_ip_slave_lite_v1_0_S00_AXI_inst/my_npu_top_inst/u_core/u_act_buf/s00_axi_aclk
    SLICE_X19Y158        FDCE                                         r  system_i/npu_axi_ip_0/inst/npu_axi_ip_slave_lite_v1_0_S00_AXI_inst/my_npu_top_inst/u_core/u_act_buf/row_skew[2].delay_regs_reg[1][1]/C
                         clock pessimism             -0.104     1.392    
    SLICE_X19Y158        FDCE (Remov_EFF2_SLICEL_C_CLR)
                                                     -0.018     1.374    system_i/npu_axi_ip_0/inst/npu_axi_ip_slave_lite_v1_0_S00_AXI_inst/my_npu_top_inst/u_core/u_act_buf/row_skew[2].delay_regs_reg[1][1]
  -------------------------------------------------------------------
                         required time                         -1.374    
                         arrival time                           1.961    
  -------------------------------------------------------------------
                         slack                                  0.587    

Slack (MET) :             0.587ns  (arrival time - required time)
  Source:                 system_i/npu_axi_ip_0/inst/npu_axi_ip_slave_lite_v1_0_S00_AXI_inst/my_npu_top_inst/u_ctrl/ctrl_reg_reg[1]/C
                            (rising edge-triggered cell FDCE clocked by clk_pl_0  {rise@0.000ns fall@5.000ns period=10.000ns})
  Destination:            system_i/npu_axi_ip_0/inst/npu_axi_ip_slave_lite_v1_0_S00_AXI_inst/my_npu_top_inst/u_core/u_act_buf/row_skew[2].delay_regs_reg[1][2]/CLR
                            (removal check against rising-edge clock clk_pl_0  {rise@0.000ns fall@5.000ns period=10.000ns})
  Path Group:             **async_default**
  Path Type:              Removal (Min at Fast Process Corner)
  Requirement:            0.000ns  (clk_pl_0 rise@0.000ns - clk_pl_0 rise@0.000ns)
  Data Path Delay:        0.633ns  (logic 0.186ns (29.362%)  route 0.447ns (70.638%))
  Logic Levels:           1  (LUT2=1)
  Clock Path Skew:        0.065ns (DCD - SCD - CPR)
    Destination Clock Delay (DCD):    1.496ns
    Source Clock Delay      (SCD):    1.327ns
    Clock Pessimism Removal (CPR):    0.104ns
  Clock Net Delay (Source):      1.176ns (routing 0.572ns, distribution 0.604ns)
  Clock Net Delay (Destination): 1.309ns (routing 0.623ns, distribution 0.686ns)

    Location             Delay type                Incr(ns)  Path(ns)    Netlist Resource(s)
  -------------------------------------------------------------------    -------------------
                         (clock clk_pl_0 rise edge)
                                                      0.000     0.000 r  
    PS8_X0Y0             PS8                          0.000     0.000 r  system_i/zynq_ultra_ps_e_0/inst/PS8_i/PLCLK[0]
                         net (fo=1, routed)           0.129     0.129    system_i/zynq_ultra_ps_e_0/inst/pl_clk_unbuffered[0]
    BUFG_PS_X0Y80        BUFG_PS (Prop_BUFG_PS_I_O)
                                                      0.022     0.151 r  system_i/zynq_ultra_ps_e_0/inst/buffer_pl_clk_0.PL_CLK_0_BUFG/O
    X0Y1 (CLOCK_ROOT)    net (fo=3762, routed)        1.176     1.327    system_i/npu_axi_ip_0/inst/npu_axi_ip_slave_lite_v1_0_S00_AXI_inst/my_npu_top_inst/u_ctrl/s00_axi_aclk
    SLICE_X8Y143         FDCE                                         r  system_i/npu_axi_ip_0/inst/npu_axi_ip_slave_lite_v1_0_S00_AXI_inst/my_npu_top_inst/u_ctrl/ctrl_reg_reg[1]/C
  -------------------------------------------------------------------    -------------------
    SLICE_X8Y143         FDCE (Prop_DFF_SLICEM_C_Q)
                                                      0.083     1.410 f  system_i/npu_axi_ip_0/inst/npu_axi_ip_slave_lite_v1_0_S00_AXI_inst/my_npu_top_inst/u_ctrl/ctrl_reg_reg[1]/Q
                         net (fo=2, routed)           0.037     1.447    system_i/npu_axi_ip_0/inst/npu_axi_ip_slave_lite_v1_0_S00_AXI_inst/my_npu_top_inst/u_ctrl/reset_soft
    SLICE_X8Y143         LUT2 (Prop_E6LUT_SLICEM_I0_O)
                                                      0.103     1.550 f  system_i/npu_axi_ip_0/inst/npu_axi_ip_slave_lite_v1_0_S00_AXI_inst/my_npu_top_inst/u_ctrl/FSM_onehot_state[2]_i_3/O
                         net (fo=911, routed)         0.410     1.961    system_i/npu_axi_ip_0/inst/npu_axi_ip_slave_lite_v1_0_S00_AXI_inst/my_npu_top_inst/u_core/u_act_buf/row_skew[3].delay_regs_reg[2][0]_0
    SLICE_X19Y158        FDCE                                         f  system_i/npu_axi_ip_0/inst/npu_axi_ip_slave_lite_v1_0_S00_AXI_inst/my_npu_top_inst/u_core/u_act_buf/row_skew[2].delay_regs_reg[1][2]/CLR
  -------------------------------------------------------------------    -------------------

                         (clock clk_pl_0 rise edge)
                                                      0.000     0.000 r  
    PS8_X0Y0             PS8                          0.000     0.000 r  system_i/zynq_ultra_ps_e_0/inst/PS8_i/PLCLK[0]
                         net (fo=1, routed)           0.164     0.164    system_i/zynq_ultra_ps_e_0/inst/pl_clk_unbuffered[0]
    BUFG_PS_X0Y80        BUFG_PS (Prop_BUFG_PS_I_O)
                                                      0.023     0.187 r  system_i/zynq_ultra_ps_e_0/inst/buffer_pl_clk_0.PL_CLK_0_BUFG/O
    X0Y1 (CLOCK_ROOT)    net (fo=3762, routed)        1.309     1.496    system_i/npu_axi_ip_0/inst/npu_axi_ip_slave_lite_v1_0_S00_AXI_inst/my_npu_top_inst/u_core/u_act_buf/s00_axi_aclk
    SLICE_X19Y158        FDCE                                         r  system_i/npu_axi_ip_0/inst/npu_axi_ip_slave_lite_v1_0_S00_AXI_inst/my_npu_top_inst/u_core/u_act_buf/row_skew[2].delay_regs_reg[1][2]/C
                         clock pessimism             -0.104     1.392    
    SLICE_X19Y158        FDCE (Remov_FFF_SLICEL_C_CLR)
                                                     -0.018     1.374    system_i/npu_axi_ip_0/inst/npu_axi_ip_slave_lite_v1_0_S00_AXI_inst/my_npu_top_inst/u_core/u_act_buf/row_skew[2].delay_regs_reg[1][2]
  -------------------------------------------------------------------
                         required time                         -1.374    
                         arrival time                           1.961    
  -------------------------------------------------------------------
                         slack                                  0.587    

Slack (MET) :             0.587ns  (arrival time - required time)
  Source:                 system_i/npu_axi_ip_0/inst/npu_axi_ip_slave_lite_v1_0_S00_AXI_inst/my_npu_top_inst/u_ctrl/ctrl_reg_reg[1]/C
                            (rising edge-triggered cell FDCE clocked by clk_pl_0  {rise@0.000ns fall@5.000ns period=10.000ns})
  Destination:            system_i/npu_axi_ip_0/inst/npu_axi_ip_slave_lite_v1_0_S00_AXI_inst/my_npu_top_inst/u_core/u_act_buf/row_skew[2].delay_regs_reg[1][3]/CLR
                            (removal check against rising-edge clock clk_pl_0  {rise@0.000ns fall@5.000ns period=10.000ns})
  Path Group:             **async_default**
  Path Type:              Removal (Min at Fast Process Corner)
  Requirement:            0.000ns  (clk_pl_0 rise@0.000ns - clk_pl_0 rise@0.000ns)
  Data Path Delay:        0.633ns  (logic 0.186ns (29.362%)  route 0.447ns (70.638%))
  Logic Levels:           1  (LUT2=1)
  Clock Path Skew:        0.065ns (DCD - SCD - CPR)
    Destination Clock Delay (DCD):    1.496ns
    Source Clock Delay      (SCD):    1.327ns
    Clock Pessimism Removal (CPR):    0.104ns
  Clock Net Delay (Source):      1.176ns (routing 0.572ns, distribution 0.604ns)
  Clock Net Delay (Destination): 1.309ns (routing 0.623ns, distribution 0.686ns)

    Location             Delay type                Incr(ns)  Path(ns)    Netlist Resource(s)
  -------------------------------------------------------------------    -------------------
                         (clock clk_pl_0 rise edge)
                                                      0.000     0.000 r  
    PS8_X0Y0             PS8                          0.000     0.000 r  system_i/zynq_ultra_ps_e_0/inst/PS8_i/PLCLK[0]
                         net (fo=1, routed)           0.129     0.129    system_i/zynq_ultra_ps_e_0/inst/pl_clk_unbuffered[0]
    BUFG_PS_X0Y80        BUFG_PS (Prop_BUFG_PS_I_O)
                                                      0.022     0.151 r  system_i/zynq_ultra_ps_e_0/inst/buffer_pl_clk_0.PL_CLK_0_BUFG/O
    X0Y1 (CLOCK_ROOT)    net (fo=3762, routed)        1.176     1.327    system_i/npu_axi_ip_0/inst/npu_axi_ip_slave_lite_v1_0_S00_AXI_inst/my_npu_top_inst/u_ctrl/s00_axi_aclk
    SLICE_X8Y143         FDCE                                         r  system_i/npu_axi_ip_0/inst/npu_axi_ip_slave_lite_v1_0_S00_AXI_inst/my_npu_top_inst/u_ctrl/ctrl_reg_reg[1]/C
  -------------------------------------------------------------------    -------------------
    SLICE_X8Y143         FDCE (Prop_DFF_SLICEM_C_Q)
                                                      0.083     1.410 f  system_i/npu_axi_ip_0/inst/npu_axi_ip_slave_lite_v1_0_S00_AXI_inst/my_npu_top_inst/u_ctrl/ctrl_reg_reg[1]/Q
                         net (fo=2, routed)           0.037     1.447    system_i/npu_axi_ip_0/inst/npu_axi_ip_slave_lite_v1_0_S00_AXI_inst/my_npu_top_inst/u_ctrl/reset_soft
    SLICE_X8Y143         LUT2 (Prop_E6LUT_SLICEM_I0_O)
                                                      0.103     1.550 f  system_i/npu_axi_ip_0/inst/npu_axi_ip_slave_lite_v1_0_S00_AXI_inst/my_npu_top_inst/u_ctrl/FSM_onehot_state[2]_i_3/O
                         net (fo=911, routed)         0.410     1.961    system_i/npu_axi_ip_0/inst/npu_axi_ip_slave_lite_v1_0_S00_AXI_inst/my_npu_top_inst/u_core/u_act_buf/row_skew[3].delay_regs_reg[2][0]_0
    SLICE_X19Y158        FDCE                                         f  system_i/npu_axi_ip_0/inst/npu_axi_ip_slave_lite_v1_0_S00_AXI_inst/my_npu_top_inst/u_core/u_act_buf/row_skew[2].delay_regs_reg[1][3]/CLR
  -------------------------------------------------------------------    -------------------

                         (clock clk_pl_0 rise edge)
                                                      0.000     0.000 r  
    PS8_X0Y0             PS8                          0.000     0.000 r  system_i/zynq_ultra_ps_e_0/inst/PS8_i/PLCLK[0]
                         net (fo=1, routed)           0.164     0.164    system_i/zynq_ultra_ps_e_0/inst/pl_clk_unbuffered[0]
    BUFG_PS_X0Y80        BUFG_PS (Prop_BUFG_PS_I_O)
                                                      0.023     0.187 r  system_i/zynq_ultra_ps_e_0/inst/buffer_pl_clk_0.PL_CLK_0_BUFG/O
    X0Y1 (CLOCK_ROOT)    net (fo=3762, routed)        1.309     1.496    system_i/npu_axi_ip_0/inst/npu_axi_ip_slave_lite_v1_0_S00_AXI_inst/my_npu_top_inst/u_core/u_act_buf/s00_axi_aclk
    SLICE_X19Y158        FDCE                                         r  system_i/npu_axi_ip_0/inst/npu_axi_ip_slave_lite_v1_0_S00_AXI_inst/my_npu_top_inst/u_core/u_act_buf/row_skew[2].delay_regs_reg[1][3]/C
                         clock pessimism             -0.104     1.392    
    SLICE_X19Y158        FDCE (Remov_FFF2_SLICEL_C_CLR)
                                                     -0.018     1.374    system_i/npu_axi_ip_0/inst/npu_axi_ip_slave_lite_v1_0_S00_AXI_inst/my_npu_top_inst/u_core/u_act_buf/row_skew[2].delay_regs_reg[1][3]
  -------------------------------------------------------------------
                         required time                         -1.374    
                         arrival time                           1.961    
  -------------------------------------------------------------------
                         slack                                  0.587    

Slack (MET) :             0.587ns  (arrival time - required time)
  Source:                 system_i/npu_axi_ip_0/inst/npu_axi_ip_slave_lite_v1_0_S00_AXI_inst/my_npu_top_inst/u_ctrl/ctrl_reg_reg[1]/C
                            (rising edge-triggered cell FDCE clocked by clk_pl_0  {rise@0.000ns fall@5.000ns period=10.000ns})
  Destination:            system_i/npu_axi_ip_0/inst/npu_axi_ip_slave_lite_v1_0_S00_AXI_inst/my_npu_top_inst/u_core/u_act_buf/row_skew[2].delay_regs_reg[1][4]/CLR
                            (removal check against rising-edge clock clk_pl_0  {rise@0.000ns fall@5.000ns period=10.000ns})
  Path Group:             **async_default**
  Path Type:              Removal (Min at Fast Process Corner)
  Requirement:            0.000ns  (clk_pl_0 rise@0.000ns - clk_pl_0 rise@0.000ns)
  Data Path Delay:        0.633ns  (logic 0.186ns (29.362%)  route 0.447ns (70.638%))
  Logic Levels:           1  (LUT2=1)
  Clock Path Skew:        0.065ns (DCD - SCD - CPR)
    Destination Clock Delay (DCD):    1.496ns
    Source Clock Delay      (SCD):    1.327ns
    Clock Pessimism Removal (CPR):    0.104ns
  Clock Net Delay (Source):      1.176ns (routing 0.572ns, distribution 0.604ns)
  Clock Net Delay (Destination): 1.309ns (routing 0.623ns, distribution 0.686ns)

    Location             Delay type                Incr(ns)  Path(ns)    Netlist Resource(s)
  -------------------------------------------------------------------    -------------------
                         (clock clk_pl_0 rise edge)
                                                      0.000     0.000 r  
    PS8_X0Y0             PS8                          0.000     0.000 r  system_i/zynq_ultra_ps_e_0/inst/PS8_i/PLCLK[0]
                         net (fo=1, routed)           0.129     0.129    system_i/zynq_ultra_ps_e_0/inst/pl_clk_unbuffered[0]
    BUFG_PS_X0Y80        BUFG_PS (Prop_BUFG_PS_I_O)
                                                      0.022     0.151 r  system_i/zynq_ultra_ps_e_0/inst/buffer_pl_clk_0.PL_CLK_0_BUFG/O
    X0Y1 (CLOCK_ROOT)    net (fo=3762, routed)        1.176     1.327    system_i/npu_axi_ip_0/inst/npu_axi_ip_slave_lite_v1_0_S00_AXI_inst/my_npu_top_inst/u_ctrl/s00_axi_aclk
    SLICE_X8Y143         FDCE                                         r  system_i/npu_axi_ip_0/inst/npu_axi_ip_slave_lite_v1_0_S00_AXI_inst/my_npu_top_inst/u_ctrl/ctrl_reg_reg[1]/C
  -------------------------------------------------------------------    -------------------
    SLICE_X8Y143         FDCE (Prop_DFF_SLICEM_C_Q)
                                                      0.083     1.410 f  system_i/npu_axi_ip_0/inst/npu_axi_ip_slave_lite_v1_0_S00_AXI_inst/my_npu_top_inst/u_ctrl/ctrl_reg_reg[1]/Q
                         net (fo=2, routed)           0.037     1.447    system_i/npu_axi_ip_0/inst/npu_axi_ip_slave_lite_v1_0_S00_AXI_inst/my_npu_top_inst/u_ctrl/reset_soft
    SLICE_X8Y143         LUT2 (Prop_E6LUT_SLICEM_I0_O)
                                                      0.103     1.550 f  system_i/npu_axi_ip_0/inst/npu_axi_ip_slave_lite_v1_0_S00_AXI_inst/my_npu_top_inst/u_ctrl/FSM_onehot_state[2]_i_3/O
                         net (fo=911, routed)         0.410     1.961    system_i/npu_axi_ip_0/inst/npu_axi_ip_slave_lite_v1_0_S00_AXI_inst/my_npu_top_inst/u_core/u_act_buf/row_skew[3].delay_regs_reg[2][0]_0
    SLICE_X19Y158        FDCE                                         f  system_i/npu_axi_ip_0/inst/npu_axi_ip_slave_lite_v1_0_S00_AXI_inst/my_npu_top_inst/u_core/u_act_buf/row_skew[2].delay_regs_reg[1][4]/CLR
  -------------------------------------------------------------------    -------------------

                         (clock clk_pl_0 rise edge)
                                                      0.000     0.000 r  
    PS8_X0Y0             PS8                          0.000     0.000 r  system_i/zynq_ultra_ps_e_0/inst/PS8_i/PLCLK[0]
                         net (fo=1, routed)           0.164     0.164    system_i/zynq_ultra_ps_e_0/inst/pl_clk_unbuffered[0]
    BUFG_PS_X0Y80        BUFG_PS (Prop_BUFG_PS_I_O)
                                                      0.023     0.187 r  system_i/zynq_ultra_ps_e_0/inst/buffer_pl_clk_0.PL_CLK_0_BUFG/O
    X0Y1 (CLOCK_ROOT)    net (fo=3762, routed)        1.309     1.496    system_i/npu_axi_ip_0/inst/npu_axi_ip_slave_lite_v1_0_S00_AXI_inst/my_npu_top_inst/u_core/u_act_buf/s00_axi_aclk
    SLICE_X19Y158        FDCE                                         r  system_i/npu_axi_ip_0/inst/npu_axi_ip_slave_lite_v1_0_S00_AXI_inst/my_npu_top_inst/u_core/u_act_buf/row_skew[2].delay_regs_reg[1][4]/C
                         clock pessimism             -0.104     1.392    
    SLICE_X19Y158        FDCE (Remov_GFF_SLICEL_C_CLR)
                                                     -0.018     1.374    system_i/npu_axi_ip_0/inst/npu_axi_ip_slave_lite_v1_0_S00_AXI_inst/my_npu_top_inst/u_core/u_act_buf/row_skew[2].delay_regs_reg[1][4]
  -------------------------------------------------------------------
                         required time                         -1.374    
                         arrival time                           1.961    
  -------------------------------------------------------------------
                         slack                                  0.587    

Slack (MET) :             0.587ns  (arrival time - required time)
  Source:                 system_i/npu_axi_ip_0/inst/npu_axi_ip_slave_lite_v1_0_S00_AXI_inst/my_npu_top_inst/u_ctrl/ctrl_reg_reg[1]/C
                            (rising edge-triggered cell FDCE clocked by clk_pl_0  {rise@0.000ns fall@5.000ns period=10.000ns})
  Destination:            system_i/npu_axi_ip_0/inst/npu_axi_ip_slave_lite_v1_0_S00_AXI_inst/my_npu_top_inst/u_core/u_act_buf/row_skew[2].delay_regs_reg[1][5]/CLR
                            (removal check against rising-edge clock clk_pl_0  {rise@0.000ns fall@5.000ns period=10.000ns})
  Path Group:             **async_default**
  Path Type:              Removal (Min at Fast Process Corner)
  Requirement:            0.000ns  (clk_pl_0 rise@0.000ns - clk_pl_0 rise@0.000ns)
  Data Path Delay:        0.633ns  (logic 0.186ns (29.362%)  route 0.447ns (70.638%))
  Logic Levels:           1  (LUT2=1)
  Clock Path Skew:        0.065ns (DCD - SCD - CPR)
    Destination Clock Delay (DCD):    1.496ns
    Source Clock Delay      (SCD):    1.327ns
    Clock Pessimism Removal (CPR):    0.104ns
  Clock Net Delay (Source):      1.176ns (routing 0.572ns, distribution 0.604ns)
  Clock Net Delay (Destination): 1.309ns (routing 0.623ns, distribution 0.686ns)

    Location             Delay type                Incr(ns)  Path(ns)    Netlist Resource(s)
  -------------------------------------------------------------------    -------------------
                         (clock clk_pl_0 rise edge)
                                                      0.000     0.000 r  
    PS8_X0Y0             PS8                          0.000     0.000 r  system_i/zynq_ultra_ps_e_0/inst/PS8_i/PLCLK[0]
                         net (fo=1, routed)           0.129     0.129    system_i/zynq_ultra_ps_e_0/inst/pl_clk_unbuffered[0]
    BUFG_PS_X0Y80        BUFG_PS (Prop_BUFG_PS_I_O)
                                                      0.022     0.151 r  system_i/zynq_ultra_ps_e_0/inst/buffer_pl_clk_0.PL_CLK_0_BUFG/O
    X0Y1 (CLOCK_ROOT)    net (fo=3762, routed)        1.176     1.327    system_i/npu_axi_ip_0/inst/npu_axi_ip_slave_lite_v1_0_S00_AXI_inst/my_npu_top_inst/u_ctrl/s00_axi_aclk
    SLICE_X8Y143         FDCE                                         r  system_i/npu_axi_ip_0/inst/npu_axi_ip_slave_lite_v1_0_S00_AXI_inst/my_npu_top_inst/u_ctrl/ctrl_reg_reg[1]/C
  -------------------------------------------------------------------    -------------------
    SLICE_X8Y143         FDCE (Prop_DFF_SLICEM_C_Q)
                                                      0.083     1.410 f  system_i/npu_axi_ip_0/inst/npu_axi_ip_slave_lite_v1_0_S00_AXI_inst/my_npu_top_inst/u_ctrl/ctrl_reg_reg[1]/Q
                         net (fo=2, routed)           0.037     1.447    system_i/npu_axi_ip_0/inst/npu_axi_ip_slave_lite_v1_0_S00_AXI_inst/my_npu_top_inst/u_ctrl/reset_soft
    SLICE_X8Y143         LUT2 (Prop_E6LUT_SLICEM_I0_O)
                                                      0.103     1.550 f  system_i/npu_axi_ip_0/inst/npu_axi_ip_slave_lite_v1_0_S00_AXI_inst/my_npu_top_inst/u_ctrl/FSM_onehot_state[2]_i_3/O
                         net (fo=911, routed)         0.410     1.961    system_i/npu_axi_ip_0/inst/npu_axi_ip_slave_lite_v1_0_S00_AXI_inst/my_npu_top_inst/u_core/u_act_buf/row_skew[3].delay_regs_reg[2][0]_0
    SLICE_X19Y158        FDCE                                         f  system_i/npu_axi_ip_0/inst/npu_axi_ip_slave_lite_v1_0_S00_AXI_inst/my_npu_top_inst/u_core/u_act_buf/row_skew[2].delay_regs_reg[1][5]/CLR
  -------------------------------------------------------------------    -------------------

                         (clock clk_pl_0 rise edge)
                                                      0.000     0.000 r  
    PS8_X0Y0             PS8                          0.000     0.000 r  system_i/zynq_ultra_ps_e_0/inst/PS8_i/PLCLK[0]
                         net (fo=1, routed)           0.164     0.164    system_i/zynq_ultra_ps_e_0/inst/pl_clk_unbuffered[0]
    BUFG_PS_X0Y80        BUFG_PS (Prop_BUFG_PS_I_O)
                                                      0.023     0.187 r  system_i/zynq_ultra_ps_e_0/inst/buffer_pl_clk_0.PL_CLK_0_BUFG/O
    X0Y1 (CLOCK_ROOT)    net (fo=3762, routed)        1.309     1.496    system_i/npu_axi_ip_0/inst/npu_axi_ip_slave_lite_v1_0_S00_AXI_inst/my_npu_top_inst/u_core/u_act_buf/s00_axi_aclk
    SLICE_X19Y158        FDCE                                         r  system_i/npu_axi_ip_0/inst/npu_axi_ip_slave_lite_v1_0_S00_AXI_inst/my_npu_top_inst/u_core/u_act_buf/row_skew[2].delay_regs_reg[1][5]/C
                         clock pessimism             -0.104     1.392    
    SLICE_X19Y158        FDCE (Remov_GFF2_SLICEL_C_CLR)
                                                     -0.018     1.374    system_i/npu_axi_ip_0/inst/npu_axi_ip_slave_lite_v1_0_S00_AXI_inst/my_npu_top_inst/u_core/u_act_buf/row_skew[2].delay_regs_reg[1][5]
  -------------------------------------------------------------------
                         required time                         -1.374    
                         arrival time                           1.961    
  -------------------------------------------------------------------
                         slack                                  0.587    

Slack (MET) :             0.587ns  (arrival time - required time)
  Source:                 system_i/npu_axi_ip_0/inst/npu_axi_ip_slave_lite_v1_0_S00_AXI_inst/my_npu_top_inst/u_ctrl/ctrl_reg_reg[1]/C
                            (rising edge-triggered cell FDCE clocked by clk_pl_0  {rise@0.000ns fall@5.000ns period=10.000ns})
  Destination:            system_i/npu_axi_ip_0/inst/npu_axi_ip_slave_lite_v1_0_S00_AXI_inst/my_npu_top_inst/u_core/u_act_buf/row_skew[2].delay_regs_reg[1][6]/CLR
                            (removal check against rising-edge clock clk_pl_0  {rise@0.000ns fall@5.000ns period=10.000ns})
  Path Group:             **async_default**
  Path Type:              Removal (Min at Fast Process Corner)
  Requirement:            0.000ns  (clk_pl_0 rise@0.000ns - clk_pl_0 rise@0.000ns)
  Data Path Delay:        0.633ns  (logic 0.186ns (29.362%)  route 0.447ns (70.638%))
  Logic Levels:           1  (LUT2=1)
  Clock Path Skew:        0.065ns (DCD - SCD - CPR)
    Destination Clock Delay (DCD):    1.496ns
    Source Clock Delay      (SCD):    1.327ns
    Clock Pessimism Removal (CPR):    0.104ns
  Clock Net Delay (Source):      1.176ns (routing 0.572ns, distribution 0.604ns)
  Clock Net Delay (Destination): 1.309ns (routing 0.623ns, distribution 0.686ns)

    Location             Delay type                Incr(ns)  Path(ns)    Netlist Resource(s)
  -------------------------------------------------------------------    -------------------
                         (clock clk_pl_0 rise edge)
                                                      0.000     0.000 r  
    PS8_X0Y0             PS8                          0.000     0.000 r  system_i/zynq_ultra_ps_e_0/inst/PS8_i/PLCLK[0]
                         net (fo=1, routed)           0.129     0.129    system_i/zynq_ultra_ps_e_0/inst/pl_clk_unbuffered[0]
    BUFG_PS_X0Y80        BUFG_PS (Prop_BUFG_PS_I_O)
                                                      0.022     0.151 r  system_i/zynq_ultra_ps_e_0/inst/buffer_pl_clk_0.PL_CLK_0_BUFG/O
    X0Y1 (CLOCK_ROOT)    net (fo=3762, routed)        1.176     1.327    system_i/npu_axi_ip_0/inst/npu_axi_ip_slave_lite_v1_0_S00_AXI_inst/my_npu_top_inst/u_ctrl/s00_axi_aclk
    SLICE_X8Y143         FDCE                                         r  system_i/npu_axi_ip_0/inst/npu_axi_ip_slave_lite_v1_0_S00_AXI_inst/my_npu_top_inst/u_ctrl/ctrl_reg_reg[1]/C
  -------------------------------------------------------------------    -------------------
    SLICE_X8Y143         FDCE (Prop_DFF_SLICEM_C_Q)
                                                      0.083     1.410 f  system_i/npu_axi_ip_0/inst/npu_axi_ip_slave_lite_v1_0_S00_AXI_inst/my_npu_top_inst/u_ctrl/ctrl_reg_reg[1]/Q
                         net (fo=2, routed)           0.037     1.447    system_i/npu_axi_ip_0/inst/npu_axi_ip_slave_lite_v1_0_S00_AXI_inst/my_npu_top_inst/u_ctrl/reset_soft
    SLICE_X8Y143         LUT2 (Prop_E6LUT_SLICEM_I0_O)
                                                      0.103     1.550 f  system_i/npu_axi_ip_0/inst/npu_axi_ip_slave_lite_v1_0_S00_AXI_inst/my_npu_top_inst/u_ctrl/FSM_onehot_state[2]_i_3/O
                         net (fo=911, routed)         0.410     1.961    system_i/npu_axi_ip_0/inst/npu_axi_ip_slave_lite_v1_0_S00_AXI_inst/my_npu_top_inst/u_core/u_act_buf/row_skew[3].delay_regs_reg[2][0]_0
    SLICE_X19Y158        FDCE                                         f  system_i/npu_axi_ip_0/inst/npu_axi_ip_slave_lite_v1_0_S00_AXI_inst/my_npu_top_inst/u_core/u_act_buf/row_skew[2].delay_regs_reg[1][6]/CLR
  -------------------------------------------------------------------    -------------------

                         (clock clk_pl_0 rise edge)
                                                      0.000     0.000 r  
    PS8_X0Y0             PS8                          0.000     0.000 r  system_i/zynq_ultra_ps_e_0/inst/PS8_i/PLCLK[0]
                         net (fo=1, routed)           0.164     0.164    system_i/zynq_ultra_ps_e_0/inst/pl_clk_unbuffered[0]
    BUFG_PS_X0Y80        BUFG_PS (Prop_BUFG_PS_I_O)
                                                      0.023     0.187 r  system_i/zynq_ultra_ps_e_0/inst/buffer_pl_clk_0.PL_CLK_0_BUFG/O
    X0Y1 (CLOCK_ROOT)    net (fo=3762, routed)        1.309     1.496    system_i/npu_axi_ip_0/inst/npu_axi_ip_slave_lite_v1_0_S00_AXI_inst/my_npu_top_inst/u_core/u_act_buf/s00_axi_aclk
    SLICE_X19Y158        FDCE                                         r  system_i/npu_axi_ip_0/inst/npu_axi_ip_slave_lite_v1_0_S00_AXI_inst/my_npu_top_inst/u_core/u_act_buf/row_skew[2].delay_regs_reg[1][6]/C
                         clock pessimism             -0.104     1.392    
    SLICE_X19Y158        FDCE (Remov_HFF_SLICEL_C_CLR)
                                                     -0.018     1.374    system_i/npu_axi_ip_0/inst/npu_axi_ip_slave_lite_v1_0_S00_AXI_inst/my_npu_top_inst/u_core/u_act_buf/row_skew[2].delay_regs_reg[1][6]
  -------------------------------------------------------------------
                         required time                         -1.374    
                         arrival time                           1.961    
  -------------------------------------------------------------------
                         slack                                  0.587    

Slack (MET) :             0.587ns  (arrival time - required time)
  Source:                 system_i/npu_axi_ip_0/inst/npu_axi_ip_slave_lite_v1_0_S00_AXI_inst/my_npu_top_inst/u_ctrl/ctrl_reg_reg[1]/C
                            (rising edge-triggered cell FDCE clocked by clk_pl_0  {rise@0.000ns fall@5.000ns period=10.000ns})
  Destination:            system_i/npu_axi_ip_0/inst/npu_axi_ip_slave_lite_v1_0_S00_AXI_inst/my_npu_top_inst/u_core/u_act_buf/row_skew[2].delay_regs_reg[1][7]/CLR
                            (removal check against rising-edge clock clk_pl_0  {rise@0.000ns fall@5.000ns period=10.000ns})
  Path Group:             **async_default**
  Path Type:              Removal (Min at Fast Process Corner)
  Requirement:            0.000ns  (clk_pl_0 rise@0.000ns - clk_pl_0 rise@0.000ns)
  Data Path Delay:        0.633ns  (logic 0.186ns (29.362%)  route 0.447ns (70.638%))
  Logic Levels:           1  (LUT2=1)
  Clock Path Skew:        0.065ns (DCD - SCD - CPR)
    Destination Clock Delay (DCD):    1.496ns
    Source Clock Delay      (SCD):    1.327ns
    Clock Pessimism Removal (CPR):    0.104ns
  Clock Net Delay (Source):      1.176ns (routing 0.572ns, distribution 0.604ns)
  Clock Net Delay (Destination): 1.309ns (routing 0.623ns, distribution 0.686ns)

    Location             Delay type                Incr(ns)  Path(ns)    Netlist Resource(s)
  -------------------------------------------------------------------    -------------------
                         (clock clk_pl_0 rise edge)
                                                      0.000     0.000 r  
    PS8_X0Y0             PS8                          0.000     0.000 r  system_i/zynq_ultra_ps_e_0/inst/PS8_i/PLCLK[0]
                         net (fo=1, routed)           0.129     0.129    system_i/zynq_ultra_ps_e_0/inst/pl_clk_unbuffered[0]
    BUFG_PS_X0Y80        BUFG_PS (Prop_BUFG_PS_I_O)
                                                      0.022     0.151 r  system_i/zynq_ultra_ps_e_0/inst/buffer_pl_clk_0.PL_CLK_0_BUFG/O
    X0Y1 (CLOCK_ROOT)    net (fo=3762, routed)        1.176     1.327    system_i/npu_axi_ip_0/inst/npu_axi_ip_slave_lite_v1_0_S00_AXI_inst/my_npu_top_inst/u_ctrl/s00_axi_aclk
    SLICE_X8Y143         FDCE                                         r  system_i/npu_axi_ip_0/inst/npu_axi_ip_slave_lite_v1_0_S00_AXI_inst/my_npu_top_inst/u_ctrl/ctrl_reg_reg[1]/C
  -------------------------------------------------------------------    -------------------
    SLICE_X8Y143         FDCE (Prop_DFF_SLICEM_C_Q)
                                                      0.083     1.410 f  system_i/npu_axi_ip_0/inst/npu_axi_ip_slave_lite_v1_0_S00_AXI_inst/my_npu_top_inst/u_ctrl/ctrl_reg_reg[1]/Q
                         net (fo=2, routed)           0.037     1.447    system_i/npu_axi_ip_0/inst/npu_axi_ip_slave_lite_v1_0_S00_AXI_inst/my_npu_top_inst/u_ctrl/reset_soft
    SLICE_X8Y143         LUT2 (Prop_E6LUT_SLICEM_I0_O)
                                                      0.103     1.550 f  system_i/npu_axi_ip_0/inst/npu_axi_ip_slave_lite_v1_0_S00_AXI_inst/my_npu_top_inst/u_ctrl/FSM_onehot_state[2]_i_3/O
                         net (fo=911, routed)         0.410     1.961    system_i/npu_axi_ip_0/inst/npu_axi_ip_slave_lite_v1_0_S00_AXI_inst/my_npu_top_inst/u_core/u_act_buf/row_skew[3].delay_regs_reg[2][0]_0
    SLICE_X19Y158        FDCE                                         f  system_i/npu_axi_ip_0/inst/npu_axi_ip_slave_lite_v1_0_S00_AXI_inst/my_npu_top_inst/u_core/u_act_buf/row_skew[2].delay_regs_reg[1][7]/CLR
  -------------------------------------------------------------------    -------------------

                         (clock clk_pl_0 rise edge)
                                                      0.000     0.000 r  
    PS8_X0Y0             PS8                          0.000     0.000 r  system_i/zynq_ultra_ps_e_0/inst/PS8_i/PLCLK[0]
                         net (fo=1, routed)           0.164     0.164    system_i/zynq_ultra_ps_e_0/inst/pl_clk_unbuffered[0]
    BUFG_PS_X0Y80        BUFG_PS (Prop_BUFG_PS_I_O)
                                                      0.023     0.187 r  system_i/zynq_ultra_ps_e_0/inst/buffer_pl_clk_0.PL_CLK_0_BUFG/O
    X0Y1 (CLOCK_ROOT)    net (fo=3762, routed)        1.309     1.496    system_i/npu_axi_ip_0/inst/npu_axi_ip_slave_lite_v1_0_S00_AXI_inst/my_npu_top_inst/u_core/u_act_buf/s00_axi_aclk
    SLICE_X19Y158        FDCE                                         r  system_i/npu_axi_ip_0/inst/npu_axi_ip_slave_lite_v1_0_S00_AXI_inst/my_npu_top_inst/u_core/u_act_buf/row_skew[2].delay_regs_reg[1][7]/C
                         clock pessimism             -0.104     1.392    
    SLICE_X19Y158        FDCE (Remov_HFF2_SLICEL_C_CLR)
                                                     -0.018     1.374    system_i/npu_axi_ip_0/inst/npu_axi_ip_slave_lite_v1_0_S00_AXI_inst/my_npu_top_inst/u_core/u_act_buf/row_skew[2].delay_regs_reg[1][7]
  -------------------------------------------------------------------
                         required time                         -1.374    
                         arrival time                           1.961    
  -------------------------------------------------------------------
                         slack                                  0.587    

Slack (MET) :             0.591ns  (arrival time - required time)
  Source:                 system_i/npu_axi_ip_0/inst/npu_axi_ip_slave_lite_v1_0_S00_AXI_inst/my_npu_top_inst/u_ctrl/ctrl_reg_reg[1]/C
                            (rising edge-triggered cell FDCE clocked by clk_pl_0  {rise@0.000ns fall@5.000ns period=10.000ns})
  Destination:            system_i/npu_axi_ip_0/inst/npu_axi_ip_slave_lite_v1_0_S00_AXI_inst/my_npu_top_inst/u_core/u_act_buf/row_skew[3].delay_regs_reg[1][0]/CLR
                            (removal check against rising-edge clock clk_pl_0  {rise@0.000ns fall@5.000ns period=10.000ns})
  Path Group:             **async_default**
  Path Type:              Removal (Min at Fast Process Corner)
  Requirement:            0.000ns  (clk_pl_0 rise@0.000ns - clk_pl_0 rise@0.000ns)
  Data Path Delay:        0.633ns  (logic 0.186ns (29.362%)  route 0.447ns (70.638%))
  Logic Levels:           1  (LUT2=1)
  Clock Path Skew:        0.061ns (DCD - SCD - CPR)
    Destination Clock Delay (DCD):    1.492ns
    Source Clock Delay      (SCD):    1.327ns
    Clock Pessimism Removal (CPR):    0.104ns
  Clock Net Delay (Source):      1.176ns (routing 0.572ns, distribution 0.604ns)
  Clock Net Delay (Destination): 1.305ns (routing 0.623ns, distribution 0.682ns)

    Location             Delay type                Incr(ns)  Path(ns)    Netlist Resource(s)
  -------------------------------------------------------------------    -------------------
                         (clock clk_pl_0 rise edge)
                                                      0.000     0.000 r  
    PS8_X0Y0             PS8                          0.000     0.000 r  system_i/zynq_ultra_ps_e_0/inst/PS8_i/PLCLK[0]
                         net (fo=1, routed)           0.129     0.129    system_i/zynq_ultra_ps_e_0/inst/pl_clk_unbuffered[0]
    BUFG_PS_X0Y80        BUFG_PS (Prop_BUFG_PS_I_O)
                                                      0.022     0.151 r  system_i/zynq_ultra_ps_e_0/inst/buffer_pl_clk_0.PL_CLK_0_BUFG/O
    X0Y1 (CLOCK_ROOT)    net (fo=3762, routed)        1.176     1.327    system_i/npu_axi_ip_0/inst/npu_axi_ip_slave_lite_v1_0_S00_AXI_inst/my_npu_top_inst/u_ctrl/s00_axi_aclk
    SLICE_X8Y143         FDCE                                         r  system_i/npu_axi_ip_0/inst/npu_axi_ip_slave_lite_v1_0_S00_AXI_inst/my_npu_top_inst/u_ctrl/ctrl_reg_reg[1]/C
  -------------------------------------------------------------------    -------------------
    SLICE_X8Y143         FDCE (Prop_DFF_SLICEM_C_Q)
                                                      0.083     1.410 f  system_i/npu_axi_ip_0/inst/npu_axi_ip_slave_lite_v1_0_S00_AXI_inst/my_npu_top_inst/u_ctrl/ctrl_reg_reg[1]/Q
                         net (fo=2, routed)           0.037     1.447    system_i/npu_axi_ip_0/inst/npu_axi_ip_slave_lite_v1_0_S00_AXI_inst/my_npu_top_inst/u_ctrl/reset_soft
    SLICE_X8Y143         LUT2 (Prop_E6LUT_SLICEM_I0_O)
                                                      0.103     1.550 f  system_i/npu_axi_ip_0/inst/npu_axi_ip_slave_lite_v1_0_S00_AXI_inst/my_npu_top_inst/u_ctrl/FSM_onehot_state[2]_i_3/O
                         net (fo=911, routed)         0.410     1.961    system_i/npu_axi_ip_0/inst/npu_axi_ip_slave_lite_v1_0_S00_AXI_inst/my_npu_top_inst/u_core/u_act_buf/row_skew[3].delay_regs_reg[2][0]_0
    SLICE_X19Y158        FDCE                                         f  system_i/npu_axi_ip_0/inst/npu_axi_ip_slave_lite_v1_0_S00_AXI_inst/my_npu_top_inst/u_core/u_act_buf/row_skew[3].delay_regs_reg[1][0]/CLR
  -------------------------------------------------------------------    -------------------

                         (clock clk_pl_0 rise edge)
                                                      0.000     0.000 r  
    PS8_X0Y0             PS8                          0.000     0.000 r  system_i/zynq_ultra_ps_e_0/inst/PS8_i/PLCLK[0]
                         net (fo=1, routed)           0.164     0.164    system_i/zynq_ultra_ps_e_0/inst/pl_clk_unbuffered[0]
    BUFG_PS_X0Y80        BUFG_PS (Prop_BUFG_PS_I_O)
                                                      0.023     0.187 r  system_i/zynq_ultra_ps_e_0/inst/buffer_pl_clk_0.PL_CLK_0_BUFG/O
    X0Y1 (CLOCK_ROOT)    net (fo=3762, routed)        1.305     1.492    system_i/npu_axi_ip_0/inst/npu_axi_ip_slave_lite_v1_0_S00_AXI_inst/my_npu_top_inst/u_core/u_act_buf/s00_axi_aclk
    SLICE_X19Y158        FDCE                                         r  system_i/npu_axi_ip_0/inst/npu_axi_ip_slave_lite_v1_0_S00_AXI_inst/my_npu_top_inst/u_core/u_act_buf/row_skew[3].delay_regs_reg[1][0]/C
                         clock pessimism             -0.104     1.388    
    SLICE_X19Y158        FDCE (Remov_AFF_SLICEL_C_CLR)
                                                     -0.018     1.370    system_i/npu_axi_ip_0/inst/npu_axi_ip_slave_lite_v1_0_S00_AXI_inst/my_npu_top_inst/u_core/u_act_buf/row_skew[3].delay_regs_reg[1][0]
  -------------------------------------------------------------------
                         required time                         -1.370    
                         arrival time                           1.961    
  -------------------------------------------------------------------
                         slack                                  0.591    





--------------------------------------------------------------------------------------
Path Group:  (none)
From Clock:  
  To Clock:  clk_pl_0

Max Delay             1 Endpoint
Min Delay             1 Endpoint
--------------------------------------------------------------------------------------


Max Delay Paths
--------------------------------------------------------------------------------------
Slack:                    inf
  Source:                 system_i/zynq_ultra_ps_e_0/inst/PS8_i/EMIOGPIOO[95]
                            (internal pin)
  Destination:            system_i/rst_ps8_0_99M/U0/EXT_LPF/ACTIVE_LOW_EXT.ACT_LO_EXT/syncstages_ff_reg[0]/D
                            (rising edge-triggered cell FDRE clocked by clk_pl_0  {rise@0.000ns fall@5.000ns period=10.000ns})
  Path Group:             (none)
  Path Type:              Setup (Max at Slow Process Corner)
  Data Path Delay:        2.114ns  (logic 0.224ns (10.596%)  route 1.890ns (89.404%))
  Logic Levels:           1  (LUT1=1)
  Clock Uncertainty:      0.158ns  ((TSJ^2 + DJ^2)^1/2) / 2 + PE
    Total System Jitter     (TSJ):    0.050ns
    Discrete Jitter          (DJ):    0.312ns
    Phase Error              (PE):    0.000ns
  Clock Net Delay (Destination): 1.941ns (routing 0.955ns, distribution 0.986ns)
  Timing Exception:       False Path

    Location             Delay type                Incr(ns)  Path(ns)    Netlist Resource(s)
  -------------------------------------------------------------------    -------------------
    PS8_X0Y0             PS8                          0.000     0.000 f  system_i/zynq_ultra_ps_e_0/inst/PS8_i/EMIOGPIOO[95]
                         net (fo=1, routed)           1.439     1.439    system_i/rst_ps8_0_99M/U0/EXT_LPF/ext_reset_in
    SLICE_X6Y130         LUT1 (Prop_F6LUT_SLICEL_I0_O)
                                                      0.224     1.663 r  system_i/rst_ps8_0_99M/U0/EXT_LPF/ACTIVE_LOW_EXT.ACT_LO_EXT_i_1/O
                         net (fo=1, routed)           0.451     2.114    system_i/rst_ps8_0_99M/U0/EXT_LPF/ACTIVE_LOW_EXT.ACT_LO_EXT/src_in
    SLICE_X8Y127         FDRE                                         r  system_i/rst_ps8_0_99M/U0/EXT_LPF/ACTIVE_LOW_EXT.ACT_LO_EXT/syncstages_ff_reg[0]/D
  -------------------------------------------------------------------    -------------------

                         (clock clk_pl_0 rise edge)
                                                      0.000     0.000 r  
    PS8_X0Y0             PS8                          0.000     0.000 r  system_i/zynq_ultra_ps_e_0/inst/PS8_i/PLCLK[0]
                         net (fo=1, routed)           0.181     0.181    system_i/zynq_ultra_ps_e_0/inst/pl_clk_unbuffered[0]
    BUFG_PS_X0Y80        BUFG_PS (Prop_BUFG_PS_I_O)
                                                      0.035     0.216 r  system_i/zynq_ultra_ps_e_0/inst/buffer_pl_clk_0.PL_CLK_0_BUFG/O
    X0Y1 (CLOCK_ROOT)    net (fo=3762, routed)        1.941     2.157    system_i/rst_ps8_0_99M/U0/EXT_LPF/ACTIVE_LOW_EXT.ACT_LO_EXT/dest_clk
    SLICE_X8Y127         FDRE                                         r  system_i/rst_ps8_0_99M/U0/EXT_LPF/ACTIVE_LOW_EXT.ACT_LO_EXT/syncstages_ff_reg[0]/C





Min Delay Paths
--------------------------------------------------------------------------------------
Slack:                    inf
  Source:                 system_i/zynq_ultra_ps_e_0/inst/PS8_i/EMIOGPIOO[95]
                            (internal pin)
  Destination:            system_i/rst_ps8_0_99M/U0/EXT_LPF/ACTIVE_LOW_EXT.ACT_LO_EXT/syncstages_ff_reg[0]/D
                            (rising edge-triggered cell FDRE clocked by clk_pl_0  {rise@0.000ns fall@5.000ns period=10.000ns})
  Path Group:             (none)
  Path Type:              Hold (Min at Fast Process Corner)
  Data Path Delay:        0.808ns  (logic 0.103ns (12.748%)  route 0.705ns (87.252%))
  Logic Levels:           1  (LUT1=1)
  Clock Uncertainty:      0.158ns  ((TSJ^2 + DJ^2)^1/2) / 2 + PE
    Total System Jitter     (TSJ):    0.050ns
    Discrete Jitter          (DJ):    0.312ns
    Phase Error              (PE):    0.000ns
  Clock Net Delay (Destination): 1.292ns (routing 0.623ns, distribution 0.669ns)
  Timing Exception:       False Path

    Location             Delay type                Incr(ns)  Path(ns)    Netlist Resource(s)
  -------------------------------------------------------------------    -------------------
    PS8_X0Y0             PS8                          0.000     0.000 f  system_i/zynq_ultra_ps_e_0/inst/PS8_i/EMIOGPIOO[95]
                         net (fo=1, routed)           0.560     0.560    system_i/rst_ps8_0_99M/U0/EXT_LPF/ext_reset_in
    SLICE_X6Y130         LUT1 (Prop_F6LUT_SLICEL_I0_O)
                                                      0.103     0.663 r  system_i/rst_ps8_0_99M/U0/EXT_LPF/ACTIVE_LOW_EXT.ACT_LO_EXT_i_1/O
                         net (fo=1, routed)           0.145     0.808    system_i/rst_ps8_0_99M/U0/EXT_LPF/ACTIVE_LOW_EXT.ACT_LO_EXT/src_in
    SLICE_X8Y127         FDRE                                         r  system_i/rst_ps8_0_99M/U0/EXT_LPF/ACTIVE_LOW_EXT.ACT_LO_EXT/syncstages_ff_reg[0]/D
  -------------------------------------------------------------------    -------------------

                         (clock clk_pl_0 rise edge)
                                                      0.000     0.000 r  
    PS8_X0Y0             PS8                          0.000     0.000 r  system_i/zynq_ultra_ps_e_0/inst/PS8_i/PLCLK[0]
                         net (fo=1, routed)           0.164     0.164    system_i/zynq_ultra_ps_e_0/inst/pl_clk_unbuffered[0]
    BUFG_PS_X0Y80        BUFG_PS (Prop_BUFG_PS_I_O)
                                                      0.023     0.187 r  system_i/zynq_ultra_ps_e_0/inst/buffer_pl_clk_0.PL_CLK_0_BUFG/O
    X0Y1 (CLOCK_ROOT)    net (fo=3762, routed)        1.292     1.479    system_i/rst_ps8_0_99M/U0/EXT_LPF/ACTIVE_LOW_EXT.ACT_LO_EXT/dest_clk
    SLICE_X8Y127         FDRE                                         r  system_i/rst_ps8_0_99M/U0/EXT_LPF/ACTIVE_LOW_EXT.ACT_LO_EXT/syncstages_ff_reg[0]/C





--------------------------------------------------------------------------------------
Path Group:  (none)
From Clock:  clk_pl_0
  To Clock:  clk_pl_0

Max Delay            82 Endpoints
Min Delay            82 Endpoints
--------------------------------------------------------------------------------------


Max Delay Paths
--------------------------------------------------------------------------------------
Slack:                    inf
  Source:                 system_i/rst_ps8_0_99M/U0/ACTIVE_LOW_PR_OUT_DFF[0].FDRE_PER_N/C
                            (rising edge-triggered cell FDRE clocked by clk_pl_0  {rise@0.000ns fall@5.000ns period=10.000ns})
  Destination:            system_i/axi_smc/inst/clk_map/psr_aclk/U0/EXT_LPF/ACTIVE_LOW_AUX.ACT_LO_AUX/syncstages_ff_reg[0]/D
                            (rising edge-triggered cell FDRE clocked by clk_pl_0  {rise@0.000ns fall@5.000ns period=10.000ns})
  Path Group:             (none)
  Path Type:              Setup (Max at Slow Process Corner)
  Data Path Delay:        2.001ns  (logic 0.301ns (15.045%)  route 1.700ns (84.955%))
  Logic Levels:           1  (LUT1=1)
  Clock Path Skew:        -0.326ns (DCD - SCD + CPR)
    Destination Clock Delay (DCD):    2.106ns
    Source Clock Delay      (SCD):    2.432ns
    Clock Pessimism Removal (CPR):    0.000ns
  Clock Uncertainty:      0.160ns  ((TSJ^2 + DJ^2)^1/2) / 2 + PE
    Total System Jitter     (TSJ):    0.071ns
    Discrete Jitter          (DJ):    0.312ns
    Phase Error              (PE):    0.000ns
  Clock Net Delay (Source):      2.165ns (routing 1.045ns, distribution 1.120ns)
  Clock Net Delay (Destination): 1.890ns (routing 0.955ns, distribution 0.935ns)
  Timing Exception:       False Path

    Location             Delay type                Incr(ns)  Path(ns)    Netlist Resource(s)
  -------------------------------------------------------------------    -------------------
                         (clock clk_pl_0 rise edge)
                                                      0.000     0.000 r  
    PS8_X0Y0             PS8                          0.000     0.000 r  system_i/zynq_ultra_ps_e_0/inst/PS8_i/PLCLK[0]
                         net (fo=1, routed)           0.229     0.229    system_i/zynq_ultra_ps_e_0/inst/pl_clk_unbuffered[0]
    BUFG_PS_X0Y80        BUFG_PS (Prop_BUFG_PS_I_O)
                                                      0.038     0.267 r  system_i/zynq_ultra_ps_e_0/inst/buffer_pl_clk_0.PL_CLK_0_BUFG/O
    X0Y1 (CLOCK_ROOT)    net (fo=3762, routed)        2.165     2.432    system_i/rst_ps8_0_99M/U0/slowest_sync_clk
    SLICE_X10Y131        FDRE                                         r  system_i/rst_ps8_0_99M/U0/ACTIVE_LOW_PR_OUT_DFF[0].FDRE_PER_N/C
  -------------------------------------------------------------------    -------------------
    SLICE_X10Y131        FDRE (Prop_EFF_SLICEM_C_Q)
                                                      0.113     2.545 f  system_i/rst_ps8_0_99M/U0/ACTIVE_LOW_PR_OUT_DFF[0].FDRE_PER_N/Q
                         net (fo=492, routed)         1.422     3.967    system_i/axi_smc/inst/clk_map/psr_aclk/U0/EXT_LPF/aresetn
    SLICE_X9Y120         LUT1 (Prop_B6LUT_SLICEL_I0_O)
                                                      0.188     4.155 r  system_i/axi_smc/inst/clk_map/psr_aclk/U0/EXT_LPF/ACTIVE_LOW_AUX.ACT_LO_AUX_i_1/O
                         net (fo=1, routed)           0.278     4.433    system_i/axi_smc/inst/clk_map/psr_aclk/U0/EXT_LPF/ACTIVE_LOW_AUX.ACT_LO_AUX/src_in
    SLICE_X9Y116         FDRE                                         r  system_i/axi_smc/inst/clk_map/psr_aclk/U0/EXT_LPF/ACTIVE_LOW_AUX.ACT_LO_AUX/syncstages_ff_reg[0]/D
  -------------------------------------------------------------------    -------------------

                         (clock clk_pl_0 rise edge)
                                                      0.000     0.000 r  
    PS8_X0Y0             PS8                          0.000     0.000 r  system_i/zynq_ultra_ps_e_0/inst/PS8_i/PLCLK[0]
                         net (fo=1, routed)           0.181     0.181    system_i/zynq_ultra_ps_e_0/inst/pl_clk_unbuffered[0]
    BUFG_PS_X0Y80        BUFG_PS (Prop_BUFG_PS_I_O)
                                                      0.035     0.216 r  system_i/zynq_ultra_ps_e_0/inst/buffer_pl_clk_0.PL_CLK_0_BUFG/O
    X0Y1 (CLOCK_ROOT)    net (fo=3762, routed)        1.890     2.106    system_i/axi_smc/inst/clk_map/psr_aclk/U0/EXT_LPF/ACTIVE_LOW_AUX.ACT_LO_AUX/dest_clk
    SLICE_X9Y116         FDRE                                         r  system_i/axi_smc/inst/clk_map/psr_aclk/U0/EXT_LPF/ACTIVE_LOW_AUX.ACT_LO_AUX/syncstages_ff_reg[0]/C

Slack:                    inf
  Source:                 system_i/axi_smc/inst/clk_map/psr_aclk/U0/ACTIVE_LOW_BSR_OUT_DFF[0].FDRE_BSR_N/C
                            (rising edge-triggered cell FDRE clocked by clk_pl_0  {rise@0.000ns fall@5.000ns period=10.000ns})
  Destination:            system_i/axi_smc/inst/switchboards/i_nodes/i_w_node/inst/s_sc_xpm_cdc_async_rst_inst/arststages_ff_reg[0]/CLR
                            (recovery check against rising-edge clock clk_pl_0  {rise@0.000ns fall@5.000ns period=10.000ns})
  Path Group:             (none)
  Path Type:              Recovery (Max at Slow Process Corner)
  Data Path Delay:        1.922ns  (logic 0.114ns (5.933%)  route 1.808ns (94.067%))
  Logic Levels:           0  
  Clock Path Skew:        -0.200ns (DCD - SCD + CPR)
    Destination Clock Delay (DCD):    2.164ns
    Source Clock Delay      (SCD):    2.364ns
    Clock Pessimism Removal (CPR):    0.000ns
  Clock Uncertainty:      0.160ns  ((TSJ^2 + DJ^2)^1/2) / 2 + PE
    Total System Jitter     (TSJ):    0.071ns
    Discrete Jitter          (DJ):    0.312ns
    Phase Error              (PE):    0.000ns
  Clock Net Delay (Source):      2.097ns (routing 1.045ns, distribution 1.052ns)
  Clock Net Delay (Destination): 1.948ns (routing 0.955ns, distribution 0.993ns)
  Timing Exception:       False Path

    Location             Delay type                Incr(ns)  Path(ns)    Netlist Resource(s)
  -------------------------------------------------------------------    -------------------
                         (clock clk_pl_0 rise edge)
                                                      0.000     0.000 r  
    PS8_X0Y0             PS8                          0.000     0.000 r  system_i/zynq_ultra_ps_e_0/inst/PS8_i/PLCLK[0]
                         net (fo=1, routed)           0.229     0.229    system_i/zynq_ultra_ps_e_0/inst/pl_clk_unbuffered[0]
    BUFG_PS_X0Y80        BUFG_PS (Prop_BUFG_PS_I_O)
                                                      0.038     0.267 r  system_i/zynq_ultra_ps_e_0/inst/buffer_pl_clk_0.PL_CLK_0_BUFG/O
    X0Y1 (CLOCK_ROOT)    net (fo=3762, routed)        2.097     2.364    system_i/axi_smc/inst/clk_map/psr_aclk/U0/aclk
    SLICE_X7Y116         FDRE                                         r  system_i/axi_smc/inst/clk_map/psr_aclk/U0/ACTIVE_LOW_BSR_OUT_DFF[0].FDRE_BSR_N/C
  -------------------------------------------------------------------    -------------------
    SLICE_X7Y116         FDRE (Prop_HFF_SLICEM_C_Q)
                                                      0.114     2.478 r  system_i/axi_smc/inst/clk_map/psr_aclk/U0/ACTIVE_LOW_BSR_OUT_DFF[0].FDRE_BSR_N/Q
                         net (fo=81, routed)          1.808     4.285    system_i/axi_smc/inst/switchboards/i_nodes/i_w_node/inst/s_sc_xpm_cdc_async_rst_inst/src_arst
    SLICE_X11Y138        FDCE                                         f  system_i/axi_smc/inst/switchboards/i_nodes/i_w_node/inst/s_sc_xpm_cdc_async_rst_inst/arststages_ff_reg[0]/CLR  (IS_INVERTED)
  -------------------------------------------------------------------    -------------------

                         (clock clk_pl_0 rise edge)
                                                      0.000     0.000 r  
    PS8_X0Y0             PS8                          0.000     0.000 r  system_i/zynq_ultra_ps_e_0/inst/PS8_i/PLCLK[0]
                         net (fo=1, routed)           0.181     0.181    system_i/zynq_ultra_ps_e_0/inst/pl_clk_unbuffered[0]
    BUFG_PS_X0Y80        BUFG_PS (Prop_BUFG_PS_I_O)
                                                      0.035     0.216 r  system_i/zynq_ultra_ps_e_0/inst/buffer_pl_clk_0.PL_CLK_0_BUFG/O
    X0Y1 (CLOCK_ROOT)    net (fo=3762, routed)        1.948     2.164    system_i/axi_smc/inst/switchboards/i_nodes/i_w_node/inst/s_sc_xpm_cdc_async_rst_inst/dest_clk
    SLICE_X11Y138        FDCE                                         r  system_i/axi_smc/inst/switchboards/i_nodes/i_w_node/inst/s_sc_xpm_cdc_async_rst_inst/arststages_ff_reg[0]/C

Slack:                    inf
  Source:                 system_i/axi_smc/inst/clk_map/psr_aclk/U0/ACTIVE_LOW_BSR_OUT_DFF[0].FDRE_BSR_N/C
                            (rising edge-triggered cell FDRE clocked by clk_pl_0  {rise@0.000ns fall@5.000ns period=10.000ns})
  Destination:            system_i/axi_smc/inst/switchboards/i_nodes/i_w_node/inst/s_sc_xpm_cdc_async_rst_inst/arststages_ff_reg[1]/CLR
                            (recovery check against rising-edge clock clk_pl_0  {rise@0.000ns fall@5.000ns period=10.000ns})
  Path Group:             (none)
  Path Type:              Recovery (Max at Slow Process Corner)
  Data Path Delay:        1.922ns  (logic 0.114ns (5.933%)  route 1.808ns (94.067%))
  Logic Levels:           0  
  Clock Path Skew:        -0.200ns (DCD - SCD + CPR)
    Destination Clock Delay (DCD):    2.164ns
    Source Clock Delay      (SCD):    2.364ns
    Clock Pessimism Removal (CPR):    0.000ns
  Clock Uncertainty:      0.160ns  ((TSJ^2 + DJ^2)^1/2) / 2 + PE
    Total System Jitter     (TSJ):    0.071ns
    Discrete Jitter          (DJ):    0.312ns
    Phase Error              (PE):    0.000ns
  Clock Net Delay (Source):      2.097ns (routing 1.045ns, distribution 1.052ns)
  Clock Net Delay (Destination): 1.948ns (routing 0.955ns, distribution 0.993ns)
  Timing Exception:       False Path

    Location             Delay type                Incr(ns)  Path(ns)    Netlist Resource(s)
  -------------------------------------------------------------------    -------------------
                         (clock clk_pl_0 rise edge)
                                                      0.000     0.000 r  
    PS8_X0Y0             PS8                          0.000     0.000 r  system_i/zynq_ultra_ps_e_0/inst/PS8_i/PLCLK[0]
                         net (fo=1, routed)           0.229     0.229    system_i/zynq_ultra_ps_e_0/inst/pl_clk_unbuffered[0]
    BUFG_PS_X0Y80        BUFG_PS (Prop_BUFG_PS_I_O)
                                                      0.038     0.267 r  system_i/zynq_ultra_ps_e_0/inst/buffer_pl_clk_0.PL_CLK_0_BUFG/O
    X0Y1 (CLOCK_ROOT)    net (fo=3762, routed)        2.097     2.364    system_i/axi_smc/inst/clk_map/psr_aclk/U0/aclk
    SLICE_X7Y116         FDRE                                         r  system_i/axi_smc/inst/clk_map/psr_aclk/U0/ACTIVE_LOW_BSR_OUT_DFF[0].FDRE_BSR_N/C
  -------------------------------------------------------------------    -------------------
    SLICE_X7Y116         FDRE (Prop_HFF_SLICEM_C_Q)
                                                      0.114     2.478 r  system_i/axi_smc/inst/clk_map/psr_aclk/U0/ACTIVE_LOW_BSR_OUT_DFF[0].FDRE_BSR_N/Q
                         net (fo=81, routed)          1.808     4.285    system_i/axi_smc/inst/switchboards/i_nodes/i_w_node/inst/s_sc_xpm_cdc_async_rst_inst/src_arst
    SLICE_X11Y138        FDCE                                         f  system_i/axi_smc/inst/switchboards/i_nodes/i_w_node/inst/s_sc_xpm_cdc_async_rst_inst/arststages_ff_reg[1]/CLR  (IS_INVERTED)
  -------------------------------------------------------------------    -------------------

                         (clock clk_pl_0 rise edge)
                                                      0.000     0.000 r  
    PS8_X0Y0             PS8                          0.000     0.000 r  system_i/zynq_ultra_ps_e_0/inst/PS8_i/PLCLK[0]
                         net (fo=1, routed)           0.181     0.181    system_i/zynq_ultra_ps_e_0/inst/pl_clk_unbuffered[0]
    BUFG_PS_X0Y80        BUFG_PS (Prop_BUFG_PS_I_O)
                                                      0.035     0.216 r  system_i/zynq_ultra_ps_e_0/inst/buffer_pl_clk_0.PL_CLK_0_BUFG/O
    X0Y1 (CLOCK_ROOT)    net (fo=3762, routed)        1.948     2.164    system_i/axi_smc/inst/switchboards/i_nodes/i_w_node/inst/s_sc_xpm_cdc_async_rst_inst/dest_clk
    SLICE_X11Y138        FDCE                                         r  system_i/axi_smc/inst/switchboards/i_nodes/i_w_node/inst/s_sc_xpm_cdc_async_rst_inst/arststages_ff_reg[1]/C

Slack:                    inf
  Source:                 system_i/axi_smc/inst/clk_map/psr_aclk/U0/ACTIVE_LOW_BSR_OUT_DFF[0].FDRE_BSR_N/C
                            (rising edge-triggered cell FDRE clocked by clk_pl_0  {rise@0.000ns fall@5.000ns period=10.000ns})
  Destination:            system_i/axi_smc/inst/switchboards/i_nodes/i_w_node/inst/s_sc_xpm_cdc_async_rst_inst/arststages_ff_reg[2]/CLR
                            (recovery check against rising-edge clock clk_pl_0  {rise@0.000ns fall@5.000ns period=10.000ns})
  Path Group:             (none)
  Path Type:              Recovery (Max at Slow Process Corner)
  Data Path Delay:        1.922ns  (logic 0.114ns (5.933%)  route 1.808ns (94.067%))
  Logic Levels:           0  
  Clock Path Skew:        -0.200ns (DCD - SCD + CPR)
    Destination Clock Delay (DCD):    2.164ns
    Source Clock Delay      (SCD):    2.364ns
    Clock Pessimism Removal (CPR):    0.000ns
  Clock Uncertainty:      0.160ns  ((TSJ^2 + DJ^2)^1/2) / 2 + PE
    Total System Jitter     (TSJ):    0.071ns
    Discrete Jitter          (DJ):    0.312ns
    Phase Error              (PE):    0.000ns
  Clock Net Delay (Source):      2.097ns (routing 1.045ns, distribution 1.052ns)
  Clock Net Delay (Destination): 1.948ns (routing 0.955ns, distribution 0.993ns)
  Timing Exception:       False Path

    Location             Delay type                Incr(ns)  Path(ns)    Netlist Resource(s)
  -------------------------------------------------------------------    -------------------
                         (clock clk_pl_0 rise edge)
                                                      0.000     0.000 r  
    PS8_X0Y0             PS8                          0.000     0.000 r  system_i/zynq_ultra_ps_e_0/inst/PS8_i/PLCLK[0]
                         net (fo=1, routed)           0.229     0.229    system_i/zynq_ultra_ps_e_0/inst/pl_clk_unbuffered[0]
    BUFG_PS_X0Y80        BUFG_PS (Prop_BUFG_PS_I_O)
                                                      0.038     0.267 r  system_i/zynq_ultra_ps_e_0/inst/buffer_pl_clk_0.PL_CLK_0_BUFG/O
    X0Y1 (CLOCK_ROOT)    net (fo=3762, routed)        2.097     2.364    system_i/axi_smc/inst/clk_map/psr_aclk/U0/aclk
    SLICE_X7Y116         FDRE                                         r  system_i/axi_smc/inst/clk_map/psr_aclk/U0/ACTIVE_LOW_BSR_OUT_DFF[0].FDRE_BSR_N/C
  -------------------------------------------------------------------    -------------------
    SLICE_X7Y116         FDRE (Prop_HFF_SLICEM_C_Q)
                                                      0.114     2.478 r  system_i/axi_smc/inst/clk_map/psr_aclk/U0/ACTIVE_LOW_BSR_OUT_DFF[0].FDRE_BSR_N/Q
                         net (fo=81, routed)          1.808     4.285    system_i/axi_smc/inst/switchboards/i_nodes/i_w_node/inst/s_sc_xpm_cdc_async_rst_inst/src_arst
    SLICE_X11Y138        FDCE                                         f  system_i/axi_smc/inst/switchboards/i_nodes/i_w_node/inst/s_sc_xpm_cdc_async_rst_inst/arststages_ff_reg[2]/CLR  (IS_INVERTED)
  -------------------------------------------------------------------    -------------------

                         (clock clk_pl_0 rise edge)
                                                      0.000     0.000 r  
    PS8_X0Y0             PS8                          0.000     0.000 r  system_i/zynq_ultra_ps_e_0/inst/PS8_i/PLCLK[0]
                         net (fo=1, routed)           0.181     0.181    system_i/zynq_ultra_ps_e_0/inst/pl_clk_unbuffered[0]
    BUFG_PS_X0Y80        BUFG_PS (Prop_BUFG_PS_I_O)
                                                      0.035     0.216 r  system_i/zynq_ultra_ps_e_0/inst/buffer_pl_clk_0.PL_CLK_0_BUFG/O
    X0Y1 (CLOCK_ROOT)    net (fo=3762, routed)        1.948     2.164    system_i/axi_smc/inst/switchboards/i_nodes/i_w_node/inst/s_sc_xpm_cdc_async_rst_inst/dest_clk
    SLICE_X11Y138        FDCE                                         r  system_i/axi_smc/inst/switchboards/i_nodes/i_w_node/inst/s_sc_xpm_cdc_async_rst_inst/arststages_ff_reg[2]/C

Slack:                    inf
  Source:                 system_i/axi_smc/inst/clk_map/psr_aclk/U0/ACTIVE_LOW_BSR_OUT_DFF[0].FDRE_BSR_N/C
                            (rising edge-triggered cell FDRE clocked by clk_pl_0  {rise@0.000ns fall@5.000ns period=10.000ns})
  Destination:            system_i/axi_smc/inst/m00_nodes/m00_w_node/inst/s_sc_xpm_cdc_async_rst_inst/arststages_ff_reg[0]/CLR
                            (recovery check against rising-edge clock clk_pl_0  {rise@0.000ns fall@5.000ns period=10.000ns})
  Path Group:             (none)
  Path Type:              Recovery (Max at Slow Process Corner)
  Data Path Delay:        1.796ns  (logic 0.114ns (6.347%)  route 1.682ns (93.653%))
  Logic Levels:           0  
  Clock Path Skew:        -0.201ns (DCD - SCD + CPR)
    Destination Clock Delay (DCD):    2.163ns
    Source Clock Delay      (SCD):    2.364ns
    Clock Pessimism Removal (CPR):    0.000ns
  Clock Uncertainty:      0.160ns  ((TSJ^2 + DJ^2)^1/2) / 2 + PE
    Total System Jitter     (TSJ):    0.071ns
    Discrete Jitter          (DJ):    0.312ns
    Phase Error              (PE):    0.000ns
  Clock Net Delay (Source):      2.097ns (routing 1.045ns, distribution 1.052ns)
  Clock Net Delay (Destination): 1.947ns (routing 0.955ns, distribution 0.992ns)
  Timing Exception:       False Path

    Location             Delay type                Incr(ns)  Path(ns)    Netlist Resource(s)
  -------------------------------------------------------------------    -------------------
                         (clock clk_pl_0 rise edge)
                                                      0.000     0.000 r  
    PS8_X0Y0             PS8                          0.000     0.000 r  system_i/zynq_ultra_ps_e_0/inst/PS8_i/PLCLK[0]
                         net (fo=1, routed)           0.229     0.229    system_i/zynq_ultra_ps_e_0/inst/pl_clk_unbuffered[0]
    BUFG_PS_X0Y80        BUFG_PS (Prop_BUFG_PS_I_O)
                                                      0.038     0.267 r  system_i/zynq_ultra_ps_e_0/inst/buffer_pl_clk_0.PL_CLK_0_BUFG/O
    X0Y1 (CLOCK_ROOT)    net (fo=3762, routed)        2.097     2.364    system_i/axi_smc/inst/clk_map/psr_aclk/U0/aclk
    SLICE_X7Y116         FDRE                                         r  system_i/axi_smc/inst/clk_map/psr_aclk/U0/ACTIVE_LOW_BSR_OUT_DFF[0].FDRE_BSR_N/C
  -------------------------------------------------------------------    -------------------
    SLICE_X7Y116         FDRE (Prop_HFF_SLICEM_C_Q)
                                                      0.114     2.478 r  system_i/axi_smc/inst/clk_map/psr_aclk/U0/ACTIVE_LOW_BSR_OUT_DFF[0].FDRE_BSR_N/Q
                         net (fo=81, routed)          1.682     4.160    system_i/axi_smc/inst/m00_nodes/m00_w_node/inst/s_sc_xpm_cdc_async_rst_inst/src_arst
    SLICE_X11Y139        FDCE                                         f  system_i/axi_smc/inst/m00_nodes/m00_w_node/inst/s_sc_xpm_cdc_async_rst_inst/arststages_ff_reg[0]/CLR  (IS_INVERTED)
  -------------------------------------------------------------------    -------------------

                         (clock clk_pl_0 rise edge)
                                                      0.000     0.000 r  
    PS8_X0Y0             PS8                          0.000     0.000 r  system_i/zynq_ultra_ps_e_0/inst/PS8_i/PLCLK[0]
                         net (fo=1, routed)           0.181     0.181    system_i/zynq_ultra_ps_e_0/inst/pl_clk_unbuffered[0]
    BUFG_PS_X0Y80        BUFG_PS (Prop_BUFG_PS_I_O)
                                                      0.035     0.216 r  system_i/zynq_ultra_ps_e_0/inst/buffer_pl_clk_0.PL_CLK_0_BUFG/O
    X0Y1 (CLOCK_ROOT)    net (fo=3762, routed)        1.947     2.163    system_i/axi_smc/inst/m00_nodes/m00_w_node/inst/s_sc_xpm_cdc_async_rst_inst/dest_clk
    SLICE_X11Y139        FDCE                                         r  system_i/axi_smc/inst/m00_nodes/m00_w_node/inst/s_sc_xpm_cdc_async_rst_inst/arststages_ff_reg[0]/C

Slack:                    inf
  Source:                 system_i/axi_smc/inst/clk_map/psr_aclk/U0/ACTIVE_LOW_BSR_OUT_DFF[0].FDRE_BSR_N/C
                            (rising edge-triggered cell FDRE clocked by clk_pl_0  {rise@0.000ns fall@5.000ns period=10.000ns})
  Destination:            system_i/axi_smc/inst/m00_nodes/m00_w_node/inst/s_sc_xpm_cdc_async_rst_inst/arststages_ff_reg[1]/CLR
                            (recovery check against rising-edge clock clk_pl_0  {rise@0.000ns fall@5.000ns period=10.000ns})
  Path Group:             (none)
  Path Type:              Recovery (Max at Slow Process Corner)
  Data Path Delay:        1.796ns  (logic 0.114ns (6.347%)  route 1.682ns (93.653%))
  Logic Levels:           0  
  Clock Path Skew:        -0.201ns (DCD - SCD + CPR)
    Destination Clock Delay (DCD):    2.163ns
    Source Clock Delay      (SCD):    2.364ns
    Clock Pessimism Removal (CPR):    0.000ns
  Clock Uncertainty:      0.160ns  ((TSJ^2 + DJ^2)^1/2) / 2 + PE
    Total System Jitter     (TSJ):    0.071ns
    Discrete Jitter          (DJ):    0.312ns
    Phase Error              (PE):    0.000ns
  Clock Net Delay (Source):      2.097ns (routing 1.045ns, distribution 1.052ns)
  Clock Net Delay (Destination): 1.947ns (routing 0.955ns, distribution 0.992ns)
  Timing Exception:       False Path

    Location             Delay type                Incr(ns)  Path(ns)    Netlist Resource(s)
  -------------------------------------------------------------------    -------------------
                         (clock clk_pl_0 rise edge)
                                                      0.000     0.000 r  
    PS8_X0Y0             PS8                          0.000     0.000 r  system_i/zynq_ultra_ps_e_0/inst/PS8_i/PLCLK[0]
                         net (fo=1, routed)           0.229     0.229    system_i/zynq_ultra_ps_e_0/inst/pl_clk_unbuffered[0]
    BUFG_PS_X0Y80        BUFG_PS (Prop_BUFG_PS_I_O)
                                                      0.038     0.267 r  system_i/zynq_ultra_ps_e_0/inst/buffer_pl_clk_0.PL_CLK_0_BUFG/O
    X0Y1 (CLOCK_ROOT)    net (fo=3762, routed)        2.097     2.364    system_i/axi_smc/inst/clk_map/psr_aclk/U0/aclk
    SLICE_X7Y116         FDRE                                         r  system_i/axi_smc/inst/clk_map/psr_aclk/U0/ACTIVE_LOW_BSR_OUT_DFF[0].FDRE_BSR_N/C
  -------------------------------------------------------------------    -------------------
    SLICE_X7Y116         FDRE (Prop_HFF_SLICEM_C_Q)
                                                      0.114     2.478 r  system_i/axi_smc/inst/clk_map/psr_aclk/U0/ACTIVE_LOW_BSR_OUT_DFF[0].FDRE_BSR_N/Q
                         net (fo=81, routed)          1.682     4.160    system_i/axi_smc/inst/m00_nodes/m00_w_node/inst/s_sc_xpm_cdc_async_rst_inst/src_arst
    SLICE_X11Y139        FDCE                                         f  system_i/axi_smc/inst/m00_nodes/m00_w_node/inst/s_sc_xpm_cdc_async_rst_inst/arststages_ff_reg[1]/CLR  (IS_INVERTED)
  -------------------------------------------------------------------    -------------------

                         (clock clk_pl_0 rise edge)
                                                      0.000     0.000 r  
    PS8_X0Y0             PS8                          0.000     0.000 r  system_i/zynq_ultra_ps_e_0/inst/PS8_i/PLCLK[0]
                         net (fo=1, routed)           0.181     0.181    system_i/zynq_ultra_ps_e_0/inst/pl_clk_unbuffered[0]
    BUFG_PS_X0Y80        BUFG_PS (Prop_BUFG_PS_I_O)
                                                      0.035     0.216 r  system_i/zynq_ultra_ps_e_0/inst/buffer_pl_clk_0.PL_CLK_0_BUFG/O
    X0Y1 (CLOCK_ROOT)    net (fo=3762, routed)        1.947     2.163    system_i/axi_smc/inst/m00_nodes/m00_w_node/inst/s_sc_xpm_cdc_async_rst_inst/dest_clk
    SLICE_X11Y139        FDCE                                         r  system_i/axi_smc/inst/m00_nodes/m00_w_node/inst/s_sc_xpm_cdc_async_rst_inst/arststages_ff_reg[1]/C

Slack:                    inf
  Source:                 system_i/axi_smc/inst/clk_map/psr_aclk/U0/ACTIVE_LOW_BSR_OUT_DFF[0].FDRE_BSR_N/C
                            (rising edge-triggered cell FDRE clocked by clk_pl_0  {rise@0.000ns fall@5.000ns period=10.000ns})
  Destination:            system_i/axi_smc/inst/m00_nodes/m00_w_node/inst/s_sc_xpm_cdc_async_rst_inst/arststages_ff_reg[2]/CLR
                            (recovery check against rising-edge clock clk_pl_0  {rise@0.000ns fall@5.000ns period=10.000ns})
  Path Group:             (none)
  Path Type:              Recovery (Max at Slow Process Corner)
  Data Path Delay:        1.796ns  (logic 0.114ns (6.347%)  route 1.682ns (93.653%))
  Logic Levels:           0  
  Clock Path Skew:        -0.201ns (DCD - SCD + CPR)
    Destination Clock Delay (DCD):    2.163ns
    Source Clock Delay      (SCD):    2.364ns
    Clock Pessimism Removal (CPR):    0.000ns
  Clock Uncertainty:      0.160ns  ((TSJ^2 + DJ^2)^1/2) / 2 + PE
    Total System Jitter     (TSJ):    0.071ns
    Discrete Jitter          (DJ):    0.312ns
    Phase Error              (PE):    0.000ns
  Clock Net Delay (Source):      2.097ns (routing 1.045ns, distribution 1.052ns)
  Clock Net Delay (Destination): 1.947ns (routing 0.955ns, distribution 0.992ns)
  Timing Exception:       False Path

    Location             Delay type                Incr(ns)  Path(ns)    Netlist Resource(s)
  -------------------------------------------------------------------    -------------------
                         (clock clk_pl_0 rise edge)
                                                      0.000     0.000 r  
    PS8_X0Y0             PS8                          0.000     0.000 r  system_i/zynq_ultra_ps_e_0/inst/PS8_i/PLCLK[0]
                         net (fo=1, routed)           0.229     0.229    system_i/zynq_ultra_ps_e_0/inst/pl_clk_unbuffered[0]
    BUFG_PS_X0Y80        BUFG_PS (Prop_BUFG_PS_I_O)
                                                      0.038     0.267 r  system_i/zynq_ultra_ps_e_0/inst/buffer_pl_clk_0.PL_CLK_0_BUFG/O
    X0Y1 (CLOCK_ROOT)    net (fo=3762, routed)        2.097     2.364    system_i/axi_smc/inst/clk_map/psr_aclk/U0/aclk
    SLICE_X7Y116         FDRE                                         r  system_i/axi_smc/inst/clk_map/psr_aclk/U0/ACTIVE_LOW_BSR_OUT_DFF[0].FDRE_BSR_N/C
  -------------------------------------------------------------------    -------------------
    SLICE_X7Y116         FDRE (Prop_HFF_SLICEM_C_Q)
                                                      0.114     2.478 r  system_i/axi_smc/inst/clk_map/psr_aclk/U0/ACTIVE_LOW_BSR_OUT_DFF[0].FDRE_BSR_N/Q
                         net (fo=81, routed)          1.682     4.160    system_i/axi_smc/inst/m00_nodes/m00_w_node/inst/s_sc_xpm_cdc_async_rst_inst/src_arst
    SLICE_X11Y139        FDCE                                         f  system_i/axi_smc/inst/m00_nodes/m00_w_node/inst/s_sc_xpm_cdc_async_rst_inst/arststages_ff_reg[2]/CLR  (IS_INVERTED)
  -------------------------------------------------------------------    -------------------

                         (clock clk_pl_0 rise edge)
                                                      0.000     0.000 r  
    PS8_X0Y0             PS8                          0.000     0.000 r  system_i/zynq_ultra_ps_e_0/inst/PS8_i/PLCLK[0]
                         net (fo=1, routed)           0.181     0.181    system_i/zynq_ultra_ps_e_0/inst/pl_clk_unbuffered[0]
    BUFG_PS_X0Y80        BUFG_PS (Prop_BUFG_PS_I_O)
                                                      0.035     0.216 r  system_i/zynq_ultra_ps_e_0/inst/buffer_pl_clk_0.PL_CLK_0_BUFG/O
    X0Y1 (CLOCK_ROOT)    net (fo=3762, routed)        1.947     2.163    system_i/axi_smc/inst/m00_nodes/m00_w_node/inst/s_sc_xpm_cdc_async_rst_inst/dest_clk
    SLICE_X11Y139        FDCE                                         r  system_i/axi_smc/inst/m00_nodes/m00_w_node/inst/s_sc_xpm_cdc_async_rst_inst/arststages_ff_reg[2]/C

Slack:                    inf
  Source:                 system_i/axi_smc/inst/clk_map/psr_aclk/U0/ACTIVE_LOW_BSR_OUT_DFF[0].FDRE_BSR_N/C
                            (rising edge-triggered cell FDRE clocked by clk_pl_0  {rise@0.000ns fall@5.000ns period=10.000ns})
  Destination:            system_i/axi_smc/inst/m00_nodes/m00_b_node/inst/s_sc_xpm_cdc_async_rst_inst/arststages_ff_reg[0]/CLR
                            (recovery check against rising-edge clock clk_pl_0  {rise@0.000ns fall@5.000ns period=10.000ns})
  Path Group:             (none)
  Path Type:              Recovery (Max at Slow Process Corner)
  Data Path Delay:        1.770ns  (logic 0.114ns (6.442%)  route 1.656ns (93.558%))
  Logic Levels:           0  
  Clock Path Skew:        -0.203ns (DCD - SCD + CPR)
    Destination Clock Delay (DCD):    2.161ns
    Source Clock Delay      (SCD):    2.364ns
    Clock Pessimism Removal (CPR):    0.000ns
  Clock Uncertainty:      0.160ns  ((TSJ^2 + DJ^2)^1/2) / 2 + PE
    Total System Jitter     (TSJ):    0.071ns
    Discrete Jitter          (DJ):    0.312ns
    Phase Error              (PE):    0.000ns
  Clock Net Delay (Source):      2.097ns (routing 1.045ns, distribution 1.052ns)
  Clock Net Delay (Destination): 1.945ns (routing 0.955ns, distribution 0.990ns)
  Timing Exception:       False Path

    Location             Delay type                Incr(ns)  Path(ns)    Netlist Resource(s)
  -------------------------------------------------------------------    -------------------
                         (clock clk_pl_0 rise edge)
                                                      0.000     0.000 r  
    PS8_X0Y0             PS8                          0.000     0.000 r  system_i/zynq_ultra_ps_e_0/inst/PS8_i/PLCLK[0]
                         net (fo=1, routed)           0.229     0.229    system_i/zynq_ultra_ps_e_0/inst/pl_clk_unbuffered[0]
    BUFG_PS_X0Y80        BUFG_PS (Prop_BUFG_PS_I_O)
                                                      0.038     0.267 r  system_i/zynq_ultra_ps_e_0/inst/buffer_pl_clk_0.PL_CLK_0_BUFG/O
    X0Y1 (CLOCK_ROOT)    net (fo=3762, routed)        2.097     2.364    system_i/axi_smc/inst/clk_map/psr_aclk/U0/aclk
    SLICE_X7Y116         FDRE                                         r  system_i/axi_smc/inst/clk_map/psr_aclk/U0/ACTIVE_LOW_BSR_OUT_DFF[0].FDRE_BSR_N/C
  -------------------------------------------------------------------    -------------------
    SLICE_X7Y116         FDRE (Prop_HFF_SLICEM_C_Q)
                                                      0.114     2.478 r  system_i/axi_smc/inst/clk_map/psr_aclk/U0/ACTIVE_LOW_BSR_OUT_DFF[0].FDRE_BSR_N/Q
                         net (fo=81, routed)          1.656     4.133    system_i/axi_smc/inst/m00_nodes/m00_b_node/inst/s_sc_xpm_cdc_async_rst_inst/src_arst
    SLICE_X8Y140         FDCE                                         f  system_i/axi_smc/inst/m00_nodes/m00_b_node/inst/s_sc_xpm_cdc_async_rst_inst/arststages_ff_reg[0]/CLR  (IS_INVERTED)
  -------------------------------------------------------------------    -------------------

                         (clock clk_pl_0 rise edge)
                                                      0.000     0.000 r  
    PS8_X0Y0             PS8                          0.000     0.000 r  system_i/zynq_ultra_ps_e_0/inst/PS8_i/PLCLK[0]
                         net (fo=1, routed)           0.181     0.181    system_i/zynq_ultra_ps_e_0/inst/pl_clk_unbuffered[0]
    BUFG_PS_X0Y80        BUFG_PS (Prop_BUFG_PS_I_O)
                                                      0.035     0.216 r  system_i/zynq_ultra_ps_e_0/inst/buffer_pl_clk_0.PL_CLK_0_BUFG/O
    X0Y1 (CLOCK_ROOT)    net (fo=3762, routed)        1.945     2.161    system_i/axi_smc/inst/m00_nodes/m00_b_node/inst/s_sc_xpm_cdc_async_rst_inst/dest_clk
    SLICE_X8Y140         FDCE                                         r  system_i/axi_smc/inst/m00_nodes/m00_b_node/inst/s_sc_xpm_cdc_async_rst_inst/arststages_ff_reg[0]/C

Slack:                    inf
  Source:                 system_i/axi_smc/inst/clk_map/psr_aclk/U0/ACTIVE_LOW_BSR_OUT_DFF[0].FDRE_BSR_N/C
                            (rising edge-triggered cell FDRE clocked by clk_pl_0  {rise@0.000ns fall@5.000ns period=10.000ns})
  Destination:            system_i/axi_smc/inst/m00_nodes/m00_b_node/inst/s_sc_xpm_cdc_async_rst_inst/arststages_ff_reg[1]/CLR
                            (recovery check against rising-edge clock clk_pl_0  {rise@0.000ns fall@5.000ns period=10.000ns})
  Path Group:             (none)
  Path Type:              Recovery (Max at Slow Process Corner)
  Data Path Delay:        1.770ns  (logic 0.114ns (6.442%)  route 1.656ns (93.558%))
  Logic Levels:           0  
  Clock Path Skew:        -0.203ns (DCD - SCD + CPR)
    Destination Clock Delay (DCD):    2.161ns
    Source Clock Delay      (SCD):    2.364ns
    Clock Pessimism Removal (CPR):    0.000ns
  Clock Uncertainty:      0.160ns  ((TSJ^2 + DJ^2)^1/2) / 2 + PE
    Total System Jitter     (TSJ):    0.071ns
    Discrete Jitter          (DJ):    0.312ns
    Phase Error              (PE):    0.000ns
  Clock Net Delay (Source):      2.097ns (routing 1.045ns, distribution 1.052ns)
  Clock Net Delay (Destination): 1.945ns (routing 0.955ns, distribution 0.990ns)
  Timing Exception:       False Path

    Location             Delay type                Incr(ns)  Path(ns)    Netlist Resource(s)
  -------------------------------------------------------------------    -------------------
                         (clock clk_pl_0 rise edge)
                                                      0.000     0.000 r  
    PS8_X0Y0             PS8                          0.000     0.000 r  system_i/zynq_ultra_ps_e_0/inst/PS8_i/PLCLK[0]
                         net (fo=1, routed)           0.229     0.229    system_i/zynq_ultra_ps_e_0/inst/pl_clk_unbuffered[0]
    BUFG_PS_X0Y80        BUFG_PS (Prop_BUFG_PS_I_O)
                                                      0.038     0.267 r  system_i/zynq_ultra_ps_e_0/inst/buffer_pl_clk_0.PL_CLK_0_BUFG/O
    X0Y1 (CLOCK_ROOT)    net (fo=3762, routed)        2.097     2.364    system_i/axi_smc/inst/clk_map/psr_aclk/U0/aclk
    SLICE_X7Y116         FDRE                                         r  system_i/axi_smc/inst/clk_map/psr_aclk/U0/ACTIVE_LOW_BSR_OUT_DFF[0].FDRE_BSR_N/C
  -------------------------------------------------------------------    -------------------
    SLICE_X7Y116         FDRE (Prop_HFF_SLICEM_C_Q)
                                                      0.114     2.478 r  system_i/axi_smc/inst/clk_map/psr_aclk/U0/ACTIVE_LOW_BSR_OUT_DFF[0].FDRE_BSR_N/Q
                         net (fo=81, routed)          1.656     4.133    system_i/axi_smc/inst/m00_nodes/m00_b_node/inst/s_sc_xpm_cdc_async_rst_inst/src_arst
    SLICE_X8Y140         FDCE                                         f  system_i/axi_smc/inst/m00_nodes/m00_b_node/inst/s_sc_xpm_cdc_async_rst_inst/arststages_ff_reg[1]/CLR  (IS_INVERTED)
  -------------------------------------------------------------------    -------------------

                         (clock clk_pl_0 rise edge)
                                                      0.000     0.000 r  
    PS8_X0Y0             PS8                          0.000     0.000 r  system_i/zynq_ultra_ps_e_0/inst/PS8_i/PLCLK[0]
                         net (fo=1, routed)           0.181     0.181    system_i/zynq_ultra_ps_e_0/inst/pl_clk_unbuffered[0]
    BUFG_PS_X0Y80        BUFG_PS (Prop_BUFG_PS_I_O)
                                                      0.035     0.216 r  system_i/zynq_ultra_ps_e_0/inst/buffer_pl_clk_0.PL_CLK_0_BUFG/O
    X0Y1 (CLOCK_ROOT)    net (fo=3762, routed)        1.945     2.161    system_i/axi_smc/inst/m00_nodes/m00_b_node/inst/s_sc_xpm_cdc_async_rst_inst/dest_clk
    SLICE_X8Y140         FDCE                                         r  system_i/axi_smc/inst/m00_nodes/m00_b_node/inst/s_sc_xpm_cdc_async_rst_inst/arststages_ff_reg[1]/C

Slack:                    inf
  Source:                 system_i/axi_smc/inst/clk_map/psr_aclk/U0/ACTIVE_LOW_BSR_OUT_DFF[0].FDRE_BSR_N/C
                            (rising edge-triggered cell FDRE clocked by clk_pl_0  {rise@0.000ns fall@5.000ns period=10.000ns})
  Destination:            system_i/axi_smc/inst/m00_nodes/m00_b_node/inst/s_sc_xpm_cdc_async_rst_inst/arststages_ff_reg[2]/CLR
                            (recovery check against rising-edge clock clk_pl_0  {rise@0.000ns fall@5.000ns period=10.000ns})
  Path Group:             (none)
  Path Type:              Recovery (Max at Slow Process Corner)
  Data Path Delay:        1.770ns  (logic 0.114ns (6.442%)  route 1.656ns (93.558%))
  Logic Levels:           0  
  Clock Path Skew:        -0.203ns (DCD - SCD + CPR)
    Destination Clock Delay (DCD):    2.161ns
    Source Clock Delay      (SCD):    2.364ns
    Clock Pessimism Removal (CPR):    0.000ns
  Clock Uncertainty:      0.160ns  ((TSJ^2 + DJ^2)^1/2) / 2 + PE
    Total System Jitter     (TSJ):    0.071ns
    Discrete Jitter          (DJ):    0.312ns
    Phase Error              (PE):    0.000ns
  Clock Net Delay (Source):      2.097ns (routing 1.045ns, distribution 1.052ns)
  Clock Net Delay (Destination): 1.945ns (routing 0.955ns, distribution 0.990ns)
  Timing Exception:       False Path

    Location             Delay type                Incr(ns)  Path(ns)    Netlist Resource(s)
  -------------------------------------------------------------------    -------------------
                         (clock clk_pl_0 rise edge)
                                                      0.000     0.000 r  
    PS8_X0Y0             PS8                          0.000     0.000 r  system_i/zynq_ultra_ps_e_0/inst/PS8_i/PLCLK[0]
                         net (fo=1, routed)           0.229     0.229    system_i/zynq_ultra_ps_e_0/inst/pl_clk_unbuffered[0]
    BUFG_PS_X0Y80        BUFG_PS (Prop_BUFG_PS_I_O)
                                                      0.038     0.267 r  system_i/zynq_ultra_ps_e_0/inst/buffer_pl_clk_0.PL_CLK_0_BUFG/O
    X0Y1 (CLOCK_ROOT)    net (fo=3762, routed)        2.097     2.364    system_i/axi_smc/inst/clk_map/psr_aclk/U0/aclk
    SLICE_X7Y116         FDRE                                         r  system_i/axi_smc/inst/clk_map/psr_aclk/U0/ACTIVE_LOW_BSR_OUT_DFF[0].FDRE_BSR_N/C
  -------------------------------------------------------------------    -------------------
    SLICE_X7Y116         FDRE (Prop_HFF_SLICEM_C_Q)
                                                      0.114     2.478 r  system_i/axi_smc/inst/clk_map/psr_aclk/U0/ACTIVE_LOW_BSR_OUT_DFF[0].FDRE_BSR_N/Q
                         net (fo=81, routed)          1.656     4.133    system_i/axi_smc/inst/m00_nodes/m00_b_node/inst/s_sc_xpm_cdc_async_rst_inst/src_arst
    SLICE_X8Y140         FDCE                                         f  system_i/axi_smc/inst/m00_nodes/m00_b_node/inst/s_sc_xpm_cdc_async_rst_inst/arststages_ff_reg[2]/CLR  (IS_INVERTED)
  -------------------------------------------------------------------    -------------------

                         (clock clk_pl_0 rise edge)
                                                      0.000     0.000 r  
    PS8_X0Y0             PS8                          0.000     0.000 r  system_i/zynq_ultra_ps_e_0/inst/PS8_i/PLCLK[0]
                         net (fo=1, routed)           0.181     0.181    system_i/zynq_ultra_ps_e_0/inst/pl_clk_unbuffered[0]
    BUFG_PS_X0Y80        BUFG_PS (Prop_BUFG_PS_I_O)
                                                      0.035     0.216 r  system_i/zynq_ultra_ps_e_0/inst/buffer_pl_clk_0.PL_CLK_0_BUFG/O
    X0Y1 (CLOCK_ROOT)    net (fo=3762, routed)        1.945     2.161    system_i/axi_smc/inst/m00_nodes/m00_b_node/inst/s_sc_xpm_cdc_async_rst_inst/dest_clk
    SLICE_X8Y140         FDCE                                         r  system_i/axi_smc/inst/m00_nodes/m00_b_node/inst/s_sc_xpm_cdc_async_rst_inst/arststages_ff_reg[2]/C





Min Delay Paths
--------------------------------------------------------------------------------------
Slack:                    inf
  Source:                 system_i/axi_smc/inst/clk_map/psr_aclk/U0/ACTIVE_LOW_BSR_OUT_DFF[0].FDRE_BSR_N/C
                            (rising edge-triggered cell FDRE clocked by clk_pl_0  {rise@0.000ns fall@5.000ns period=10.000ns})
  Destination:            system_i/axi_smc/inst/switchboards/i_nodes/i_ar_node/inst/s_sc_xpm_cdc_async_rst_inst/arststages_ff_reg[0]/CLR
                            (removal check against rising-edge clock clk_pl_0  {rise@0.000ns fall@5.000ns period=10.000ns})
  Path Group:             (none)
  Path Type:              Removal (Min at Fast Process Corner)
  Data Path Delay:        0.178ns  (logic 0.083ns (46.683%)  route 0.095ns (53.317%))
  Logic Levels:           0  
  Clock Path Skew:        0.150ns (DCD - SCD - CPR)
    Destination Clock Delay (DCD):    1.439ns
    Source Clock Delay      (SCD):    1.290ns
    Clock Pessimism Removal (CPR):    -0.000ns
  Clock Uncertainty:      0.160ns  ((TSJ^2 + DJ^2)^1/2) / 2 + PE
    Total System Jitter     (TSJ):    0.071ns
    Discrete Jitter          (DJ):    0.312ns
    Phase Error              (PE):    0.000ns
  Clock Net Delay (Source):      1.139ns (routing 0.572ns, distribution 0.567ns)
  Clock Net Delay (Destination): 1.252ns (routing 0.623ns, distribution 0.629ns)
  Timing Exception:       False Path

    Location             Delay type                Incr(ns)  Path(ns)    Netlist Resource(s)
  -------------------------------------------------------------------    -------------------
                         (clock clk_pl_0 rise edge)
                                                      0.000     0.000 r  
    PS8_X0Y0             PS8                          0.000     0.000 r  system_i/zynq_ultra_ps_e_0/inst/PS8_i/PLCLK[0]
                         net (fo=1, routed)           0.129     0.129    system_i/zynq_ultra_ps_e_0/inst/pl_clk_unbuffered[0]
    BUFG_PS_X0Y80        BUFG_PS (Prop_BUFG_PS_I_O)
                                                      0.022     0.151 r  system_i/zynq_ultra_ps_e_0/inst/buffer_pl_clk_0.PL_CLK_0_BUFG/O
    X0Y1 (CLOCK_ROOT)    net (fo=3762, routed)        1.139     1.290    system_i/axi_smc/inst/clk_map/psr_aclk/U0/aclk
    SLICE_X7Y116         FDRE                                         r  system_i/axi_smc/inst/clk_map/psr_aclk/U0/ACTIVE_LOW_BSR_OUT_DFF[0].FDRE_BSR_N/C
  -------------------------------------------------------------------    -------------------
    SLICE_X7Y116         FDRE (Prop_HFF_SLICEM_C_Q)
                                                      0.083     1.373 r  system_i/axi_smc/inst/clk_map/psr_aclk/U0/ACTIVE_LOW_BSR_OUT_DFF[0].FDRE_BSR_N/Q
                         net (fo=81, routed)          0.095     1.467    system_i/axi_smc/inst/switchboards/i_nodes/i_ar_node/inst/s_sc_xpm_cdc_async_rst_inst/src_arst
    SLICE_X7Y116         FDCE                                         f  system_i/axi_smc/inst/switchboards/i_nodes/i_ar_node/inst/s_sc_xpm_cdc_async_rst_inst/arststages_ff_reg[0]/CLR  (IS_INVERTED)
  -------------------------------------------------------------------    -------------------

                         (clock clk_pl_0 rise edge)
                                                      0.000     0.000 r  
    PS8_X0Y0             PS8                          0.000     0.000 r  system_i/zynq_ultra_ps_e_0/inst/PS8_i/PLCLK[0]
                         net (fo=1, routed)           0.164     0.164    system_i/zynq_ultra_ps_e_0/inst/pl_clk_unbuffered[0]
    BUFG_PS_X0Y80        BUFG_PS (Prop_BUFG_PS_I_O)
                                                      0.023     0.187 r  system_i/zynq_ultra_ps_e_0/inst/buffer_pl_clk_0.PL_CLK_0_BUFG/O
    X0Y1 (CLOCK_ROOT)    net (fo=3762, routed)        1.252     1.439    system_i/axi_smc/inst/switchboards/i_nodes/i_ar_node/inst/s_sc_xpm_cdc_async_rst_inst/dest_clk
    SLICE_X7Y116         FDCE                                         r  system_i/axi_smc/inst/switchboards/i_nodes/i_ar_node/inst/s_sc_xpm_cdc_async_rst_inst/arststages_ff_reg[0]/C

Slack:                    inf
  Source:                 system_i/axi_smc/inst/clk_map/psr_aclk/U0/ACTIVE_LOW_BSR_OUT_DFF[0].FDRE_BSR_N/C
                            (rising edge-triggered cell FDRE clocked by clk_pl_0  {rise@0.000ns fall@5.000ns period=10.000ns})
  Destination:            system_i/axi_smc/inst/switchboards/i_nodes/i_ar_node/inst/s_sc_xpm_cdc_async_rst_inst/arststages_ff_reg[1]/CLR
                            (removal check against rising-edge clock clk_pl_0  {rise@0.000ns fall@5.000ns period=10.000ns})
  Path Group:             (none)
  Path Type:              Removal (Min at Fast Process Corner)
  Data Path Delay:        0.178ns  (logic 0.083ns (46.683%)  route 0.095ns (53.317%))
  Logic Levels:           0  
  Clock Path Skew:        0.150ns (DCD - SCD - CPR)
    Destination Clock Delay (DCD):    1.439ns
    Source Clock Delay      (SCD):    1.290ns
    Clock Pessimism Removal (CPR):    -0.000ns
  Clock Uncertainty:      0.160ns  ((TSJ^2 + DJ^2)^1/2) / 2 + PE
    Total System Jitter     (TSJ):    0.071ns
    Discrete Jitter          (DJ):    0.312ns
    Phase Error              (PE):    0.000ns
  Clock Net Delay (Source):      1.139ns (routing 0.572ns, distribution 0.567ns)
  Clock Net Delay (Destination): 1.252ns (routing 0.623ns, distribution 0.629ns)
  Timing Exception:       False Path

    Location             Delay type                Incr(ns)  Path(ns)    Netlist Resource(s)
  -------------------------------------------------------------------    -------------------
                         (clock clk_pl_0 rise edge)
                                                      0.000     0.000 r  
    PS8_X0Y0             PS8                          0.000     0.000 r  system_i/zynq_ultra_ps_e_0/inst/PS8_i/PLCLK[0]
                         net (fo=1, routed)           0.129     0.129    system_i/zynq_ultra_ps_e_0/inst/pl_clk_unbuffered[0]
    BUFG_PS_X0Y80        BUFG_PS (Prop_BUFG_PS_I_O)
                                                      0.022     0.151 r  system_i/zynq_ultra_ps_e_0/inst/buffer_pl_clk_0.PL_CLK_0_BUFG/O
    X0Y1 (CLOCK_ROOT)    net (fo=3762, routed)        1.139     1.290    system_i/axi_smc/inst/clk_map/psr_aclk/U0/aclk
    SLICE_X7Y116         FDRE                                         r  system_i/axi_smc/inst/clk_map/psr_aclk/U0/ACTIVE_LOW_BSR_OUT_DFF[0].FDRE_BSR_N/C
  -------------------------------------------------------------------    -------------------
    SLICE_X7Y116         FDRE (Prop_HFF_SLICEM_C_Q)
                                                      0.083     1.373 r  system_i/axi_smc/inst/clk_map/psr_aclk/U0/ACTIVE_LOW_BSR_OUT_DFF[0].FDRE_BSR_N/Q
                         net (fo=81, routed)          0.095     1.467    system_i/axi_smc/inst/switchboards/i_nodes/i_ar_node/inst/s_sc_xpm_cdc_async_rst_inst/src_arst
    SLICE_X7Y116         FDCE                                         f  system_i/axi_smc/inst/switchboards/i_nodes/i_ar_node/inst/s_sc_xpm_cdc_async_rst_inst/arststages_ff_reg[1]/CLR  (IS_INVERTED)
  -------------------------------------------------------------------    -------------------

                         (clock clk_pl_0 rise edge)
                                                      0.000     0.000 r  
    PS8_X0Y0             PS8                          0.000     0.000 r  system_i/zynq_ultra_ps_e_0/inst/PS8_i/PLCLK[0]
                         net (fo=1, routed)           0.164     0.164    system_i/zynq_ultra_ps_e_0/inst/pl_clk_unbuffered[0]
    BUFG_PS_X0Y80        BUFG_PS (Prop_BUFG_PS_I_O)
                                                      0.023     0.187 r  system_i/zynq_ultra_ps_e_0/inst/buffer_pl_clk_0.PL_CLK_0_BUFG/O
    X0Y1 (CLOCK_ROOT)    net (fo=3762, routed)        1.252     1.439    system_i/axi_smc/inst/switchboards/i_nodes/i_ar_node/inst/s_sc_xpm_cdc_async_rst_inst/dest_clk
    SLICE_X7Y116         FDCE                                         r  system_i/axi_smc/inst/switchboards/i_nodes/i_ar_node/inst/s_sc_xpm_cdc_async_rst_inst/arststages_ff_reg[1]/C

Slack:                    inf
  Source:                 system_i/axi_smc/inst/clk_map/psr_aclk/U0/ACTIVE_LOW_BSR_OUT_DFF[0].FDRE_BSR_N/C
                            (rising edge-triggered cell FDRE clocked by clk_pl_0  {rise@0.000ns fall@5.000ns period=10.000ns})
  Destination:            system_i/axi_smc/inst/switchboards/i_nodes/i_ar_node/inst/s_sc_xpm_cdc_async_rst_inst/arststages_ff_reg[2]/CLR
                            (removal check against rising-edge clock clk_pl_0  {rise@0.000ns fall@5.000ns period=10.000ns})
  Path Group:             (none)
  Path Type:              Removal (Min at Fast Process Corner)
  Data Path Delay:        0.178ns  (logic 0.083ns (46.683%)  route 0.095ns (53.317%))
  Logic Levels:           0  
  Clock Path Skew:        0.150ns (DCD - SCD - CPR)
    Destination Clock Delay (DCD):    1.439ns
    Source Clock Delay      (SCD):    1.290ns
    Clock Pessimism Removal (CPR):    -0.000ns
  Clock Uncertainty:      0.160ns  ((TSJ^2 + DJ^2)^1/2) / 2 + PE
    Total System Jitter     (TSJ):    0.071ns
    Discrete Jitter          (DJ):    0.312ns
    Phase Error              (PE):    0.000ns
  Clock Net Delay (Source):      1.139ns (routing 0.572ns, distribution 0.567ns)
  Clock Net Delay (Destination): 1.252ns (routing 0.623ns, distribution 0.629ns)
  Timing Exception:       False Path

    Location             Delay type                Incr(ns)  Path(ns)    Netlist Resource(s)
  -------------------------------------------------------------------    -------------------
                         (clock clk_pl_0 rise edge)
                                                      0.000     0.000 r  
    PS8_X0Y0             PS8                          0.000     0.000 r  system_i/zynq_ultra_ps_e_0/inst/PS8_i/PLCLK[0]
                         net (fo=1, routed)           0.129     0.129    system_i/zynq_ultra_ps_e_0/inst/pl_clk_unbuffered[0]
    BUFG_PS_X0Y80        BUFG_PS (Prop_BUFG_PS_I_O)
                                                      0.022     0.151 r  system_i/zynq_ultra_ps_e_0/inst/buffer_pl_clk_0.PL_CLK_0_BUFG/O
    X0Y1 (CLOCK_ROOT)    net (fo=3762, routed)        1.139     1.290    system_i/axi_smc/inst/clk_map/psr_aclk/U0/aclk
    SLICE_X7Y116         FDRE                                         r  system_i/axi_smc/inst/clk_map/psr_aclk/U0/ACTIVE_LOW_BSR_OUT_DFF[0].FDRE_BSR_N/C
  -------------------------------------------------------------------    -------------------
    SLICE_X7Y116         FDRE (Prop_HFF_SLICEM_C_Q)
                                                      0.083     1.373 r  system_i/axi_smc/inst/clk_map/psr_aclk/U0/ACTIVE_LOW_BSR_OUT_DFF[0].FDRE_BSR_N/Q
                         net (fo=81, routed)          0.095     1.467    system_i/axi_smc/inst/switchboards/i_nodes/i_ar_node/inst/s_sc_xpm_cdc_async_rst_inst/src_arst
    SLICE_X7Y116         FDCE                                         f  system_i/axi_smc/inst/switchboards/i_nodes/i_ar_node/inst/s_sc_xpm_cdc_async_rst_inst/arststages_ff_reg[2]/CLR  (IS_INVERTED)
  -------------------------------------------------------------------    -------------------

                         (clock clk_pl_0 rise edge)
                                                      0.000     0.000 r  
    PS8_X0Y0             PS8                          0.000     0.000 r  system_i/zynq_ultra_ps_e_0/inst/PS8_i/PLCLK[0]
                         net (fo=1, routed)           0.164     0.164    system_i/zynq_ultra_ps_e_0/inst/pl_clk_unbuffered[0]
    BUFG_PS_X0Y80        BUFG_PS (Prop_BUFG_PS_I_O)
                                                      0.023     0.187 r  system_i/zynq_ultra_ps_e_0/inst/buffer_pl_clk_0.PL_CLK_0_BUFG/O
    X0Y1 (CLOCK_ROOT)    net (fo=3762, routed)        1.252     1.439    system_i/axi_smc/inst/switchboards/i_nodes/i_ar_node/inst/s_sc_xpm_cdc_async_rst_inst/dest_clk
    SLICE_X7Y116         FDCE                                         r  system_i/axi_smc/inst/switchboards/i_nodes/i_ar_node/inst/s_sc_xpm_cdc_async_rst_inst/arststages_ff_reg[2]/C

Slack:                    inf
  Source:                 system_i/axi_smc/inst/clk_map/psr_aclk/U0/ACTIVE_LOW_BSR_OUT_DFF[0].FDRE_BSR_N/C
                            (rising edge-triggered cell FDRE clocked by clk_pl_0  {rise@0.000ns fall@5.000ns period=10.000ns})
  Destination:            system_i/axi_smc/inst/m00_nodes/m00_ar_node/inst/s_sc_xpm_cdc_async_rst_inst/arststages_ff_reg[0]/CLR
                            (removal check against rising-edge clock clk_pl_0  {rise@0.000ns fall@5.000ns period=10.000ns})
  Path Group:             (none)
  Path Type:              Removal (Min at Fast Process Corner)
  Data Path Delay:        0.223ns  (logic 0.083ns (37.230%)  route 0.140ns (62.770%))
  Logic Levels:           0  
  Clock Path Skew:        0.147ns (DCD - SCD - CPR)
    Destination Clock Delay (DCD):    1.437ns
    Source Clock Delay      (SCD):    1.290ns
    Clock Pessimism Removal (CPR):    -0.000ns
  Clock Uncertainty:      0.160ns  ((TSJ^2 + DJ^2)^1/2) / 2 + PE
    Total System Jitter     (TSJ):    0.071ns
    Discrete Jitter          (DJ):    0.312ns
    Phase Error              (PE):    0.000ns
  Clock Net Delay (Source):      1.139ns (routing 0.572ns, distribution 0.567ns)
  Clock Net Delay (Destination): 1.250ns (routing 0.623ns, distribution 0.627ns)
  Timing Exception:       False Path

    Location             Delay type                Incr(ns)  Path(ns)    Netlist Resource(s)
  -------------------------------------------------------------------    -------------------
                         (clock clk_pl_0 rise edge)
                                                      0.000     0.000 r  
    PS8_X0Y0             PS8                          0.000     0.000 r  system_i/zynq_ultra_ps_e_0/inst/PS8_i/PLCLK[0]
                         net (fo=1, routed)           0.129     0.129    system_i/zynq_ultra_ps_e_0/inst/pl_clk_unbuffered[0]
    BUFG_PS_X0Y80        BUFG_PS (Prop_BUFG_PS_I_O)
                                                      0.022     0.151 r  system_i/zynq_ultra_ps_e_0/inst/buffer_pl_clk_0.PL_CLK_0_BUFG/O
    X0Y1 (CLOCK_ROOT)    net (fo=3762, routed)        1.139     1.290    system_i/axi_smc/inst/clk_map/psr_aclk/U0/aclk
    SLICE_X7Y116         FDRE                                         r  system_i/axi_smc/inst/clk_map/psr_aclk/U0/ACTIVE_LOW_BSR_OUT_DFF[0].FDRE_BSR_N/C
  -------------------------------------------------------------------    -------------------
    SLICE_X7Y116         FDRE (Prop_HFF_SLICEM_C_Q)
                                                      0.083     1.373 r  system_i/axi_smc/inst/clk_map/psr_aclk/U0/ACTIVE_LOW_BSR_OUT_DFF[0].FDRE_BSR_N/Q
                         net (fo=81, routed)          0.140     1.512    system_i/axi_smc/inst/m00_nodes/m00_ar_node/inst/s_sc_xpm_cdc_async_rst_inst/src_arst
    SLICE_X8Y114         FDCE                                         f  system_i/axi_smc/inst/m00_nodes/m00_ar_node/inst/s_sc_xpm_cdc_async_rst_inst/arststages_ff_reg[0]/CLR  (IS_INVERTED)
  -------------------------------------------------------------------    -------------------

                         (clock clk_pl_0 rise edge)
                                                      0.000     0.000 r  
    PS8_X0Y0             PS8                          0.000     0.000 r  system_i/zynq_ultra_ps_e_0/inst/PS8_i/PLCLK[0]
                         net (fo=1, routed)           0.164     0.164    system_i/zynq_ultra_ps_e_0/inst/pl_clk_unbuffered[0]
    BUFG_PS_X0Y80        BUFG_PS (Prop_BUFG_PS_I_O)
                                                      0.023     0.187 r  system_i/zynq_ultra_ps_e_0/inst/buffer_pl_clk_0.PL_CLK_0_BUFG/O
    X0Y1 (CLOCK_ROOT)    net (fo=3762, routed)        1.250     1.437    system_i/axi_smc/inst/m00_nodes/m00_ar_node/inst/s_sc_xpm_cdc_async_rst_inst/dest_clk
    SLICE_X8Y114         FDCE                                         r  system_i/axi_smc/inst/m00_nodes/m00_ar_node/inst/s_sc_xpm_cdc_async_rst_inst/arststages_ff_reg[0]/C

Slack:                    inf
  Source:                 system_i/axi_smc/inst/clk_map/psr_aclk/U0/ACTIVE_LOW_BSR_OUT_DFF[0].FDRE_BSR_N/C
                            (rising edge-triggered cell FDRE clocked by clk_pl_0  {rise@0.000ns fall@5.000ns period=10.000ns})
  Destination:            system_i/axi_smc/inst/m00_nodes/m00_ar_node/inst/s_sc_xpm_cdc_async_rst_inst/arststages_ff_reg[1]/CLR
                            (removal check against rising-edge clock clk_pl_0  {rise@0.000ns fall@5.000ns period=10.000ns})
  Path Group:             (none)
  Path Type:              Removal (Min at Fast Process Corner)
  Data Path Delay:        0.223ns  (logic 0.083ns (37.230%)  route 0.140ns (62.770%))
  Logic Levels:           0  
  Clock Path Skew:        0.147ns (DCD - SCD - CPR)
    Destination Clock Delay (DCD):    1.437ns
    Source Clock Delay      (SCD):    1.290ns
    Clock Pessimism Removal (CPR):    -0.000ns
  Clock Uncertainty:      0.160ns  ((TSJ^2 + DJ^2)^1/2) / 2 + PE
    Total System Jitter     (TSJ):    0.071ns
    Discrete Jitter          (DJ):    0.312ns
    Phase Error              (PE):    0.000ns
  Clock Net Delay (Source):      1.139ns (routing 0.572ns, distribution 0.567ns)
  Clock Net Delay (Destination): 1.250ns (routing 0.623ns, distribution 0.627ns)
  Timing Exception:       False Path

    Location             Delay type                Incr(ns)  Path(ns)    Netlist Resource(s)
  -------------------------------------------------------------------    -------------------
                         (clock clk_pl_0 rise edge)
                                                      0.000     0.000 r  
    PS8_X0Y0             PS8                          0.000     0.000 r  system_i/zynq_ultra_ps_e_0/inst/PS8_i/PLCLK[0]
                         net (fo=1, routed)           0.129     0.129    system_i/zynq_ultra_ps_e_0/inst/pl_clk_unbuffered[0]
    BUFG_PS_X0Y80        BUFG_PS (Prop_BUFG_PS_I_O)
                                                      0.022     0.151 r  system_i/zynq_ultra_ps_e_0/inst/buffer_pl_clk_0.PL_CLK_0_BUFG/O
    X0Y1 (CLOCK_ROOT)    net (fo=3762, routed)        1.139     1.290    system_i/axi_smc/inst/clk_map/psr_aclk/U0/aclk
    SLICE_X7Y116         FDRE                                         r  system_i/axi_smc/inst/clk_map/psr_aclk/U0/ACTIVE_LOW_BSR_OUT_DFF[0].FDRE_BSR_N/C
  -------------------------------------------------------------------    -------------------
    SLICE_X7Y116         FDRE (Prop_HFF_SLICEM_C_Q)
                                                      0.083     1.373 r  system_i/axi_smc/inst/clk_map/psr_aclk/U0/ACTIVE_LOW_BSR_OUT_DFF[0].FDRE_BSR_N/Q
                         net (fo=81, routed)          0.140     1.512    system_i/axi_smc/inst/m00_nodes/m00_ar_node/inst/s_sc_xpm_cdc_async_rst_inst/src_arst
    SLICE_X8Y114         FDCE                                         f  system_i/axi_smc/inst/m00_nodes/m00_ar_node/inst/s_sc_xpm_cdc_async_rst_inst/arststages_ff_reg[1]/CLR  (IS_INVERTED)
  -------------------------------------------------------------------    -------------------

                         (clock clk_pl_0 rise edge)
                                                      0.000     0.000 r  
    PS8_X0Y0             PS8                          0.000     0.000 r  system_i/zynq_ultra_ps_e_0/inst/PS8_i/PLCLK[0]
                         net (fo=1, routed)           0.164     0.164    system_i/zynq_ultra_ps_e_0/inst/pl_clk_unbuffered[0]
    BUFG_PS_X0Y80        BUFG_PS (Prop_BUFG_PS_I_O)
                                                      0.023     0.187 r  system_i/zynq_ultra_ps_e_0/inst/buffer_pl_clk_0.PL_CLK_0_BUFG/O
    X0Y1 (CLOCK_ROOT)    net (fo=3762, routed)        1.250     1.437    system_i/axi_smc/inst/m00_nodes/m00_ar_node/inst/s_sc_xpm_cdc_async_rst_inst/dest_clk
    SLICE_X8Y114         FDCE                                         r  system_i/axi_smc/inst/m00_nodes/m00_ar_node/inst/s_sc_xpm_cdc_async_rst_inst/arststages_ff_reg[1]/C

Slack:                    inf
  Source:                 system_i/axi_smc/inst/clk_map/psr_aclk/U0/ACTIVE_LOW_BSR_OUT_DFF[0].FDRE_BSR_N/C
                            (rising edge-triggered cell FDRE clocked by clk_pl_0  {rise@0.000ns fall@5.000ns period=10.000ns})
  Destination:            system_i/axi_smc/inst/m00_nodes/m00_ar_node/inst/s_sc_xpm_cdc_async_rst_inst/arststages_ff_reg[2]/CLR
                            (removal check against rising-edge clock clk_pl_0  {rise@0.000ns fall@5.000ns period=10.000ns})
  Path Group:             (none)
  Path Type:              Removal (Min at Fast Process Corner)
  Data Path Delay:        0.223ns  (logic 0.083ns (37.230%)  route 0.140ns (62.770%))
  Logic Levels:           0  
  Clock Path Skew:        0.147ns (DCD - SCD - CPR)
    Destination Clock Delay (DCD):    1.437ns
    Source Clock Delay      (SCD):    1.290ns
    Clock Pessimism Removal (CPR):    -0.000ns
  Clock Uncertainty:      0.160ns  ((TSJ^2 + DJ^2)^1/2) / 2 + PE
    Total System Jitter     (TSJ):    0.071ns
    Discrete Jitter          (DJ):    0.312ns
    Phase Error              (PE):    0.000ns
  Clock Net Delay (Source):      1.139ns (routing 0.572ns, distribution 0.567ns)
  Clock Net Delay (Destination): 1.250ns (routing 0.623ns, distribution 0.627ns)
  Timing Exception:       False Path

    Location             Delay type                Incr(ns)  Path(ns)    Netlist Resource(s)
  -------------------------------------------------------------------    -------------------
                         (clock clk_pl_0 rise edge)
                                                      0.000     0.000 r  
    PS8_X0Y0             PS8                          0.000     0.000 r  system_i/zynq_ultra_ps_e_0/inst/PS8_i/PLCLK[0]
                         net (fo=1, routed)           0.129     0.129    system_i/zynq_ultra_ps_e_0/inst/pl_clk_unbuffered[0]
    BUFG_PS_X0Y80        BUFG_PS (Prop_BUFG_PS_I_O)
                                                      0.022     0.151 r  system_i/zynq_ultra_ps_e_0/inst/buffer_pl_clk_0.PL_CLK_0_BUFG/O
    X0Y1 (CLOCK_ROOT)    net (fo=3762, routed)        1.139     1.290    system_i/axi_smc/inst/clk_map/psr_aclk/U0/aclk
    SLICE_X7Y116         FDRE                                         r  system_i/axi_smc/inst/clk_map/psr_aclk/U0/ACTIVE_LOW_BSR_OUT_DFF[0].FDRE_BSR_N/C
  -------------------------------------------------------------------    -------------------
    SLICE_X7Y116         FDRE (Prop_HFF_SLICEM_C_Q)
                                                      0.083     1.373 r  system_i/axi_smc/inst/clk_map/psr_aclk/U0/ACTIVE_LOW_BSR_OUT_DFF[0].FDRE_BSR_N/Q
                         net (fo=81, routed)          0.140     1.512    system_i/axi_smc/inst/m00_nodes/m00_ar_node/inst/s_sc_xpm_cdc_async_rst_inst/src_arst
    SLICE_X8Y114         FDCE                                         f  system_i/axi_smc/inst/m00_nodes/m00_ar_node/inst/s_sc_xpm_cdc_async_rst_inst/arststages_ff_reg[2]/CLR  (IS_INVERTED)
  -------------------------------------------------------------------    -------------------

                         (clock clk_pl_0 rise edge)
                                                      0.000     0.000 r  
    PS8_X0Y0             PS8                          0.000     0.000 r  system_i/zynq_ultra_ps_e_0/inst/PS8_i/PLCLK[0]
                         net (fo=1, routed)           0.164     0.164    system_i/zynq_ultra_ps_e_0/inst/pl_clk_unbuffered[0]
    BUFG_PS_X0Y80        BUFG_PS (Prop_BUFG_PS_I_O)
                                                      0.023     0.187 r  system_i/zynq_ultra_ps_e_0/inst/buffer_pl_clk_0.PL_CLK_0_BUFG/O
    X0Y1 (CLOCK_ROOT)    net (fo=3762, routed)        1.250     1.437    system_i/axi_smc/inst/m00_nodes/m00_ar_node/inst/s_sc_xpm_cdc_async_rst_inst/dest_clk
    SLICE_X8Y114         FDCE                                         r  system_i/axi_smc/inst/m00_nodes/m00_ar_node/inst/s_sc_xpm_cdc_async_rst_inst/arststages_ff_reg[2]/C

Slack:                    inf
  Source:                 system_i/axi_smc/inst/clk_map/psr_aclk/U0/ACTIVE_LOW_BSR_OUT_DFF[0].FDRE_BSR_N/C
                            (rising edge-triggered cell FDRE clocked by clk_pl_0  {rise@0.000ns fall@5.000ns period=10.000ns})
  Destination:            system_i/axi_smc/inst/s01_nodes/s01_r_node/inst/s_sc_xpm_cdc_async_rst_inst/arststages_ff_reg[0]/CLR
                            (removal check against rising-edge clock clk_pl_0  {rise@0.000ns fall@5.000ns period=10.000ns})
  Path Group:             (none)
  Path Type:              Removal (Min at Fast Process Corner)
  Data Path Delay:        0.236ns  (logic 0.083ns (35.209%)  route 0.153ns (64.791%))
  Logic Levels:           0  
  Clock Path Skew:        0.154ns (DCD - SCD - CPR)
    Destination Clock Delay (DCD):    1.443ns
    Source Clock Delay      (SCD):    1.290ns
    Clock Pessimism Removal (CPR):    -0.000ns
  Clock Uncertainty:      0.160ns  ((TSJ^2 + DJ^2)^1/2) / 2 + PE
    Total System Jitter     (TSJ):    0.071ns
    Discrete Jitter          (DJ):    0.312ns
    Phase Error              (PE):    0.000ns
  Clock Net Delay (Source):      1.139ns (routing 0.572ns, distribution 0.567ns)
  Clock Net Delay (Destination): 1.256ns (routing 0.623ns, distribution 0.633ns)
  Timing Exception:       False Path

    Location             Delay type                Incr(ns)  Path(ns)    Netlist Resource(s)
  -------------------------------------------------------------------    -------------------
                         (clock clk_pl_0 rise edge)
                                                      0.000     0.000 r  
    PS8_X0Y0             PS8                          0.000     0.000 r  system_i/zynq_ultra_ps_e_0/inst/PS8_i/PLCLK[0]
                         net (fo=1, routed)           0.129     0.129    system_i/zynq_ultra_ps_e_0/inst/pl_clk_unbuffered[0]
    BUFG_PS_X0Y80        BUFG_PS (Prop_BUFG_PS_I_O)
                                                      0.022     0.151 r  system_i/zynq_ultra_ps_e_0/inst/buffer_pl_clk_0.PL_CLK_0_BUFG/O
    X0Y1 (CLOCK_ROOT)    net (fo=3762, routed)        1.139     1.290    system_i/axi_smc/inst/clk_map/psr_aclk/U0/aclk
    SLICE_X7Y116         FDRE                                         r  system_i/axi_smc/inst/clk_map/psr_aclk/U0/ACTIVE_LOW_BSR_OUT_DFF[0].FDRE_BSR_N/C
  -------------------------------------------------------------------    -------------------
    SLICE_X7Y116         FDRE (Prop_HFF_SLICEM_C_Q)
                                                      0.083     1.373 r  system_i/axi_smc/inst/clk_map/psr_aclk/U0/ACTIVE_LOW_BSR_OUT_DFF[0].FDRE_BSR_N/Q
                         net (fo=81, routed)          0.153     1.525    system_i/axi_smc/inst/s01_nodes/s01_r_node/inst/s_sc_xpm_cdc_async_rst_inst/src_arst
    SLICE_X3Y116         FDCE                                         f  system_i/axi_smc/inst/s01_nodes/s01_r_node/inst/s_sc_xpm_cdc_async_rst_inst/arststages_ff_reg[0]/CLR  (IS_INVERTED)
  -------------------------------------------------------------------    -------------------

                         (clock clk_pl_0 rise edge)
                                                      0.000     0.000 r  
    PS8_X0Y0             PS8                          0.000     0.000 r  system_i/zynq_ultra_ps_e_0/inst/PS8_i/PLCLK[0]
                         net (fo=1, routed)           0.164     0.164    system_i/zynq_ultra_ps_e_0/inst/pl_clk_unbuffered[0]
    BUFG_PS_X0Y80        BUFG_PS (Prop_BUFG_PS_I_O)
                                                      0.023     0.187 r  system_i/zynq_ultra_ps_e_0/inst/buffer_pl_clk_0.PL_CLK_0_BUFG/O
    X0Y1 (CLOCK_ROOT)    net (fo=3762, routed)        1.256     1.443    system_i/axi_smc/inst/s01_nodes/s01_r_node/inst/s_sc_xpm_cdc_async_rst_inst/dest_clk
    SLICE_X3Y116         FDCE                                         r  system_i/axi_smc/inst/s01_nodes/s01_r_node/inst/s_sc_xpm_cdc_async_rst_inst/arststages_ff_reg[0]/C

Slack:                    inf
  Source:                 system_i/axi_smc/inst/clk_map/psr_aclk/U0/ACTIVE_LOW_BSR_OUT_DFF[0].FDRE_BSR_N/C
                            (rising edge-triggered cell FDRE clocked by clk_pl_0  {rise@0.000ns fall@5.000ns period=10.000ns})
  Destination:            system_i/axi_smc/inst/s01_nodes/s01_r_node/inst/s_sc_xpm_cdc_async_rst_inst/arststages_ff_reg[1]/CLR
                            (removal check against rising-edge clock clk_pl_0  {rise@0.000ns fall@5.000ns period=10.000ns})
  Path Group:             (none)
  Path Type:              Removal (Min at Fast Process Corner)
  Data Path Delay:        0.236ns  (logic 0.083ns (35.209%)  route 0.153ns (64.791%))
  Logic Levels:           0  
  Clock Path Skew:        0.154ns (DCD - SCD - CPR)
    Destination Clock Delay (DCD):    1.443ns
    Source Clock Delay      (SCD):    1.290ns
    Clock Pessimism Removal (CPR):    -0.000ns
  Clock Uncertainty:      0.160ns  ((TSJ^2 + DJ^2)^1/2) / 2 + PE
    Total System Jitter     (TSJ):    0.071ns
    Discrete Jitter          (DJ):    0.312ns
    Phase Error              (PE):    0.000ns
  Clock Net Delay (Source):      1.139ns (routing 0.572ns, distribution 0.567ns)
  Clock Net Delay (Destination): 1.256ns (routing 0.623ns, distribution 0.633ns)
  Timing Exception:       False Path

    Location             Delay type                Incr(ns)  Path(ns)    Netlist Resource(s)
  -------------------------------------------------------------------    -------------------
                         (clock clk_pl_0 rise edge)
                                                      0.000     0.000 r  
    PS8_X0Y0             PS8                          0.000     0.000 r  system_i/zynq_ultra_ps_e_0/inst/PS8_i/PLCLK[0]
                         net (fo=1, routed)           0.129     0.129    system_i/zynq_ultra_ps_e_0/inst/pl_clk_unbuffered[0]
    BUFG_PS_X0Y80        BUFG_PS (Prop_BUFG_PS_I_O)
                                                      0.022     0.151 r  system_i/zynq_ultra_ps_e_0/inst/buffer_pl_clk_0.PL_CLK_0_BUFG/O
    X0Y1 (CLOCK_ROOT)    net (fo=3762, routed)        1.139     1.290    system_i/axi_smc/inst/clk_map/psr_aclk/U0/aclk
    SLICE_X7Y116         FDRE                                         r  system_i/axi_smc/inst/clk_map/psr_aclk/U0/ACTIVE_LOW_BSR_OUT_DFF[0].FDRE_BSR_N/C
  -------------------------------------------------------------------    -------------------
    SLICE_X7Y116         FDRE (Prop_HFF_SLICEM_C_Q)
                                                      0.083     1.373 r  system_i/axi_smc/inst/clk_map/psr_aclk/U0/ACTIVE_LOW_BSR_OUT_DFF[0].FDRE_BSR_N/Q
                         net (fo=81, routed)          0.153     1.525    system_i/axi_smc/inst/s01_nodes/s01_r_node/inst/s_sc_xpm_cdc_async_rst_inst/src_arst
    SLICE_X3Y116         FDCE                                         f  system_i/axi_smc/inst/s01_nodes/s01_r_node/inst/s_sc_xpm_cdc_async_rst_inst/arststages_ff_reg[1]/CLR  (IS_INVERTED)
  -------------------------------------------------------------------    -------------------

                         (clock clk_pl_0 rise edge)
                                                      0.000     0.000 r  
    PS8_X0Y0             PS8                          0.000     0.000 r  system_i/zynq_ultra_ps_e_0/inst/PS8_i/PLCLK[0]
                         net (fo=1, routed)           0.164     0.164    system_i/zynq_ultra_ps_e_0/inst/pl_clk_unbuffered[0]
    BUFG_PS_X0Y80        BUFG_PS (Prop_BUFG_PS_I_O)
                                                      0.023     0.187 r  system_i/zynq_ultra_ps_e_0/inst/buffer_pl_clk_0.PL_CLK_0_BUFG/O
    X0Y1 (CLOCK_ROOT)    net (fo=3762, routed)        1.256     1.443    system_i/axi_smc/inst/s01_nodes/s01_r_node/inst/s_sc_xpm_cdc_async_rst_inst/dest_clk
    SLICE_X3Y116         FDCE                                         r  system_i/axi_smc/inst/s01_nodes/s01_r_node/inst/s_sc_xpm_cdc_async_rst_inst/arststages_ff_reg[1]/C

Slack:                    inf
  Source:                 system_i/axi_smc/inst/clk_map/psr_aclk/U0/ACTIVE_LOW_BSR_OUT_DFF[0].FDRE_BSR_N/C
                            (rising edge-triggered cell FDRE clocked by clk_pl_0  {rise@0.000ns fall@5.000ns period=10.000ns})
  Destination:            system_i/axi_smc/inst/s01_nodes/s01_r_node/inst/s_sc_xpm_cdc_async_rst_inst/arststages_ff_reg[2]/CLR
                            (removal check against rising-edge clock clk_pl_0  {rise@0.000ns fall@5.000ns period=10.000ns})
  Path Group:             (none)
  Path Type:              Removal (Min at Fast Process Corner)
  Data Path Delay:        0.236ns  (logic 0.083ns (35.209%)  route 0.153ns (64.791%))
  Logic Levels:           0  
  Clock Path Skew:        0.154ns (DCD - SCD - CPR)
    Destination Clock Delay (DCD):    1.443ns
    Source Clock Delay      (SCD):    1.290ns
    Clock Pessimism Removal (CPR):    -0.000ns
  Clock Uncertainty:      0.160ns  ((TSJ^2 + DJ^2)^1/2) / 2 + PE
    Total System Jitter     (TSJ):    0.071ns
    Discrete Jitter          (DJ):    0.312ns
    Phase Error              (PE):    0.000ns
  Clock Net Delay (Source):      1.139ns (routing 0.572ns, distribution 0.567ns)
  Clock Net Delay (Destination): 1.256ns (routing 0.623ns, distribution 0.633ns)
  Timing Exception:       False Path

    Location             Delay type                Incr(ns)  Path(ns)    Netlist Resource(s)
  -------------------------------------------------------------------    -------------------
                         (clock clk_pl_0 rise edge)
                                                      0.000     0.000 r  
    PS8_X0Y0             PS8                          0.000     0.000 r  system_i/zynq_ultra_ps_e_0/inst/PS8_i/PLCLK[0]
                         net (fo=1, routed)           0.129     0.129    system_i/zynq_ultra_ps_e_0/inst/pl_clk_unbuffered[0]
    BUFG_PS_X0Y80        BUFG_PS (Prop_BUFG_PS_I_O)
                                                      0.022     0.151 r  system_i/zynq_ultra_ps_e_0/inst/buffer_pl_clk_0.PL_CLK_0_BUFG/O
    X0Y1 (CLOCK_ROOT)    net (fo=3762, routed)        1.139     1.290    system_i/axi_smc/inst/clk_map/psr_aclk/U0/aclk
    SLICE_X7Y116         FDRE                                         r  system_i/axi_smc/inst/clk_map/psr_aclk/U0/ACTIVE_LOW_BSR_OUT_DFF[0].FDRE_BSR_N/C
  -------------------------------------------------------------------    -------------------
    SLICE_X7Y116         FDRE (Prop_HFF_SLICEM_C_Q)
                                                      0.083     1.373 r  system_i/axi_smc/inst/clk_map/psr_aclk/U0/ACTIVE_LOW_BSR_OUT_DFF[0].FDRE_BSR_N/Q
                         net (fo=81, routed)          0.153     1.525    system_i/axi_smc/inst/s01_nodes/s01_r_node/inst/s_sc_xpm_cdc_async_rst_inst/src_arst
    SLICE_X3Y116         FDCE                                         f  system_i/axi_smc/inst/s01_nodes/s01_r_node/inst/s_sc_xpm_cdc_async_rst_inst/arststages_ff_reg[2]/CLR  (IS_INVERTED)
  -------------------------------------------------------------------    -------------------

                         (clock clk_pl_0 rise edge)
                                                      0.000     0.000 r  
    PS8_X0Y0             PS8                          0.000     0.000 r  system_i/zynq_ultra_ps_e_0/inst/PS8_i/PLCLK[0]
                         net (fo=1, routed)           0.164     0.164    system_i/zynq_ultra_ps_e_0/inst/pl_clk_unbuffered[0]
    BUFG_PS_X0Y80        BUFG_PS (Prop_BUFG_PS_I_O)
                                                      0.023     0.187 r  system_i/zynq_ultra_ps_e_0/inst/buffer_pl_clk_0.PL_CLK_0_BUFG/O
    X0Y1 (CLOCK_ROOT)    net (fo=3762, routed)        1.256     1.443    system_i/axi_smc/inst/s01_nodes/s01_r_node/inst/s_sc_xpm_cdc_async_rst_inst/dest_clk
    SLICE_X3Y116         FDCE                                         r  system_i/axi_smc/inst/s01_nodes/s01_r_node/inst/s_sc_xpm_cdc_async_rst_inst/arststages_ff_reg[2]/C

Slack:                    inf
  Source:                 system_i/axi_smc/inst/clk_map/psr_aclk/U0/ACTIVE_LOW_BSR_OUT_DFF[0].FDRE_BSR_N/C
                            (rising edge-triggered cell FDRE clocked by clk_pl_0  {rise@0.000ns fall@5.000ns period=10.000ns})
  Destination:            system_i/axi_smc/inst/s01_nodes/s01_ar_node/inst/s_sc_xpm_cdc_async_rst_inst/arststages_ff_reg[0]/CLR
                            (removal check against rising-edge clock clk_pl_0  {rise@0.000ns fall@5.000ns period=10.000ns})
  Path Group:             (none)
  Path Type:              Removal (Min at Fast Process Corner)
  Data Path Delay:        0.243ns  (logic 0.083ns (34.193%)  route 0.160ns (65.806%))
  Logic Levels:           0  
  Clock Path Skew:        0.156ns (DCD - SCD - CPR)
    Destination Clock Delay (DCD):    1.445ns
    Source Clock Delay      (SCD):    1.290ns
    Clock Pessimism Removal (CPR):    -0.000ns
  Clock Uncertainty:      0.160ns  ((TSJ^2 + DJ^2)^1/2) / 2 + PE
    Total System Jitter     (TSJ):    0.071ns
    Discrete Jitter          (DJ):    0.312ns
    Phase Error              (PE):    0.000ns
  Clock Net Delay (Source):      1.139ns (routing 0.572ns, distribution 0.567ns)
  Clock Net Delay (Destination): 1.258ns (routing 0.623ns, distribution 0.635ns)
  Timing Exception:       False Path

    Location             Delay type                Incr(ns)  Path(ns)    Netlist Resource(s)
  -------------------------------------------------------------------    -------------------
                         (clock clk_pl_0 rise edge)
                                                      0.000     0.000 r  
    PS8_X0Y0             PS8                          0.000     0.000 r  system_i/zynq_ultra_ps_e_0/inst/PS8_i/PLCLK[0]
                         net (fo=1, routed)           0.129     0.129    system_i/zynq_ultra_ps_e_0/inst/pl_clk_unbuffered[0]
    BUFG_PS_X0Y80        BUFG_PS (Prop_BUFG_PS_I_O)
                                                      0.022     0.151 r  system_i/zynq_ultra_ps_e_0/inst/buffer_pl_clk_0.PL_CLK_0_BUFG/O
    X0Y1 (CLOCK_ROOT)    net (fo=3762, routed)        1.139     1.290    system_i/axi_smc/inst/clk_map/psr_aclk/U0/aclk
    SLICE_X7Y116         FDRE                                         r  system_i/axi_smc/inst/clk_map/psr_aclk/U0/ACTIVE_LOW_BSR_OUT_DFF[0].FDRE_BSR_N/C
  -------------------------------------------------------------------    -------------------
    SLICE_X7Y116         FDRE (Prop_HFF_SLICEM_C_Q)
                                                      0.083     1.373 r  system_i/axi_smc/inst/clk_map/psr_aclk/U0/ACTIVE_LOW_BSR_OUT_DFF[0].FDRE_BSR_N/Q
                         net (fo=81, routed)          0.160     1.532    system_i/axi_smc/inst/s01_nodes/s01_ar_node/inst/s_sc_xpm_cdc_async_rst_inst/src_arst
    SLICE_X2Y116         FDCE                                         f  system_i/axi_smc/inst/s01_nodes/s01_ar_node/inst/s_sc_xpm_cdc_async_rst_inst/arststages_ff_reg[0]/CLR  (IS_INVERTED)
  -------------------------------------------------------------------    -------------------

                         (clock clk_pl_0 rise edge)
                                                      0.000     0.000 r  
    PS8_X0Y0             PS8                          0.000     0.000 r  system_i/zynq_ultra_ps_e_0/inst/PS8_i/PLCLK[0]
                         net (fo=1, routed)           0.164     0.164    system_i/zynq_ultra_ps_e_0/inst/pl_clk_unbuffered[0]
    BUFG_PS_X0Y80        BUFG_PS (Prop_BUFG_PS_I_O)
                                                      0.023     0.187 r  system_i/zynq_ultra_ps_e_0/inst/buffer_pl_clk_0.PL_CLK_0_BUFG/O
    X0Y1 (CLOCK_ROOT)    net (fo=3762, routed)        1.258     1.445    system_i/axi_smc/inst/s01_nodes/s01_ar_node/inst/s_sc_xpm_cdc_async_rst_inst/dest_clk
    SLICE_X2Y116         FDCE                                         r  system_i/axi_smc/inst/s01_nodes/s01_ar_node/inst/s_sc_xpm_cdc_async_rst_inst/arststages_ff_reg[0]/C





