Copyright 1986-2022 Xilinx, Inc. All Rights Reserved. Copyright 2022-2025 Advanced Micro Devices, Inc. All Rights Reserved.
---------------------------------------------------------------------------------------------------------------------------------------------
| Tool Version : Vivado v.2025.2 (win64) Build 6299465 Fri Nov 14 19:35:11 GMT 2025
| Date         : Sun Mar 22 22:48:31 2026
| Host         : VuDuong-32 running 64-bit major release  (build 9200)
| Command      : report_control_sets -verbose -file system_wrapper_control_sets_placed.rpt
| Design       : system_wrapper
| Device       : xck26
---------------------------------------------------------------------------------------------------------------------------------------------

Control Set Information

Table of Contents
-----------------
1. Summary
2. Histogram
3. Flip-Flop Distribution
4. Detailed Control Set Information

1. Summary
----------

+----------------------------------------------------------+-------+
|                          Status                          | Count |
+----------------------------------------------------------+-------+
| Total control sets                                       |   301 |
|    Minimum number of control sets                        |   301 |
|    Addition due to synthesis replication                 |     0 |
|    Addition due to physical synthesis replication        |     0 |
| Unused register locations in slices containing registers |   348 |
+----------------------------------------------------------+-------+
* Control sets can be merged at opt_design using control_set_merge or merge_equivalent_drivers
** Run report_qor_suggestions for automated merging and remapping suggestions


2. Histogram
------------

+--------------------+-------+
|       Fanout       | Count |
+--------------------+-------+
| Total control sets |   301 |
| >= 0 to < 4        |    96 |
| >= 4 to < 6        |    23 |
| >= 6 to < 8        |    18 |
| >= 8 to < 10       |    83 |
| >= 10 to < 12      |     7 |
| >= 12 to < 14      |    15 |
| >= 14 to < 16      |     2 |
| >= 16              |    57 |
+--------------------+-------+
* Control sets can be remapped at either synth_design or opt_design


3. Flip-Flop Distribution
-------------------------

+--------------+-----------------------+------------------------+-----------------+--------------+
| Clock Enable | Synchronous Set/Reset | Asynchronous Set/Reset | Total Registers | Total Slices |
+--------------+-----------------------+------------------------+-----------------+--------------+
| No           | No                    | No                     |             154 |           66 |
| No           | No                    | Yes                    |             621 |          171 |
| No           | Yes                   | No                     |             152 |          101 |
| Yes          | No                    | No                     |             940 |          138 |
| Yes          | No                    | Yes                    |             389 |           87 |
| Yes          | Yes                   | No                     |            1464 |          321 |
+--------------+-----------------------+------------------------+-----------------+--------------+


4. Detailed Control Set Information
-----------------------------------

+------------------------------------------+-------------------------------------------------------------------------------------------------------------------------------------------------------------------------------------------------+-------------------------------------------------------------------------------------------------------------------------------------------------------------------+------------------+----------------+--------------+
|               Clock Signal               |                                                                                          Enable Signal                                                                                          |                                                                          Set/Reset Signal                                                                         | Slice Load Count | Bel Load Count | Bels / Slice |
+------------------------------------------+-------------------------------------------------------------------------------------------------------------------------------------------------------------------------------------------------+-------------------------------------------------------------------------------------------------------------------------------------------------------------------+------------------+----------------+--------------+
|  system_i/zynq_ultra_ps_e_0/inst/pl_clk0 |                                                                                                                                                                                                 | system_i/axi_smc/inst/switchboards/i_nodes/i_w_node/inst/s_sc_areset_pipe                                                                                         |                1 |              1 |         1.00 |
|  system_i/zynq_ultra_ps_e_0/inst/pl_clk0 |                                                                                                                                                                                                 | system_i/axi_smc/inst/switchboards/i_nodes/i_r_node/inst/s_sc_areset_pipe                                                                                         |                1 |              1 |         1.00 |
|  system_i/zynq_ultra_ps_e_0/inst/pl_clk0 | system_i/axi_smc/inst/switchboards/i_nodes/i_aw_node/inst/inst_si_handler/gen_m_axis_arb_fifo.inst_axis_arb_fifo/gen_pipelined.load_mesg                                                        |                                                                                                                                                                   |                1 |              1 |         1.00 |
|  system_i/zynq_ultra_ps_e_0/inst/pl_clk0 |                                                                                                                                                                                                 | system_i/axi_smc/inst/switchboards/i_nodes/i_ar_node/inst/s_sc_areset_pipe                                                                                        |                1 |              1 |         1.00 |
|  system_i/zynq_ultra_ps_e_0/inst/pl_clk0 | system_i/axi_smc/inst/s00_entry_pipeline/s00_si_converter/inst/gen_normal.splitter_inst/gen_rsplitter.gen_rthread_loop[0].r_split_fifo/gen_srls[0].srl_nx1/shift_qual                           |                                                                                                                                                                   |                1 |              1 |         1.00 |
|  system_i/zynq_ultra_ps_e_0/inst/pl_clk0 | system_i/axi_smc/inst/s00_entry_pipeline/s00_si_converter/inst/gen_normal.splitter_inst/gen_wsplitter.gen_wthread_loop[0].b_split_fifo/gen_srls[0].srl_nx1/shift_qual                           |                                                                                                                                                                   |                1 |              1 |         1.00 |
|  system_i/zynq_ultra_ps_e_0/inst/pl_clk0 |                                                                                                                                                                                                 | system_i/axi_smc/inst/switchboards/i_nodes/i_aw_node/inst/s_sc_areset_pipe                                                                                        |                1 |              1 |         1.00 |
|  system_i/zynq_ultra_ps_e_0/inst/pl_clk0 | system_i/axi_smc/inst/switchboards/i_nodes/i_aw_node/inst/inst_si_handler/gen_m_axis_arb_fifo.inst_axis_arb_fifo/gen_srls[1].srl_nx1/shift                                                      |                                                                                                                                                                   |                1 |              1 |         1.00 |
|  system_i/zynq_ultra_ps_e_0/inst/pl_clk0 |                                                                                                                                                                                                 | system_i/axi_smc/inst/switchboards/i_nodes/i_b_node/inst/s_sc_areset_pipe                                                                                         |                1 |              1 |         1.00 |
|  system_i/zynq_ultra_ps_e_0/inst/pl_clk0 |                                                                                                                                                                                                 | system_i/axi_smc/inst/s00_nodes/s00_ar_node/inst/s_sc_areset_pipe                                                                                                 |                1 |              1 |         1.00 |
|  system_i/zynq_ultra_ps_e_0/inst/pl_clk0 |                                                                                                                                                                                                 | system_i/axi_smc/inst/s00_nodes/s00_aw_node/inst/s_sc_areset_pipe                                                                                                 |                1 |              1 |         1.00 |
|  system_i/zynq_ultra_ps_e_0/inst/pl_clk0 |                                                                                                                                                                                                 | system_i/axi_smc/inst/s00_nodes/s00_b_node/inst/s_sc_areset_pipe                                                                                                  |                1 |              1 |         1.00 |
|  system_i/zynq_ultra_ps_e_0/inst/pl_clk0 |                                                                                                                                                                                                 | system_i/axi_smc/inst/s00_nodes/s00_r_node/inst/s_sc_areset_pipe                                                                                                  |                1 |              1 |         1.00 |
|  system_i/zynq_ultra_ps_e_0/inst/pl_clk0 |                                                                                                                                                                                                 | system_i/axi_smc/inst/s00_nodes/s00_w_node/inst/s_sc_areset_pipe                                                                                                  |                1 |              1 |         1.00 |
|  system_i/zynq_ultra_ps_e_0/inst/pl_clk0 |                                                                                                                                                                                                 | system_i/axi_smc/inst/m00_nodes/m00_aw_node/inst/s_sc_areset_pipe                                                                                                 |                1 |              1 |         1.00 |
|  system_i/zynq_ultra_ps_e_0/inst/pl_clk0 |                                                                                                                                                                                                 | system_i/axi_smc/inst/m00_nodes/m00_b_node/inst/s_sc_areset_pipe                                                                                                  |                1 |              1 |         1.00 |
|  system_i/zynq_ultra_ps_e_0/inst/pl_clk0 |                                                                                                                                                                                                 | system_i/axi_smc/inst/m00_nodes/m00_r_node/inst/s_sc_areset_pipe                                                                                                  |                1 |              1 |         1.00 |
|  system_i/zynq_ultra_ps_e_0/inst/pl_clk0 |                                                                                                                                                                                                 | system_i/axi_smc/inst/m00_nodes/m00_w_node/inst/s_sc_areset_pipe                                                                                                  |                1 |              1 |         1.00 |
|  system_i/zynq_ultra_ps_e_0/inst/pl_clk0 |                                                                                                                                                                                                 | system_i/axi_smc/inst/s01_nodes/s01_ar_node/inst/s_sc_areset_pipe                                                                                                 |                1 |              1 |         1.00 |
|  system_i/zynq_ultra_ps_e_0/inst/pl_clk0 |                                                                                                                                                                                                 | system_i/axi_smc/inst/s01_nodes/s01_aw_node/inst/s_sc_areset_pipe                                                                                                 |                1 |              1 |         1.00 |
|  system_i/zynq_ultra_ps_e_0/inst/pl_clk0 |                                                                                                                                                                                                 | system_i/axi_smc/inst/s01_nodes/s01_b_node/inst/s_sc_areset_pipe                                                                                                  |                1 |              1 |         1.00 |
|  system_i/zynq_ultra_ps_e_0/inst/pl_clk0 |                                                                                                                                                                                                 | system_i/axi_smc/inst/s01_nodes/s01_r_node/inst/s_sc_areset_pipe                                                                                                  |                1 |              1 |         1.00 |
|  system_i/zynq_ultra_ps_e_0/inst/pl_clk0 |                                                                                                                                                                                                 | system_i/axi_smc/inst/s01_nodes/s01_w_node/inst/s_sc_areset_pipe                                                                                                  |                1 |              1 |         1.00 |
|  system_i/zynq_ultra_ps_e_0/inst/pl_clk0 |                                                                                                                                                                                                 | system_i/axi_smc/inst/m00_nodes/m00_ar_node/inst/s_sc_areset_pipe                                                                                                 |                1 |              1 |         1.00 |
|  system_i/zynq_ultra_ps_e_0/inst/pl_clk0 | system_i/axi_smc/inst/s00_entry_pipeline/s00_si_converter/inst/gen_normal.splitter_inst/aw_cmd_reg/state                                                                                        | system_i/axi_smc/inst/s00_entry_pipeline/s00_si_converter/inst/areset                                                                                             |                1 |              1 |         1.00 |
|  system_i/zynq_ultra_ps_e_0/inst/pl_clk0 | system_i/axi_smc/inst/s00_entry_pipeline/s00_si_converter/inst/gen_normal.splitter_inst/gen_wsplitter.wsplit_first_offset_fifo/gen_pipelined.mesg_reg[0]                                        |                                                                                                                                                                   |                1 |              2 |         2.00 |
|  system_i/zynq_ultra_ps_e_0/inst/pl_clk0 | system_i/axi_smc/inst/m00_exit_pipeline/m00_exit/inst/exit_inst/gen_w_cmd_reg.s_write_cmd_vacancy_i_reg_0                                                                                       |                                                                                                                                                                   |                1 |              2 |         2.00 |
|  system_i/zynq_ultra_ps_e_0/inst/pl_clk0 |                                                                                                                                                                                                 | system_i/axi_smc/inst/s00_entry_pipeline/s00_mmu/inst/areset_d                                                                                                    |                1 |              2 |         2.00 |
|  system_i/zynq_ultra_ps_e_0/inst/pl_clk0 | system_i/axi_smc/inst/m00_exit_pipeline/m00_exit/inst/exit_inst/gen_r_cmd_reg.s_read_cmd_vacancy_i_reg_0                                                                                        |                                                                                                                                                                   |                1 |              2 |         2.00 |
|  system_i/zynq_ultra_ps_e_0/inst/pl_clk0 |                                                                                                                                                                                                 | system_i/axi_smc/inst/s01_entry_pipeline/s01_transaction_regulator/inst/gen_endpoint.gen_w_singleorder.w_singleorder/gen_id_reg.aresetn_d_reg_n_0_[0]             |                1 |              2 |         2.00 |
|  system_i/zynq_ultra_ps_e_0/inst/pl_clk0 | system_i/axi_smc/inst/m00_exit_pipeline/m00_exit/inst/splitter_inst/gen_axi4lite.axilite_conv/s_axi_rvalid_i                                                                                    | system_i/axi_smc/inst/m00_exit_pipeline/m00_exit/inst/areset                                                                                                      |                1 |              2 |         2.00 |
|  system_i/zynq_ultra_ps_e_0/inst/pl_clk0 | system_i/axi_smc/inst/s00_entry_pipeline/s00_si_converter/inst/gen_normal.splitter_inst/gen_wsplitter.wsplit_first_offset_fifo/gen_srls[3].srl_nx1/shift_qual                                   |                                                                                                                                                                   |                1 |              2 |         2.00 |
|  system_i/zynq_ultra_ps_e_0/inst/pl_clk0 | system_i/axi_smc/inst/m00_exit_pipeline/m00_exit/inst/splitter_inst/gen_axi4lite.axilite_conv/m_axi_bready_i1                                                                                   | system_i/axi_smc/inst/m00_exit_pipeline/m00_exit/inst/splitter_inst/gen_axi4lite.axilite_conv/s_axi_bresp_i[1]_i_1_n_0                                            |                1 |              2 |         2.00 |
|  system_i/zynq_ultra_ps_e_0/inst/pl_clk0 | system_i/axi_smc/inst/m00_exit_pipeline/m00_exit/inst/splitter_inst/gen_axi4lite.axilite_conv/r_state[0]                                                                                        | system_i/axi_smc/inst/m00_exit_pipeline/m00_exit/inst/areset                                                                                                      |                2 |              2 |         1.00 |
|  system_i/zynq_ultra_ps_e_0/inst/pl_clk0 |                                                                                                                                                                                                 | system_i/axi_smc/inst/switchboards/i_nodes/i_ar_node/inst/inst_mi_handler/areset_r                                                                                |                1 |              2 |         2.00 |
|  system_i/zynq_ultra_ps_e_0/inst/pl_clk0 |                                                                                                                                                                                                 | system_i/axi_smc/inst/switchboards/i_nodes/i_ar_node/inst/inst_si_handler/areset_r                                                                                |                2 |              2 |         1.00 |
|  system_i/zynq_ultra_ps_e_0/inst/pl_clk0 |                                                                                                                                                                                                 | system_i/axi_smc/inst/switchboards/i_nodes/i_aw_node/inst/inst_mi_handler/areset_r                                                                                |                1 |              2 |         2.00 |
|  system_i/zynq_ultra_ps_e_0/inst/pl_clk0 | system_i/axi_smc/inst/s01_entry_pipeline/s01_mmu/inst/aw_reg_stall/E[0]                                                                                                                         | system_i/axi_smc/inst/s01_entry_pipeline/s01_mmu/inst/areset                                                                                                      |                1 |              2 |         2.00 |
|  system_i/zynq_ultra_ps_e_0/inst/pl_clk0 |                                                                                                                                                                                                 | system_i/axi_smc/inst/switchboards/i_nodes/i_b_node/inst/inst_mi_handler/areset_r                                                                                 |                1 |              2 |         2.00 |
|  system_i/zynq_ultra_ps_e_0/inst/pl_clk0 | system_i/axi_smc/inst/switchboards/i_nodes/i_ar_node/inst/inst_mi_handler/gen_normal_area.gen_fi_regulator.inst_fi_regulator/allow_transfer_r_reg_0                                             | system_i/axi_smc/inst/switchboards/i_nodes/i_ar_node/inst/inst_si_handler/gen_si_handler.gen_request_counters.gen_req_counter[0].inst_req_counter/areset_r_reg[0] |                1 |              2 |         2.00 |
|  system_i/zynq_ultra_ps_e_0/inst/pl_clk0 |                                                                                                                                                                                                 | system_i/axi_smc/inst/switchboards/i_nodes/i_w_node/inst/inst_mi_handler/areset_r                                                                                 |                1 |              2 |         2.00 |
|  system_i/zynq_ultra_ps_e_0/inst/pl_clk0 |                                                                                                                                                                                                 | system_i/axi_smc/inst/switchboards/i_nodes/i_w_node/inst/inst_si_handler/areset_r                                                                                 |                1 |              2 |         2.00 |
|  system_i/zynq_ultra_ps_e_0/inst/pl_clk0 | system_i/axi_smc/inst/s00_entry_pipeline/s00_si_converter/inst/converter.low_area_converter.low_area_wrap_inst/gen_wsplitter.accum_bresp[0]                                                     | system_i/axi_smc/inst/s00_entry_pipeline/s00_si_converter/inst/gen_normal.splitter_inst/gen_wsplitter.gen_wthread_loop[0].b_split_fifo/SR[0]                      |                1 |              2 |         2.00 |
|  system_i/zynq_ultra_ps_e_0/inst/pl_clk0 |                                                                                                                                                                                                 | system_i/axi_smc/inst/s00_entry_pipeline/s00_transaction_regulator/inst/gen_endpoint.gen_w_singleorder.w_singleorder/gen_id_reg.aresetn_d_reg_n_0_[0]             |                2 |              2 |         1.00 |
|  system_i/zynq_ultra_ps_e_0/inst/pl_clk0 |                                                                                                                                                                                                 | system_i/axi_smc/inst/s00_entry_pipeline/s00_transaction_regulator/inst/areset                                                                                    |                1 |              2 |         2.00 |
|  system_i/zynq_ultra_ps_e_0/inst/pl_clk0 |                                                                                                                                                                                                 | system_i/axi_smc/inst/s01_entry_pipeline/s01_transaction_regulator/inst/areset                                                                                    |                1 |              2 |         2.00 |
|  system_i/zynq_ultra_ps_e_0/inst/pl_clk0 | system_i/axi_smc/inst/m00_exit_pipeline/m00_exit/inst/splitter_inst/gen_axi4lite.axilite_conv/b_cnt[0]                                                                                          | system_i/axi_smc/inst/m00_exit_pipeline/m00_exit/inst/areset                                                                                                      |                1 |              2 |         2.00 |
|  system_i/zynq_ultra_ps_e_0/inst/pl_clk0 | system_i/axi_smc/inst/s00_entry_pipeline/s00_mmu/inst/aw_reg_stall/E[0]                                                                                                                         | system_i/axi_smc/inst/s00_entry_pipeline/s00_mmu/inst/areset                                                                                                      |                1 |              2 |         2.00 |
|  system_i/zynq_ultra_ps_e_0/inst/pl_clk0 |                                                                                                                                                                                                 | system_i/axi_smc/inst/m00_exit_pipeline/m00_exit/inst/exit_inst/gen_r_cmd_reg.aresetn_d_reg_n_0_[0]                                                               |                2 |              2 |         1.00 |
|  system_i/zynq_ultra_ps_e_0/inst/pl_clk0 | system_i/axi_smc/inst/s00_entry_pipeline/s00_si_converter/inst/converter.low_area_converter.low_area_wrap_inst/FSM_sequential_ar_state[1]_i_1_n_0                                               | system_i/axi_smc/inst/s00_entry_pipeline/s00_si_converter/inst/areset                                                                                             |                1 |              2 |         2.00 |
|  system_i/zynq_ultra_ps_e_0/inst/pl_clk0 | system_i/axi_smc/inst/s01_entry_pipeline/s01_si_converter/inst/converter.low_area_converter.low_area_wrap_inst/bresp_accum[1]_i_1_n_0                                                           | system_i/axi_smc/inst/s01_entry_pipeline/s01_si_converter/inst/areset                                                                                             |                1 |              2 |         2.00 |
|  system_i/zynq_ultra_ps_e_0/inst/pl_clk0 | system_i/npu_axi_ip_0/inst/npu_axi_ip_slave_lite_v1_0_S00_AXI_inst/FSM_sequential_state_read[1]_i_1_n_0                                                                                         | system_i/rst_ps8_0_99M/U0/peripheral_aresetn[0]                                                                                                                   |                1 |              2 |         2.00 |
|  system_i/zynq_ultra_ps_e_0/inst/pl_clk0 | system_i/npu_axi_ip_0/inst/npu_axi_ip_slave_lite_v1_0_S00_AXI_inst/FSM_sequential_state_write[1]_i_1_n_0                                                                                        | system_i/rst_ps8_0_99M/U0/peripheral_aresetn[0]                                                                                                                   |                1 |              2 |         2.00 |
|  system_i/zynq_ultra_ps_e_0/inst/pl_clk0 | system_i/axi_smc/inst/switchboards/i_nodes/i_w_node/inst/inst_si_handler/gen_si_handler.gen_request_fifos.gen_req_fifo[0].inst_req_fifo/gen_xpm_memory_fifo.inst_fifo/wr_wea                    |                                                                                                                                                                   |                1 |              2 |         2.00 |
|  system_i/zynq_ultra_ps_e_0/inst/pl_clk0 | system_i/axi_smc/inst/switchboards/i_nodes/i_w_node/inst/inst_mi_handler/gen_normal_area.inst_fifo_node_payld/gen_reg_fifo.inst_reg_fifo/E[0]                                                   | system_i/axi_smc/inst/switchboards/i_nodes/i_w_node/inst/inst_mi_handler/gen_normal_area.inst_fifo_node_payld/gen_reg_fifo.inst_reg_fifo/SR[0]                    |                1 |              2 |         2.00 |
|  system_i/zynq_ultra_ps_e_0/inst/pl_clk0 | system_i/axi_smc/inst/switchboards/i_nodes/i_w_node/inst/inst_mi_handler/gen_normal_area.inst_fifo_node_payld/gen_reg_fifo.inst_reg_fifo/E[0]                                                   |                                                                                                                                                                   |                1 |              2 |         2.00 |
|  system_i/zynq_ultra_ps_e_0/inst/pl_clk0 | system_i/axi_smc/inst/s01_entry_pipeline/s01_si_converter/inst/converter.low_area_converter.low_area_wrap_inst/w_resp_fifo/FSM_sequential_b_state_reg[1][0]                                     | system_i/axi_smc/inst/s01_entry_pipeline/s01_si_converter/inst/areset                                                                                             |                1 |              2 |         2.00 |
|  system_i/zynq_ultra_ps_e_0/inst/pl_clk0 | system_i/axi_smc/inst/switchboards/i_nodes/i_r_node/inst/inst_mi_handler/gen_normal_area.gen_fi_regulator.inst_fi_regulator/s_sc_valid                                                          | system_i/axi_smc/inst/switchboards/i_nodes/i_r_node/inst/inst_mi_handler/areset_r                                                                                 |                2 |              2 |         1.00 |
|  system_i/zynq_ultra_ps_e_0/inst/pl_clk0 | system_i/axi_smc/inst/s01_entry_pipeline/s01_si_converter/inst/converter.low_area_converter.low_area_wrap_inst/FSM_sequential_b_state[1]_i_1_n_0                                                | system_i/axi_smc/inst/s01_entry_pipeline/s01_si_converter/inst/areset                                                                                             |                1 |              2 |         2.00 |
|  system_i/zynq_ultra_ps_e_0/inst/pl_clk0 | system_i/npu_axi_ip_0/inst/npu_axi_ip_slave_lite_v1_0_S00_AXI_inst/slv_reg3[9]_i_1_n_0                                                                                                          | system_i/rst_ps8_0_99M/U0/peripheral_aresetn[0]                                                                                                                   |                1 |              2 |         2.00 |
|  system_i/zynq_ultra_ps_e_0/inst/pl_clk0 | system_i/axi_smc/inst/switchboards/i_nodes/i_aw_node/inst/inst_si_handler/gen_si_handler.gen_request_counters.gen_req_counter[0].inst_req_counter/allow_transfer_r_reg[0]                       | system_i/axi_smc/inst/switchboards/i_nodes/i_aw_node/inst/inst_si_handler/areset_r                                                                                |                1 |              2 |         2.00 |
|  system_i/zynq_ultra_ps_e_0/inst/pl_clk0 | system_i/axi_smc/inst/switchboards/i_nodes/i_aw_node/inst/inst_si_handler/gen_si_handler.gen_arbiter_rr_minimal_area.inst_arbiter/grant_i_reg[1]_0[0]                                           | system_i/axi_smc/inst/switchboards/i_nodes/i_aw_node/inst/inst_si_handler/areset_r                                                                                |                1 |              2 |         2.00 |
|  system_i/zynq_ultra_ps_e_0/inst/pl_clk0 | system_i/axi_smc/inst/switchboards/i_nodes/i_aw_node/inst/inst_si_handler/gen_si_handler.gen_arbiter_rr_minimal_area.inst_arbiter/E[0]                                                          | system_i/axi_smc/inst/switchboards/i_nodes/i_aw_node/inst/inst_si_handler/areset_r                                                                                |                1 |              2 |         2.00 |
|  system_i/zynq_ultra_ps_e_0/inst/pl_clk0 | system_i/axi_smc/inst/switchboards/i_nodes/i_aw_node/inst/inst_mi_handler/gen_normal_area.gen_fi_regulator.inst_fi_regulator/allow_transfer_r_reg_0                                             | system_i/axi_smc/inst/switchboards/i_nodes/i_aw_node/inst/inst_si_handler/gen_m_axis_arb_fifo.inst_axis_arb_fifo/SR[0]                                            |                1 |              2 |         2.00 |
|  system_i/zynq_ultra_ps_e_0/inst/pl_clk0 | system_i/axi_smc/inst/switchboards/i_nodes/i_ar_node/inst/inst_si_handler/gen_si_handler.gen_request_counters.gen_req_counter[1].inst_req_counter/allow_transfer_r_reg[0]                       | system_i/axi_smc/inst/switchboards/i_nodes/i_ar_node/inst/inst_si_handler/areset_r                                                                                |                1 |              2 |         2.00 |
|  system_i/zynq_ultra_ps_e_0/inst/pl_clk0 | system_i/axi_smc/inst/s01_entry_pipeline/s01_si_converter/inst/converter.low_area_converter.low_area_wrap_inst/aw_state[0]                                                                      | system_i/axi_smc/inst/s01_entry_pipeline/s01_si_converter/inst/areset                                                                                             |                1 |              2 |         2.00 |
|  system_i/zynq_ultra_ps_e_0/inst/pl_clk0 | system_i/axi_smc/inst/s01_entry_pipeline/s01_si_converter/inst/converter.low_area_converter.low_area_wrap_inst/ar_state[0]                                                                      | system_i/axi_smc/inst/s01_entry_pipeline/s01_si_converter/inst/areset                                                                                             |                1 |              2 |         2.00 |
|  system_i/zynq_ultra_ps_e_0/inst/pl_clk0 | system_i/axi_smc/inst/switchboards/i_nodes/i_ar_node/inst/inst_si_handler/gen_si_handler.gen_arbiter_rr_minimal_area.inst_arbiter/grant_i_reg[1]_0[0]                                           | system_i/axi_smc/inst/switchboards/i_nodes/i_ar_node/inst/inst_si_handler/areset_r                                                                                |                1 |              2 |         2.00 |
|  system_i/zynq_ultra_ps_e_0/inst/pl_clk0 | system_i/axi_smc/inst/switchboards/i_nodes/i_ar_node/inst/inst_si_handler/gen_si_handler.gen_arbiter_rr_minimal_area.inst_arbiter/E[0]                                                          | system_i/axi_smc/inst/switchboards/i_nodes/i_ar_node/inst/inst_si_handler/areset_r                                                                                |                1 |              2 |         2.00 |
|  system_i/zynq_ultra_ps_e_0/inst/pl_clk0 | system_i/axi_smc/inst/s00_entry_pipeline/s00_si_converter/inst/converter.low_area_converter.low_area_wrap_inst/FSM_sequential_aw_state[1]_i_1_n_0                                               | system_i/axi_smc/inst/s00_entry_pipeline/s00_si_converter/inst/areset                                                                                             |                1 |              2 |         2.00 |
|  system_i/zynq_ultra_ps_e_0/inst/pl_clk0 | system_i/axi_smc/inst/s00_entry_pipeline/s00_si_converter/inst/converter.low_area_converter.low_area_wrap_inst/bresp_accum[1]_i_1_n_0                                                           | system_i/axi_smc/inst/s00_entry_pipeline/s00_si_converter/inst/areset                                                                                             |                1 |              2 |         2.00 |
|  system_i/zynq_ultra_ps_e_0/inst/pl_clk0 | system_i/axi_smc/inst/s00_entry_pipeline/s00_si_converter/inst/converter.low_area_converter.low_area_wrap_inst/bready_i23_out                                                                   | system_i/axi_smc/inst/s00_entry_pipeline/s00_si_converter/inst/areset                                                                                             |                1 |              2 |         2.00 |
|  system_i/zynq_ultra_ps_e_0/inst/pl_clk0 | system_i/axi_smc/inst/s00_entry_pipeline/s00_si_converter/inst/converter.low_area_converter.low_area_wrap_inst/w_resp_fifo/FSM_sequential_b_state_reg[1]_0[0]                                   | system_i/axi_smc/inst/s00_entry_pipeline/s00_si_converter/inst/areset                                                                                             |                1 |              2 |         2.00 |
|  system_i/zynq_ultra_ps_e_0/inst/pl_clk0 | system_i/axi_smc/inst/s00_entry_pipeline/s00_si_converter/inst/gen_normal.splitter_inst/gen_wsplitter.wsplit_last_offset_fifo/gen_pipelined.mesg_reg[0]                                         |                                                                                                                                                                   |                1 |              2 |         2.00 |
|  system_i/zynq_ultra_ps_e_0/inst/pl_clk0 | system_i/axi_smc/inst/s00_entry_pipeline/s00_si_converter/inst/gen_normal.splitter_inst/gen_wsplitter.wsplit_last_offset_fifo/gen_srls[3].srl_nx1/shift_qual                                    |                                                                                                                                                                   |                1 |              2 |         2.00 |
|  system_i/zynq_ultra_ps_e_0/inst/pl_clk0 | system_i/axi_smc/inst/s00_entry_pipeline/s00_mmu/inst/aw_reg_stall/state                                                                                                                        | system_i/axi_smc/inst/s00_entry_pipeline/s00_mmu/inst/areset                                                                                                      |                1 |              3 |         3.00 |
|  system_i/zynq_ultra_ps_e_0/inst/pl_clk0 | system_i/axi_smc/inst/s00_entry_pipeline/s00_si_converter/inst/gen_normal.splitter_inst/gen_rsplitter.gen_rthread_loop[0].r_split_fifo/gen_pipelined.state[0]                                   | system_i/axi_smc/inst/s00_entry_pipeline/s00_si_converter/inst/areset                                                                                             |                1 |              3 |         3.00 |
|  system_i/zynq_ultra_ps_e_0/inst/pl_clk0 | system_i/npu_axi_ip_0/inst/npu_axi_ip_slave_lite_v1_0_S00_AXI_inst/my_npu_top_inst/u_addr_gen/FSM_onehot_state[2]_i_1_n_0                                                                       | system_i/npu_axi_ip_0/inst/npu_axi_ip_slave_lite_v1_0_S00_AXI_inst/my_npu_top_inst/u_ctrl/ctrl_reg_reg[1]_0                                                       |                1 |              3 |         3.00 |
|  system_i/zynq_ultra_ps_e_0/inst/pl_clk0 |                                                                                                                                                                                                 | system_i/axi_smc/inst/switchboards/i_nodes/i_aw_node/inst/inst_si_handler/areset_r                                                                                |                2 |              3 |         1.50 |
|  system_i/zynq_ultra_ps_e_0/inst/pl_clk0 |                                                                                                                                                                                                 | system_i/axi_smc/inst/switchboards/i_nodes/i_r_node/inst/inst_mi_handler/areset_r                                                                                 |                1 |              3 |         3.00 |
|  system_i/zynq_ultra_ps_e_0/inst/pl_clk0 | system_i/axi_smc/inst/s00_entry_pipeline/s00_si_converter/inst/gen_normal.splitter_inst/gen_wsplitter.w_split_fifo/gen_pipelined.state[0]                                                       | system_i/axi_smc/inst/s00_entry_pipeline/s00_si_converter/inst/areset                                                                                             |                2 |              3 |         1.50 |
|  system_i/zynq_ultra_ps_e_0/inst/pl_clk0 | system_i/axi_smc/inst/s01_entry_pipeline/s01_mmu/inst/ar_reg_stall/state                                                                                                                        | system_i/axi_smc/inst/s01_entry_pipeline/s01_mmu/inst/areset                                                                                                      |                1 |              3 |         3.00 |
|  system_i/zynq_ultra_ps_e_0/inst/pl_clk0 | system_i/axi_smc/inst/s00_entry_pipeline/s00_si_converter/inst/gen_normal.splitter_inst/gen_wsplitter.gen_wthread_loop[0].b_split_fifo/gen_pipelined.state[0]                                   | system_i/axi_smc/inst/s00_entry_pipeline/s00_si_converter/inst/areset                                                                                             |                1 |              3 |         3.00 |
|  system_i/zynq_ultra_ps_e_0/inst/pl_clk0 | system_i/axi_smc/inst/s00_entry_pipeline/s00_mmu/inst/gen_endpoint.decerr_slave_inst/FSM_onehot_gen_axi.gen_write.write_cs[2]_i_1_n_0                                                           | system_i/axi_smc/inst/s00_entry_pipeline/s00_mmu/inst/areset                                                                                                      |                1 |              3 |         3.00 |
|  system_i/zynq_ultra_ps_e_0/inst/pl_clk0 | system_i/axi_smc/inst/s01_entry_pipeline/s01_mmu/inst/gen_endpoint.decerr_slave_inst/FSM_onehot_gen_axi.gen_write.write_cs[2]_i_1_n_0                                                           | system_i/axi_smc/inst/s01_entry_pipeline/s01_mmu/inst/areset                                                                                                      |                1 |              3 |         3.00 |
|  system_i/zynq_ultra_ps_e_0/inst/pl_clk0 | system_i/axi_smc/inst/s01_entry_pipeline/s01_mmu/inst/aw_reg_stall/state                                                                                                                        | system_i/axi_smc/inst/s01_entry_pipeline/s01_mmu/inst/areset                                                                                                      |                1 |              3 |         3.00 |
|  system_i/zynq_ultra_ps_e_0/inst/pl_clk0 | system_i/npu_axi_ip_0/inst/npu_axi_ip_slave_lite_v1_0_S00_AXI_inst/my_npu_top_inst/u_core/u_collector/u_ctrl/FSM_onehot_state[2]_i_1__0_n_0                                                     | system_i/npu_axi_ip_0/inst/npu_axi_ip_slave_lite_v1_0_S00_AXI_inst/my_npu_top_inst/u_ctrl/ctrl_reg_reg[1]_0                                                       |                1 |              3 |         3.00 |
|  system_i/zynq_ultra_ps_e_0/inst/pl_clk0 | system_i/axi_smc/inst/s00_entry_pipeline/s00_mmu/inst/ar_reg_stall/state                                                                                                                        | system_i/axi_smc/inst/s00_entry_pipeline/s00_mmu/inst/areset                                                                                                      |                2 |              3 |         1.50 |
|  system_i/zynq_ultra_ps_e_0/inst/pl_clk0 | system_i/axi_smc/inst/s00_entry_pipeline/s00_si_converter/inst/gen_normal.splitter_inst/gen_wsplitter.wsplit_last_offset_fifo/gen_pipelined.state[0]                                            | system_i/axi_smc/inst/s00_entry_pipeline/s00_si_converter/inst/areset                                                                                             |                2 |              3 |         1.50 |
|  system_i/zynq_ultra_ps_e_0/inst/pl_clk0 | system_i/axi_smc/inst/m00_exit_pipeline/m00_exit/inst/splitter_inst/gen_axi4lite.axilite_conv/w_state[0]                                                                                        | system_i/axi_smc/inst/m00_exit_pipeline/m00_exit/inst/areset                                                                                                      |                1 |              3 |         3.00 |
|  system_i/zynq_ultra_ps_e_0/inst/pl_clk0 | system_i/axi_smc/inst/s01_entry_pipeline/s01_si_converter/inst/converter.low_area_converter.low_area_wrap_inst/w_resp_fifo/gen_pipelined.state[2]_i_1_n_0                                       | system_i/axi_smc/inst/s01_entry_pipeline/s01_si_converter/inst/areset                                                                                             |                1 |              3 |         3.00 |
|  system_i/zynq_ultra_ps_e_0/inst/pl_clk0 | system_i/axi_smc/inst/switchboards/i_nodes/i_aw_node/inst/inst_si_handler/gen_m_axis_arb_fifo.inst_axis_arb_fifo/gen_pipelined.state[1]_i_1_n_0                                                 | system_i/axi_smc/inst/switchboards/i_nodes/i_aw_node/inst/inst_si_handler/areset_r                                                                                |                2 |              3 |         1.50 |
|  system_i/zynq_ultra_ps_e_0/inst/pl_clk0 | system_i/axi_smc/inst/s00_entry_pipeline/s00_si_converter/inst/converter.low_area_converter.low_area_wrap_inst/w_resp_fifo/gen_pipelined.state[0]                                               | system_i/axi_smc/inst/s00_entry_pipeline/s00_si_converter/inst/areset                                                                                             |                1 |              3 |         3.00 |
|  system_i/zynq_ultra_ps_e_0/inst/pl_clk0 | system_i/axi_smc/inst/s00_entry_pipeline/s00_si_converter/inst/gen_normal.splitter_inst/gen_wsplitter.wsplit_first_offset_fifo/gen_pipelined.state[0]                                           | system_i/axi_smc/inst/s00_entry_pipeline/s00_si_converter/inst/areset                                                                                             |                1 |              3 |         3.00 |
|  system_i/zynq_ultra_ps_e_0/inst/pl_clk0 | system_i/axi_smc/inst/switchboards/i_nodes/i_w_node/inst/inst_si_handler/gen_si_handler.gen_request_fifos.gen_req_fifo[0].inst_req_fifo/gen_xpm_memory_fifo.inst_fifo/gen_rd.fifo_empty_r_reg_0 | system_i/axi_smc/inst/switchboards/i_nodes/i_w_node/inst/inst_si_handler/areset_r                                                                                 |                1 |              3 |         3.00 |
|  system_i/zynq_ultra_ps_e_0/inst/pl_clk0 | system_i/axi_smc/inst/s00_entry_pipeline/s00_si_converter/inst/gen_normal.splitter_inst/ar_cmd_reg/state                                                                                        | system_i/axi_smc/inst/s00_entry_pipeline/s00_si_converter/inst/areset                                                                                             |                1 |              3 |         3.00 |
|  system_i/zynq_ultra_ps_e_0/inst/pl_clk0 | system_i/axi_smc/inst/switchboards/i_nodes/i_b_node/inst/inst_mi_handler/gen_normal_area.inst_fifo_node_payld/gen_reg_fifo.inst_reg_fifo/gen_single_rank.data[8]_i_1_n_0                        |                                                                                                                                                                   |                2 |              4 |         2.00 |
|  system_i/zynq_ultra_ps_e_0/inst/pl_clk0 | system_i/axi_smc/inst/s00_entry_pipeline/s00_si_converter/inst/gen_normal.splitter_inst/gen_wsplitter.gen_wthread_loop[0].b_split_fifo/fifoaddr[3]_i_1_n_0                                      | system_i/axi_smc/inst/s00_entry_pipeline/s00_si_converter/inst/areset                                                                                             |                1 |              4 |         4.00 |
|  system_i/zynq_ultra_ps_e_0/inst/pl_clk0 | system_i/axi_smc/inst/s01_entry_pipeline/s01_mmu/inst/ar_reg_stall/E[0]                                                                                                                         | system_i/axi_smc/inst/s01_entry_pipeline/s01_mmu/inst/areset                                                                                                      |                1 |              4 |         4.00 |
|  system_i/zynq_ultra_ps_e_0/inst/pl_clk0 | system_i/axi_smc/inst/s00_entry_pipeline/s00_si_converter/inst/gen_normal.splitter_inst/gen_rsplitter.gen_rthread_loop[0].r_split_fifo/fifoaddr[3]_i_1__3_n_0                                   | system_i/axi_smc/inst/s00_entry_pipeline/s00_si_converter/inst/areset                                                                                             |                2 |              4 |         2.00 |
|  system_i/zynq_ultra_ps_e_0/inst/pl_clk0 | system_i/npu_axi_ip_0/inst/npu_axi_ip_slave_lite_v1_0_S00_AXI_inst/axi_awaddr[0]                                                                                                                | system_i/rst_ps8_0_99M/U0/peripheral_aresetn[0]                                                                                                                   |                1 |              4 |         4.00 |
|  system_i/zynq_ultra_ps_e_0/inst/pl_clk0 |                                                                                                                                                                                                 | system_i/rst_ps8_0_99M/U0/EXT_LPF/lpf_int                                                                                                                         |                1 |              4 |         4.00 |
|  system_i/zynq_ultra_ps_e_0/inst/pl_clk0 | system_i/axi_smc/inst/m00_exit_pipeline/m00_exit/inst/splitter_inst/gen_axi4lite.axilite_conv/ar_addr_d[5]_i_1_n_0                                                                              | system_i/axi_smc/inst/m00_exit_pipeline/m00_exit/inst/areset                                                                                                      |                1 |              4 |         4.00 |
|  system_i/zynq_ultra_ps_e_0/inst/pl_clk0 | system_i/axi_smc/inst/s00_entry_pipeline/s00_si_converter/inst/converter.low_area_converter.low_area_wrap_inst/read_bytes[3]_i_1_n_0                                                            | system_i/axi_smc/inst/s00_entry_pipeline/s00_si_converter/inst/areset                                                                                             |                2 |              4 |         2.00 |
|  system_i/zynq_ultra_ps_e_0/inst/pl_clk0 | system_i/axi_smc/inst/s00_entry_pipeline/s00_si_converter/inst/gen_normal.splitter_inst/gen_wsplitter.wsplit_last_offset_fifo/fifoaddr[3]_i_1__1_n_0                                            | system_i/axi_smc/inst/s00_entry_pipeline/s00_si_converter/inst/areset                                                                                             |                1 |              4 |         4.00 |
|  system_i/zynq_ultra_ps_e_0/inst/pl_clk0 |                                                                                                                                                                                                 | system_i/axi_smc/inst/clk_map/psr_aclk/U0/EXT_LPF/lpf_int                                                                                                         |                3 |              4 |         1.33 |
|  system_i/zynq_ultra_ps_e_0/inst/pl_clk0 | system_i/axi_smc/inst/s00_entry_pipeline/s00_mmu/inst/ar_reg_stall/E[0]                                                                                                                         | system_i/axi_smc/inst/s00_entry_pipeline/s00_mmu/inst/areset                                                                                                      |                1 |              4 |         4.00 |
|  system_i/zynq_ultra_ps_e_0/inst/pl_clk0 | system_i/axi_smc/inst/s00_entry_pipeline/s00_si_converter/inst/gen_normal.splitter_inst/gen_wsplitter.wsplit_first_offset_fifo/fifoaddr[3]_i_1__0_n_0                                           | system_i/axi_smc/inst/s00_entry_pipeline/s00_si_converter/inst/areset                                                                                             |                1 |              4 |         4.00 |
|  system_i/zynq_ultra_ps_e_0/inst/pl_clk0 | system_i/axi_smc/inst/s01_entry_pipeline/s01_si_converter/inst/converter.low_area_converter.low_area_wrap_inst/read_bytes[3]_i_1_n_0                                                            | system_i/axi_smc/inst/s01_entry_pipeline/s01_si_converter/inst/areset                                                                                             |                1 |              4 |         4.00 |
|  system_i/zynq_ultra_ps_e_0/inst/pl_clk0 | system_i/npu_axi_ip_0/inst/npu_axi_ip_slave_lite_v1_0_S00_AXI_inst/axi_araddr[5]_i_1_n_0                                                                                                        |                                                                                                                                                                   |                1 |              4 |         4.00 |
|  system_i/zynq_ultra_ps_e_0/inst/pl_clk0 | system_i/axi_smc/inst/m00_exit_pipeline/m00_exit/inst/splitter_inst/gen_axi4lite.axilite_conv/m_aruser[0]                                                                                       | system_i/axi_smc/inst/m00_exit_pipeline/m00_exit/inst/areset                                                                                                      |                1 |              4 |         4.00 |
|  system_i/zynq_ultra_ps_e_0/inst/pl_clk0 | system_i/axi_smc/inst/switchboards/i_nodes/i_aw_node/inst/inst_si_handler/gen_m_axis_arb_fifo.inst_axis_arb_fifo/fifoaddr[3]_i_1_n_0                                                            | system_i/axi_smc/inst/switchboards/i_nodes/i_aw_node/inst/inst_si_handler/areset_r                                                                                |                1 |              4 |         4.00 |
|  system_i/zynq_ultra_ps_e_0/inst/pl_clk0 | system_i/npu_axi_ip_0/inst/npu_axi_ip_slave_lite_v1_0_S00_AXI_inst/my_npu_top_inst/u_core/u_collector/u_ctrl/Q[0]                                                                               | system_i/npu_axi_ip_0/inst/npu_axi_ip_slave_lite_v1_0_S00_AXI_inst/my_npu_top_inst/u_ctrl/ctrl_reg_reg[1]_0                                                       |                3 |              4 |         1.33 |
|  system_i/zynq_ultra_ps_e_0/inst/pl_clk0 | system_i/axi_smc/inst/s00_entry_pipeline/s00_si_converter/inst/gen_normal.splitter_inst/gen_wsplitter.w_split_fifo/fifoaddr[3]_i_1__2_n_0                                                       | system_i/axi_smc/inst/s00_entry_pipeline/s00_si_converter/inst/areset                                                                                             |                1 |              4 |         4.00 |
|  system_i/zynq_ultra_ps_e_0/inst/pl_clk0 | system_i/axi_smc/inst/s00_entry_pipeline/s00_si_converter/inst/gen_normal.splitter_inst/aw_cmd_reg/E[0]                                                                                         | system_i/axi_smc/inst/s00_entry_pipeline/s00_si_converter/inst/areset                                                                                             |                2 |              5 |         2.50 |
|  system_i/zynq_ultra_ps_e_0/inst/pl_clk0 | system_i/axi_smc/inst/s00_entry_pipeline/s00_si_converter/inst/converter.low_area_converter.low_area_wrap_inst/w_resp_fifo/fifoaddr[4]_i_1_n_0                                                  | system_i/axi_smc/inst/s00_entry_pipeline/s00_si_converter/inst/areset                                                                                             |                2 |              5 |         2.50 |
|  system_i/zynq_ultra_ps_e_0/inst/pl_clk0 | system_i/axi_smc/inst/s00_entry_pipeline/s00_si_converter/inst/gen_normal.splitter_inst/ar_cmd_reg/E[0]                                                                                         | system_i/axi_smc/inst/s00_entry_pipeline/s00_si_converter/inst/areset                                                                                             |                2 |              5 |         2.50 |
|  system_i/zynq_ultra_ps_e_0/inst/pl_clk0 | system_i/axi_smc/inst/s01_entry_pipeline/s01_si_converter/inst/converter.low_area_converter.low_area_wrap_inst/w_resp_fifo/fifoaddr[4]_i_1_n_0                                                  | system_i/axi_smc/inst/s01_entry_pipeline/s01_si_converter/inst/areset                                                                                             |                3 |              5 |         1.67 |
|  system_i/zynq_ultra_ps_e_0/inst/pl_clk0 | system_i/axi_smc/inst/s01_entry_pipeline/s01_si_converter/inst/converter.low_area_converter.low_area_wrap_inst/w_resp_fifo/fifoaddr_afull_reg_0[0]                                              | system_i/axi_smc/inst/s01_entry_pipeline/s01_si_converter/inst/areset                                                                                             |                2 |              5 |         2.50 |
|  system_i/zynq_ultra_ps_e_0/inst/pl_clk0 | system_i/axi_smc/inst/s00_entry_pipeline/s00_si_converter/inst/converter.low_area_converter.low_area_wrap_inst/num_outstanding_writes[5]_i_1_n_0                                                | system_i/axi_smc/inst/s00_entry_pipeline/s00_si_converter/inst/areset                                                                                             |                3 |              6 |         2.00 |
|  system_i/zynq_ultra_ps_e_0/inst/pl_clk0 | system_i/axi_smc/inst/s01_entry_pipeline/s01_si_converter/inst/converter.low_area_converter.low_area_wrap_inst/num_outstanding_bursts_read[0]                                                   | system_i/axi_smc/inst/s01_entry_pipeline/s01_si_converter/inst/areset                                                                                             |                1 |              6 |         6.00 |
|  system_i/zynq_ultra_ps_e_0/inst/pl_clk0 | system_i/axi_smc/inst/s00_entry_pipeline/s00_si_converter/inst/converter.low_area_converter.low_area_wrap_inst/FSM_onehot_r_state[5]_i_1_n_0                                                    | system_i/axi_smc/inst/s00_entry_pipeline/s00_si_converter/inst/areset                                                                                             |                2 |              6 |         3.00 |
|  system_i/zynq_ultra_ps_e_0/inst/pl_clk0 | system_i/axi_smc/inst/s01_entry_pipeline/s01_si_converter/inst/converter.low_area_converter.low_area_wrap_inst/r_state[0]                                                                       | system_i/axi_smc/inst/s01_entry_pipeline/s01_si_converter/inst/areset                                                                                             |                2 |              6 |         3.00 |
|  system_i/zynq_ultra_ps_e_0/inst/pl_clk0 | system_i/rst_ps8_0_99M/U0/SEQ/seq_cnt_en                                                                                                                                                        | system_i/rst_ps8_0_99M/U0/SEQ/seq_clr                                                                                                                             |                1 |              6 |         6.00 |
|  system_i/zynq_ultra_ps_e_0/inst/pl_clk0 | system_i/axi_smc/inst/s00_nodes/s00_w_node/inst/inst_mi_handler/m_sc_req[0]                                                                                                                     | system_i/axi_smc/inst/switchboards/i_nodes/i_w_node/inst/inst_si_handler/areset_r                                                                                 |                2 |              6 |         3.00 |
|  system_i/zynq_ultra_ps_e_0/inst/pl_clk0 | system_i/axi_smc/inst/s01_entry_pipeline/s01_si_converter/inst/converter.low_area_converter.low_area_wrap_inst/num_outstanding_writes[0]                                                        | system_i/axi_smc/inst/s01_entry_pipeline/s01_si_converter/inst/areset                                                                                             |                2 |              6 |         3.00 |
|  system_i/zynq_ultra_ps_e_0/inst/pl_clk0 |                                                                                                                                                                                                 | system_i/axi_smc/inst/s00_entry_pipeline/s00_si_converter/inst/gen_normal.splitter_inst/gen_wsplitter.sr_axi_awlen_d[5]_i_1_n_0                                   |                4 |              6 |         1.50 |
|  system_i/zynq_ultra_ps_e_0/inst/pl_clk0 | system_i/axi_smc/inst/s00_entry_pipeline/s00_si_converter/inst/converter.low_area_converter.low_area_wrap_inst/w_resp_fifo/E[0]                                                                 | system_i/axi_smc/inst/s00_entry_pipeline/s00_si_converter/inst/areset                                                                                             |                2 |              6 |         3.00 |
|  system_i/zynq_ultra_ps_e_0/inst/pl_clk0 | system_i/axi_smc/inst/m00_exit_pipeline/m00_exit/inst/splitter_inst/gen_axi4lite.axilite_conv/aw_addr[5]_i_1_n_0                                                                                | system_i/axi_smc/inst/m00_exit_pipeline/m00_exit/inst/areset                                                                                                      |                2 |              6 |         3.00 |
|  system_i/zynq_ultra_ps_e_0/inst/pl_clk0 | system_i/axi_smc/inst/clk_map/psr_aclk/U0/SEQ/seq_cnt_en                                                                                                                                        | system_i/axi_smc/inst/clk_map/psr_aclk/U0/SEQ/seq_clr                                                                                                             |                1 |              6 |         6.00 |
|  system_i/zynq_ultra_ps_e_0/inst/pl_clk0 | system_i/axi_smc/inst/s00_entry_pipeline/s00_si_converter/inst/converter.low_area_converter.low_area_wrap_inst/num_outstanding_bursts_read[5]_i_1_n_0                                           | system_i/axi_smc/inst/s00_entry_pipeline/s00_si_converter/inst/areset                                                                                             |                1 |              6 |         6.00 |
|  system_i/zynq_ultra_ps_e_0/inst/pl_clk0 | system_i/axi_smc/inst/s00_entry_pipeline/s00_si_converter/inst/converter.low_area_converter.low_area_wrap_inst/num_outstanding_writes_resp[5]_i_1_n_0                                           | system_i/axi_smc/inst/s00_entry_pipeline/s00_si_converter/inst/areset                                                                                             |                2 |              6 |         3.00 |
|  system_i/zynq_ultra_ps_e_0/inst/pl_clk0 |                                                                                                                                                                                                 | system_i/rst_ps8_0_99M/U0/peripheral_aresetn[0]                                                                                                                   |                4 |              7 |         1.75 |
|  system_i/zynq_ultra_ps_e_0/inst/pl_clk0 | system_i/axi_smc/inst/s00_entry_pipeline/s00_si_converter/inst/gen_normal.splitter_inst/aw_cmd_reg/skid_buffer[1136]_i_1_n_0                                                                    |                                                                                                                                                                   |                4 |              7 |         1.75 |
|  system_i/zynq_ultra_ps_e_0/inst/pl_clk0 | system_i/axi_smc/inst/s00_entry_pipeline/s00_si_converter/inst/gen_normal.splitter_inst/gen_wsplitter.w_split_fifo/gen_pipelined.mesg_reg[0]                                                    |                                                                                                                                                                   |                1 |              7 |         7.00 |
|  system_i/zynq_ultra_ps_e_0/inst/pl_clk0 | system_i/axi_smc/inst/s00_entry_pipeline/s00_si_converter/inst/gen_normal.splitter_inst/aw_cmd_reg/m_vector_i[0]                                                                                |                                                                                                                                                                   |                3 |              7 |         2.33 |
|  system_i/zynq_ultra_ps_e_0/inst/pl_clk0 | system_i/axi_smc/inst/s00_entry_pipeline/s00_si_converter/inst/gen_normal.splitter_inst/gen_wsplitter.w_split_fifo/gen_srls[6].srl_nx1/shift_qual                                               |                                                                                                                                                                   |                1 |              7 |         7.00 |
|  system_i/zynq_ultra_ps_e_0/inst/pl_clk0 | system_i/npu_axi_ip_0/inst/npu_axi_ip_slave_lite_v1_0_S00_AXI_inst/slv_reg7[7]_i_1_n_0                                                                                                          | system_i/rst_ps8_0_99M/U0/peripheral_aresetn[0]                                                                                                                   |                5 |              8 |         1.60 |
|  system_i/zynq_ultra_ps_e_0/inst/pl_clk0 | system_i/npu_axi_ip_0/inst/npu_axi_ip_slave_lite_v1_0_S00_AXI_inst/slv_reg15[7]_i_1_n_0                                                                                                         | system_i/rst_ps8_0_99M/U0/peripheral_aresetn[0]                                                                                                                   |                7 |              8 |         1.14 |
|  system_i/zynq_ultra_ps_e_0/inst/pl_clk0 | system_i/npu_axi_ip_0/inst/npu_axi_ip_slave_lite_v1_0_S00_AXI_inst/slv_reg8[15]_i_1_n_0                                                                                                         | system_i/rst_ps8_0_99M/U0/peripheral_aresetn[0]                                                                                                                   |                3 |              8 |         2.67 |
|  system_i/zynq_ultra_ps_e_0/inst/pl_clk0 | system_i/axi_smc/inst/m00_exit_pipeline/m00_exit/inst/splitter_inst/gen_axi4lite.axilite_conv/r_beats[7]_i_1_n_0                                                                                | system_i/axi_smc/inst/m00_exit_pipeline/m00_exit/inst/areset                                                                                                      |                2 |              8 |         4.00 |
|  system_i/zynq_ultra_ps_e_0/inst/pl_clk0 | system_i/npu_axi_ip_0/inst/npu_axi_ip_slave_lite_v1_0_S00_AXI_inst/slv_reg10[31]_i_1_n_0                                                                                                        | system_i/rst_ps8_0_99M/U0/peripheral_aresetn[0]                                                                                                                   |                6 |              8 |         1.33 |
|  system_i/zynq_ultra_ps_e_0/inst/pl_clk0 | system_i/npu_axi_ip_0/inst/npu_axi_ip_slave_lite_v1_0_S00_AXI_inst/slv_reg8[23]_i_1_n_0                                                                                                         | system_i/rst_ps8_0_99M/U0/peripheral_aresetn[0]                                                                                                                   |                6 |              8 |         1.33 |
|  system_i/zynq_ultra_ps_e_0/inst/pl_clk0 | system_i/axi_smc/inst/s00_entry_pipeline/s00_mmu/inst/gen_endpoint.decerr_slave_inst/gen_axi.gen_read.read_cnt[7]_i_1_n_0                                                                       | system_i/axi_smc/inst/s00_entry_pipeline/s00_mmu/inst/areset                                                                                                      |                3 |              8 |         2.67 |
|  system_i/zynq_ultra_ps_e_0/inst/pl_clk0 | system_i/axi_smc/inst/s01_entry_pipeline/s01_si_converter/inst/converter.low_area_converter.low_area_wrap_inst/r_state__1[2]                                                                    | system_i/axi_smc/inst/s01_entry_pipeline/s01_si_converter/inst/areset                                                                                             |                3 |              8 |         2.67 |
|  system_i/zynq_ultra_ps_e_0/inst/pl_clk0 | system_i/axi_smc/inst/s01_entry_pipeline/s01_mmu/inst/gen_endpoint.decerr_slave_inst/gen_axi.gen_read.read_cnt[7]_i_1_n_0                                                                       | system_i/axi_smc/inst/s01_entry_pipeline/s01_mmu/inst/areset                                                                                                      |                2 |              8 |         4.00 |
|  system_i/zynq_ultra_ps_e_0/inst/pl_clk0 | system_i/npu_axi_ip_0/inst/npu_axi_ip_slave_lite_v1_0_S00_AXI_inst/slv_reg1[23]_i_1_n_0                                                                                                         | system_i/rst_ps8_0_99M/U0/peripheral_aresetn[0]                                                                                                                   |                1 |              8 |         8.00 |
|  system_i/zynq_ultra_ps_e_0/inst/pl_clk0 | system_i/npu_axi_ip_0/inst/npu_axi_ip_slave_lite_v1_0_S00_AXI_inst/slv_reg10[7]_i_1_n_0                                                                                                         | system_i/rst_ps8_0_99M/U0/peripheral_aresetn[0]                                                                                                                   |                7 |              8 |         1.14 |
|  system_i/zynq_ultra_ps_e_0/inst/pl_clk0 | system_i/npu_axi_ip_0/inst/npu_axi_ip_slave_lite_v1_0_S00_AXI_inst/slv_reg10[23]_i_1_n_0                                                                                                        | system_i/rst_ps8_0_99M/U0/peripheral_aresetn[0]                                                                                                                   |                5 |              8 |         1.60 |
|  system_i/zynq_ultra_ps_e_0/inst/pl_clk0 | system_i/npu_axi_ip_0/inst/npu_axi_ip_slave_lite_v1_0_S00_AXI_inst/slv_reg1[31]_i_1_n_0                                                                                                         | system_i/rst_ps8_0_99M/U0/peripheral_aresetn[0]                                                                                                                   |                1 |              8 |         8.00 |
|  system_i/zynq_ultra_ps_e_0/inst/pl_clk0 | system_i/npu_axi_ip_0/inst/npu_axi_ip_slave_lite_v1_0_S00_AXI_inst/slv_reg12[23]_i_1_n_0                                                                                                        | system_i/rst_ps8_0_99M/U0/peripheral_aresetn[0]                                                                                                                   |                2 |              8 |         4.00 |
|  system_i/zynq_ultra_ps_e_0/inst/pl_clk0 | system_i/axi_smc/inst/s01_entry_pipeline/s01_si_converter/inst/converter.low_area_converter.low_area_wrap_inst/first_rd_iterations[7]_i_1_n_0                                                   | system_i/axi_smc/inst/s01_entry_pipeline/s01_si_converter/inst/areset                                                                                             |                3 |              8 |         2.67 |
|  system_i/zynq_ultra_ps_e_0/inst/pl_clk0 | system_i/axi_smc/inst/s00_entry_pipeline/s00_si_converter/inst/gen_normal.splitter_inst/aw_cmd_reg/gen_wsplitter.aw_split_state_reg[0]                                                          |                                                                                                                                                                   |                3 |              8 |         2.67 |
|  system_i/zynq_ultra_ps_e_0/inst/pl_clk0 | system_i/axi_smc/inst/s00_entry_pipeline/s00_si_converter/inst/converter.low_area_converter.low_area_wrap_inst/r_state__1[2]                                                                    | system_i/axi_smc/inst/s00_entry_pipeline/s00_si_converter/inst/areset                                                                                             |                3 |              8 |         2.67 |
|  system_i/zynq_ultra_ps_e_0/inst/pl_clk0 | system_i/npu_axi_ip_0/inst/npu_axi_ip_slave_lite_v1_0_S00_AXI_inst/slv_reg10[15]_i_1_n_0                                                                                                        | system_i/rst_ps8_0_99M/U0/peripheral_aresetn[0]                                                                                                                   |                4 |              8 |         2.00 |
|  system_i/zynq_ultra_ps_e_0/inst/pl_clk0 | system_i/npu_axi_ip_0/inst/npu_axi_ip_slave_lite_v1_0_S00_AXI_inst/slv_reg13[15]_i_1_n_0                                                                                                        | system_i/rst_ps8_0_99M/U0/peripheral_aresetn[0]                                                                                                                   |                7 |              8 |         1.14 |
|  system_i/zynq_ultra_ps_e_0/inst/pl_clk0 | system_i/npu_axi_ip_0/inst/npu_axi_ip_slave_lite_v1_0_S00_AXI_inst/slv_reg5[23]_i_1_n_0                                                                                                         | system_i/rst_ps8_0_99M/U0/peripheral_aresetn[0]                                                                                                                   |                6 |              8 |         1.33 |
|  system_i/zynq_ultra_ps_e_0/inst/pl_clk0 | system_i/npu_axi_ip_0/inst/npu_axi_ip_slave_lite_v1_0_S00_AXI_inst/slv_reg11[31]_i_1_n_0                                                                                                        | system_i/rst_ps8_0_99M/U0/peripheral_aresetn[0]                                                                                                                   |                3 |              8 |         2.67 |
|  system_i/zynq_ultra_ps_e_0/inst/pl_clk0 | system_i/npu_axi_ip_0/inst/npu_axi_ip_slave_lite_v1_0_S00_AXI_inst/p_1_in__0[31]                                                                                                                | system_i/rst_ps8_0_99M/U0/peripheral_aresetn[0]                                                                                                                   |                7 |              8 |         1.14 |
|  system_i/zynq_ultra_ps_e_0/inst/pl_clk0 | system_i/npu_axi_ip_0/inst/npu_axi_ip_slave_lite_v1_0_S00_AXI_inst/slv_reg9[7]_i_1_n_0                                                                                                          | system_i/rst_ps8_0_99M/U0/peripheral_aresetn[0]                                                                                                                   |                6 |              8 |         1.33 |
|  system_i/zynq_ultra_ps_e_0/inst/pl_clk0 | system_i/npu_axi_ip_0/inst/npu_axi_ip_slave_lite_v1_0_S00_AXI_inst/p_1_in__0[7]                                                                                                                 | system_i/rst_ps8_0_99M/U0/peripheral_aresetn[0]                                                                                                                   |                6 |              8 |         1.33 |
|  system_i/zynq_ultra_ps_e_0/inst/pl_clk0 | system_i/npu_axi_ip_0/inst/npu_axi_ip_slave_lite_v1_0_S00_AXI_inst/p_1_in__0[23]                                                                                                                | system_i/rst_ps8_0_99M/U0/peripheral_aresetn[0]                                                                                                                   |                5 |              8 |         1.60 |
|  system_i/zynq_ultra_ps_e_0/inst/pl_clk0 | system_i/npu_axi_ip_0/inst/npu_axi_ip_slave_lite_v1_0_S00_AXI_inst/slv_reg8[31]_i_1_n_0                                                                                                         | system_i/rst_ps8_0_99M/U0/peripheral_aresetn[0]                                                                                                                   |                1 |              8 |         8.00 |
|  system_i/zynq_ultra_ps_e_0/inst/pl_clk0 | system_i/npu_axi_ip_0/inst/npu_axi_ip_slave_lite_v1_0_S00_AXI_inst/slv_reg6[7]_i_1_n_0                                                                                                          | system_i/rst_ps8_0_99M/U0/peripheral_aresetn[0]                                                                                                                   |                4 |              8 |         2.00 |
|  system_i/zynq_ultra_ps_e_0/inst/pl_clk0 | system_i/npu_axi_ip_0/inst/npu_axi_ip_slave_lite_v1_0_S00_AXI_inst/slv_reg6[23]_i_1_n_0                                                                                                         | system_i/rst_ps8_0_99M/U0/peripheral_aresetn[0]                                                                                                                   |                6 |              8 |         1.33 |
|  system_i/zynq_ultra_ps_e_0/inst/pl_clk0 | system_i/npu_axi_ip_0/inst/npu_axi_ip_slave_lite_v1_0_S00_AXI_inst/slv_reg5[7]_i_1_n_0                                                                                                          | system_i/rst_ps8_0_99M/U0/peripheral_aresetn[0]                                                                                                                   |                4 |              8 |         2.00 |
|  system_i/zynq_ultra_ps_e_0/inst/pl_clk0 | system_i/npu_axi_ip_0/inst/npu_axi_ip_slave_lite_v1_0_S00_AXI_inst/p_1_in__0[15]                                                                                                                | system_i/rst_ps8_0_99M/U0/peripheral_aresetn[0]                                                                                                                   |                4 |              8 |         2.00 |
|  system_i/zynq_ultra_ps_e_0/inst/pl_clk0 | system_i/npu_axi_ip_0/inst/npu_axi_ip_slave_lite_v1_0_S00_AXI_inst/slv_reg7[31]_i_1_n_0                                                                                                         | system_i/rst_ps8_0_99M/U0/peripheral_aresetn[0]                                                                                                                   |                6 |              8 |         1.33 |
|  system_i/zynq_ultra_ps_e_0/inst/pl_clk0 | system_i/npu_axi_ip_0/inst/npu_axi_ip_slave_lite_v1_0_S00_AXI_inst/slv_reg9[23]_i_1_n_0                                                                                                         | system_i/rst_ps8_0_99M/U0/peripheral_aresetn[0]                                                                                                                   |                3 |              8 |         2.67 |
|  system_i/zynq_ultra_ps_e_0/inst/pl_clk0 | system_i/npu_axi_ip_0/inst/npu_axi_ip_slave_lite_v1_0_S00_AXI_inst/slv_reg9[31]_i_1_n_0                                                                                                         | system_i/rst_ps8_0_99M/U0/peripheral_aresetn[0]                                                                                                                   |                5 |              8 |         1.60 |
|  system_i/zynq_ultra_ps_e_0/inst/pl_clk0 | system_i/npu_axi_ip_0/inst/npu_axi_ip_slave_lite_v1_0_S00_AXI_inst/slv_reg8[7]_i_1_n_0                                                                                                          | system_i/rst_ps8_0_99M/U0/peripheral_aresetn[0]                                                                                                                   |                4 |              8 |         2.00 |
|  system_i/zynq_ultra_ps_e_0/inst/pl_clk0 | system_i/npu_axi_ip_0/inst/npu_axi_ip_slave_lite_v1_0_S00_AXI_inst/slv_reg9[15]_i_1_n_0                                                                                                         | system_i/rst_ps8_0_99M/U0/peripheral_aresetn[0]                                                                                                                   |                2 |              8 |         4.00 |
|  system_i/zynq_ultra_ps_e_0/inst/pl_clk0 | system_i/npu_axi_ip_0/inst/npu_axi_ip_slave_lite_v1_0_S00_AXI_inst/slv_reg15[31]_i_1_n_0                                                                                                        | system_i/rst_ps8_0_99M/U0/peripheral_aresetn[0]                                                                                                                   |                5 |              8 |         1.60 |
|  system_i/zynq_ultra_ps_e_0/inst/pl_clk0 | system_i/npu_axi_ip_0/inst/npu_axi_ip_slave_lite_v1_0_S00_AXI_inst/slv_reg5[31]_i_1_n_0                                                                                                         | system_i/rst_ps8_0_99M/U0/peripheral_aresetn[0]                                                                                                                   |                3 |              8 |         2.67 |
|  system_i/zynq_ultra_ps_e_0/inst/pl_clk0 | system_i/axi_smc/inst/s01_entry_pipeline/s01_si_converter/inst/converter.low_area_converter.low_area_wrap_inst/si_rd_count[7]_i_1_n_0                                                           | system_i/axi_smc/inst/s01_entry_pipeline/s01_si_converter/inst/areset                                                                                             |                3 |              8 |         2.67 |
|  system_i/zynq_ultra_ps_e_0/inst/pl_clk0 | system_i/npu_axi_ip_0/inst/npu_axi_ip_slave_lite_v1_0_S00_AXI_inst/slv_reg14[23]_i_1_n_0                                                                                                        | system_i/rst_ps8_0_99M/U0/peripheral_aresetn[0]                                                                                                                   |                5 |              8 |         1.60 |
|  system_i/zynq_ultra_ps_e_0/inst/pl_clk0 | system_i/npu_axi_ip_0/inst/npu_axi_ip_slave_lite_v1_0_S00_AXI_inst/slv_reg12[15]_i_1_n_0                                                                                                        | system_i/rst_ps8_0_99M/U0/peripheral_aresetn[0]                                                                                                                   |                4 |              8 |         2.00 |
|  system_i/zynq_ultra_ps_e_0/inst/pl_clk0 | system_i/npu_axi_ip_0/inst/npu_axi_ip_slave_lite_v1_0_S00_AXI_inst/slv_reg13[31]_i_1_n_0                                                                                                        | system_i/rst_ps8_0_99M/U0/peripheral_aresetn[0]                                                                                                                   |                1 |              8 |         8.00 |
|  system_i/zynq_ultra_ps_e_0/inst/pl_clk0 | system_i/npu_axi_ip_0/inst/npu_axi_ip_slave_lite_v1_0_S00_AXI_inst/slv_reg5[15]_i_1_n_0                                                                                                         | system_i/rst_ps8_0_99M/U0/peripheral_aresetn[0]                                                                                                                   |                6 |              8 |         1.33 |
|  system_i/zynq_ultra_ps_e_0/inst/pl_clk0 | system_i/npu_axi_ip_0/inst/npu_axi_ip_slave_lite_v1_0_S00_AXI_inst/slv_reg14[7]_i_1_n_0                                                                                                         | system_i/rst_ps8_0_99M/U0/peripheral_aresetn[0]                                                                                                                   |                5 |              8 |         1.60 |
|  system_i/zynq_ultra_ps_e_0/inst/pl_clk0 | system_i/axi_smc/inst/s00_entry_pipeline/s00_si_converter/inst/converter.low_area_converter.low_area_wrap_inst/si_rd_count[7]_i_1_n_0                                                           | system_i/axi_smc/inst/s00_entry_pipeline/s00_si_converter/inst/areset                                                                                             |                2 |              8 |         4.00 |
|  system_i/zynq_ultra_ps_e_0/inst/pl_clk0 | system_i/npu_axi_ip_0/inst/npu_axi_ip_slave_lite_v1_0_S00_AXI_inst/slv_reg12[7]_i_1_n_0                                                                                                         | system_i/rst_ps8_0_99M/U0/peripheral_aresetn[0]                                                                                                                   |                7 |              8 |         1.14 |
|  system_i/zynq_ultra_ps_e_0/inst/pl_clk0 | system_i/npu_axi_ip_0/inst/npu_axi_ip_slave_lite_v1_0_S00_AXI_inst/slv_reg14[31]_i_1_n_0                                                                                                        | system_i/rst_ps8_0_99M/U0/peripheral_aresetn[0]                                                                                                                   |                2 |              8 |         4.00 |
|  system_i/zynq_ultra_ps_e_0/inst/pl_clk0 | system_i/npu_axi_ip_0/inst/npu_axi_ip_slave_lite_v1_0_S00_AXI_inst/slv_reg3[7]_i_1_n_0                                                                                                          | system_i/rst_ps8_0_99M/U0/peripheral_aresetn[0]                                                                                                                   |                5 |              8 |         1.60 |
|  system_i/zynq_ultra_ps_e_0/inst/pl_clk0 | system_i/npu_axi_ip_0/inst/npu_axi_ip_slave_lite_v1_0_S00_AXI_inst/slv_reg2[7]_i_1_n_0                                                                                                          | system_i/rst_ps8_0_99M/U0/peripheral_aresetn[0]                                                                                                                   |                5 |              8 |         1.60 |
|  system_i/zynq_ultra_ps_e_0/inst/pl_clk0 | system_i/npu_axi_ip_0/inst/npu_axi_ip_slave_lite_v1_0_S00_AXI_inst/slv_reg15[23]_i_1_n_0                                                                                                        | system_i/rst_ps8_0_99M/U0/peripheral_aresetn[0]                                                                                                                   |                5 |              8 |         1.60 |
|  system_i/zynq_ultra_ps_e_0/inst/pl_clk0 | system_i/npu_axi_ip_0/inst/npu_axi_ip_slave_lite_v1_0_S00_AXI_inst/slv_reg12[31]_i_1_n_0                                                                                                        | system_i/rst_ps8_0_99M/U0/peripheral_aresetn[0]                                                                                                                   |                4 |              8 |         2.00 |
|  system_i/zynq_ultra_ps_e_0/inst/pl_clk0 | system_i/npu_axi_ip_0/inst/npu_axi_ip_slave_lite_v1_0_S00_AXI_inst/slv_reg6[15]_i_1_n_0                                                                                                         | system_i/rst_ps8_0_99M/U0/peripheral_aresetn[0]                                                                                                                   |                4 |              8 |         2.00 |
|  system_i/zynq_ultra_ps_e_0/inst/pl_clk0 | system_i/npu_axi_ip_0/inst/npu_axi_ip_slave_lite_v1_0_S00_AXI_inst/slv_reg11[7]_i_1_n_0                                                                                                         | system_i/rst_ps8_0_99M/U0/peripheral_aresetn[0]                                                                                                                   |                5 |              8 |         1.60 |
|  system_i/zynq_ultra_ps_e_0/inst/pl_clk0 | system_i/axi_smc/inst/switchboards/i_nodes/i_aw_node/inst/inst_si_handler/gen_si_handler.gen_arbiter_rr_minimal_area.inst_arbiter/s_sc_valid                                                    |                                                                                                                                                                   |                2 |              8 |         4.00 |
|  system_i/zynq_ultra_ps_e_0/inst/pl_clk0 | system_i/npu_axi_ip_0/inst/npu_axi_ip_slave_lite_v1_0_S00_AXI_inst/slv_reg11[23]_i_1_n_0                                                                                                        | system_i/rst_ps8_0_99M/U0/peripheral_aresetn[0]                                                                                                                   |                5 |              8 |         1.60 |
|  system_i/zynq_ultra_ps_e_0/inst/pl_clk0 | system_i/npu_axi_ip_0/inst/npu_axi_ip_slave_lite_v1_0_S00_AXI_inst/slv_reg1[15]_i_1_n_0                                                                                                         | system_i/rst_ps8_0_99M/U0/peripheral_aresetn[0]                                                                                                                   |                1 |              8 |         8.00 |
|  system_i/zynq_ultra_ps_e_0/inst/pl_clk0 | system_i/npu_axi_ip_0/inst/npu_axi_ip_slave_lite_v1_0_S00_AXI_inst/slv_reg2[31]_i_1_n_0                                                                                                         | system_i/rst_ps8_0_99M/U0/peripheral_aresetn[0]                                                                                                                   |                6 |              8 |         1.33 |
|  system_i/zynq_ultra_ps_e_0/inst/pl_clk0 | system_i/npu_axi_ip_0/inst/npu_axi_ip_slave_lite_v1_0_S00_AXI_inst/slv_reg2[23]_i_1_n_0                                                                                                         | system_i/rst_ps8_0_99M/U0/peripheral_aresetn[0]                                                                                                                   |                6 |              8 |         1.33 |
|  system_i/zynq_ultra_ps_e_0/inst/pl_clk0 | system_i/npu_axi_ip_0/inst/npu_axi_ip_slave_lite_v1_0_S00_AXI_inst/slv_reg6[31]_i_1_n_0                                                                                                         | system_i/rst_ps8_0_99M/U0/peripheral_aresetn[0]                                                                                                                   |                4 |              8 |         2.00 |
|  system_i/zynq_ultra_ps_e_0/inst/pl_clk0 | system_i/npu_axi_ip_0/inst/npu_axi_ip_slave_lite_v1_0_S00_AXI_inst/slv_reg1[7]_i_1_n_0                                                                                                          | system_i/rst_ps8_0_99M/U0/peripheral_aresetn[0]                                                                                                                   |                3 |              8 |         2.67 |
|  system_i/zynq_ultra_ps_e_0/inst/pl_clk0 | system_i/npu_axi_ip_0/inst/npu_axi_ip_slave_lite_v1_0_S00_AXI_inst/slv_reg7[23]_i_1_n_0                                                                                                         | system_i/rst_ps8_0_99M/U0/peripheral_aresetn[0]                                                                                                                   |                3 |              8 |         2.67 |
|  system_i/zynq_ultra_ps_e_0/inst/pl_clk0 | system_i/npu_axi_ip_0/inst/npu_axi_ip_slave_lite_v1_0_S00_AXI_inst/slv_reg7[15]_i_1_n_0                                                                                                         | system_i/rst_ps8_0_99M/U0/peripheral_aresetn[0]                                                                                                                   |                2 |              8 |         4.00 |
|  system_i/zynq_ultra_ps_e_0/inst/pl_clk0 | system_i/axi_smc/inst/s00_entry_pipeline/s00_si_converter/inst/converter.low_area_converter.low_area_wrap_inst/first_rd_iterations[7]_i_1_n_0                                                   | system_i/axi_smc/inst/s00_entry_pipeline/s00_si_converter/inst/areset                                                                                             |                5 |              8 |         1.60 |
|  system_i/zynq_ultra_ps_e_0/inst/pl_clk0 | system_i/npu_axi_ip_0/inst/npu_axi_ip_slave_lite_v1_0_S00_AXI_inst/slv_reg15[15]_i_1_n_0                                                                                                        | system_i/rst_ps8_0_99M/U0/peripheral_aresetn[0]                                                                                                                   |                5 |              8 |         1.60 |
|  system_i/zynq_ultra_ps_e_0/inst/pl_clk0 | system_i/npu_axi_ip_0/inst/npu_axi_ip_slave_lite_v1_0_S00_AXI_inst/slv_reg13[23]_i_1_n_0                                                                                                        | system_i/rst_ps8_0_99M/U0/peripheral_aresetn[0]                                                                                                                   |                4 |              8 |         2.00 |
|  system_i/zynq_ultra_ps_e_0/inst/pl_clk0 | system_i/axi_smc/inst/s00_entry_pipeline/s00_si_converter/inst/gen_normal.splitter_inst/ar_cmd_reg/arvalid_i_reg[0]                                                                             |                                                                                                                                                                   |                3 |              8 |         2.67 |
|  system_i/zynq_ultra_ps_e_0/inst/pl_clk0 | system_i/npu_axi_ip_0/inst/npu_axi_ip_slave_lite_v1_0_S00_AXI_inst/slv_reg11[15]_i_1_n_0                                                                                                        | system_i/rst_ps8_0_99M/U0/peripheral_aresetn[0]                                                                                                                   |                2 |              8 |         4.00 |
|  system_i/zynq_ultra_ps_e_0/inst/pl_clk0 | system_i/npu_axi_ip_0/inst/npu_axi_ip_slave_lite_v1_0_S00_AXI_inst/slv_reg2[15]_i_1_n_0                                                                                                         | system_i/rst_ps8_0_99M/U0/peripheral_aresetn[0]                                                                                                                   |                5 |              8 |         1.60 |
|  system_i/zynq_ultra_ps_e_0/inst/pl_clk0 | system_i/npu_axi_ip_0/inst/npu_axi_ip_slave_lite_v1_0_S00_AXI_inst/slv_reg13[7]_i_1_n_0                                                                                                         | system_i/rst_ps8_0_99M/U0/peripheral_aresetn[0]                                                                                                                   |                5 |              8 |         1.60 |
|  system_i/zynq_ultra_ps_e_0/inst/pl_clk0 | system_i/npu_axi_ip_0/inst/npu_axi_ip_slave_lite_v1_0_S00_AXI_inst/slv_reg14[15]_i_1_n_0                                                                                                        | system_i/rst_ps8_0_99M/U0/peripheral_aresetn[0]                                                                                                                   |                7 |              8 |         1.14 |
|  system_i/zynq_ultra_ps_e_0/inst/pl_clk0 | system_i/axi_smc/inst/s00_entry_pipeline/s00_si_converter/inst/converter.low_area_converter.low_area_wrap_inst/E[0]                                                                             |                                                                                                                                                                   |                5 |              9 |         1.80 |
|  system_i/zynq_ultra_ps_e_0/inst/pl_clk0 | system_i/axi_smc/inst/m00_exit_pipeline/m00_exit/inst/splitter_inst/gen_axi4lite.axilite_conv/b_cnt[0]                                                                                          | system_i/axi_smc/inst/m00_exit_pipeline/m00_exit/inst/splitter_inst/gen_axi4lite.axilite_conv/b_cnt[8]_i_1_n_0                                                    |                3 |              9 |         3.00 |
|  system_i/zynq_ultra_ps_e_0/inst/pl_clk0 | system_i/axi_smc/inst/s00_entry_pipeline/s00_si_converter/inst/gen_normal.splitter_inst/gen_wsplitter.w_split_fifo/E[0]                                                                         | system_i/axi_smc/inst/s00_entry_pipeline/s00_si_converter/inst/areset                                                                                             |                3 |              9 |         3.00 |
|  system_i/zynq_ultra_ps_e_0/inst/pl_clk0 | system_i/axi_smc/inst/s00_entry_pipeline/s00_si_converter/inst/converter.low_area_converter.low_area_wrap_inst/b_cnt[8]_i_1_n_0                                                                 | system_i/axi_smc/inst/s00_entry_pipeline/s00_si_converter/inst/areset                                                                                             |                4 |              9 |         2.25 |
|  system_i/zynq_ultra_ps_e_0/inst/pl_clk0 | system_i/axi_smc/inst/s00_entry_pipeline/s00_si_converter/inst/converter.low_area_converter.low_area_wrap_inst/conv_id[0]_i_1_n_0                                                               | system_i/axi_smc/inst/s00_entry_pipeline/s00_si_converter/inst/areset                                                                                             |                4 |              9 |         2.25 |
|  system_i/zynq_ultra_ps_e_0/inst/pl_clk0 | system_i/axi_smc/inst/s01_entry_pipeline/s01_si_converter/inst/converter.low_area_converter.low_area_wrap_inst/w_resp_fifo/gen_srls[9].srl_nx1/shift                                            |                                                                                                                                                                   |                2 |              9 |         4.50 |
|  system_i/zynq_ultra_ps_e_0/inst/pl_clk0 | system_i/axi_smc/inst/s01_entry_pipeline/s01_si_converter/inst/converter.low_area_converter.low_area_wrap_inst/w_resp_fifo/gen_pipelined.load_mesg                                              |                                                                                                                                                                   |                4 |              9 |         2.25 |
|  system_i/zynq_ultra_ps_e_0/inst/pl_clk0 | system_i/axi_smc/inst/s01_entry_pipeline/s01_si_converter/inst/converter.low_area_converter.low_area_wrap_inst/b_cnt[8]_i_1_n_0                                                                 | system_i/axi_smc/inst/s01_entry_pipeline/s01_si_converter/inst/areset                                                                                             |                3 |              9 |         3.00 |
|  system_i/zynq_ultra_ps_e_0/inst/pl_clk0 | system_i/axi_smc/inst/s00_entry_pipeline/s00_si_converter/inst/converter.low_area_converter.low_area_wrap_inst/w_resp_fifo/gen_srls[9].srl_nx1/shift_qual                                       |                                                                                                                                                                   |                2 |              9 |         4.50 |
|  system_i/zynq_ultra_ps_e_0/inst/pl_clk0 | system_i/axi_smc/inst/m00_exit_pipeline/m00_exit/inst/splitter_inst/gen_axi4lite.axilite_conv/w_cnt[8]_i_1_n_0                                                                                  | system_i/axi_smc/inst/m00_exit_pipeline/m00_exit/inst/areset                                                                                                      |                3 |              9 |         3.00 |
|  system_i/zynq_ultra_ps_e_0/inst/pl_clk0 | system_i/axi_smc/inst/s00_entry_pipeline/s00_si_converter/inst/converter.low_area_converter.low_area_wrap_inst/w_resp_fifo/gen_pipelined.mesg_reg[0]                                            |                                                                                                                                                                   |                4 |              9 |         2.25 |
|  system_i/zynq_ultra_ps_e_0/inst/pl_clk0 | system_i/axi_smc/inst/m00_exit_pipeline/m00_exit/inst/splitter_inst/gen_axi4lite.axilite_conv/ar_cnt[8]_i_1_n_0                                                                                 | system_i/axi_smc/inst/m00_exit_pipeline/m00_exit/inst/areset                                                                                                      |                2 |              9 |         4.50 |
|  system_i/zynq_ultra_ps_e_0/inst/pl_clk0 | system_i/axi_smc/inst/s00_entry_pipeline/s00_si_converter/inst/converter.low_area_converter.low_area_wrap_inst/gen_wsplitter.aw_split_state_reg_0                                               |                                                                                                                                                                   |                5 |              9 |         1.80 |
|  system_i/zynq_ultra_ps_e_0/inst/pl_clk0 | system_i/axi_smc/inst/s00_entry_pipeline/s00_si_converter/inst/converter.low_area_converter.low_area_wrap_inst/w_cnt[8]_i_1_n_0                                                                 | system_i/axi_smc/inst/s00_entry_pipeline/s00_si_converter/inst/areset                                                                                             |                2 |              9 |         4.50 |
|  system_i/zynq_ultra_ps_e_0/inst/pl_clk0 |                                                                                                                                                                                                 | system_i/axi_smc/inst/s00_entry_pipeline/s00_mmu/inst/areset                                                                                                      |                7 |             10 |         1.43 |
|  system_i/zynq_ultra_ps_e_0/inst/pl_clk0 | system_i/axi_smc/inst/s00_entry_pipeline/s00_si_converter/inst/converter.low_area_converter.low_area_wrap_inst/w_resp_fifo/aw_done_reg[0]                                                       | system_i/axi_smc/inst/s00_entry_pipeline/s00_si_converter/inst/areset                                                                                             |                3 |             10 |         3.33 |
|  system_i/zynq_ultra_ps_e_0/inst/pl_clk0 |                                                                                                                                                                                                 | system_i/axi_smc/inst/s01_entry_pipeline/s01_mmu/inst/areset                                                                                                      |                7 |             10 |         1.43 |
|  system_i/zynq_ultra_ps_e_0/inst/pl_clk0 | system_i/axi_smc/inst/s01_entry_pipeline/s01_si_converter/inst/converter.low_area_converter.low_area_wrap_inst/w_resp_fifo/E[0]                                                                 | system_i/axi_smc/inst/s01_entry_pipeline/s01_si_converter/inst/areset                                                                                             |                4 |             10 |         2.50 |
|  system_i/zynq_ultra_ps_e_0/inst/pl_clk0 | system_i/npu_axi_ip_0/inst/npu_axi_ip_slave_lite_v1_0_S00_AXI_inst/my_npu_top_inst/u_addr_gen/rd_addr[9]_i_1_n_0                                                                                | system_i/npu_axi_ip_0/inst/npu_axi_ip_slave_lite_v1_0_S00_AXI_inst/my_npu_top_inst/u_ctrl/ctrl_reg_reg[1]_0                                                       |                3 |             10 |         3.33 |
|  system_i/zynq_ultra_ps_e_0/inst/pl_clk0 | system_i/axi_smc/inst/s00_entry_pipeline/s00_si_converter/inst/converter.low_area_converter.low_area_wrap_inst/s_rvalid_i10_out                                                                 | system_i/axi_smc/inst/s00_entry_pipeline/s00_si_converter/inst/areset                                                                                             |                4 |             11 |         2.75 |
|  system_i/zynq_ultra_ps_e_0/inst/pl_clk0 | system_i/axi_smc/inst/s01_entry_pipeline/s01_si_converter/inst/converter.low_area_converter.low_area_wrap_inst/s_rvalid_i_i_1_n_0                                                               | system_i/axi_smc/inst/s01_entry_pipeline/s01_si_converter/inst/areset                                                                                             |                5 |             11 |         2.20 |
|  system_i/zynq_ultra_ps_e_0/inst/pl_clk0 | system_i/axi_smc/inst/s01_entry_pipeline/s01_si_converter/inst/converter.low_area_converter.low_area_wrap_inst/next_awaddr_i[0]                                                                 | system_i/axi_smc/inst/s01_entry_pipeline/s01_si_converter/inst/areset                                                                                             |                2 |             12 |         6.00 |
|  system_i/zynq_ultra_ps_e_0/inst/pl_clk0 | system_i/axi_smc/inst/s00_entry_pipeline/s00_si_converter/inst/converter.low_area_converter.low_area_wrap_inst/w_wrap_last_awaddr[11]_i_1_n_0                                                   | system_i/axi_smc/inst/s00_entry_pipeline/s00_si_converter/inst/areset                                                                                             |                2 |             12 |         6.00 |
|  system_i/zynq_ultra_ps_e_0/inst/pl_clk0 | system_i/axi_smc/inst/s00_entry_pipeline/s00_si_converter/inst/converter.low_area_converter.low_area_wrap_inst/w_wrap_awaddr[11]_i_1_n_0                                                        | system_i/axi_smc/inst/s00_entry_pipeline/s00_si_converter/inst/areset                                                                                             |                7 |             12 |         1.71 |
|  system_i/zynq_ultra_ps_e_0/inst/pl_clk0 | system_i/axi_smc/inst/s00_entry_pipeline/s00_si_converter/inst/converter.low_area_converter.low_area_wrap_inst/r_wrap_last_araddr[0]                                                            | system_i/axi_smc/inst/s00_entry_pipeline/s00_si_converter/inst/areset                                                                                             |                2 |             12 |         6.00 |
|  system_i/zynq_ultra_ps_e_0/inst/pl_clk0 | system_i/axi_smc/inst/s00_entry_pipeline/s00_si_converter/inst/converter.low_area_converter.low_area_wrap_inst/next_awaddr_i[0]                                                                 | system_i/axi_smc/inst/s00_entry_pipeline/s00_si_converter/inst/areset                                                                                             |                2 |             12 |         6.00 |
|  system_i/zynq_ultra_ps_e_0/inst/pl_clk0 | system_i/axi_smc/inst/s00_entry_pipeline/s00_si_converter/inst/converter.low_area_converter.low_area_wrap_inst/conv_araddr[11]_i_1_n_0                                                          | system_i/axi_smc/inst/s00_entry_pipeline/s00_si_converter/inst/areset                                                                                             |                5 |             12 |         2.40 |
|  system_i/zynq_ultra_ps_e_0/inst/pl_clk0 | system_i/axi_smc/inst/s01_entry_pipeline/s01_si_converter/inst/converter.low_area_converter.low_area_wrap_inst/w_wrap_awaddr[0]                                                                 | system_i/axi_smc/inst/s01_entry_pipeline/s01_si_converter/inst/areset                                                                                             |                5 |             12 |         2.40 |
|  system_i/zynq_ultra_ps_e_0/inst/pl_clk0 | system_i/axi_smc/inst/s00_entry_pipeline/s00_si_converter/inst/converter.low_area_converter.low_area_wrap_inst/conv_addr_i[11]_i_1_n_0                                                          | system_i/axi_smc/inst/s00_entry_pipeline/s00_si_converter/inst/areset                                                                                             |                3 |             12 |         4.00 |
|  system_i/zynq_ultra_ps_e_0/inst/pl_clk0 | system_i/axi_smc/inst/s01_entry_pipeline/s01_si_converter/inst/converter.low_area_converter.low_area_wrap_inst/r_wrap_last_araddr[0]                                                            | system_i/axi_smc/inst/s01_entry_pipeline/s01_si_converter/inst/areset                                                                                             |                2 |             12 |         6.00 |
|  system_i/zynq_ultra_ps_e_0/inst/pl_clk0 | system_i/axi_smc/inst/s01_entry_pipeline/s01_si_converter/inst/converter.low_area_converter.low_area_wrap_inst/w_wrap_last_awaddr[0]                                                            | system_i/axi_smc/inst/s01_entry_pipeline/s01_si_converter/inst/areset                                                                                             |                2 |             12 |         6.00 |
|  system_i/zynq_ultra_ps_e_0/inst/pl_clk0 | system_i/axi_smc/inst/s01_entry_pipeline/s01_si_converter/inst/converter.low_area_converter.low_area_wrap_inst/conv_araddr[5]_i_1_n_0                                                           | system_i/axi_smc/inst/s01_entry_pipeline/s01_si_converter/inst/areset                                                                                             |                5 |             12 |         2.40 |
|  system_i/zynq_ultra_ps_e_0/inst/pl_clk0 | system_i/axi_smc/inst/s00_entry_pipeline/s00_si_converter/inst/gen_normal.splitter_inst/ar_cmd_reg/skid_buffer[1136]_i_1__0_n_0                                                                 |                                                                                                                                                                   |                6 |             13 |         2.17 |
|  system_i/zynq_ultra_ps_e_0/inst/pl_clk0 | system_i/axi_smc/inst/s01_entry_pipeline/s01_si_converter/inst/converter.low_area_converter.low_area_wrap_inst/r_cnt[12]_i_1_n_0                                                                | system_i/axi_smc/inst/s01_entry_pipeline/s01_si_converter/inst/areset                                                                                             |                5 |             13 |         2.60 |
|  system_i/zynq_ultra_ps_e_0/inst/pl_clk0 | system_i/axi_smc/inst/s00_entry_pipeline/s00_si_converter/inst/converter.low_area_converter.low_area_wrap_inst/r_cnt[12]_i_1_n_0                                                                | system_i/axi_smc/inst/s00_entry_pipeline/s00_si_converter/inst/areset                                                                                             |                3 |             13 |         4.33 |
|  system_i/zynq_ultra_ps_e_0/inst/pl_clk0 | system_i/axi_smc/inst/s00_entry_pipeline/s00_si_converter/inst/gen_normal.splitter_inst/ar_cmd_reg/m_vector_i[0]                                                                                |                                                                                                                                                                   |                6 |             13 |         2.17 |
|  system_i/zynq_ultra_ps_e_0/inst/pl_clk0 |                                                                                                                                                                                                 | system_i/axi_smc/inst/m00_exit_pipeline/m00_exit/inst/areset                                                                                                      |                8 |             14 |         1.75 |
|  system_i/zynq_ultra_ps_e_0/inst/pl_clk0 | system_i/axi_smc/inst/switchboards/i_nodes/i_ar_node/inst/inst_si_handler/gen_si_handler.gen_arbiter_rr_minimal_area.inst_arbiter/s_sc_valid                                                    |                                                                                                                                                                   |                4 |             14 |         3.50 |
|  system_i/zynq_ultra_ps_e_0/inst/pl_clk0 | system_i/axi_smc/inst/s01_entry_pipeline/s01_mmu/inst/gen_endpoint.decerr_slave_inst/gen_axi.gen_read.s_axi_rid_i_0[0]                                                                          | system_i/axi_smc/inst/s01_entry_pipeline/s01_mmu/inst/areset                                                                                                      |                3 |             16 |         5.33 |
|  system_i/zynq_ultra_ps_e_0/inst/pl_clk0 | system_i/npu_axi_ip_0/inst/npu_axi_ip_slave_lite_v1_0_S00_AXI_inst/my_npu_top_inst/u_core/u_matmul/ROW[2].COL[3].u_pe/u_mac/mult_reg/valid_out_reg_2[0]                                         | system_i/npu_axi_ip_0/inst/npu_axi_ip_slave_lite_v1_0_S00_AXI_inst/my_npu_top_inst/u_ctrl/ctrl_reg_reg[1]_0                                                       |                7 |             16 |         2.29 |
|  system_i/zynq_ultra_ps_e_0/inst/pl_clk0 | system_i/npu_axi_ip_0/inst/npu_axi_ip_slave_lite_v1_0_S00_AXI_inst/my_npu_top_inst/u_core/u_matmul/ROW[2].COL[1].u_pe/u_mac/mult_reg/E[0]                                                       | system_i/npu_axi_ip_0/inst/npu_axi_ip_slave_lite_v1_0_S00_AXI_inst/my_npu_top_inst/u_ctrl/ctrl_reg_reg[1]_0                                                       |                6 |             16 |         2.67 |
|  system_i/zynq_ultra_ps_e_0/inst/pl_clk0 | system_i/npu_axi_ip_0/inst/npu_axi_ip_slave_lite_v1_0_S00_AXI_inst/my_npu_top_inst/u_core/u_matmul/ROW[2].COL[0].u_pe/u_mac/mult_reg/valid_out_reg_4[0]                                         | system_i/npu_axi_ip_0/inst/npu_axi_ip_slave_lite_v1_0_S00_AXI_inst/my_npu_top_inst/u_ctrl/ctrl_reg_reg[1]_0                                                       |                9 |             16 |         1.78 |
|  system_i/zynq_ultra_ps_e_0/inst/pl_clk0 | system_i/npu_axi_ip_0/inst/npu_axi_ip_slave_lite_v1_0_S00_AXI_inst/my_npu_top_inst/u_core/u_matmul/ROW[2].COL[0].u_pe/u_mac/mult_reg/valid_out_reg_1[0]                                         | system_i/npu_axi_ip_0/inst/npu_axi_ip_slave_lite_v1_0_S00_AXI_inst/my_npu_top_inst/u_ctrl/ctrl_reg_reg[1]_0                                                       |                5 |             16 |         3.20 |
|  system_i/zynq_ultra_ps_e_0/inst/pl_clk0 | system_i/axi_smc/inst/s01_entry_pipeline/s01_si_converter/inst/converter.low_area_converter.low_area_wrap_inst/awready_i_i_1_n_0                                                                | system_i/axi_smc/inst/s01_entry_pipeline/s01_si_converter/inst/areset                                                                                             |               11 |             16 |         1.45 |
|  system_i/zynq_ultra_ps_e_0/inst/pl_clk0 | system_i/npu_axi_ip_0/inst/npu_axi_ip_slave_lite_v1_0_S00_AXI_inst/my_npu_top_inst/u_core/u_matmul/ROW[2].COL[0].u_pe/u_mac/mult_reg/valid_out_reg_2[0]                                         | system_i/npu_axi_ip_0/inst/npu_axi_ip_slave_lite_v1_0_S00_AXI_inst/my_npu_top_inst/u_ctrl/ctrl_reg_reg[1]_0                                                       |                7 |             16 |         2.29 |
|  system_i/zynq_ultra_ps_e_0/inst/pl_clk0 | system_i/npu_axi_ip_0/inst/npu_axi_ip_slave_lite_v1_0_S00_AXI_inst/my_npu_top_inst/u_core/u_matmul/ROW[2].COL[2].u_pe/u_mac/mult_reg/valid_out_reg_3[0]                                         | system_i/npu_axi_ip_0/inst/npu_axi_ip_slave_lite_v1_0_S00_AXI_inst/my_npu_top_inst/u_ctrl/ctrl_reg_reg[1]_0                                                       |                5 |             16 |         3.20 |
|  system_i/zynq_ultra_ps_e_0/inst/pl_clk0 | system_i/npu_axi_ip_0/inst/npu_axi_ip_slave_lite_v1_0_S00_AXI_inst/my_npu_top_inst/u_core/u_matmul/ROW[2].COL[2].u_pe/u_mac/mult_reg/valid_out_reg_1[0]                                         | system_i/npu_axi_ip_0/inst/npu_axi_ip_slave_lite_v1_0_S00_AXI_inst/my_npu_top_inst/u_ctrl/ctrl_reg_reg[1]_0                                                       |                9 |             16 |         1.78 |
|  system_i/zynq_ultra_ps_e_0/inst/pl_clk0 | system_i/npu_axi_ip_0/inst/npu_axi_ip_slave_lite_v1_0_S00_AXI_inst/my_npu_top_inst/u_core/u_matmul/ROW[2].COL[1].u_pe/u_mac/mult_reg/valid_out_reg_1[0]                                         | system_i/npu_axi_ip_0/inst/npu_axi_ip_slave_lite_v1_0_S00_AXI_inst/my_npu_top_inst/u_ctrl/ctrl_reg_reg[1]_0                                                       |                9 |             16 |         1.78 |
|  system_i/zynq_ultra_ps_e_0/inst/pl_clk0 | system_i/npu_axi_ip_0/inst/npu_axi_ip_slave_lite_v1_0_S00_AXI_inst/my_npu_top_inst/u_core/u_matmul/ROW[2].COL[3].u_pe/u_mac/mult_reg/E[0]                                                       | system_i/npu_axi_ip_0/inst/npu_axi_ip_slave_lite_v1_0_S00_AXI_inst/my_npu_top_inst/u_ctrl/ctrl_reg_reg[1]_0                                                       |                5 |             16 |         3.20 |
|  system_i/zynq_ultra_ps_e_0/inst/pl_clk0 | system_i/npu_axi_ip_0/inst/npu_axi_ip_slave_lite_v1_0_S00_AXI_inst/my_npu_top_inst/u_core/u_matmul/ROW[2].COL[2].u_pe/u_mac/mult_reg/valid_out_reg_2[0]                                         | system_i/npu_axi_ip_0/inst/npu_axi_ip_slave_lite_v1_0_S00_AXI_inst/my_npu_top_inst/u_ctrl/ctrl_reg_reg[1]_0                                                       |                4 |             16 |         4.00 |
|  system_i/zynq_ultra_ps_e_0/inst/pl_clk0 | system_i/npu_axi_ip_0/inst/npu_axi_ip_slave_lite_v1_0_S00_AXI_inst/my_npu_top_inst/u_core/u_matmul/ROW[2].COL[1].u_pe/u_mac/mult_reg/valid_out_reg_2[0]                                         | system_i/npu_axi_ip_0/inst/npu_axi_ip_slave_lite_v1_0_S00_AXI_inst/my_npu_top_inst/u_ctrl/ctrl_reg_reg[1]_0                                                       |                7 |             16 |         2.29 |
|  system_i/zynq_ultra_ps_e_0/inst/pl_clk0 | system_i/npu_axi_ip_0/inst/npu_axi_ip_slave_lite_v1_0_S00_AXI_inst/my_npu_top_inst/u_core/u_matmul/ROW[2].COL[2].u_pe/u_mac/mult_reg/E[0]                                                       | system_i/npu_axi_ip_0/inst/npu_axi_ip_slave_lite_v1_0_S00_AXI_inst/my_npu_top_inst/u_ctrl/ctrl_reg_reg[1]_0                                                       |                5 |             16 |         3.20 |
|  system_i/zynq_ultra_ps_e_0/inst/pl_clk0 | system_i/npu_axi_ip_0/inst/npu_axi_ip_slave_lite_v1_0_S00_AXI_inst/my_npu_top_inst/u_core/u_matmul/ROW[2].COL[1].u_pe/u_mac/mult_reg/valid_out_reg_3[0]                                         | system_i/npu_axi_ip_0/inst/npu_axi_ip_slave_lite_v1_0_S00_AXI_inst/my_npu_top_inst/u_ctrl/ctrl_reg_reg[1]_0                                                       |               11 |             16 |         1.45 |
|  system_i/zynq_ultra_ps_e_0/inst/pl_clk0 | system_i/axi_smc/inst/s00_entry_pipeline/s00_transaction_regulator/inst/gen_endpoint.gen_r_singleorder.r_singleorder/gen_id_reg.s_rid_i0                                                        |                                                                                                                                                                   |                2 |             16 |         8.00 |
|  system_i/zynq_ultra_ps_e_0/inst/pl_clk0 | system_i/npu_axi_ip_0/inst/npu_axi_ip_slave_lite_v1_0_S00_AXI_inst/my_npu_top_inst/u_ctrl/k_size_reg[0]                                                                                         | system_i/rst_ps8_0_99M/U0/peripheral_aresetn[0]                                                                                                                   |                3 |             16 |         5.33 |
|  system_i/zynq_ultra_ps_e_0/inst/pl_clk0 | system_i/axi_smc/inst/s00_entry_pipeline/s00_transaction_regulator/inst/gen_endpoint.gen_w_singleorder.w_singleorder/gen_id_reg.s_rid_i0                                                        |                                                                                                                                                                   |                3 |             16 |         5.33 |
|  system_i/zynq_ultra_ps_e_0/inst/pl_clk0 | system_i/npu_axi_ip_0/inst/npu_axi_ip_slave_lite_v1_0_S00_AXI_inst/my_npu_top_inst/u_core/u_matmul/ROW[2].COL[3].u_pe/u_mac/mult_reg/valid_out_reg_0[0]                                         | system_i/npu_axi_ip_0/inst/npu_axi_ip_slave_lite_v1_0_S00_AXI_inst/my_npu_top_inst/u_ctrl/ctrl_reg_reg[1]_0                                                       |                7 |             16 |         2.29 |
|  system_i/zynq_ultra_ps_e_0/inst/pl_clk0 | system_i/axi_smc/inst/s01_entry_pipeline/s01_mmu/inst/gen_endpoint.decerr_slave_inst/gen_axi.gen_write.s_axi_bid_i[15]_i_1_n_0                                                                  | system_i/axi_smc/inst/s01_entry_pipeline/s01_mmu/inst/areset                                                                                                      |                4 |             16 |         4.00 |
|  system_i/zynq_ultra_ps_e_0/inst/pl_clk0 | system_i/axi_smc/inst/s00_entry_pipeline/s00_mmu/inst/gen_endpoint.decerr_slave_inst/gen_axi.gen_read.s_axi_rid_i_0[0]                                                                          | system_i/axi_smc/inst/s00_entry_pipeline/s00_mmu/inst/areset                                                                                                      |                2 |             16 |         8.00 |
|  system_i/zynq_ultra_ps_e_0/inst/pl_clk0 | system_i/axi_smc/inst/s01_entry_pipeline/s01_transaction_regulator/inst/gen_endpoint.gen_w_singleorder.w_singleorder/gen_id_reg.s_rid_i0                                                        |                                                                                                                                                                   |                4 |             16 |         4.00 |
|  system_i/zynq_ultra_ps_e_0/inst/pl_clk0 | system_i/axi_smc/inst/s01_entry_pipeline/s01_transaction_regulator/inst/gen_endpoint.gen_r_singleorder.r_singleorder/gen_id_reg.s_rid_i0                                                        |                                                                                                                                                                   |                3 |             16 |         5.33 |
|  system_i/zynq_ultra_ps_e_0/inst/pl_clk0 | system_i/npu_axi_ip_0/inst/npu_axi_ip_slave_lite_v1_0_S00_AXI_inst/my_npu_top_inst/u_core/u_matmul/ROW[2].COL[0].u_pe/u_mac/mult_reg/valid_out_reg_3[0]                                         | system_i/npu_axi_ip_0/inst/npu_axi_ip_slave_lite_v1_0_S00_AXI_inst/my_npu_top_inst/u_ctrl/ctrl_reg_reg[1]_0                                                       |                6 |             16 |         2.67 |
|  system_i/zynq_ultra_ps_e_0/inst/pl_clk0 | system_i/axi_smc/inst/s00_entry_pipeline/s00_mmu/inst/gen_endpoint.decerr_slave_inst/gen_axi.gen_write.s_axi_bid_i[15]_i_1_n_0                                                                  | system_i/axi_smc/inst/s00_entry_pipeline/s00_mmu/inst/areset                                                                                                      |                3 |             16 |         5.33 |
|  system_i/zynq_ultra_ps_e_0/inst/pl_clk0 | system_i/axi_smc/inst/s00_entry_pipeline/s00_si_converter/inst/converter.low_area_converter.low_area_wrap_inst/r_wrap_araddr[11]_i_1_n_0                                                        | system_i/axi_smc/inst/s00_entry_pipeline/s00_si_converter/inst/areset                                                                                             |                8 |             17 |         2.12 |
|  system_i/zynq_ultra_ps_e_0/inst/pl_clk0 | system_i/axi_smc/inst/s01_entry_pipeline/s01_si_converter/inst/converter.low_area_converter.low_area_wrap_inst/max_read_bytes[0]                                                                | system_i/axi_smc/inst/s01_entry_pipeline/s01_si_converter/inst/areset                                                                                             |                7 |             17 |         2.43 |
|  system_i/zynq_ultra_ps_e_0/inst/pl_clk0 | system_i/npu_axi_ip_0/inst/npu_axi_ip_slave_lite_v1_0_S00_AXI_inst/my_npu_top_inst/u_core/u_matmul/ROW[2].COL[3].u_pe/u_mac/mult_reg/valid_out_reg_1[0]                                         | system_i/npu_axi_ip_0/inst/npu_axi_ip_slave_lite_v1_0_S00_AXI_inst/my_npu_top_inst/u_ctrl/ctrl_reg_reg[1]_0                                                       |                7 |             17 |         2.43 |
|  system_i/zynq_ultra_ps_e_0/inst/pl_clk0 |                                                                                                                                                                                                 | system_i/axi_smc/inst/s01_entry_pipeline/s01_si_converter/inst/areset                                                                                             |               11 |             17 |         1.55 |
|  system_i/zynq_ultra_ps_e_0/inst/pl_clk0 | system_i/axi_smc/inst/s01_entry_pipeline/s01_si_converter/inst/converter.low_area_converter.low_area_wrap_inst/w_cnt[8]_i_1_n_0                                                                 | system_i/axi_smc/inst/s01_entry_pipeline/s01_si_converter/inst/areset                                                                                             |                8 |             21 |         2.62 |
|  system_i/zynq_ultra_ps_e_0/inst/pl_clk0 | system_i/axi_smc/inst/s00_entry_pipeline/s00_si_converter/inst/converter.low_area_converter.low_area_wrap_inst/aw_user[0]                                                                       | system_i/axi_smc/inst/s00_entry_pipeline/s00_si_converter/inst/areset                                                                                             |               11 |             26 |         2.36 |
|  system_i/zynq_ultra_ps_e_0/inst/pl_clk0 | system_i/axi_smc/inst/s00_entry_pipeline/s00_si_converter/inst/converter.low_area_converter.low_area_wrap_inst/r_burst_mask[11]_i_1_n_0                                                         | system_i/axi_smc/inst/s00_entry_pipeline/s00_si_converter/inst/areset                                                                                             |               12 |             32 |         2.67 |
|  system_i/zynq_ultra_ps_e_0/inst/pl_clk0 | system_i/axi_smc/inst/switchboards/i_nodes/i_r_node/inst/inst_mi_handler/gen_normal_area.gen_upsizer.inst_upsizer/gen_r_ch.accum[bytes][0][userdata][7]_i_1_n_0                                 |                                                                                                                                                                   |               13 |             32 |         2.46 |
|  system_i/zynq_ultra_ps_e_0/inst/pl_clk0 | system_i/axi_smc/inst/switchboards/i_nodes/i_r_node/inst/inst_mi_handler/gen_normal_area.gen_upsizer.inst_upsizer/gen_r_ch.accum[bytes][4][userdata][7]_i_1_n_0                                 |                                                                                                                                                                   |               14 |             32 |         2.29 |
|  system_i/zynq_ultra_ps_e_0/inst/pl_clk0 | system_i/axi_smc/inst/m00_exit_pipeline/m00_exit/inst/splitter_inst/gen_axi4lite.axilite_conv/s_axi_rdata_i[31]_i_1_n_0                                                                         | system_i/axi_smc/inst/m00_exit_pipeline/m00_exit/inst/areset                                                                                                      |                9 |             32 |         3.56 |
|  system_i/zynq_ultra_ps_e_0/inst/pl_clk0 | system_i/axi_smc/inst/s01_entry_pipeline/s01_si_converter/inst/converter.low_area_converter.low_area_wrap_inst/r_burst_bytes[0]                                                                 | system_i/axi_smc/inst/s01_entry_pipeline/s01_si_converter/inst/areset                                                                                             |               10 |             32 |         3.20 |
|  system_i/zynq_ultra_ps_e_0/inst/pl_clk0 | system_i/axi_smc/inst/switchboards/i_nodes/i_r_node/inst/inst_mi_handler/gen_normal_area.gen_upsizer.inst_upsizer/gen_r_ch.accum[bytes][8][userdata][7]_i_1_n_0                                 |                                                                                                                                                                   |               16 |             32 |         2.00 |
|  system_i/zynq_ultra_ps_e_0/inst/pl_clk0 | system_i/axi_smc/inst/switchboards/i_nodes/i_r_node/inst/inst_mi_handler/gen_normal_area.gen_upsizer.inst_upsizer/gen_r_ch.accum[0]                                                             |                                                                                                                                                                   |               10 |             32 |         3.20 |
|  system_i/zynq_ultra_ps_e_0/inst/pl_clk0 |                                                                                                                                                                                                 | system_i/axi_smc/inst/s00_entry_pipeline/s00_si_converter/inst/areset                                                                                             |               23 |             32 |         1.39 |
|  system_i/zynq_ultra_ps_e_0/inst/pl_clk0 | system_i/axi_smc/inst/s00_entry_pipeline/s00_si_converter/inst/converter.low_area_converter.low_area_wrap_inst/ar_user[0]                                                                       | system_i/axi_smc/inst/s00_entry_pipeline/s00_si_converter/inst/areset                                                                                             |               18 |             34 |         1.89 |
|  system_i/zynq_ultra_ps_e_0/inst/pl_clk0 | system_i/axi_smc/inst/s01_entry_pipeline/s01_si_converter/inst/converter.low_area_converter.low_area_wrap_inst/arready_i_i_1_n_0                                                                | system_i/axi_smc/inst/s01_entry_pipeline/s01_si_converter/inst/areset                                                                                             |               16 |             34 |         2.12 |
|  system_i/zynq_ultra_ps_e_0/inst/pl_clk0 | system_i/axi_smc/inst/s00_entry_pipeline/s00_si_converter/inst/converter.low_area_converter.low_area_wrap_inst/outstanding_awid[0]_i_1_n_0                                                      | system_i/axi_smc/inst/s00_entry_pipeline/s00_si_converter/inst/areset                                                                                             |               10 |             39 |         3.90 |
|  system_i/zynq_ultra_ps_e_0/inst/pl_clk0 | system_i/axi_smc/inst/s01_entry_pipeline/s01_si_converter/inst/converter.low_area_converter.low_area_wrap_inst/outstanding_awid[0]                                                              | system_i/axi_smc/inst/s01_entry_pipeline/s01_si_converter/inst/areset                                                                                             |               12 |             39 |         3.25 |
|  system_i/zynq_ultra_ps_e_0/inst/pl_clk0 | system_i/axi_smc/inst/s01_entry_pipeline/s01_mmu/inst/aw_reg_stall/skid_buffer[1136]_i_1__0_n_0                                                                                                 |                                                                                                                                                                   |                6 |             41 |         6.83 |
|  system_i/zynq_ultra_ps_e_0/inst/pl_clk0 | system_i/axi_smc/inst/s01_entry_pipeline/s01_mmu/inst/ar_reg_stall/m_vector_i[0]                                                                                                                |                                                                                                                                                                   |                6 |             41 |         6.83 |
|  system_i/zynq_ultra_ps_e_0/inst/pl_clk0 | system_i/axi_smc/inst/s01_entry_pipeline/s01_mmu/inst/ar_reg_stall/skid_buffer[1136]_i_1_n_0                                                                                                    |                                                                                                                                                                   |                6 |             41 |         6.83 |
|  system_i/zynq_ultra_ps_e_0/inst/pl_clk0 | system_i/axi_smc/inst/s01_entry_pipeline/s01_mmu/inst/aw_reg_stall/m_vector_i[0]                                                                                                                |                                                                                                                                                                   |                6 |             41 |         6.83 |
|  system_i/zynq_ultra_ps_e_0/inst/pl_clk0 | system_i/axi_smc/inst/s00_entry_pipeline/s00_mmu/inst/aw_reg_stall/m_vector_i[0]                                                                                                                |                                                                                                                                                                   |                8 |             41 |         5.12 |
|  system_i/zynq_ultra_ps_e_0/inst/pl_clk0 | system_i/axi_smc/inst/s00_entry_pipeline/s00_mmu/inst/aw_reg_stall/skid_buffer[1136]_i_1__0_n_0                                                                                                 |                                                                                                                                                                   |                8 |             41 |         5.12 |
|  system_i/zynq_ultra_ps_e_0/inst/pl_clk0 | system_i/axi_smc/inst/s00_entry_pipeline/s00_mmu/inst/ar_reg_stall/skid_buffer[1136]_i_1_n_0                                                                                                    |                                                                                                                                                                   |                7 |             41 |         5.86 |
|  system_i/zynq_ultra_ps_e_0/inst/pl_clk0 | system_i/axi_smc/inst/s00_entry_pipeline/s00_mmu/inst/ar_reg_stall/m_vector_i[0]                                                                                                                |                                                                                                                                                                   |                7 |             41 |         5.86 |
|  system_i/zynq_ultra_ps_e_0/inst/pl_clk0 |                                                                                                                                                                                                 | system_i/axi_smc/inst/clk_map/psr_aclk/U0/interconnect_aresetn[0]                                                                                                 |               27 |             81 |         3.00 |
|  system_i/zynq_ultra_ps_e_0/inst/pl_clk0 | system_i/npu_axi_ip_0/inst/npu_axi_ip_slave_lite_v1_0_S00_AXI_inst/my_npu_top_inst/u_addr_gen/E[0]                                                                                              | system_i/npu_axi_ip_0/inst/npu_axi_ip_slave_lite_v1_0_S00_AXI_inst/my_npu_top_inst/u_ctrl/ctrl_reg_reg[1]_0                                                       |               13 |             96 |         7.38 |
|  system_i/zynq_ultra_ps_e_0/inst/pl_clk0 | system_i/axi_smc/inst/switchboards/i_nodes/i_r_node/inst/inst_mi_handler/gen_normal_area.gen_upsizer.inst_upsizer/gen_normal_area.upsizer_valid                                                 |                                                                                                                                                                   |               34 |            131 |         3.85 |
|  system_i/zynq_ultra_ps_e_0/inst/pl_clk0 | system_i/axi_smc/inst/switchboards/i_nodes/i_w_node/inst/inst_si_handler/gen_si_handler.gen_request_fifos.gen_req_fifo[0].inst_req_fifo/gen_xpm_memory_fifo.inst_fifo/gen_rd.fifo_empty_r_reg_0 |                                                                                                                                                                   |               20 |            149 |         7.45 |
|  system_i/zynq_ultra_ps_e_0/inst/pl_clk0 |                                                                                                                                                                                                 |                                                                                                                                                                   |               67 |            156 |         2.33 |
|  system_i/zynq_ultra_ps_e_0/inst/pl_clk0 |                                                                                                                                                                                                 | system_i/npu_axi_ip_0/inst/npu_axi_ip_slave_lite_v1_0_S00_AXI_inst/my_npu_top_inst/u_ctrl/ctrl_reg_reg[1]_0                                                       |              143 |            538 |         3.76 |
+------------------------------------------+-------------------------------------------------------------------------------------------------------------------------------------------------------------------------------------------------+-------------------------------------------------------------------------------------------------------------------------------------------------------------------+------------------+----------------+--------------+


