#-----------------------------------------------------------
# Vivado v2025.2 (64-bit)
# SW Build 6299465 on Fri Nov 14 19:35:11 GMT 2025
# IP Build 6300035 on Fri Nov 14 10:48:45 MST 2025
# SharedData Build 6298862 on Thu Nov 13 04:50:51 MST 2025
# Start of session at: Fri Apr 10 22:28:03 2026
# Process ID         : 14928
# Current directory  : D:/HK6/Project1/testing/matmul_array/matmul
# Command line       : vivado.exe -gui_launcher_event rodinguilauncherevent9388 D:\HK6\Project1\testing\matmul_array\matmul\matmul.xpr
# Log file           : D:/HK6/Project1/testing/matmul_array/matmul/vivado.log
# Journal file       : D:/HK6/Project1/testing/matmul_array/matmul\vivado.jou
# Running On         : VuDuong-32
# Platform           : Windows Server 2016 or Windows 10
# Operating System   : 26200
# Processor Detail   : Intel(R) Core(TM) i7-8550U CPU @ 1.80GHz
# CPU Frequency      : 1992 MHz
# CPU Physical cores : 4
# CPU Logical cores  : 8
# Host memory        : 8448 MB
# Swap memory        : 24930 MB
# Total Virtual      : 33379 MB
# Available Virtual  : 17794 MB
#-----------------------------------------------------------
start_gui
open_project D:/HK6/Project1/testing/matmul_array/matmul/matmul.xpr
WARNING: [Board 49-26] cannot add Board Part xilinx.com:emb-plus-vpr-4616:part0:1.0 available at D:/Apps/Study/Vivado/2025.2/data/xhub/boards\XilinxBoardStore\boards\Xilinx\emb-plus-vpr-4616\1.0\board.xml as part xcve2302-sfva784-2mp-e-s specified in board_part file is either invalid or not available
WARNING: [Board 49-26] cannot add Board Part xilinx.com:emb-plus-vpr-4616:part0:1.1 available at D:/Apps/Study/Vivado/2025.2/data/xhub/boards\XilinxBoardStore\boards\Xilinx\emb-plus-vpr-4616\1.1\board.xml as part xcve2302-sfva784-2mp-e-s specified in board_part file is either invalid or not available
WARNING: [Board 49-26] cannot add Board Part xilinx.com:kc705:part0:1.6 available at D:/Apps/Study/Vivado/2025.2/data/xhub/boards\XilinxBoardStore\boards\Xilinx\kc705\1.6\board.xml as part xc7k325tffg900-2 specified in board_part file is either invalid or not available
WARNING: [Board 49-26] cannot add Board Part xilinx.com:kc705:part0:1.7 available at D:/Apps/Study/Vivado/2025.2/data/xhub/boards\XilinxBoardStore\boards\Xilinx\kc705\1.7\board.xml as part xc7k325tffg900-2 specified in board_part file is either invalid or not available
WARNING: [Board 49-26] cannot add Board Part xilinx.com:kcu105:part0:1.6 available at D:/Apps/Study/Vivado/2025.2/data/xhub/boards\XilinxBoardStore\boards\Xilinx\kcu105\1.6\board.xml as part xcku040-ffva1156-2-e specified in board_part file is either invalid or not available
WARNING: [Board 49-26] cannot add Board Part xilinx.com:kcu105:part0:1.7 available at D:/Apps/Study/Vivado/2025.2/data/xhub/boards\XilinxBoardStore\boards\Xilinx\kcu105\1.7\board.xml as part xcku040-ffva1156-2-e specified in board_part file is either invalid or not available
WARNING: [Board 49-26] cannot add Board Part xilinx.com:kcu1500:part0:1.2 available at D:/Apps/Study/Vivado/2025.2/data/xhub/boards\XilinxBoardStore\boards\Xilinx\kcu1500\1.2\board.xml as part xcku115-flvb2104-2-e specified in board_part file is either invalid or not available
WARNING: [Board 49-26] cannot add Board Part xilinx.com:v80:part0:1.0 available at D:/Apps/Study/Vivado/2025.2/data/xhub/boards\XilinxBoardStore\boards\Xilinx\v80\1.0\board.xml as part xcv80-lsva4737-2mhp-e-s specified in board_part file is either invalid or not available
WARNING: [Board 49-26] cannot add Board Part xilinx.com:vc707:part0:1.4 available at D:/Apps/Study/Vivado/2025.2/data/xhub/boards\XilinxBoardStore\boards\Xilinx\vc707\1.4\board.xml as part xc7vx485tffg1761-2 specified in board_part file is either invalid or not available
WARNING: [Board 49-26] cannot add Board Part xilinx.com:vc707:part0:1.5 available at D:/Apps/Study/Vivado/2025.2/data/xhub/boards\XilinxBoardStore\boards\Xilinx\vc707\1.5\board.xml as part xc7vx485tffg1761-2 specified in board_part file is either invalid or not available
WARNING: [Board 49-26] cannot add Board Part xilinx.com:vc709:part0:1.8 available at D:/Apps/Study/Vivado/2025.2/data/xhub/boards\XilinxBoardStore\boards\Xilinx\vc709\1.8\board.xml as part xc7vx690tffg1761-2 specified in board_part file is either invalid or not available
WARNING: [Board 49-26] cannot add Board Part xilinx.com:vck190:part0:2.2 available at D:/Apps/Study/Vivado/2025.2/data/xhub/boards\XilinxBoardStore\boards\Xilinx\vck190\production\2.2\board.xml as part xcvc1902-vsva2197-2mp-e-s specified in board_part file is either invalid or not available
WARNING: [Board 49-26] cannot add Board Part xilinx.com:vck190:part0:3.0 available at D:/Apps/Study/Vivado/2025.2/data/xhub/boards\XilinxBoardStore\boards\Xilinx\vck190\production\3.0\board.xml as part xcvc1902-vsva2197-2mp-e-s specified in board_part file is either invalid or not available
WARNING: [Board 49-26] cannot add Board Part xilinx.com:vck190:part0:3.1 available at D:/Apps/Study/Vivado/2025.2/data/xhub/boards\XilinxBoardStore\boards\Xilinx\vck190\production\3.1\board.xml as part xcvc1902-vsva2197-2mp-e-s specified in board_part file is either invalid or not available
WARNING: [Board 49-26] cannot add Board Part xilinx.com:vck190:part0:3.2 available at D:/Apps/Study/Vivado/2025.2/data/xhub/boards\XilinxBoardStore\boards\Xilinx\vck190\production\3.2\board.xml as part xcvc1902-vsva2197-2mp-e-s specified in board_part file is either invalid or not available
WARNING: [Board 49-26] cannot add Board Part xilinx.com:vck190:part0:3.3 available at D:/Apps/Study/Vivado/2025.2/data/xhub/boards\XilinxBoardStore\boards\Xilinx\vck190\production\3.3\board.xml as part xcvc1902-vsva2197-2mp-e-s specified in board_part file is either invalid or not available
WARNING: [Board 49-26] cannot add Board Part xilinx.com:vck190:part0:3.4 available at D:/Apps/Study/Vivado/2025.2/data/xhub/boards\XilinxBoardStore\boards\Xilinx\vck190\production\3.4\board.xml as part xcvc1902-vsva2197-2mp-e-s specified in board_part file is either invalid or not available
WARNING: [Board 49-26] cannot add Board Part xilinx.com:vck190_newl:part0:1.0 available at D:/Apps/Study/Vivado/2025.2/data/xhub/boards\XilinxBoardStore\boards\Xilinx\vck190_newl\production\1.0\board.xml as part xcvc1902-vsva2197-2mp-e-s specified in board_part file is either invalid or not available
WARNING: [Board 49-26] cannot add Board Part xilinx.com:vck190_newl:part0:1.1 available at D:/Apps/Study/Vivado/2025.2/data/xhub/boards\XilinxBoardStore\boards\Xilinx\vck190_newl\production\1.1\board.xml as part xcvc1902-vsva2197-2mp-e-s specified in board_part file is either invalid or not available
WARNING: [Board 49-26] cannot add Board Part xilinx.com:vck190_newl:part0:1.2 available at D:/Apps/Study/Vivado/2025.2/data/xhub/boards\XilinxBoardStore\boards\Xilinx\vck190_newl\production\1.2\board.xml as part xcvc1902-vsva2197-2mp-e-s specified in board_part file is either invalid or not available
WARNING: [Board 49-26] cannot add Board Part xilinx.com:vck190_newl:part0:1.3 available at D:/Apps/Study/Vivado/2025.2/data/xhub/boards\XilinxBoardStore\boards\Xilinx\vck190_newl\production\1.3\board.xml as part xcvc1902-vsva2197-2mp-e-s specified in board_part file is either invalid or not available
WARNING: [Board 49-26] cannot add Board Part xilinx.com:vcu108:part0:1.6 available at D:/Apps/Study/Vivado/2025.2/data/xhub/boards\XilinxBoardStore\boards\Xilinx\vcu108\1.6\board.xml as part xcvu095-ffva2104-2-e specified in board_part file is either invalid or not available
WARNING: [Board 49-26] cannot add Board Part xilinx.com:vcu108:part0:1.7 available at D:/Apps/Study/Vivado/2025.2/data/xhub/boards\XilinxBoardStore\boards\Xilinx\vcu108\1.7\board.xml as part xcvu095-ffva2104-2-e specified in board_part file is either invalid or not available
WARNING: [Board 49-26] cannot add Board Part xilinx.com:vcu110:part0:1.4 available at D:/Apps/Study/Vivado/2025.2/data/xhub/boards\XilinxBoardStore\boards\Xilinx\vcu110\1.4\board.xml as part xcvu190-flgc2104-2-e specified in board_part file is either invalid or not available
WARNING: [Board 49-26] cannot add Board Part xilinx.com:vcu118:part0:2.0 available at D:/Apps/Study/Vivado/2025.2/data/xhub/boards\XilinxBoardStore\boards\Xilinx\vcu118\2.0\board.xml as part xcvu9p-flga2104-2l-e specified in board_part file is either invalid or not available
WARNING: [Board 49-26] cannot add Board Part xilinx.com:vcu118:part0:2.3 available at D:/Apps/Study/Vivado/2025.2/data/xhub/boards\XilinxBoardStore\boards\Xilinx\vcu118\2.3\board.xml as part xcvu9p-flga2104-2l-e specified in board_part file is either invalid or not available
WARNING: [Board 49-26] cannot add Board Part xilinx.com:vcu118:part0:2.4 available at D:/Apps/Study/Vivado/2025.2/data/xhub/boards\XilinxBoardStore\boards\Xilinx\vcu118\2.4\board.xml as part xcvu9p-flga2104-2l-e specified in board_part file is either invalid or not available
WARNING: [Board 49-26] cannot add Board Part xilinx.com:vcu128:part0:1.0 available at D:/Apps/Study/Vivado/2025.2/data/xhub/boards\XilinxBoardStore\boards\Xilinx\vcu128\production\1.0\board.xml as part xcvu37p-fsvh2892-2l-e specified in board_part file is either invalid or not available
WARNING: [Board 49-26] cannot add Board Part xilinx.com:vcu129:part0:1.0 available at D:/Apps/Study/Vivado/2025.2/data/xhub/boards\XilinxBoardStore\boards\Xilinx\vcu129\production\1.0\board.xml as part xcvu29p-fsga2577-2l-e specified in board_part file is either invalid or not available
WARNING: [Board 49-26] cannot add Board Part xilinx.com:vcu1525:part0:1.3 available at D:/Apps/Study/Vivado/2025.2/data/xhub/boards\XilinxBoardStore\boards\Xilinx\vcu1525\1.3\board.xml as part xcvu9p-fsgd2104-2l-e specified in board_part file is either invalid or not available
WARNING: [Board 49-26] cannot add Board Part xilinx.com:vek280:part0:1.0 available at D:/Apps/Study/Vivado/2025.2/data/xhub/boards\XilinxBoardStore\boards\Xilinx\vek280\production\1.0\board.xml as part xcve2802-vsvh1760-2mp-e-s specified in board_part file is either invalid or not available
WARNING: [Board 49-26] cannot add Board Part xilinx.com:vek280:part0:1.1 available at D:/Apps/Study/Vivado/2025.2/data/xhub/boards\XilinxBoardStore\boards\Xilinx\vek280\production\1.1\board.xml as part xcve2802-vsvh1760-2mp-e-s specified in board_part file is either invalid or not available
WARNING: [Board 49-26] cannot add Board Part xilinx.com:vek280:part0:1.2 available at D:/Apps/Study/Vivado/2025.2/data/xhub/boards\XilinxBoardStore\boards\Xilinx\vek280\production\1.2\board.xml as part xcve2802-vsvh1760-2mp-e-s specified in board_part file is either invalid or not available
WARNING: [Board 49-26] cannot add Board Part xilinx.com:vek385:part0:1.0 available at D:/Apps/Study/Vivado/2025.2/data/xhub/boards\XilinxBoardStore\boards\Xilinx\vek385\1.0\board.xml as part xc2ve3858-ssva2112-2mp-e-s specified in board_part file is either invalid or not available
WARNING: [Board 49-26] cannot add Board Part xilinx.com:vek385:part0:1.1 available at D:/Apps/Study/Vivado/2025.2/data/xhub/boards\XilinxBoardStore\boards\Xilinx\vek385\1.1\board.xml as part xc2ve3858-ssva2112-2mp-e-s specified in board_part file is either invalid or not available
WARNING: [Board 49-26] cannot add Board Part xilinx.com:vek385_1:part0:1.0 available at D:/Apps/Study/Vivado/2025.2/data/xhub/boards\XilinxBoardStore\boards\Xilinx\vek385_2\1.0\board.xml as part xc2ve3858-ssva2112-2mp-e-s specified in board_part file is either invalid or not available
WARNING: [Board 49-26] cannot add Board Part xilinx.com:vermeo_t1_mpsoc:part0:1.0 available at D:/Apps/Study/Vivado/2025.2/data/xhub/boards\XilinxBoardStore\boards\Xilinx\vermeo_t1_mpsoc\1.0\board.xml as part xczu19eg-ffvd1760-2l-e specified in board_part file is either invalid or not available
WARNING: [Board 49-26] cannot add Board Part xilinx.com:vermeo_t1_rfsoc:part0:1.0 available at D:/Apps/Study/Vivado/2025.2/data/xhub/boards\XilinxBoardStore\boards\Xilinx\vermeo_t1_rfsoc\1.0\board.xml as part xczu21dr-ffvd1156-2l-e specified in board_part file is either invalid or not available
WARNING: [Board 49-26] cannot add Board Part xilinx.com:vhk158:part0:1.0 available at D:/Apps/Study/Vivado/2025.2/data/xhub/boards\XilinxBoardStore\boards\Xilinx\vhk158\production\1.0\board.xml as part xcvh1582-vsva3697-2mp-e-s specified in board_part file is either invalid or not available
WARNING: [Board 49-26] cannot add Board Part xilinx.com:vhk158:part0:1.1 available at D:/Apps/Study/Vivado/2025.2/data/xhub/boards\XilinxBoardStore\boards\Xilinx\vhk158\production\1.1\board.xml as part xcvh1582-vsva3697-2mp-e-s specified in board_part file is either invalid or not available
WARNING: [Board 49-26] cannot add Board Part xilinx.com:vhk158:part0:1.2 available at D:/Apps/Study/Vivado/2025.2/data/xhub/boards\XilinxBoardStore\boards\Xilinx\vhk158\production\1.2\board.xml as part xcvh1582-vsva3697-2mp-e-s specified in board_part file is either invalid or not available
WARNING: [Board 49-26] cannot add Board Part xilinx.com:vmk180:part0:2.2 available at D:/Apps/Study/Vivado/2025.2/data/xhub/boards\XilinxBoardStore\boards\Xilinx\vmk180\production\2.2\board.xml as part xcvm1802-vsva2197-2mp-e-s specified in board_part file is either invalid or not available
WARNING: [Board 49-26] cannot add Board Part xilinx.com:vmk180:part0:3.0 available at D:/Apps/Study/Vivado/2025.2/data/xhub/boards\XilinxBoardStore\boards\Xilinx\vmk180\production\3.0\board.xml as part xcvm1802-vsva2197-2mp-e-s specified in board_part file is either invalid or not available
WARNING: [Board 49-26] cannot add Board Part xilinx.com:vmk180:part0:3.1 available at D:/Apps/Study/Vivado/2025.2/data/xhub/boards\XilinxBoardStore\boards\Xilinx\vmk180\production\3.1\board.xml as part xcvm1802-vsva2197-2mp-e-s specified in board_part file is either invalid or not available
WARNING: [Board 49-26] cannot add Board Part xilinx.com:vmk180:part0:3.2 available at D:/Apps/Study/Vivado/2025.2/data/xhub/boards\XilinxBoardStore\boards\Xilinx\vmk180\production\3.2\board.xml as part xcvm1802-vsva2197-2mp-e-s specified in board_part file is either invalid or not available
WARNING: [Board 49-26] cannot add Board Part xilinx.com:vmk180:part0:3.3 available at D:/Apps/Study/Vivado/2025.2/data/xhub/boards\XilinxBoardStore\boards\Xilinx\vmk180\production\3.3\board.xml as part xcvm1802-vsva2197-2mp-e-s specified in board_part file is either invalid or not available
WARNING: [Board 49-26] cannot add Board Part xilinx.com:vmk180_newl:part0:1.0 available at D:/Apps/Study/Vivado/2025.2/data/xhub/boards\XilinxBoardStore\boards\Xilinx\vmk180_newl\production\1.0\board.xml as part xcvm1802-vsva2197-2mp-e-s specified in board_part file is either invalid or not available
WARNING: [Board 49-26] cannot add Board Part xilinx.com:vmk180_newl:part0:1.1 available at D:/Apps/Study/Vivado/2025.2/data/xhub/boards\XilinxBoardStore\boards\Xilinx\vmk180_newl\production\1.1\board.xml as part xcvm1802-vsva2197-2mp-e-s specified in board_part file is either invalid or not available
WARNING: [Board 49-26] cannot add Board Part xilinx.com:vpk120:part0:1.0 available at D:/Apps/Study/Vivado/2025.2/data/xhub/boards\XilinxBoardStore\boards\Xilinx\vpk120\production\1.0\board.xml as part xcvp1202-vsva2785-2mp-e-s specified in board_part file is either invalid or not available
WARNING: [Board 49-26] cannot add Board Part xilinx.com:vpk120:part0:1.1 available at D:/Apps/Study/Vivado/2025.2/data/xhub/boards\XilinxBoardStore\boards\Xilinx\vpk120\production\1.1\board.xml as part xcvp1202-vsva2785-2mp-e-s specified in board_part file is either invalid or not available
WARNING: [Board 49-26] cannot add Board Part xilinx.com:vpk120:part0:1.2 available at D:/Apps/Study/Vivado/2025.2/data/xhub/boards\XilinxBoardStore\boards\Xilinx\vpk120\production\1.2\board.xml as part xcvp1202-vsva2785-2mp-e-s specified in board_part file is either invalid or not available
WARNING: [Board 49-26] cannot add Board Part xilinx.com:vpk180:part0:1.0 available at D:/Apps/Study/Vivado/2025.2/data/xhub/boards\XilinxBoardStore\boards\Xilinx\vpk180\production\1.0\board.xml as part xcvp1802-lsvc4072-2mp-e-s specified in board_part file is either invalid or not available
WARNING: [Board 49-26] cannot add Board Part xilinx.com:vpk180:part0:1.1 available at D:/Apps/Study/Vivado/2025.2/data/xhub/boards\XilinxBoardStore\boards\Xilinx\vpk180\production\1.1\board.xml as part xcvp1802-lsvc4072-2mp-e-s specified in board_part file is either invalid or not available
WARNING: [Board 49-26] cannot add Board Part xilinx.com:vpk180:part0:1.2 available at D:/Apps/Study/Vivado/2025.2/data/xhub/boards\XilinxBoardStore\boards\Xilinx\vpk180\production\1.2\board.xml as part xcvp1802-lsvc4072-2mp-e-s specified in board_part file is either invalid or not available
WARNING: [Board 49-26] cannot add Board Part xilinx.com:vrk160:part0:1.0 available at D:/Apps/Study/Vivado/2025.2/data/xhub/boards\XilinxBoardStore\boards\Xilinx\vrk160\1.0\board.xml as part xcvr1602-vsva2488-2mp-e-s-es1 specified in board_part file is either invalid or not available
WARNING: [Board 49-26] cannot add Board Part xilinx.com:vrk160:part0:1.1 available at D:/Apps/Study/Vivado/2025.2/data/xhub/boards\XilinxBoardStore\boards\Xilinx\vrk160\1.1\board.xml as part xcvr1602-vsva2488-2mp-e-s-es1 specified in board_part file is either invalid or not available
WARNING: [Board 49-26] cannot add Board Part xilinx.com:zc706:part0:1.4 available at D:/Apps/Study/Vivado/2025.2/data/xhub/boards\XilinxBoardStore\boards\Xilinx\zc706\1.4\board.xml as part xc7z045ffg900-2 specified in board_part file is either invalid or not available
WARNING: [Board 49-26] cannot add Board Part xilinx.com:zc706:part0:1.5 available at D:/Apps/Study/Vivado/2025.2/data/xhub/boards\XilinxBoardStore\boards\Xilinx\zc706\1.5\board.xml as part xc7z045ffg900-2 specified in board_part file is either invalid or not available
WARNING: [Board 49-26] cannot add Board Part xilinx.com:zcu102:part0:3.3 available at D:/Apps/Study/Vivado/2025.2/data/xhub/boards\XilinxBoardStore\boards\Xilinx\zcu102\3.3\board.xml as part xczu9eg-ffvb1156-2-e specified in board_part file is either invalid or not available
WARNING: [Board 49-26] cannot add Board Part xilinx.com:zcu102:part0:3.4 available at D:/Apps/Study/Vivado/2025.2/data/xhub/boards\XilinxBoardStore\boards\Xilinx\zcu102\3.4\board.xml as part xczu9eg-ffvb1156-2-e specified in board_part file is either invalid or not available
WARNING: [Board 49-26] cannot add Board Part xilinx.com:zcu111:part0:1.2 available at D:/Apps/Study/Vivado/2025.2/data/xhub/boards\XilinxBoardStore\boards\Xilinx\zcu111\1.2\board.xml as part xczu28dr-ffvg1517-2-e specified in board_part file is either invalid or not available
WARNING: [Board 49-26] cannot add Board Part xilinx.com:zcu111:part0:1.3 available at D:/Apps/Study/Vivado/2025.2/data/xhub/boards\XilinxBoardStore\boards\Xilinx\zcu111\1.3\board.xml as part xczu28dr-ffvg1517-2-e specified in board_part file is either invalid or not available
WARNING: [Board 49-26] cannot add Board Part xilinx.com:zcu111:part0:1.4 available at D:/Apps/Study/Vivado/2025.2/data/xhub/boards\XilinxBoardStore\boards\Xilinx\zcu111\1.4\board.xml as part xczu28dr-ffvg1517-2-e specified in board_part file is either invalid or not available
WARNING: [Board 49-26] cannot add Board Part xilinx.com:zcu1275:part0:1.0 available at D:/Apps/Study/Vivado/2025.2/data/xhub/boards\XilinxBoardStore\boards\Xilinx\zcu1275\1.0\board.xml as part xczu29dr-ffvf1760-2-e specified in board_part file is either invalid or not available
WARNING: [Board 49-26] cannot add Board Part xilinx.com:zcu1285:part0:1.0 available at D:/Apps/Study/Vivado/2025.2/data/xhub/boards\XilinxBoardStore\boards\Xilinx\zcu1285\1.0\board.xml as part xczu39dr-ffvf1760-2-i specified in board_part file is either invalid or not available
WARNING: [Board 49-26] cannot add Board Part xilinx.com:zcu208:part0:2.0 available at D:/Apps/Study/Vivado/2025.2/data/xhub/boards\XilinxBoardStore\boards\Xilinx\zcu208\production\2.0\board.xml as part xczu48dr-fsvg1517-2-e specified in board_part file is either invalid or not available
WARNING: [Board 49-26] cannot add Board Part xilinx.com:zcu208ld:part0:2.0 available at D:/Apps/Study/Vivado/2025.2/data/xhub/boards\XilinxBoardStore\boards\Xilinx\zcu208ld\production\2.0\board.xml as part xczu58dr-fsvg1517-2-i specified in board_part file is either invalid or not available
WARNING: [Board 49-26] cannot add Board Part xilinx.com:zcu216:part0:2.0 available at D:/Apps/Study/Vivado/2025.2/data/xhub/boards\XilinxBoardStore\boards\Xilinx\zcu216\production\2.0\board.xml as part xczu49dr-ffvf1760-2-e specified in board_part file is either invalid or not available
WARNING: [Board 49-26] cannot add Board Part xilinx.com:zcu216ld:part0:2.0 available at D:/Apps/Study/Vivado/2025.2/data/xhub/boards\XilinxBoardStore\boards\Xilinx\zcu216ld\production\2.0\board.xml as part xczu59dr-ffvf1760-2-i specified in board_part file is either invalid or not available
WARNING: [Board 49-26] cannot add Board Part xilinx.com:zcu670:part0:2.0 available at D:/Apps/Study/Vivado/2025.2/data/xhub/boards\XilinxBoardStore\boards\Xilinx\zcu670\2.0\board.xml as part xczu67dr-fsve1156-2-i specified in board_part file is either invalid or not available
WARNING: [Board 49-26] cannot add Board Part xilinx.com:zcu670ld:part0:1.0 available at D:/Apps/Study/Vivado/2025.2/data/xhub/boards\XilinxBoardStore\boards\Xilinx\zcu670ld\1.0\board.xml as part xczu57dr-fsve1156-2-i specified in board_part file is either invalid or not available
CRITICAL WARNING: [Project 1-19] Could not find the file 'D:/HK6/Project1/testing/matmul_array/matmul/component.xml'.
Scanning sources...
Finished scanning sources
WARNING: [Board 49-26] cannot add Board Part xilinx.com:emb-plus-vpr-4616:part0:1.0 available at D:/Apps/Study/Vivado/2025.2/data/xhub/boards\XilinxBoardStore\boards\Xilinx\emb-plus-vpr-4616\1.0\board.xml as part xcve2302-sfva784-2mp-e-s specified in board_part file is either invalid or not available
WARNING: [Board 49-26] cannot add Board Part xilinx.com:emb-plus-vpr-4616:part0:1.1 available at D:/Apps/Study/Vivado/2025.2/data/xhub/boards\XilinxBoardStore\boards\Xilinx\emb-plus-vpr-4616\1.1\board.xml as part xcve2302-sfva784-2mp-e-s specified in board_part file is either invalid or not available
WARNING: [Board 49-26] cannot add Board Part xilinx.com:kc705:part0:1.6 available at D:/Apps/Study/Vivado/2025.2/data/xhub/boards\XilinxBoardStore\boards\Xilinx\kc705\1.6\board.xml as part xc7k325tffg900-2 specified in board_part file is either invalid or not available
WARNING: [Board 49-26] cannot add Board Part xilinx.com:kc705:part0:1.7 available at D:/Apps/Study/Vivado/2025.2/data/xhub/boards\XilinxBoardStore\boards\Xilinx\kc705\1.7\board.xml as part xc7k325tffg900-2 specified in board_part file is either invalid or not available
WARNING: [Board 49-26] cannot add Board Part xilinx.com:kcu105:part0:1.6 available at D:/Apps/Study/Vivado/2025.2/data/xhub/boards\XilinxBoardStore\boards\Xilinx\kcu105\1.6\board.xml as part xcku040-ffva1156-2-e specified in board_part file is either invalid or not available
WARNING: [Board 49-26] cannot add Board Part xilinx.com:kcu105:part0:1.7 available at D:/Apps/Study/Vivado/2025.2/data/xhub/boards\XilinxBoardStore\boards\Xilinx\kcu105\1.7\board.xml as part xcku040-ffva1156-2-e specified in board_part file is either invalid or not available
WARNING: [Board 49-26] cannot add Board Part xilinx.com:kcu1500:part0:1.2 available at D:/Apps/Study/Vivado/2025.2/data/xhub/boards\XilinxBoardStore\boards\Xilinx\kcu1500\1.2\board.xml as part xcku115-flvb2104-2-e specified in board_part file is either invalid or not available
WARNING: [Board 49-26] cannot add Board Part xilinx.com:v80:part0:1.0 available at D:/Apps/Study/Vivado/2025.2/data/xhub/boards\XilinxBoardStore\boards\Xilinx\v80\1.0\board.xml as part xcv80-lsva4737-2mhp-e-s specified in board_part file is either invalid or not available
WARNING: [Board 49-26] cannot add Board Part xilinx.com:vc707:part0:1.4 available at D:/Apps/Study/Vivado/2025.2/data/xhub/boards\XilinxBoardStore\boards\Xilinx\vc707\1.4\board.xml as part xc7vx485tffg1761-2 specified in board_part file is either invalid or not available
WARNING: [Board 49-26] cannot add Board Part xilinx.com:vc707:part0:1.5 available at D:/Apps/Study/Vivado/2025.2/data/xhub/boards\XilinxBoardStore\boards\Xilinx\vc707\1.5\board.xml as part xc7vx485tffg1761-2 specified in board_part file is either invalid or not available
WARNING: [Board 49-26] cannot add Board Part xilinx.com:vc709:part0:1.8 available at D:/Apps/Study/Vivado/2025.2/data/xhub/boards\XilinxBoardStore\boards\Xilinx\vc709\1.8\board.xml as part xc7vx690tffg1761-2 specified in board_part file is either invalid or not available
WARNING: [Board 49-26] cannot add Board Part xilinx.com:vck190:part0:2.2 available at D:/Apps/Study/Vivado/2025.2/data/xhub/boards\XilinxBoardStore\boards\Xilinx\vck190\production\2.2\board.xml as part xcvc1902-vsva2197-2mp-e-s specified in board_part file is either invalid or not available
WARNING: [Board 49-26] cannot add Board Part xilinx.com:vck190:part0:3.0 available at D:/Apps/Study/Vivado/2025.2/data/xhub/boards\XilinxBoardStore\boards\Xilinx\vck190\production\3.0\board.xml as part xcvc1902-vsva2197-2mp-e-s specified in board_part file is either invalid or not available
WARNING: [Board 49-26] cannot add Board Part xilinx.com:vck190:part0:3.1 available at D:/Apps/Study/Vivado/2025.2/data/xhub/boards\XilinxBoardStore\boards\Xilinx\vck190\production\3.1\board.xml as part xcvc1902-vsva2197-2mp-e-s specified in board_part file is either invalid or not available
WARNING: [Board 49-26] cannot add Board Part xilinx.com:vck190:part0:3.2 available at D:/Apps/Study/Vivado/2025.2/data/xhub/boards\XilinxBoardStore\boards\Xilinx\vck190\production\3.2\board.xml as part xcvc1902-vsva2197-2mp-e-s specified in board_part file is either invalid or not available
WARNING: [Board 49-26] cannot add Board Part xilinx.com:vck190:part0:3.3 available at D:/Apps/Study/Vivado/2025.2/data/xhub/boards\XilinxBoardStore\boards\Xilinx\vck190\production\3.3\board.xml as part xcvc1902-vsva2197-2mp-e-s specified in board_part file is either invalid or not available
WARNING: [Board 49-26] cannot add Board Part xilinx.com:vck190:part0:3.4 available at D:/Apps/Study/Vivado/2025.2/data/xhub/boards\XilinxBoardStore\boards\Xilinx\vck190\production\3.4\board.xml as part xcvc1902-vsva2197-2mp-e-s specified in board_part file is either invalid or not available
WARNING: [Board 49-26] cannot add Board Part xilinx.com:vck190_newl:part0:1.0 available at D:/Apps/Study/Vivado/2025.2/data/xhub/boards\XilinxBoardStore\boards\Xilinx\vck190_newl\production\1.0\board.xml as part xcvc1902-vsva2197-2mp-e-s specified in board_part file is either invalid or not available
WARNING: [Board 49-26] cannot add Board Part xilinx.com:vck190_newl:part0:1.1 available at D:/Apps/Study/Vivado/2025.2/data/xhub/boards\XilinxBoardStore\boards\Xilinx\vck190_newl\production\1.1\board.xml as part xcvc1902-vsva2197-2mp-e-s specified in board_part file is either invalid or not available
WARNING: [Board 49-26] cannot add Board Part xilinx.com:vck190_newl:part0:1.2 available at D:/Apps/Study/Vivado/2025.2/data/xhub/boards\XilinxBoardStore\boards\Xilinx\vck190_newl\production\1.2\board.xml as part xcvc1902-vsva2197-2mp-e-s specified in board_part file is either invalid or not available
WARNING: [Board 49-26] cannot add Board Part xilinx.com:vck190_newl:part0:1.3 available at D:/Apps/Study/Vivado/2025.2/data/xhub/boards\XilinxBoardStore\boards\Xilinx\vck190_newl\production\1.3\board.xml as part xcvc1902-vsva2197-2mp-e-s specified in board_part file is either invalid or not available
WARNING: [Board 49-26] cannot add Board Part xilinx.com:vcu108:part0:1.6 available at D:/Apps/Study/Vivado/2025.2/data/xhub/boards\XilinxBoardStore\boards\Xilinx\vcu108\1.6\board.xml as part xcvu095-ffva2104-2-e specified in board_part file is either invalid or not available
WARNING: [Board 49-26] cannot add Board Part xilinx.com:vcu108:part0:1.7 available at D:/Apps/Study/Vivado/2025.2/data/xhub/boards\XilinxBoardStore\boards\Xilinx\vcu108\1.7\board.xml as part xcvu095-ffva2104-2-e specified in board_part file is either invalid or not available
WARNING: [Board 49-26] cannot add Board Part xilinx.com:vcu110:part0:1.4 available at D:/Apps/Study/Vivado/2025.2/data/xhub/boards\XilinxBoardStore\boards\Xilinx\vcu110\1.4\board.xml as part xcvu190-flgc2104-2-e specified in board_part file is either invalid or not available
WARNING: [Board 49-26] cannot add Board Part xilinx.com:vcu118:part0:2.0 available at D:/Apps/Study/Vivado/2025.2/data/xhub/boards\XilinxBoardStore\boards\Xilinx\vcu118\2.0\board.xml as part xcvu9p-flga2104-2l-e specified in board_part file is either invalid or not available
WARNING: [Board 49-26] cannot add Board Part xilinx.com:vcu118:part0:2.3 available at D:/Apps/Study/Vivado/2025.2/data/xhub/boards\XilinxBoardStore\boards\Xilinx\vcu118\2.3\board.xml as part xcvu9p-flga2104-2l-e specified in board_part file is either invalid or not available
WARNING: [Board 49-26] cannot add Board Part xilinx.com:vcu118:part0:2.4 available at D:/Apps/Study/Vivado/2025.2/data/xhub/boards\XilinxBoardStore\boards\Xilinx\vcu118\2.4\board.xml as part xcvu9p-flga2104-2l-e specified in board_part file is either invalid or not available
WARNING: [Board 49-26] cannot add Board Part xilinx.com:vcu128:part0:1.0 available at D:/Apps/Study/Vivado/2025.2/data/xhub/boards\XilinxBoardStore\boards\Xilinx\vcu128\production\1.0\board.xml as part xcvu37p-fsvh2892-2l-e specified in board_part file is either invalid or not available
WARNING: [Board 49-26] cannot add Board Part xilinx.com:vcu129:part0:1.0 available at D:/Apps/Study/Vivado/2025.2/data/xhub/boards\XilinxBoardStore\boards\Xilinx\vcu129\production\1.0\board.xml as part xcvu29p-fsga2577-2l-e specified in board_part file is either invalid or not available
INFO: [Common 17-14] Message 'Board 49-26' appears 100 times and further instances of the messages will be disabled. Use the Tcl command set_msg_config to change the current settings.
INFO: [IP_Flow 19-234] Refreshing IP repositories
INFO: [IP_Flow 19-1700] Loaded user IP repository 'd:/HK6/Project1/testing/matmul_array'.
WARNING: [IP_Flow 19-3656] If you move the project, the path for repository 'd:/HK6/Project1/testing/matmul_array' may become invalid. A better location for the repository would be in a path adjacent to the project. (Current project location is 'd:/HK6/Project1/testing/matmul_array/matmul'.)
INFO: [IP_Flow 19-2313] Loaded Vivado IP repository 'D:/Apps/Study/Vivado/2025.2/Vivado/data/ip'.
open_project: Time (s): cpu = 00:01:20 ; elapsed = 00:00:53 . Memory (MB): peak = 1768.473 ; gain = 330.664
update_compile_order -fileset sources_1
update_ip_catalog -rebuild -scan_changes
INFO: [IP_Flow 19-234] Refreshing IP repositories
INFO: [IP_Flow 19-1700] Loaded user IP repository 'd:/HK6/Project1/testing/matmul_array'.
WARNING: [IP_Flow 19-3656] If you move the project, the path for repository 'd:/HK6/Project1/testing/matmul_array' may become invalid. A better location for the repository would be in a path adjacent to the project. (Current project location is 'd:/HK6/Project1/testing/matmul_array/matmul'.)
report_ip_status -name ip_status
upgrade_ip -vlnv xilinx.com:user:gemm_accelerator:1.0 [get_ips  gemm_block_gemm_accelerator_0_0] -log ip_upgrade.log
Reading block design file <D:/HK6/Project1/testing/matmul_array/matmul/matmul.srcs/sources_1/bd/gemm_block/gemm_block.bd>...
Adding component instance block -- xilinx.com:ip:zynq_ultra_ps_e:3.5 - zynq_ultra_ps_e_0
Adding component instance block -- xilinx.com:ip:axi_dma:7.1 - axi_dma_0
Adding component instance block -- xilinx.com:user:gemm_accelerator:1.0 - gemm_accelerator_0
Adding component instance block -- xilinx.com:ip:smartconnect:1.0 - axi_smc
Adding component instance block -- xilinx.com:ip:proc_sys_reset:5.0 - rst_ps8_0_99M
Adding component instance block -- xilinx.com:ip:axi_dma:7.1 - axi_dma_1
Adding component instance block -- xilinx.com:ip:smartconnect:1.0 - axi_smc_1
Adding component instance block -- xilinx.com:ip:axi_gpio:2.0 - axi_gpio_0
Excluding slave segment /zynq_ultra_ps_e_0/SAXIGP0/HPC0_DDR_HIGH from address space /axi_dma_0/Data_MM2S.
Excluding slave segment /zynq_ultra_ps_e_0/SAXIGP0/HPC0_LPS_OCM from address space /axi_dma_0/Data_MM2S.
Excluding slave segment /zynq_ultra_ps_e_0/SAXIGP0/HPC0_DDR_HIGH from address space /axi_dma_0/Data_SG.
Excluding slave segment /zynq_ultra_ps_e_0/SAXIGP0/HPC0_LPS_OCM from address space /axi_dma_0/Data_SG.
Excluding slave segment /zynq_ultra_ps_e_0/SAXIGP0/HPC0_DDR_HIGH from address space /axi_dma_1/Data_MM2S.
Excluding slave segment /zynq_ultra_ps_e_0/SAXIGP0/HPC0_LPS_OCM from address space /axi_dma_1/Data_MM2S.
Excluding slave segment /zynq_ultra_ps_e_0/SAXIGP0/HPC0_DDR_HIGH from address space /axi_dma_1/Data_S2MM.
Excluding slave segment /zynq_ultra_ps_e_0/SAXIGP0/HPC0_LPS_OCM from address space /axi_dma_1/Data_S2MM.
Excluding slave segment /zynq_ultra_ps_e_0/SAXIGP0/HPC0_DDR_HIGH from address space /axi_dma_1/Data_SG.
Excluding slave segment /zynq_ultra_ps_e_0/SAXIGP0/HPC0_LPS_OCM from address space /axi_dma_1/Data_SG.
Successfully read diagram <gemm_block> from block design file <D:/HK6/Project1/testing/matmul_array/matmul/matmul.srcs/sources_1/bd/gemm_block/gemm_block.bd>
Upgrading 'D:/HK6/Project1/testing/matmul_array/matmul/matmul.srcs/sources_1/bd/gemm_block/gemm_block.bd'
INFO: [IP_Flow 19-3420] Updated gemm_block_gemm_accelerator_0_0 to use current project options
Wrote  : <D:\HK6\Project1\testing\matmul_array\matmul\matmul.srcs\sources_1\bd\gemm_block\gemm_block.bd> 
INFO: [Coretcl 2-1525] Wrote upgrade log to 'D:/HK6/Project1/testing/matmul_array/matmul/ip_upgrade.log'.
upgrade_ip: Time (s): cpu = 00:00:21 ; elapsed = 00:00:21 . Memory (MB): peak = 1993.094 ; gain = 186.840
export_ip_user_files -of_objects [get_ips gemm_block_gemm_accelerator_0_0] -no_script -sync -force -quiet
generate_target all [get_files  D:/HK6/Project1/testing/matmul_array/matmul/matmul.srcs/sources_1/bd/gemm_block/gemm_block.bd]
WARNING: [BD 41-1629] Slave segment </zynq_ultra_ps_e_0/SAXIGP0/HPC0_DDR_HIGH> is excluded from all addressing paths.
WARNING: [BD 41-1629] Slave segment </zynq_ultra_ps_e_0/SAXIGP0/HPC0_LPS_OCM> is excluded from all addressing paths.
WARNING: [BD 41-3281] Instance '/axi_dma_0' is connected on both sides by SmartConnects and cannot automatically configure itself to match the endpoints. Please manually configure its AXI interfaces as required for the design.
WARNING: [BD 41-3281] Instance '/axi_dma_1' is connected on both sides by SmartConnects and cannot automatically configure itself to match the endpoints. Please manually configure its AXI interfaces as required for the design.
WARNING: [BD 41-3281] Instance '/zynq_ultra_ps_e_0' is connected on both sides by SmartConnects and cannot automatically configure itself to match the endpoints. Please manually configure its AXI interfaces as required for the design.
Excluding slave segment /zynq_ultra_ps_e_0/SAXIGP0/HPC0_DDR_HIGH from address space /axi_dma_0/Data_MM2S.
Excluding slave segment /zynq_ultra_ps_e_0/SAXIGP0/HPC0_DDR_HIGH from address space /axi_dma_1/Data_MM2S.
Excluding slave segment /zynq_ultra_ps_e_0/SAXIGP0/HPC0_DDR_HIGH from address space /axi_dma_1/Data_S2MM.
Excluding slave segment /zynq_ultra_ps_e_0/SAXIGP0/HPC0_LPS_OCM from address space /axi_dma_0/Data_MM2S.
Excluding slave segment /zynq_ultra_ps_e_0/SAXIGP0/HPC0_LPS_OCM from address space /axi_dma_1/Data_MM2S.
Excluding slave segment /zynq_ultra_ps_e_0/SAXIGP0/HPC0_LPS_OCM from address space /axi_dma_1/Data_S2MM.
Excluding slave segment /zynq_ultra_ps_e_0/SAXIGP0/HPC0_DDR_HIGH from address space /axi_dma_0/Data_MM2S.
Excluding slave segment /zynq_ultra_ps_e_0/SAXIGP0/HPC0_LPS_OCM from address space /axi_dma_0/Data_MM2S.
Excluding slave segment /zynq_ultra_ps_e_0/SAXIGP0/HPC0_DDR_HIGH from address space /axi_dma_1/Data_MM2S.
Excluding slave segment /zynq_ultra_ps_e_0/SAXIGP0/HPC0_DDR_HIGH from address space /axi_dma_1/Data_S2MM.
Excluding slave segment /zynq_ultra_ps_e_0/SAXIGP0/HPC0_LPS_OCM from address space /axi_dma_1/Data_MM2S.
Excluding slave segment /zynq_ultra_ps_e_0/SAXIGP0/HPC0_LPS_OCM from address space /axi_dma_1/Data_S2MM.
Excluding slave segment /zynq_ultra_ps_e_0/SAXIGP0/HPC0_DDR_HIGH from address space /axi_dma_1/Data_MM2S.
Excluding slave segment /zynq_ultra_ps_e_0/SAXIGP0/HPC0_DDR_HIGH from address space /axi_dma_1/Data_S2MM.
Excluding slave segment /zynq_ultra_ps_e_0/SAXIGP0/HPC0_LPS_OCM from address space /axi_dma_1/Data_MM2S.
Excluding slave segment /zynq_ultra_ps_e_0/SAXIGP0/HPC0_LPS_OCM from address space /axi_dma_1/Data_S2MM.
Excluding slave segment /zynq_ultra_ps_e_0/SAXIGP0/HPC0_DDR_HIGH from address space /axi_dma_0/Data_MM2S.
Excluding slave segment /zynq_ultra_ps_e_0/SAXIGP0/HPC0_DDR_HIGH from address space /axi_dma_1/Data_MM2S.
Excluding slave segment /zynq_ultra_ps_e_0/SAXIGP0/HPC0_DDR_HIGH from address space /axi_dma_1/Data_S2MM.
Excluding slave segment /zynq_ultra_ps_e_0/SAXIGP0/HPC0_LPS_OCM from address space /axi_dma_0/Data_MM2S.
Excluding slave segment /zynq_ultra_ps_e_0/SAXIGP0/HPC0_LPS_OCM from address space /axi_dma_1/Data_MM2S.
Excluding slave segment /zynq_ultra_ps_e_0/SAXIGP0/HPC0_LPS_OCM from address space /axi_dma_1/Data_S2MM.
INFO: [BD 5-943] Reserving offset range <0xB000_0000 [ 64K ]> from slave interface '/axi_smc/S00_AXI' to master interface '/axi_smc/M00_AXI'. This will be used by smartconnect on path for routing.
INFO: [BD 5-943] Reserving offset range <0xB001_0000 [ 64K ]> from slave interface '/axi_smc/S00_AXI' to master interface '/axi_smc/M01_AXI'. This will be used by smartconnect on path for routing.
INFO: [BD 5-943] Reserving offset range <0xA000_0000 [ 64K ]> from slave interface '/axi_smc/S01_AXI' to master interface '/axi_smc/M02_AXI'. This will be used by smartconnect on path for routing.
INFO: [BD 5-943] Reserving offset range <0xB000_0000 [ 64K ]> from slave interface '/axi_smc/S00_AXI' to master interface '/axi_smc/M00_AXI'. This will be used by smartconnect on path for routing.
INFO: [BD 5-943] Reserving offset range <0xB001_0000 [ 64K ]> from slave interface '/axi_smc/S00_AXI' to master interface '/axi_smc/M01_AXI'. This will be used by smartconnect on path for routing.
INFO: [BD 5-943] Reserving offset range <0xA000_0000 [ 64K ]> from slave interface '/axi_smc/S01_AXI' to master interface '/axi_smc/M02_AXI'. This will be used by smartconnect on path for routing.
INFO: [xilinx.com:ip:smartconnect:1.0-1] gemm_block_axi_smc_0: SmartConnect gemm_block_axi_smc_0 is in Low-Area Mode.
INFO: [Ipptcl 7-1463] No Compatible Board Interface found. Board Tab not created in customize GUI
xit::source_ipfile: Time (s): cpu = 00:00:08 ; elapsed = 00:00:08 . Memory (MB): peak = 2044.789 ; gain = 48.484
xit::source_ipfile: Time (s): cpu = 00:00:09 ; elapsed = 00:00:08 . Memory (MB): peak = 2054.262 ; gain = 9.473
INFO: [BD 5-943] Reserving offset range <0x0000_0000 [ 2G ]> from slave interface '/axi_smc_1/S00_AXI' to master interface '/axi_smc_1/M00_AXI'. This will be used by smartconnect on path for routing.
INFO: [BD 5-943] Reserving offset range <0xC000_0000 [ 512M ]> from slave interface '/axi_smc_1/S00_AXI' to master interface '/axi_smc_1/M00_AXI'. This will be used by smartconnect on path for routing.
INFO: [BD 5-943] Reserving offset range <0x0000_0000 [ 2G ]> from slave interface '/axi_smc_1/S02_AXI' to master interface '/axi_smc_1/M00_AXI'. This will be used by smartconnect on path for routing.
INFO: [BD 5-943] Reserving offset range <0xC000_0000 [ 512M ]> from slave interface '/axi_smc_1/S02_AXI' to master interface '/axi_smc_1/M00_AXI'. This will be used by smartconnect on path for routing.
INFO: [BD 5-943] Reserving offset range <0x0000_0000 [ 2G ]> from slave interface '/axi_smc_1/S03_AXI' to master interface '/axi_smc_1/M00_AXI'. This will be used by smartconnect on path for routing.
INFO: [BD 5-943] Reserving offset range <0xC000_0000 [ 512M ]> from slave interface '/axi_smc_1/S03_AXI' to master interface '/axi_smc_1/M00_AXI'. This will be used by smartconnect on path for routing.
INFO: [BD 5-943] Reserving offset range <0x0000_0000 [ 2G ]> from slave interface '/axi_smc_1/S00_AXI' to master interface '/axi_smc_1/M00_AXI'. This will be used by smartconnect on path for routing.
INFO: [BD 5-943] Reserving offset range <0xC000_0000 [ 512M ]> from slave interface '/axi_smc_1/S00_AXI' to master interface '/axi_smc_1/M00_AXI'. This will be used by smartconnect on path for routing.
INFO: [BD 5-943] Reserving offset range <0x0000_0000 [ 2G ]> from slave interface '/axi_smc_1/S02_AXI' to master interface '/axi_smc_1/M00_AXI'. This will be used by smartconnect on path for routing.
INFO: [BD 5-943] Reserving offset range <0xC000_0000 [ 512M ]> from slave interface '/axi_smc_1/S02_AXI' to master interface '/axi_smc_1/M00_AXI'. This will be used by smartconnect on path for routing.
INFO: [BD 5-943] Reserving offset range <0x0000_0000 [ 2G ]> from slave interface '/axi_smc_1/S03_AXI' to master interface '/axi_smc_1/M00_AXI'. This will be used by smartconnect on path for routing.
INFO: [BD 5-943] Reserving offset range <0xC000_0000 [ 512M ]> from slave interface '/axi_smc_1/S03_AXI' to master interface '/axi_smc_1/M00_AXI'. This will be used by smartconnect on path for routing.
INFO: [xilinx.com:ip:smartconnect:1.0-1] gemm_block_axi_smc_1_0: SmartConnect gemm_block_axi_smc_1_0 is in High-performance Mode.
INFO: [Ipptcl 7-1463] No Compatible Board Interface found. Board Tab not created in customize GUI
xit::source_ipfile: Time (s): cpu = 00:00:09 ; elapsed = 00:00:07 . Memory (MB): peak = 2080.266 ; gain = 23.887
xit::source_ipfile: Time (s): cpu = 00:00:05 ; elapsed = 00:00:05 . Memory (MB): peak = 2098.074 ; gain = 17.809
Excluding slave segment /zynq_ultra_ps_e_0/SAXIGP0/HPC0_DDR_HIGH from address space /axi_dma_1/Data_MM2S.
Excluding slave segment /zynq_ultra_ps_e_0/SAXIGP0/HPC0_DDR_HIGH from address space /axi_dma_1/Data_S2MM.
Excluding slave segment /zynq_ultra_ps_e_0/SAXIGP0/HPC0_LPS_OCM from address space /axi_dma_1/Data_MM2S.
Excluding slave segment /zynq_ultra_ps_e_0/SAXIGP0/HPC0_LPS_OCM from address space /axi_dma_1/Data_S2MM.
Excluding slave segment /zynq_ultra_ps_e_0/SAXIGP0/HPC0_DDR_HIGH from address space /axi_dma_0/Data_MM2S.
Excluding slave segment /zynq_ultra_ps_e_0/SAXIGP0/HPC0_DDR_HIGH from address space /axi_dma_1/Data_MM2S.
Excluding slave segment /zynq_ultra_ps_e_0/SAXIGP0/HPC0_DDR_HIGH from address space /axi_dma_1/Data_S2MM.
Excluding slave segment /zynq_ultra_ps_e_0/SAXIGP0/HPC0_LPS_OCM from address space /axi_dma_0/Data_MM2S.
Excluding slave segment /zynq_ultra_ps_e_0/SAXIGP0/HPC0_LPS_OCM from address space /axi_dma_1/Data_MM2S.
Excluding slave segment /zynq_ultra_ps_e_0/SAXIGP0/HPC0_LPS_OCM from address space /axi_dma_1/Data_S2MM.
WARNING: [BD 41-237] Bus Interface property AWUSER_WIDTH does not match between /zynq_ultra_ps_e_0/S_AXI_HPC0_FPD(1) and /axi_smc_1/M00_AXI(0)
WARNING: [BD 41-237] Bus Interface property ARUSER_WIDTH does not match between /zynq_ultra_ps_e_0/S_AXI_HPC0_FPD(1) and /axi_smc_1/M00_AXI(0)
WARNING: [BD 41-2671] The dangling interface net <m00_aw_node_M_AXIS_ARB> will not be written out to the BD file.
WARNING: [BD 41-2671] The dangling interface net <m01_aw_node_M_AXIS_ARB> will not be written out to the BD file.
WARNING: [BD 41-2671] The dangling interface net <m02_aw_node_M_AXIS_ARB> will not be written out to the BD file.
Wrote  : <D:\HK6\Project1\testing\matmul_array\matmul\matmul.srcs\sources_1\bd\gemm_block\gemm_block.bd> 
Wrote  : <D:/HK6/Project1/testing/matmul_array/matmul/matmul.srcs/sources_1/bd/gemm_block/ui/bd_a58075cc.ui> 
Verilog Output written to : d:/HK6/Project1/testing/matmul_array/matmul/matmul.gen/sources_1/bd/gemm_block/synth/gemm_block.v
Verilog Output written to : d:/HK6/Project1/testing/matmul_array/matmul/matmul.gen/sources_1/bd/gemm_block/sim/gemm_block.v
Verilog Output written to : d:/HK6/Project1/testing/matmul_array/matmul/matmul.gen/sources_1/bd/gemm_block/hdl/gemm_block_wrapper.v
INFO: [BD 41-1029] Generation completed for the IP Integrator block gemm_accelerator_0 .
Exporting to file d:/HK6/Project1/testing/matmul_array/matmul/matmul.gen/sources_1/bd/gemm_block/ip/gemm_block_axi_smc_0/bd_0/hw_handoff/gemm_block_axi_smc_0.hwh
Generated Hardware Definition File d:/HK6/Project1/testing/matmul_array/matmul/matmul.gen/sources_1/bd/gemm_block/ip/gemm_block_axi_smc_0/bd_0/synth/gemm_block_axi_smc_0.hwdef
Exporting to file d:/HK6/Project1/testing/matmul_array/matmul/matmul.gen/sources_1/bd/gemm_block/ip/gemm_block_axi_smc_1_0/bd_0/hw_handoff/gemm_block_axi_smc_1_0.hwh
Generated Hardware Definition File d:/HK6/Project1/testing/matmul_array/matmul/matmul.gen/sources_1/bd/gemm_block/ip/gemm_block_axi_smc_1_0/bd_0/synth/gemm_block_axi_smc_1_0.hwdef
Exporting to file d:/HK6/Project1/testing/matmul_array/matmul/matmul.gen/sources_1/bd/gemm_block/hw_handoff/gemm_block.hwh
Generated Hardware Definition File d:/HK6/Project1/testing/matmul_array/matmul/matmul.gen/sources_1/bd/gemm_block/synth/gemm_block.hwdef
INFO: [BD 41-3262] Generated VHDL Instantiation Template file d:/HK6/Project1/testing/matmul_array/matmul/matmul.gen/sources_1/bd/gemm_block/gemm_block.vho
INFO: [BD 41-3262] Generated Verilog Instantiation Template file d:/HK6/Project1/testing/matmul_array/matmul/matmul.gen/sources_1/bd/gemm_block/gemm_block.veo
INFO: [BD 41-3262] Generated System Verilog Instantiation Template file d:/HK6/Project1/testing/matmul_array/matmul/matmul.gen/sources_1/bd/gemm_block/gemm_block_sv.sveo
generate_target: Time (s): cpu = 00:00:55 ; elapsed = 00:01:07 . Memory (MB): peak = 2149.168 ; gain = 156.074
export_ip_user_files -of_objects [get_files D:/HK6/Project1/testing/matmul_array/matmul/matmul.srcs/sources_1/bd/gemm_block/gemm_block.bd] -no_script -sync -force -quiet
export_simulation -lib_map_path [list {modelsim=D:/HK6/Project1/testing/matmul_array/matmul/matmul.cache/compile_simlib/modelsim} {questa=D:/HK6/Project1/testing/matmul_array/matmul/matmul.cache/compile_simlib/questa} {riviera=D:/HK6/Project1/testing/matmul_array/matmul/matmul.cache/compile_simlib/riviera} {activehdl=D:/HK6/Project1/testing/matmul_array/matmul/matmul.cache/compile_simlib/activehdl}] -of_objects [get_files D:/HK6/Project1/testing/matmul_array/matmul/matmul.srcs/sources_1/bd/gemm_block/gemm_block.bd] -directory D:/HK6/Project1/testing/matmul_array/matmul/matmul.ip_user_files/sim_scripts -ip_user_files_dir D:/HK6/Project1/testing/matmul_array/matmul/matmul.ip_user_files -ipstatic_source_dir D:/HK6/Project1/testing/matmul_array/matmul/matmul.ip_user_files/ipstatic -use_ip_compiled_libs -force -quiet
ipx::edit_ip_in_project -upgrade true -name gemm_accelerator_v1_0_project -directory D:/HK6/Project1/testing/matmul_array/matmul/matmul.tmp/gemm_accelerator_v1_0_project d:/HK6/Project1/testing/matmul_array/component.xml
INFO: [ProjectBase 1-489] The host OS only allows 260 characters in a normal path. The project is stored in a path with more than 80 characters. If you experience issues with IP, Block Designs, or files not being found, please consider moving the project to a location with a shorter path. Alternately consider using the OS subst command to map part of the path to a drive letter.
Current project path is 'd:/hk6/project1/testing/matmul_array/matmul/matmul.tmp/gemm_accelerator_v1_0_project'
INFO: [IP_Flow 19-234] Refreshing IP repositories
INFO: [IP_Flow 19-1704] No user IP repositories specified
INFO: [IP_Flow 19-2313] Loaded Vivado IP repository 'D:/Apps/Study/Vivado/2025.2/Vivado/data/ip'.
WARNING: [Board 49-26] cannot add Board Part xilinx.com:emb-plus-vpr-4616:part0:1.0 available at D:/Apps/Study/Vivado/2025.2/data/xhub/boards\XilinxBoardStore\boards\Xilinx\emb-plus-vpr-4616\1.0\board.xml as part xcve2302-sfva784-2mp-e-s specified in board_part file is either invalid or not available
WARNING: [Board 49-26] cannot add Board Part xilinx.com:emb-plus-vpr-4616:part0:1.1 available at D:/Apps/Study/Vivado/2025.2/data/xhub/boards\XilinxBoardStore\boards\Xilinx\emb-plus-vpr-4616\1.1\board.xml as part xcve2302-sfva784-2mp-e-s specified in board_part file is either invalid or not available
WARNING: [Board 49-26] cannot add Board Part xilinx.com:kc705:part0:1.6 available at D:/Apps/Study/Vivado/2025.2/data/xhub/boards\XilinxBoardStore\boards\Xilinx\kc705\1.6\board.xml as part xc7k325tffg900-2 specified in board_part file is either invalid or not available
WARNING: [Board 49-26] cannot add Board Part xilinx.com:kc705:part0:1.7 available at D:/Apps/Study/Vivado/2025.2/data/xhub/boards\XilinxBoardStore\boards\Xilinx\kc705\1.7\board.xml as part xc7k325tffg900-2 specified in board_part file is either invalid or not available
WARNING: [Board 49-26] cannot add Board Part xilinx.com:kcu105:part0:1.6 available at D:/Apps/Study/Vivado/2025.2/data/xhub/boards\XilinxBoardStore\boards\Xilinx\kcu105\1.6\board.xml as part xcku040-ffva1156-2-e specified in board_part file is either invalid or not available
WARNING: [Board 49-26] cannot add Board Part xilinx.com:kcu105:part0:1.7 available at D:/Apps/Study/Vivado/2025.2/data/xhub/boards\XilinxBoardStore\boards\Xilinx\kcu105\1.7\board.xml as part xcku040-ffva1156-2-e specified in board_part file is either invalid or not available
WARNING: [Board 49-26] cannot add Board Part xilinx.com:kcu1500:part0:1.2 available at D:/Apps/Study/Vivado/2025.2/data/xhub/boards\XilinxBoardStore\boards\Xilinx\kcu1500\1.2\board.xml as part xcku115-flvb2104-2-e specified in board_part file is either invalid or not available
WARNING: [Board 49-26] cannot add Board Part xilinx.com:v80:part0:1.0 available at D:/Apps/Study/Vivado/2025.2/data/xhub/boards\XilinxBoardStore\boards\Xilinx\v80\1.0\board.xml as part xcv80-lsva4737-2mhp-e-s specified in board_part file is either invalid or not available
WARNING: [Board 49-26] cannot add Board Part xilinx.com:vc707:part0:1.4 available at D:/Apps/Study/Vivado/2025.2/data/xhub/boards\XilinxBoardStore\boards\Xilinx\vc707\1.4\board.xml as part xc7vx485tffg1761-2 specified in board_part file is either invalid or not available
WARNING: [Board 49-26] cannot add Board Part xilinx.com:vc707:part0:1.5 available at D:/Apps/Study/Vivado/2025.2/data/xhub/boards\XilinxBoardStore\boards\Xilinx\vc707\1.5\board.xml as part xc7vx485tffg1761-2 specified in board_part file is either invalid or not available
WARNING: [Board 49-26] cannot add Board Part xilinx.com:vc709:part0:1.8 available at D:/Apps/Study/Vivado/2025.2/data/xhub/boards\XilinxBoardStore\boards\Xilinx\vc709\1.8\board.xml as part xc7vx690tffg1761-2 specified in board_part file is either invalid or not available
WARNING: [Board 49-26] cannot add Board Part xilinx.com:vck190:part0:2.2 available at D:/Apps/Study/Vivado/2025.2/data/xhub/boards\XilinxBoardStore\boards\Xilinx\vck190\production\2.2\board.xml as part xcvc1902-vsva2197-2mp-e-s specified in board_part file is either invalid or not available
WARNING: [Board 49-26] cannot add Board Part xilinx.com:vck190:part0:3.0 available at D:/Apps/Study/Vivado/2025.2/data/xhub/boards\XilinxBoardStore\boards\Xilinx\vck190\production\3.0\board.xml as part xcvc1902-vsva2197-2mp-e-s specified in board_part file is either invalid or not available
WARNING: [Board 49-26] cannot add Board Part xilinx.com:vck190:part0:3.1 available at D:/Apps/Study/Vivado/2025.2/data/xhub/boards\XilinxBoardStore\boards\Xilinx\vck190\production\3.1\board.xml as part xcvc1902-vsva2197-2mp-e-s specified in board_part file is either invalid or not available
WARNING: [Board 49-26] cannot add Board Part xilinx.com:vck190:part0:3.2 available at D:/Apps/Study/Vivado/2025.2/data/xhub/boards\XilinxBoardStore\boards\Xilinx\vck190\production\3.2\board.xml as part xcvc1902-vsva2197-2mp-e-s specified in board_part file is either invalid or not available
WARNING: [Board 49-26] cannot add Board Part xilinx.com:vck190:part0:3.3 available at D:/Apps/Study/Vivado/2025.2/data/xhub/boards\XilinxBoardStore\boards\Xilinx\vck190\production\3.3\board.xml as part xcvc1902-vsva2197-2mp-e-s specified in board_part file is either invalid or not available
WARNING: [Board 49-26] cannot add Board Part xilinx.com:vck190:part0:3.4 available at D:/Apps/Study/Vivado/2025.2/data/xhub/boards\XilinxBoardStore\boards\Xilinx\vck190\production\3.4\board.xml as part xcvc1902-vsva2197-2mp-e-s specified in board_part file is either invalid or not available
WARNING: [Board 49-26] cannot add Board Part xilinx.com:vck190_newl:part0:1.0 available at D:/Apps/Study/Vivado/2025.2/data/xhub/boards\XilinxBoardStore\boards\Xilinx\vck190_newl\production\1.0\board.xml as part xcvc1902-vsva2197-2mp-e-s specified in board_part file is either invalid or not available
WARNING: [Board 49-26] cannot add Board Part xilinx.com:vck190_newl:part0:1.1 available at D:/Apps/Study/Vivado/2025.2/data/xhub/boards\XilinxBoardStore\boards\Xilinx\vck190_newl\production\1.1\board.xml as part xcvc1902-vsva2197-2mp-e-s specified in board_part file is either invalid or not available
WARNING: [Board 49-26] cannot add Board Part xilinx.com:vck190_newl:part0:1.2 available at D:/Apps/Study/Vivado/2025.2/data/xhub/boards\XilinxBoardStore\boards\Xilinx\vck190_newl\production\1.2\board.xml as part xcvc1902-vsva2197-2mp-e-s specified in board_part file is either invalid or not available
WARNING: [Board 49-26] cannot add Board Part xilinx.com:vck190_newl:part0:1.3 available at D:/Apps/Study/Vivado/2025.2/data/xhub/boards\XilinxBoardStore\boards\Xilinx\vck190_newl\production\1.3\board.xml as part xcvc1902-vsva2197-2mp-e-s specified in board_part file is either invalid or not available
WARNING: [Board 49-26] cannot add Board Part xilinx.com:vcu108:part0:1.6 available at D:/Apps/Study/Vivado/2025.2/data/xhub/boards\XilinxBoardStore\boards\Xilinx\vcu108\1.6\board.xml as part xcvu095-ffva2104-2-e specified in board_part file is either invalid or not available
WARNING: [Board 49-26] cannot add Board Part xilinx.com:vcu108:part0:1.7 available at D:/Apps/Study/Vivado/2025.2/data/xhub/boards\XilinxBoardStore\boards\Xilinx\vcu108\1.7\board.xml as part xcvu095-ffva2104-2-e specified in board_part file is either invalid or not available
WARNING: [Board 49-26] cannot add Board Part xilinx.com:vcu110:part0:1.4 available at D:/Apps/Study/Vivado/2025.2/data/xhub/boards\XilinxBoardStore\boards\Xilinx\vcu110\1.4\board.xml as part xcvu190-flgc2104-2-e specified in board_part file is either invalid or not available
WARNING: [Board 49-26] cannot add Board Part xilinx.com:vcu118:part0:2.0 available at D:/Apps/Study/Vivado/2025.2/data/xhub/boards\XilinxBoardStore\boards\Xilinx\vcu118\2.0\board.xml as part xcvu9p-flga2104-2l-e specified in board_part file is either invalid or not available
WARNING: [Board 49-26] cannot add Board Part xilinx.com:vcu118:part0:2.3 available at D:/Apps/Study/Vivado/2025.2/data/xhub/boards\XilinxBoardStore\boards\Xilinx\vcu118\2.3\board.xml as part xcvu9p-flga2104-2l-e specified in board_part file is either invalid or not available
WARNING: [Board 49-26] cannot add Board Part xilinx.com:vcu118:part0:2.4 available at D:/Apps/Study/Vivado/2025.2/data/xhub/boards\XilinxBoardStore\boards\Xilinx\vcu118\2.4\board.xml as part xcvu9p-flga2104-2l-e specified in board_part file is either invalid or not available
WARNING: [Board 49-26] cannot add Board Part xilinx.com:vcu128:part0:1.0 available at D:/Apps/Study/Vivado/2025.2/data/xhub/boards\XilinxBoardStore\boards\Xilinx\vcu128\production\1.0\board.xml as part xcvu37p-fsvh2892-2l-e specified in board_part file is either invalid or not available
WARNING: [Board 49-26] cannot add Board Part xilinx.com:vcu129:part0:1.0 available at D:/Apps/Study/Vivado/2025.2/data/xhub/boards\XilinxBoardStore\boards\Xilinx\vcu129\production\1.0\board.xml as part xcvu29p-fsga2577-2l-e specified in board_part file is either invalid or not available
WARNING: [Board 49-26] cannot add Board Part xilinx.com:vcu1525:part0:1.3 available at D:/Apps/Study/Vivado/2025.2/data/xhub/boards\XilinxBoardStore\boards\Xilinx\vcu1525\1.3\board.xml as part xcvu9p-fsgd2104-2l-e specified in board_part file is either invalid or not available
WARNING: [Board 49-26] cannot add Board Part xilinx.com:vek280:part0:1.0 available at D:/Apps/Study/Vivado/2025.2/data/xhub/boards\XilinxBoardStore\boards\Xilinx\vek280\production\1.0\board.xml as part xcve2802-vsvh1760-2mp-e-s specified in board_part file is either invalid or not available
WARNING: [Board 49-26] cannot add Board Part xilinx.com:vek280:part0:1.1 available at D:/Apps/Study/Vivado/2025.2/data/xhub/boards\XilinxBoardStore\boards\Xilinx\vek280\production\1.1\board.xml as part xcve2802-vsvh1760-2mp-e-s specified in board_part file is either invalid or not available
WARNING: [Board 49-26] cannot add Board Part xilinx.com:vek280:part0:1.2 available at D:/Apps/Study/Vivado/2025.2/data/xhub/boards\XilinxBoardStore\boards\Xilinx\vek280\production\1.2\board.xml as part xcve2802-vsvh1760-2mp-e-s specified in board_part file is either invalid or not available
WARNING: [Board 49-26] cannot add Board Part xilinx.com:vek385:part0:1.0 available at D:/Apps/Study/Vivado/2025.2/data/xhub/boards\XilinxBoardStore\boards\Xilinx\vek385\1.0\board.xml as part xc2ve3858-ssva2112-2mp-e-s specified in board_part file is either invalid or not available
WARNING: [Board 49-26] cannot add Board Part xilinx.com:vek385:part0:1.1 available at D:/Apps/Study/Vivado/2025.2/data/xhub/boards\XilinxBoardStore\boards\Xilinx\vek385\1.1\board.xml as part xc2ve3858-ssva2112-2mp-e-s specified in board_part file is either invalid or not available
WARNING: [Board 49-26] cannot add Board Part xilinx.com:vek385_1:part0:1.0 available at D:/Apps/Study/Vivado/2025.2/data/xhub/boards\XilinxBoardStore\boards\Xilinx\vek385_2\1.0\board.xml as part xc2ve3858-ssva2112-2mp-e-s specified in board_part file is either invalid or not available
WARNING: [Board 49-26] cannot add Board Part xilinx.com:vermeo_t1_mpsoc:part0:1.0 available at D:/Apps/Study/Vivado/2025.2/data/xhub/boards\XilinxBoardStore\boards\Xilinx\vermeo_t1_mpsoc\1.0\board.xml as part xczu19eg-ffvd1760-2l-e specified in board_part file is either invalid or not available
WARNING: [Board 49-26] cannot add Board Part xilinx.com:vermeo_t1_rfsoc:part0:1.0 available at D:/Apps/Study/Vivado/2025.2/data/xhub/boards\XilinxBoardStore\boards\Xilinx\vermeo_t1_rfsoc\1.0\board.xml as part xczu21dr-ffvd1156-2l-e specified in board_part file is either invalid or not available
WARNING: [Board 49-26] cannot add Board Part xilinx.com:vhk158:part0:1.0 available at D:/Apps/Study/Vivado/2025.2/data/xhub/boards\XilinxBoardStore\boards\Xilinx\vhk158\production\1.0\board.xml as part xcvh1582-vsva3697-2mp-e-s specified in board_part file is either invalid or not available
WARNING: [Board 49-26] cannot add Board Part xilinx.com:vhk158:part0:1.1 available at D:/Apps/Study/Vivado/2025.2/data/xhub/boards\XilinxBoardStore\boards\Xilinx\vhk158\production\1.1\board.xml as part xcvh1582-vsva3697-2mp-e-s specified in board_part file is either invalid or not available
WARNING: [Board 49-26] cannot add Board Part xilinx.com:vhk158:part0:1.2 available at D:/Apps/Study/Vivado/2025.2/data/xhub/boards\XilinxBoardStore\boards\Xilinx\vhk158\production\1.2\board.xml as part xcvh1582-vsva3697-2mp-e-s specified in board_part file is either invalid or not available
WARNING: [Board 49-26] cannot add Board Part xilinx.com:vmk180:part0:2.2 available at D:/Apps/Study/Vivado/2025.2/data/xhub/boards\XilinxBoardStore\boards\Xilinx\vmk180\production\2.2\board.xml as part xcvm1802-vsva2197-2mp-e-s specified in board_part file is either invalid or not available
WARNING: [Board 49-26] cannot add Board Part xilinx.com:vmk180:part0:3.0 available at D:/Apps/Study/Vivado/2025.2/data/xhub/boards\XilinxBoardStore\boards\Xilinx\vmk180\production\3.0\board.xml as part xcvm1802-vsva2197-2mp-e-s specified in board_part file is either invalid or not available
WARNING: [Board 49-26] cannot add Board Part xilinx.com:vmk180:part0:3.1 available at D:/Apps/Study/Vivado/2025.2/data/xhub/boards\XilinxBoardStore\boards\Xilinx\vmk180\production\3.1\board.xml as part xcvm1802-vsva2197-2mp-e-s specified in board_part file is either invalid or not available
WARNING: [Board 49-26] cannot add Board Part xilinx.com:vmk180:part0:3.2 available at D:/Apps/Study/Vivado/2025.2/data/xhub/boards\XilinxBoardStore\boards\Xilinx\vmk180\production\3.2\board.xml as part xcvm1802-vsva2197-2mp-e-s specified in board_part file is either invalid or not available
WARNING: [Board 49-26] cannot add Board Part xilinx.com:vmk180:part0:3.3 available at D:/Apps/Study/Vivado/2025.2/data/xhub/boards\XilinxBoardStore\boards\Xilinx\vmk180\production\3.3\board.xml as part xcvm1802-vsva2197-2mp-e-s specified in board_part file is either invalid or not available
WARNING: [Board 49-26] cannot add Board Part xilinx.com:vmk180_newl:part0:1.0 available at D:/Apps/Study/Vivado/2025.2/data/xhub/boards\XilinxBoardStore\boards\Xilinx\vmk180_newl\production\1.0\board.xml as part xcvm1802-vsva2197-2mp-e-s specified in board_part file is either invalid or not available
WARNING: [Board 49-26] cannot add Board Part xilinx.com:vmk180_newl:part0:1.1 available at D:/Apps/Study/Vivado/2025.2/data/xhub/boards\XilinxBoardStore\boards\Xilinx\vmk180_newl\production\1.1\board.xml as part xcvm1802-vsva2197-2mp-e-s specified in board_part file is either invalid or not available
WARNING: [Board 49-26] cannot add Board Part xilinx.com:vpk120:part0:1.0 available at D:/Apps/Study/Vivado/2025.2/data/xhub/boards\XilinxBoardStore\boards\Xilinx\vpk120\production\1.0\board.xml as part xcvp1202-vsva2785-2mp-e-s specified in board_part file is either invalid or not available
WARNING: [Board 49-26] cannot add Board Part xilinx.com:vpk120:part0:1.1 available at D:/Apps/Study/Vivado/2025.2/data/xhub/boards\XilinxBoardStore\boards\Xilinx\vpk120\production\1.1\board.xml as part xcvp1202-vsva2785-2mp-e-s specified in board_part file is either invalid or not available
WARNING: [Board 49-26] cannot add Board Part xilinx.com:vpk120:part0:1.2 available at D:/Apps/Study/Vivado/2025.2/data/xhub/boards\XilinxBoardStore\boards\Xilinx\vpk120\production\1.2\board.xml as part xcvp1202-vsva2785-2mp-e-s specified in board_part file is either invalid or not available
WARNING: [Board 49-26] cannot add Board Part xilinx.com:vpk180:part0:1.0 available at D:/Apps/Study/Vivado/2025.2/data/xhub/boards\XilinxBoardStore\boards\Xilinx\vpk180\production\1.0\board.xml as part xcvp1802-lsvc4072-2mp-e-s specified in board_part file is either invalid or not available
WARNING: [Board 49-26] cannot add Board Part xilinx.com:vpk180:part0:1.1 available at D:/Apps/Study/Vivado/2025.2/data/xhub/boards\XilinxBoardStore\boards\Xilinx\vpk180\production\1.1\board.xml as part xcvp1802-lsvc4072-2mp-e-s specified in board_part file is either invalid or not available
WARNING: [Board 49-26] cannot add Board Part xilinx.com:vpk180:part0:1.2 available at D:/Apps/Study/Vivado/2025.2/data/xhub/boards\XilinxBoardStore\boards\Xilinx\vpk180\production\1.2\board.xml as part xcvp1802-lsvc4072-2mp-e-s specified in board_part file is either invalid or not available
WARNING: [Board 49-26] cannot add Board Part xilinx.com:vrk160:part0:1.0 available at D:/Apps/Study/Vivado/2025.2/data/xhub/boards\XilinxBoardStore\boards\Xilinx\vrk160\1.0\board.xml as part xcvr1602-vsva2488-2mp-e-s-es1 specified in board_part file is either invalid or not available
WARNING: [Board 49-26] cannot add Board Part xilinx.com:vrk160:part0:1.1 available at D:/Apps/Study/Vivado/2025.2/data/xhub/boards\XilinxBoardStore\boards\Xilinx\vrk160\1.1\board.xml as part xcvr1602-vsva2488-2mp-e-s-es1 specified in board_part file is either invalid or not available
WARNING: [Board 49-26] cannot add Board Part xilinx.com:zc706:part0:1.4 available at D:/Apps/Study/Vivado/2025.2/data/xhub/boards\XilinxBoardStore\boards\Xilinx\zc706\1.4\board.xml as part xc7z045ffg900-2 specified in board_part file is either invalid or not available
WARNING: [Board 49-26] cannot add Board Part xilinx.com:zc706:part0:1.5 available at D:/Apps/Study/Vivado/2025.2/data/xhub/boards\XilinxBoardStore\boards\Xilinx\zc706\1.5\board.xml as part xc7z045ffg900-2 specified in board_part file is either invalid or not available
WARNING: [Board 49-26] cannot add Board Part xilinx.com:zcu102:part0:3.3 available at D:/Apps/Study/Vivado/2025.2/data/xhub/boards\XilinxBoardStore\boards\Xilinx\zcu102\3.3\board.xml as part xczu9eg-ffvb1156-2-e specified in board_part file is either invalid or not available
WARNING: [Board 49-26] cannot add Board Part xilinx.com:zcu102:part0:3.4 available at D:/Apps/Study/Vivado/2025.2/data/xhub/boards\XilinxBoardStore\boards\Xilinx\zcu102\3.4\board.xml as part xczu9eg-ffvb1156-2-e specified in board_part file is either invalid or not available
WARNING: [Board 49-26] cannot add Board Part xilinx.com:zcu111:part0:1.2 available at D:/Apps/Study/Vivado/2025.2/data/xhub/boards\XilinxBoardStore\boards\Xilinx\zcu111\1.2\board.xml as part xczu28dr-ffvg1517-2-e specified in board_part file is either invalid or not available
WARNING: [Board 49-26] cannot add Board Part xilinx.com:zcu111:part0:1.3 available at D:/Apps/Study/Vivado/2025.2/data/xhub/boards\XilinxBoardStore\boards\Xilinx\zcu111\1.3\board.xml as part xczu28dr-ffvg1517-2-e specified in board_part file is either invalid or not available
WARNING: [Board 49-26] cannot add Board Part xilinx.com:zcu111:part0:1.4 available at D:/Apps/Study/Vivado/2025.2/data/xhub/boards\XilinxBoardStore\boards\Xilinx\zcu111\1.4\board.xml as part xczu28dr-ffvg1517-2-e specified in board_part file is either invalid or not available
WARNING: [Board 49-26] cannot add Board Part xilinx.com:zcu1275:part0:1.0 available at D:/Apps/Study/Vivado/2025.2/data/xhub/boards\XilinxBoardStore\boards\Xilinx\zcu1275\1.0\board.xml as part xczu29dr-ffvf1760-2-e specified in board_part file is either invalid or not available
WARNING: [Board 49-26] cannot add Board Part xilinx.com:zcu1285:part0:1.0 available at D:/Apps/Study/Vivado/2025.2/data/xhub/boards\XilinxBoardStore\boards\Xilinx\zcu1285\1.0\board.xml as part xczu39dr-ffvf1760-2-i specified in board_part file is either invalid or not available
WARNING: [Board 49-26] cannot add Board Part xilinx.com:zcu208:part0:2.0 available at D:/Apps/Study/Vivado/2025.2/data/xhub/boards\XilinxBoardStore\boards\Xilinx\zcu208\production\2.0\board.xml as part xczu48dr-fsvg1517-2-e specified in board_part file is either invalid or not available
WARNING: [Board 49-26] cannot add Board Part xilinx.com:zcu208ld:part0:2.0 available at D:/Apps/Study/Vivado/2025.2/data/xhub/boards\XilinxBoardStore\boards\Xilinx\zcu208ld\production\2.0\board.xml as part xczu58dr-fsvg1517-2-i specified in board_part file is either invalid or not available
WARNING: [Board 49-26] cannot add Board Part xilinx.com:zcu216:part0:2.0 available at D:/Apps/Study/Vivado/2025.2/data/xhub/boards\XilinxBoardStore\boards\Xilinx\zcu216\production\2.0\board.xml as part xczu49dr-ffvf1760-2-e specified in board_part file is either invalid or not available
WARNING: [Board 49-26] cannot add Board Part xilinx.com:zcu216ld:part0:2.0 available at D:/Apps/Study/Vivado/2025.2/data/xhub/boards\XilinxBoardStore\boards\Xilinx\zcu216ld\production\2.0\board.xml as part xczu59dr-ffvf1760-2-i specified in board_part file is either invalid or not available
WARNING: [Board 49-26] cannot add Board Part xilinx.com:zcu670:part0:2.0 available at D:/Apps/Study/Vivado/2025.2/data/xhub/boards\XilinxBoardStore\boards\Xilinx\zcu670\2.0\board.xml as part xczu67dr-fsve1156-2-i specified in board_part file is either invalid or not available
WARNING: [Board 49-26] cannot add Board Part xilinx.com:zcu670ld:part0:1.0 available at D:/Apps/Study/Vivado/2025.2/data/xhub/boards\XilinxBoardStore\boards\Xilinx\zcu670ld\1.0\board.xml as part xczu57dr-fsve1156-2-i specified in board_part file is either invalid or not available
INFO: [IP_Flow 19-234] Refreshing IP repositories
INFO: [IP_Flow 19-1700] Loaded user IP repository 'd:/HK6/Project1/testing/matmul_array'.
INFO: [IP_Flow 19-795] Syncing license key meta-data
ipx::edit_ip_in_project: Time (s): cpu = 00:00:11 ; elapsed = 00:00:06 . Memory (MB): peak = 2168.516 ; gain = 19.348
update_compile_order -fileset sources_1
close_project
reset_run synth_1
INFO: [Project 1-1161] Replacing file D:/HK6/Project1/testing/matmul_array/matmul/matmul.srcs/utils_1/imports/synth_1/array_block_wrapper.dcp with file D:/HK6/Project1/testing/matmul_array/matmul/matmul.runs/synth_1/gemm_block_wrapper.dcp
WARNING: [Vivado 12-1017] Problems encountered:
1. Failed to delete one or more files in run directory D:/HK6/Project1/testing/matmul_array/matmul/matmul.runs/synth_1

launch_runs impl_1 -jobs 8
[Fri Apr 10 22:34:08 2026] Launched synth_1...
Run output will be captured here: D:/HK6/Project1/testing/matmul_array/matmul/matmul.runs/synth_1/runme.log
[Fri Apr 10 22:34:08 2026] Launched impl_1...
Run output will be captured here: D:/HK6/Project1/testing/matmul_array/matmul/matmul.runs/impl_1/runme.log
launch_simulation
Command: launch_simulation 
INFO: [Vivado 12-25911] Executing simulation for 'XSim' simulator
INFO: [Vivado 12-28535] Process started - Fri Apr 10 23:11:10 2026

INFO: [Vivado 12-12493] Simulation top is 'tb_gemm_accelerator'
INFO: [Vivado 12-4705] 'export_ip_user_files' task aborted
INFO: [Common 17-344] 'launch_simulation' was cancelled
WARNING: [filemgmt 56-199] Attempt to get parsing info during refresh. "On-the-fly" syntax checking information may be incorrect. [D:\HK6\Project1\testing\matmul_array\matmul\matmul.srcs\sources_1\new\systolic_dataflow_ctrl.v:]
WARNING: [filemgmt 56-199] Attempt to get parsing info during refresh. "On-the-fly" syntax checking information may be incorrect. [D:\HK6\Project1\testing\matmul_array\matmul\matmul.srcs\sim_1\new\tb_gemm_accelerator.v:]
WARNING: [filemgmt 56-199] Attempt to get parsing info during refresh. "On-the-fly" syntax checking information may be incorrect. [D:\HK6\Project1\testing\matmul_array\matmul\matmul.srcs\sources_1\new\gemm_accelerator.v:]
WARNING: [filemgmt 56-199] Attempt to get parsing info during refresh. "On-the-fly" syntax checking information may be incorrect. [D:\HK6\Project1\testing\matmul_array\matmul\matmul.srcs\sources_1\new\skew_network.v:]
WARNING: [filemgmt 56-199] Attempt to get parsing info during refresh. "On-the-fly" syntax checking information may be incorrect. [D:\HK6\Project1\testing\matmul_array\matmul\matmul.srcs\sources_1\new\bram_input_buffer.v:]
WARNING: [filemgmt 56-199] Attempt to get parsing info during refresh. "On-the-fly" syntax checking information may be incorrect. [D:\HK6\Project1\testing\matmul_array\matmul\matmul.srcs\sources_1\new\bram_input_buffer.v:]
WARNING: [filemgmt 56-199] Attempt to get parsing info during refresh. "On-the-fly" syntax checking information may be incorrect. [D:\HK6\Project1\testing\matmul_array\matmul\matmul.srcs\sources_1\new\bram_input_buffer.v:]
WARNING: [filemgmt 56-199] Attempt to get parsing info during refresh. "On-the-fly" syntax checking information may be incorrect. [D:\HK6\Project1\testing\matmul_array\matmul\matmul.srcs\sources_1\new\systolic_dataflow_ctrl.v:]
WARNING: [filemgmt 56-199] Attempt to get parsing info during refresh. "On-the-fly" syntax checking information may be incorrect. [D:\HK6\Project1\testing\matmul_array\matmul\matmul.srcs\sim_1\new\tb_gemm_accelerator.v:]
WARNING: [filemgmt 56-199] Attempt to get parsing info during refresh. "On-the-fly" syntax checking information may be incorrect. [D:\HK6\Project1\testing\matmul_array\matmul\matmul.srcs\sources_1\new\gemm_accelerator.v:]
WARNING: [filemgmt 56-199] Attempt to get parsing info during refresh. "On-the-fly" syntax checking information may be incorrect. [D:\HK6\Project1\testing\matmul_array\matmul\matmul.srcs\sources_1\new\skew_network.v:]
WARNING: [filemgmt 56-199] Attempt to get parsing info during refresh. "On-the-fly" syntax checking information may be incorrect. [D:\HK6\Project1\testing\matmul_array\matmul\matmul.srcs\sources_1\new\bram_input_buffer.v:]
WARNING: [filemgmt 56-199] Attempt to get parsing info during refresh. "On-the-fly" syntax checking information may be incorrect. [D:\HK6\Project1\testing\matmul_array\matmul\matmul.srcs\sim_1\new\tb_gemm_accelerator.v:]
WARNING: [filemgmt 56-199] Attempt to get parsing info during refresh. "On-the-fly" syntax checking information may be incorrect. [D:\HK6\Project1\testing\matmul_array\matmul\matmul.srcs\sim_1\new\tb_gemm_accelerator.v:]
WARNING: [filemgmt 56-199] Attempt to get parsing info during refresh. "On-the-fly" syntax checking information may be incorrect. [D:\HK6\Project1\testing\matmul_array\matmul\matmul.srcs\sources_1\new\systolic_dataflow_ctrl.v:]
WARNING: [filemgmt 56-199] Attempt to get parsing info during refresh. "On-the-fly" syntax checking information may be incorrect. [D:\HK6\Project1\testing\matmul_array\matmul\matmul.srcs\sim_1\new\tb_gemm_accelerator.v:]
WARNING: [filemgmt 56-199] Attempt to get parsing info during refresh. "On-the-fly" syntax checking information may be incorrect. [D:\HK6\Project1\testing\matmul_array\matmul\matmul.srcs\sources_1\new\gemm_accelerator.v:]
WARNING: [filemgmt 56-199] Attempt to get parsing info during refresh. "On-the-fly" syntax checking information may be incorrect. [D:\HK6\Project1\testing\matmul_array\matmul\matmul.srcs\sources_1\new\skew_network.v:]
WARNING: [filemgmt 56-199] Attempt to get parsing info during refresh. "On-the-fly" syntax checking information may be incorrect. [D:\HK6\Project1\testing\matmul_array\matmul\matmul.srcs\sources_1\new\bram_input_buffer.v:]
WARNING: [filemgmt 56-199] Attempt to get parsing info during refresh. "On-the-fly" syntax checking information may be incorrect. [D:\HK6\Project1\testing\matmul_array\matmul\matmul.srcs\sources_1\new\systolic_dataflow_ctrl.v:]
WARNING: [filemgmt 56-199] Attempt to get parsing info during refresh. "On-the-fly" syntax checking information may be incorrect. [D:\HK6\Project1\testing\matmul_array\matmul\matmul.srcs\sources_1\new\systolic_dataflow_ctrl.v:]
WARNING: [filemgmt 56-199] Attempt to get parsing info during refresh. "On-the-fly" syntax checking information may be incorrect. [D:\HK6\Project1\testing\matmul_array\matmul\matmul.srcs\sources_1\new\systolic_dataflow_ctrl.v:]
WARNING: [filemgmt 56-199] Attempt to get parsing info during refresh. "On-the-fly" syntax checking information may be incorrect. [D:\HK6\Project1\testing\matmul_array\matmul\matmul.srcs\sim_1\new\tb_gemm_accelerator.v:]
WARNING: [filemgmt 56-199] Attempt to get parsing info during refresh. "On-the-fly" syntax checking information may be incorrect. [D:\HK6\Project1\testing\matmul_array\matmul\matmul.srcs\sources_1\new\gemm_accelerator.v:]
WARNING: [filemgmt 56-199] Attempt to get parsing info during refresh. "On-the-fly" syntax checking information may be incorrect. [D:\HK6\Project1\testing\matmul_array\matmul\matmul.srcs\sources_1\new\skew_network.v:]
WARNING: [filemgmt 56-199] Attempt to get parsing info during refresh. "On-the-fly" syntax checking information may be incorrect. [D:\HK6\Project1\testing\matmul_array\matmul\matmul.srcs\sources_1\new\bram_input_buffer.v:]
WARNING: [filemgmt 56-199] Attempt to get parsing info during refresh. "On-the-fly" syntax checking information may be incorrect. [D:\HK6\Project1\testing\matmul_array\matmul\matmul.srcs\sources_1\new\gemm_accelerator.v:]
WARNING: [filemgmt 56-199] Attempt to get parsing info during refresh. "On-the-fly" syntax checking information may be incorrect. [D:\HK6\Project1\testing\matmul_array\matmul\matmul.srcs\sources_1\new\gemm_accelerator.v:]
ERROR: [Common 17-180] Spawn failed: The operation completed successfully.

WARNING: [filemgmt 56-199] Attempt to get parsing info during refresh. "On-the-fly" syntax checking information may be incorrect. [D:\HK6\Project1\testing\matmul_array\matmul\matmul.srcs\sources_1\new\systolic_dataflow_ctrl.v:]
WARNING: [filemgmt 56-199] Attempt to get parsing info during refresh. "On-the-fly" syntax checking information may be incorrect. [D:\HK6\Project1\testing\matmul_array\matmul\matmul.srcs\sim_1\new\tb_gemm_accelerator.v:]
WARNING: [filemgmt 56-199] Attempt to get parsing info during refresh. "On-the-fly" syntax checking information may be incorrect. [D:\HK6\Project1\testing\matmul_array\matmul\matmul.srcs\sources_1\new\gemm_accelerator.v:]
WARNING: [filemgmt 56-199] Attempt to get parsing info during refresh. "On-the-fly" syntax checking information may be incorrect. [D:\HK6\Project1\testing\matmul_array\matmul\matmul.srcs\sources_1\new\skew_network.v:]
WARNING: [filemgmt 56-199] Attempt to get parsing info during refresh. "On-the-fly" syntax checking information may be incorrect. [D:\HK6\Project1\testing\matmul_array\matmul\matmul.srcs\sources_1\new\bram_input_buffer.v:]
WARNING: [filemgmt 56-199] Attempt to get parsing info during refresh. "On-the-fly" syntax checking information may be incorrect. [D:\HK6\Project1\testing\matmul_array\matmul\matmul.srcs\sources_1\new\bram_input_buffer.v:]
WARNING: [filemgmt 56-199] Attempt to get parsing info during refresh. "On-the-fly" syntax checking information may be incorrect. [D:\HK6\Project1\testing\matmul_array\matmul\matmul.srcs\sources_1\new\bram_input_buffer.v:]
WARNING: [filemgmt 56-199] Attempt to get parsing info during refresh. "On-the-fly" syntax checking information may be incorrect. [D:\HK6\Project1\testing\matmul_array\matmul\matmul.srcs\sources_1\new\systolic_dataflow_ctrl.v:]
WARNING: [filemgmt 56-199] Attempt to get parsing info during refresh. "On-the-fly" syntax checking information may be incorrect. [D:\HK6\Project1\testing\matmul_array\matmul\matmul.srcs\sim_1\new\tb_gemm_accelerator.v:]
WARNING: [filemgmt 56-199] Attempt to get parsing info during refresh. "On-the-fly" syntax checking information may be incorrect. [D:\HK6\Project1\testing\matmul_array\matmul\matmul.srcs\sources_1\new\gemm_accelerator.v:]
WARNING: [filemgmt 56-199] Attempt to get parsing info during refresh. "On-the-fly" syntax checking information may be incorrect. [D:\HK6\Project1\testing\matmul_array\matmul\matmul.srcs\sources_1\new\skew_network.v:]
WARNING: [filemgmt 56-199] Attempt to get parsing info during refresh. "On-the-fly" syntax checking information may be incorrect. [D:\HK6\Project1\testing\matmul_array\matmul\matmul.srcs\sources_1\new\bram_input_buffer.v:]
WARNING: [filemgmt 56-199] Attempt to get parsing info during refresh. "On-the-fly" syntax checking information may be incorrect. [D:\HK6\Project1\testing\matmul_array\matmul\matmul.srcs\sources_1\new\systolic_dataflow_ctrl.v:]
WARNING: [filemgmt 56-199] Attempt to get parsing info during refresh. "On-the-fly" syntax checking information may be incorrect. [D:\HK6\Project1\testing\matmul_array\matmul\matmul.srcs\sources_1\new\systolic_dataflow_ctrl.v:]
WARNING: [filemgmt 56-199] Attempt to get parsing info during refresh. "On-the-fly" syntax checking information may be incorrect. [D:\HK6\Project1\testing\matmul_array\matmul\matmul.srcs\sources_1\new\systolic_dataflow_ctrl.v:]
WARNING: [filemgmt 56-199] Attempt to get parsing info during refresh. "On-the-fly" syntax checking information may be incorrect. [D:\HK6\Project1\testing\matmul_array\matmul\matmul.srcs\sim_1\new\tb_gemm_accelerator.v:]
WARNING: [filemgmt 56-199] Attempt to get parsing info during refresh. "On-the-fly" syntax checking information may be incorrect. [D:\HK6\Project1\testing\matmul_array\matmul\matmul.srcs\sources_1\new\gemm_accelerator.v:]
WARNING: [filemgmt 56-199] Attempt to get parsing info during refresh. "On-the-fly" syntax checking information may be incorrect. [D:\HK6\Project1\testing\matmul_array\matmul\matmul.srcs\sources_1\new\skew_network.v:]
WARNING: [filemgmt 56-199] Attempt to get parsing info during refresh. "On-the-fly" syntax checking information may be incorrect. [D:\HK6\Project1\testing\matmul_array\matmul\matmul.srcs\sources_1\new\bram_input_buffer.v:]
WARNING: [filemgmt 56-199] Attempt to get parsing info during refresh. "On-the-fly" syntax checking information may be incorrect. [D:\HK6\Project1\testing\matmul_array\matmul\matmul.srcs\sources_1\new\gemm_accelerator.v:]
WARNING: [filemgmt 56-199] Attempt to get parsing info during refresh. "On-the-fly" syntax checking information may be incorrect. [D:\HK6\Project1\testing\matmul_array\matmul\matmul.srcs\sources_1\new\gemm_accelerator.v:]
WARNING: [filemgmt 56-199] Attempt to get parsing info during refresh. "On-the-fly" syntax checking information may be incorrect. [D:\HK6\Project1\testing\matmul_array\matmul\matmul.srcs\sources_1\new\systolic_dataflow_ctrl.v:]
WARNING: [filemgmt 56-199] Attempt to get parsing info during refresh. "On-the-fly" syntax checking information may be incorrect. [D:\HK6\Project1\testing\matmul_array\matmul\matmul.srcs\sim_1\new\tb_gemm_accelerator.v:]
WARNING: [filemgmt 56-199] Attempt to get parsing info during refresh. "On-the-fly" syntax checking information may be incorrect. [D:\HK6\Project1\testing\matmul_array\matmul\matmul.srcs\sources_1\new\gemm_accelerator.v:]
WARNING: [filemgmt 56-199] Attempt to get parsing info during refresh. "On-the-fly" syntax checking information may be incorrect. [D:\HK6\Project1\testing\matmul_array\matmul\matmul.srcs\sources_1\new\skew_network.v:]
WARNING: [filemgmt 56-199] Attempt to get parsing info during refresh. "On-the-fly" syntax checking information may be incorrect. [D:\HK6\Project1\testing\matmul_array\matmul\matmul.srcs\sources_1\new\bram_input_buffer.v:]
WARNING: [filemgmt 56-199] Attempt to get parsing info during refresh. "On-the-fly" syntax checking information may be incorrect. [D:\HK6\Project1\testing\matmul_array\matmul\matmul.srcs\sim_1\new\tb_gemm_accelerator.v:]
WARNING: [filemgmt 56-199] Attempt to get parsing info during refresh. "On-the-fly" syntax checking information may be incorrect. [D:\HK6\Project1\testing\matmul_array\matmul\matmul.srcs\sim_1\new\tb_gemm_accelerator.v:]
launch_simulation
Command: launch_simulation 
INFO: [Vivado 12-25911] Executing simulation for 'XSim' simulator
INFO: [Vivado 12-28535] Process started - Fri Apr 10 23:13:02 2026

INFO: [Vivado 12-12493] Simulation top is 'tb_gemm_accelerator'
INFO: [Vivado 12-5682] Launching behavioral simulation in 'D:/HK6/Project1/testing/matmul_array/matmul/matmul.sim/sim_1/behav/xsim'
INFO: [Vivado 12-13660] Precompiled IP simulation library mode is enabled (default). The design IP libraries will be referenced from the compiled library path. Please note that if the precompiled version of the library is not found from the path or the IP is in locked state, then the library source files for these IPs will be compiled locally as part of the compile order.
INFO: [Vivado 12-4795] Using compiled simulation libraries for IPs
INFO: [SIM-utils-51] Simulation object is 'sim_1'
INFO: [SIM-utils-72] Using boost library from 'D:/Apps/Study/Vivado/2025.2/Vivado/tps/boost_1_72_0'
INFO: [USF-XSim-7] Finding pre-compiled libraries...
INFO: [USF-XSim-11] File 'D:/Apps/Study/Vivado/2025.2/Vivado/data/xsim/xsim.ini' copied to run dir:'D:/HK6/Project1/testing/matmul_array/matmul/matmul.sim/sim_1/behav/xsim'
INFO: [SIM-utils-54] Inspecting design source files for 'tb_gemm_accelerator' in fileset 'sim_1'...
INFO: [SIM-utils-43] Exported 'D:/HK6/Project1/testing/matmul_array/matmul/matmul.sim/sim_1/behav/xsim/sc_xtlm_gemm_block_axi_smc_1_0.mem'
INFO: [SIM-utils-43] Exported 'D:/HK6/Project1/testing/matmul_array/matmul/matmul.sim/sim_1/behav/xsim/sc_xtlm_gemm_block_axi_smc_0.mem'
INFO: [USF-XSim-97] Finding global include files...
INFO: [USF-XSim-98] Fetching design files from 'sim_1'...
INFO: [USF-XSim-2] XSim::Compile design
INFO: [USF-XSim-61] Executing 'COMPILE and ANALYZE' step in 'D:/HK6/Project1/testing/matmul_array/matmul/matmul.sim/sim_1/behav/xsim'
"xvlog --incr --relax -L smartconnect_v1_0 -L axi_vip_v1_1_22 -L zynq_ultra_ps_e_vip_v1_0_22 -L xilinx_vip -prj tb_gemm_accelerator_vlog.prj"
INFO: [VRFC 10-2263] Analyzing Verilog file "D:/HK6/Project1/testing/matmul_array/matmul/matmul.srcs/sources_1/new/bram_input_buffer.v" into library xil_defaultlib
INFO: [VRFC 10-311] analyzing module bram_input_buffer
INFO: [VRFC 10-2263] Analyzing Verilog file "D:/HK6/Project1/testing/matmul_array/matmul/matmul.srcs/sources_1/new/gemm_accelerator.v" into library xil_defaultlib
INFO: [VRFC 10-311] analyzing module gemm_accelerator
INFO: [VRFC 10-2263] Analyzing Verilog file "D:/HK6/Project1/testing/matmul_array/matmul/matmul.srcs/sources_1/imports/sources_1/imports/new/mac_core.v" into library xil_defaultlib
INFO: [VRFC 10-311] analyzing module mac_core
INFO: [VRFC 10-2263] Analyzing Verilog file "D:/HK6/Project1/testing/matmul_array/matmul/matmul.srcs/sources_1/imports/sources_1/imports/new/matmul_array.v" into library xil_defaultlib
INFO: [VRFC 10-311] analyzing module matmul_array
INFO: [VRFC 10-2263] Analyzing Verilog file "D:/HK6/Project1/testing/matmul_array/matmul/matmul.srcs/sources_1/new/output_serializer.v" into library xil_defaultlib
INFO: [VRFC 10-311] analyzing module output_serializer
INFO: [VRFC 10-2263] Analyzing Verilog file "D:/HK6/Project1/testing/matmul_array/matmul/matmul.srcs/sources_1/imports/sources_1/imports/new/pe_wrapper.v" into library xil_defaultlib
INFO: [VRFC 10-311] analyzing module pe_wrapper
INFO: [VRFC 10-2263] Analyzing Verilog file "D:/HK6/Project1/testing/matmul_array/matmul/matmul.srcs/sources_1/new/sc_fifo_fwft.v" into library xil_defaultlib
INFO: [VRFC 10-311] analyzing module sc_fifo_fwft
INFO: [VRFC 10-2263] Analyzing Verilog file "D:/HK6/Project1/testing/matmul_array/matmul/matmul.srcs/sources_1/new/shift_register_delay.v" into library xil_defaultlib
INFO: [VRFC 10-311] analyzing module shift_register_delay
INFO: [VRFC 10-2263] Analyzing Verilog file "D:/HK6/Project1/testing/matmul_array/matmul/matmul.srcs/sources_1/new/skew_network.v" into library xil_defaultlib
INFO: [VRFC 10-311] analyzing module skew_network
INFO: [VRFC 10-2263] Analyzing Verilog file "D:/HK6/Project1/testing/matmul_array/matmul/matmul.srcs/sources_1/new/systolic_dataflow_ctrl.v" into library xil_defaultlib
INFO: [VRFC 10-311] analyzing module systolic_dataflow_ctrl
INFO: [VRFC 10-2263] Analyzing Verilog file "D:/HK6/Project1/testing/matmul_array/matmul/matmul.srcs/sim_1/new/tb_gemm_accelerator.v" into library xil_defaultlib
INFO: [VRFC 10-311] analyzing module tb_gemm_accelerator
INFO: [USF-XSim-69] 'compile' step finished in '4' seconds
INFO: [USF-XSim-3] XSim::Elaborate design
INFO: [USF-XSim-61] Executing 'ELABORATE' step in 'D:/HK6/Project1/testing/matmul_array/matmul/matmul.sim/sim_1/behav/xsim'
"xelab --incr --debug typical --relax --mt 2 -L xil_defaultlib -L xilinx_vip -L unisims_ver -L unimacro_ver -L secureip -L xpm --snapshot tb_gemm_accelerator_behav xil_defaultlib.tb_gemm_accelerator xil_defaultlib.glbl -log elaborate.log"
Vivado Simulator v2025.2
Copyright 1986-2022 Xilinx, Inc. All Rights Reserved.
Copyright 2022-2025 Advanced Micro Devices, Inc. All Rights Reserved.
Running: D:/Apps/Study/Vivado/2025.2/Vivado/bin/unwrapped/win64.o/xelab.exe --incr --debug typical --relax --mt 2 -L xil_defaultlib -L xilinx_vip -L unisims_ver -L unimacro_ver -L secureip -L xpm --snapshot tb_gemm_accelerator_behav xil_defaultlib.tb_gemm_accelerator xil_defaultlib.glbl -log elaborate.log 
Using 2 slave threads.
Starting static elaboration
Pass Through NonSizing Optimizer
WARNING: [VRFC 10-3091] actual bit length 16 differs from formal bit length 1 for port 'valid_delay' [D:/HK6/Project1/testing/matmul_array/matmul/matmul.srcs/sources_1/new/gemm_accelerator.v:111]
WARNING: [VRFC 10-3091] actual bit length 16 differs from formal bit length 1 for port 'clear_delay' [D:/HK6/Project1/testing/matmul_array/matmul/matmul.srcs/sources_1/new/gemm_accelerator.v:112]
WARNING: [VRFC 10-3091] actual bit length 16 differs from formal bit length 1 for port 'last_mac_delay' [D:/HK6/Project1/testing/matmul_array/matmul/matmul.srcs/sources_1/new/gemm_accelerator.v:113]
Completed static elaboration
Starting simulation data flow analysis
Completed simulation data flow analysis
Time Resolution for simulation is 1ps
Compiling module xil_defaultlib.bram_input_buffer_default
Compiling module xil_defaultlib.systolic_dataflow_ctrl
Compiling module xil_defaultlib.shift_register_delay(DELAY_CYCLE...
Compiling module xil_defaultlib.shift_register_delay(DATA_WIDTH=...
Compiling module xil_defaultlib.shift_register_delay_default
Compiling module xil_defaultlib.shift_register_delay(DATA_WIDTH=...
Compiling module xil_defaultlib.shift_register_delay(DELAY_CYCLE...
Compiling module xil_defaultlib.shift_register_delay(DATA_WIDTH=...
Compiling module xil_defaultlib.shift_register_delay(DELAY_CYCLE...
Compiling module xil_defaultlib.shift_register_delay(DATA_WIDTH=...
Compiling module xil_defaultlib.shift_register_delay(DELAY_CYCLE...
Compiling module xil_defaultlib.shift_register_delay(DATA_WIDTH=...
Compiling module xil_defaultlib.shift_register_delay(DELAY_CYCLE...
Compiling module xil_defaultlib.shift_register_delay(DATA_WIDTH=...
Compiling module xil_defaultlib.shift_register_delay(DELAY_CYCLE...
Compiling module xil_defaultlib.shift_register_delay(DATA_WIDTH=...
Compiling module xil_defaultlib.shift_register_delay(DELAY_CYCLE...
Compiling module xil_defaultlib.shift_register_delay(DATA_WIDTH=...
Compiling module xil_defaultlib.shift_register_delay(DELAY_CYCLE...
Compiling module xil_defaultlib.shift_register_delay(DATA_WIDTH=...
Compiling module xil_defaultlib.shift_register_delay(DELAY_CYCLE...
Compiling module xil_defaultlib.shift_register_delay(DATA_WIDTH=...
Compiling module xil_defaultlib.shift_register_delay(DELAY_CYCLE...
Compiling module xil_defaultlib.shift_register_delay(DATA_WIDTH=...
Compiling module xil_defaultlib.shift_register_delay(DELAY_CYCLE...
Compiling module xil_defaultlib.shift_register_delay(DATA_WIDTH=...
Compiling module xil_defaultlib.shift_register_delay(DELAY_CYCLE...
Compiling module xil_defaultlib.shift_register_delay(DATA_WIDTH=...
Compiling module xil_defaultlib.shift_register_delay(DELAY_CYCLE...
Compiling module xil_defaultlib.shift_register_delay(DATA_WIDTH=...
Compiling module xil_defaultlib.shift_register_delay(DELAY_CYCLE...
Compiling module xil_defaultlib.shift_register_delay(DATA_WIDTH=...
Compiling module xil_defaultlib.shift_register_delay(DELAY_CYCLE...
Compiling module xil_defaultlib.shift_register_delay(DATA_WIDTH=...
Compiling module xil_defaultlib.skew_network_default
Compiling module xil_defaultlib.mac_core
Compiling module xil_defaultlib.pe_wrapper
Compiling module xil_defaultlib.matmul_array_default
Compiling module xil_defaultlib.output_serializer
Compiling module xpm.xpm_fifo_rst_default
Compiling module xpm.xpm_fifo_reg_bit
Compiling module xpm.xpm_counter_updn(COUNTER_WIDTH=1...
Compiling module xpm.xpm_counter_updn(COUNTER_WIDTH=1...
Compiling module xpm.xpm_memory_base(MEMORY_TYPE=1,ME...
Compiling module xpm.xpm_counter_updn(COUNTER_WIDTH=2...
Compiling module xpm.xpm_fifo_base(FIFO_MEMORY_TYPE=2...
Compiling module xpm.xpm_fifo_sync(FIFO_MEMORY_TYPE="...
Compiling module xil_defaultlib.sc_fifo_fwft
Compiling module xil_defaultlib.gemm_accelerator
Compiling module xil_defaultlib.tb_gemm_accelerator
Compiling module xil_defaultlib.glbl
Built simulation snapshot tb_gemm_accelerator_behav
INFO: [USF-XSim-69] 'elaborate' step finished in '32' seconds
INFO: [USF-XSim-4] XSim::Simulate design
INFO: [USF-XSim-61] Executing 'SIMULATE' step in 'D:/HK6/Project1/testing/matmul_array/matmul/matmul.sim/sim_1/behav/xsim'
INFO: [USF-XSim-98] *** Running xsim
   with args "tb_gemm_accelerator_behav -key {Behavioral:sim_1:Functional:tb_gemm_accelerator} -tclbatch {tb_gemm_accelerator.tcl} -protoinst "protoinst_files/bd_31d6.protoinst" -protoinst "protoinst_files/bd_90f7.protoinst" -protoinst "protoinst_files/gemm_block.protoinst" -log {simulate.log}"
INFO: [USF-XSim-8] Loading simulator feature
INFO: [Wavedata 42-565] Reading protoinst file protoinst_files/bd_31d6.protoinst
WARNING: [Wavedata 42-558] Couldn't load one or more protocol instances from protoinst file protoinst_files/bd_31d6.protoinst for the following reason(s):
There are no instances of module "bd_31d6" in the design.

INFO: [Wavedata 42-565] Reading protoinst file protoinst_files/bd_90f7.protoinst
WARNING: [Wavedata 42-558] Couldn't load one or more protocol instances from protoinst file protoinst_files/bd_90f7.protoinst for the following reason(s):
There are no instances of module "bd_90f7" in the design.

INFO: [Wavedata 42-565] Reading protoinst file protoinst_files/gemm_block.protoinst
WARNING: [Wavedata 42-558] Couldn't load one or more protocol instances from protoinst file protoinst_files/gemm_block.protoinst for the following reason(s):
There are no instances of module "gemm_block" in the design.

Time resolution is 1 ps
source tb_gemm_accelerator.tcl
# set curr_wave [current_wave_config]
# if { [string length $curr_wave] == 0 } {
#   if { [llength [get_objects]] > 0} {
#     add_wave /
#     set_property needs_save false [current_wave_config]
#   } else {
#      send_msg_id Add_Wave-1 WARNING "No top level signals found. Simulator will start without a wave window. If you want to open a wave window go to 'File->New Waveform Configuration' or type 'create_wave_config' in the TCL console."
#   }
# }
# run 1000ns
[120000] [TESTBENCH] Bat dau nap du lieu vao Ping-Pong Buffer...
[158000] [DMA-B] Da nap xong chunk 1
[218000] [DMA-B] Da nap xong chunk 2
[278000] [DMA-B] Da nap xong chunk 3
[338000] [DMA-B] Da nap xong chunk 4
[373000] [ERROR] Sai lech tai C[15][0]: Ky vong = 17, NPU ra = -25
[378000] [ERROR] Sai lech tai C[15][1]: Ky vong = 56, NPU ra = 63
[383000] [ERROR] Sai lech tai C[15][2]: Ky vong = 217, NPU ra = -57
[388000] [ERROR] Sai lech tai C[15][3]: Ky vong = -385, NPU ra = 158
[393000] [ERROR] Sai lech tai C[15][4]: Ky vong = 156, NPU ra = -45
[398000] [ERROR] Sai lech tai C[15][5]: Ky vong = 186, NPU ra = -15
[403000] [ERROR] Sai lech tai C[15][6]: Ky vong = 198, NPU ra = 49
[408000] [ERROR] Sai lech tai C[15][7]: Ky vong = -452, NPU ra = -8
[413000] [ERROR] Sai lech tai C[15][8]: Ky vong = -68, NPU ra = -50
[418000] [ERROR] Sai lech tai C[15][9]: Ky vong = 8, NPU ra = 24
[423000] [ERROR] Sai lech tai C[15][10]: Ky vong = 390, NPU ra = -9
[428000] [ERROR] Sai lech tai C[15][11]: Ky vong = 118, NPU ra = -21
[433000] [ERROR] Sai lech tai C[15][12]: Ky vong = -136, NPU ra = 105
[438000] [ERROR] Sai lech tai C[15][13]: Ky vong = -276, NPU ra = 81
[443000] [ERROR] Sai lech tai C[15][14]: Ky vong = -90, NPU ra = -9
[448000] [ERROR] Sai lech tai C[15][15]: Ky vong = -41, NPU ra = 48
[468000] [ERROR] Sai lech tai C[14][0]: Ky vong = -98, NPU ra = -99
[473000] [ERROR] Sai lech tai C[14][1]: Ky vong = -141, NPU ra = 108
[478000] [ERROR] Sai lech tai C[14][2]: Ky vong = 140, NPU ra = 99
[483000] [ERROR] Sai lech tai C[14][3]: Ky vong = 554, NPU ra = -68
[488000] [ERROR] Sai lech tai C[14][4]: Ky vong = 119, NPU ra = -28
[493000] [ERROR] Sai lech tai C[14][5]: Ky vong = -122, NPU ra = -55
[498000] [ERROR] Sai lech tai C[14][6]: Ky vong = 415, NPU ra = 99
[503000] [ERROR] Sai lech tai C[14][7]: Ky vong = -382, NPU ra = 5
[508000] [ERROR] Sai lech tai C[14][8]: Ky vong = -175, NPU ra = -9
[513000] [ERROR] Sai lech tai C[14][9]: Ky vong = -35, NPU ra = 60
[518000] [ERROR] Sai lech tai C[14][10]: Ky vong = -16, NPU ra = -114
[523000] [ERROR] Sai lech tai C[14][11]: Ky vong = -13, NPU ra = 44
[528000] [ERROR] Sai lech tai C[14][12]: Ky vong = -74, NPU ra = 44
[533000] [ERROR] Sai lech tai C[14][13]: Ky vong = -274, NPU ra = 4
[538000] [ERROR] Sai lech tai C[14][14]: Ky vong = 13, NPU ra = 0
[543000] [ERROR] Sai lech tai C[14][15]: Ky vong = -108, NPU ra = 156
[563000] [ERROR] Sai lech tai C[13][0]: Ky vong = 139, NPU ra = 21
[568000] [ERROR] Sai lech tai C[13][1]: Ky vong = -198, NPU ra = 18
[573000] [ERROR] Sai lech tai C[13][2]: Ky vong = -219, NPU ra = 99
[578000] [ERROR] Sai lech tai C[13][3]: Ky vong = -129, NPU ra = 91
[583000] [ERROR] Sai lech tai C[13][4]: Ky vong = 125, NPU ra = -20
[593000] [ERROR] Sai lech tai C[13][6]: Ky vong = -48, NPU ra = -61
[598000] [ERROR] Sai lech tai C[13][7]: Ky vong = -123, NPU ra = -8
[603000] [ERROR] Sai lech tai C[13][8]: Ky vong = -49, NPU ra = 44
[608000] [ERROR] Sai lech tai C[13][9]: Ky vong = -82, NPU ra = -24
[613000] [ERROR] Sai lech tai C[13][10]: Ky vong = 242, NPU ra = -14
[618000] [ERROR] Sai lech tai C[13][11]: Ky vong = 108, NPU ra = 56
[623000] [ERROR] Sai lech tai C[13][12]: Ky vong = -65, NPU ra = -5
[628000] [ERROR] Sai lech tai C[13][13]: Ky vong = -112, NPU ra = 54
[633000] [ERROR] Sai lech tai C[13][14]: Ky vong = -41, NPU ra = 20
[638000] [ERROR] Sai lech tai C[13][15]: Ky vong = -114, NPU ra = -18
[658000] [ERROR] Sai lech tai C[12][0]: Ky vong = 344, NPU ra = 40
[663000] [ERROR] Sai lech tai C[12][1]: Ky vong = -170, NPU ra = 4
[668000] [ERROR] Sai lech tai C[12][2]: Ky vong = -126, NPU ra = -38
[673000] [ERROR] Sai lech tai C[12][3]: Ky vong = 239, NPU ra = -108
[678000] [ERROR] Sai lech tai C[12][4]: Ky vong = -258, NPU ra = 54
[683000] [ERROR] Sai lech tai C[12][5]: Ky vong = 482, NPU ra = 2
[688000] [ERROR] Sai lech tai C[12][6]: Ky vong = -54, NPU ra = -42
[693000] [ERROR] Sai lech tai C[12][7]: Ky vong = -203, NPU ra = 20
[698000] [ERROR] Sai lech tai C[12][8]: Ky vong = -110, NPU ra = 128
[703000] [ERROR] Sai lech tai C[12][9]: Ky vong = -19, NPU ra = -16
[708000] [ERROR] Sai lech tai C[12][10]: Ky vong = -11, NPU ra = 44
[713000] [ERROR] Sai lech tai C[12][11]: Ky vong = -126, NPU ra = -68
[718000] [ERROR] Sai lech tai C[12][12]: Ky vong = -248, NPU ra = 92
[723000] [ERROR] Sai lech tai C[12][13]: Ky vong = 288, NPU ra = 82
[728000] [ERROR] Sai lech tai C[12][14]: Ky vong = -150, NPU ra = 0
[733000] [ERROR] Sai lech tai C[12][15]: Ky vong = -139, NPU ra = 94
[753000] [ERROR] Sai lech tai C[11][0]: Ky vong = 170, NPU ra = -43
[758000] [ERROR] Sai lech tai C[11][1]: Ky vong = -173, NPU ra = -3
[763000] [ERROR] Sai lech tai C[11][2]: Ky vong = -679, NPU ra = -27
[768000] [ERROR] Sai lech tai C[11][3]: Ky vong = -498, NPU ra = -21
[773000] [ERROR] Sai lech tai C[11][4]: Ky vong = -371, NPU ra = -27
[778000] [ERROR] Sai lech tai C[11][5]: Ky vong = -82, NPU ra = -21
[783000] [ERROR] Sai lech tai C[11][6]: Ky vong = 155, NPU ra = 9
[788000] [ERROR] Sai lech tai C[11][7]: Ky vong = -362, NPU ra = -15
[793000] [ERROR] Sai lech tai C[11][8]: Ky vong = -120, NPU ra = 9
[798000] [ERROR] Sai lech tai C[11][9]: Ky vong = -14, NPU ra = -24
[803000] [ERROR] Sai lech tai C[11][10]: Ky vong = -95, NPU ra = -21
[808000] [ERROR] Sai lech tai C[11][11]: Ky vong = -212, NPU ra = 0
[813000] [ERROR] Sai lech tai C[11][12]: Ky vong = -308, NPU ra = -12
[818000] [ERROR] Sai lech tai C[11][13]: Ky vong = 189, NPU ra = -9
[823000] [ERROR] Sai lech tai C[11][14]: Ky vong = 136, NPU ra = -15
[828000] [ERROR] Sai lech tai C[11][15]: Ky vong = -186, NPU ra = 3
[848000] [ERROR] Sai lech tai C[10][0]: Ky vong = 39, NPU ra = -29
[853000] [ERROR] Sai lech tai C[10][1]: Ky vong = 15, NPU ra = -17
[858000] [ERROR] Sai lech tai C[10][2]: Ky vong = 177, NPU ra = -117
[863000] [ERROR] Sai lech tai C[10][3]: Ky vong = -430, NPU ra = -103
[868000] [ERROR] Sai lech tai C[10][4]: Ky vong = 173, NPU ra = -15
[873000] [ERROR] Sai lech tai C[10][5]: Ky vong = -2, NPU ra = -13
[878000] [ERROR] Sai lech tai C[10][6]: Ky vong = 226, NPU ra = 63
[883000] [ERROR] Sai lech tai C[10][7]: Ky vong = -3, NPU ra = -11
[888000] [ERROR] Sai lech tai C[10][8]: Ky vong = -306, NPU ra = -27
[893000] [ERROR] Sai lech tai C[10][9]: Ky vong = -67, NPU ra = -8
[898000] [ERROR] Sai lech tai C[10][10]: Ky vong = -130, NPU ra = -13
[903000] [ERROR] Sai lech tai C[10][11]: Ky vong = -35, NPU ra = -48
[908000] [ERROR] Sai lech tai C[10][12]: Ky vong = -234, NPU ra = -10
[913000] [ERROR] Sai lech tai C[10][13]: Ky vong = -74, NPU ra = -57
[918000] [ERROR] Sai lech tai C[10][14]: Ky vong = 119, NPU ra = -35
[923000] [ERROR] Sai lech tai C[10][15]: Ky vong = 7, NPU ra = 19
[943000] [ERROR] Sai lech tai C[9][0]: Ky vong = -150, NPU ra = -14
[948000] [ERROR] Sai lech tai C[9][1]: Ky vong = -110, NPU ra = 4
[953000] [ERROR] Sai lech tai C[9][2]: Ky vong = 7, NPU ra = -82
[958000] [ERROR] Sai lech tai C[9][3]: Ky vong = 170, NPU ra = -89
[963000] [ERROR] Sai lech tai C[9][4]: Ky vong = 113, NPU ra = 3
[968000] [ERROR] Sai lech tai C[9][5]: Ky vong = -107, NPU ra = 1
[973000] [ERROR] Sai lech tai C[9][6]: Ky vong = -281, NPU ra = 57
[978000] [ERROR] Sai lech tai C[9][7]: Ky vong = 327, NPU ra = -1
[983000] [ERROR] Sai lech tai C[9][8]: Ky vong = -498, NPU ra = -33
[988000] [ERROR] Sai lech tai C[9][9]: Ky vong = -95, NPU ra = 8
[993000] [ERROR] Sai lech tai C[9][10]: Ky vong = -444, NPU ra = 1
[998000] [ERROR] Sai lech tai C[9][11]: Ky vong = 500, NPU ra = -48
INFO: [USF-XSim-96] XSim completed. Design snapshot 'tb_gemm_accelerator_behav' loaded.
INFO: [USF-XSim-97] XSim simulation ran for 1000ns
WARNING: [filemgmt 56-199] Attempt to get parsing info during refresh. "On-the-fly" syntax checking information may be incorrect. [D:\HK6\Project1\testing\matmul_array\matmul\matmul.srcs\sources_1\new\systolic_dataflow_ctrl.v:]
WARNING: [filemgmt 56-199] Attempt to get parsing info during refresh. "On-the-fly" syntax checking information may be incorrect. [D:\HK6\Project1\testing\matmul_array\matmul\matmul.srcs\sim_1\new\tb_gemm_accelerator.v:]
WARNING: [filemgmt 56-199] Attempt to get parsing info during refresh. "On-the-fly" syntax checking information may be incorrect. [D:\HK6\Project1\testing\matmul_array\matmul\matmul.srcs\sources_1\new\gemm_accelerator.v:]
WARNING: [filemgmt 56-199] Attempt to get parsing info during refresh. "On-the-fly" syntax checking information may be incorrect. [D:\HK6\Project1\testing\matmul_array\matmul\matmul.srcs\sources_1\new\skew_network.v:]
WARNING: [filemgmt 56-199] Attempt to get parsing info during refresh. "On-the-fly" syntax checking information may be incorrect. [D:\HK6\Project1\testing\matmul_array\matmul\matmul.srcs\sources_1\new\bram_input_buffer.v:]
WARNING: [filemgmt 56-199] Attempt to get parsing info during refresh. "On-the-fly" syntax checking information may be incorrect. [D:\HK6\Project1\testing\matmul_array\matmul\matmul.srcs\sources_1\new\bram_input_buffer.v:]
WARNING: [filemgmt 56-199] Attempt to get parsing info during refresh. "On-the-fly" syntax checking information may be incorrect. [D:\HK6\Project1\testing\matmul_array\matmul\matmul.srcs\sources_1\new\bram_input_buffer.v:]
WARNING: [filemgmt 56-199] Attempt to get parsing info during refresh. "On-the-fly" syntax checking information may be incorrect. [D:\HK6\Project1\testing\matmul_array\matmul\matmul.srcs\sources_1\new\systolic_dataflow_ctrl.v:]
WARNING: [filemgmt 56-199] Attempt to get parsing info during refresh. "On-the-fly" syntax checking information may be incorrect. [D:\HK6\Project1\testing\matmul_array\matmul\matmul.srcs\sim_1\new\tb_gemm_accelerator.v:]
WARNING: [filemgmt 56-199] Attempt to get parsing info during refresh. "On-the-fly" syntax checking information may be incorrect. [D:\HK6\Project1\testing\matmul_array\matmul\matmul.srcs\sources_1\new\gemm_accelerator.v:]
WARNING: [filemgmt 56-199] Attempt to get parsing info during refresh. "On-the-fly" syntax checking information may be incorrect. [D:\HK6\Project1\testing\matmul_array\matmul\matmul.srcs\sources_1\new\skew_network.v:]
WARNING: [filemgmt 56-199] Attempt to get parsing info during refresh. "On-the-fly" syntax checking information may be incorrect. [D:\HK6\Project1\testing\matmul_array\matmul\matmul.srcs\sources_1\new\bram_input_buffer.v:]
WARNING: [filemgmt 56-199] Attempt to get parsing info during refresh. "On-the-fly" syntax checking information may be incorrect. [D:\HK6\Project1\testing\matmul_array\matmul\matmul.srcs\sources_1\new\gemm_accelerator.v:]
WARNING: [filemgmt 56-199] Attempt to get parsing info during refresh. "On-the-fly" syntax checking information may be incorrect. [D:\HK6\Project1\testing\matmul_array\matmul\matmul.srcs\sources_1\new\gemm_accelerator.v:]
WARNING: [filemgmt 56-199] Attempt to get parsing info during refresh. "On-the-fly" syntax checking information may be incorrect. [D:\HK6\Project1\testing\matmul_array\matmul\matmul.srcs\sources_1\new\systolic_dataflow_ctrl.v:]
WARNING: [filemgmt 56-199] Attempt to get parsing info during refresh. "On-the-fly" syntax checking information may be incorrect. [D:\HK6\Project1\testing\matmul_array\matmul\matmul.srcs\sim_1\new\tb_gemm_accelerator.v:]
WARNING: [filemgmt 56-199] Attempt to get parsing info during refresh. "On-the-fly" syntax checking information may be incorrect. [D:\HK6\Project1\testing\matmul_array\matmul\matmul.srcs\sources_1\new\gemm_accelerator.v:]
WARNING: [filemgmt 56-199] Attempt to get parsing info during refresh. "On-the-fly" syntax checking information may be incorrect. [D:\HK6\Project1\testing\matmul_array\matmul\matmul.srcs\sources_1\new\skew_network.v:]
WARNING: [filemgmt 56-199] Attempt to get parsing info during refresh. "On-the-fly" syntax checking information may be incorrect. [D:\HK6\Project1\testing\matmul_array\matmul\matmul.srcs\sources_1\new\bram_input_buffer.v:]
WARNING: [filemgmt 56-199] Attempt to get parsing info during refresh. "On-the-fly" syntax checking information may be incorrect. [D:\HK6\Project1\testing\matmul_array\matmul\matmul.srcs\sources_1\new\skew_network.v:]
WARNING: [filemgmt 56-199] Attempt to get parsing info during refresh. "On-the-fly" syntax checking information may be incorrect. [D:\HK6\Project1\testing\matmul_array\matmul\matmul.srcs\sources_1\new\skew_network.v:]
WARNING: [filemgmt 56-199] Attempt to get parsing info during refresh. "On-the-fly" syntax checking information may be incorrect. [D:\HK6\Project1\testing\matmul_array\matmul\matmul.srcs\sources_1\new\systolic_dataflow_ctrl.v:]
WARNING: [filemgmt 56-199] Attempt to get parsing info during refresh. "On-the-fly" syntax checking information may be incorrect. [D:\HK6\Project1\testing\matmul_array\matmul\matmul.srcs\sim_1\new\tb_gemm_accelerator.v:]
WARNING: [filemgmt 56-199] Attempt to get parsing info during refresh. "On-the-fly" syntax checking information may be incorrect. [D:\HK6\Project1\testing\matmul_array\matmul\matmul.srcs\sources_1\new\gemm_accelerator.v:]
WARNING: [filemgmt 56-199] Attempt to get parsing info during refresh. "On-the-fly" syntax checking information may be incorrect. [D:\HK6\Project1\testing\matmul_array\matmul\matmul.srcs\sources_1\new\skew_network.v:]
WARNING: [filemgmt 56-199] Attempt to get parsing info during refresh. "On-the-fly" syntax checking information may be incorrect. [D:\HK6\Project1\testing\matmul_array\matmul\matmul.srcs\sources_1\new\bram_input_buffer.v:]
WARNING: [filemgmt 56-199] Attempt to get parsing info during refresh. "On-the-fly" syntax checking information may be incorrect. [D:\HK6\Project1\testing\matmul_array\matmul\matmul.srcs\sources_1\new\systolic_dataflow_ctrl.v:]
WARNING: [filemgmt 56-199] Attempt to get parsing info during refresh. "On-the-fly" syntax checking information may be incorrect. [D:\HK6\Project1\testing\matmul_array\matmul\matmul.srcs\sources_1\new\systolic_dataflow_ctrl.v:]
relaunch_sim
Command: launch_simulation -step compile -simset sim_1 -mode behavioral
INFO: [Vivado 12-25911] Executing simulation for 'XSim' simulator
INFO: [Vivado 12-28535] Process started - Fri Apr 10 23:15:08 2026

INFO: [Vivado 12-12493] Simulation top is 'tb_gemm_accelerator'
INFO: [Vivado 12-5682] Launching behavioral simulation in 'D:/HK6/Project1/testing/matmul_array/matmul/matmul.sim/sim_1/behav/xsim'
INFO: [Vivado 12-13660] Precompiled IP simulation library mode is enabled (default). The design IP libraries will be referenced from the compiled library path. Please note that if the precompiled version of the library is not found from the path or the IP is in locked state, then the library source files for these IPs will be compiled locally as part of the compile order.
INFO: [Vivado 12-4795] Using compiled simulation libraries for IPs
INFO: [SIM-utils-51] Simulation object is 'sim_1'
INFO: [SIM-utils-72] Using boost library from 'D:/Apps/Study/Vivado/2025.2/Vivado/tps/boost_1_72_0'
INFO: [USF-XSim-7] Finding pre-compiled libraries...
INFO: [USF-XSim-11] File 'D:/Apps/Study/Vivado/2025.2/Vivado/data/xsim/xsim.ini' copied to run dir:'D:/HK6/Project1/testing/matmul_array/matmul/matmul.sim/sim_1/behav/xsim'
INFO: [SIM-utils-54] Inspecting design source files for 'tb_gemm_accelerator' in fileset 'sim_1'...
INFO: [SIM-utils-43] Exported 'D:/HK6/Project1/testing/matmul_array/matmul/matmul.sim/sim_1/behav/xsim/sc_xtlm_gemm_block_axi_smc_1_0.mem'
INFO: [SIM-utils-43] Exported 'D:/HK6/Project1/testing/matmul_array/matmul/matmul.sim/sim_1/behav/xsim/sc_xtlm_gemm_block_axi_smc_0.mem'
INFO: [USF-XSim-97] Finding global include files...
INFO: [USF-XSim-98] Fetching design files from 'sim_1'...
INFO: [USF-XSim-2] XSim::Compile design
INFO: [USF-XSim-61] Executing 'COMPILE and ANALYZE' step in 'D:/HK6/Project1/testing/matmul_array/matmul/matmul.sim/sim_1/behav/xsim'
"xvlog --incr --relax -L smartconnect_v1_0 -L axi_vip_v1_1_22 -L zynq_ultra_ps_e_vip_v1_0_22 -L xilinx_vip -prj tb_gemm_accelerator_vlog.prj"
INFO: [VRFC 10-2263] Analyzing Verilog file "D:/HK6/Project1/testing/matmul_array/matmul/matmul.srcs/sources_1/new/bram_input_buffer.v" into library xil_defaultlib
INFO: [VRFC 10-311] analyzing module bram_input_buffer
INFO: [VRFC 10-2263] Analyzing Verilog file "D:/HK6/Project1/testing/matmul_array/matmul/matmul.srcs/sources_1/new/gemm_accelerator.v" into library xil_defaultlib
INFO: [VRFC 10-311] analyzing module gemm_accelerator
INFO: [VRFC 10-2263] Analyzing Verilog file "D:/HK6/Project1/testing/matmul_array/matmul/matmul.srcs/sources_1/imports/sources_1/imports/new/mac_core.v" into library xil_defaultlib
INFO: [VRFC 10-311] analyzing module mac_core
INFO: [VRFC 10-2263] Analyzing Verilog file "D:/HK6/Project1/testing/matmul_array/matmul/matmul.srcs/sources_1/imports/sources_1/imports/new/matmul_array.v" into library xil_defaultlib
INFO: [VRFC 10-311] analyzing module matmul_array
INFO: [VRFC 10-2263] Analyzing Verilog file "D:/HK6/Project1/testing/matmul_array/matmul/matmul.srcs/sources_1/new/output_serializer.v" into library xil_defaultlib
INFO: [VRFC 10-311] analyzing module output_serializer
INFO: [VRFC 10-2263] Analyzing Verilog file "D:/HK6/Project1/testing/matmul_array/matmul/matmul.srcs/sources_1/imports/sources_1/imports/new/pe_wrapper.v" into library xil_defaultlib
INFO: [VRFC 10-311] analyzing module pe_wrapper
INFO: [VRFC 10-2263] Analyzing Verilog file "D:/HK6/Project1/testing/matmul_array/matmul/matmul.srcs/sources_1/new/sc_fifo_fwft.v" into library xil_defaultlib
INFO: [VRFC 10-311] analyzing module sc_fifo_fwft
INFO: [VRFC 10-2263] Analyzing Verilog file "D:/HK6/Project1/testing/matmul_array/matmul/matmul.srcs/sources_1/new/shift_register_delay.v" into library xil_defaultlib
INFO: [VRFC 10-311] analyzing module shift_register_delay
INFO: [VRFC 10-2263] Analyzing Verilog file "D:/HK6/Project1/testing/matmul_array/matmul/matmul.srcs/sources_1/new/skew_network.v" into library xil_defaultlib
INFO: [VRFC 10-311] analyzing module skew_network
INFO: [VRFC 10-2263] Analyzing Verilog file "D:/HK6/Project1/testing/matmul_array/matmul/matmul.srcs/sources_1/new/systolic_dataflow_ctrl.v" into library xil_defaultlib
INFO: [VRFC 10-311] analyzing module systolic_dataflow_ctrl
INFO: [VRFC 10-2263] Analyzing Verilog file "D:/HK6/Project1/testing/matmul_array/matmul/matmul.srcs/sim_1/new/tb_gemm_accelerator.v" into library xil_defaultlib
INFO: [VRFC 10-311] analyzing module tb_gemm_accelerator
ERROR: [VRFC 10-8885] declarations are not allowed in an unnamed block [D:/HK6/Project1/testing/matmul_array/matmul/matmul.srcs/sim_1/new/tb_gemm_accelerator.v:150]
WARNING: [VRFC 10-3824] variable 'chunk_a' must explicitly be declared as automatic or static [D:/HK6/Project1/testing/matmul_array/matmul/matmul.srcs/sim_1/new/tb_gemm_accelerator.v:150]
ERROR: [VRFC 10-8530] module 'tb_gemm_accelerator' is ignored due to previous errors [D:/HK6/Project1/testing/matmul_array/matmul/matmul.srcs/sim_1/new/tb_gemm_accelerator.v:3]
INFO: [USF-XSim-69] 'compile' step finished in '3' seconds
INFO: [USF-XSim-99] Step results log file:'D:/HK6/Project1/testing/matmul_array/matmul/matmul.sim/sim_1/behav/xsim/xvlog.log'
ERROR: [USF-XSim-62] 'compile' step failed with error(s). Please check the Tcl console output or 'D:/HK6/Project1/testing/matmul_array/matmul/matmul.sim/sim_1/behav/xsim/xvlog.log' file for more information.
ERROR: [Vivado 12-4473] Detected error while running simulation. Please correct the issue and retry this operation.
ERROR: [Common 17-39] 'launch_simulation' failed due to earlier errors.
ERROR: [Common 17-69] Command failed: ERROR: [Common 17-39] 'launch_simulation' failed due to earlier errors.

close_sim
INFO: [Simtcl 6-16] Simulation closed
launch_simulation
Command: launch_simulation 
INFO: [Vivado 12-25911] Executing simulation for 'XSim' simulator
INFO: [Vivado 12-28535] Process started - Fri Apr 10 23:15:52 2026

INFO: [Vivado 12-12493] Simulation top is 'tb_gemm_accelerator'
INFO: [Vivado 12-5682] Launching behavioral simulation in 'D:/HK6/Project1/testing/matmul_array/matmul/matmul.sim/sim_1/behav/xsim'
INFO: [Vivado 12-13660] Precompiled IP simulation library mode is enabled (default). The design IP libraries will be referenced from the compiled library path. Please note that if the precompiled version of the library is not found from the path or the IP is in locked state, then the library source files for these IPs will be compiled locally as part of the compile order.
INFO: [Vivado 12-4795] Using compiled simulation libraries for IPs
INFO: [SIM-utils-51] Simulation object is 'sim_1'
INFO: [SIM-utils-72] Using boost library from 'D:/Apps/Study/Vivado/2025.2/Vivado/tps/boost_1_72_0'
INFO: [USF-XSim-7] Finding pre-compiled libraries...
INFO: [USF-XSim-11] File 'D:/Apps/Study/Vivado/2025.2/Vivado/data/xsim/xsim.ini' copied to run dir:'D:/HK6/Project1/testing/matmul_array/matmul/matmul.sim/sim_1/behav/xsim'
INFO: [SIM-utils-54] Inspecting design source files for 'tb_gemm_accelerator' in fileset 'sim_1'...
INFO: [SIM-utils-43] Exported 'D:/HK6/Project1/testing/matmul_array/matmul/matmul.sim/sim_1/behav/xsim/sc_xtlm_gemm_block_axi_smc_1_0.mem'
INFO: [SIM-utils-43] Exported 'D:/HK6/Project1/testing/matmul_array/matmul/matmul.sim/sim_1/behav/xsim/sc_xtlm_gemm_block_axi_smc_0.mem'
INFO: [USF-XSim-97] Finding global include files...
INFO: [USF-XSim-98] Fetching design files from 'sim_1'...
INFO: [USF-XSim-2] XSim::Compile design
INFO: [USF-XSim-61] Executing 'COMPILE and ANALYZE' step in 'D:/HK6/Project1/testing/matmul_array/matmul/matmul.sim/sim_1/behav/xsim'
"xvlog --incr --relax -L smartconnect_v1_0 -L axi_vip_v1_1_22 -L zynq_ultra_ps_e_vip_v1_0_22 -L xilinx_vip -prj tb_gemm_accelerator_vlog.prj"
INFO: [VRFC 10-2263] Analyzing Verilog file "D:/HK6/Project1/testing/matmul_array/matmul/matmul.srcs/sources_1/new/bram_input_buffer.v" into library xil_defaultlib
INFO: [VRFC 10-311] analyzing module bram_input_buffer
INFO: [VRFC 10-2263] Analyzing Verilog file "D:/HK6/Project1/testing/matmul_array/matmul/matmul.srcs/sources_1/new/gemm_accelerator.v" into library xil_defaultlib
INFO: [VRFC 10-311] analyzing module gemm_accelerator
INFO: [VRFC 10-2263] Analyzing Verilog file "D:/HK6/Project1/testing/matmul_array/matmul/matmul.srcs/sources_1/imports/sources_1/imports/new/mac_core.v" into library xil_defaultlib
INFO: [VRFC 10-311] analyzing module mac_core
INFO: [VRFC 10-2263] Analyzing Verilog file "D:/HK6/Project1/testing/matmul_array/matmul/matmul.srcs/sources_1/imports/sources_1/imports/new/matmul_array.v" into library xil_defaultlib
INFO: [VRFC 10-311] analyzing module matmul_array
INFO: [VRFC 10-2263] Analyzing Verilog file "D:/HK6/Project1/testing/matmul_array/matmul/matmul.srcs/sources_1/new/output_serializer.v" into library xil_defaultlib
INFO: [VRFC 10-311] analyzing module output_serializer
INFO: [VRFC 10-2263] Analyzing Verilog file "D:/HK6/Project1/testing/matmul_array/matmul/matmul.srcs/sources_1/imports/sources_1/imports/new/pe_wrapper.v" into library xil_defaultlib
INFO: [VRFC 10-311] analyzing module pe_wrapper
INFO: [VRFC 10-2263] Analyzing Verilog file "D:/HK6/Project1/testing/matmul_array/matmul/matmul.srcs/sources_1/new/sc_fifo_fwft.v" into library xil_defaultlib
INFO: [VRFC 10-311] analyzing module sc_fifo_fwft
INFO: [VRFC 10-2263] Analyzing Verilog file "D:/HK6/Project1/testing/matmul_array/matmul/matmul.srcs/sources_1/new/shift_register_delay.v" into library xil_defaultlib
INFO: [VRFC 10-311] analyzing module shift_register_delay
INFO: [VRFC 10-2263] Analyzing Verilog file "D:/HK6/Project1/testing/matmul_array/matmul/matmul.srcs/sources_1/new/skew_network.v" into library xil_defaultlib
INFO: [VRFC 10-311] analyzing module skew_network
INFO: [VRFC 10-2263] Analyzing Verilog file "D:/HK6/Project1/testing/matmul_array/matmul/matmul.srcs/sources_1/new/systolic_dataflow_ctrl.v" into library xil_defaultlib
INFO: [VRFC 10-311] analyzing module systolic_dataflow_ctrl
INFO: [VRFC 10-2263] Analyzing Verilog file "D:/HK6/Project1/testing/matmul_array/matmul/matmul.srcs/sim_1/new/tb_gemm_accelerator.v" into library xil_defaultlib
INFO: [VRFC 10-311] analyzing module tb_gemm_accelerator
ERROR: [VRFC 10-8885] declarations are not allowed in an unnamed block [D:/HK6/Project1/testing/matmul_array/matmul/matmul.srcs/sim_1/new/tb_gemm_accelerator.v:150]
WARNING: [VRFC 10-3824] variable 'chunk_a' must explicitly be declared as automatic or static [D:/HK6/Project1/testing/matmul_array/matmul/matmul.srcs/sim_1/new/tb_gemm_accelerator.v:150]
ERROR: [VRFC 10-8530] module 'tb_gemm_accelerator' is ignored due to previous errors [D:/HK6/Project1/testing/matmul_array/matmul/matmul.srcs/sim_1/new/tb_gemm_accelerator.v:3]
INFO: [USF-XSim-69] 'compile' step finished in '3' seconds
INFO: [USF-XSim-99] Step results log file:'D:/HK6/Project1/testing/matmul_array/matmul/matmul.sim/sim_1/behav/xsim/xvlog.log'
ERROR: [USF-XSim-62] 'compile' step failed with error(s). Please check the Tcl console output or 'D:/HK6/Project1/testing/matmul_array/matmul/matmul.sim/sim_1/behav/xsim/xvlog.log' file for more information.
ERROR: [Vivado 12-4473] Detected error while running simulation. Please correct the issue and retry this operation.
ERROR: [Common 17-39] 'launch_simulation' failed due to earlier errors.
WARNING: [filemgmt 56-199] Attempt to get parsing info during refresh. "On-the-fly" syntax checking information may be incorrect. [D:\HK6\Project1\testing\matmul_array\matmul\matmul.srcs\sources_1\new\systolic_dataflow_ctrl.v:]
WARNING: [filemgmt 56-199] Attempt to get parsing info during refresh. "On-the-fly" syntax checking information may be incorrect. [D:\HK6\Project1\testing\matmul_array\matmul\matmul.srcs\sim_1\new\tb_gemm_accelerator.v:]
WARNING: [filemgmt 56-199] Attempt to get parsing info during refresh. "On-the-fly" syntax checking information may be incorrect. [D:\HK6\Project1\testing\matmul_array\matmul\matmul.srcs\sources_1\new\gemm_accelerator.v:]
WARNING: [filemgmt 56-199] Attempt to get parsing info during refresh. "On-the-fly" syntax checking information may be incorrect. [D:\HK6\Project1\testing\matmul_array\matmul\matmul.srcs\sources_1\new\skew_network.v:]
WARNING: [filemgmt 56-199] Attempt to get parsing info during refresh. "On-the-fly" syntax checking information may be incorrect. [D:\HK6\Project1\testing\matmul_array\matmul\matmul.srcs\sources_1\new\bram_input_buffer.v:]
WARNING: [filemgmt 56-199] Attempt to get parsing info during refresh. "On-the-fly" syntax checking information may be incorrect. [D:\HK6\Project1\testing\matmul_array\matmul\matmul.srcs\sources_1\new\skew_network.v:]
WARNING: [filemgmt 56-199] Attempt to get parsing info during refresh. "On-the-fly" syntax checking information may be incorrect. [D:\HK6\Project1\testing\matmul_array\matmul\matmul.srcs\sources_1\new\skew_network.v:]
WARNING: [filemgmt 56-199] Attempt to get parsing info during refresh. "On-the-fly" syntax checking information may be incorrect. [D:\HK6\Project1\testing\matmul_array\matmul\matmul.srcs\sources_1\new\systolic_dataflow_ctrl.v:]
WARNING: [filemgmt 56-199] Attempt to get parsing info during refresh. "On-the-fly" syntax checking information may be incorrect. [D:\HK6\Project1\testing\matmul_array\matmul\matmul.srcs\sim_1\new\tb_gemm_accelerator.v:]
WARNING: [filemgmt 56-199] Attempt to get parsing info during refresh. "On-the-fly" syntax checking information may be incorrect. [D:\HK6\Project1\testing\matmul_array\matmul\matmul.srcs\sources_1\new\gemm_accelerator.v:]
WARNING: [filemgmt 56-199] Attempt to get parsing info during refresh. "On-the-fly" syntax checking information may be incorrect. [D:\HK6\Project1\testing\matmul_array\matmul\matmul.srcs\sources_1\new\skew_network.v:]
WARNING: [filemgmt 56-199] Attempt to get parsing info during refresh. "On-the-fly" syntax checking information may be incorrect. [D:\HK6\Project1\testing\matmul_array\matmul\matmul.srcs\sources_1\new\bram_input_buffer.v:]
WARNING: [filemgmt 56-199] Attempt to get parsing info during refresh. "On-the-fly" syntax checking information may be incorrect. [D:\HK6\Project1\testing\matmul_array\matmul\matmul.srcs\sim_1\new\tb_gemm_accelerator.v:]
WARNING: [filemgmt 56-199] Attempt to get parsing info during refresh. "On-the-fly" syntax checking information may be incorrect. [D:\HK6\Project1\testing\matmul_array\matmul\matmul.srcs\sim_1\new\tb_gemm_accelerator.v:]
ERROR: [Common 17-180] Spawn failed: The operation completed successfully.

WARNING: [filemgmt 56-199] Attempt to get parsing info during refresh. "On-the-fly" syntax checking information may be incorrect. [D:\HK6\Project1\testing\matmul_array\matmul\matmul.srcs\sources_1\new\systolic_dataflow_ctrl.v:]
WARNING: [filemgmt 56-199] Attempt to get parsing info during refresh. "On-the-fly" syntax checking information may be incorrect. [D:\HK6\Project1\testing\matmul_array\matmul\matmul.srcs\sim_1\new\tb_gemm_accelerator.v:]
WARNING: [filemgmt 56-199] Attempt to get parsing info during refresh. "On-the-fly" syntax checking information may be incorrect. [D:\HK6\Project1\testing\matmul_array\matmul\matmul.srcs\sources_1\new\gemm_accelerator.v:]
WARNING: [filemgmt 56-199] Attempt to get parsing info during refresh. "On-the-fly" syntax checking information may be incorrect. [D:\HK6\Project1\testing\matmul_array\matmul\matmul.srcs\sources_1\new\skew_network.v:]
WARNING: [filemgmt 56-199] Attempt to get parsing info during refresh. "On-the-fly" syntax checking information may be incorrect. [D:\HK6\Project1\testing\matmul_array\matmul\matmul.srcs\sources_1\new\bram_input_buffer.v:]
WARNING: [filemgmt 56-199] Attempt to get parsing info during refresh. "On-the-fly" syntax checking information may be incorrect. [D:\HK6\Project1\testing\matmul_array\matmul\matmul.srcs\sources_1\new\systolic_dataflow_ctrl.v:]
WARNING: [filemgmt 56-199] Attempt to get parsing info during refresh. "On-the-fly" syntax checking information may be incorrect. [D:\HK6\Project1\testing\matmul_array\matmul\matmul.srcs\sources_1\new\systolic_dataflow_ctrl.v:]
ERROR: [Common 17-180] Spawn failed: The operation completed successfully.

launch_simulation
Command: launch_simulation 
INFO: [Vivado 12-25911] Executing simulation for 'XSim' simulator
INFO: [Vivado 12-28535] Process started - Fri Apr 10 23:18:26 2026

INFO: [Vivado 12-12493] Simulation top is 'tb_gemm_accelerator'
INFO: [Vivado 12-5682] Launching behavioral simulation in 'D:/HK6/Project1/testing/matmul_array/matmul/matmul.sim/sim_1/behav/xsim'
INFO: [Vivado 12-13660] Precompiled IP simulation library mode is enabled (default). The design IP libraries will be referenced from the compiled library path. Please note that if the precompiled version of the library is not found from the path or the IP is in locked state, then the library source files for these IPs will be compiled locally as part of the compile order.
INFO: [Vivado 12-4795] Using compiled simulation libraries for IPs
INFO: [SIM-utils-51] Simulation object is 'sim_1'
INFO: [SIM-utils-72] Using boost library from 'D:/Apps/Study/Vivado/2025.2/Vivado/tps/boost_1_72_0'
INFO: [USF-XSim-7] Finding pre-compiled libraries...
INFO: [USF-XSim-11] File 'D:/Apps/Study/Vivado/2025.2/Vivado/data/xsim/xsim.ini' copied to run dir:'D:/HK6/Project1/testing/matmul_array/matmul/matmul.sim/sim_1/behav/xsim'
INFO: [SIM-utils-54] Inspecting design source files for 'tb_gemm_accelerator' in fileset 'sim_1'...
INFO: [SIM-utils-43] Exported 'D:/HK6/Project1/testing/matmul_array/matmul/matmul.sim/sim_1/behav/xsim/sc_xtlm_gemm_block_axi_smc_1_0.mem'
INFO: [SIM-utils-43] Exported 'D:/HK6/Project1/testing/matmul_array/matmul/matmul.sim/sim_1/behav/xsim/sc_xtlm_gemm_block_axi_smc_0.mem'
INFO: [USF-XSim-97] Finding global include files...
INFO: [USF-XSim-98] Fetching design files from 'sim_1'...
INFO: [USF-XSim-2] XSim::Compile design
INFO: [USF-XSim-61] Executing 'COMPILE and ANALYZE' step in 'D:/HK6/Project1/testing/matmul_array/matmul/matmul.sim/sim_1/behav/xsim'
"xvlog --incr --relax -L smartconnect_v1_0 -L axi_vip_v1_1_22 -L zynq_ultra_ps_e_vip_v1_0_22 -L xilinx_vip -prj tb_gemm_accelerator_vlog.prj"
INFO: [VRFC 10-2263] Analyzing Verilog file "D:/HK6/Project1/testing/matmul_array/matmul/matmul.srcs/sources_1/new/bram_input_buffer.v" into library xil_defaultlib
INFO: [VRFC 10-311] analyzing module bram_input_buffer
INFO: [VRFC 10-2263] Analyzing Verilog file "D:/HK6/Project1/testing/matmul_array/matmul/matmul.srcs/sources_1/new/gemm_accelerator.v" into library xil_defaultlib
INFO: [VRFC 10-311] analyzing module gemm_accelerator
INFO: [VRFC 10-2263] Analyzing Verilog file "D:/HK6/Project1/testing/matmul_array/matmul/matmul.srcs/sources_1/imports/sources_1/imports/new/mac_core.v" into library xil_defaultlib
INFO: [VRFC 10-311] analyzing module mac_core
INFO: [VRFC 10-2263] Analyzing Verilog file "D:/HK6/Project1/testing/matmul_array/matmul/matmul.srcs/sources_1/imports/sources_1/imports/new/matmul_array.v" into library xil_defaultlib
INFO: [VRFC 10-311] analyzing module matmul_array
INFO: [VRFC 10-2263] Analyzing Verilog file "D:/HK6/Project1/testing/matmul_array/matmul/matmul.srcs/sources_1/new/output_serializer.v" into library xil_defaultlib
INFO: [VRFC 10-311] analyzing module output_serializer
INFO: [VRFC 10-2263] Analyzing Verilog file "D:/HK6/Project1/testing/matmul_array/matmul/matmul.srcs/sources_1/imports/sources_1/imports/new/pe_wrapper.v" into library xil_defaultlib
INFO: [VRFC 10-311] analyzing module pe_wrapper
INFO: [VRFC 10-2263] Analyzing Verilog file "D:/HK6/Project1/testing/matmul_array/matmul/matmul.srcs/sources_1/new/sc_fifo_fwft.v" into library xil_defaultlib
INFO: [VRFC 10-311] analyzing module sc_fifo_fwft
INFO: [VRFC 10-2263] Analyzing Verilog file "D:/HK6/Project1/testing/matmul_array/matmul/matmul.srcs/sources_1/new/shift_register_delay.v" into library xil_defaultlib
INFO: [VRFC 10-311] analyzing module shift_register_delay
INFO: [VRFC 10-2263] Analyzing Verilog file "D:/HK6/Project1/testing/matmul_array/matmul/matmul.srcs/sources_1/new/skew_network.v" into library xil_defaultlib
INFO: [VRFC 10-311] analyzing module skew_network
INFO: [VRFC 10-2263] Analyzing Verilog file "D:/HK6/Project1/testing/matmul_array/matmul/matmul.srcs/sources_1/new/systolic_dataflow_ctrl.v" into library xil_defaultlib
INFO: [VRFC 10-311] analyzing module systolic_dataflow_ctrl
INFO: [VRFC 10-2263] Analyzing Verilog file "D:/HK6/Project1/testing/matmul_array/matmul/matmul.srcs/sim_1/new/tb_gemm_accelerator.v" into library xil_defaultlib
INFO: [VRFC 10-311] analyzing module tb_gemm_accelerator
ERROR: [VRFC 10-8885] declarations are not allowed in an unnamed block [D:/HK6/Project1/testing/matmul_array/matmul/matmul.srcs/sim_1/new/tb_gemm_accelerator.v:150]
WARNING: [VRFC 10-3824] variable 'chunk_a' must explicitly be declared as automatic or static [D:/HK6/Project1/testing/matmul_array/matmul/matmul.srcs/sim_1/new/tb_gemm_accelerator.v:150]
ERROR: [VRFC 10-8530] module 'tb_gemm_accelerator' is ignored due to previous errors [D:/HK6/Project1/testing/matmul_array/matmul/matmul.srcs/sim_1/new/tb_gemm_accelerator.v:3]
INFO: [USF-XSim-69] 'compile' step finished in '3' seconds
INFO: [USF-XSim-99] Step results log file:'D:/HK6/Project1/testing/matmul_array/matmul/matmul.sim/sim_1/behav/xsim/xvlog.log'
ERROR: [USF-XSim-62] 'compile' step failed with error(s). Please check the Tcl console output or 'D:/HK6/Project1/testing/matmul_array/matmul/matmul.sim/sim_1/behav/xsim/xvlog.log' file for more information.
ERROR: [Vivado 12-4473] Detected error while running simulation. Please correct the issue and retry this operation.
ERROR: [Common 17-39] 'launch_simulation' failed due to earlier errors.
WARNING: [filemgmt 56-199] Attempt to get parsing info during refresh. "On-the-fly" syntax checking information may be incorrect. [D:\HK6\Project1\testing\matmul_array\matmul\matmul.srcs\sources_1\new\systolic_dataflow_ctrl.v:]
WARNING: [filemgmt 56-199] Attempt to get parsing info during refresh. "On-the-fly" syntax checking information may be incorrect. [D:\HK6\Project1\testing\matmul_array\matmul\matmul.srcs\sim_1\new\tb_gemm_accelerator.v:]
WARNING: [filemgmt 56-199] Attempt to get parsing info during refresh. "On-the-fly" syntax checking information may be incorrect. [D:\HK6\Project1\testing\matmul_array\matmul\matmul.srcs\sources_1\new\gemm_accelerator.v:]
WARNING: [filemgmt 56-199] Attempt to get parsing info during refresh. "On-the-fly" syntax checking information may be incorrect. [D:\HK6\Project1\testing\matmul_array\matmul\matmul.srcs\sources_1\new\skew_network.v:]
WARNING: [filemgmt 56-199] Attempt to get parsing info during refresh. "On-the-fly" syntax checking information may be incorrect. [D:\HK6\Project1\testing\matmul_array\matmul\matmul.srcs\sources_1\new\bram_input_buffer.v:]
WARNING: [filemgmt 56-199] Attempt to get parsing info during refresh. "On-the-fly" syntax checking information may be incorrect. [D:\HK6\Project1\testing\matmul_array\matmul\matmul.srcs\sources_1\new\gemm_accelerator.v:]
WARNING: [filemgmt 56-199] Attempt to get parsing info during refresh. "On-the-fly" syntax checking information may be incorrect. [D:\HK6\Project1\testing\matmul_array\matmul\matmul.srcs\sources_1\new\gemm_accelerator.v:]
WARNING: [filemgmt 56-199] Attempt to get parsing info during refresh. "On-the-fly" syntax checking information may be incorrect. [D:\HK6\Project1\testing\matmul_array\matmul\matmul.srcs\sources_1\new\systolic_dataflow_ctrl.v:]
WARNING: [filemgmt 56-199] Attempt to get parsing info during refresh. "On-the-fly" syntax checking information may be incorrect. [D:\HK6\Project1\testing\matmul_array\matmul\matmul.srcs\sim_1\new\tb_gemm_accelerator.v:]
WARNING: [filemgmt 56-199] Attempt to get parsing info during refresh. "On-the-fly" syntax checking information may be incorrect. [D:\HK6\Project1\testing\matmul_array\matmul\matmul.srcs\sources_1\new\gemm_accelerator.v:]
WARNING: [filemgmt 56-199] Attempt to get parsing info during refresh. "On-the-fly" syntax checking information may be incorrect. [D:\HK6\Project1\testing\matmul_array\matmul\matmul.srcs\sources_1\new\skew_network.v:]
WARNING: [filemgmt 56-199] Attempt to get parsing info during refresh. "On-the-fly" syntax checking information may be incorrect. [D:\HK6\Project1\testing\matmul_array\matmul\matmul.srcs\sources_1\new\bram_input_buffer.v:]
WARNING: [filemgmt 56-199] Attempt to get parsing info during refresh. "On-the-fly" syntax checking information may be incorrect. [D:\HK6\Project1\testing\matmul_array\matmul\matmul.srcs\sources_1\new\systolic_dataflow_ctrl.v:]
WARNING: [filemgmt 56-199] Attempt to get parsing info during refresh. "On-the-fly" syntax checking information may be incorrect. [D:\HK6\Project1\testing\matmul_array\matmul\matmul.srcs\sources_1\new\systolic_dataflow_ctrl.v:]
WARNING: [filemgmt 56-199] Attempt to get parsing info during refresh. "On-the-fly" syntax checking information may be incorrect. [D:\HK6\Project1\testing\matmul_array\matmul\matmul.srcs\sources_1\new\systolic_dataflow_ctrl.v:]
WARNING: [filemgmt 56-199] Attempt to get parsing info during refresh. "On-the-fly" syntax checking information may be incorrect. [D:\HK6\Project1\testing\matmul_array\matmul\matmul.srcs\sim_1\new\tb_gemm_accelerator.v:]
WARNING: [filemgmt 56-199] Attempt to get parsing info during refresh. "On-the-fly" syntax checking information may be incorrect. [D:\HK6\Project1\testing\matmul_array\matmul\matmul.srcs\sources_1\new\gemm_accelerator.v:]
WARNING: [filemgmt 56-199] Attempt to get parsing info during refresh. "On-the-fly" syntax checking information may be incorrect. [D:\HK6\Project1\testing\matmul_array\matmul\matmul.srcs\sources_1\new\skew_network.v:]
WARNING: [filemgmt 56-199] Attempt to get parsing info during refresh. "On-the-fly" syntax checking information may be incorrect. [D:\HK6\Project1\testing\matmul_array\matmul\matmul.srcs\sources_1\new\bram_input_buffer.v:]
WARNING: [filemgmt 56-199] Attempt to get parsing info during refresh. "On-the-fly" syntax checking information may be incorrect. [D:\HK6\Project1\testing\matmul_array\matmul\matmul.srcs\sources_1\new\skew_network.v:]
WARNING: [filemgmt 56-199] Attempt to get parsing info during refresh. "On-the-fly" syntax checking information may be incorrect. [D:\HK6\Project1\testing\matmul_array\matmul\matmul.srcs\sources_1\new\skew_network.v:]
launch_simulation
Command: launch_simulation 
INFO: [Vivado 12-25911] Executing simulation for 'XSim' simulator
INFO: [Vivado 12-28535] Process started - Fri Apr 10 23:20:01 2026

INFO: [Vivado 12-12493] Simulation top is 'tb_gemm_accelerator'
INFO: [Vivado 12-5682] Launching behavioral simulation in 'D:/HK6/Project1/testing/matmul_array/matmul/matmul.sim/sim_1/behav/xsim'
INFO: [Vivado 12-13660] Precompiled IP simulation library mode is enabled (default). The design IP libraries will be referenced from the compiled library path. Please note that if the precompiled version of the library is not found from the path or the IP is in locked state, then the library source files for these IPs will be compiled locally as part of the compile order.
INFO: [Vivado 12-4795] Using compiled simulation libraries for IPs
INFO: [SIM-utils-51] Simulation object is 'sim_1'
INFO: [SIM-utils-72] Using boost library from 'D:/Apps/Study/Vivado/2025.2/Vivado/tps/boost_1_72_0'
INFO: [USF-XSim-7] Finding pre-compiled libraries...
INFO: [USF-XSim-11] File 'D:/Apps/Study/Vivado/2025.2/Vivado/data/xsim/xsim.ini' copied to run dir:'D:/HK6/Project1/testing/matmul_array/matmul/matmul.sim/sim_1/behav/xsim'
INFO: [SIM-utils-54] Inspecting design source files for 'tb_gemm_accelerator' in fileset 'sim_1'...
INFO: [SIM-utils-43] Exported 'D:/HK6/Project1/testing/matmul_array/matmul/matmul.sim/sim_1/behav/xsim/sc_xtlm_gemm_block_axi_smc_1_0.mem'
INFO: [SIM-utils-43] Exported 'D:/HK6/Project1/testing/matmul_array/matmul/matmul.sim/sim_1/behav/xsim/sc_xtlm_gemm_block_axi_smc_0.mem'
INFO: [USF-XSim-97] Finding global include files...
INFO: [USF-XSim-98] Fetching design files from 'sim_1'...
INFO: [USF-XSim-2] XSim::Compile design
INFO: [USF-XSim-61] Executing 'COMPILE and ANALYZE' step in 'D:/HK6/Project1/testing/matmul_array/matmul/matmul.sim/sim_1/behav/xsim'
"xvlog --incr --relax -L smartconnect_v1_0 -L axi_vip_v1_1_22 -L zynq_ultra_ps_e_vip_v1_0_22 -L xilinx_vip -prj tb_gemm_accelerator_vlog.prj"
INFO: [VRFC 10-2263] Analyzing Verilog file "D:/HK6/Project1/testing/matmul_array/matmul/matmul.srcs/sources_1/new/bram_input_buffer.v" into library xil_defaultlib
INFO: [VRFC 10-311] analyzing module bram_input_buffer
INFO: [VRFC 10-2263] Analyzing Verilog file "D:/HK6/Project1/testing/matmul_array/matmul/matmul.srcs/sources_1/new/gemm_accelerator.v" into library xil_defaultlib
INFO: [VRFC 10-311] analyzing module gemm_accelerator
INFO: [VRFC 10-2263] Analyzing Verilog file "D:/HK6/Project1/testing/matmul_array/matmul/matmul.srcs/sources_1/imports/sources_1/imports/new/mac_core.v" into library xil_defaultlib
INFO: [VRFC 10-311] analyzing module mac_core
INFO: [VRFC 10-2263] Analyzing Verilog file "D:/HK6/Project1/testing/matmul_array/matmul/matmul.srcs/sources_1/imports/sources_1/imports/new/matmul_array.v" into library xil_defaultlib
INFO: [VRFC 10-311] analyzing module matmul_array
INFO: [VRFC 10-2263] Analyzing Verilog file "D:/HK6/Project1/testing/matmul_array/matmul/matmul.srcs/sources_1/new/output_serializer.v" into library xil_defaultlib
INFO: [VRFC 10-311] analyzing module output_serializer
INFO: [VRFC 10-2263] Analyzing Verilog file "D:/HK6/Project1/testing/matmul_array/matmul/matmul.srcs/sources_1/imports/sources_1/imports/new/pe_wrapper.v" into library xil_defaultlib
INFO: [VRFC 10-311] analyzing module pe_wrapper
INFO: [VRFC 10-2263] Analyzing Verilog file "D:/HK6/Project1/testing/matmul_array/matmul/matmul.srcs/sources_1/new/sc_fifo_fwft.v" into library xil_defaultlib
INFO: [VRFC 10-311] analyzing module sc_fifo_fwft
INFO: [VRFC 10-2263] Analyzing Verilog file "D:/HK6/Project1/testing/matmul_array/matmul/matmul.srcs/sources_1/new/shift_register_delay.v" into library xil_defaultlib
INFO: [VRFC 10-311] analyzing module shift_register_delay
INFO: [VRFC 10-2263] Analyzing Verilog file "D:/HK6/Project1/testing/matmul_array/matmul/matmul.srcs/sources_1/new/skew_network.v" into library xil_defaultlib
INFO: [VRFC 10-311] analyzing module skew_network
INFO: [VRFC 10-2263] Analyzing Verilog file "D:/HK6/Project1/testing/matmul_array/matmul/matmul.srcs/sources_1/new/systolic_dataflow_ctrl.v" into library xil_defaultlib
INFO: [VRFC 10-311] analyzing module systolic_dataflow_ctrl
INFO: [VRFC 10-2263] Analyzing Verilog file "D:/HK6/Project1/testing/matmul_array/matmul/matmul.srcs/sim_1/new/tb_gemm_accelerator.v" into library xil_defaultlib
INFO: [VRFC 10-311] analyzing module tb_gemm_accelerator
INFO: [USF-XSim-69] 'compile' step finished in '2' seconds
INFO: [USF-XSim-3] XSim::Elaborate design
INFO: [USF-XSim-61] Executing 'ELABORATE' step in 'D:/HK6/Project1/testing/matmul_array/matmul/matmul.sim/sim_1/behav/xsim'
"xelab --incr --debug typical --relax --mt 2 -L xil_defaultlib -L xilinx_vip -L unisims_ver -L unimacro_ver -L secureip -L xpm --snapshot tb_gemm_accelerator_behav xil_defaultlib.tb_gemm_accelerator xil_defaultlib.glbl -log elaborate.log"
Vivado Simulator v2025.2
Copyright 1986-2022 Xilinx, Inc. All Rights Reserved.
Copyright 2022-2025 Advanced Micro Devices, Inc. All Rights Reserved.
Running: D:/Apps/Study/Vivado/2025.2/Vivado/bin/unwrapped/win64.o/xelab.exe --incr --debug typical --relax --mt 2 -L xil_defaultlib -L xilinx_vip -L unisims_ver -L unimacro_ver -L secureip -L xpm --snapshot tb_gemm_accelerator_behav xil_defaultlib.tb_gemm_accelerator xil_defaultlib.glbl -log elaborate.log 
Using 2 slave threads.
Starting static elaboration
Pass Through NonSizing Optimizer
WARNING: [VRFC 10-3091] actual bit length 16 differs from formal bit length 1 for port 'valid_delay' [D:/HK6/Project1/testing/matmul_array/matmul/matmul.srcs/sources_1/new/gemm_accelerator.v:111]
WARNING: [VRFC 10-3091] actual bit length 16 differs from formal bit length 1 for port 'clear_delay' [D:/HK6/Project1/testing/matmul_array/matmul/matmul.srcs/sources_1/new/gemm_accelerator.v:112]
WARNING: [VRFC 10-3091] actual bit length 16 differs from formal bit length 1 for port 'last_mac_delay' [D:/HK6/Project1/testing/matmul_array/matmul/matmul.srcs/sources_1/new/gemm_accelerator.v:113]
Completed static elaboration
Starting simulation data flow analysis
Completed simulation data flow analysis
Time Resolution for simulation is 1ps
Compiling module xil_defaultlib.bram_input_buffer_default
Compiling module xil_defaultlib.systolic_dataflow_ctrl
Compiling module xil_defaultlib.shift_register_delay(DELAY_CYCLE...
Compiling module xil_defaultlib.shift_register_delay(DATA_WIDTH=...
Compiling module xil_defaultlib.shift_register_delay_default
Compiling module xil_defaultlib.shift_register_delay(DATA_WIDTH=...
Compiling module xil_defaultlib.shift_register_delay(DELAY_CYCLE...
Compiling module xil_defaultlib.shift_register_delay(DATA_WIDTH=...
Compiling module xil_defaultlib.shift_register_delay(DELAY_CYCLE...
Compiling module xil_defaultlib.shift_register_delay(DATA_WIDTH=...
Compiling module xil_defaultlib.shift_register_delay(DELAY_CYCLE...
Compiling module xil_defaultlib.shift_register_delay(DATA_WIDTH=...
Compiling module xil_defaultlib.shift_register_delay(DELAY_CYCLE...
Compiling module xil_defaultlib.shift_register_delay(DATA_WIDTH=...
Compiling module xil_defaultlib.shift_register_delay(DELAY_CYCLE...
Compiling module xil_defaultlib.shift_register_delay(DATA_WIDTH=...
Compiling module xil_defaultlib.shift_register_delay(DELAY_CYCLE...
Compiling module xil_defaultlib.shift_register_delay(DATA_WIDTH=...
Compiling module xil_defaultlib.shift_register_delay(DELAY_CYCLE...
Compiling module xil_defaultlib.shift_register_delay(DATA_WIDTH=...
Compiling module xil_defaultlib.shift_register_delay(DELAY_CYCLE...
Compiling module xil_defaultlib.shift_register_delay(DATA_WIDTH=...
Compiling module xil_defaultlib.shift_register_delay(DELAY_CYCLE...
Compiling module xil_defaultlib.shift_register_delay(DATA_WIDTH=...
Compiling module xil_defaultlib.shift_register_delay(DELAY_CYCLE...
Compiling module xil_defaultlib.shift_register_delay(DATA_WIDTH=...
Compiling module xil_defaultlib.shift_register_delay(DELAY_CYCLE...
Compiling module xil_defaultlib.shift_register_delay(DATA_WIDTH=...
Compiling module xil_defaultlib.shift_register_delay(DELAY_CYCLE...
Compiling module xil_defaultlib.shift_register_delay(DATA_WIDTH=...
Compiling module xil_defaultlib.shift_register_delay(DELAY_CYCLE...
Compiling module xil_defaultlib.shift_register_delay(DATA_WIDTH=...
Compiling module xil_defaultlib.shift_register_delay(DELAY_CYCLE...
Compiling module xil_defaultlib.shift_register_delay(DATA_WIDTH=...
Compiling module xil_defaultlib.skew_network_default
Compiling module xil_defaultlib.mac_core
Compiling module xil_defaultlib.pe_wrapper
Compiling module xil_defaultlib.matmul_array_default
Compiling module xil_defaultlib.output_serializer
Compiling module xpm.xpm_fifo_rst_default
Compiling module xpm.xpm_fifo_reg_bit
Compiling module xpm.xpm_counter_updn(COUNTER_WIDTH=1...
Compiling module xpm.xpm_counter_updn(COUNTER_WIDTH=1...
Compiling module xpm.xpm_memory_base(MEMORY_TYPE=1,ME...
Compiling module xpm.xpm_counter_updn(COUNTER_WIDTH=2...
Compiling module xpm.xpm_fifo_base(FIFO_MEMORY_TYPE=2...
Compiling module xpm.xpm_fifo_sync(FIFO_MEMORY_TYPE="...
Compiling module xil_defaultlib.sc_fifo_fwft
Compiling module xil_defaultlib.gemm_accelerator
Compiling module xil_defaultlib.tb_gemm_accelerator
Compiling module xil_defaultlib.glbl
Built simulation snapshot tb_gemm_accelerator_behav
INFO: [USF-XSim-69] 'elaborate' step finished in '16' seconds
INFO: [USF-XSim-4] XSim::Simulate design
INFO: [USF-XSim-61] Executing 'SIMULATE' step in 'D:/HK6/Project1/testing/matmul_array/matmul/matmul.sim/sim_1/behav/xsim'
INFO: [USF-XSim-98] *** Running xsim
   with args "tb_gemm_accelerator_behav -key {Behavioral:sim_1:Functional:tb_gemm_accelerator} -tclbatch {tb_gemm_accelerator.tcl} -protoinst "protoinst_files/bd_31d6.protoinst" -protoinst "protoinst_files/bd_90f7.protoinst" -protoinst "protoinst_files/gemm_block.protoinst" -log {simulate.log}"
INFO: [USF-XSim-8] Loading simulator feature
INFO: [Wavedata 42-565] Reading protoinst file protoinst_files/bd_31d6.protoinst
WARNING: [Wavedata 42-558] Couldn't load one or more protocol instances from protoinst file protoinst_files/bd_31d6.protoinst for the following reason(s):
There are no instances of module "bd_31d6" in the design.

INFO: [Wavedata 42-565] Reading protoinst file protoinst_files/bd_90f7.protoinst
WARNING: [Wavedata 42-558] Couldn't load one or more protocol instances from protoinst file protoinst_files/bd_90f7.protoinst for the following reason(s):
There are no instances of module "bd_90f7" in the design.

INFO: [Wavedata 42-565] Reading protoinst file protoinst_files/gemm_block.protoinst
WARNING: [Wavedata 42-558] Couldn't load one or more protocol instances from protoinst file protoinst_files/gemm_block.protoinst for the following reason(s):
There are no instances of module "gemm_block" in the design.

Time resolution is 1 ps
source tb_gemm_accelerator.tcl
# set curr_wave [current_wave_config]
# if { [string length $curr_wave] == 0 } {
#   if { [llength [get_objects]] > 0} {
#     add_wave /
#     set_property needs_save false [current_wave_config]
#   } else {
#      send_msg_id Add_Wave-1 WARNING "No top level signals found. Simulator will start without a wave window. If you want to open a wave window go to 'File->New Waveform Configuration' or type 'create_wave_config' in the TCL console."
#   }
# }
# run 1000ns
[120000 ns] [TESTBENCH] Bat dau nap du lieu vao Ping-Pong Buffer...
---------------------------------------------------------------
[163000 ns] [PING-PONG] DMA GHI DAY Bank 0 -> Bi nghen!
[163000 ns] [PING-PONG] => NPU dang DOC Bank 1 (Song song)
---------------------------------------------------------------
[193000 ns] [PING-PONG] DMA GHI DAY Bank 1 -> Bi nghen!
[193000 ns] [PING-PONG] => NPU dang DOC Bank 0 (Song song)
---------------------------------------------------------------
[203000 ns] [PING-PONG] NPU DOC XONG Bank 0 -> Phat tin hieu giai phong!
[203000 ns] [PING-PONG] => DMA thoat nghen, bat dau GHI TIEP vao Bank 0
[218000 ns] [DMA-A] DMA hoan thanh xong block 1
---------------------------------------------------------------
[223000 ns] [PING-PONG] DMA GHI DAY Bank 0 -> Bi nghen!
[223000 ns] [PING-PONG] => NPU dang DOC Bank 1 (Song song)
---------------------------------------------------------------
[233000 ns] [PING-PONG] NPU DOC XONG Bank 1 -> Phat tin hieu giai phong!
[233000 ns] [PING-PONG] => DMA thoat nghen, bat dau GHI TIEP vao Bank 1
---------------------------------------------------------------
[253000 ns] [PING-PONG] DMA GHI DAY Bank 1 -> Bi nghen!
[253000 ns] [PING-PONG] => NPU dang DOC Bank 0 (Song song)
---------------------------------------------------------------
[263000 ns] [PING-PONG] NPU DOC XONG Bank 0 -> Phat tin hieu giai phong!
[263000 ns] [PING-PONG] => DMA thoat nghen, bat dau GHI TIEP vao Bank 0
---------------------------------------------------------------
[283000 ns] [PING-PONG] DMA GHI DAY Bank 0 -> Bi nghen!
[283000 ns] [PING-PONG] => NPU dang DOC Bank 1 (Song song)
---------------------------------------------------------------
[293000 ns] [PING-PONG] NPU DOC XONG Bank 1 -> Phat tin hieu giai phong!
[293000 ns] [PING-PONG] => DMA thoat nghen, bat dau GHI TIEP vao Bank 1
---------------------------------------------------------------
[313000 ns] [PING-PONG] DMA GHI DAY Bank 1 -> Bi nghen!
[313000 ns] [PING-PONG] => NPU dang DOC Bank 0 (Song song)
---------------------------------------------------------------
[323000 ns] [PING-PONG] NPU DOC XONG Bank 0 -> Phat tin hieu giai phong!
[323000 ns] [PING-PONG] => DMA thoat nghen, bat dau GHI TIEP vao Bank 0
[338000 ns] [DMA-A] DMA hoan thanh xong block 2
---------------------------------------------------------------
[343000 ns] [PING-PONG] DMA GHI DAY Bank 0 -> Bi nghen!
[343000 ns] [PING-PONG] => NPU dang DOC Bank 1 (Song song)
---------------------------------------------------------------
[353000 ns] [PING-PONG] NPU DOC XONG Bank 1 -> Phat tin hieu giai phong!
[353000 ns] [PING-PONG] => DMA thoat nghen, bat dau GHI TIEP vao Bank 1
---------------------------------------------------------------
[373000 ns] [PING-PONG] DMA GHI DAY Bank 1 -> Bi nghen!
[373000 ns] [PING-PONG] => NPU dang DOC Bank 0 (Song song)
[373000] [ERROR] Sai lech tai C[15][0]: Ky vong = 17, NPU ra = 78
[378000] [ERROR] Sai lech tai C[15][1]: Ky vong = 56, NPU ra = 86
---------------------------------------------------------------
[383000 ns] [PING-PONG] NPU DOC XONG Bank 0 -> Phat tin hieu giai phong!
[383000 ns] [PING-PONG] => DMA thoat nghen, bat dau GHI TIEP vao Bank 0
[383000] [ERROR] Sai lech tai C[15][2]: Ky vong = 217, NPU ra = 64
[388000] [ERROR] Sai lech tai C[15][3]: Ky vong = -385, NPU ra = 78
[393000] [ERROR] Sai lech tai C[15][4]: Ky vong = 156, NPU ra = 33
[398000] [ERROR] Sai lech tai C[15][5]: Ky vong = 186, NPU ra = 106
---------------------------------------------------------------
[403000 ns] [PING-PONG] DMA GHI DAY Bank 0 -> Bi nghen!
[403000 ns] [PING-PONG] => NPU dang DOC Bank 1 (Song song)
[403000] [ERROR] Sai lech tai C[15][6]: Ky vong = 198, NPU ra = 1
[408000] [ERROR] Sai lech tai C[15][7]: Ky vong = -452, NPU ra = -105
---------------------------------------------------------------
[413000 ns] [PING-PONG] NPU DOC XONG Bank 1 -> Phat tin hieu giai phong!
[413000 ns] [PING-PONG] => DMA thoat nghen, bat dau GHI TIEP vao Bank 1
[413000] [ERROR] Sai lech tai C[15][8]: Ky vong = -68, NPU ra = -50
[418000] [ERROR] Sai lech tai C[15][9]: Ky vong = 8, NPU ra = -74
[423000] [ERROR] Sai lech tai C[15][10]: Ky vong = 390, NPU ra = 26
[428000] [ERROR] Sai lech tai C[15][11]: Ky vong = 118, NPU ra = -13
---------------------------------------------------------------
[433000 ns] [PING-PONG] DMA GHI DAY Bank 1 -> Bi nghen!
[433000 ns] [PING-PONG] => NPU dang DOC Bank 0 (Song song)
[433000] [ERROR] Sai lech tai C[15][12]: Ky vong = -136, NPU ra = 90
[438000] [ERROR] Sai lech tai C[15][13]: Ky vong = -276, NPU ra = -72
---------------------------------------------------------------
[443000 ns] [PING-PONG] NPU DOC XONG Bank 0 -> Phat tin hieu giai phong!
[443000 ns] [PING-PONG] => DMA thoat nghen, bat dau GHI TIEP vao Bank 0
[443000] [ERROR] Sai lech tai C[15][14]: Ky vong = -90, NPU ra = 13
[448000] [ERROR] Sai lech tai C[15][15]: Ky vong = -41, NPU ra = 21
[458000 ns] [DMA-A] DMA hoan thanh xong block 3
---------------------------------------------------------------
[463000 ns] [PING-PONG] DMA GHI DAY Bank 0 -> Bi nghen!
[463000 ns] [PING-PONG] => NPU dang DOC Bank 1 (Song song)
[468000] [ERROR] Sai lech tai C[14][0]: Ky vong = -98, NPU ra = -104
---------------------------------------------------------------
[473000 ns] [PING-PONG] NPU DOC XONG Bank 1 -> Phat tin hieu giai phong!
[473000 ns] [PING-PONG] => DMA thoat nghen, bat dau GHI TIEP vao Bank 1
[473000] [ERROR] Sai lech tai C[14][1]: Ky vong = -141, NPU ra = 92
[478000] [ERROR] Sai lech tai C[14][2]: Ky vong = 140, NPU ra = 55
[483000] [ERROR] Sai lech tai C[14][3]: Ky vong = 554, NPU ra = 199
[488000] [ERROR] Sai lech tai C[14][4]: Ky vong = 119, NPU ra = 17
---------------------------------------------------------------
[493000 ns] [PING-PONG] DMA GHI DAY Bank 1 -> Bi nghen!
[493000 ns] [PING-PONG] => NPU dang DOC Bank 0 (Song song)
[493000] [ERROR] Sai lech tai C[14][5]: Ky vong = -122, NPU ra = -21
[498000] [ERROR] Sai lech tai C[14][6]: Ky vong = 415, NPU ra = 40
---------------------------------------------------------------
[503000 ns] [PING-PONG] NPU DOC XONG Bank 0 -> Phat tin hieu giai phong!
[503000 ns] [PING-PONG] => DMA thoat nghen, bat dau GHI TIEP vao Bank 0
[503000] [ERROR] Sai lech tai C[14][7]: Ky vong = -382, NPU ra = 23
[508000] [ERROR] Sai lech tai C[14][8]: Ky vong = -175, NPU ra = -36
[513000] [ERROR] Sai lech tai C[14][9]: Ky vong = -35, NPU ra = -12
[518000] [ERROR] Sai lech tai C[14][10]: Ky vong = -16, NPU ra = 36
---------------------------------------------------------------
[523000 ns] [PING-PONG] DMA GHI DAY Bank 0 -> Bi nghen!
[523000 ns] [PING-PONG] => NPU dang DOC Bank 1 (Song song)
[523000] [ERROR] Sai lech tai C[14][11]: Ky vong = -13, NPU ra = -37
[528000] [ERROR] Sai lech tai C[14][12]: Ky vong = -74, NPU ra = -92
---------------------------------------------------------------
[533000 ns] [PING-PONG] NPU DOC XONG Bank 1 -> Phat tin hieu giai phong!
[533000 ns] [PING-PONG] => DMA thoat nghen, bat dau GHI TIEP vao Bank 1
[533000] [ERROR] Sai lech tai C[14][13]: Ky vong = -274, NPU ra = 1
[538000] [ERROR] Sai lech tai C[14][14]: Ky vong = 13, NPU ra = -81
[543000] [ERROR] Sai lech tai C[14][15]: Ky vong = -108, NPU ra = 16
---------------------------------------------------------------
[553000 ns] [PING-PONG] DMA GHI DAY Bank 1 -> Bi nghen!
[553000 ns] [PING-PONG] => NPU dang DOC Bank 0 (Song song)
---------------------------------------------------------------
[563000 ns] [PING-PONG] NPU DOC XONG Bank 0 -> Phat tin hieu giai phong!
[563000 ns] [PING-PONG] => DMA thoat nghen, bat dau GHI TIEP vao Bank 0
[563000] [ERROR] Sai lech tai C[13][0]: Ky vong = 139, NPU ra = -46
[568000] [ERROR] Sai lech tai C[13][1]: Ky vong = -198, NPU ra = -56
[573000] [ERROR] Sai lech tai C[13][2]: Ky vong = -219, NPU ra = 8
[578000 ns] [DMA-A] DMA hoan thanh xong block 4
[578000] [ERROR] Sai lech tai C[13][3]: Ky vong = -129, NPU ra = -48
[583000] [ERROR] Sai lech tai C[13][4]: Ky vong = 125, NPU ra = 48
[588000] [ERROR] Sai lech tai C[13][5]: Ky vong = -14, NPU ra = -9
[593000] [ERROR] Sai lech tai C[13][6]: Ky vong = -48, NPU ra = 12
[598000] [ERROR] Sai lech tai C[13][7]: Ky vong = -123, NPU ra = 80
[603000] [ERROR] Sai lech tai C[13][8]: Ky vong = -49, NPU ra = -68
[608000] [ERROR] Sai lech tai C[13][9]: Ky vong = -82, NPU ra = -32
[613000] [ERROR] Sai lech tai C[13][10]: Ky vong = 242, NPU ra = -72
[618000] [ERROR] Sai lech tai C[13][11]: Ky vong = 108, NPU ra = -56
[623000] [ERROR] Sai lech tai C[13][12]: Ky vong = -65, NPU ra = 61
[628000] [ERROR] Sai lech tai C[13][13]: Ky vong = -112, NPU ra = -19
[633000] [ERROR] Sai lech tai C[13][14]: Ky vong = -41, NPU ra = 33
[638000] [ERROR] Sai lech tai C[13][15]: Ky vong = -114, NPU ra = -41
[658000] [ERROR] Sai lech tai C[12][0]: Ky vong = 344, NPU ra = -4
[663000] [ERROR] Sai lech tai C[12][1]: Ky vong = -170, NPU ra = -68
[668000] [ERROR] Sai lech tai C[12][2]: Ky vong = -126, NPU ra = -28
[673000] [ERROR] Sai lech tai C[12][3]: Ky vong = 239, NPU ra = 96
[678000] [ERROR] Sai lech tai C[12][4]: Ky vong = -258, NPU ra = 35
[683000] [ERROR] Sai lech tai C[12][5]: Ky vong = 482, NPU ra = 34
[688000] [ERROR] Sai lech tai C[12][6]: Ky vong = -54, NPU ra = 30
[693000] [ERROR] Sai lech tai C[12][7]: Ky vong = -203, NPU ra = 57
[698000] [ERROR] Sai lech tai C[12][8]: Ky vong = -110, NPU ra = -108
[703000] [ERROR] Sai lech tai C[12][9]: Ky vong = -19, NPU ra = -70
[708000] [ERROR] Sai lech tai C[12][10]: Ky vong = -11, NPU ra = 120
[713000] [ERROR] Sai lech tai C[12][11]: Ky vong = -126, NPU ra = 41
[718000] [ERROR] Sai lech tai C[12][12]: Ky vong = -248, NPU ra = -128
[723000] [ERROR] Sai lech tai C[12][13]: Ky vong = 288, NPU ra = -65
[728000] [ERROR] Sai lech tai C[12][14]: Ky vong = -150, NPU ra = -75
[733000] [ERROR] Sai lech tai C[12][15]: Ky vong = -139, NPU ra = -93
[753000] [ERROR] Sai lech tai C[11][0]: Ky vong = 170, NPU ra = 45
[758000] [ERROR] Sai lech tai C[11][1]: Ky vong = -173, NPU ra = 100
[763000] [ERROR] Sai lech tai C[11][2]: Ky vong = -679, NPU ra = 95
[768000] [ERROR] Sai lech tai C[11][3]: Ky vong = -498, NPU ra = 124
[773000] [ERROR] Sai lech tai C[11][4]: Ky vong = -371, NPU ra = 95
[778000] [ERROR] Sai lech tai C[11][5]: Ky vong = -82, NPU ra = 67
[783000] [ERROR] Sai lech tai C[11][6]: Ky vong = 155, NPU ra = -87
[788000] [ERROR] Sai lech tai C[11][7]: Ky vong = -362, NPU ra = 47
[793000] [ERROR] Sai lech tai C[11][8]: Ky vong = -120, NPU ra = -112
[798000] [ERROR] Sai lech tai C[11][9]: Ky vong = -14, NPU ra = 8
[803000] [ERROR] Sai lech tai C[11][10]: Ky vong = -95, NPU ra = -64
[808000] [ERROR] Sai lech tai C[11][11]: Ky vong = -212, NPU ra = 120
[813000] [ERROR] Sai lech tai C[11][12]: Ky vong = -308, NPU ra = -154
[818000] [ERROR] Sai lech tai C[11][13]: Ky vong = 189, NPU ra = 145
[823000] [ERROR] Sai lech tai C[11][14]: Ky vong = 136, NPU ra = 80
[828000] [ERROR] Sai lech tai C[11][15]: Ky vong = -186, NPU ra = -29
[848000] [ERROR] Sai lech tai C[10][0]: Ky vong = 39, NPU ra = 76
[853000] [ERROR] Sai lech tai C[10][1]: Ky vong = 15, NPU ra = 148
[858000] [ERROR] Sai lech tai C[10][2]: Ky vong = 177, NPU ra = 52
[863000] [ERROR] Sai lech tai C[10][3]: Ky vong = -430, NPU ra = 96
[868000] [ERROR] Sai lech tai C[10][4]: Ky vong = 173, NPU ra = 45
[873000] [ERROR] Sai lech tai C[10][5]: Ky vong = -2, NPU ra = 118
[878000] [ERROR] Sai lech tai C[10][6]: Ky vong = 226, NPU ra = -153
[883000] [ERROR] Sai lech tai C[10][7]: Ky vong = -3, NPU ra = 10
[888000] [ERROR] Sai lech tai C[10][8]: Ky vong = -306, NPU ra = 82
[893000] [ERROR] Sai lech tai C[10][9]: Ky vong = -67, NPU ra = -63
[898000] [ERROR] Sai lech tai C[10][10]: Ky vong = -130, NPU ra = -106
[903000] [ERROR] Sai lech tai C[10][11]: Ky vong = -35, NPU ra = -120
[908000] [ERROR] Sai lech tai C[10][12]: Ky vong = -234, NPU ra = 25
[913000] [ERROR] Sai lech tai C[10][13]: Ky vong = -74, NPU ra = -125
[918000] [ERROR] Sai lech tai C[10][14]: Ky vong = 119, NPU ra = -41
[923000] [ERROR] Sai lech tai C[10][15]: Ky vong = 7, NPU ra = 2
[943000] [ERROR] Sai lech tai C[9][0]: Ky vong = -150, NPU ra = -39
[948000] [ERROR] Sai lech tai C[9][1]: Ky vong = -110, NPU ra = -16
[953000] [ERROR] Sai lech tai C[9][2]: Ky vong = 7, NPU ra = -33
[958000] [ERROR] Sai lech tai C[9][3]: Ky vong = 170, NPU ra = 10
[963000] [ERROR] Sai lech tai C[9][4]: Ky vong = 113, NPU ra = 9
[968000] [ERROR] Sai lech tai C[9][5]: Ky vong = -107, NPU ra = 55
[973000] [ERROR] Sai lech tai C[9][6]: Ky vong = -281, NPU ra = -3
[978000] [ERROR] Sai lech tai C[9][7]: Ky vong = 327, NPU ra = -37
[983000] [ERROR] Sai lech tai C[9][8]: Ky vong = -498, NPU ra = 28
[988000] [ERROR] Sai lech tai C[9][9]: Ky vong = -95, NPU ra = -85
[993000] [ERROR] Sai lech tai C[9][10]: Ky vong = -444, NPU ra = -111
[998000] [ERROR] Sai lech tai C[9][11]: Ky vong = 500, NPU ra = -116
INFO: [USF-XSim-96] XSim completed. Design snapshot 'tb_gemm_accelerator_behav' loaded.
INFO: [USF-XSim-97] XSim simulation ran for 1000ns
run all
[1003000] [ERROR] Sai lech tai C[9][12]: Ky vong = -167, NPU ra = -12
[1008000] [ERROR] Sai lech tai C[9][13]: Ky vong = 89, NPU ra = -137
[1013000] [ERROR] Sai lech tai C[9][14]: Ky vong = 185, NPU ra = -13
[1018000] [ERROR] Sai lech tai C[9][15]: Ky vong = -367, NPU ra = -10
[1038000] [ERROR] Sai lech tai C[8][0]: Ky vong = -533, NPU ra = 47
[1043000] [ERROR] Sai lech tai C[8][1]: Ky vong = 127, NPU ra = 40
[1048000] [ERROR] Sai lech tai C[8][2]: Ky vong = 90, NPU ra = 49
[1053000] [ERROR] Sai lech tai C[8][3]: Ky vong = 38, NPU ra = 18
[1058000] [ERROR] Sai lech tai C[8][4]: Ky vong = -154, NPU ra = 11
[1063000] [ERROR] Sai lech tai C[8][5]: Ky vong = -368, NPU ra = -31
[1068000] [ERROR] Sai lech tai C[8][6]: Ky vong = 322, NPU ra = -21
[1073000] [ERROR] Sai lech tai C[8][7]: Ky vong = 120, NPU ra = 37
[1078000] [ERROR] Sai lech tai C[8][8]: Ky vong = -383, NPU ra = -8
[1083000] [ERROR] Sai lech tai C[8][9]: Ky vong = -139, NPU ra = 21
[1088000] [ERROR] Sai lech tai C[8][10]: Ky vong = 139, NPU ra = -32
[1093000] [ERROR] Sai lech tai C[8][11]: Ky vong = -50, NPU ra = -6
[1098000] [ERROR] Sai lech tai C[8][12]: Ky vong = 64, NPU ra = 3
[1103000] [ERROR] Sai lech tai C[8][13]: Ky vong = 13, NPU ra = -63
[1108000] [ERROR] Sai lech tai C[8][14]: Ky vong = 313, NPU ra = 37
[1113000] [ERROR] Sai lech tai C[8][15]: Ky vong = 25, NPU ra = 2
[1133000] [ERROR] Sai lech tai C[7][0]: Ky vong = -39, NPU ra = -14
[1138000] [ERROR] Sai lech tai C[7][1]: Ky vong = -177, NPU ra = -8
[1143000] [ERROR] Sai lech tai C[7][2]: Ky vong = 157, NPU ra = -18
[1148000] [ERROR] Sai lech tai C[7][3]: Ky vong = 198, NPU ra = -4
[1153000] [ERROR] Sai lech tai C[7][4]: Ky vong = -203, NPU ra = -4
[1158000] [ERROR] Sai lech tai C[7][5]: Ky vong = -277, NPU ra = 18
[1163000] [ERROR] Sai lech tai C[7][6]: Ky vong = 328, NPU ra = 0
[1168000] [ERROR] Sai lech tai C[7][7]: Ky vong = 8, NPU ra = -14
[1173000] [ERROR] Sai lech tai C[7][8]: Ky vong = -36, NPU ra = 4
[1178000] [ERROR] Sai lech tai C[7][9]: Ky vong = -8, NPU ra = -12
[1183000] [ERROR] Sai lech tai C[7][10]: Ky vong = 126, NPU ra = -6
[1188000] [ERROR] Sai lech tai C[7][11]: Ky vong = -194, NPU ra = -22
[1193000] [ERROR] Sai lech tai C[7][12]: Ky vong = -25, NPU ra = 1
[1198000] [ERROR] Sai lech tai C[7][13]: Ky vong = 232, NPU ra = 27
[1203000] [ERROR] Sai lech tai C[7][14]: Ky vong = -273, NPU ra = -41
[1208000] [ERROR] Sai lech tai C[7][15]: Ky vong = 342, NPU ra = -2
[1228000] [ERROR] Sai lech tai C[6][0]: Ky vong = 426, NPU ra = 71
[1233000] [ERROR] Sai lech tai C[6][1]: Ky vong = -172, NPU ra = 60
[1238000] [ERROR] Sai lech tai C[6][2]: Ky vong = 122, NPU ra = 97
[1243000] [ERROR] Sai lech tai C[6][3]: Ky vong = 153, NPU ra = 46
[1248000] [ERROR] Sai lech tai C[6][4]: Ky vong = 407, NPU ra = 38
[1253000] [ERROR] Sai lech tai C[6][5]: Ky vong = 305, NPU ra = -57
[1258000] [ERROR] Sai lech tai C[6][6]: Ky vong = -184, NPU ra = -24
[1263000] [ERROR] Sai lech tai C[6][7]: Ky vong = -108, NPU ra = 63
[1268000] [ERROR] Sai lech tai C[6][8]: Ky vong = 190, NPU ra = 2
[1273000] [ERROR] Sai lech tai C[6][9]: Ky vong = 223, NPU ra = 34
[1278000] [ERROR] Sai lech tai C[6][10]: Ky vong = 108, NPU ra = -1
[1283000] [ERROR] Sai lech tai C[6][11]: Ky vong = -374, NPU ra = -46
[1288000] [ERROR] Sai lech tai C[6][12]: Ky vong = 206, NPU ra = -2
[1293000] [ERROR] Sai lech tai C[6][13]: Ky vong = -289, NPU ra = -16
[1298000] [ERROR] Sai lech tai C[6][14]: Ky vong = 4, NPU ra = 16
[1303000] [ERROR] Sai lech tai C[6][15]: Ky vong = -77, NPU ra = 0
[1323000] [ERROR] Sai lech tai C[5][0]: Ky vong = 33, NPU ra = 102
[1328000] [ERROR] Sai lech tai C[5][1]: Ky vong = -148, NPU ra = 128
[1333000] [ERROR] Sai lech tai C[5][2]: Ky vong = -102, NPU ra = 14
[1338000] [ERROR] Sai lech tai C[5][3]: Ky vong = -71, NPU ra = 6
[1343000] [ERROR] Sai lech tai C[5][4]: Ky vong = 221, NPU ra = -37
[1348000] [ERROR] Sai lech tai C[5][5]: Ky vong = 42, NPU ra = 48
[1353000] [ERROR] Sai lech tai C[5][6]: Ky vong = -85, NPU ra = -129
[1358000] [ERROR] Sai lech tai C[5][7]: Ky vong = -58, NPU ra = 32
[1363000] [ERROR] Sai lech tai C[5][8]: Ky vong = 255, NPU ra = -36
[1368000] [ERROR] Sai lech tai C[5][9]: Ky vong = -2, NPU ra = -19
[1373000] [ERROR] Sai lech tai C[5][10]: Ky vong = 145, NPU ra = -23
[1378000] [ERROR] Sai lech tai C[5][11]: Ky vong = -178, NPU ra = -42
[1383000] [ERROR] Sai lech tai C[5][12]: Ky vong = 225, NPU ra = -44
[1388000] [ERROR] Sai lech tai C[5][13]: Ky vong = -123, NPU ra = 36
[1393000] [ERROR] Sai lech tai C[5][14]: Ky vong = 115, NPU ra = -76
[1398000] [ERROR] Sai lech tai C[5][15]: Ky vong = 384, NPU ra = 0
[1418000] [ERROR] Sai lech tai C[4][0]: Ky vong = -110, NPU ra = 8
[1423000] [ERROR] Sai lech tai C[4][1]: Ky vong = -117, NPU ra = -76
[1428000] [ERROR] Sai lech tai C[4][2]: Ky vong = -34, NPU ra = -44
[1433000] [ERROR] Sai lech tai C[4][3]: Ky vong = -386, NPU ra = -130
[1438000] [ERROR] Sai lech tai C[4][4]: Ky vong = -190, NPU ra = -100
[1443000] [ERROR] Sai lech tai C[4][5]: Ky vong = 98, NPU ra = -140
[1448000] [ERROR] Sai lech tai C[4][6]: Ky vong = 771, NPU ra = 90
[1453000] [ERROR] Sai lech tai C[4][7]: Ky vong = -86, NPU ra = 32
[1458000] [ERROR] Sai lech tai C[4][8]: Ky vong = -81, NPU ra = -114
[1463000] [ERROR] Sai lech tai C[4][9]: Ky vong = 167, NPU ra = 116
[1468000] [ERROR] Sai lech tai C[4][10]: Ky vong = -206, NPU ra = 144
[1473000] [ERROR] Sai lech tai C[4][11]: Ky vong = -356, NPU ra = 122
[1478000] [ERROR] Sai lech tai C[4][12]: Ky vong = 25, NPU ra = -26
[1483000] [ERROR] Sai lech tai C[4][13]: Ky vong = -208, NPU ra = 204
[1488000] [ERROR] Sai lech tai C[4][14]: Ky vong = -99, NPU ra = -15
[1493000] [ERROR] Sai lech tai C[4][15]: Ky vong = -354, NPU ra = -18
[1513000] [ERROR] Sai lech tai C[3][0]: Ky vong = -206, NPU ra = 77
[1518000] [ERROR] Sai lech tai C[3][1]: Ky vong = 310, NPU ra = 112
[1523000] [ERROR] Sai lech tai C[3][2]: Ky vong = -113, NPU ra = 119
[1528000] [ERROR] Sai lech tai C[3][3]: Ky vong = 101, NPU ra = 112
[1533000] [ERROR] Sai lech tai C[3][4]: Ky vong = -314, NPU ra = 84
[1538000] [ERROR] Sai lech tai C[3][5]: Ky vong = -19, NPU ra = 21
[1543000] [ERROR] Sai lech tai C[3][6]: Ky vong = 75, NPU ra = -84
[1548000] [ERROR] Sai lech tai C[3][7]: Ky vong = 237, NPU ra = 49
[1553000] [ERROR] Sai lech tai C[3][8]: Ky vong = -324, NPU ra = 56
[1558000] [ERROR] Sai lech tai C[3][9]: Ky vong = -274, NPU ra = -28
[1563000] [ERROR] Sai lech tai C[3][10]: Ky vong = 268, NPU ra = -77
[1568000] [ERROR] Sai lech tai C[3][11]: Ky vong = 49, NPU ra = -112
[1573000] [ERROR] Sai lech tai C[3][12]: Ky vong = -82, NPU ra = 21
[1578000] [ERROR] Sai lech tai C[3][13]: Ky vong = 236, NPU ra = -70
[1583000] [ERROR] Sai lech tai C[3][14]: Ky vong = 5, NPU ra = -70
[1588000] [ERROR] Sai lech tai C[3][15]: Ky vong = 150, NPU ra = -4
[1608000] [ERROR] Sai lech tai C[2][0]: Ky vong = -240, NPU ra = -84
[1613000] [ERROR] Sai lech tai C[2][1]: Ky vong = -146, NPU ra = -40
[1618000] [ERROR] Sai lech tai C[2][2]: Ky vong = -290, NPU ra = 32
[1623000] [ERROR] Sai lech tai C[2][3]: Ky vong = -180, NPU ra = 102
[1628000] [ERROR] Sai lech tai C[2][4]: Ky vong = -177, NPU ra = 113
[1633000] [ERROR] Sai lech tai C[2][5]: Ky vong = -39, NPU ra = 66
[1638000] [ERROR] Sai lech tai C[2][6]: Ky vong = 203, NPU ra = 33
[1643000] [ERROR] Sai lech tai C[2][7]: Ky vong = -6, NPU ra = -46
[1648000] [ERROR] Sai lech tai C[2][8]: Ky vong = 183, NPU ra = 120
[1653000] [ERROR] Sai lech tai C[2][9]: Ky vong = -254, NPU ra = -73
[1658000] [ERROR] Sai lech tai C[2][10]: Ky vong = -136, NPU ra = -95
[1663000] [ERROR] Sai lech tai C[2][11]: Ky vong = -152, NPU ra = -66
[1668000] [ERROR] Sai lech tai C[2][12]: Ky vong = -19, NPU ra = 58
[1673000] [ERROR] Sai lech tai C[2][13]: Ky vong = 59, NPU ra = -149
[1678000] [ERROR] Sai lech tai C[2][14]: Ky vong = 40, NPU ra = 15
[1683000] [ERROR] Sai lech tai C[2][15]: Ky vong = 162, NPU ra = 18
[1703000] [ERROR] Sai lech tai C[1][0]: Ky vong = -91, NPU ra = -41
[1708000] [ERROR] Sai lech tai C[1][1]: Ky vong = 214, NPU ra = 24
[1713000] [ERROR] Sai lech tai C[1][2]: Ky vong = -174, NPU ra = 53
[1718000] [ERROR] Sai lech tai C[1][3]: Ky vong = -169, NPU ra = 128
[1723000] [ERROR] Sai lech tai C[1][4]: Ky vong = 199, NPU ra = 118
[1728000] [ERROR] Sai lech tai C[1][5]: Ky vong = -337, NPU ra = 99
[1733000] [ERROR] Sai lech tai C[1][6]: Ky vong = 161, NPU ra = -30
[1738000] [ERROR] Sai lech tai C[1][7]: Ky vong = 127, NPU ra = -33
[1743000] [ERROR] Sai lech tai C[1][8]: Ky vong = -79, NPU ra = 124
[1748000] [ERROR] Sai lech tai C[1][9]: Ky vong = -56, NPU ra = -94
[1753000] [ERROR] Sai lech tai C[1][10]: Ky vong = -444, NPU ra = -125
[1758000] [ERROR] Sai lech tai C[1][11]: Ky vong = 390, NPU ra = -104
[1763000] [ERROR] Sai lech tai C[1][12]: Ky vong = -88, NPU ra = 47
[1768000] [ERROR] Sai lech tai C[1][13]: Ky vong = 116, NPU ra = -180
[1773000] [ERROR] Sai lech tai C[1][14]: Ky vong = 167, NPU ra = 4
[1778000] [ERROR] Sai lech tai C[1][15]: Ky vong = -156, NPU ra = 12
[1798000] [ERROR] Sai lech tai C[0][0]: Ky vong = -60, NPU ra = 81
[1803000] [ERROR] Sai lech tai C[0][1]: Ky vong = -59, NPU ra = 108
[1808000] [ERROR] Sai lech tai C[0][2]: Ky vong = 292, NPU ra = 107
[1813000] [ERROR] Sai lech tai C[0][3]: Ky vong = 225, NPU ra = 92
[1818000] [ERROR] Sai lech tai C[0][4]: Ky vong = 33, NPU ra = 65
[1823000] [ERROR] Sai lech tai C[0][5]: Ky vong = -117, NPU ra = 11
[1828000] [ERROR] Sai lech tai C[0][6]: Ky vong = -188, NPU ra = -81
[1833000] [ERROR] Sai lech tai C[0][7]: Ky vong = 265, NPU ra = 51
[1838000] [ERROR] Sai lech tai C[0][8]: Ky vong = 298, NPU ra = 38
[1843000] [ERROR] Sai lech tai C[0][9]: Ky vong = -30, NPU ra = -17
[1848000] [ERROR] Sai lech tai C[0][10]: Ky vong = -118, NPU ra = -60
[1853000] [ERROR] Sai lech tai C[0][11]: Ky vong = -323, NPU ra = -96
[1858000] [ERROR] Sai lech tai C[0][12]: Ky vong = 467, NPU ra = 13
[1863000] [ERROR] Sai lech tai C[0][13]: Ky vong = 80, NPU ra = -47
[1868000] [ERROR] Sai lech tai C[0][14]: Ky vong = -41, NPU ra = -67
[1873000] [ERROR] Sai lech tai C[0][15]: Ky vong = 141, NPU ra = -2
============================================
[1873000 ns] [TB] HOAN THANH NHAN MA TRAN!
[1873000 ns] [TB] So ket qua DUNG: 0 / 256
=> [RESULT]: FAILED!
============================================
$finish called at time : 1872500 ps : File "D:/HK6/Project1/testing/matmul_array/matmul/matmul.srcs/sim_1/new/tb_gemm_accelerator.v" Line 223
WARNING: [filemgmt 56-199] Attempt to get parsing info during refresh. "On-the-fly" syntax checking information may be incorrect. [D:\HK6\Project1\testing\matmul_array\matmul\matmul.srcs\sources_1\new\systolic_dataflow_ctrl.v:]
WARNING: [filemgmt 56-199] Attempt to get parsing info during refresh. "On-the-fly" syntax checking information may be incorrect. [D:\HK6\Project1\testing\matmul_array\matmul\matmul.srcs\sim_1\new\tb_gemm_accelerator.v:]
WARNING: [filemgmt 56-199] Attempt to get parsing info during refresh. "On-the-fly" syntax checking information may be incorrect. [D:\HK6\Project1\testing\matmul_array\matmul\matmul.srcs\sources_1\new\gemm_accelerator.v:]
WARNING: [filemgmt 56-199] Attempt to get parsing info during refresh. "On-the-fly" syntax checking information may be incorrect. [D:\HK6\Project1\testing\matmul_array\matmul\matmul.srcs\sources_1\new\skew_network.v:]
WARNING: [filemgmt 56-199] Attempt to get parsing info during refresh. "On-the-fly" syntax checking information may be incorrect. [D:\HK6\Project1\testing\matmul_array\matmul\matmul.srcs\sources_1\new\bram_input_buffer.v:]
WARNING: [filemgmt 56-199] Attempt to get parsing info during refresh. "On-the-fly" syntax checking information may be incorrect. [D:\HK6\Project1\testing\matmul_array\matmul\matmul.srcs\sources_1\new\bram_input_buffer.v:]
WARNING: [filemgmt 56-199] Attempt to get parsing info during refresh. "On-the-fly" syntax checking information may be incorrect. [D:\HK6\Project1\testing\matmul_array\matmul\matmul.srcs\sources_1\new\bram_input_buffer.v:]
WARNING: [filemgmt 56-199] Attempt to get parsing info during refresh. "On-the-fly" syntax checking information may be incorrect. [D:\HK6\Project1\testing\matmul_array\matmul\matmul.srcs\sources_1\new\systolic_dataflow_ctrl.v:]
WARNING: [filemgmt 56-199] Attempt to get parsing info during refresh. "On-the-fly" syntax checking information may be incorrect. [D:\HK6\Project1\testing\matmul_array\matmul\matmul.srcs\sim_1\new\tb_gemm_accelerator.v:]
WARNING: [filemgmt 56-199] Attempt to get parsing info during refresh. "On-the-fly" syntax checking information may be incorrect. [D:\HK6\Project1\testing\matmul_array\matmul\matmul.srcs\sources_1\new\gemm_accelerator.v:]
WARNING: [filemgmt 56-199] Attempt to get parsing info during refresh. "On-the-fly" syntax checking information may be incorrect. [D:\HK6\Project1\testing\matmul_array\matmul\matmul.srcs\sources_1\new\skew_network.v:]
WARNING: [filemgmt 56-199] Attempt to get parsing info during refresh. "On-the-fly" syntax checking information may be incorrect. [D:\HK6\Project1\testing\matmul_array\matmul\matmul.srcs\sources_1\new\bram_input_buffer.v:]
WARNING: [filemgmt 56-199] Attempt to get parsing info during refresh. "On-the-fly" syntax checking information may be incorrect. [D:\HK6\Project1\testing\matmul_array\matmul\matmul.srcs\sources_1\new\gemm_accelerator.v:]
WARNING: [filemgmt 56-199] Attempt to get parsing info during refresh. "On-the-fly" syntax checking information may be incorrect. [D:\HK6\Project1\testing\matmul_array\matmul\matmul.srcs\sources_1\new\gemm_accelerator.v:]
WARNING: [filemgmt 56-199] Attempt to get parsing info during refresh. "On-the-fly" syntax checking information may be incorrect. [D:\HK6\Project1\testing\matmul_array\matmul\matmul.srcs\sources_1\new\systolic_dataflow_ctrl.v:]
WARNING: [filemgmt 56-199] Attempt to get parsing info during refresh. "On-the-fly" syntax checking information may be incorrect. [D:\HK6\Project1\testing\matmul_array\matmul\matmul.srcs\sim_1\new\tb_gemm_accelerator.v:]
WARNING: [filemgmt 56-199] Attempt to get parsing info during refresh. "On-the-fly" syntax checking information may be incorrect. [D:\HK6\Project1\testing\matmul_array\matmul\matmul.srcs\sources_1\new\gemm_accelerator.v:]
WARNING: [filemgmt 56-199] Attempt to get parsing info during refresh. "On-the-fly" syntax checking information may be incorrect. [D:\HK6\Project1\testing\matmul_array\matmul\matmul.srcs\sources_1\new\skew_network.v:]
WARNING: [filemgmt 56-199] Attempt to get parsing info during refresh. "On-the-fly" syntax checking information may be incorrect. [D:\HK6\Project1\testing\matmul_array\matmul\matmul.srcs\sources_1\new\bram_input_buffer.v:]
WARNING: [filemgmt 56-199] Attempt to get parsing info during refresh. "On-the-fly" syntax checking information may be incorrect. [D:\HK6\Project1\testing\matmul_array\matmul\matmul.srcs\sources_1\new\systolic_dataflow_ctrl.v:]
WARNING: [filemgmt 56-199] Attempt to get parsing info during refresh. "On-the-fly" syntax checking information may be incorrect. [D:\HK6\Project1\testing\matmul_array\matmul\matmul.srcs\sources_1\new\systolic_dataflow_ctrl.v:]
WARNING: [filemgmt 56-199] Attempt to get parsing info during refresh. "On-the-fly" syntax checking information may be incorrect. [D:\HK6\Project1\testing\matmul_array\matmul\matmul.srcs\sources_1\new\systolic_dataflow_ctrl.v:]
WARNING: [filemgmt 56-199] Attempt to get parsing info during refresh. "On-the-fly" syntax checking information may be incorrect. [D:\HK6\Project1\testing\matmul_array\matmul\matmul.srcs\sim_1\new\tb_gemm_accelerator.v:]
WARNING: [filemgmt 56-199] Attempt to get parsing info during refresh. "On-the-fly" syntax checking information may be incorrect. [D:\HK6\Project1\testing\matmul_array\matmul\matmul.srcs\sources_1\new\gemm_accelerator.v:]
WARNING: [filemgmt 56-199] Attempt to get parsing info during refresh. "On-the-fly" syntax checking information may be incorrect. [D:\HK6\Project1\testing\matmul_array\matmul\matmul.srcs\sources_1\new\skew_network.v:]
WARNING: [filemgmt 56-199] Attempt to get parsing info during refresh. "On-the-fly" syntax checking information may be incorrect. [D:\HK6\Project1\testing\matmul_array\matmul\matmul.srcs\sources_1\new\bram_input_buffer.v:]
WARNING: [filemgmt 56-199] Attempt to get parsing info during refresh. "On-the-fly" syntax checking information may be incorrect. [D:\HK6\Project1\testing\matmul_array\matmul\matmul.srcs\sources_1\new\skew_network.v:]
WARNING: [filemgmt 56-199] Attempt to get parsing info during refresh. "On-the-fly" syntax checking information may be incorrect. [D:\HK6\Project1\testing\matmul_array\matmul\matmul.srcs\sources_1\new\skew_network.v:]
close_sim
INFO: [Simtcl 6-16] Simulation closed
launch_simulation
Command: launch_simulation 
INFO: [Vivado 12-25911] Executing simulation for 'XSim' simulator
INFO: [Vivado 12-28535] Process started - Fri Apr 10 23:26:43 2026

INFO: [Vivado 12-12493] Simulation top is 'tb_gemm_accelerator'
INFO: [Vivado 12-5682] Launching behavioral simulation in 'D:/HK6/Project1/testing/matmul_array/matmul/matmul.sim/sim_1/behav/xsim'
INFO: [Vivado 12-13660] Precompiled IP simulation library mode is enabled (default). The design IP libraries will be referenced from the compiled library path. Please note that if the precompiled version of the library is not found from the path or the IP is in locked state, then the library source files for these IPs will be compiled locally as part of the compile order.
INFO: [Vivado 12-4795] Using compiled simulation libraries for IPs
INFO: [SIM-utils-51] Simulation object is 'sim_1'
INFO: [SIM-utils-72] Using boost library from 'D:/Apps/Study/Vivado/2025.2/Vivado/tps/boost_1_72_0'
INFO: [USF-XSim-7] Finding pre-compiled libraries...
INFO: [USF-XSim-11] File 'D:/Apps/Study/Vivado/2025.2/Vivado/data/xsim/xsim.ini' copied to run dir:'D:/HK6/Project1/testing/matmul_array/matmul/matmul.sim/sim_1/behav/xsim'
INFO: [SIM-utils-54] Inspecting design source files for 'tb_gemm_accelerator' in fileset 'sim_1'...
INFO: [SIM-utils-43] Exported 'D:/HK6/Project1/testing/matmul_array/matmul/matmul.sim/sim_1/behav/xsim/sc_xtlm_gemm_block_axi_smc_1_0.mem'
INFO: [SIM-utils-43] Exported 'D:/HK6/Project1/testing/matmul_array/matmul/matmul.sim/sim_1/behav/xsim/sc_xtlm_gemm_block_axi_smc_0.mem'
INFO: [USF-XSim-97] Finding global include files...
INFO: [USF-XSim-98] Fetching design files from 'sim_1'...
INFO: [USF-XSim-2] XSim::Compile design
INFO: [USF-XSim-61] Executing 'COMPILE and ANALYZE' step in 'D:/HK6/Project1/testing/matmul_array/matmul/matmul.sim/sim_1/behav/xsim'
"xvlog --incr --relax -L smartconnect_v1_0 -L axi_vip_v1_1_22 -L zynq_ultra_ps_e_vip_v1_0_22 -L xilinx_vip -prj tb_gemm_accelerator_vlog.prj"
INFO: [VRFC 10-2263] Analyzing Verilog file "D:/HK6/Project1/testing/matmul_array/matmul/matmul.srcs/sources_1/new/bram_input_buffer.v" into library xil_defaultlib
INFO: [VRFC 10-311] analyzing module bram_input_buffer
INFO: [VRFC 10-2263] Analyzing Verilog file "D:/HK6/Project1/testing/matmul_array/matmul/matmul.srcs/sources_1/new/gemm_accelerator.v" into library xil_defaultlib
INFO: [VRFC 10-311] analyzing module gemm_accelerator
INFO: [VRFC 10-2263] Analyzing Verilog file "D:/HK6/Project1/testing/matmul_array/matmul/matmul.srcs/sources_1/imports/sources_1/imports/new/mac_core.v" into library xil_defaultlib
INFO: [VRFC 10-311] analyzing module mac_core
INFO: [VRFC 10-2263] Analyzing Verilog file "D:/HK6/Project1/testing/matmul_array/matmul/matmul.srcs/sources_1/imports/sources_1/imports/new/matmul_array.v" into library xil_defaultlib
INFO: [VRFC 10-311] analyzing module matmul_array
INFO: [VRFC 10-2263] Analyzing Verilog file "D:/HK6/Project1/testing/matmul_array/matmul/matmul.srcs/sources_1/new/output_serializer.v" into library xil_defaultlib
INFO: [VRFC 10-311] analyzing module output_serializer
INFO: [VRFC 10-2263] Analyzing Verilog file "D:/HK6/Project1/testing/matmul_array/matmul/matmul.srcs/sources_1/imports/sources_1/imports/new/pe_wrapper.v" into library xil_defaultlib
INFO: [VRFC 10-311] analyzing module pe_wrapper
INFO: [VRFC 10-2263] Analyzing Verilog file "D:/HK6/Project1/testing/matmul_array/matmul/matmul.srcs/sources_1/new/sc_fifo_fwft.v" into library xil_defaultlib
INFO: [VRFC 10-311] analyzing module sc_fifo_fwft
INFO: [VRFC 10-2263] Analyzing Verilog file "D:/HK6/Project1/testing/matmul_array/matmul/matmul.srcs/sources_1/new/shift_register_delay.v" into library xil_defaultlib
INFO: [VRFC 10-311] analyzing module shift_register_delay
INFO: [VRFC 10-2263] Analyzing Verilog file "D:/HK6/Project1/testing/matmul_array/matmul/matmul.srcs/sources_1/new/skew_network.v" into library xil_defaultlib
INFO: [VRFC 10-311] analyzing module skew_network
INFO: [VRFC 10-2263] Analyzing Verilog file "D:/HK6/Project1/testing/matmul_array/matmul/matmul.srcs/sources_1/new/systolic_dataflow_ctrl.v" into library xil_defaultlib
INFO: [VRFC 10-311] analyzing module systolic_dataflow_ctrl
INFO: [VRFC 10-2263] Analyzing Verilog file "D:/HK6/Project1/testing/matmul_array/matmul/matmul.srcs/sim_1/new/tb_gemm_accelerator.v" into library xil_defaultlib
INFO: [VRFC 10-311] analyzing module tb_gemm_accelerator
INFO: [USF-XSim-69] 'compile' step finished in '2' seconds
INFO: [USF-XSim-3] XSim::Elaborate design
INFO: [USF-XSim-61] Executing 'ELABORATE' step in 'D:/HK6/Project1/testing/matmul_array/matmul/matmul.sim/sim_1/behav/xsim'
"xelab --incr --debug typical --relax --mt 2 -L xil_defaultlib -L xilinx_vip -L unisims_ver -L unimacro_ver -L secureip -L xpm --snapshot tb_gemm_accelerator_behav xil_defaultlib.tb_gemm_accelerator xil_defaultlib.glbl -log elaborate.log"
Vivado Simulator v2025.2
Copyright 1986-2022 Xilinx, Inc. All Rights Reserved.
Copyright 2022-2025 Advanced Micro Devices, Inc. All Rights Reserved.
Running: D:/Apps/Study/Vivado/2025.2/Vivado/bin/unwrapped/win64.o/xelab.exe --incr --debug typical --relax --mt 2 -L xil_defaultlib -L xilinx_vip -L unisims_ver -L unimacro_ver -L secureip -L xpm --snapshot tb_gemm_accelerator_behav xil_defaultlib.tb_gemm_accelerator xil_defaultlib.glbl -log elaborate.log 
Using 2 slave threads.
Starting static elaboration
Pass Through NonSizing Optimizer
WARNING: [VRFC 10-3091] actual bit length 16 differs from formal bit length 1 for port 'valid_delay' [D:/HK6/Project1/testing/matmul_array/matmul/matmul.srcs/sources_1/new/gemm_accelerator.v:111]
WARNING: [VRFC 10-3091] actual bit length 16 differs from formal bit length 1 for port 'clear_delay' [D:/HK6/Project1/testing/matmul_array/matmul/matmul.srcs/sources_1/new/gemm_accelerator.v:112]
WARNING: [VRFC 10-3091] actual bit length 16 differs from formal bit length 1 for port 'last_mac_delay' [D:/HK6/Project1/testing/matmul_array/matmul/matmul.srcs/sources_1/new/gemm_accelerator.v:113]
Completed static elaboration
Starting simulation data flow analysis
Completed simulation data flow analysis
Time Resolution for simulation is 1ps
Compiling module xil_defaultlib.bram_input_buffer_default
Compiling module xil_defaultlib.systolic_dataflow_ctrl
Compiling module xil_defaultlib.shift_register_delay(DELAY_CYCLE...
Compiling module xil_defaultlib.shift_register_delay(DATA_WIDTH=...
Compiling module xil_defaultlib.shift_register_delay_default
Compiling module xil_defaultlib.shift_register_delay(DATA_WIDTH=...
Compiling module xil_defaultlib.shift_register_delay(DELAY_CYCLE...
Compiling module xil_defaultlib.shift_register_delay(DATA_WIDTH=...
Compiling module xil_defaultlib.shift_register_delay(DELAY_CYCLE...
Compiling module xil_defaultlib.shift_register_delay(DATA_WIDTH=...
Compiling module xil_defaultlib.shift_register_delay(DELAY_CYCLE...
Compiling module xil_defaultlib.shift_register_delay(DATA_WIDTH=...
Compiling module xil_defaultlib.shift_register_delay(DELAY_CYCLE...
Compiling module xil_defaultlib.shift_register_delay(DATA_WIDTH=...
Compiling module xil_defaultlib.shift_register_delay(DELAY_CYCLE...
Compiling module xil_defaultlib.shift_register_delay(DATA_WIDTH=...
Compiling module xil_defaultlib.shift_register_delay(DELAY_CYCLE...
Compiling module xil_defaultlib.shift_register_delay(DATA_WIDTH=...
Compiling module xil_defaultlib.shift_register_delay(DELAY_CYCLE...
Compiling module xil_defaultlib.shift_register_delay(DATA_WIDTH=...
Compiling module xil_defaultlib.shift_register_delay(DELAY_CYCLE...
Compiling module xil_defaultlib.shift_register_delay(DATA_WIDTH=...
Compiling module xil_defaultlib.shift_register_delay(DELAY_CYCLE...
Compiling module xil_defaultlib.shift_register_delay(DATA_WIDTH=...
Compiling module xil_defaultlib.shift_register_delay(DELAY_CYCLE...
Compiling module xil_defaultlib.shift_register_delay(DATA_WIDTH=...
Compiling module xil_defaultlib.shift_register_delay(DELAY_CYCLE...
Compiling module xil_defaultlib.shift_register_delay(DATA_WIDTH=...
Compiling module xil_defaultlib.shift_register_delay(DELAY_CYCLE...
Compiling module xil_defaultlib.shift_register_delay(DATA_WIDTH=...
Compiling module xil_defaultlib.shift_register_delay(DELAY_CYCLE...
Compiling module xil_defaultlib.shift_register_delay(DATA_WIDTH=...
Compiling module xil_defaultlib.shift_register_delay(DELAY_CYCLE...
Compiling module xil_defaultlib.shift_register_delay(DATA_WIDTH=...
Compiling module xil_defaultlib.skew_network_default
Compiling module xil_defaultlib.mac_core
Compiling module xil_defaultlib.pe_wrapper
Compiling module xil_defaultlib.matmul_array_default
Compiling module xil_defaultlib.output_serializer
Compiling module xpm.xpm_fifo_rst_default
Compiling module xpm.xpm_fifo_reg_bit
Compiling module xpm.xpm_counter_updn(COUNTER_WIDTH=1...
Compiling module xpm.xpm_counter_updn(COUNTER_WIDTH=1...
Compiling module xpm.xpm_memory_base(MEMORY_TYPE=1,ME...
Compiling module xpm.xpm_counter_updn(COUNTER_WIDTH=2...
Compiling module xpm.xpm_fifo_base(FIFO_MEMORY_TYPE=2...
Compiling module xpm.xpm_fifo_sync(FIFO_MEMORY_TYPE="...
Compiling module xil_defaultlib.sc_fifo_fwft
Compiling module xil_defaultlib.gemm_accelerator
Compiling module xil_defaultlib.tb_gemm_accelerator
Compiling module xil_defaultlib.glbl
Built simulation snapshot tb_gemm_accelerator_behav
INFO: [USF-XSim-69] 'elaborate' step finished in '11' seconds
INFO: [USF-XSim-4] XSim::Simulate design
INFO: [USF-XSim-61] Executing 'SIMULATE' step in 'D:/HK6/Project1/testing/matmul_array/matmul/matmul.sim/sim_1/behav/xsim'
INFO: [USF-XSim-98] *** Running xsim
   with args "tb_gemm_accelerator_behav -key {Behavioral:sim_1:Functional:tb_gemm_accelerator} -tclbatch {tb_gemm_accelerator.tcl} -protoinst "protoinst_files/bd_31d6.protoinst" -protoinst "protoinst_files/bd_90f7.protoinst" -protoinst "protoinst_files/gemm_block.protoinst" -log {simulate.log}"
INFO: [USF-XSim-8] Loading simulator feature
INFO: [Wavedata 42-565] Reading protoinst file protoinst_files/bd_31d6.protoinst
WARNING: [Wavedata 42-558] Couldn't load one or more protocol instances from protoinst file protoinst_files/bd_31d6.protoinst for the following reason(s):
There are no instances of module "bd_31d6" in the design.

INFO: [Wavedata 42-565] Reading protoinst file protoinst_files/bd_90f7.protoinst
WARNING: [Wavedata 42-558] Couldn't load one or more protocol instances from protoinst file protoinst_files/bd_90f7.protoinst for the following reason(s):
There are no instances of module "bd_90f7" in the design.

INFO: [Wavedata 42-565] Reading protoinst file protoinst_files/gemm_block.protoinst
WARNING: [Wavedata 42-558] Couldn't load one or more protocol instances from protoinst file protoinst_files/gemm_block.protoinst for the following reason(s):
There are no instances of module "gemm_block" in the design.

Time resolution is 1 ps
source tb_gemm_accelerator.tcl
# set curr_wave [current_wave_config]
# if { [string length $curr_wave] == 0 } {
#   if { [llength [get_objects]] > 0} {
#     add_wave /
#     set_property needs_save false [current_wave_config]
#   } else {
#      send_msg_id Add_Wave-1 WARNING "No top level signals found. Simulator will start without a wave window. If you want to open a wave window go to 'File->New Waveform Configuration' or type 'create_wave_config' in the TCL console."
#   }
# }
# run 1000ns
[120000 ns] [TESTBENCH] Bat dau nap du lieu vao Ping-Pong Buffer...
[198000 ns] [DMA-A] DMA hoan thanh xong block 1
[278000 ns] [DMA-A] DMA hoan thanh xong block 2
---------------------------------------------------------------
[283000 ns] [PING-PONG] DMA GHI DAY Bank 0 -> Bi nghen!
[283000 ns] [PING-PONG] => NPU dang DOC Bank 1 (Song song)
---------------------------------------------------------------
[293000 ns] [PING-PONG] NPU DOC XONG Bank 0 -> Phat tin hieu giai phong!
[293000 ns] [PING-PONG] => DMA thoat nghen, bat dau GHI TIEP vao Bank 1
[368000 ns] [DMA-A] DMA hoan thanh xong block 3
---------------------------------------------------------------
[373000 ns] [PING-PONG] DMA GHI DAY Bank 1 -> Bi nghen!
[373000 ns] [PING-PONG] => NPU dang DOC Bank 0 (Song song)
---------------------------------------------------------------
[383000 ns] [PING-PONG] NPU DOC XONG Bank 1 -> Phat tin hieu giai phong!
[383000 ns] [PING-PONG] => DMA thoat nghen, bat dau GHI TIEP vao Bank 0
[458000 ns] [DMA-A] DMA hoan thanh xong block 4
INFO: [USF-XSim-96] XSim completed. Design snapshot 'tb_gemm_accelerator_behav' loaded.
INFO: [USF-XSim-97] XSim simulation ran for 1000ns
run all
[1993000 ns] [NPU] Da xu ly xong va xuat khoi C (Chunk 1/4)
run all
relaunch_sim
INFO: xsimkernel Simulation Memory Usage: 24572 KB (Peak: 24572 KB), Simulation CPU Usage: 63015 ms
Command: launch_simulation -step compile -simset sim_1 -mode behavioral
INFO: [Vivado 12-25911] Executing simulation for 'XSim' simulator
INFO: [Vivado 12-28535] Process started - Fri Apr 10 23:28:47 2026

INFO: [Vivado 12-12493] Simulation top is 'tb_gemm_accelerator'
INFO: [Vivado 12-5682] Launching behavioral simulation in 'D:/HK6/Project1/testing/matmul_array/matmul/matmul.sim/sim_1/behav/xsim'
INFO: [Vivado 12-13660] Precompiled IP simulation library mode is enabled (default). The design IP libraries will be referenced from the compiled library path. Please note that if the precompiled version of the library is not found from the path or the IP is in locked state, then the library source files for these IPs will be compiled locally as part of the compile order.
INFO: [Vivado 12-4795] Using compiled simulation libraries for IPs
INFO: [SIM-utils-51] Simulation object is 'sim_1'
INFO: [USF-XSim-2] XSim::Compile design
INFO: [USF-XSim-61] Executing 'COMPILE and ANALYZE' step in 'D:/HK6/Project1/testing/matmul_array/matmul/matmul.sim/sim_1/behav/xsim'
"xvlog --incr --relax -L smartconnect_v1_0 -L axi_vip_v1_1_22 -L zynq_ultra_ps_e_vip_v1_0_22 -L xilinx_vip -prj tb_gemm_accelerator_vlog.prj"
INFO: [USF-XSim-69] 'compile' step finished in '2' seconds
Command: launch_simulation -step elaborate -simset sim_1 -mode behavioral
INFO: [Vivado 12-25911] Executing simulation for 'XSim' simulator
INFO: [Vivado 12-28535] Process started - Fri Apr 10 23:28:50 2026

INFO: [Vivado 12-12493] Simulation top is 'tb_gemm_accelerator'
INFO: [Vivado 12-5682] Launching behavioral simulation in 'D:/HK6/Project1/testing/matmul_array/matmul/matmul.sim/sim_1/behav/xsim'
INFO: [Vivado 12-13660] Precompiled IP simulation library mode is enabled (default). The design IP libraries will be referenced from the compiled library path. Please note that if the precompiled version of the library is not found from the path or the IP is in locked state, then the library source files for these IPs will be compiled locally as part of the compile order.
INFO: [Vivado 12-4795] Using compiled simulation libraries for IPs
INFO: [SIM-utils-51] Simulation object is 'sim_1'
INFO: [USF-XSim-3] XSim::Elaborate design
INFO: [USF-XSim-61] Executing 'ELABORATE' step in 'D:/HK6/Project1/testing/matmul_array/matmul/matmul.sim/sim_1/behav/xsim'
"xelab --incr --debug typical --relax --mt 2 -L xil_defaultlib -L xilinx_vip -L unisims_ver -L unimacro_ver -L secureip -L xpm --snapshot tb_gemm_accelerator_behav xil_defaultlib.tb_gemm_accelerator xil_defaultlib.glbl -log elaborate.log"
Vivado Simulator v2025.2
Copyright 1986-2022 Xilinx, Inc. All Rights Reserved.
Copyright 2022-2025 Advanced Micro Devices, Inc. All Rights Reserved.
Running: D:/Apps/Study/Vivado/2025.2/Vivado/bin/unwrapped/win64.o/xelab.exe --incr --debug typical --relax --mt 2 -L xil_defaultlib -L xilinx_vip -L unisims_ver -L unimacro_ver -L secureip -L xpm --snapshot tb_gemm_accelerator_behav xil_defaultlib.tb_gemm_accelerator xil_defaultlib.glbl -log elaborate.log 
Using 2 slave threads.
Starting static elaboration
Pass Through NonSizing Optimizer
WARNING: [VRFC 10-3091] actual bit length 16 differs from formal bit length 1 for port 'valid_delay' [D:/HK6/Project1/testing/matmul_array/matmul/matmul.srcs/sources_1/new/gemm_accelerator.v:111]
WARNING: [VRFC 10-3091] actual bit length 16 differs from formal bit length 1 for port 'clear_delay' [D:/HK6/Project1/testing/matmul_array/matmul/matmul.srcs/sources_1/new/gemm_accelerator.v:112]
WARNING: [VRFC 10-3091] actual bit length 16 differs from formal bit length 1 for port 'last_mac_delay' [D:/HK6/Project1/testing/matmul_array/matmul/matmul.srcs/sources_1/new/gemm_accelerator.v:113]
Completed static elaboration
INFO: [XSIM 43-4323] No Change in HDL. Linking previously generated obj files to create kernel
INFO: [USF-XSim-69] 'elaborate' step finished in '2' seconds
INFO: [Wavedata 42-565] Reading protoinst file protoinst_files/bd_31d6.protoinst
WARNING: [Wavedata 42-558] Couldn't load one or more protocol instances from protoinst file protoinst_files/bd_31d6.protoinst for the following reason(s):
There are no instances of module "bd_31d6" in the design.

INFO: [Wavedata 42-565] Reading protoinst file protoinst_files/bd_90f7.protoinst
WARNING: [Wavedata 42-558] Couldn't load one or more protocol instances from protoinst file protoinst_files/bd_90f7.protoinst for the following reason(s):
There are no instances of module "bd_90f7" in the design.

INFO: [Wavedata 42-565] Reading protoinst file protoinst_files/gemm_block.protoinst
WARNING: [Wavedata 42-558] Couldn't load one or more protocol instances from protoinst file protoinst_files/gemm_block.protoinst for the following reason(s):
There are no instances of module "gemm_block" in the design.

Time resolution is 1 ps
[120000 ns] [TESTBENCH] Bat dau nap du lieu vao Ping-Pong Buffer...
[198000 ns] [DMA-A] DMA hoan thanh xong block 1
[278000 ns] [DMA-A] DMA hoan thanh xong block 2
---------------------------------------------------------------
[283000 ns] [PING-PONG] DMA GHI DAY Bank 0 -> Bi nghen!
[283000 ns] [PING-PONG] => NPU dang DOC Bank 1 (Song song)
---------------------------------------------------------------
[293000 ns] [PING-PONG] NPU DOC XONG Bank 0 -> Phat tin hieu giai phong!
[293000 ns] [PING-PONG] => DMA thoat nghen, bat dau GHI TIEP vao Bank 1
[368000 ns] [DMA-A] DMA hoan thanh xong block 3
---------------------------------------------------------------
[373000 ns] [PING-PONG] DMA GHI DAY Bank 1 -> Bi nghen!
[373000 ns] [PING-PONG] => NPU dang DOC Bank 0 (Song song)
---------------------------------------------------------------
[383000 ns] [PING-PONG] NPU DOC XONG Bank 1 -> Phat tin hieu giai phong!
[383000 ns] [PING-PONG] => DMA thoat nghen, bat dau GHI TIEP vao Bank 0
[458000 ns] [DMA-A] DMA hoan thanh xong block 4
run all
[1993000 ns] [NPU] Da xu ly xong va xuat khoi C (Chunk 1/4)
relaunch_sim
INFO: xsimkernel Simulation Memory Usage: 24588 KB (Peak: 24588 KB), Simulation CPU Usage: 299265 ms
Command: launch_simulation -step compile -simset sim_1 -mode behavioral
INFO: [Vivado 12-25911] Executing simulation for 'XSim' simulator
INFO: [Vivado 12-28535] Process started - Fri Apr 10 23:34:08 2026

INFO: [Vivado 12-12493] Simulation top is 'tb_gemm_accelerator'
INFO: [Vivado 12-5682] Launching behavioral simulation in 'D:/HK6/Project1/testing/matmul_array/matmul/matmul.sim/sim_1/behav/xsim'
INFO: [Vivado 12-13660] Precompiled IP simulation library mode is enabled (default). The design IP libraries will be referenced from the compiled library path. Please note that if the precompiled version of the library is not found from the path or the IP is in locked state, then the library source files for these IPs will be compiled locally as part of the compile order.
INFO: [Vivado 12-4795] Using compiled simulation libraries for IPs
INFO: [SIM-utils-51] Simulation object is 'sim_1'
INFO: [USF-XSim-2] XSim::Compile design
INFO: [USF-XSim-61] Executing 'COMPILE and ANALYZE' step in 'D:/HK6/Project1/testing/matmul_array/matmul/matmul.sim/sim_1/behav/xsim'
"xvlog --incr --relax -L smartconnect_v1_0 -L axi_vip_v1_1_22 -L zynq_ultra_ps_e_vip_v1_0_22 -L xilinx_vip -prj tb_gemm_accelerator_vlog.prj"
INFO: [USF-XSim-69] 'compile' step finished in '1' seconds
Command: launch_simulation -step elaborate -simset sim_1 -mode behavioral
INFO: [Vivado 12-25911] Executing simulation for 'XSim' simulator
INFO: [Vivado 12-28535] Process started - Fri Apr 10 23:34:11 2026

INFO: [Vivado 12-12493] Simulation top is 'tb_gemm_accelerator'
INFO: [Vivado 12-5682] Launching behavioral simulation in 'D:/HK6/Project1/testing/matmul_array/matmul/matmul.sim/sim_1/behav/xsim'
INFO: [Vivado 12-13660] Precompiled IP simulation library mode is enabled (default). The design IP libraries will be referenced from the compiled library path. Please note that if the precompiled version of the library is not found from the path or the IP is in locked state, then the library source files for these IPs will be compiled locally as part of the compile order.
INFO: [Vivado 12-4795] Using compiled simulation libraries for IPs
INFO: [SIM-utils-51] Simulation object is 'sim_1'
INFO: [USF-XSim-3] XSim::Elaborate design
INFO: [USF-XSim-61] Executing 'ELABORATE' step in 'D:/HK6/Project1/testing/matmul_array/matmul/matmul.sim/sim_1/behav/xsim'
"xelab --incr --debug typical --relax --mt 2 -L xil_defaultlib -L xilinx_vip -L unisims_ver -L unimacro_ver -L secureip -L xpm --snapshot tb_gemm_accelerator_behav xil_defaultlib.tb_gemm_accelerator xil_defaultlib.glbl -log elaborate.log"
Vivado Simulator v2025.2
Copyright 1986-2022 Xilinx, Inc. All Rights Reserved.
Copyright 2022-2025 Advanced Micro Devices, Inc. All Rights Reserved.
Running: D:/Apps/Study/Vivado/2025.2/Vivado/bin/unwrapped/win64.o/xelab.exe --incr --debug typical --relax --mt 2 -L xil_defaultlib -L xilinx_vip -L unisims_ver -L unimacro_ver -L secureip -L xpm --snapshot tb_gemm_accelerator_behav xil_defaultlib.tb_gemm_accelerator xil_defaultlib.glbl -log elaborate.log 
Using 2 slave threads.
Starting static elaboration
Pass Through NonSizing Optimizer
WARNING: [VRFC 10-3091] actual bit length 16 differs from formal bit length 1 for port 'valid_delay' [D:/HK6/Project1/testing/matmul_array/matmul/matmul.srcs/sources_1/new/gemm_accelerator.v:111]
WARNING: [VRFC 10-3091] actual bit length 16 differs from formal bit length 1 for port 'clear_delay' [D:/HK6/Project1/testing/matmul_array/matmul/matmul.srcs/sources_1/new/gemm_accelerator.v:112]
WARNING: [VRFC 10-3091] actual bit length 16 differs from formal bit length 1 for port 'last_mac_delay' [D:/HK6/Project1/testing/matmul_array/matmul/matmul.srcs/sources_1/new/gemm_accelerator.v:113]
Completed static elaboration
INFO: [XSIM 43-4323] No Change in HDL. Linking previously generated obj files to create kernel
INFO: [USF-XSim-69] 'elaborate' step finished in '3' seconds
INFO: [Wavedata 42-565] Reading protoinst file protoinst_files/bd_31d6.protoinst
WARNING: [Wavedata 42-558] Couldn't load one or more protocol instances from protoinst file protoinst_files/bd_31d6.protoinst for the following reason(s):
There are no instances of module "bd_31d6" in the design.

INFO: [Wavedata 42-565] Reading protoinst file protoinst_files/bd_90f7.protoinst
WARNING: [Wavedata 42-558] Couldn't load one or more protocol instances from protoinst file protoinst_files/bd_90f7.protoinst for the following reason(s):
There are no instances of module "bd_90f7" in the design.

INFO: [Wavedata 42-565] Reading protoinst file protoinst_files/gemm_block.protoinst
WARNING: [Wavedata 42-558] Couldn't load one or more protocol instances from protoinst file protoinst_files/gemm_block.protoinst for the following reason(s):
There are no instances of module "gemm_block" in the design.

Time resolution is 1 ps
[120000 ns] [TESTBENCH] Bat dau nap du lieu vao Ping-Pong Buffer...
[198000 ns] [DMA-A] DMA hoan thanh xong block 1
[278000 ns] [DMA-A] DMA hoan thanh xong block 2
---------------------------------------------------------------
[283000 ns] [PING-PONG] DMA GHI DAY Bank 0 -> Bi nghen!
[283000 ns] [PING-PONG] => NPU dang DOC Bank 1 (Song song)
---------------------------------------------------------------
[293000 ns] [PING-PONG] NPU DOC XONG Bank 0 -> Phat tin hieu giai phong!
[293000 ns] [PING-PONG] => DMA thoat nghen, bat dau GHI TIEP vao Bank 1
[368000 ns] [DMA-A] DMA hoan thanh xong block 3
---------------------------------------------------------------
[373000 ns] [PING-PONG] DMA GHI DAY Bank 1 -> Bi nghen!
[373000 ns] [PING-PONG] => NPU dang DOC Bank 0 (Song song)
---------------------------------------------------------------
[383000 ns] [PING-PONG] NPU DOC XONG Bank 1 -> Phat tin hieu giai phong!
[383000 ns] [PING-PONG] => DMA thoat nghen, bat dau GHI TIEP vao Bank 0
[458000 ns] [DMA-A] DMA hoan thanh xong block 4
run 100 s
[1993000 ns] [NPU] Da xu ly xong va xuat khoi C (Chunk 1/4)
launch_runs impl_1 -to_step write_bitstream -jobs 8
[Fri Apr 10 23:36:13 2026] Launched impl_1...
Run output will be captured here: D:/HK6/Project1/testing/matmul_array/matmul/matmul.runs/impl_1/runme.log
close_sim
INFO: xsimkernel Simulation Memory Usage: 24624 KB (Peak: 24624 KB), Simulation CPU Usage: 105843 ms
INFO: [Simtcl 6-16] Simulation closed
exit
INFO: [Common 17-206] Exiting Vivado at Fri Apr 10 23:41:01 2026...
