Copyright 1986-2022 Xilinx, Inc. All Rights Reserved. Copyright 2022-2025 Advanced Micro Devices, Inc. All Rights Reserved.
--------------------------------------------------------------------------------------------------------------------------------------------------------------------------------------------------------------------------------------------------------------------
| Tool Version      : Vivado v.2025.2 (win64) Build 6299465 Fri Nov 14 19:35:11 GMT 2025
| Date              : Tue Mar 31 21:31:49 2026
| Host              : VuDuong-32 running 64-bit major release  (build 9200)
| Command           : report_timing_summary -max_paths 10 -routable_nets -report_unconstrained -file mul_block_wrapper_timing_summary_routed.rpt -pb mul_block_wrapper_timing_summary_routed.pb -rpx mul_block_wrapper_timing_summary_routed.rpx -warn_on_violation
| Design            : mul_block_wrapper
| Device            : xck26-sfvc784
| Speed File        : -2LV  PRODUCTION 1.30 05-15-2022
| Design State      : Routed
| Temperature Grade : C
--------------------------------------------------------------------------------------------------------------------------------------------------------------------------------------------------------------------------------------------------------------------

Timing Summary Report

------------------------------------------------------------------------------------------------
| Timer Settings
| --------------
------------------------------------------------------------------------------------------------

  Enable Multi Corner Analysis               :  Yes
  Enable Pessimism Removal                   :  Yes
  Pessimism Removal Resolution               :  Nearest Common Node
  Enable Input Delay Default Clock           :  No
  Enable Preset / Clear Arcs                 :  No
  Disable Flight Delays                      :  No
  Ignore I/O Paths                           :  No
  Timing Early Launch at Borrowing Latches   :  No
  Borrow Time for Max Delay Exceptions       :  Yes
  Merge Timing Exceptions                    :  Yes
  Inter-SLR Compensation                     :  Conservative

  Corner  Analyze    Analyze    
  Name    Max Paths  Min Paths  
  ------  ---------  ---------  
  Slow    Yes        Yes        
  Fast    Yes        Yes        


------------------------------------------------------------------------------------------------
| Report Methodology
| ------------------
------------------------------------------------------------------------------------------------

No report available as report_methodology has not been run prior. Run report_methodology on the current design for the summary of methodology violations.



check_timing report

Table of Contents
-----------------
1. checking no_clock (0)
2. checking constant_clock (0)
3. checking pulse_width_clock (0)
4. checking unconstrained_internal_endpoints (0)
5. checking no_input_delay (0)
6. checking no_output_delay (0)
7. checking multiple_clock (0)
8. checking generated_clocks (0)
9. checking loops (0)
10. checking partial_input_delay (0)
11. checking partial_output_delay (0)
12. checking latch_loops (0)

1. checking no_clock (0)
------------------------
 There are 0 register/latch pins with no clock.


2. checking constant_clock (0)
------------------------------
 There are 0 register/latch pins with constant_clock.


3. checking pulse_width_clock (0)
---------------------------------
 There are 0 register/latch pins which need pulse_width check


4. checking unconstrained_internal_endpoints (0)
------------------------------------------------
 There are 0 pins that are not constrained for maximum delay.

 There are 0 pins that are not constrained for maximum delay due to constant clock.


5. checking no_input_delay (0)
------------------------------
 There are 0 input ports with no input delay specified.

 There are 0 input ports with no input delay but user has a false path constraint.


6. checking no_output_delay (0)
-------------------------------
 There are 0 ports with no output delay specified.

 There are 0 ports with no output delay but user has a false path constraint

 There are 0 ports with no output delay but with a timing clock defined on it or propagating through it


7. checking multiple_clock (0)
------------------------------
 There are 0 register/latch pins with multiple clocks.


8. checking generated_clocks (0)
--------------------------------
 There are 0 generated clocks that are not connected to a clock source.


9. checking loops (0)
---------------------
 There are 0 combinational loops in the design.


10. checking partial_input_delay (0)
------------------------------------
 There are 0 input ports with partial input delay specified.


11. checking partial_output_delay (0)
-------------------------------------
 There are 0 ports with partial output delay specified.


12. checking latch_loops (0)
----------------------------
 There are 0 combinational latch loops in the design through latch input



------------------------------------------------------------------------------------------------
| Design Timing Summary
| ---------------------
------------------------------------------------------------------------------------------------

    WNS(ns)      TNS(ns)  TNS Failing Endpoints  TNS Total Endpoints      WHS(ns)      THS(ns)  THS Failing Endpoints  THS Total Endpoints     WPWS(ns)     TPWS(ns)  TPWS Failing Endpoints  TPWS Total Endpoints  
    -------      -------  ---------------------  -------------------      -------      -------  ---------------------  -------------------     --------     --------  ----------------------  --------------------  
      6.185        0.000                      0                 5826        0.017        0.000                      0                 5826        3.500        0.000                       0                  2383  


All user specified timing constraints are met.


------------------------------------------------------------------------------------------------
| Clock Summary
| -------------
------------------------------------------------------------------------------------------------

Clock     Waveform(ns)       Period(ns)      Frequency(MHz)
-----     ------------       ----------      --------------
clk_pl_0  {0.000 5.000}      10.000          100.000         
clk_pl_1  {0.000 5.000}      10.000          100.000         


------------------------------------------------------------------------------------------------
| Intra Clock Table
| -----------------
------------------------------------------------------------------------------------------------

Clock             WNS(ns)      TNS(ns)  TNS Failing Endpoints  TNS Total Endpoints      WHS(ns)      THS(ns)  THS Failing Endpoints  THS Total Endpoints     WPWS(ns)     TPWS(ns)  TPWS Failing Endpoints  TPWS Total Endpoints  
-----             -------      -------  ---------------------  -------------------      -------      -------  ---------------------  -------------------     --------     --------  ----------------------  --------------------  
clk_pl_0            6.185        0.000                      0                 5818        0.017        0.000                      0                 5818        3.500        0.000                       0                  2383  


------------------------------------------------------------------------------------------------
| Inter Clock Table
| -----------------
------------------------------------------------------------------------------------------------

From Clock    To Clock          WNS(ns)      TNS(ns)  TNS Failing Endpoints  TNS Total Endpoints      WHS(ns)      THS(ns)  THS Failing Endpoints  THS Total Endpoints  
----------    --------          -------      -------  ---------------------  -------------------      -------      -------  ---------------------  -------------------  


------------------------------------------------------------------------------------------------
| Other Path Groups Table
| -----------------------
------------------------------------------------------------------------------------------------

Path Group         From Clock         To Clock               WNS(ns)      TNS(ns)  TNS Failing Endpoints  TNS Total Endpoints      WHS(ns)      THS(ns)  THS Failing Endpoints  THS Total Endpoints  
----------         ----------         --------               -------      -------  ---------------------  -------------------      -------      -------  ---------------------  -------------------  
**async_default**  clk_pl_0           clk_pl_0                 8.763        0.000                      0                    8        0.237        0.000                      0                    8  


------------------------------------------------------------------------------------------------
| User Ignored Path Table
| -----------------------
------------------------------------------------------------------------------------------------

Path Group    From Clock    To Clock    
----------    ----------    --------    
(none)                      clk_pl_0      
(none)        clk_pl_0      clk_pl_0      


------------------------------------------------------------------------------------------------
| Unconstrained Path Table
| ------------------------
------------------------------------------------------------------------------------------------

Path Group    From Clock    To Clock    
----------    ----------    --------    


------------------------------------------------------------------------------------------------
| Timing Details
| --------------
------------------------------------------------------------------------------------------------


---------------------------------------------------------------------------------------------------
From Clock:  clk_pl_0
  To Clock:  clk_pl_0

Setup :            0  Failing Endpoints,  Worst Slack        6.185ns,  Total Violation        0.000ns
Hold  :            0  Failing Endpoints,  Worst Slack        0.017ns,  Total Violation        0.000ns
PW    :            0  Failing Endpoints,  Worst Slack        3.500ns,  Total Violation        0.000ns
---------------------------------------------------------------------------------------------------


Max Delay Paths
--------------------------------------------------------------------------------------
Slack (MET) :             6.185ns  (required time - arrival time)
  Source:                 mul_block_i/zynq_ultra_ps_e_0/inst/PS8_i/MAXIGP1ACLK
                            (rising edge-triggered cell PS8 clocked by clk_pl_0  {rise@0.000ns fall@5.000ns period=10.000ns})
  Destination:            mul_block_i/axi_smc/inst/switchboards/i_nodes/i_aw_node/inst/inst_si_handler/gen_m_axis_arb_fifo.inst_axis_arb_fifo/fifoaddr_afull_reg/D
                            (rising edge-triggered cell FDRE clocked by clk_pl_0  {rise@0.000ns fall@5.000ns period=10.000ns})
  Path Group:             clk_pl_0
  Path Type:              Setup (Max at Slow Process Corner)
  Requirement:            10.000ns  (clk_pl_0 rise@10.000ns - clk_pl_0 rise@0.000ns)
  Data Path Delay:        3.678ns  (logic 1.712ns (46.546%)  route 1.966ns (53.454%))
  Logic Levels:           8  (LUT2=2 LUT4=2 LUT5=3 LUT6=1)
  Clock Path Skew:        -0.020ns (DCD - SCD + CPR)
    Destination Clock Delay (DCD):    2.159ns = ( 12.159 - 10.000 ) 
    Source Clock Delay      (SCD):    2.355ns
    Clock Pessimism Removal (CPR):    0.176ns
  Clock Uncertainty:      0.160ns  ((TSJ^2 + DJ^2)^1/2) / 2 + PE
    Total System Jitter     (TSJ):    0.071ns
    Discrete Jitter          (DJ):    0.312ns
    Phase Error              (PE):    0.000ns
  Clock Net Delay (Source):      2.088ns (routing 1.045ns, distribution 1.043ns)
  Clock Net Delay (Destination): 1.943ns (routing 0.955ns, distribution 0.988ns)

    Location             Delay type                Incr(ns)  Path(ns)    Netlist Resource(s)
  -------------------------------------------------------------------    -------------------
                         (clock clk_pl_0 rise edge)
                                                      0.000     0.000 r  
    PS8_X0Y0             PS8                          0.000     0.000 r  mul_block_i/zynq_ultra_ps_e_0/inst/PS8_i/PLCLK[0]
                         net (fo=1, routed)           0.229     0.229    mul_block_i/zynq_ultra_ps_e_0/inst/pl_clk_unbuffered[0]
    BUFG_PS_X0Y80        BUFG_PS (Prop_BUFG_PS_I_O)
                                                      0.038     0.267 r  mul_block_i/zynq_ultra_ps_e_0/inst/buffer_pl_clk_0.PL_CLK_0_BUFG/O
    X0Y1 (CLOCK_ROOT)    net (fo=2383, routed)        2.088     2.355    mul_block_i/zynq_ultra_ps_e_0/inst/maxihpm1_fpd_aclk
    PS8_X0Y0             PS8                                          r  mul_block_i/zynq_ultra_ps_e_0/inst/PS8_i/MAXIGP1ACLK
  -------------------------------------------------------------------    -------------------
    PS8_X0Y0             PS8 (Prop_PS8_MAXIGP1ACLK_MAXIGP1WSTRB[0])
                                                      0.583     2.938 f  mul_block_i/zynq_ultra_ps_e_0/inst/PS8_i/MAXIGP1WSTRB[0]
                         net (fo=2, routed)           0.345     3.283    mul_block_i/axi_smc/inst/s00_entry_pipeline/s00_si_converter/inst/converter.low_area_converter.low_area_wrap_inst/s_axi_wstrb[0]
    SLICE_X1Y139         LUT4 (Prop_A5LUT_SLICEM_I1_O)
                                                      0.225     3.508 r  mul_block_i/axi_smc/inst/s00_entry_pipeline/s00_si_converter/inst/converter.low_area_converter.low_area_wrap_inst/s_axi_wready_INST_0_i_2/O
                         net (fo=3, routed)           0.288     3.796    mul_block_i/axi_smc/inst/s00_entry_pipeline/s00_si_converter/inst/converter.low_area_converter.low_area_wrap_inst/s_axi_wready_INST_0_i_2_n_0
    SLICE_X1Y144         LUT4 (Prop_E6LUT_SLICEM_I0_O)
                                                      0.138     3.934 r  mul_block_i/axi_smc/inst/s00_entry_pipeline/s00_si_converter/inst/converter.low_area_converter.low_area_wrap_inst/s_axi_wready_INST_0_i_1/O
                         net (fo=12, routed)          0.130     4.064    mul_block_i/axi_smc/inst/s00_entry_pipeline/s00_si_converter/inst/converter.low_area_converter.low_area_wrap_inst/null_write
    SLICE_X2Y144         LUT5 (Prop_C6LUT_SLICEM_I3_O)
                                                      0.080     4.144 f  mul_block_i/axi_smc/inst/s00_entry_pipeline/s00_si_converter/inst/converter.low_area_converter.low_area_wrap_inst/m_axi_wvalid_INST_0/O
                         net (fo=3, routed)           0.303     4.447    mul_block_i/axi_smc/inst/s00_nodes/s00_w_node/inst/inst_mi_handler/s_sc_send[0]
    SLICE_X4Y139         LUT2 (Prop_B5LUT_SLICEM_I0_O)
                                                      0.097     4.544 f  mul_block_i/axi_smc/inst/s00_nodes/s00_w_node/inst/inst_mi_handler/m_sc_send[0]_INST_0/O
                         net (fo=1, routed)           0.368     4.912    mul_block_i/axi_smc/inst/switchboards/i_nodes/i_w_node/inst/inst_si_handler/gen_si_handler.gen_request_fifos.gen_req_fifo[0].inst_req_fifo/gen_xpm_memory_fifo.inst_fifo/s_sc_send[0]
    SLICE_X6Y138         LUT5 (Prop_B6LUT_SLICEL_I0_O)
                                                      0.083     4.995 f  mul_block_i/axi_smc/inst/switchboards/i_nodes/i_w_node/inst/inst_si_handler/gen_si_handler.gen_request_fifos.gen_req_fifo[0].inst_req_fifo/gen_xpm_memory_fifo.inst_fifo/s_axis_arb_tready_INST_0_i_1/O
                         net (fo=67, routed)          0.133     5.128    mul_block_i/axi_smc/inst/switchboards/i_nodes/i_w_node/inst/inst_si_handler/gen_si_handler.gen_request_fifos.gen_req_fifo[0].inst_req_fifo/gen_xpm_memory_fifo.inst_fifo/gen_rd.fifo_empty_r_reg_0
    SLICE_X6Y139         LUT2 (Prop_H6LUT_SLICEL_I1_O)
                                                      0.153     5.281 f  mul_block_i/axi_smc/inst/switchboards/i_nodes/i_w_node/inst/inst_si_handler/gen_si_handler.gen_request_fifos.gen_req_fifo[0].inst_req_fifo/gen_xpm_memory_fifo.inst_fifo/s_axis_arb_tready_INST_0/O
                         net (fo=10, routed)          0.156     5.437    mul_block_i/axi_smc/inst/switchboards/i_nodes/i_aw_node/inst/inst_si_handler/gen_m_axis_arb_fifo.inst_axis_arb_fifo/m_axis_arb_tready
    SLICE_X6Y138         LUT5 (Prop_D5LUT_SLICEL_I4_O)
                                                      0.133     5.570 r  mul_block_i/axi_smc/inst/switchboards/i_nodes/i_aw_node/inst/inst_si_handler/gen_m_axis_arb_fifo.inst_axis_arb_fifo/fifoaddr_afull_i_2/O
                         net (fo=1, routed)           0.148     5.718    mul_block_i/axi_smc/inst/switchboards/i_nodes/i_aw_node/inst/inst_si_handler/gen_m_axis_arb_fifo.inst_axis_arb_fifo/fifoaddr_afull_i_2_n_0
    SLICE_X5Y138         LUT6 (Prop_C6LUT_SLICEM_I0_O)
                                                      0.220     5.938 r  mul_block_i/axi_smc/inst/switchboards/i_nodes/i_aw_node/inst/inst_si_handler/gen_m_axis_arb_fifo.inst_axis_arb_fifo/fifoaddr_afull_i_1/O
                         net (fo=1, routed)           0.095     6.033    mul_block_i/axi_smc/inst/switchboards/i_nodes/i_aw_node/inst/inst_si_handler/gen_m_axis_arb_fifo.inst_axis_arb_fifo/fifoaddr_afull_i_1_n_0
    SLICE_X5Y138         FDRE                                         r  mul_block_i/axi_smc/inst/switchboards/i_nodes/i_aw_node/inst/inst_si_handler/gen_m_axis_arb_fifo.inst_axis_arb_fifo/fifoaddr_afull_reg/D
  -------------------------------------------------------------------    -------------------

                         (clock clk_pl_0 rise edge)
                                                     10.000    10.000 r  
    PS8_X0Y0             PS8                          0.000    10.000 r  mul_block_i/zynq_ultra_ps_e_0/inst/PS8_i/PLCLK[0]
                         net (fo=1, routed)           0.181    10.181    mul_block_i/zynq_ultra_ps_e_0/inst/pl_clk_unbuffered[0]
    BUFG_PS_X0Y80        BUFG_PS (Prop_BUFG_PS_I_O)
                                                      0.035    10.216 r  mul_block_i/zynq_ultra_ps_e_0/inst/buffer_pl_clk_0.PL_CLK_0_BUFG/O
    X0Y1 (CLOCK_ROOT)    net (fo=2383, routed)        1.943    12.159    mul_block_i/axi_smc/inst/switchboards/i_nodes/i_aw_node/inst/inst_si_handler/gen_m_axis_arb_fifo.inst_axis_arb_fifo/s_sc_aclk
    SLICE_X5Y138         FDRE                                         r  mul_block_i/axi_smc/inst/switchboards/i_nodes/i_aw_node/inst/inst_si_handler/gen_m_axis_arb_fifo.inst_axis_arb_fifo/fifoaddr_afull_reg/C
                         clock pessimism              0.176    12.335    
                         clock uncertainty           -0.160    12.175    
    SLICE_X5Y138         FDRE (Setup_CFF_SLICEM_C_D)
                                                      0.043    12.218    mul_block_i/axi_smc/inst/switchboards/i_nodes/i_aw_node/inst/inst_si_handler/gen_m_axis_arb_fifo.inst_axis_arb_fifo/fifoaddr_afull_reg
  -------------------------------------------------------------------
                         required time                         12.218    
                         arrival time                          -6.033    
  -------------------------------------------------------------------
                         slack                                  6.185    

Slack (MET) :             6.187ns  (required time - arrival time)
  Source:                 mul_block_i/zynq_ultra_ps_e_0/inst/PS8_i/MAXIGP1ACLK
                            (rising edge-triggered cell PS8 clocked by clk_pl_0  {rise@0.000ns fall@5.000ns period=10.000ns})
  Destination:            mul_block_i/axi_smc/inst/s00_entry_pipeline/s00_si_converter/inst/gen_normal.splitter_inst/gen_wsplitter.wsplit_first_offset_fifo/gen_pipelined.mesg_reg_reg[2]/CE
                            (rising edge-triggered cell FDRE clocked by clk_pl_0  {rise@0.000ns fall@5.000ns period=10.000ns})
  Path Group:             clk_pl_0
  Path Type:              Setup (Max at Slow Process Corner)
  Requirement:            10.000ns  (clk_pl_0 rise@10.000ns - clk_pl_0 rise@0.000ns)
  Data Path Delay:        3.542ns  (logic 1.367ns (38.593%)  route 2.175ns (61.407%))
  Logic Levels:           5  (LUT4=4 LUT6=1)
  Clock Path Skew:        -0.032ns (DCD - SCD + CPR)
    Destination Clock Delay (DCD):    2.147ns = ( 12.147 - 10.000 ) 
    Source Clock Delay      (SCD):    2.355ns
    Clock Pessimism Removal (CPR):    0.176ns
  Clock Uncertainty:      0.160ns  ((TSJ^2 + DJ^2)^1/2) / 2 + PE
    Total System Jitter     (TSJ):    0.071ns
    Discrete Jitter          (DJ):    0.312ns
    Phase Error              (PE):    0.000ns
  Clock Net Delay (Source):      2.088ns (routing 1.045ns, distribution 1.043ns)
  Clock Net Delay (Destination): 1.931ns (routing 0.955ns, distribution 0.976ns)

    Location             Delay type                Incr(ns)  Path(ns)    Netlist Resource(s)
  -------------------------------------------------------------------    -------------------
                         (clock clk_pl_0 rise edge)
                                                      0.000     0.000 r  
    PS8_X0Y0             PS8                          0.000     0.000 r  mul_block_i/zynq_ultra_ps_e_0/inst/PS8_i/PLCLK[0]
                         net (fo=1, routed)           0.229     0.229    mul_block_i/zynq_ultra_ps_e_0/inst/pl_clk_unbuffered[0]
    BUFG_PS_X0Y80        BUFG_PS (Prop_BUFG_PS_I_O)
                                                      0.038     0.267 r  mul_block_i/zynq_ultra_ps_e_0/inst/buffer_pl_clk_0.PL_CLK_0_BUFG/O
    X0Y1 (CLOCK_ROOT)    net (fo=2383, routed)        2.088     2.355    mul_block_i/zynq_ultra_ps_e_0/inst/maxihpm1_fpd_aclk
    PS8_X0Y0             PS8                                          r  mul_block_i/zynq_ultra_ps_e_0/inst/PS8_i/MAXIGP1ACLK
  -------------------------------------------------------------------    -------------------
    PS8_X0Y0             PS8 (Prop_PS8_MAXIGP1ACLK_MAXIGP1WSTRB[0])
                                                      0.583     2.938 r  mul_block_i/zynq_ultra_ps_e_0/inst/PS8_i/MAXIGP1WSTRB[0]
                         net (fo=2, routed)           0.345     3.283    mul_block_i/axi_smc/inst/s00_entry_pipeline/s00_si_converter/inst/converter.low_area_converter.low_area_wrap_inst/s_axi_wstrb[0]
    SLICE_X1Y139         LUT4 (Prop_A5LUT_SLICEM_I1_O)
                                                      0.225     3.508 f  mul_block_i/axi_smc/inst/s00_entry_pipeline/s00_si_converter/inst/converter.low_area_converter.low_area_wrap_inst/s_axi_wready_INST_0_i_2/O
                         net (fo=3, routed)           0.288     3.796    mul_block_i/axi_smc/inst/s00_entry_pipeline/s00_si_converter/inst/converter.low_area_converter.low_area_wrap_inst/s_axi_wready_INST_0_i_2_n_0
    SLICE_X1Y144         LUT4 (Prop_E6LUT_SLICEM_I0_O)
                                                      0.138     3.934 f  mul_block_i/axi_smc/inst/s00_entry_pipeline/s00_si_converter/inst/converter.low_area_converter.low_area_wrap_inst/s_axi_wready_INST_0_i_1/O
                         net (fo=12, routed)          0.350     4.283    mul_block_i/axi_smc/inst/s00_entry_pipeline/s00_si_converter/inst/converter.low_area_converter.low_area_wrap_inst/null_write
    SLICE_X4Y147         LUT6 (Prop_G6LUT_SLICEM_I1_O)
                                                      0.152     4.435 r  mul_block_i/axi_smc/inst/s00_entry_pipeline/s00_si_converter/inst/converter.low_area_converter.low_area_wrap_inst/gen_wsplitter.wcnt[7]_i_3/O
                         net (fo=3, routed)           0.370     4.805    mul_block_i/axi_smc/inst/s00_entry_pipeline/s00_si_converter/inst/gen_normal.splitter_inst/gen_wsplitter.w_split_fifo/gen_wsplitter.wcnt_last_reg
    SLICE_X8Y146         LUT4 (Prop_B6LUT_SLICEM_I3_O)
                                                      0.137     4.942 f  mul_block_i/axi_smc/inst/s00_entry_pipeline/s00_si_converter/inst/gen_normal.splitter_inst/gen_wsplitter.w_split_fifo/fifoaddr[3]_i_3__1/O
                         net (fo=18, routed)          0.379     5.321    mul_block_i/axi_smc/inst/s00_entry_pipeline/s00_si_converter/inst/gen_normal.splitter_inst/gen_wsplitter.wsplit_first_offset_fifo/fifoaddr_afull_reg_0
    SLICE_X6Y142         LUT4 (Prop_H5LUT_SLICEL_I3_O)
                                                      0.132     5.453 r  mul_block_i/axi_smc/inst/s00_entry_pipeline/s00_si_converter/inst/gen_normal.splitter_inst/gen_wsplitter.wsplit_first_offset_fifo/gen_pipelined.mesg_reg[3]_i_1__1/O
                         net (fo=2, routed)           0.444     5.897    mul_block_i/axi_smc/inst/s00_entry_pipeline/s00_si_converter/inst/gen_normal.splitter_inst/gen_wsplitter.wsplit_first_offset_fifo/gen_pipelined.mesg_reg[0]
    SLICE_X6Y141         FDRE                                         r  mul_block_i/axi_smc/inst/s00_entry_pipeline/s00_si_converter/inst/gen_normal.splitter_inst/gen_wsplitter.wsplit_first_offset_fifo/gen_pipelined.mesg_reg_reg[2]/CE
  -------------------------------------------------------------------    -------------------

                         (clock clk_pl_0 rise edge)
                                                     10.000    10.000 r  
    PS8_X0Y0             PS8                          0.000    10.000 r  mul_block_i/zynq_ultra_ps_e_0/inst/PS8_i/PLCLK[0]
                         net (fo=1, routed)           0.181    10.181    mul_block_i/zynq_ultra_ps_e_0/inst/pl_clk_unbuffered[0]
    BUFG_PS_X0Y80        BUFG_PS (Prop_BUFG_PS_I_O)
                                                      0.035    10.216 r  mul_block_i/zynq_ultra_ps_e_0/inst/buffer_pl_clk_0.PL_CLK_0_BUFG/O
    X0Y1 (CLOCK_ROOT)    net (fo=2383, routed)        1.931    12.147    mul_block_i/axi_smc/inst/s00_entry_pipeline/s00_si_converter/inst/gen_normal.splitter_inst/gen_wsplitter.wsplit_first_offset_fifo/aclk
    SLICE_X6Y141         FDRE                                         r  mul_block_i/axi_smc/inst/s00_entry_pipeline/s00_si_converter/inst/gen_normal.splitter_inst/gen_wsplitter.wsplit_first_offset_fifo/gen_pipelined.mesg_reg_reg[2]/C
                         clock pessimism              0.176    12.323    
                         clock uncertainty           -0.160    12.163    
    SLICE_X6Y141         FDRE (Setup_DFF_SLICEL_C_CE)
                                                     -0.079    12.084    mul_block_i/axi_smc/inst/s00_entry_pipeline/s00_si_converter/inst/gen_normal.splitter_inst/gen_wsplitter.wsplit_first_offset_fifo/gen_pipelined.mesg_reg_reg[2]
  -------------------------------------------------------------------
                         required time                         12.084    
                         arrival time                          -5.897    
  -------------------------------------------------------------------
                         slack                                  6.187    

Slack (MET) :             6.187ns  (required time - arrival time)
  Source:                 mul_block_i/zynq_ultra_ps_e_0/inst/PS8_i/MAXIGP1ACLK
                            (rising edge-triggered cell PS8 clocked by clk_pl_0  {rise@0.000ns fall@5.000ns period=10.000ns})
  Destination:            mul_block_i/axi_smc/inst/s00_entry_pipeline/s00_si_converter/inst/gen_normal.splitter_inst/gen_wsplitter.wsplit_first_offset_fifo/gen_pipelined.mesg_reg_reg[3]/CE
                            (rising edge-triggered cell FDRE clocked by clk_pl_0  {rise@0.000ns fall@5.000ns period=10.000ns})
  Path Group:             clk_pl_0
  Path Type:              Setup (Max at Slow Process Corner)
  Requirement:            10.000ns  (clk_pl_0 rise@10.000ns - clk_pl_0 rise@0.000ns)
  Data Path Delay:        3.542ns  (logic 1.367ns (38.593%)  route 2.175ns (61.407%))
  Logic Levels:           5  (LUT4=4 LUT6=1)
  Clock Path Skew:        -0.032ns (DCD - SCD + CPR)
    Destination Clock Delay (DCD):    2.147ns = ( 12.147 - 10.000 ) 
    Source Clock Delay      (SCD):    2.355ns
    Clock Pessimism Removal (CPR):    0.176ns
  Clock Uncertainty:      0.160ns  ((TSJ^2 + DJ^2)^1/2) / 2 + PE
    Total System Jitter     (TSJ):    0.071ns
    Discrete Jitter          (DJ):    0.312ns
    Phase Error              (PE):    0.000ns
  Clock Net Delay (Source):      2.088ns (routing 1.045ns, distribution 1.043ns)
  Clock Net Delay (Destination): 1.931ns (routing 0.955ns, distribution 0.976ns)

    Location             Delay type                Incr(ns)  Path(ns)    Netlist Resource(s)
  -------------------------------------------------------------------    -------------------
                         (clock clk_pl_0 rise edge)
                                                      0.000     0.000 r  
    PS8_X0Y0             PS8                          0.000     0.000 r  mul_block_i/zynq_ultra_ps_e_0/inst/PS8_i/PLCLK[0]
                         net (fo=1, routed)           0.229     0.229    mul_block_i/zynq_ultra_ps_e_0/inst/pl_clk_unbuffered[0]
    BUFG_PS_X0Y80        BUFG_PS (Prop_BUFG_PS_I_O)
                                                      0.038     0.267 r  mul_block_i/zynq_ultra_ps_e_0/inst/buffer_pl_clk_0.PL_CLK_0_BUFG/O
    X0Y1 (CLOCK_ROOT)    net (fo=2383, routed)        2.088     2.355    mul_block_i/zynq_ultra_ps_e_0/inst/maxihpm1_fpd_aclk
    PS8_X0Y0             PS8                                          r  mul_block_i/zynq_ultra_ps_e_0/inst/PS8_i/MAXIGP1ACLK
  -------------------------------------------------------------------    -------------------
    PS8_X0Y0             PS8 (Prop_PS8_MAXIGP1ACLK_MAXIGP1WSTRB[0])
                                                      0.583     2.938 r  mul_block_i/zynq_ultra_ps_e_0/inst/PS8_i/MAXIGP1WSTRB[0]
                         net (fo=2, routed)           0.345     3.283    mul_block_i/axi_smc/inst/s00_entry_pipeline/s00_si_converter/inst/converter.low_area_converter.low_area_wrap_inst/s_axi_wstrb[0]
    SLICE_X1Y139         LUT4 (Prop_A5LUT_SLICEM_I1_O)
                                                      0.225     3.508 f  mul_block_i/axi_smc/inst/s00_entry_pipeline/s00_si_converter/inst/converter.low_area_converter.low_area_wrap_inst/s_axi_wready_INST_0_i_2/O
                         net (fo=3, routed)           0.288     3.796    mul_block_i/axi_smc/inst/s00_entry_pipeline/s00_si_converter/inst/converter.low_area_converter.low_area_wrap_inst/s_axi_wready_INST_0_i_2_n_0
    SLICE_X1Y144         LUT4 (Prop_E6LUT_SLICEM_I0_O)
                                                      0.138     3.934 f  mul_block_i/axi_smc/inst/s00_entry_pipeline/s00_si_converter/inst/converter.low_area_converter.low_area_wrap_inst/s_axi_wready_INST_0_i_1/O
                         net (fo=12, routed)          0.350     4.283    mul_block_i/axi_smc/inst/s00_entry_pipeline/s00_si_converter/inst/converter.low_area_converter.low_area_wrap_inst/null_write
    SLICE_X4Y147         LUT6 (Prop_G6LUT_SLICEM_I1_O)
                                                      0.152     4.435 r  mul_block_i/axi_smc/inst/s00_entry_pipeline/s00_si_converter/inst/converter.low_area_converter.low_area_wrap_inst/gen_wsplitter.wcnt[7]_i_3/O
                         net (fo=3, routed)           0.370     4.805    mul_block_i/axi_smc/inst/s00_entry_pipeline/s00_si_converter/inst/gen_normal.splitter_inst/gen_wsplitter.w_split_fifo/gen_wsplitter.wcnt_last_reg
    SLICE_X8Y146         LUT4 (Prop_B6LUT_SLICEM_I3_O)
                                                      0.137     4.942 f  mul_block_i/axi_smc/inst/s00_entry_pipeline/s00_si_converter/inst/gen_normal.splitter_inst/gen_wsplitter.w_split_fifo/fifoaddr[3]_i_3__1/O
                         net (fo=18, routed)          0.379     5.321    mul_block_i/axi_smc/inst/s00_entry_pipeline/s00_si_converter/inst/gen_normal.splitter_inst/gen_wsplitter.wsplit_first_offset_fifo/fifoaddr_afull_reg_0
    SLICE_X6Y142         LUT4 (Prop_H5LUT_SLICEL_I3_O)
                                                      0.132     5.453 r  mul_block_i/axi_smc/inst/s00_entry_pipeline/s00_si_converter/inst/gen_normal.splitter_inst/gen_wsplitter.wsplit_first_offset_fifo/gen_pipelined.mesg_reg[3]_i_1__1/O
                         net (fo=2, routed)           0.444     5.897    mul_block_i/axi_smc/inst/s00_entry_pipeline/s00_si_converter/inst/gen_normal.splitter_inst/gen_wsplitter.wsplit_first_offset_fifo/gen_pipelined.mesg_reg[0]
    SLICE_X6Y141         FDRE                                         r  mul_block_i/axi_smc/inst/s00_entry_pipeline/s00_si_converter/inst/gen_normal.splitter_inst/gen_wsplitter.wsplit_first_offset_fifo/gen_pipelined.mesg_reg_reg[3]/CE
  -------------------------------------------------------------------    -------------------

                         (clock clk_pl_0 rise edge)
                                                     10.000    10.000 r  
    PS8_X0Y0             PS8                          0.000    10.000 r  mul_block_i/zynq_ultra_ps_e_0/inst/PS8_i/PLCLK[0]
                         net (fo=1, routed)           0.181    10.181    mul_block_i/zynq_ultra_ps_e_0/inst/pl_clk_unbuffered[0]
    BUFG_PS_X0Y80        BUFG_PS (Prop_BUFG_PS_I_O)
                                                      0.035    10.216 r  mul_block_i/zynq_ultra_ps_e_0/inst/buffer_pl_clk_0.PL_CLK_0_BUFG/O
    X0Y1 (CLOCK_ROOT)    net (fo=2383, routed)        1.931    12.147    mul_block_i/axi_smc/inst/s00_entry_pipeline/s00_si_converter/inst/gen_normal.splitter_inst/gen_wsplitter.wsplit_first_offset_fifo/aclk
    SLICE_X6Y141         FDRE                                         r  mul_block_i/axi_smc/inst/s00_entry_pipeline/s00_si_converter/inst/gen_normal.splitter_inst/gen_wsplitter.wsplit_first_offset_fifo/gen_pipelined.mesg_reg_reg[3]/C
                         clock pessimism              0.176    12.323    
                         clock uncertainty           -0.160    12.163    
    SLICE_X6Y141         FDRE (Setup_CFF_SLICEL_C_CE)
                                                     -0.079    12.084    mul_block_i/axi_smc/inst/s00_entry_pipeline/s00_si_converter/inst/gen_normal.splitter_inst/gen_wsplitter.wsplit_first_offset_fifo/gen_pipelined.mesg_reg_reg[3]
  -------------------------------------------------------------------
                         required time                         12.084    
                         arrival time                          -5.897    
  -------------------------------------------------------------------
                         slack                                  6.187    

Slack (MET) :             6.221ns  (required time - arrival time)
  Source:                 mul_block_i/zynq_ultra_ps_e_0/inst/PS8_i/MAXIGP1ACLK
                            (rising edge-triggered cell PS8 clocked by clk_pl_0  {rise@0.000ns fall@5.000ns period=10.000ns})
  Destination:            mul_block_i/axi_smc/inst/switchboards/i_nodes/i_aw_node/inst/inst_si_handler/gen_m_axis_arb_fifo.inst_axis_arb_fifo/gen_pipelined.state_reg[1]/D
                            (rising edge-triggered cell FDRE clocked by clk_pl_0  {rise@0.000ns fall@5.000ns period=10.000ns})
  Path Group:             clk_pl_0
  Path Type:              Setup (Max at Slow Process Corner)
  Requirement:            10.000ns  (clk_pl_0 rise@10.000ns - clk_pl_0 rise@0.000ns)
  Data Path Delay:        3.642ns  (logic 1.549ns (42.536%)  route 2.093ns (57.464%))
  Logic Levels:           7  (LUT2=2 LUT4=2 LUT5=3)
  Clock Path Skew:        -0.021ns (DCD - SCD + CPR)
    Destination Clock Delay (DCD):    2.158ns = ( 12.158 - 10.000 ) 
    Source Clock Delay      (SCD):    2.355ns
    Clock Pessimism Removal (CPR):    0.176ns
  Clock Uncertainty:      0.160ns  ((TSJ^2 + DJ^2)^1/2) / 2 + PE
    Total System Jitter     (TSJ):    0.071ns
    Discrete Jitter          (DJ):    0.312ns
    Phase Error              (PE):    0.000ns
  Clock Net Delay (Source):      2.088ns (routing 1.045ns, distribution 1.043ns)
  Clock Net Delay (Destination): 1.942ns (routing 0.955ns, distribution 0.987ns)

    Location             Delay type                Incr(ns)  Path(ns)    Netlist Resource(s)
  -------------------------------------------------------------------    -------------------
                         (clock clk_pl_0 rise edge)
                                                      0.000     0.000 r  
    PS8_X0Y0             PS8                          0.000     0.000 r  mul_block_i/zynq_ultra_ps_e_0/inst/PS8_i/PLCLK[0]
                         net (fo=1, routed)           0.229     0.229    mul_block_i/zynq_ultra_ps_e_0/inst/pl_clk_unbuffered[0]
    BUFG_PS_X0Y80        BUFG_PS (Prop_BUFG_PS_I_O)
                                                      0.038     0.267 r  mul_block_i/zynq_ultra_ps_e_0/inst/buffer_pl_clk_0.PL_CLK_0_BUFG/O
    X0Y1 (CLOCK_ROOT)    net (fo=2383, routed)        2.088     2.355    mul_block_i/zynq_ultra_ps_e_0/inst/maxihpm1_fpd_aclk
    PS8_X0Y0             PS8                                          r  mul_block_i/zynq_ultra_ps_e_0/inst/PS8_i/MAXIGP1ACLK
  -------------------------------------------------------------------    -------------------
    PS8_X0Y0             PS8 (Prop_PS8_MAXIGP1ACLK_MAXIGP1WSTRB[0])
                                                      0.583     2.938 f  mul_block_i/zynq_ultra_ps_e_0/inst/PS8_i/MAXIGP1WSTRB[0]
                         net (fo=2, routed)           0.345     3.283    mul_block_i/axi_smc/inst/s00_entry_pipeline/s00_si_converter/inst/converter.low_area_converter.low_area_wrap_inst/s_axi_wstrb[0]
    SLICE_X1Y139         LUT4 (Prop_A5LUT_SLICEM_I1_O)
                                                      0.225     3.508 r  mul_block_i/axi_smc/inst/s00_entry_pipeline/s00_si_converter/inst/converter.low_area_converter.low_area_wrap_inst/s_axi_wready_INST_0_i_2/O
                         net (fo=3, routed)           0.288     3.796    mul_block_i/axi_smc/inst/s00_entry_pipeline/s00_si_converter/inst/converter.low_area_converter.low_area_wrap_inst/s_axi_wready_INST_0_i_2_n_0
    SLICE_X1Y144         LUT4 (Prop_E6LUT_SLICEM_I0_O)
                                                      0.138     3.934 r  mul_block_i/axi_smc/inst/s00_entry_pipeline/s00_si_converter/inst/converter.low_area_converter.low_area_wrap_inst/s_axi_wready_INST_0_i_1/O
                         net (fo=12, routed)          0.130     4.064    mul_block_i/axi_smc/inst/s00_entry_pipeline/s00_si_converter/inst/converter.low_area_converter.low_area_wrap_inst/null_write
    SLICE_X2Y144         LUT5 (Prop_C6LUT_SLICEM_I3_O)
                                                      0.080     4.144 f  mul_block_i/axi_smc/inst/s00_entry_pipeline/s00_si_converter/inst/converter.low_area_converter.low_area_wrap_inst/m_axi_wvalid_INST_0/O
                         net (fo=3, routed)           0.303     4.447    mul_block_i/axi_smc/inst/s00_nodes/s00_w_node/inst/inst_mi_handler/s_sc_send[0]
    SLICE_X4Y139         LUT2 (Prop_B5LUT_SLICEM_I0_O)
                                                      0.097     4.544 f  mul_block_i/axi_smc/inst/s00_nodes/s00_w_node/inst/inst_mi_handler/m_sc_send[0]_INST_0/O
                         net (fo=1, routed)           0.368     4.912    mul_block_i/axi_smc/inst/switchboards/i_nodes/i_w_node/inst/inst_si_handler/gen_si_handler.gen_request_fifos.gen_req_fifo[0].inst_req_fifo/gen_xpm_memory_fifo.inst_fifo/s_sc_send[0]
    SLICE_X6Y138         LUT5 (Prop_B6LUT_SLICEL_I0_O)
                                                      0.083     4.995 f  mul_block_i/axi_smc/inst/switchboards/i_nodes/i_w_node/inst/inst_si_handler/gen_si_handler.gen_request_fifos.gen_req_fifo[0].inst_req_fifo/gen_xpm_memory_fifo.inst_fifo/s_axis_arb_tready_INST_0_i_1/O
                         net (fo=67, routed)          0.133     5.128    mul_block_i/axi_smc/inst/switchboards/i_nodes/i_w_node/inst/inst_si_handler/gen_si_handler.gen_request_fifos.gen_req_fifo[0].inst_req_fifo/gen_xpm_memory_fifo.inst_fifo/gen_rd.fifo_empty_r_reg_0
    SLICE_X6Y139         LUT2 (Prop_H6LUT_SLICEL_I1_O)
                                                      0.153     5.281 f  mul_block_i/axi_smc/inst/switchboards/i_nodes/i_w_node/inst/inst_si_handler/gen_si_handler.gen_request_fifos.gen_req_fifo[0].inst_req_fifo/gen_xpm_memory_fifo.inst_fifo/s_axis_arb_tready_INST_0/O
                         net (fo=10, routed)          0.119     5.400    mul_block_i/axi_smc/inst/switchboards/i_nodes/i_aw_node/inst/inst_si_handler/gen_m_axis_arb_fifo.inst_axis_arb_fifo/m_axis_arb_tready
    SLICE_X5Y139         LUT5 (Prop_D5LUT_SLICEM_I1_O)
                                                      0.190     5.590 r  mul_block_i/axi_smc/inst/switchboards/i_nodes/i_aw_node/inst/inst_si_handler/gen_m_axis_arb_fifo.inst_axis_arb_fifo/gen_pipelined.state[1]_i_2/O
                         net (fo=1, routed)           0.407     5.997    mul_block_i/axi_smc/inst/switchboards/i_nodes/i_aw_node/inst/inst_si_handler/gen_m_axis_arb_fifo.inst_axis_arb_fifo/gen_pipelined.state[1]_i_2_n_0
    SLICE_X5Y139         FDRE                                         r  mul_block_i/axi_smc/inst/switchboards/i_nodes/i_aw_node/inst/inst_si_handler/gen_m_axis_arb_fifo.inst_axis_arb_fifo/gen_pipelined.state_reg[1]/D
  -------------------------------------------------------------------    -------------------

                         (clock clk_pl_0 rise edge)
                                                     10.000    10.000 r  
    PS8_X0Y0             PS8                          0.000    10.000 r  mul_block_i/zynq_ultra_ps_e_0/inst/PS8_i/PLCLK[0]
                         net (fo=1, routed)           0.181    10.181    mul_block_i/zynq_ultra_ps_e_0/inst/pl_clk_unbuffered[0]
    BUFG_PS_X0Y80        BUFG_PS (Prop_BUFG_PS_I_O)
                                                      0.035    10.216 r  mul_block_i/zynq_ultra_ps_e_0/inst/buffer_pl_clk_0.PL_CLK_0_BUFG/O
    X0Y1 (CLOCK_ROOT)    net (fo=2383, routed)        1.942    12.158    mul_block_i/axi_smc/inst/switchboards/i_nodes/i_aw_node/inst/inst_si_handler/gen_m_axis_arb_fifo.inst_axis_arb_fifo/s_sc_aclk
    SLICE_X5Y139         FDRE                                         r  mul_block_i/axi_smc/inst/switchboards/i_nodes/i_aw_node/inst/inst_si_handler/gen_m_axis_arb_fifo.inst_axis_arb_fifo/gen_pipelined.state_reg[1]/C
                         clock pessimism              0.176    12.334    
                         clock uncertainty           -0.160    12.174    
    SLICE_X5Y139         FDRE (Setup_EFF_SLICEM_C_D)
                                                      0.044    12.218    mul_block_i/axi_smc/inst/switchboards/i_nodes/i_aw_node/inst/inst_si_handler/gen_m_axis_arb_fifo.inst_axis_arb_fifo/gen_pipelined.state_reg[1]
  -------------------------------------------------------------------
                         required time                         12.218    
                         arrival time                          -5.997    
  -------------------------------------------------------------------
                         slack                                  6.221    

Slack (MET) :             6.224ns  (required time - arrival time)
  Source:                 mul_block_i/zynq_ultra_ps_e_0/inst/PS8_i/MAXIGP1ACLK
                            (rising edge-triggered cell PS8 clocked by clk_pl_0  {rise@0.000ns fall@5.000ns period=10.000ns})
  Destination:            mul_block_i/zynq_ultra_ps_e_0/inst/PS8_i/MAXIGP1WREADY
                            (rising edge-triggered cell PS8 clocked by clk_pl_0  {rise@0.000ns fall@5.000ns period=10.000ns})
  Path Group:             clk_pl_0
  Path Type:              Setup (Max at Slow Process Corner)
  Requirement:            10.000ns  (clk_pl_0 rise@10.000ns - clk_pl_0 rise@0.000ns)
  Data Path Delay:        2.645ns  (logic 1.086ns (41.065%)  route 1.559ns (58.935%))
  Logic Levels:           4  (LUT4=3 LUT5=1)
  Clock Path Skew:        0.000ns (DCD - SCD + CPR)
    Destination Clock Delay (DCD):    2.107ns = ( 12.107 - 10.000 ) 
    Source Clock Delay      (SCD):    2.355ns
    Clock Pessimism Removal (CPR):    0.248ns
  Clock Uncertainty:      0.160ns  ((TSJ^2 + DJ^2)^1/2) / 2 + PE
    Total System Jitter     (TSJ):    0.071ns
    Discrete Jitter          (DJ):    0.312ns
    Phase Error              (PE):    0.000ns
  Clock Net Delay (Source):      2.088ns (routing 1.045ns, distribution 1.043ns)
  Clock Net Delay (Destination): 1.891ns (routing 0.955ns, distribution 0.936ns)

    Location             Delay type                Incr(ns)  Path(ns)    Netlist Resource(s)
  -------------------------------------------------------------------    -------------------
                         (clock clk_pl_0 rise edge)
                                                      0.000     0.000 r  
    PS8_X0Y0             PS8                          0.000     0.000 r  mul_block_i/zynq_ultra_ps_e_0/inst/PS8_i/PLCLK[0]
                         net (fo=1, routed)           0.229     0.229    mul_block_i/zynq_ultra_ps_e_0/inst/pl_clk_unbuffered[0]
    BUFG_PS_X0Y80        BUFG_PS (Prop_BUFG_PS_I_O)
                                                      0.038     0.267 r  mul_block_i/zynq_ultra_ps_e_0/inst/buffer_pl_clk_0.PL_CLK_0_BUFG/O
    X0Y1 (CLOCK_ROOT)    net (fo=2383, routed)        2.088     2.355    mul_block_i/zynq_ultra_ps_e_0/inst/maxihpm1_fpd_aclk
    PS8_X0Y0             PS8                                          r  mul_block_i/zynq_ultra_ps_e_0/inst/PS8_i/MAXIGP1ACLK
  -------------------------------------------------------------------    -------------------
    PS8_X0Y0             PS8 (Prop_PS8_MAXIGP1ACLK_MAXIGP1WSTRB[0])
                                                      0.583     2.938 f  mul_block_i/zynq_ultra_ps_e_0/inst/PS8_i/MAXIGP1WSTRB[0]
                         net (fo=2, routed)           0.345     3.283    mul_block_i/axi_smc/inst/s00_entry_pipeline/s00_si_converter/inst/converter.low_area_converter.low_area_wrap_inst/s_axi_wstrb[0]
    SLICE_X1Y139         LUT4 (Prop_A5LUT_SLICEM_I1_O)
                                                      0.225     3.508 r  mul_block_i/axi_smc/inst/s00_entry_pipeline/s00_si_converter/inst/converter.low_area_converter.low_area_wrap_inst/s_axi_wready_INST_0_i_2/O
                         net (fo=3, routed)           0.288     3.796    mul_block_i/axi_smc/inst/s00_entry_pipeline/s00_si_converter/inst/converter.low_area_converter.low_area_wrap_inst/s_axi_wready_INST_0_i_2_n_0
    SLICE_X1Y144         LUT4 (Prop_E6LUT_SLICEM_I0_O)
                                                      0.138     3.934 r  mul_block_i/axi_smc/inst/s00_entry_pipeline/s00_si_converter/inst/converter.low_area_converter.low_area_wrap_inst/s_axi_wready_INST_0_i_1/O
                         net (fo=12, routed)          0.326     4.260    mul_block_i/axi_smc/inst/s00_entry_pipeline/s00_si_converter/inst/converter.low_area_converter.low_area_wrap_inst/null_write
    SLICE_X3Y147         LUT4 (Prop_A6LUT_SLICEL_I2_O)
                                                      0.082     4.342 r  mul_block_i/axi_smc/inst/s00_entry_pipeline/s00_si_converter/inst/converter.low_area_converter.low_area_wrap_inst/s_axi_wready_INST_0/O
                         net (fo=3, routed)           0.255     4.597    mul_block_i/axi_smc/inst/s00_entry_pipeline/s00_mmu/inst/gen_endpoint.decerr_slave_inst/m_axi_wready
    SLICE_X0Y149         LUT5 (Prop_B6LUT_SLICEL_I4_O)
                                                      0.058     4.655 r  mul_block_i/axi_smc/inst/s00_entry_pipeline/s00_mmu/inst/gen_endpoint.decerr_slave_inst/s_axi_wready_INST_0/O
                         net (fo=1, routed)           0.345     5.000    mul_block_i/zynq_ultra_ps_e_0/inst/maxigp1_wready
    PS8_X0Y0             PS8                                          r  mul_block_i/zynq_ultra_ps_e_0/inst/PS8_i/MAXIGP1WREADY
  -------------------------------------------------------------------    -------------------

                         (clock clk_pl_0 rise edge)
                                                     10.000    10.000 r  
    PS8_X0Y0             PS8                          0.000    10.000 r  mul_block_i/zynq_ultra_ps_e_0/inst/PS8_i/PLCLK[0]
                         net (fo=1, routed)           0.181    10.181    mul_block_i/zynq_ultra_ps_e_0/inst/pl_clk_unbuffered[0]
    BUFG_PS_X0Y80        BUFG_PS (Prop_BUFG_PS_I_O)
                                                      0.035    10.216 r  mul_block_i/zynq_ultra_ps_e_0/inst/buffer_pl_clk_0.PL_CLK_0_BUFG/O
    X0Y1 (CLOCK_ROOT)    net (fo=2383, routed)        1.891    12.107    mul_block_i/zynq_ultra_ps_e_0/inst/maxihpm1_fpd_aclk
    PS8_X0Y0             PS8                                          r  mul_block_i/zynq_ultra_ps_e_0/inst/PS8_i/MAXIGP1ACLK
                         clock pessimism              0.248    12.355    
                         clock uncertainty           -0.160    12.195    
    PS8_X0Y0             PS8 (Setup_PS8_MAXIGP1ACLK_MAXIGP1WREADY)
                                                     -0.971    11.224    mul_block_i/zynq_ultra_ps_e_0/inst/PS8_i
  -------------------------------------------------------------------
                         required time                         11.224    
                         arrival time                          -5.000    
  -------------------------------------------------------------------
                         slack                                  6.224    

Slack (MET) :             6.238ns  (required time - arrival time)
  Source:                 mul_block_i/zynq_ultra_ps_e_0/inst/PS8_i/MAXIGP1ACLK
                            (rising edge-triggered cell PS8 clocked by clk_pl_0  {rise@0.000ns fall@5.000ns period=10.000ns})
  Destination:            mul_block_i/axi_smc/inst/switchboards/i_nodes/i_aw_node/inst/inst_si_handler/gen_m_axis_arb_fifo.inst_axis_arb_fifo/fifoaddr_reg[2]/D
                            (rising edge-triggered cell FDSE clocked by clk_pl_0  {rise@0.000ns fall@5.000ns period=10.000ns})
  Path Group:             clk_pl_0
  Path Type:              Setup (Max at Slow Process Corner)
  Requirement:            10.000ns  (clk_pl_0 rise@10.000ns - clk_pl_0 rise@0.000ns)
  Data Path Delay:        3.612ns  (logic 1.630ns (45.127%)  route 1.982ns (54.874%))
  Logic Levels:           8  (LUT2=2 LUT4=4 LUT5=2)
  Clock Path Skew:        -0.033ns (DCD - SCD + CPR)
    Destination Clock Delay (DCD):    2.146ns = ( 12.146 - 10.000 ) 
    Source Clock Delay      (SCD):    2.355ns
    Clock Pessimism Removal (CPR):    0.176ns
  Clock Uncertainty:      0.160ns  ((TSJ^2 + DJ^2)^1/2) / 2 + PE
    Total System Jitter     (TSJ):    0.071ns
    Discrete Jitter          (DJ):    0.312ns
    Phase Error              (PE):    0.000ns
  Clock Net Delay (Source):      2.088ns (routing 1.045ns, distribution 1.043ns)
  Clock Net Delay (Destination): 1.930ns (routing 0.955ns, distribution 0.975ns)

    Location             Delay type                Incr(ns)  Path(ns)    Netlist Resource(s)
  -------------------------------------------------------------------    -------------------
                         (clock clk_pl_0 rise edge)
                                                      0.000     0.000 r  
    PS8_X0Y0             PS8                          0.000     0.000 r  mul_block_i/zynq_ultra_ps_e_0/inst/PS8_i/PLCLK[0]
                         net (fo=1, routed)           0.229     0.229    mul_block_i/zynq_ultra_ps_e_0/inst/pl_clk_unbuffered[0]
    BUFG_PS_X0Y80        BUFG_PS (Prop_BUFG_PS_I_O)
                                                      0.038     0.267 r  mul_block_i/zynq_ultra_ps_e_0/inst/buffer_pl_clk_0.PL_CLK_0_BUFG/O
    X0Y1 (CLOCK_ROOT)    net (fo=2383, routed)        2.088     2.355    mul_block_i/zynq_ultra_ps_e_0/inst/maxihpm1_fpd_aclk
    PS8_X0Y0             PS8                                          r  mul_block_i/zynq_ultra_ps_e_0/inst/PS8_i/MAXIGP1ACLK
  -------------------------------------------------------------------    -------------------
    PS8_X0Y0             PS8 (Prop_PS8_MAXIGP1ACLK_MAXIGP1WSTRB[0])
                                                      0.583     2.938 f  mul_block_i/zynq_ultra_ps_e_0/inst/PS8_i/MAXIGP1WSTRB[0]
                         net (fo=2, routed)           0.345     3.283    mul_block_i/axi_smc/inst/s00_entry_pipeline/s00_si_converter/inst/converter.low_area_converter.low_area_wrap_inst/s_axi_wstrb[0]
    SLICE_X1Y139         LUT4 (Prop_A5LUT_SLICEM_I1_O)
                                                      0.225     3.508 r  mul_block_i/axi_smc/inst/s00_entry_pipeline/s00_si_converter/inst/converter.low_area_converter.low_area_wrap_inst/s_axi_wready_INST_0_i_2/O
                         net (fo=3, routed)           0.288     3.796    mul_block_i/axi_smc/inst/s00_entry_pipeline/s00_si_converter/inst/converter.low_area_converter.low_area_wrap_inst/s_axi_wready_INST_0_i_2_n_0
    SLICE_X1Y144         LUT4 (Prop_E6LUT_SLICEM_I0_O)
                                                      0.138     3.934 r  mul_block_i/axi_smc/inst/s00_entry_pipeline/s00_si_converter/inst/converter.low_area_converter.low_area_wrap_inst/s_axi_wready_INST_0_i_1/O
                         net (fo=12, routed)          0.130     4.064    mul_block_i/axi_smc/inst/s00_entry_pipeline/s00_si_converter/inst/converter.low_area_converter.low_area_wrap_inst/null_write
    SLICE_X2Y144         LUT5 (Prop_C6LUT_SLICEM_I3_O)
                                                      0.080     4.144 f  mul_block_i/axi_smc/inst/s00_entry_pipeline/s00_si_converter/inst/converter.low_area_converter.low_area_wrap_inst/m_axi_wvalid_INST_0/O
                         net (fo=3, routed)           0.303     4.447    mul_block_i/axi_smc/inst/s00_nodes/s00_w_node/inst/inst_mi_handler/s_sc_send[0]
    SLICE_X4Y139         LUT2 (Prop_B5LUT_SLICEM_I0_O)
                                                      0.097     4.544 f  mul_block_i/axi_smc/inst/s00_nodes/s00_w_node/inst/inst_mi_handler/m_sc_send[0]_INST_0/O
                         net (fo=1, routed)           0.368     4.912    mul_block_i/axi_smc/inst/switchboards/i_nodes/i_w_node/inst/inst_si_handler/gen_si_handler.gen_request_fifos.gen_req_fifo[0].inst_req_fifo/gen_xpm_memory_fifo.inst_fifo/s_sc_send[0]
    SLICE_X6Y138         LUT5 (Prop_B6LUT_SLICEL_I0_O)
                                                      0.083     4.995 f  mul_block_i/axi_smc/inst/switchboards/i_nodes/i_w_node/inst/inst_si_handler/gen_si_handler.gen_request_fifos.gen_req_fifo[0].inst_req_fifo/gen_xpm_memory_fifo.inst_fifo/s_axis_arb_tready_INST_0_i_1/O
                         net (fo=67, routed)          0.133     5.128    mul_block_i/axi_smc/inst/switchboards/i_nodes/i_w_node/inst/inst_si_handler/gen_si_handler.gen_request_fifos.gen_req_fifo[0].inst_req_fifo/gen_xpm_memory_fifo.inst_fifo/gen_rd.fifo_empty_r_reg_0
    SLICE_X6Y139         LUT2 (Prop_H6LUT_SLICEL_I1_O)
                                                      0.153     5.281 f  mul_block_i/axi_smc/inst/switchboards/i_nodes/i_w_node/inst/inst_si_handler/gen_si_handler.gen_request_fifos.gen_req_fifo[0].inst_req_fifo/gen_xpm_memory_fifo.inst_fifo/s_axis_arb_tready_INST_0/O
                         net (fo=10, routed)          0.156     5.437    mul_block_i/axi_smc/inst/switchboards/i_nodes/i_aw_node/inst/inst_si_handler/gen_m_axis_arb_fifo.inst_axis_arb_fifo/m_axis_arb_tready
    SLICE_X6Y138         LUT4 (Prop_D6LUT_SLICEL_I0_O)
                                                      0.136     5.573 r  mul_block_i/axi_smc/inst/switchboards/i_nodes/i_aw_node/inst/inst_si_handler/gen_m_axis_arb_fifo.inst_axis_arb_fifo/fifoaddr[3]_i_3/O
                         net (fo=2, routed)           0.164     5.737    mul_block_i/axi_smc/inst/switchboards/i_nodes/i_aw_node/inst/inst_si_handler/gen_m_axis_arb_fifo.inst_axis_arb_fifo/fifoaddr[3]_i_3_n_0
    SLICE_X4Y138         LUT4 (Prop_C6LUT_SLICEM_I0_O)
                                                      0.135     5.872 r  mul_block_i/axi_smc/inst/switchboards/i_nodes/i_aw_node/inst/inst_si_handler/gen_m_axis_arb_fifo.inst_axis_arb_fifo/fifoaddr[2]_i_1/O
                         net (fo=1, routed)           0.095     5.967    mul_block_i/axi_smc/inst/switchboards/i_nodes/i_aw_node/inst/inst_si_handler/gen_m_axis_arb_fifo.inst_axis_arb_fifo/fifoaddr[2]_i_1_n_0
    SLICE_X4Y138         FDSE                                         r  mul_block_i/axi_smc/inst/switchboards/i_nodes/i_aw_node/inst/inst_si_handler/gen_m_axis_arb_fifo.inst_axis_arb_fifo/fifoaddr_reg[2]/D
  -------------------------------------------------------------------    -------------------

                         (clock clk_pl_0 rise edge)
                                                     10.000    10.000 r  
    PS8_X0Y0             PS8                          0.000    10.000 r  mul_block_i/zynq_ultra_ps_e_0/inst/PS8_i/PLCLK[0]
                         net (fo=1, routed)           0.181    10.181    mul_block_i/zynq_ultra_ps_e_0/inst/pl_clk_unbuffered[0]
    BUFG_PS_X0Y80        BUFG_PS (Prop_BUFG_PS_I_O)
                                                      0.035    10.216 r  mul_block_i/zynq_ultra_ps_e_0/inst/buffer_pl_clk_0.PL_CLK_0_BUFG/O
    X0Y1 (CLOCK_ROOT)    net (fo=2383, routed)        1.930    12.146    mul_block_i/axi_smc/inst/switchboards/i_nodes/i_aw_node/inst/inst_si_handler/gen_m_axis_arb_fifo.inst_axis_arb_fifo/s_sc_aclk
    SLICE_X4Y138         FDSE                                         r  mul_block_i/axi_smc/inst/switchboards/i_nodes/i_aw_node/inst/inst_si_handler/gen_m_axis_arb_fifo.inst_axis_arb_fifo/fifoaddr_reg[2]/C
                         clock pessimism              0.176    12.322    
                         clock uncertainty           -0.160    12.162    
    SLICE_X4Y138         FDSE (Setup_CFF_SLICEM_C_D)
                                                      0.043    12.205    mul_block_i/axi_smc/inst/switchboards/i_nodes/i_aw_node/inst/inst_si_handler/gen_m_axis_arb_fifo.inst_axis_arb_fifo/fifoaddr_reg[2]
  -------------------------------------------------------------------
                         required time                         12.205    
                         arrival time                          -5.967    
  -------------------------------------------------------------------
                         slack                                  6.238    

Slack (MET) :             6.249ns  (required time - arrival time)
  Source:                 mul_block_i/zynq_ultra_ps_e_0/inst/PS8_i/MAXIGP1ACLK
                            (rising edge-triggered cell PS8 clocked by clk_pl_0  {rise@0.000ns fall@5.000ns period=10.000ns})
  Destination:            mul_block_i/axi_smc/inst/switchboards/i_nodes/i_aw_node/inst/inst_si_handler/gen_m_axis_arb_fifo.inst_axis_arb_fifo/fifoaddr_reg[0]/CE
                            (rising edge-triggered cell FDSE clocked by clk_pl_0  {rise@0.000ns fall@5.000ns period=10.000ns})
  Path Group:             clk_pl_0
  Path Type:              Setup (Max at Slow Process Corner)
  Requirement:            10.000ns  (clk_pl_0 rise@10.000ns - clk_pl_0 rise@0.000ns)
  Data Path Delay:        3.479ns  (logic 1.441ns (41.425%)  route 2.038ns (58.575%))
  Logic Levels:           7  (LUT2=2 LUT4=2 LUT5=3)
  Clock Path Skew:        -0.033ns (DCD - SCD + CPR)
    Destination Clock Delay (DCD):    2.146ns = ( 12.146 - 10.000 ) 
    Source Clock Delay      (SCD):    2.355ns
    Clock Pessimism Removal (CPR):    0.176ns
  Clock Uncertainty:      0.160ns  ((TSJ^2 + DJ^2)^1/2) / 2 + PE
    Total System Jitter     (TSJ):    0.071ns
    Discrete Jitter          (DJ):    0.312ns
    Phase Error              (PE):    0.000ns
  Clock Net Delay (Source):      2.088ns (routing 1.045ns, distribution 1.043ns)
  Clock Net Delay (Destination): 1.930ns (routing 0.955ns, distribution 0.975ns)

    Location             Delay type                Incr(ns)  Path(ns)    Netlist Resource(s)
  -------------------------------------------------------------------    -------------------
                         (clock clk_pl_0 rise edge)
                                                      0.000     0.000 r  
    PS8_X0Y0             PS8                          0.000     0.000 r  mul_block_i/zynq_ultra_ps_e_0/inst/PS8_i/PLCLK[0]
                         net (fo=1, routed)           0.229     0.229    mul_block_i/zynq_ultra_ps_e_0/inst/pl_clk_unbuffered[0]
    BUFG_PS_X0Y80        BUFG_PS (Prop_BUFG_PS_I_O)
                                                      0.038     0.267 r  mul_block_i/zynq_ultra_ps_e_0/inst/buffer_pl_clk_0.PL_CLK_0_BUFG/O
    X0Y1 (CLOCK_ROOT)    net (fo=2383, routed)        2.088     2.355    mul_block_i/zynq_ultra_ps_e_0/inst/maxihpm1_fpd_aclk
    PS8_X0Y0             PS8                                          r  mul_block_i/zynq_ultra_ps_e_0/inst/PS8_i/MAXIGP1ACLK
  -------------------------------------------------------------------    -------------------
    PS8_X0Y0             PS8 (Prop_PS8_MAXIGP1ACLK_MAXIGP1WSTRB[0])
                                                      0.583     2.938 r  mul_block_i/zynq_ultra_ps_e_0/inst/PS8_i/MAXIGP1WSTRB[0]
                         net (fo=2, routed)           0.345     3.283    mul_block_i/axi_smc/inst/s00_entry_pipeline/s00_si_converter/inst/converter.low_area_converter.low_area_wrap_inst/s_axi_wstrb[0]
    SLICE_X1Y139         LUT4 (Prop_A5LUT_SLICEM_I1_O)
                                                      0.225     3.508 f  mul_block_i/axi_smc/inst/s00_entry_pipeline/s00_si_converter/inst/converter.low_area_converter.low_area_wrap_inst/s_axi_wready_INST_0_i_2/O
                         net (fo=3, routed)           0.288     3.796    mul_block_i/axi_smc/inst/s00_entry_pipeline/s00_si_converter/inst/converter.low_area_converter.low_area_wrap_inst/s_axi_wready_INST_0_i_2_n_0
    SLICE_X1Y144         LUT4 (Prop_E6LUT_SLICEM_I0_O)
                                                      0.138     3.934 f  mul_block_i/axi_smc/inst/s00_entry_pipeline/s00_si_converter/inst/converter.low_area_converter.low_area_wrap_inst/s_axi_wready_INST_0_i_1/O
                         net (fo=12, routed)          0.130     4.064    mul_block_i/axi_smc/inst/s00_entry_pipeline/s00_si_converter/inst/converter.low_area_converter.low_area_wrap_inst/null_write
    SLICE_X2Y144         LUT5 (Prop_C6LUT_SLICEM_I3_O)
                                                      0.080     4.144 r  mul_block_i/axi_smc/inst/s00_entry_pipeline/s00_si_converter/inst/converter.low_area_converter.low_area_wrap_inst/m_axi_wvalid_INST_0/O
                         net (fo=3, routed)           0.303     4.447    mul_block_i/axi_smc/inst/s00_nodes/s00_w_node/inst/inst_mi_handler/s_sc_send[0]
    SLICE_X4Y139         LUT2 (Prop_B5LUT_SLICEM_I0_O)
                                                      0.097     4.544 r  mul_block_i/axi_smc/inst/s00_nodes/s00_w_node/inst/inst_mi_handler/m_sc_send[0]_INST_0/O
                         net (fo=1, routed)           0.368     4.912    mul_block_i/axi_smc/inst/switchboards/i_nodes/i_w_node/inst/inst_si_handler/gen_si_handler.gen_request_fifos.gen_req_fifo[0].inst_req_fifo/gen_xpm_memory_fifo.inst_fifo/s_sc_send[0]
    SLICE_X6Y138         LUT5 (Prop_B6LUT_SLICEL_I0_O)
                                                      0.083     4.995 r  mul_block_i/axi_smc/inst/switchboards/i_nodes/i_w_node/inst/inst_si_handler/gen_si_handler.gen_request_fifos.gen_req_fifo[0].inst_req_fifo/gen_xpm_memory_fifo.inst_fifo/s_axis_arb_tready_INST_0_i_1/O
                         net (fo=67, routed)          0.133     5.128    mul_block_i/axi_smc/inst/switchboards/i_nodes/i_w_node/inst/inst_si_handler/gen_si_handler.gen_request_fifos.gen_req_fifo[0].inst_req_fifo/gen_xpm_memory_fifo.inst_fifo/gen_rd.fifo_empty_r_reg_0
    SLICE_X6Y139         LUT2 (Prop_H6LUT_SLICEL_I1_O)
                                                      0.153     5.281 r  mul_block_i/axi_smc/inst/switchboards/i_nodes/i_w_node/inst/inst_si_handler/gen_si_handler.gen_request_fifos.gen_req_fifo[0].inst_req_fifo/gen_xpm_memory_fifo.inst_fifo/s_axis_arb_tready_INST_0/O
                         net (fo=10, routed)          0.156     5.437    mul_block_i/axi_smc/inst/switchboards/i_nodes/i_aw_node/inst/inst_si_handler/gen_m_axis_arb_fifo.inst_axis_arb_fifo/m_axis_arb_tready
    SLICE_X6Y138         LUT5 (Prop_A6LUT_SLICEL_I4_O)
                                                      0.082     5.519 r  mul_block_i/axi_smc/inst/switchboards/i_nodes/i_aw_node/inst/inst_si_handler/gen_m_axis_arb_fifo.inst_axis_arb_fifo/fifoaddr[3]_i_1/O
                         net (fo=4, routed)           0.314     5.834    mul_block_i/axi_smc/inst/switchboards/i_nodes/i_aw_node/inst/inst_si_handler/gen_m_axis_arb_fifo.inst_axis_arb_fifo/fifoaddr[3]_i_1_n_0
    SLICE_X4Y138         FDSE                                         r  mul_block_i/axi_smc/inst/switchboards/i_nodes/i_aw_node/inst/inst_si_handler/gen_m_axis_arb_fifo.inst_axis_arb_fifo/fifoaddr_reg[0]/CE
  -------------------------------------------------------------------    -------------------

                         (clock clk_pl_0 rise edge)
                                                     10.000    10.000 r  
    PS8_X0Y0             PS8                          0.000    10.000 r  mul_block_i/zynq_ultra_ps_e_0/inst/PS8_i/PLCLK[0]
                         net (fo=1, routed)           0.181    10.181    mul_block_i/zynq_ultra_ps_e_0/inst/pl_clk_unbuffered[0]
    BUFG_PS_X0Y80        BUFG_PS (Prop_BUFG_PS_I_O)
                                                      0.035    10.216 r  mul_block_i/zynq_ultra_ps_e_0/inst/buffer_pl_clk_0.PL_CLK_0_BUFG/O
    X0Y1 (CLOCK_ROOT)    net (fo=2383, routed)        1.930    12.146    mul_block_i/axi_smc/inst/switchboards/i_nodes/i_aw_node/inst/inst_si_handler/gen_m_axis_arb_fifo.inst_axis_arb_fifo/s_sc_aclk
    SLICE_X4Y138         FDSE                                         r  mul_block_i/axi_smc/inst/switchboards/i_nodes/i_aw_node/inst/inst_si_handler/gen_m_axis_arb_fifo.inst_axis_arb_fifo/fifoaddr_reg[0]/C
                         clock pessimism              0.176    12.322    
                         clock uncertainty           -0.160    12.162    
    SLICE_X4Y138         FDSE (Setup_DFF_SLICEM_C_CE)
                                                     -0.080    12.082    mul_block_i/axi_smc/inst/switchboards/i_nodes/i_aw_node/inst/inst_si_handler/gen_m_axis_arb_fifo.inst_axis_arb_fifo/fifoaddr_reg[0]
  -------------------------------------------------------------------
                         required time                         12.082    
                         arrival time                          -5.834    
  -------------------------------------------------------------------
                         slack                                  6.249    

Slack (MET) :             6.249ns  (required time - arrival time)
  Source:                 mul_block_i/zynq_ultra_ps_e_0/inst/PS8_i/MAXIGP1ACLK
                            (rising edge-triggered cell PS8 clocked by clk_pl_0  {rise@0.000ns fall@5.000ns period=10.000ns})
  Destination:            mul_block_i/axi_smc/inst/switchboards/i_nodes/i_aw_node/inst/inst_si_handler/gen_m_axis_arb_fifo.inst_axis_arb_fifo/fifoaddr_reg[1]/CE
                            (rising edge-triggered cell FDSE clocked by clk_pl_0  {rise@0.000ns fall@5.000ns period=10.000ns})
  Path Group:             clk_pl_0
  Path Type:              Setup (Max at Slow Process Corner)
  Requirement:            10.000ns  (clk_pl_0 rise@10.000ns - clk_pl_0 rise@0.000ns)
  Data Path Delay:        3.480ns  (logic 1.441ns (41.414%)  route 2.039ns (58.586%))
  Logic Levels:           7  (LUT2=2 LUT4=2 LUT5=3)
  Clock Path Skew:        -0.033ns (DCD - SCD + CPR)
    Destination Clock Delay (DCD):    2.146ns = ( 12.146 - 10.000 ) 
    Source Clock Delay      (SCD):    2.355ns
    Clock Pessimism Removal (CPR):    0.176ns
  Clock Uncertainty:      0.160ns  ((TSJ^2 + DJ^2)^1/2) / 2 + PE
    Total System Jitter     (TSJ):    0.071ns
    Discrete Jitter          (DJ):    0.312ns
    Phase Error              (PE):    0.000ns
  Clock Net Delay (Source):      2.088ns (routing 1.045ns, distribution 1.043ns)
  Clock Net Delay (Destination): 1.930ns (routing 0.955ns, distribution 0.975ns)

    Location             Delay type                Incr(ns)  Path(ns)    Netlist Resource(s)
  -------------------------------------------------------------------    -------------------
                         (clock clk_pl_0 rise edge)
                                                      0.000     0.000 r  
    PS8_X0Y0             PS8                          0.000     0.000 r  mul_block_i/zynq_ultra_ps_e_0/inst/PS8_i/PLCLK[0]
                         net (fo=1, routed)           0.229     0.229    mul_block_i/zynq_ultra_ps_e_0/inst/pl_clk_unbuffered[0]
    BUFG_PS_X0Y80        BUFG_PS (Prop_BUFG_PS_I_O)
                                                      0.038     0.267 r  mul_block_i/zynq_ultra_ps_e_0/inst/buffer_pl_clk_0.PL_CLK_0_BUFG/O
    X0Y1 (CLOCK_ROOT)    net (fo=2383, routed)        2.088     2.355    mul_block_i/zynq_ultra_ps_e_0/inst/maxihpm1_fpd_aclk
    PS8_X0Y0             PS8                                          r  mul_block_i/zynq_ultra_ps_e_0/inst/PS8_i/MAXIGP1ACLK
  -------------------------------------------------------------------    -------------------
    PS8_X0Y0             PS8 (Prop_PS8_MAXIGP1ACLK_MAXIGP1WSTRB[0])
                                                      0.583     2.938 r  mul_block_i/zynq_ultra_ps_e_0/inst/PS8_i/MAXIGP1WSTRB[0]
                         net (fo=2, routed)           0.345     3.283    mul_block_i/axi_smc/inst/s00_entry_pipeline/s00_si_converter/inst/converter.low_area_converter.low_area_wrap_inst/s_axi_wstrb[0]
    SLICE_X1Y139         LUT4 (Prop_A5LUT_SLICEM_I1_O)
                                                      0.225     3.508 f  mul_block_i/axi_smc/inst/s00_entry_pipeline/s00_si_converter/inst/converter.low_area_converter.low_area_wrap_inst/s_axi_wready_INST_0_i_2/O
                         net (fo=3, routed)           0.288     3.796    mul_block_i/axi_smc/inst/s00_entry_pipeline/s00_si_converter/inst/converter.low_area_converter.low_area_wrap_inst/s_axi_wready_INST_0_i_2_n_0
    SLICE_X1Y144         LUT4 (Prop_E6LUT_SLICEM_I0_O)
                                                      0.138     3.934 f  mul_block_i/axi_smc/inst/s00_entry_pipeline/s00_si_converter/inst/converter.low_area_converter.low_area_wrap_inst/s_axi_wready_INST_0_i_1/O
                         net (fo=12, routed)          0.130     4.064    mul_block_i/axi_smc/inst/s00_entry_pipeline/s00_si_converter/inst/converter.low_area_converter.low_area_wrap_inst/null_write
    SLICE_X2Y144         LUT5 (Prop_C6LUT_SLICEM_I3_O)
                                                      0.080     4.144 r  mul_block_i/axi_smc/inst/s00_entry_pipeline/s00_si_converter/inst/converter.low_area_converter.low_area_wrap_inst/m_axi_wvalid_INST_0/O
                         net (fo=3, routed)           0.303     4.447    mul_block_i/axi_smc/inst/s00_nodes/s00_w_node/inst/inst_mi_handler/s_sc_send[0]
    SLICE_X4Y139         LUT2 (Prop_B5LUT_SLICEM_I0_O)
                                                      0.097     4.544 r  mul_block_i/axi_smc/inst/s00_nodes/s00_w_node/inst/inst_mi_handler/m_sc_send[0]_INST_0/O
                         net (fo=1, routed)           0.368     4.912    mul_block_i/axi_smc/inst/switchboards/i_nodes/i_w_node/inst/inst_si_handler/gen_si_handler.gen_request_fifos.gen_req_fifo[0].inst_req_fifo/gen_xpm_memory_fifo.inst_fifo/s_sc_send[0]
    SLICE_X6Y138         LUT5 (Prop_B6LUT_SLICEL_I0_O)
                                                      0.083     4.995 r  mul_block_i/axi_smc/inst/switchboards/i_nodes/i_w_node/inst/inst_si_handler/gen_si_handler.gen_request_fifos.gen_req_fifo[0].inst_req_fifo/gen_xpm_memory_fifo.inst_fifo/s_axis_arb_tready_INST_0_i_1/O
                         net (fo=67, routed)          0.133     5.128    mul_block_i/axi_smc/inst/switchboards/i_nodes/i_w_node/inst/inst_si_handler/gen_si_handler.gen_request_fifos.gen_req_fifo[0].inst_req_fifo/gen_xpm_memory_fifo.inst_fifo/gen_rd.fifo_empty_r_reg_0
    SLICE_X6Y139         LUT2 (Prop_H6LUT_SLICEL_I1_O)
                                                      0.153     5.281 r  mul_block_i/axi_smc/inst/switchboards/i_nodes/i_w_node/inst/inst_si_handler/gen_si_handler.gen_request_fifos.gen_req_fifo[0].inst_req_fifo/gen_xpm_memory_fifo.inst_fifo/s_axis_arb_tready_INST_0/O
                         net (fo=10, routed)          0.156     5.437    mul_block_i/axi_smc/inst/switchboards/i_nodes/i_aw_node/inst/inst_si_handler/gen_m_axis_arb_fifo.inst_axis_arb_fifo/m_axis_arb_tready
    SLICE_X6Y138         LUT5 (Prop_A6LUT_SLICEL_I4_O)
                                                      0.082     5.519 r  mul_block_i/axi_smc/inst/switchboards/i_nodes/i_aw_node/inst/inst_si_handler/gen_m_axis_arb_fifo.inst_axis_arb_fifo/fifoaddr[3]_i_1/O
                         net (fo=4, routed)           0.315     5.835    mul_block_i/axi_smc/inst/switchboards/i_nodes/i_aw_node/inst/inst_si_handler/gen_m_axis_arb_fifo.inst_axis_arb_fifo/fifoaddr[3]_i_1_n_0
    SLICE_X4Y138         FDSE                                         r  mul_block_i/axi_smc/inst/switchboards/i_nodes/i_aw_node/inst/inst_si_handler/gen_m_axis_arb_fifo.inst_axis_arb_fifo/fifoaddr_reg[1]/CE
  -------------------------------------------------------------------    -------------------

                         (clock clk_pl_0 rise edge)
                                                     10.000    10.000 r  
    PS8_X0Y0             PS8                          0.000    10.000 r  mul_block_i/zynq_ultra_ps_e_0/inst/PS8_i/PLCLK[0]
                         net (fo=1, routed)           0.181    10.181    mul_block_i/zynq_ultra_ps_e_0/inst/pl_clk_unbuffered[0]
    BUFG_PS_X0Y80        BUFG_PS (Prop_BUFG_PS_I_O)
                                                      0.035    10.216 r  mul_block_i/zynq_ultra_ps_e_0/inst/buffer_pl_clk_0.PL_CLK_0_BUFG/O
    X0Y1 (CLOCK_ROOT)    net (fo=2383, routed)        1.930    12.146    mul_block_i/axi_smc/inst/switchboards/i_nodes/i_aw_node/inst/inst_si_handler/gen_m_axis_arb_fifo.inst_axis_arb_fifo/s_sc_aclk
    SLICE_X4Y138         FDSE                                         r  mul_block_i/axi_smc/inst/switchboards/i_nodes/i_aw_node/inst/inst_si_handler/gen_m_axis_arb_fifo.inst_axis_arb_fifo/fifoaddr_reg[1]/C
                         clock pessimism              0.176    12.322    
                         clock uncertainty           -0.160    12.162    
    SLICE_X4Y138         FDSE (Setup_DFF2_SLICEM_C_CE)
                                                     -0.079    12.083    mul_block_i/axi_smc/inst/switchboards/i_nodes/i_aw_node/inst/inst_si_handler/gen_m_axis_arb_fifo.inst_axis_arb_fifo/fifoaddr_reg[1]
  -------------------------------------------------------------------
                         required time                         12.083    
                         arrival time                          -5.835    
  -------------------------------------------------------------------
                         slack                                  6.249    

Slack (MET) :             6.249ns  (required time - arrival time)
  Source:                 mul_block_i/zynq_ultra_ps_e_0/inst/PS8_i/MAXIGP1ACLK
                            (rising edge-triggered cell PS8 clocked by clk_pl_0  {rise@0.000ns fall@5.000ns period=10.000ns})
  Destination:            mul_block_i/axi_smc/inst/switchboards/i_nodes/i_aw_node/inst/inst_si_handler/gen_m_axis_arb_fifo.inst_axis_arb_fifo/fifoaddr_reg[2]/CE
                            (rising edge-triggered cell FDSE clocked by clk_pl_0  {rise@0.000ns fall@5.000ns period=10.000ns})
  Path Group:             clk_pl_0
  Path Type:              Setup (Max at Slow Process Corner)
  Requirement:            10.000ns  (clk_pl_0 rise@10.000ns - clk_pl_0 rise@0.000ns)
  Data Path Delay:        3.479ns  (logic 1.441ns (41.425%)  route 2.038ns (58.575%))
  Logic Levels:           7  (LUT2=2 LUT4=2 LUT5=3)
  Clock Path Skew:        -0.033ns (DCD - SCD + CPR)
    Destination Clock Delay (DCD):    2.146ns = ( 12.146 - 10.000 ) 
    Source Clock Delay      (SCD):    2.355ns
    Clock Pessimism Removal (CPR):    0.176ns
  Clock Uncertainty:      0.160ns  ((TSJ^2 + DJ^2)^1/2) / 2 + PE
    Total System Jitter     (TSJ):    0.071ns
    Discrete Jitter          (DJ):    0.312ns
    Phase Error              (PE):    0.000ns
  Clock Net Delay (Source):      2.088ns (routing 1.045ns, distribution 1.043ns)
  Clock Net Delay (Destination): 1.930ns (routing 0.955ns, distribution 0.975ns)

    Location             Delay type                Incr(ns)  Path(ns)    Netlist Resource(s)
  -------------------------------------------------------------------    -------------------
                         (clock clk_pl_0 rise edge)
                                                      0.000     0.000 r  
    PS8_X0Y0             PS8                          0.000     0.000 r  mul_block_i/zynq_ultra_ps_e_0/inst/PS8_i/PLCLK[0]
                         net (fo=1, routed)           0.229     0.229    mul_block_i/zynq_ultra_ps_e_0/inst/pl_clk_unbuffered[0]
    BUFG_PS_X0Y80        BUFG_PS (Prop_BUFG_PS_I_O)
                                                      0.038     0.267 r  mul_block_i/zynq_ultra_ps_e_0/inst/buffer_pl_clk_0.PL_CLK_0_BUFG/O
    X0Y1 (CLOCK_ROOT)    net (fo=2383, routed)        2.088     2.355    mul_block_i/zynq_ultra_ps_e_0/inst/maxihpm1_fpd_aclk
    PS8_X0Y0             PS8                                          r  mul_block_i/zynq_ultra_ps_e_0/inst/PS8_i/MAXIGP1ACLK
  -------------------------------------------------------------------    -------------------
    PS8_X0Y0             PS8 (Prop_PS8_MAXIGP1ACLK_MAXIGP1WSTRB[0])
                                                      0.583     2.938 r  mul_block_i/zynq_ultra_ps_e_0/inst/PS8_i/MAXIGP1WSTRB[0]
                         net (fo=2, routed)           0.345     3.283    mul_block_i/axi_smc/inst/s00_entry_pipeline/s00_si_converter/inst/converter.low_area_converter.low_area_wrap_inst/s_axi_wstrb[0]
    SLICE_X1Y139         LUT4 (Prop_A5LUT_SLICEM_I1_O)
                                                      0.225     3.508 f  mul_block_i/axi_smc/inst/s00_entry_pipeline/s00_si_converter/inst/converter.low_area_converter.low_area_wrap_inst/s_axi_wready_INST_0_i_2/O
                         net (fo=3, routed)           0.288     3.796    mul_block_i/axi_smc/inst/s00_entry_pipeline/s00_si_converter/inst/converter.low_area_converter.low_area_wrap_inst/s_axi_wready_INST_0_i_2_n_0
    SLICE_X1Y144         LUT4 (Prop_E6LUT_SLICEM_I0_O)
                                                      0.138     3.934 f  mul_block_i/axi_smc/inst/s00_entry_pipeline/s00_si_converter/inst/converter.low_area_converter.low_area_wrap_inst/s_axi_wready_INST_0_i_1/O
                         net (fo=12, routed)          0.130     4.064    mul_block_i/axi_smc/inst/s00_entry_pipeline/s00_si_converter/inst/converter.low_area_converter.low_area_wrap_inst/null_write
    SLICE_X2Y144         LUT5 (Prop_C6LUT_SLICEM_I3_O)
                                                      0.080     4.144 r  mul_block_i/axi_smc/inst/s00_entry_pipeline/s00_si_converter/inst/converter.low_area_converter.low_area_wrap_inst/m_axi_wvalid_INST_0/O
                         net (fo=3, routed)           0.303     4.447    mul_block_i/axi_smc/inst/s00_nodes/s00_w_node/inst/inst_mi_handler/s_sc_send[0]
    SLICE_X4Y139         LUT2 (Prop_B5LUT_SLICEM_I0_O)
                                                      0.097     4.544 r  mul_block_i/axi_smc/inst/s00_nodes/s00_w_node/inst/inst_mi_handler/m_sc_send[0]_INST_0/O
                         net (fo=1, routed)           0.368     4.912    mul_block_i/axi_smc/inst/switchboards/i_nodes/i_w_node/inst/inst_si_handler/gen_si_handler.gen_request_fifos.gen_req_fifo[0].inst_req_fifo/gen_xpm_memory_fifo.inst_fifo/s_sc_send[0]
    SLICE_X6Y138         LUT5 (Prop_B6LUT_SLICEL_I0_O)
                                                      0.083     4.995 r  mul_block_i/axi_smc/inst/switchboards/i_nodes/i_w_node/inst/inst_si_handler/gen_si_handler.gen_request_fifos.gen_req_fifo[0].inst_req_fifo/gen_xpm_memory_fifo.inst_fifo/s_axis_arb_tready_INST_0_i_1/O
                         net (fo=67, routed)          0.133     5.128    mul_block_i/axi_smc/inst/switchboards/i_nodes/i_w_node/inst/inst_si_handler/gen_si_handler.gen_request_fifos.gen_req_fifo[0].inst_req_fifo/gen_xpm_memory_fifo.inst_fifo/gen_rd.fifo_empty_r_reg_0
    SLICE_X6Y139         LUT2 (Prop_H6LUT_SLICEL_I1_O)
                                                      0.153     5.281 r  mul_block_i/axi_smc/inst/switchboards/i_nodes/i_w_node/inst/inst_si_handler/gen_si_handler.gen_request_fifos.gen_req_fifo[0].inst_req_fifo/gen_xpm_memory_fifo.inst_fifo/s_axis_arb_tready_INST_0/O
                         net (fo=10, routed)          0.156     5.437    mul_block_i/axi_smc/inst/switchboards/i_nodes/i_aw_node/inst/inst_si_handler/gen_m_axis_arb_fifo.inst_axis_arb_fifo/m_axis_arb_tready
    SLICE_X6Y138         LUT5 (Prop_A6LUT_SLICEL_I4_O)
                                                      0.082     5.519 r  mul_block_i/axi_smc/inst/switchboards/i_nodes/i_aw_node/inst/inst_si_handler/gen_m_axis_arb_fifo.inst_axis_arb_fifo/fifoaddr[3]_i_1/O
                         net (fo=4, routed)           0.314     5.834    mul_block_i/axi_smc/inst/switchboards/i_nodes/i_aw_node/inst/inst_si_handler/gen_m_axis_arb_fifo.inst_axis_arb_fifo/fifoaddr[3]_i_1_n_0
    SLICE_X4Y138         FDSE                                         r  mul_block_i/axi_smc/inst/switchboards/i_nodes/i_aw_node/inst/inst_si_handler/gen_m_axis_arb_fifo.inst_axis_arb_fifo/fifoaddr_reg[2]/CE
  -------------------------------------------------------------------    -------------------

                         (clock clk_pl_0 rise edge)
                                                     10.000    10.000 r  
    PS8_X0Y0             PS8                          0.000    10.000 r  mul_block_i/zynq_ultra_ps_e_0/inst/PS8_i/PLCLK[0]
                         net (fo=1, routed)           0.181    10.181    mul_block_i/zynq_ultra_ps_e_0/inst/pl_clk_unbuffered[0]
    BUFG_PS_X0Y80        BUFG_PS (Prop_BUFG_PS_I_O)
                                                      0.035    10.216 r  mul_block_i/zynq_ultra_ps_e_0/inst/buffer_pl_clk_0.PL_CLK_0_BUFG/O
    X0Y1 (CLOCK_ROOT)    net (fo=2383, routed)        1.930    12.146    mul_block_i/axi_smc/inst/switchboards/i_nodes/i_aw_node/inst/inst_si_handler/gen_m_axis_arb_fifo.inst_axis_arb_fifo/s_sc_aclk
    SLICE_X4Y138         FDSE                                         r  mul_block_i/axi_smc/inst/switchboards/i_nodes/i_aw_node/inst/inst_si_handler/gen_m_axis_arb_fifo.inst_axis_arb_fifo/fifoaddr_reg[2]/C
                         clock pessimism              0.176    12.322    
                         clock uncertainty           -0.160    12.162    
    SLICE_X4Y138         FDSE (Setup_CFF_SLICEM_C_CE)
                                                     -0.080    12.082    mul_block_i/axi_smc/inst/switchboards/i_nodes/i_aw_node/inst/inst_si_handler/gen_m_axis_arb_fifo.inst_axis_arb_fifo/fifoaddr_reg[2]
  -------------------------------------------------------------------
                         required time                         12.082    
                         arrival time                          -5.834    
  -------------------------------------------------------------------
                         slack                                  6.249    

Slack (MET) :             6.249ns  (required time - arrival time)
  Source:                 mul_block_i/zynq_ultra_ps_e_0/inst/PS8_i/MAXIGP1ACLK
                            (rising edge-triggered cell PS8 clocked by clk_pl_0  {rise@0.000ns fall@5.000ns period=10.000ns})
  Destination:            mul_block_i/axi_smc/inst/switchboards/i_nodes/i_aw_node/inst/inst_si_handler/gen_m_axis_arb_fifo.inst_axis_arb_fifo/fifoaddr_reg[3]/CE
                            (rising edge-triggered cell FDSE clocked by clk_pl_0  {rise@0.000ns fall@5.000ns period=10.000ns})
  Path Group:             clk_pl_0
  Path Type:              Setup (Max at Slow Process Corner)
  Requirement:            10.000ns  (clk_pl_0 rise@10.000ns - clk_pl_0 rise@0.000ns)
  Data Path Delay:        3.480ns  (logic 1.441ns (41.414%)  route 2.039ns (58.586%))
  Logic Levels:           7  (LUT2=2 LUT4=2 LUT5=3)
  Clock Path Skew:        -0.033ns (DCD - SCD + CPR)
    Destination Clock Delay (DCD):    2.146ns = ( 12.146 - 10.000 ) 
    Source Clock Delay      (SCD):    2.355ns
    Clock Pessimism Removal (CPR):    0.176ns
  Clock Uncertainty:      0.160ns  ((TSJ^2 + DJ^2)^1/2) / 2 + PE
    Total System Jitter     (TSJ):    0.071ns
    Discrete Jitter          (DJ):    0.312ns
    Phase Error              (PE):    0.000ns
  Clock Net Delay (Source):      2.088ns (routing 1.045ns, distribution 1.043ns)
  Clock Net Delay (Destination): 1.930ns (routing 0.955ns, distribution 0.975ns)

    Location             Delay type                Incr(ns)  Path(ns)    Netlist Resource(s)
  -------------------------------------------------------------------    -------------------
                         (clock clk_pl_0 rise edge)
                                                      0.000     0.000 r  
    PS8_X0Y0             PS8                          0.000     0.000 r  mul_block_i/zynq_ultra_ps_e_0/inst/PS8_i/PLCLK[0]
                         net (fo=1, routed)           0.229     0.229    mul_block_i/zynq_ultra_ps_e_0/inst/pl_clk_unbuffered[0]
    BUFG_PS_X0Y80        BUFG_PS (Prop_BUFG_PS_I_O)
                                                      0.038     0.267 r  mul_block_i/zynq_ultra_ps_e_0/inst/buffer_pl_clk_0.PL_CLK_0_BUFG/O
    X0Y1 (CLOCK_ROOT)    net (fo=2383, routed)        2.088     2.355    mul_block_i/zynq_ultra_ps_e_0/inst/maxihpm1_fpd_aclk
    PS8_X0Y0             PS8                                          r  mul_block_i/zynq_ultra_ps_e_0/inst/PS8_i/MAXIGP1ACLK
  -------------------------------------------------------------------    -------------------
    PS8_X0Y0             PS8 (Prop_PS8_MAXIGP1ACLK_MAXIGP1WSTRB[0])
                                                      0.583     2.938 r  mul_block_i/zynq_ultra_ps_e_0/inst/PS8_i/MAXIGP1WSTRB[0]
                         net (fo=2, routed)           0.345     3.283    mul_block_i/axi_smc/inst/s00_entry_pipeline/s00_si_converter/inst/converter.low_area_converter.low_area_wrap_inst/s_axi_wstrb[0]
    SLICE_X1Y139         LUT4 (Prop_A5LUT_SLICEM_I1_O)
                                                      0.225     3.508 f  mul_block_i/axi_smc/inst/s00_entry_pipeline/s00_si_converter/inst/converter.low_area_converter.low_area_wrap_inst/s_axi_wready_INST_0_i_2/O
                         net (fo=3, routed)           0.288     3.796    mul_block_i/axi_smc/inst/s00_entry_pipeline/s00_si_converter/inst/converter.low_area_converter.low_area_wrap_inst/s_axi_wready_INST_0_i_2_n_0
    SLICE_X1Y144         LUT4 (Prop_E6LUT_SLICEM_I0_O)
                                                      0.138     3.934 f  mul_block_i/axi_smc/inst/s00_entry_pipeline/s00_si_converter/inst/converter.low_area_converter.low_area_wrap_inst/s_axi_wready_INST_0_i_1/O
                         net (fo=12, routed)          0.130     4.064    mul_block_i/axi_smc/inst/s00_entry_pipeline/s00_si_converter/inst/converter.low_area_converter.low_area_wrap_inst/null_write
    SLICE_X2Y144         LUT5 (Prop_C6LUT_SLICEM_I3_O)
                                                      0.080     4.144 r  mul_block_i/axi_smc/inst/s00_entry_pipeline/s00_si_converter/inst/converter.low_area_converter.low_area_wrap_inst/m_axi_wvalid_INST_0/O
                         net (fo=3, routed)           0.303     4.447    mul_block_i/axi_smc/inst/s00_nodes/s00_w_node/inst/inst_mi_handler/s_sc_send[0]
    SLICE_X4Y139         LUT2 (Prop_B5LUT_SLICEM_I0_O)
                                                      0.097     4.544 r  mul_block_i/axi_smc/inst/s00_nodes/s00_w_node/inst/inst_mi_handler/m_sc_send[0]_INST_0/O
                         net (fo=1, routed)           0.368     4.912    mul_block_i/axi_smc/inst/switchboards/i_nodes/i_w_node/inst/inst_si_handler/gen_si_handler.gen_request_fifos.gen_req_fifo[0].inst_req_fifo/gen_xpm_memory_fifo.inst_fifo/s_sc_send[0]
    SLICE_X6Y138         LUT5 (Prop_B6LUT_SLICEL_I0_O)
                                                      0.083     4.995 r  mul_block_i/axi_smc/inst/switchboards/i_nodes/i_w_node/inst/inst_si_handler/gen_si_handler.gen_request_fifos.gen_req_fifo[0].inst_req_fifo/gen_xpm_memory_fifo.inst_fifo/s_axis_arb_tready_INST_0_i_1/O
                         net (fo=67, routed)          0.133     5.128    mul_block_i/axi_smc/inst/switchboards/i_nodes/i_w_node/inst/inst_si_handler/gen_si_handler.gen_request_fifos.gen_req_fifo[0].inst_req_fifo/gen_xpm_memory_fifo.inst_fifo/gen_rd.fifo_empty_r_reg_0
    SLICE_X6Y139         LUT2 (Prop_H6LUT_SLICEL_I1_O)
                                                      0.153     5.281 r  mul_block_i/axi_smc/inst/switchboards/i_nodes/i_w_node/inst/inst_si_handler/gen_si_handler.gen_request_fifos.gen_req_fifo[0].inst_req_fifo/gen_xpm_memory_fifo.inst_fifo/s_axis_arb_tready_INST_0/O
                         net (fo=10, routed)          0.156     5.437    mul_block_i/axi_smc/inst/switchboards/i_nodes/i_aw_node/inst/inst_si_handler/gen_m_axis_arb_fifo.inst_axis_arb_fifo/m_axis_arb_tready
    SLICE_X6Y138         LUT5 (Prop_A6LUT_SLICEL_I4_O)
                                                      0.082     5.519 r  mul_block_i/axi_smc/inst/switchboards/i_nodes/i_aw_node/inst/inst_si_handler/gen_m_axis_arb_fifo.inst_axis_arb_fifo/fifoaddr[3]_i_1/O
                         net (fo=4, routed)           0.315     5.835    mul_block_i/axi_smc/inst/switchboards/i_nodes/i_aw_node/inst/inst_si_handler/gen_m_axis_arb_fifo.inst_axis_arb_fifo/fifoaddr[3]_i_1_n_0
    SLICE_X4Y138         FDSE                                         r  mul_block_i/axi_smc/inst/switchboards/i_nodes/i_aw_node/inst/inst_si_handler/gen_m_axis_arb_fifo.inst_axis_arb_fifo/fifoaddr_reg[3]/CE
  -------------------------------------------------------------------    -------------------

                         (clock clk_pl_0 rise edge)
                                                     10.000    10.000 r  
    PS8_X0Y0             PS8                          0.000    10.000 r  mul_block_i/zynq_ultra_ps_e_0/inst/PS8_i/PLCLK[0]
                         net (fo=1, routed)           0.181    10.181    mul_block_i/zynq_ultra_ps_e_0/inst/pl_clk_unbuffered[0]
    BUFG_PS_X0Y80        BUFG_PS (Prop_BUFG_PS_I_O)
                                                      0.035    10.216 r  mul_block_i/zynq_ultra_ps_e_0/inst/buffer_pl_clk_0.PL_CLK_0_BUFG/O
    X0Y1 (CLOCK_ROOT)    net (fo=2383, routed)        1.930    12.146    mul_block_i/axi_smc/inst/switchboards/i_nodes/i_aw_node/inst/inst_si_handler/gen_m_axis_arb_fifo.inst_axis_arb_fifo/s_sc_aclk
    SLICE_X4Y138         FDSE                                         r  mul_block_i/axi_smc/inst/switchboards/i_nodes/i_aw_node/inst/inst_si_handler/gen_m_axis_arb_fifo.inst_axis_arb_fifo/fifoaddr_reg[3]/C
                         clock pessimism              0.176    12.322    
                         clock uncertainty           -0.160    12.162    
    SLICE_X4Y138         FDSE (Setup_CFF2_SLICEM_C_CE)
                                                     -0.079    12.083    mul_block_i/axi_smc/inst/switchboards/i_nodes/i_aw_node/inst/inst_si_handler/gen_m_axis_arb_fifo.inst_axis_arb_fifo/fifoaddr_reg[3]
  -------------------------------------------------------------------
                         required time                         12.083    
                         arrival time                          -5.835    
  -------------------------------------------------------------------
                         slack                                  6.249    





Min Delay Paths
--------------------------------------------------------------------------------------
Slack (MET) :             0.017ns  (arrival time - required time)
  Source:                 mul_block_i/axi_smc/inst/m00_exit_pipeline/m00_exit/inst/splitter_inst/gen_axi4lite.axilite_conv/s_axi_rdata_i_reg[3]/C
                            (rising edge-triggered cell FDRE clocked by clk_pl_0  {rise@0.000ns fall@5.000ns period=10.000ns})
  Destination:            mul_block_i/axi_smc/inst/switchboards/i_nodes/i_r_node/inst/inst_mi_handler/gen_normal_area.gen_upsizer.inst_upsizer/gen_r_ch.accum_reg[bytes][4][userdata][3]/D
                            (rising edge-triggered cell FDRE clocked by clk_pl_0  {rise@0.000ns fall@5.000ns period=10.000ns})
  Path Group:             clk_pl_0
  Path Type:              Hold (Min at Slow Process Corner)
  Requirement:            0.000ns  (clk_pl_0 rise@0.000ns - clk_pl_0 rise@0.000ns)
  Data Path Delay:        0.214ns  (logic 0.115ns (53.662%)  route 0.099ns (46.338%))
  Logic Levels:           0  
  Clock Path Skew:        0.095ns (DCD - SCD - CPR)
    Destination Clock Delay (DCD):    2.369ns
    Source Clock Delay      (SCD):    2.101ns
    Clock Pessimism Removal (CPR):    0.173ns
  Clock Net Delay (Source):      1.885ns (routing 0.955ns, distribution 0.930ns)
  Clock Net Delay (Destination): 2.102ns (routing 1.045ns, distribution 1.057ns)

    Location             Delay type                Incr(ns)  Path(ns)    Netlist Resource(s)
  -------------------------------------------------------------------    -------------------
                         (clock clk_pl_0 rise edge)
                                                      0.000     0.000 r  
    PS8_X0Y0             PS8                          0.000     0.000 r  mul_block_i/zynq_ultra_ps_e_0/inst/PS8_i/PLCLK[0]
                         net (fo=1, routed)           0.181     0.181    mul_block_i/zynq_ultra_ps_e_0/inst/pl_clk_unbuffered[0]
    BUFG_PS_X0Y80        BUFG_PS (Prop_BUFG_PS_I_O)
                                                      0.035     0.216 r  mul_block_i/zynq_ultra_ps_e_0/inst/buffer_pl_clk_0.PL_CLK_0_BUFG/O
    X0Y1 (CLOCK_ROOT)    net (fo=2383, routed)        1.885     2.101    mul_block_i/axi_smc/inst/m00_exit_pipeline/m00_exit/inst/splitter_inst/gen_axi4lite.axilite_conv/aclk
    SLICE_X1Y119         FDRE                                         r  mul_block_i/axi_smc/inst/m00_exit_pipeline/m00_exit/inst/splitter_inst/gen_axi4lite.axilite_conv/s_axi_rdata_i_reg[3]/C
  -------------------------------------------------------------------    -------------------
    SLICE_X1Y119         FDRE (Prop_DFF2_SLICEM_C_Q)
                                                      0.115     2.216 r  mul_block_i/axi_smc/inst/m00_exit_pipeline/m00_exit/inst/splitter_inst/gen_axi4lite.axilite_conv/s_axi_rdata_i_reg[3]/Q
                         net (fo=4, routed)           0.099     2.315    mul_block_i/axi_smc/inst/switchboards/i_nodes/i_r_node/inst/inst_mi_handler/gen_normal_area.gen_upsizer.inst_upsizer/s_sc_payld[10]
    SLICE_X0Y119         FDRE                                         r  mul_block_i/axi_smc/inst/switchboards/i_nodes/i_r_node/inst/inst_mi_handler/gen_normal_area.gen_upsizer.inst_upsizer/gen_r_ch.accum_reg[bytes][4][userdata][3]/D
  -------------------------------------------------------------------    -------------------

                         (clock clk_pl_0 rise edge)
                                                      0.000     0.000 r  
    PS8_X0Y0             PS8                          0.000     0.000 r  mul_block_i/zynq_ultra_ps_e_0/inst/PS8_i/PLCLK[0]
                         net (fo=1, routed)           0.229     0.229    mul_block_i/zynq_ultra_ps_e_0/inst/pl_clk_unbuffered[0]
    BUFG_PS_X0Y80        BUFG_PS (Prop_BUFG_PS_I_O)
                                                      0.038     0.267 r  mul_block_i/zynq_ultra_ps_e_0/inst/buffer_pl_clk_0.PL_CLK_0_BUFG/O
    X0Y1 (CLOCK_ROOT)    net (fo=2383, routed)        2.102     2.369    mul_block_i/axi_smc/inst/switchboards/i_nodes/i_r_node/inst/inst_mi_handler/gen_normal_area.gen_upsizer.inst_upsizer/s_sc_aclk
    SLICE_X0Y119         FDRE                                         r  mul_block_i/axi_smc/inst/switchboards/i_nodes/i_r_node/inst/inst_mi_handler/gen_normal_area.gen_upsizer.inst_upsizer/gen_r_ch.accum_reg[bytes][4][userdata][3]/C
                         clock pessimism             -0.173     2.196    
    SLICE_X0Y119         FDRE (Hold_GFF2_SLICEL_C_D)
                                                      0.103     2.299    mul_block_i/axi_smc/inst/switchboards/i_nodes/i_r_node/inst/inst_mi_handler/gen_normal_area.gen_upsizer.inst_upsizer/gen_r_ch.accum_reg[bytes][4][userdata][3]
  -------------------------------------------------------------------
                         required time                         -2.299    
                         arrival time                           2.315    
  -------------------------------------------------------------------
                         slack                                  0.017    

Slack (MET) :             0.018ns  (arrival time - required time)
  Source:                 mul_block_i/axi_smc/inst/s01_entry_pipeline/s01_si_converter/inst/converter.low_area_converter.low_area_wrap_inst/push_bcmd_data_reg[8]/C
                            (rising edge-triggered cell FDRE clocked by clk_pl_0  {rise@0.000ns fall@5.000ns period=10.000ns})
  Destination:            mul_block_i/axi_smc/inst/s01_entry_pipeline/s01_si_converter/inst/converter.low_area_converter.low_area_wrap_inst/w_resp_fifo/gen_srls[8].srl_nx1/shift_reg_reg[0]_srl32/D
                            (rising edge-triggered cell SRLC32E clocked by clk_pl_0  {rise@0.000ns fall@5.000ns period=10.000ns})
  Path Group:             clk_pl_0
  Path Type:              Hold (Min at Slow Process Corner)
  Requirement:            0.000ns  (clk_pl_0 rise@0.000ns - clk_pl_0 rise@0.000ns)
  Data Path Delay:        0.214ns  (logic 0.112ns (52.367%)  route 0.102ns (47.633%))
  Logic Levels:           0  
  Clock Path Skew:        0.126ns (DCD - SCD - CPR)
    Destination Clock Delay (DCD):    2.388ns
    Source Clock Delay      (SCD):    2.089ns
    Clock Pessimism Removal (CPR):    0.173ns
  Clock Net Delay (Source):      1.873ns (routing 0.955ns, distribution 0.918ns)
  Clock Net Delay (Destination): 2.121ns (routing 1.045ns, distribution 1.076ns)

    Location             Delay type                Incr(ns)  Path(ns)    Netlist Resource(s)
  -------------------------------------------------------------------    -------------------
                         (clock clk_pl_0 rise edge)
                                                      0.000     0.000 r  
    PS8_X0Y0             PS8                          0.000     0.000 r  mul_block_i/zynq_ultra_ps_e_0/inst/PS8_i/PLCLK[0]
                         net (fo=1, routed)           0.181     0.181    mul_block_i/zynq_ultra_ps_e_0/inst/pl_clk_unbuffered[0]
    BUFG_PS_X0Y80        BUFG_PS (Prop_BUFG_PS_I_O)
                                                      0.035     0.216 r  mul_block_i/zynq_ultra_ps_e_0/inst/buffer_pl_clk_0.PL_CLK_0_BUFG/O
    X0Y1 (CLOCK_ROOT)    net (fo=2383, routed)        1.873     2.089    mul_block_i/axi_smc/inst/s01_entry_pipeline/s01_si_converter/inst/converter.low_area_converter.low_area_wrap_inst/aclk
    SLICE_X4Y98          FDRE                                         r  mul_block_i/axi_smc/inst/s01_entry_pipeline/s01_si_converter/inst/converter.low_area_converter.low_area_wrap_inst/push_bcmd_data_reg[8]/C
  -------------------------------------------------------------------    -------------------
    SLICE_X4Y98          FDRE (Prop_AFF_SLICEM_C_Q)
                                                      0.112     2.201 r  mul_block_i/axi_smc/inst/s01_entry_pipeline/s01_si_converter/inst/converter.low_area_converter.low_area_wrap_inst/push_bcmd_data_reg[8]/Q
                         net (fo=2, routed)           0.102     2.303    mul_block_i/axi_smc/inst/s01_entry_pipeline/s01_si_converter/inst/converter.low_area_converter.low_area_wrap_inst/w_resp_fifo/gen_srls[8].srl_nx1/gen_pipelined.mesg_reg_reg[8][0]
    SLICE_X5Y98          SRLC32E                                      r  mul_block_i/axi_smc/inst/s01_entry_pipeline/s01_si_converter/inst/converter.low_area_converter.low_area_wrap_inst/w_resp_fifo/gen_srls[8].srl_nx1/shift_reg_reg[0]_srl32/D
  -------------------------------------------------------------------    -------------------

                         (clock clk_pl_0 rise edge)
                                                      0.000     0.000 r  
    PS8_X0Y0             PS8                          0.000     0.000 r  mul_block_i/zynq_ultra_ps_e_0/inst/PS8_i/PLCLK[0]
                         net (fo=1, routed)           0.229     0.229    mul_block_i/zynq_ultra_ps_e_0/inst/pl_clk_unbuffered[0]
    BUFG_PS_X0Y80        BUFG_PS (Prop_BUFG_PS_I_O)
                                                      0.038     0.267 r  mul_block_i/zynq_ultra_ps_e_0/inst/buffer_pl_clk_0.PL_CLK_0_BUFG/O
    X0Y1 (CLOCK_ROOT)    net (fo=2383, routed)        2.121     2.388    mul_block_i/axi_smc/inst/s01_entry_pipeline/s01_si_converter/inst/converter.low_area_converter.low_area_wrap_inst/w_resp_fifo/gen_srls[8].srl_nx1/aclk
    SLICE_X5Y98          SRLC32E                                      r  mul_block_i/axi_smc/inst/s01_entry_pipeline/s01_si_converter/inst/converter.low_area_converter.low_area_wrap_inst/w_resp_fifo/gen_srls[8].srl_nx1/shift_reg_reg[0]_srl32/CLK
                         clock pessimism             -0.173     2.215    
    SLICE_X5Y98          SRLC32E (Hold_B6LUT_SLICEM_CLK_D)
                                                      0.070     2.285    mul_block_i/axi_smc/inst/s01_entry_pipeline/s01_si_converter/inst/converter.low_area_converter.low_area_wrap_inst/w_resp_fifo/gen_srls[8].srl_nx1/shift_reg_reg[0]_srl32
  -------------------------------------------------------------------
                         required time                         -2.285    
                         arrival time                           2.303    
  -------------------------------------------------------------------
                         slack                                  0.018    

Slack (MET) :             0.021ns  (arrival time - required time)
  Source:                 mul_block_i/axi_smc/inst/m00_exit_pipeline/m00_exit/inst/splitter_inst/gen_axi4lite.axilite_conv/s_axi_rdata_i_reg[2]/C
                            (rising edge-triggered cell FDRE clocked by clk_pl_0  {rise@0.000ns fall@5.000ns period=10.000ns})
  Destination:            mul_block_i/axi_smc/inst/switchboards/i_nodes/i_r_node/inst/inst_mi_handler/gen_normal_area.gen_upsizer.inst_upsizer/gen_r_ch.accum_reg[bytes][12][userdata][2]/D
                            (rising edge-triggered cell FDRE clocked by clk_pl_0  {rise@0.000ns fall@5.000ns period=10.000ns})
  Path Group:             clk_pl_0
  Path Type:              Hold (Min at Slow Process Corner)
  Requirement:            0.000ns  (clk_pl_0 rise@0.000ns - clk_pl_0 rise@0.000ns)
  Data Path Delay:        0.211ns  (logic 0.112ns (53.004%)  route 0.099ns (46.996%))
  Logic Levels:           0  
  Clock Path Skew:        0.089ns (DCD - SCD - CPR)
    Destination Clock Delay (DCD):    2.363ns
    Source Clock Delay      (SCD):    2.101ns
    Clock Pessimism Removal (CPR):    0.173ns
  Clock Net Delay (Source):      1.885ns (routing 0.955ns, distribution 0.930ns)
  Clock Net Delay (Destination): 2.096ns (routing 1.045ns, distribution 1.051ns)

    Location             Delay type                Incr(ns)  Path(ns)    Netlist Resource(s)
  -------------------------------------------------------------------    -------------------
                         (clock clk_pl_0 rise edge)
                                                      0.000     0.000 r  
    PS8_X0Y0             PS8                          0.000     0.000 r  mul_block_i/zynq_ultra_ps_e_0/inst/PS8_i/PLCLK[0]
                         net (fo=1, routed)           0.181     0.181    mul_block_i/zynq_ultra_ps_e_0/inst/pl_clk_unbuffered[0]
    BUFG_PS_X0Y80        BUFG_PS (Prop_BUFG_PS_I_O)
                                                      0.035     0.216 r  mul_block_i/zynq_ultra_ps_e_0/inst/buffer_pl_clk_0.PL_CLK_0_BUFG/O
    X0Y1 (CLOCK_ROOT)    net (fo=2383, routed)        1.885     2.101    mul_block_i/axi_smc/inst/m00_exit_pipeline/m00_exit/inst/splitter_inst/gen_axi4lite.axilite_conv/aclk
    SLICE_X1Y119         FDRE                                         r  mul_block_i/axi_smc/inst/m00_exit_pipeline/m00_exit/inst/splitter_inst/gen_axi4lite.axilite_conv/s_axi_rdata_i_reg[2]/C
  -------------------------------------------------------------------    -------------------
    SLICE_X1Y119         FDRE (Prop_DFF_SLICEM_C_Q)
                                                      0.112     2.213 r  mul_block_i/axi_smc/inst/m00_exit_pipeline/m00_exit/inst/splitter_inst/gen_axi4lite.axilite_conv/s_axi_rdata_i_reg[2]/Q
                         net (fo=4, routed)           0.099     2.312    mul_block_i/axi_smc/inst/switchboards/i_nodes/i_r_node/inst/inst_mi_handler/gen_normal_area.gen_upsizer.inst_upsizer/s_sc_payld[9]
    SLICE_X0Y119         FDRE                                         r  mul_block_i/axi_smc/inst/switchboards/i_nodes/i_r_node/inst/inst_mi_handler/gen_normal_area.gen_upsizer.inst_upsizer/gen_r_ch.accum_reg[bytes][12][userdata][2]/D
  -------------------------------------------------------------------    -------------------

                         (clock clk_pl_0 rise edge)
                                                      0.000     0.000 r  
    PS8_X0Y0             PS8                          0.000     0.000 r  mul_block_i/zynq_ultra_ps_e_0/inst/PS8_i/PLCLK[0]
                         net (fo=1, routed)           0.229     0.229    mul_block_i/zynq_ultra_ps_e_0/inst/pl_clk_unbuffered[0]
    BUFG_PS_X0Y80        BUFG_PS (Prop_BUFG_PS_I_O)
                                                      0.038     0.267 r  mul_block_i/zynq_ultra_ps_e_0/inst/buffer_pl_clk_0.PL_CLK_0_BUFG/O
    X0Y1 (CLOCK_ROOT)    net (fo=2383, routed)        2.096     2.363    mul_block_i/axi_smc/inst/switchboards/i_nodes/i_r_node/inst/inst_mi_handler/gen_normal_area.gen_upsizer.inst_upsizer/s_sc_aclk
    SLICE_X0Y119         FDRE                                         r  mul_block_i/axi_smc/inst/switchboards/i_nodes/i_r_node/inst/inst_mi_handler/gen_normal_area.gen_upsizer.inst_upsizer/gen_r_ch.accum_reg[bytes][12][userdata][2]/C
                         clock pessimism             -0.173     2.190    
    SLICE_X0Y119         FDRE (Hold_DFF2_SLICEL_C_D)
                                                      0.102     2.292    mul_block_i/axi_smc/inst/switchboards/i_nodes/i_r_node/inst/inst_mi_handler/gen_normal_area.gen_upsizer.inst_upsizer/gen_r_ch.accum_reg[bytes][12][userdata][2]
  -------------------------------------------------------------------
                         required time                         -2.292    
                         arrival time                           2.312    
  -------------------------------------------------------------------
                         slack                                  0.021    

Slack (MET) :             0.021ns  (arrival time - required time)
  Source:                 mul_block_i/axi_smc/inst/m00_exit_pipeline/m00_exit/inst/splitter_inst/gen_axi4lite.axilite_conv/s_axi_rdata_i_reg[1]/C
                            (rising edge-triggered cell FDRE clocked by clk_pl_0  {rise@0.000ns fall@5.000ns period=10.000ns})
  Destination:            mul_block_i/axi_smc/inst/switchboards/i_nodes/i_r_node/inst/inst_mi_handler/gen_normal_area.gen_upsizer.inst_upsizer/gen_r_ch.accum_reg[bytes][12][userdata][1]/D
                            (rising edge-triggered cell FDRE clocked by clk_pl_0  {rise@0.000ns fall@5.000ns period=10.000ns})
  Path Group:             clk_pl_0
  Path Type:              Hold (Min at Slow Process Corner)
  Requirement:            0.000ns  (clk_pl_0 rise@0.000ns - clk_pl_0 rise@0.000ns)
  Data Path Delay:        0.214ns  (logic 0.115ns (53.662%)  route 0.099ns (46.338%))
  Logic Levels:           0  
  Clock Path Skew:        0.090ns (DCD - SCD - CPR)
    Destination Clock Delay (DCD):    2.421ns
    Source Clock Delay      (SCD):    2.155ns
    Clock Pessimism Removal (CPR):    0.176ns
  Clock Net Delay (Source):      1.939ns (routing 0.955ns, distribution 0.984ns)
  Clock Net Delay (Destination): 2.154ns (routing 1.045ns, distribution 1.109ns)

    Location             Delay type                Incr(ns)  Path(ns)    Netlist Resource(s)
  -------------------------------------------------------------------    -------------------
                         (clock clk_pl_0 rise edge)
                                                      0.000     0.000 r  
    PS8_X0Y0             PS8                          0.000     0.000 r  mul_block_i/zynq_ultra_ps_e_0/inst/PS8_i/PLCLK[0]
                         net (fo=1, routed)           0.181     0.181    mul_block_i/zynq_ultra_ps_e_0/inst/pl_clk_unbuffered[0]
    BUFG_PS_X0Y80        BUFG_PS (Prop_BUFG_PS_I_O)
                                                      0.035     0.216 r  mul_block_i/zynq_ultra_ps_e_0/inst/buffer_pl_clk_0.PL_CLK_0_BUFG/O
    X0Y1 (CLOCK_ROOT)    net (fo=2383, routed)        1.939     2.155    mul_block_i/axi_smc/inst/m00_exit_pipeline/m00_exit/inst/splitter_inst/gen_axi4lite.axilite_conv/aclk
    SLICE_X1Y120         FDRE                                         r  mul_block_i/axi_smc/inst/m00_exit_pipeline/m00_exit/inst/splitter_inst/gen_axi4lite.axilite_conv/s_axi_rdata_i_reg[1]/C
  -------------------------------------------------------------------    -------------------
    SLICE_X1Y120         FDRE (Prop_DFF2_SLICEM_C_Q)
                                                      0.115     2.270 r  mul_block_i/axi_smc/inst/m00_exit_pipeline/m00_exit/inst/splitter_inst/gen_axi4lite.axilite_conv/s_axi_rdata_i_reg[1]/Q
                         net (fo=4, routed)           0.099     2.370    mul_block_i/axi_smc/inst/switchboards/i_nodes/i_r_node/inst/inst_mi_handler/gen_normal_area.gen_upsizer.inst_upsizer/s_sc_payld[8]
    SLICE_X0Y120         FDRE                                         r  mul_block_i/axi_smc/inst/switchboards/i_nodes/i_r_node/inst/inst_mi_handler/gen_normal_area.gen_upsizer.inst_upsizer/gen_r_ch.accum_reg[bytes][12][userdata][1]/D
  -------------------------------------------------------------------    -------------------

                         (clock clk_pl_0 rise edge)
                                                      0.000     0.000 r  
    PS8_X0Y0             PS8                          0.000     0.000 r  mul_block_i/zynq_ultra_ps_e_0/inst/PS8_i/PLCLK[0]
                         net (fo=1, routed)           0.229     0.229    mul_block_i/zynq_ultra_ps_e_0/inst/pl_clk_unbuffered[0]
    BUFG_PS_X0Y80        BUFG_PS (Prop_BUFG_PS_I_O)
                                                      0.038     0.267 r  mul_block_i/zynq_ultra_ps_e_0/inst/buffer_pl_clk_0.PL_CLK_0_BUFG/O
    X0Y1 (CLOCK_ROOT)    net (fo=2383, routed)        2.154     2.421    mul_block_i/axi_smc/inst/switchboards/i_nodes/i_r_node/inst/inst_mi_handler/gen_normal_area.gen_upsizer.inst_upsizer/s_sc_aclk
    SLICE_X0Y120         FDRE                                         r  mul_block_i/axi_smc/inst/switchboards/i_nodes/i_r_node/inst/inst_mi_handler/gen_normal_area.gen_upsizer.inst_upsizer/gen_r_ch.accum_reg[bytes][12][userdata][1]/C
                         clock pessimism             -0.176     2.245    
    SLICE_X0Y120         FDRE (Hold_GFF2_SLICEL_C_D)
                                                      0.103     2.348    mul_block_i/axi_smc/inst/switchboards/i_nodes/i_r_node/inst/inst_mi_handler/gen_normal_area.gen_upsizer.inst_upsizer/gen_r_ch.accum_reg[bytes][12][userdata][1]
  -------------------------------------------------------------------
                         required time                         -2.348    
                         arrival time                           2.370    
  -------------------------------------------------------------------
                         slack                                  0.021    

Slack (MET) :             0.022ns  (arrival time - required time)
  Source:                 mul_block_i/axi_smc/inst/s00_entry_pipeline/s00_mmu/inst/aw_reg_stall/m_vector_i_reg[1072]/C
                            (rising edge-triggered cell FDRE clocked by clk_pl_0  {rise@0.000ns fall@5.000ns period=10.000ns})
  Destination:            mul_block_i/axi_smc/inst/s00_entry_pipeline/s00_si_converter/inst/converter.low_area_converter.low_area_wrap_inst/orig_awaddr_reg[11]/D
                            (rising edge-triggered cell FDRE clocked by clk_pl_0  {rise@0.000ns fall@5.000ns period=10.000ns})
  Path Group:             clk_pl_0
  Path Type:              Hold (Min at Slow Process Corner)
  Requirement:            0.000ns  (clk_pl_0 rise@0.000ns - clk_pl_0 rise@0.000ns)
  Data Path Delay:        0.236ns  (logic 0.111ns (47.034%)  route 0.125ns (52.966%))
  Logic Levels:           0  
  Clock Path Skew:        0.112ns (DCD - SCD - CPR)
    Destination Clock Delay (DCD):    2.432ns
    Source Clock Delay      (SCD):    2.143ns
    Clock Pessimism Removal (CPR):    0.176ns
  Clock Net Delay (Source):      1.927ns (routing 0.955ns, distribution 0.972ns)
  Clock Net Delay (Destination): 2.165ns (routing 1.045ns, distribution 1.120ns)

    Location             Delay type                Incr(ns)  Path(ns)    Netlist Resource(s)
  -------------------------------------------------------------------    -------------------
                         (clock clk_pl_0 rise edge)
                                                      0.000     0.000 r  
    PS8_X0Y0             PS8                          0.000     0.000 r  mul_block_i/zynq_ultra_ps_e_0/inst/PS8_i/PLCLK[0]
                         net (fo=1, routed)           0.181     0.181    mul_block_i/zynq_ultra_ps_e_0/inst/pl_clk_unbuffered[0]
    BUFG_PS_X0Y80        BUFG_PS (Prop_BUFG_PS_I_O)
                                                      0.035     0.216 r  mul_block_i/zynq_ultra_ps_e_0/inst/buffer_pl_clk_0.PL_CLK_0_BUFG/O
    X0Y1 (CLOCK_ROOT)    net (fo=2383, routed)        1.927     2.143    mul_block_i/axi_smc/inst/s00_entry_pipeline/s00_mmu/inst/aw_reg_stall/aclk
    SLICE_X1Y142         FDRE                                         r  mul_block_i/axi_smc/inst/s00_entry_pipeline/s00_mmu/inst/aw_reg_stall/m_vector_i_reg[1072]/C
  -------------------------------------------------------------------    -------------------
    SLICE_X1Y142         FDRE (Prop_BFF_SLICEM_C_Q)
                                                      0.111     2.254 r  mul_block_i/axi_smc/inst/s00_entry_pipeline/s00_mmu/inst/aw_reg_stall/m_vector_i_reg[1072]/Q
                         net (fo=1, routed)           0.125     2.379    mul_block_i/axi_smc/inst/s00_entry_pipeline/s00_si_converter/inst/converter.low_area_converter.low_area_wrap_inst/s_axi_awaddr[11]
    SLICE_X3Y142         FDRE                                         r  mul_block_i/axi_smc/inst/s00_entry_pipeline/s00_si_converter/inst/converter.low_area_converter.low_area_wrap_inst/orig_awaddr_reg[11]/D
  -------------------------------------------------------------------    -------------------

                         (clock clk_pl_0 rise edge)
                                                      0.000     0.000 r  
    PS8_X0Y0             PS8                          0.000     0.000 r  mul_block_i/zynq_ultra_ps_e_0/inst/PS8_i/PLCLK[0]
                         net (fo=1, routed)           0.229     0.229    mul_block_i/zynq_ultra_ps_e_0/inst/pl_clk_unbuffered[0]
    BUFG_PS_X0Y80        BUFG_PS (Prop_BUFG_PS_I_O)
                                                      0.038     0.267 r  mul_block_i/zynq_ultra_ps_e_0/inst/buffer_pl_clk_0.PL_CLK_0_BUFG/O
    X0Y1 (CLOCK_ROOT)    net (fo=2383, routed)        2.165     2.432    mul_block_i/axi_smc/inst/s00_entry_pipeline/s00_si_converter/inst/converter.low_area_converter.low_area_wrap_inst/aclk
    SLICE_X3Y142         FDRE                                         r  mul_block_i/axi_smc/inst/s00_entry_pipeline/s00_si_converter/inst/converter.low_area_converter.low_area_wrap_inst/orig_awaddr_reg[11]/C
                         clock pessimism             -0.176     2.256    
    SLICE_X3Y142         FDRE (Hold_DFF2_SLICEL_C_D)
                                                      0.102     2.358    mul_block_i/axi_smc/inst/s00_entry_pipeline/s00_si_converter/inst/converter.low_area_converter.low_area_wrap_inst/orig_awaddr_reg[11]
  -------------------------------------------------------------------
                         required time                         -2.358    
                         arrival time                           2.379    
  -------------------------------------------------------------------
                         slack                                  0.022    

Slack (MET) :             0.024ns  (arrival time - required time)
  Source:                 mul_block_i/axi_smc/inst/switchboards/i_nodes/i_ar_node/inst/inst_mi_handler/gen_normal_area.inst_fifo_node_payld/gen_reg_fifo.inst_reg_fifo/gen_single_rank.data_reg[5]/C
                            (rising edge-triggered cell FDRE clocked by clk_pl_0  {rise@0.000ns fall@5.000ns period=10.000ns})
  Destination:            mul_block_i/axi_smc/inst/m00_exit_pipeline/m00_exit/inst/splitter_inst/gen_axi4lite.axilite_conv/ar_cnt_reg[2]/D
                            (rising edge-triggered cell FDRE clocked by clk_pl_0  {rise@0.000ns fall@5.000ns period=10.000ns})
  Path Group:             clk_pl_0
  Path Type:              Hold (Min at Slow Process Corner)
  Requirement:            0.000ns  (clk_pl_0 rise@0.000ns - clk_pl_0 rise@0.000ns)
  Data Path Delay:        0.316ns  (logic 0.211ns (66.708%)  route 0.105ns (33.292%))
  Logic Levels:           1  (LUT6=1)
  Clock Path Skew:        0.191ns (DCD - SCD - CPR)
    Destination Clock Delay (DCD):    2.445ns
    Source Clock Delay      (SCD):    2.112ns
    Clock Pessimism Removal (CPR):    0.141ns
  Clock Net Delay (Source):      1.896ns (routing 0.955ns, distribution 0.941ns)
  Clock Net Delay (Destination): 2.178ns (routing 1.045ns, distribution 1.133ns)

    Location             Delay type                Incr(ns)  Path(ns)    Netlist Resource(s)
  -------------------------------------------------------------------    -------------------
                         (clock clk_pl_0 rise edge)
                                                      0.000     0.000 r  
    PS8_X0Y0             PS8                          0.000     0.000 r  mul_block_i/zynq_ultra_ps_e_0/inst/PS8_i/PLCLK[0]
                         net (fo=1, routed)           0.181     0.181    mul_block_i/zynq_ultra_ps_e_0/inst/pl_clk_unbuffered[0]
    BUFG_PS_X0Y80        BUFG_PS (Prop_BUFG_PS_I_O)
                                                      0.035     0.216 r  mul_block_i/zynq_ultra_ps_e_0/inst/buffer_pl_clk_0.PL_CLK_0_BUFG/O
    X0Y1 (CLOCK_ROOT)    net (fo=2383, routed)        1.896     2.112    mul_block_i/axi_smc/inst/switchboards/i_nodes/i_ar_node/inst/inst_mi_handler/gen_normal_area.inst_fifo_node_payld/gen_reg_fifo.inst_reg_fifo/s_sc_aclk
    SLICE_X3Y119         FDRE                                         r  mul_block_i/axi_smc/inst/switchboards/i_nodes/i_ar_node/inst/inst_mi_handler/gen_normal_area.inst_fifo_node_payld/gen_reg_fifo.inst_reg_fifo/gen_single_rank.data_reg[5]/C
  -------------------------------------------------------------------    -------------------
    SLICE_X3Y119         FDRE (Prop_HFF2_SLICEL_C_Q)
                                                      0.113     2.225 r  mul_block_i/axi_smc/inst/switchboards/i_nodes/i_ar_node/inst/inst_mi_handler/gen_normal_area.inst_fifo_node_payld/gen_reg_fifo.inst_reg_fifo/gen_single_rank.data_reg[5]/Q
                         net (fo=2, routed)           0.076     2.302    mul_block_i/axi_smc/inst/m00_exit_pipeline/m00_exit/inst/splitter_inst/gen_axi4lite.axilite_conv/s_axi_arlen[2]
    SLICE_X3Y120         LUT6 (Prop_B6LUT_SLICEL_I1_O)
                                                      0.098     2.400 r  mul_block_i/axi_smc/inst/m00_exit_pipeline/m00_exit/inst/splitter_inst/gen_axi4lite.axilite_conv/ar_cnt[2]_i_1/O
                         net (fo=1, routed)           0.029     2.429    mul_block_i/axi_smc/inst/m00_exit_pipeline/m00_exit/inst/splitter_inst/gen_axi4lite.axilite_conv/ar_cnt[2]_i_1_n_0
    SLICE_X3Y120         FDRE                                         r  mul_block_i/axi_smc/inst/m00_exit_pipeline/m00_exit/inst/splitter_inst/gen_axi4lite.axilite_conv/ar_cnt_reg[2]/D
  -------------------------------------------------------------------    -------------------

                         (clock clk_pl_0 rise edge)
                                                      0.000     0.000 r  
    PS8_X0Y0             PS8                          0.000     0.000 r  mul_block_i/zynq_ultra_ps_e_0/inst/PS8_i/PLCLK[0]
                         net (fo=1, routed)           0.229     0.229    mul_block_i/zynq_ultra_ps_e_0/inst/pl_clk_unbuffered[0]
    BUFG_PS_X0Y80        BUFG_PS (Prop_BUFG_PS_I_O)
                                                      0.038     0.267 r  mul_block_i/zynq_ultra_ps_e_0/inst/buffer_pl_clk_0.PL_CLK_0_BUFG/O
    X0Y1 (CLOCK_ROOT)    net (fo=2383, routed)        2.178     2.445    mul_block_i/axi_smc/inst/m00_exit_pipeline/m00_exit/inst/splitter_inst/gen_axi4lite.axilite_conv/aclk
    SLICE_X3Y120         FDRE                                         r  mul_block_i/axi_smc/inst/m00_exit_pipeline/m00_exit/inst/splitter_inst/gen_axi4lite.axilite_conv/ar_cnt_reg[2]/C
                         clock pessimism             -0.141     2.304    
    SLICE_X3Y120         FDRE (Hold_BFF_SLICEL_C_D)
                                                      0.101     2.405    mul_block_i/axi_smc/inst/m00_exit_pipeline/m00_exit/inst/splitter_inst/gen_axi4lite.axilite_conv/ar_cnt_reg[2]
  -------------------------------------------------------------------
                         required time                         -2.405    
                         arrival time                           2.429    
  -------------------------------------------------------------------
                         slack                                  0.024    

Slack (MET) :             0.024ns  (arrival time - required time)
  Source:                 mul_block_i/axi_smc/inst/m00_exit_pipeline/m00_exit/inst/splitter_inst/gen_axi4lite.axilite_conv/s_axi_rdata_i_reg[5]/C
                            (rising edge-triggered cell FDRE clocked by clk_pl_0  {rise@0.000ns fall@5.000ns period=10.000ns})
  Destination:            mul_block_i/axi_smc/inst/switchboards/i_nodes/i_r_node/inst/inst_mi_handler/gen_normal_area.gen_upsizer.inst_upsizer/gen_r_ch.accum_reg[bytes][4][userdata][5]/D
                            (rising edge-triggered cell FDRE clocked by clk_pl_0  {rise@0.000ns fall@5.000ns period=10.000ns})
  Path Group:             clk_pl_0
  Path Type:              Hold (Min at Slow Process Corner)
  Requirement:            0.000ns  (clk_pl_0 rise@0.000ns - clk_pl_0 rise@0.000ns)
  Data Path Delay:        0.222ns  (logic 0.113ns (50.909%)  route 0.109ns (49.091%))
  Logic Levels:           0  
  Clock Path Skew:        0.095ns (DCD - SCD - CPR)
    Destination Clock Delay (DCD):    2.369ns
    Source Clock Delay      (SCD):    2.101ns
    Clock Pessimism Removal (CPR):    0.173ns
  Clock Net Delay (Source):      1.885ns (routing 0.955ns, distribution 0.930ns)
  Clock Net Delay (Destination): 2.102ns (routing 1.045ns, distribution 1.057ns)

    Location             Delay type                Incr(ns)  Path(ns)    Netlist Resource(s)
  -------------------------------------------------------------------    -------------------
                         (clock clk_pl_0 rise edge)
                                                      0.000     0.000 r  
    PS8_X0Y0             PS8                          0.000     0.000 r  mul_block_i/zynq_ultra_ps_e_0/inst/PS8_i/PLCLK[0]
                         net (fo=1, routed)           0.181     0.181    mul_block_i/zynq_ultra_ps_e_0/inst/pl_clk_unbuffered[0]
    BUFG_PS_X0Y80        BUFG_PS (Prop_BUFG_PS_I_O)
                                                      0.035     0.216 r  mul_block_i/zynq_ultra_ps_e_0/inst/buffer_pl_clk_0.PL_CLK_0_BUFG/O
    X0Y1 (CLOCK_ROOT)    net (fo=2383, routed)        1.885     2.101    mul_block_i/axi_smc/inst/m00_exit_pipeline/m00_exit/inst/splitter_inst/gen_axi4lite.axilite_conv/aclk
    SLICE_X1Y119         FDRE                                         r  mul_block_i/axi_smc/inst/m00_exit_pipeline/m00_exit/inst/splitter_inst/gen_axi4lite.axilite_conv/s_axi_rdata_i_reg[5]/C
  -------------------------------------------------------------------    -------------------
    SLICE_X1Y119         FDRE (Prop_CFF2_SLICEM_C_Q)
                                                      0.113     2.214 r  mul_block_i/axi_smc/inst/m00_exit_pipeline/m00_exit/inst/splitter_inst/gen_axi4lite.axilite_conv/s_axi_rdata_i_reg[5]/Q
                         net (fo=4, routed)           0.109     2.323    mul_block_i/axi_smc/inst/switchboards/i_nodes/i_r_node/inst/inst_mi_handler/gen_normal_area.gen_upsizer.inst_upsizer/s_sc_payld[12]
    SLICE_X0Y119         FDRE                                         r  mul_block_i/axi_smc/inst/switchboards/i_nodes/i_r_node/inst/inst_mi_handler/gen_normal_area.gen_upsizer.inst_upsizer/gen_r_ch.accum_reg[bytes][4][userdata][5]/D
  -------------------------------------------------------------------    -------------------

                         (clock clk_pl_0 rise edge)
                                                      0.000     0.000 r  
    PS8_X0Y0             PS8                          0.000     0.000 r  mul_block_i/zynq_ultra_ps_e_0/inst/PS8_i/PLCLK[0]
                         net (fo=1, routed)           0.229     0.229    mul_block_i/zynq_ultra_ps_e_0/inst/pl_clk_unbuffered[0]
    BUFG_PS_X0Y80        BUFG_PS (Prop_BUFG_PS_I_O)
                                                      0.038     0.267 r  mul_block_i/zynq_ultra_ps_e_0/inst/buffer_pl_clk_0.PL_CLK_0_BUFG/O
    X0Y1 (CLOCK_ROOT)    net (fo=2383, routed)        2.102     2.369    mul_block_i/axi_smc/inst/switchboards/i_nodes/i_r_node/inst/inst_mi_handler/gen_normal_area.gen_upsizer.inst_upsizer/s_sc_aclk
    SLICE_X0Y119         FDRE                                         r  mul_block_i/axi_smc/inst/switchboards/i_nodes/i_r_node/inst/inst_mi_handler/gen_normal_area.gen_upsizer.inst_upsizer/gen_r_ch.accum_reg[bytes][4][userdata][5]/C
                         clock pessimism             -0.173     2.196    
    SLICE_X0Y119         FDRE (Hold_FFF2_SLICEL_C_D)
                                                      0.103     2.299    mul_block_i/axi_smc/inst/switchboards/i_nodes/i_r_node/inst/inst_mi_handler/gen_normal_area.gen_upsizer.inst_upsizer/gen_r_ch.accum_reg[bytes][4][userdata][5]
  -------------------------------------------------------------------
                         required time                         -2.299    
                         arrival time                           2.323    
  -------------------------------------------------------------------
                         slack                                  0.024    

Slack (MET) :             0.025ns  (arrival time - required time)
  Source:                 mul_block_i/axi_smc/inst/m00_exit_pipeline/m00_exit/inst/splitter_inst/gen_axi4lite.axilite_conv/s_axi_rdata_i_reg[15]/C
                            (rising edge-triggered cell FDRE clocked by clk_pl_0  {rise@0.000ns fall@5.000ns period=10.000ns})
  Destination:            mul_block_i/axi_smc/inst/switchboards/i_nodes/i_r_node/inst/inst_mi_handler/gen_normal_area.gen_upsizer.inst_upsizer/gen_r_ch.accum_reg[bytes][1][userdata][7]/D
                            (rising edge-triggered cell FDRE clocked by clk_pl_0  {rise@0.000ns fall@5.000ns period=10.000ns})
  Path Group:             clk_pl_0
  Path Type:              Hold (Min at Slow Process Corner)
  Requirement:            0.000ns  (clk_pl_0 rise@0.000ns - clk_pl_0 rise@0.000ns)
  Data Path Delay:        0.215ns  (logic 0.113ns (52.661%)  route 0.102ns (47.339%))
  Logic Levels:           0  
  Clock Path Skew:        0.088ns (DCD - SCD - CPR)
    Destination Clock Delay (DCD):    2.362ns
    Source Clock Delay      (SCD):    2.101ns
    Clock Pessimism Removal (CPR):    0.173ns
  Clock Net Delay (Source):      1.885ns (routing 0.955ns, distribution 0.930ns)
  Clock Net Delay (Destination): 2.095ns (routing 1.045ns, distribution 1.050ns)

    Location             Delay type                Incr(ns)  Path(ns)    Netlist Resource(s)
  -------------------------------------------------------------------    -------------------
                         (clock clk_pl_0 rise edge)
                                                      0.000     0.000 r  
    PS8_X0Y0             PS8                          0.000     0.000 r  mul_block_i/zynq_ultra_ps_e_0/inst/PS8_i/PLCLK[0]
                         net (fo=1, routed)           0.181     0.181    mul_block_i/zynq_ultra_ps_e_0/inst/pl_clk_unbuffered[0]
    BUFG_PS_X0Y80        BUFG_PS (Prop_BUFG_PS_I_O)
                                                      0.035     0.216 r  mul_block_i/zynq_ultra_ps_e_0/inst/buffer_pl_clk_0.PL_CLK_0_BUFG/O
    X0Y1 (CLOCK_ROOT)    net (fo=2383, routed)        1.885     2.101    mul_block_i/axi_smc/inst/m00_exit_pipeline/m00_exit/inst/splitter_inst/gen_axi4lite.axilite_conv/aclk
    SLICE_X1Y114         FDRE                                         r  mul_block_i/axi_smc/inst/m00_exit_pipeline/m00_exit/inst/splitter_inst/gen_axi4lite.axilite_conv/s_axi_rdata_i_reg[15]/C
  -------------------------------------------------------------------    -------------------
    SLICE_X1Y114         FDRE (Prop_HFF2_SLICEM_C_Q)
                                                      0.113     2.214 r  mul_block_i/axi_smc/inst/m00_exit_pipeline/m00_exit/inst/splitter_inst/gen_axi4lite.axilite_conv/s_axi_rdata_i_reg[15]/Q
                         net (fo=4, routed)           0.102     2.316    mul_block_i/axi_smc/inst/switchboards/i_nodes/i_r_node/inst/inst_mi_handler/gen_normal_area.gen_upsizer.inst_upsizer/s_sc_payld[22]
    SLICE_X0Y114         FDRE                                         r  mul_block_i/axi_smc/inst/switchboards/i_nodes/i_r_node/inst/inst_mi_handler/gen_normal_area.gen_upsizer.inst_upsizer/gen_r_ch.accum_reg[bytes][1][userdata][7]/D
  -------------------------------------------------------------------    -------------------

                         (clock clk_pl_0 rise edge)
                                                      0.000     0.000 r  
    PS8_X0Y0             PS8                          0.000     0.000 r  mul_block_i/zynq_ultra_ps_e_0/inst/PS8_i/PLCLK[0]
                         net (fo=1, routed)           0.229     0.229    mul_block_i/zynq_ultra_ps_e_0/inst/pl_clk_unbuffered[0]
    BUFG_PS_X0Y80        BUFG_PS (Prop_BUFG_PS_I_O)
                                                      0.038     0.267 r  mul_block_i/zynq_ultra_ps_e_0/inst/buffer_pl_clk_0.PL_CLK_0_BUFG/O
    X0Y1 (CLOCK_ROOT)    net (fo=2383, routed)        2.095     2.362    mul_block_i/axi_smc/inst/switchboards/i_nodes/i_r_node/inst/inst_mi_handler/gen_normal_area.gen_upsizer.inst_upsizer/s_sc_aclk
    SLICE_X0Y114         FDRE                                         r  mul_block_i/axi_smc/inst/switchboards/i_nodes/i_r_node/inst/inst_mi_handler/gen_normal_area.gen_upsizer.inst_upsizer/gen_r_ch.accum_reg[bytes][1][userdata][7]/C
                         clock pessimism             -0.173     2.189    
    SLICE_X0Y114         FDRE (Hold_DFF2_SLICEL_C_D)
                                                      0.102     2.291    mul_block_i/axi_smc/inst/switchboards/i_nodes/i_r_node/inst/inst_mi_handler/gen_normal_area.gen_upsizer.inst_upsizer/gen_r_ch.accum_reg[bytes][1][userdata][7]
  -------------------------------------------------------------------
                         required time                         -2.291    
                         arrival time                           2.316    
  -------------------------------------------------------------------
                         slack                                  0.025    

Slack (MET) :             0.025ns  (arrival time - required time)
  Source:                 mul_block_i/axi_smc/inst/s01_entry_pipeline/s01_mmu/inst/aw_reg_stall/m_vector_i_reg[1025]/C
                            (rising edge-triggered cell FDRE clocked by clk_pl_0  {rise@0.000ns fall@5.000ns period=10.000ns})
  Destination:            mul_block_i/axi_smc/inst/s01_entry_pipeline/s01_si_converter/inst/converter.low_area_converter.low_area_wrap_inst/aw_burst_reg[1]/D
                            (rising edge-triggered cell FDRE clocked by clk_pl_0  {rise@0.000ns fall@5.000ns period=10.000ns})
  Path Group:             clk_pl_0
  Path Type:              Hold (Min at Slow Process Corner)
  Requirement:            0.000ns  (clk_pl_0 rise@0.000ns - clk_pl_0 rise@0.000ns)
  Data Path Delay:        0.234ns  (logic 0.115ns (49.171%)  route 0.119ns (50.829%))
  Logic Levels:           0  
  Clock Path Skew:        0.106ns (DCD - SCD - CPR)
    Destination Clock Delay (DCD):    2.366ns
    Source Clock Delay      (SCD):    2.086ns
    Clock Pessimism Removal (CPR):    0.173ns
  Clock Net Delay (Source):      1.870ns (routing 0.955ns, distribution 0.915ns)
  Clock Net Delay (Destination): 2.099ns (routing 1.045ns, distribution 1.054ns)

    Location             Delay type                Incr(ns)  Path(ns)    Netlist Resource(s)
  -------------------------------------------------------------------    -------------------
                         (clock clk_pl_0 rise edge)
                                                      0.000     0.000 r  
    PS8_X0Y0             PS8                          0.000     0.000 r  mul_block_i/zynq_ultra_ps_e_0/inst/PS8_i/PLCLK[0]
                         net (fo=1, routed)           0.181     0.181    mul_block_i/zynq_ultra_ps_e_0/inst/pl_clk_unbuffered[0]
    BUFG_PS_X0Y80        BUFG_PS (Prop_BUFG_PS_I_O)
                                                      0.035     0.216 r  mul_block_i/zynq_ultra_ps_e_0/inst/buffer_pl_clk_0.PL_CLK_0_BUFG/O
    X0Y1 (CLOCK_ROOT)    net (fo=2383, routed)        1.870     2.086    mul_block_i/axi_smc/inst/s01_entry_pipeline/s01_mmu/inst/aw_reg_stall/aclk
    SLICE_X1Y94          FDRE                                         r  mul_block_i/axi_smc/inst/s01_entry_pipeline/s01_mmu/inst/aw_reg_stall/m_vector_i_reg[1025]/C
  -------------------------------------------------------------------    -------------------
    SLICE_X1Y94          FDRE (Prop_DFF2_SLICEM_C_Q)
                                                      0.115     2.201 r  mul_block_i/axi_smc/inst/s01_entry_pipeline/s01_mmu/inst/aw_reg_stall/m_vector_i_reg[1025]/Q
                         net (fo=4, routed)           0.119     2.320    mul_block_i/axi_smc/inst/s01_entry_pipeline/s01_si_converter/inst/converter.low_area_converter.low_area_wrap_inst/s_axi_awburst[1]
    SLICE_X2Y94          FDRE                                         r  mul_block_i/axi_smc/inst/s01_entry_pipeline/s01_si_converter/inst/converter.low_area_converter.low_area_wrap_inst/aw_burst_reg[1]/D
  -------------------------------------------------------------------    -------------------

                         (clock clk_pl_0 rise edge)
                                                      0.000     0.000 r  
    PS8_X0Y0             PS8                          0.000     0.000 r  mul_block_i/zynq_ultra_ps_e_0/inst/PS8_i/PLCLK[0]
                         net (fo=1, routed)           0.229     0.229    mul_block_i/zynq_ultra_ps_e_0/inst/pl_clk_unbuffered[0]
    BUFG_PS_X0Y80        BUFG_PS (Prop_BUFG_PS_I_O)
                                                      0.038     0.267 r  mul_block_i/zynq_ultra_ps_e_0/inst/buffer_pl_clk_0.PL_CLK_0_BUFG/O
    X0Y1 (CLOCK_ROOT)    net (fo=2383, routed)        2.099     2.366    mul_block_i/axi_smc/inst/s01_entry_pipeline/s01_si_converter/inst/converter.low_area_converter.low_area_wrap_inst/aclk
    SLICE_X2Y94          FDRE                                         r  mul_block_i/axi_smc/inst/s01_entry_pipeline/s01_si_converter/inst/converter.low_area_converter.low_area_wrap_inst/aw_burst_reg[1]/C
                         clock pessimism             -0.173     2.192    
    SLICE_X2Y94          FDRE (Hold_EFF2_SLICEM_C_D)
                                                      0.102     2.294    mul_block_i/axi_smc/inst/s01_entry_pipeline/s01_si_converter/inst/converter.low_area_converter.low_area_wrap_inst/aw_burst_reg[1]
  -------------------------------------------------------------------
                         required time                         -2.294    
                         arrival time                           2.320    
  -------------------------------------------------------------------
                         slack                                  0.025    

Slack (MET) :             0.026ns  (arrival time - required time)
  Source:                 mul_block_i/axi_smc/inst/s01_entry_pipeline/s01_mmu/inst/aw_reg_stall/m_vector_i_reg[1068]/C
                            (rising edge-triggered cell FDRE clocked by clk_pl_0  {rise@0.000ns fall@5.000ns period=10.000ns})
  Destination:            mul_block_i/axi_smc/inst/s01_entry_pipeline/s01_si_converter/inst/converter.low_area_converter.low_area_wrap_inst/orig_awaddr_reg[7]/D
                            (rising edge-triggered cell FDRE clocked by clk_pl_0  {rise@0.000ns fall@5.000ns period=10.000ns})
  Path Group:             clk_pl_0
  Path Type:              Hold (Min at Slow Process Corner)
  Requirement:            0.000ns  (clk_pl_0 rise@0.000ns - clk_pl_0 rise@0.000ns)
  Data Path Delay:        0.251ns  (logic 0.111ns (44.223%)  route 0.140ns (55.777%))
  Logic Levels:           0  
  Clock Path Skew:        0.122ns (DCD - SCD - CPR)
    Destination Clock Delay (DCD):    2.382ns
    Source Clock Delay      (SCD):    2.086ns
    Clock Pessimism Removal (CPR):    0.173ns
  Clock Net Delay (Source):      1.870ns (routing 0.955ns, distribution 0.915ns)
  Clock Net Delay (Destination): 2.115ns (routing 1.045ns, distribution 1.070ns)

    Location             Delay type                Incr(ns)  Path(ns)    Netlist Resource(s)
  -------------------------------------------------------------------    -------------------
                         (clock clk_pl_0 rise edge)
                                                      0.000     0.000 r  
    PS8_X0Y0             PS8                          0.000     0.000 r  mul_block_i/zynq_ultra_ps_e_0/inst/PS8_i/PLCLK[0]
                         net (fo=1, routed)           0.181     0.181    mul_block_i/zynq_ultra_ps_e_0/inst/pl_clk_unbuffered[0]
    BUFG_PS_X0Y80        BUFG_PS (Prop_BUFG_PS_I_O)
                                                      0.035     0.216 r  mul_block_i/zynq_ultra_ps_e_0/inst/buffer_pl_clk_0.PL_CLK_0_BUFG/O
    X0Y1 (CLOCK_ROOT)    net (fo=2383, routed)        1.870     2.086    mul_block_i/axi_smc/inst/s01_entry_pipeline/s01_mmu/inst/aw_reg_stall/aclk
    SLICE_X1Y94          FDRE                                         r  mul_block_i/axi_smc/inst/s01_entry_pipeline/s01_mmu/inst/aw_reg_stall/m_vector_i_reg[1068]/C
  -------------------------------------------------------------------    -------------------
    SLICE_X1Y94          FDRE (Prop_BFF_SLICEM_C_Q)
                                                      0.111     2.197 r  mul_block_i/axi_smc/inst/s01_entry_pipeline/s01_mmu/inst/aw_reg_stall/m_vector_i_reg[1068]/Q
                         net (fo=1, routed)           0.140     2.337    mul_block_i/axi_smc/inst/s01_entry_pipeline/s01_si_converter/inst/converter.low_area_converter.low_area_wrap_inst/s_axi_awaddr[7]
    SLICE_X2Y95          FDRE                                         r  mul_block_i/axi_smc/inst/s01_entry_pipeline/s01_si_converter/inst/converter.low_area_converter.low_area_wrap_inst/orig_awaddr_reg[7]/D
  -------------------------------------------------------------------    -------------------

                         (clock clk_pl_0 rise edge)
                                                      0.000     0.000 r  
    PS8_X0Y0             PS8                          0.000     0.000 r  mul_block_i/zynq_ultra_ps_e_0/inst/PS8_i/PLCLK[0]
                         net (fo=1, routed)           0.229     0.229    mul_block_i/zynq_ultra_ps_e_0/inst/pl_clk_unbuffered[0]
    BUFG_PS_X0Y80        BUFG_PS (Prop_BUFG_PS_I_O)
                                                      0.038     0.267 r  mul_block_i/zynq_ultra_ps_e_0/inst/buffer_pl_clk_0.PL_CLK_0_BUFG/O
    X0Y1 (CLOCK_ROOT)    net (fo=2383, routed)        2.115     2.382    mul_block_i/axi_smc/inst/s01_entry_pipeline/s01_si_converter/inst/converter.low_area_converter.low_area_wrap_inst/aclk
    SLICE_X2Y95          FDRE                                         r  mul_block_i/axi_smc/inst/s01_entry_pipeline/s01_si_converter/inst/converter.low_area_converter.low_area_wrap_inst/orig_awaddr_reg[7]/C
                         clock pessimism             -0.173     2.208    
    SLICE_X2Y95          FDRE (Hold_HFF2_SLICEM_C_D)
                                                      0.103     2.311    mul_block_i/axi_smc/inst/s01_entry_pipeline/s01_si_converter/inst/converter.low_area_converter.low_area_wrap_inst/orig_awaddr_reg[7]
  -------------------------------------------------------------------
                         required time                         -2.311    
                         arrival time                           2.337    
  -------------------------------------------------------------------
                         slack                                  0.026    





Pulse Width Checks
--------------------------------------------------------------------------------------
Clock Name:         clk_pl_0
Waveform(ns):       { 0.000 5.000 }
Period(ns):         10.000
Sources:            { mul_block_i/zynq_ultra_ps_e_0/inst/PS8_i/PLCLK[0] }

Check Type        Corner  Lib Pin          Reference Pin  Required(ns)  Actual(ns)  Slack(ns)  Location      Pin
Min Period        n/a     PS8/MAXIGP0ACLK  n/a            3.000         10.000      7.000      PS8_X0Y0      mul_block_i/zynq_ultra_ps_e_0/inst/PS8_i/MAXIGP0ACLK
Min Period        n/a     PS8/MAXIGP1ACLK  n/a            3.000         10.000      7.000      PS8_X0Y0      mul_block_i/zynq_ultra_ps_e_0/inst/PS8_i/MAXIGP1ACLK
Min Period        n/a     SRL16E/CLK       n/a            1.524         10.000      8.476      SLICE_X4Y115  mul_block_i/axi_smc/inst/clk_map/psr_aclk/U0/EXT_LPF/POR_SRL_I/CLK
Min Period        n/a     SRLC32E/CLK      n/a            1.524         10.000      8.476      SLICE_X5Y150  mul_block_i/axi_smc/inst/s00_entry_pipeline/s00_si_converter/inst/converter.low_area_converter.low_area_wrap_inst/w_resp_fifo/gen_srls[1].srl_nx1/shift_reg_reg[0]_srl32/CLK
Min Period        n/a     SRLC32E/CLK      n/a            1.524         10.000      8.476      SLICE_X7Y150  mul_block_i/axi_smc/inst/s00_entry_pipeline/s00_si_converter/inst/converter.low_area_converter.low_area_wrap_inst/w_resp_fifo/gen_srls[2].srl_nx1/shift_reg_reg[0]_srl32/CLK
Min Period        n/a     SRLC32E/CLK      n/a            1.524         10.000      8.476      SLICE_X5Y150  mul_block_i/axi_smc/inst/s00_entry_pipeline/s00_si_converter/inst/converter.low_area_converter.low_area_wrap_inst/w_resp_fifo/gen_srls[3].srl_nx1/shift_reg_reg[0]_srl32/CLK
Min Period        n/a     SRLC32E/CLK      n/a            1.524         10.000      8.476      SLICE_X7Y150  mul_block_i/axi_smc/inst/s00_entry_pipeline/s00_si_converter/inst/converter.low_area_converter.low_area_wrap_inst/w_resp_fifo/gen_srls[4].srl_nx1/shift_reg_reg[0]_srl32/CLK
Min Period        n/a     SRLC32E/CLK      n/a            1.524         10.000      8.476      SLICE_X5Y150  mul_block_i/axi_smc/inst/s00_entry_pipeline/s00_si_converter/inst/converter.low_area_converter.low_area_wrap_inst/w_resp_fifo/gen_srls[5].srl_nx1/shift_reg_reg[0]_srl32/CLK
Min Period        n/a     SRLC32E/CLK      n/a            1.524         10.000      8.476      SLICE_X7Y150  mul_block_i/axi_smc/inst/s00_entry_pipeline/s00_si_converter/inst/converter.low_area_converter.low_area_wrap_inst/w_resp_fifo/gen_srls[6].srl_nx1/shift_reg_reg[0]_srl32/CLK
Min Period        n/a     SRLC32E/CLK      n/a            1.524         10.000      8.476      SLICE_X5Y150  mul_block_i/axi_smc/inst/s00_entry_pipeline/s00_si_converter/inst/converter.low_area_converter.low_area_wrap_inst/w_resp_fifo/gen_srls[7].srl_nx1/shift_reg_reg[0]_srl32/CLK
Low Pulse Width   Slow    PS8/MAXIGP0ACLK  n/a            1.500         5.000       3.500      PS8_X0Y0      mul_block_i/zynq_ultra_ps_e_0/inst/PS8_i/MAXIGP0ACLK
Low Pulse Width   Fast    PS8/MAXIGP0ACLK  n/a            1.500         5.000       3.500      PS8_X0Y0      mul_block_i/zynq_ultra_ps_e_0/inst/PS8_i/MAXIGP0ACLK
Low Pulse Width   Slow    PS8/MAXIGP1ACLK  n/a            1.500         5.000       3.500      PS8_X0Y0      mul_block_i/zynq_ultra_ps_e_0/inst/PS8_i/MAXIGP1ACLK
Low Pulse Width   Fast    PS8/MAXIGP1ACLK  n/a            1.500         5.000       3.500      PS8_X0Y0      mul_block_i/zynq_ultra_ps_e_0/inst/PS8_i/MAXIGP1ACLK
Low Pulse Width   Slow    SRL16E/CLK       n/a            0.762         5.000       4.238      SLICE_X4Y115  mul_block_i/axi_smc/inst/clk_map/psr_aclk/U0/EXT_LPF/POR_SRL_I/CLK
Low Pulse Width   Fast    SRL16E/CLK       n/a            0.762         5.000       4.238      SLICE_X4Y115  mul_block_i/axi_smc/inst/clk_map/psr_aclk/U0/EXT_LPF/POR_SRL_I/CLK
Low Pulse Width   Slow    SRLC32E/CLK      n/a            0.762         5.000       4.238      SLICE_X5Y150  mul_block_i/axi_smc/inst/s00_entry_pipeline/s00_si_converter/inst/converter.low_area_converter.low_area_wrap_inst/w_resp_fifo/gen_srls[1].srl_nx1/shift_reg_reg[0]_srl32/CLK
Low Pulse Width   Fast    SRLC32E/CLK      n/a            0.762         5.000       4.238      SLICE_X5Y150  mul_block_i/axi_smc/inst/s00_entry_pipeline/s00_si_converter/inst/converter.low_area_converter.low_area_wrap_inst/w_resp_fifo/gen_srls[1].srl_nx1/shift_reg_reg[0]_srl32/CLK
Low Pulse Width   Slow    SRLC32E/CLK      n/a            0.762         5.000       4.238      SLICE_X7Y150  mul_block_i/axi_smc/inst/s00_entry_pipeline/s00_si_converter/inst/converter.low_area_converter.low_area_wrap_inst/w_resp_fifo/gen_srls[2].srl_nx1/shift_reg_reg[0]_srl32/CLK
Low Pulse Width   Fast    SRLC32E/CLK      n/a            0.762         5.000       4.238      SLICE_X7Y150  mul_block_i/axi_smc/inst/s00_entry_pipeline/s00_si_converter/inst/converter.low_area_converter.low_area_wrap_inst/w_resp_fifo/gen_srls[2].srl_nx1/shift_reg_reg[0]_srl32/CLK
High Pulse Width  Slow    PS8/MAXIGP0ACLK  n/a            1.500         5.000       3.500      PS8_X0Y0      mul_block_i/zynq_ultra_ps_e_0/inst/PS8_i/MAXIGP0ACLK
High Pulse Width  Fast    PS8/MAXIGP0ACLK  n/a            1.500         5.000       3.500      PS8_X0Y0      mul_block_i/zynq_ultra_ps_e_0/inst/PS8_i/MAXIGP0ACLK
High Pulse Width  Slow    PS8/MAXIGP1ACLK  n/a            1.500         5.000       3.500      PS8_X0Y0      mul_block_i/zynq_ultra_ps_e_0/inst/PS8_i/MAXIGP1ACLK
High Pulse Width  Fast    PS8/MAXIGP1ACLK  n/a            1.500         5.000       3.500      PS8_X0Y0      mul_block_i/zynq_ultra_ps_e_0/inst/PS8_i/MAXIGP1ACLK
High Pulse Width  Slow    SRL16E/CLK       n/a            0.762         5.000       4.238      SLICE_X4Y115  mul_block_i/axi_smc/inst/clk_map/psr_aclk/U0/EXT_LPF/POR_SRL_I/CLK
High Pulse Width  Fast    SRL16E/CLK       n/a            0.762         5.000       4.238      SLICE_X4Y115  mul_block_i/axi_smc/inst/clk_map/psr_aclk/U0/EXT_LPF/POR_SRL_I/CLK
High Pulse Width  Slow    SRLC32E/CLK      n/a            0.762         5.000       4.238      SLICE_X5Y150  mul_block_i/axi_smc/inst/s00_entry_pipeline/s00_si_converter/inst/converter.low_area_converter.low_area_wrap_inst/w_resp_fifo/gen_srls[1].srl_nx1/shift_reg_reg[0]_srl32/CLK
High Pulse Width  Fast    SRLC32E/CLK      n/a            0.762         5.000       4.238      SLICE_X5Y150  mul_block_i/axi_smc/inst/s00_entry_pipeline/s00_si_converter/inst/converter.low_area_converter.low_area_wrap_inst/w_resp_fifo/gen_srls[1].srl_nx1/shift_reg_reg[0]_srl32/CLK
High Pulse Width  Slow    SRLC32E/CLK      n/a            0.762         5.000       4.238      SLICE_X7Y150  mul_block_i/axi_smc/inst/s00_entry_pipeline/s00_si_converter/inst/converter.low_area_converter.low_area_wrap_inst/w_resp_fifo/gen_srls[2].srl_nx1/shift_reg_reg[0]_srl32/CLK
High Pulse Width  Fast    SRLC32E/CLK      n/a            0.762         5.000       4.238      SLICE_X7Y150  mul_block_i/axi_smc/inst/s00_entry_pipeline/s00_si_converter/inst/converter.low_area_converter.low_area_wrap_inst/w_resp_fifo/gen_srls[2].srl_nx1/shift_reg_reg[0]_srl32/CLK



---------------------------------------------------------------------------------------------------
Path Group:  **async_default**
From Clock:  clk_pl_0
  To Clock:  clk_pl_0

Setup :            0  Failing Endpoints,  Worst Slack        8.763ns,  Total Violation        0.000ns
Hold  :            0  Failing Endpoints,  Worst Slack        0.237ns,  Total Violation        0.000ns
---------------------------------------------------------------------------------------------------


Max Delay Paths
--------------------------------------------------------------------------------------
Slack (MET) :             8.763ns  (required time - arrival time)
  Source:                 mul_block_i/rst_ps8_0_99M/U0/ACTIVE_LOW_PR_OUT_DFF[0].FDRE_PER_N/C
                            (rising edge-triggered cell FDRE clocked by clk_pl_0  {rise@0.000ns fall@5.000ns period=10.000ns})
  Destination:            mul_block_i/mul_pu_0/inst/u_path/res_reg[4]/CLR
                            (recovery check against rising-edge clock clk_pl_0  {rise@0.000ns fall@5.000ns period=10.000ns})
  Path Group:             **async_default**
  Path Type:              Recovery (Max at Slow Process Corner)
  Requirement:            10.000ns  (clk_pl_0 rise@10.000ns - clk_pl_0 rise@0.000ns)
  Data Path Delay:        0.888ns  (logic 0.116ns (13.069%)  route 0.772ns (86.931%))
  Logic Levels:           0  
  Clock Path Skew:        -0.096ns (DCD - SCD + CPR)
    Destination Clock Delay (DCD):    2.146ns = ( 12.146 - 10.000 ) 
    Source Clock Delay      (SCD):    2.384ns
    Clock Pessimism Removal (CPR):    0.141ns
  Clock Uncertainty:      0.160ns  ((TSJ^2 + DJ^2)^1/2) / 2 + PE
    Total System Jitter     (TSJ):    0.071ns
    Discrete Jitter          (DJ):    0.312ns
    Phase Error              (PE):    0.000ns
  Clock Net Delay (Source):      2.117ns (routing 1.045ns, distribution 1.072ns)
  Clock Net Delay (Destination): 1.930ns (routing 0.955ns, distribution 0.975ns)

    Location             Delay type                Incr(ns)  Path(ns)    Netlist Resource(s)
  -------------------------------------------------------------------    -------------------
                         (clock clk_pl_0 rise edge)
                                                      0.000     0.000 r  
    PS8_X0Y0             PS8                          0.000     0.000 r  mul_block_i/zynq_ultra_ps_e_0/inst/PS8_i/PLCLK[0]
                         net (fo=1, routed)           0.229     0.229    mul_block_i/zynq_ultra_ps_e_0/inst/pl_clk_unbuffered[0]
    BUFG_PS_X0Y80        BUFG_PS (Prop_BUFG_PS_I_O)
                                                      0.038     0.267 r  mul_block_i/zynq_ultra_ps_e_0/inst/buffer_pl_clk_0.PL_CLK_0_BUFG/O
    X0Y1 (CLOCK_ROOT)    net (fo=2383, routed)        2.117     2.384    mul_block_i/rst_ps8_0_99M/U0/slowest_sync_clk
    SLICE_X5Y117         FDRE                                         r  mul_block_i/rst_ps8_0_99M/U0/ACTIVE_LOW_PR_OUT_DFF[0].FDRE_PER_N/C
  -------------------------------------------------------------------    -------------------
    SLICE_X5Y117         FDRE (Prop_DFF_SLICEM_C_Q)
                                                      0.116     2.500 r  mul_block_i/rst_ps8_0_99M/U0/ACTIVE_LOW_PR_OUT_DFF[0].FDRE_PER_N/Q
                         net (fo=13, routed)          0.772     3.271    mul_block_i/mul_pu_0/inst/u_path/rst_n
    SLICE_X0Y125         FDCE                                         f  mul_block_i/mul_pu_0/inst/u_path/res_reg[4]/CLR  (IS_INVERTED)
  -------------------------------------------------------------------    -------------------

                         (clock clk_pl_0 rise edge)
                                                     10.000    10.000 r  
    PS8_X0Y0             PS8                          0.000    10.000 r  mul_block_i/zynq_ultra_ps_e_0/inst/PS8_i/PLCLK[0]
                         net (fo=1, routed)           0.181    10.181    mul_block_i/zynq_ultra_ps_e_0/inst/pl_clk_unbuffered[0]
    BUFG_PS_X0Y80        BUFG_PS (Prop_BUFG_PS_I_O)
                                                      0.035    10.216 r  mul_block_i/zynq_ultra_ps_e_0/inst/buffer_pl_clk_0.PL_CLK_0_BUFG/O
    X0Y1 (CLOCK_ROOT)    net (fo=2383, routed)        1.930    12.146    mul_block_i/mul_pu_0/inst/u_path/clk
    SLICE_X0Y125         FDCE                                         r  mul_block_i/mul_pu_0/inst/u_path/res_reg[4]/C
                         clock pessimism              0.141    12.287    
                         clock uncertainty           -0.160    12.127    
    SLICE_X0Y125         FDCE (Recov_CFF_SLICEL_C_CLR)
                                                     -0.093    12.034    mul_block_i/mul_pu_0/inst/u_path/res_reg[4]
  -------------------------------------------------------------------
                         required time                         12.034    
                         arrival time                          -3.271    
  -------------------------------------------------------------------
                         slack                                  8.763    

Slack (MET) :             8.818ns  (required time - arrival time)
  Source:                 mul_block_i/rst_ps8_0_99M/U0/ACTIVE_LOW_PR_OUT_DFF[0].FDRE_PER_N/C
                            (rising edge-triggered cell FDRE clocked by clk_pl_0  {rise@0.000ns fall@5.000ns period=10.000ns})
  Destination:            mul_block_i/mul_pu_0/inst/u_path/res_reg[3]/CLR
                            (recovery check against rising-edge clock clk_pl_0  {rise@0.000ns fall@5.000ns period=10.000ns})
  Path Group:             **async_default**
  Path Type:              Recovery (Max at Slow Process Corner)
  Requirement:            10.000ns  (clk_pl_0 rise@10.000ns - clk_pl_0 rise@0.000ns)
  Data Path Delay:        0.839ns  (logic 0.116ns (13.820%)  route 0.723ns (86.180%))
  Logic Levels:           0  
  Clock Path Skew:        -0.089ns (DCD - SCD + CPR)
    Destination Clock Delay (DCD):    2.153ns = ( 12.153 - 10.000 ) 
    Source Clock Delay      (SCD):    2.384ns
    Clock Pessimism Removal (CPR):    0.141ns
  Clock Uncertainty:      0.160ns  ((TSJ^2 + DJ^2)^1/2) / 2 + PE
    Total System Jitter     (TSJ):    0.071ns
    Discrete Jitter          (DJ):    0.312ns
    Phase Error              (PE):    0.000ns
  Clock Net Delay (Source):      2.117ns (routing 1.045ns, distribution 1.072ns)
  Clock Net Delay (Destination): 1.937ns (routing 0.955ns, distribution 0.982ns)

    Location             Delay type                Incr(ns)  Path(ns)    Netlist Resource(s)
  -------------------------------------------------------------------    -------------------
                         (clock clk_pl_0 rise edge)
                                                      0.000     0.000 r  
    PS8_X0Y0             PS8                          0.000     0.000 r  mul_block_i/zynq_ultra_ps_e_0/inst/PS8_i/PLCLK[0]
                         net (fo=1, routed)           0.229     0.229    mul_block_i/zynq_ultra_ps_e_0/inst/pl_clk_unbuffered[0]
    BUFG_PS_X0Y80        BUFG_PS (Prop_BUFG_PS_I_O)
                                                      0.038     0.267 r  mul_block_i/zynq_ultra_ps_e_0/inst/buffer_pl_clk_0.PL_CLK_0_BUFG/O
    X0Y1 (CLOCK_ROOT)    net (fo=2383, routed)        2.117     2.384    mul_block_i/rst_ps8_0_99M/U0/slowest_sync_clk
    SLICE_X5Y117         FDRE                                         r  mul_block_i/rst_ps8_0_99M/U0/ACTIVE_LOW_PR_OUT_DFF[0].FDRE_PER_N/C
  -------------------------------------------------------------------    -------------------
    SLICE_X5Y117         FDRE (Prop_DFF_SLICEM_C_Q)
                                                      0.116     2.500 r  mul_block_i/rst_ps8_0_99M/U0/ACTIVE_LOW_PR_OUT_DFF[0].FDRE_PER_N/Q
                         net (fo=13, routed)          0.723     3.223    mul_block_i/mul_pu_0/inst/u_path/rst_n
    SLICE_X1Y128         FDCE                                         f  mul_block_i/mul_pu_0/inst/u_path/res_reg[3]/CLR  (IS_INVERTED)
  -------------------------------------------------------------------    -------------------

                         (clock clk_pl_0 rise edge)
                                                     10.000    10.000 r  
    PS8_X0Y0             PS8                          0.000    10.000 r  mul_block_i/zynq_ultra_ps_e_0/inst/PS8_i/PLCLK[0]
                         net (fo=1, routed)           0.181    10.181    mul_block_i/zynq_ultra_ps_e_0/inst/pl_clk_unbuffered[0]
    BUFG_PS_X0Y80        BUFG_PS (Prop_BUFG_PS_I_O)
                                                      0.035    10.216 r  mul_block_i/zynq_ultra_ps_e_0/inst/buffer_pl_clk_0.PL_CLK_0_BUFG/O
    X0Y1 (CLOCK_ROOT)    net (fo=2383, routed)        1.937    12.153    mul_block_i/mul_pu_0/inst/u_path/clk
    SLICE_X1Y128         FDCE                                         r  mul_block_i/mul_pu_0/inst/u_path/res_reg[3]/C
                         clock pessimism              0.141    12.294    
                         clock uncertainty           -0.160    12.134    
    SLICE_X1Y128         FDCE (Recov_GFF_SLICEM_C_CLR)
                                                     -0.093    12.041    mul_block_i/mul_pu_0/inst/u_path/res_reg[3]
  -------------------------------------------------------------------
                         required time                         12.041    
                         arrival time                          -3.223    
  -------------------------------------------------------------------
                         slack                                  8.818    

Slack (MET) :             8.829ns  (required time - arrival time)
  Source:                 mul_block_i/rst_ps8_0_99M/U0/ACTIVE_LOW_PR_OUT_DFF[0].FDRE_PER_N/C
                            (rising edge-triggered cell FDRE clocked by clk_pl_0  {rise@0.000ns fall@5.000ns period=10.000ns})
  Destination:            mul_block_i/mul_pu_0/inst/u_path/res_reg[5]/CLR
                            (recovery check against rising-edge clock clk_pl_0  {rise@0.000ns fall@5.000ns period=10.000ns})
  Path Group:             **async_default**
  Path Type:              Recovery (Max at Slow Process Corner)
  Requirement:            10.000ns  (clk_pl_0 rise@10.000ns - clk_pl_0 rise@0.000ns)
  Data Path Delay:        0.825ns  (logic 0.116ns (14.065%)  route 0.709ns (85.935%))
  Logic Levels:           0  
  Clock Path Skew:        -0.093ns (DCD - SCD + CPR)
    Destination Clock Delay (DCD):    2.149ns = ( 12.149 - 10.000 ) 
    Source Clock Delay      (SCD):    2.384ns
    Clock Pessimism Removal (CPR):    0.141ns
  Clock Uncertainty:      0.160ns  ((TSJ^2 + DJ^2)^1/2) / 2 + PE
    Total System Jitter     (TSJ):    0.071ns
    Discrete Jitter          (DJ):    0.312ns
    Phase Error              (PE):    0.000ns
  Clock Net Delay (Source):      2.117ns (routing 1.045ns, distribution 1.072ns)
  Clock Net Delay (Destination): 1.933ns (routing 0.955ns, distribution 0.978ns)

    Location             Delay type                Incr(ns)  Path(ns)    Netlist Resource(s)
  -------------------------------------------------------------------    -------------------
                         (clock clk_pl_0 rise edge)
                                                      0.000     0.000 r  
    PS8_X0Y0             PS8                          0.000     0.000 r  mul_block_i/zynq_ultra_ps_e_0/inst/PS8_i/PLCLK[0]
                         net (fo=1, routed)           0.229     0.229    mul_block_i/zynq_ultra_ps_e_0/inst/pl_clk_unbuffered[0]
    BUFG_PS_X0Y80        BUFG_PS (Prop_BUFG_PS_I_O)
                                                      0.038     0.267 r  mul_block_i/zynq_ultra_ps_e_0/inst/buffer_pl_clk_0.PL_CLK_0_BUFG/O
    X0Y1 (CLOCK_ROOT)    net (fo=2383, routed)        2.117     2.384    mul_block_i/rst_ps8_0_99M/U0/slowest_sync_clk
    SLICE_X5Y117         FDRE                                         r  mul_block_i/rst_ps8_0_99M/U0/ACTIVE_LOW_PR_OUT_DFF[0].FDRE_PER_N/C
  -------------------------------------------------------------------    -------------------
    SLICE_X5Y117         FDRE (Prop_DFF_SLICEM_C_Q)
                                                      0.116     2.500 r  mul_block_i/rst_ps8_0_99M/U0/ACTIVE_LOW_PR_OUT_DFF[0].FDRE_PER_N/Q
                         net (fo=13, routed)          0.709     3.208    mul_block_i/mul_pu_0/inst/u_path/rst_n
    SLICE_X0Y127         FDCE                                         f  mul_block_i/mul_pu_0/inst/u_path/res_reg[5]/CLR  (IS_INVERTED)
  -------------------------------------------------------------------    -------------------

                         (clock clk_pl_0 rise edge)
                                                     10.000    10.000 r  
    PS8_X0Y0             PS8                          0.000    10.000 r  mul_block_i/zynq_ultra_ps_e_0/inst/PS8_i/PLCLK[0]
                         net (fo=1, routed)           0.181    10.181    mul_block_i/zynq_ultra_ps_e_0/inst/pl_clk_unbuffered[0]
    BUFG_PS_X0Y80        BUFG_PS (Prop_BUFG_PS_I_O)
                                                      0.035    10.216 r  mul_block_i/zynq_ultra_ps_e_0/inst/buffer_pl_clk_0.PL_CLK_0_BUFG/O
    X0Y1 (CLOCK_ROOT)    net (fo=2383, routed)        1.933    12.149    mul_block_i/mul_pu_0/inst/u_path/clk
    SLICE_X0Y127         FDCE                                         r  mul_block_i/mul_pu_0/inst/u_path/res_reg[5]/C
                         clock pessimism              0.141    12.290    
                         clock uncertainty           -0.160    12.130    
    SLICE_X0Y127         FDCE (Recov_GFF_SLICEL_C_CLR)
                                                     -0.093    12.037    mul_block_i/mul_pu_0/inst/u_path/res_reg[5]
  -------------------------------------------------------------------
                         required time                         12.037    
                         arrival time                          -3.208    
  -------------------------------------------------------------------
                         slack                                  8.829    

Slack (MET) :             8.891ns  (required time - arrival time)
  Source:                 mul_block_i/rst_ps8_0_99M/U0/ACTIVE_LOW_PR_OUT_DFF[0].FDRE_PER_N/C
                            (rising edge-triggered cell FDRE clocked by clk_pl_0  {rise@0.000ns fall@5.000ns period=10.000ns})
  Destination:            mul_block_i/mul_pu_0/inst/u_path/res_reg[2]/CLR
                            (recovery check against rising-edge clock clk_pl_0  {rise@0.000ns fall@5.000ns period=10.000ns})
  Path Group:             **async_default**
  Path Type:              Recovery (Max at Slow Process Corner)
  Requirement:            10.000ns  (clk_pl_0 rise@10.000ns - clk_pl_0 rise@0.000ns)
  Data Path Delay:        0.761ns  (logic 0.116ns (15.242%)  route 0.645ns (84.758%))
  Logic Levels:           0  
  Clock Path Skew:        -0.094ns (DCD - SCD + CPR)
    Destination Clock Delay (DCD):    2.148ns = ( 12.148 - 10.000 ) 
    Source Clock Delay      (SCD):    2.384ns
    Clock Pessimism Removal (CPR):    0.141ns
  Clock Uncertainty:      0.160ns  ((TSJ^2 + DJ^2)^1/2) / 2 + PE
    Total System Jitter     (TSJ):    0.071ns
    Discrete Jitter          (DJ):    0.312ns
    Phase Error              (PE):    0.000ns
  Clock Net Delay (Source):      2.117ns (routing 1.045ns, distribution 1.072ns)
  Clock Net Delay (Destination): 1.932ns (routing 0.955ns, distribution 0.977ns)

    Location             Delay type                Incr(ns)  Path(ns)    Netlist Resource(s)
  -------------------------------------------------------------------    -------------------
                         (clock clk_pl_0 rise edge)
                                                      0.000     0.000 r  
    PS8_X0Y0             PS8                          0.000     0.000 r  mul_block_i/zynq_ultra_ps_e_0/inst/PS8_i/PLCLK[0]
                         net (fo=1, routed)           0.229     0.229    mul_block_i/zynq_ultra_ps_e_0/inst/pl_clk_unbuffered[0]
    BUFG_PS_X0Y80        BUFG_PS (Prop_BUFG_PS_I_O)
                                                      0.038     0.267 r  mul_block_i/zynq_ultra_ps_e_0/inst/buffer_pl_clk_0.PL_CLK_0_BUFG/O
    X0Y1 (CLOCK_ROOT)    net (fo=2383, routed)        2.117     2.384    mul_block_i/rst_ps8_0_99M/U0/slowest_sync_clk
    SLICE_X5Y117         FDRE                                         r  mul_block_i/rst_ps8_0_99M/U0/ACTIVE_LOW_PR_OUT_DFF[0].FDRE_PER_N/C
  -------------------------------------------------------------------    -------------------
    SLICE_X5Y117         FDRE (Prop_DFF_SLICEM_C_Q)
                                                      0.116     2.500 r  mul_block_i/rst_ps8_0_99M/U0/ACTIVE_LOW_PR_OUT_DFF[0].FDRE_PER_N/Q
                         net (fo=13, routed)          0.645     3.145    mul_block_i/mul_pu_0/inst/u_path/rst_n
    SLICE_X0Y128         FDCE                                         f  mul_block_i/mul_pu_0/inst/u_path/res_reg[2]/CLR  (IS_INVERTED)
  -------------------------------------------------------------------    -------------------

                         (clock clk_pl_0 rise edge)
                                                     10.000    10.000 r  
    PS8_X0Y0             PS8                          0.000    10.000 r  mul_block_i/zynq_ultra_ps_e_0/inst/PS8_i/PLCLK[0]
                         net (fo=1, routed)           0.181    10.181    mul_block_i/zynq_ultra_ps_e_0/inst/pl_clk_unbuffered[0]
    BUFG_PS_X0Y80        BUFG_PS (Prop_BUFG_PS_I_O)
                                                      0.035    10.216 r  mul_block_i/zynq_ultra_ps_e_0/inst/buffer_pl_clk_0.PL_CLK_0_BUFG/O
    X0Y1 (CLOCK_ROOT)    net (fo=2383, routed)        1.932    12.148    mul_block_i/mul_pu_0/inst/u_path/clk
    SLICE_X0Y128         FDCE                                         r  mul_block_i/mul_pu_0/inst/u_path/res_reg[2]/C
                         clock pessimism              0.141    12.289    
                         clock uncertainty           -0.160    12.129    
    SLICE_X0Y128         FDCE (Recov_HFF_SLICEL_C_CLR)
                                                     -0.093    12.036    mul_block_i/mul_pu_0/inst/u_path/res_reg[2]
  -------------------------------------------------------------------
                         required time                         12.036    
                         arrival time                          -3.145    
  -------------------------------------------------------------------
                         slack                                  8.891    

Slack (MET) :             8.935ns  (required time - arrival time)
  Source:                 mul_block_i/rst_ps8_0_99M/U0/ACTIVE_LOW_PR_OUT_DFF[0].FDRE_PER_N/C
                            (rising edge-triggered cell FDRE clocked by clk_pl_0  {rise@0.000ns fall@5.000ns period=10.000ns})
  Destination:            mul_block_i/mul_pu_0/inst/u_path/res_reg[6]/CLR
                            (recovery check against rising-edge clock clk_pl_0  {rise@0.000ns fall@5.000ns period=10.000ns})
  Path Group:             **async_default**
  Path Type:              Recovery (Max at Slow Process Corner)
  Requirement:            10.000ns  (clk_pl_0 rise@10.000ns - clk_pl_0 rise@0.000ns)
  Data Path Delay:        0.723ns  (logic 0.116ns (16.051%)  route 0.607ns (83.949%))
  Logic Levels:           0  
  Clock Path Skew:        -0.089ns (DCD - SCD + CPR)
    Destination Clock Delay (DCD):    2.153ns = ( 12.153 - 10.000 ) 
    Source Clock Delay      (SCD):    2.384ns
    Clock Pessimism Removal (CPR):    0.141ns
  Clock Uncertainty:      0.160ns  ((TSJ^2 + DJ^2)^1/2) / 2 + PE
    Total System Jitter     (TSJ):    0.071ns
    Discrete Jitter          (DJ):    0.312ns
    Phase Error              (PE):    0.000ns
  Clock Net Delay (Source):      2.117ns (routing 1.045ns, distribution 1.072ns)
  Clock Net Delay (Destination): 1.937ns (routing 0.955ns, distribution 0.982ns)

    Location             Delay type                Incr(ns)  Path(ns)    Netlist Resource(s)
  -------------------------------------------------------------------    -------------------
                         (clock clk_pl_0 rise edge)
                                                      0.000     0.000 r  
    PS8_X0Y0             PS8                          0.000     0.000 r  mul_block_i/zynq_ultra_ps_e_0/inst/PS8_i/PLCLK[0]
                         net (fo=1, routed)           0.229     0.229    mul_block_i/zynq_ultra_ps_e_0/inst/pl_clk_unbuffered[0]
    BUFG_PS_X0Y80        BUFG_PS (Prop_BUFG_PS_I_O)
                                                      0.038     0.267 r  mul_block_i/zynq_ultra_ps_e_0/inst/buffer_pl_clk_0.PL_CLK_0_BUFG/O
    X0Y1 (CLOCK_ROOT)    net (fo=2383, routed)        2.117     2.384    mul_block_i/rst_ps8_0_99M/U0/slowest_sync_clk
    SLICE_X5Y117         FDRE                                         r  mul_block_i/rst_ps8_0_99M/U0/ACTIVE_LOW_PR_OUT_DFF[0].FDRE_PER_N/C
  -------------------------------------------------------------------    -------------------
    SLICE_X5Y117         FDRE (Prop_DFF_SLICEM_C_Q)
                                                      0.116     2.500 r  mul_block_i/rst_ps8_0_99M/U0/ACTIVE_LOW_PR_OUT_DFF[0].FDRE_PER_N/Q
                         net (fo=13, routed)          0.607     3.106    mul_block_i/mul_pu_0/inst/u_path/rst_n
    SLICE_X1Y129         FDCE                                         f  mul_block_i/mul_pu_0/inst/u_path/res_reg[6]/CLR  (IS_INVERTED)
  -------------------------------------------------------------------    -------------------

                         (clock clk_pl_0 rise edge)
                                                     10.000    10.000 r  
    PS8_X0Y0             PS8                          0.000    10.000 r  mul_block_i/zynq_ultra_ps_e_0/inst/PS8_i/PLCLK[0]
                         net (fo=1, routed)           0.181    10.181    mul_block_i/zynq_ultra_ps_e_0/inst/pl_clk_unbuffered[0]
    BUFG_PS_X0Y80        BUFG_PS (Prop_BUFG_PS_I_O)
                                                      0.035    10.216 r  mul_block_i/zynq_ultra_ps_e_0/inst/buffer_pl_clk_0.PL_CLK_0_BUFG/O
    X0Y1 (CLOCK_ROOT)    net (fo=2383, routed)        1.937    12.153    mul_block_i/mul_pu_0/inst/u_path/clk
    SLICE_X1Y129         FDCE                                         r  mul_block_i/mul_pu_0/inst/u_path/res_reg[6]/C
                         clock pessimism              0.141    12.294    
                         clock uncertainty           -0.160    12.134    
    SLICE_X1Y129         FDCE (Recov_BFF_SLICEM_C_CLR)
                                                     -0.093    12.041    mul_block_i/mul_pu_0/inst/u_path/res_reg[6]
  -------------------------------------------------------------------
                         required time                         12.041    
                         arrival time                          -3.106    
  -------------------------------------------------------------------
                         slack                                  8.935    

Slack (MET) :             8.935ns  (required time - arrival time)
  Source:                 mul_block_i/rst_ps8_0_99M/U0/ACTIVE_LOW_PR_OUT_DFF[0].FDRE_PER_N/C
                            (rising edge-triggered cell FDRE clocked by clk_pl_0  {rise@0.000ns fall@5.000ns period=10.000ns})
  Destination:            mul_block_i/mul_pu_0/inst/u_path/res_reg[7]/CLR
                            (recovery check against rising-edge clock clk_pl_0  {rise@0.000ns fall@5.000ns period=10.000ns})
  Path Group:             **async_default**
  Path Type:              Recovery (Max at Slow Process Corner)
  Requirement:            10.000ns  (clk_pl_0 rise@10.000ns - clk_pl_0 rise@0.000ns)
  Data Path Delay:        0.723ns  (logic 0.116ns (16.051%)  route 0.607ns (83.949%))
  Logic Levels:           0  
  Clock Path Skew:        -0.089ns (DCD - SCD + CPR)
    Destination Clock Delay (DCD):    2.153ns = ( 12.153 - 10.000 ) 
    Source Clock Delay      (SCD):    2.384ns
    Clock Pessimism Removal (CPR):    0.141ns
  Clock Uncertainty:      0.160ns  ((TSJ^2 + DJ^2)^1/2) / 2 + PE
    Total System Jitter     (TSJ):    0.071ns
    Discrete Jitter          (DJ):    0.312ns
    Phase Error              (PE):    0.000ns
  Clock Net Delay (Source):      2.117ns (routing 1.045ns, distribution 1.072ns)
  Clock Net Delay (Destination): 1.937ns (routing 0.955ns, distribution 0.982ns)

    Location             Delay type                Incr(ns)  Path(ns)    Netlist Resource(s)
  -------------------------------------------------------------------    -------------------
                         (clock clk_pl_0 rise edge)
                                                      0.000     0.000 r  
    PS8_X0Y0             PS8                          0.000     0.000 r  mul_block_i/zynq_ultra_ps_e_0/inst/PS8_i/PLCLK[0]
                         net (fo=1, routed)           0.229     0.229    mul_block_i/zynq_ultra_ps_e_0/inst/pl_clk_unbuffered[0]
    BUFG_PS_X0Y80        BUFG_PS (Prop_BUFG_PS_I_O)
                                                      0.038     0.267 r  mul_block_i/zynq_ultra_ps_e_0/inst/buffer_pl_clk_0.PL_CLK_0_BUFG/O
    X0Y1 (CLOCK_ROOT)    net (fo=2383, routed)        2.117     2.384    mul_block_i/rst_ps8_0_99M/U0/slowest_sync_clk
    SLICE_X5Y117         FDRE                                         r  mul_block_i/rst_ps8_0_99M/U0/ACTIVE_LOW_PR_OUT_DFF[0].FDRE_PER_N/C
  -------------------------------------------------------------------    -------------------
    SLICE_X5Y117         FDRE (Prop_DFF_SLICEM_C_Q)
                                                      0.116     2.500 r  mul_block_i/rst_ps8_0_99M/U0/ACTIVE_LOW_PR_OUT_DFF[0].FDRE_PER_N/Q
                         net (fo=13, routed)          0.607     3.106    mul_block_i/mul_pu_0/inst/u_path/rst_n
    SLICE_X1Y129         FDCE                                         f  mul_block_i/mul_pu_0/inst/u_path/res_reg[7]/CLR  (IS_INVERTED)
  -------------------------------------------------------------------    -------------------

                         (clock clk_pl_0 rise edge)
                                                     10.000    10.000 r  
    PS8_X0Y0             PS8                          0.000    10.000 r  mul_block_i/zynq_ultra_ps_e_0/inst/PS8_i/PLCLK[0]
                         net (fo=1, routed)           0.181    10.181    mul_block_i/zynq_ultra_ps_e_0/inst/pl_clk_unbuffered[0]
    BUFG_PS_X0Y80        BUFG_PS (Prop_BUFG_PS_I_O)
                                                      0.035    10.216 r  mul_block_i/zynq_ultra_ps_e_0/inst/buffer_pl_clk_0.PL_CLK_0_BUFG/O
    X0Y1 (CLOCK_ROOT)    net (fo=2383, routed)        1.937    12.153    mul_block_i/mul_pu_0/inst/u_path/clk
    SLICE_X1Y129         FDCE                                         r  mul_block_i/mul_pu_0/inst/u_path/res_reg[7]/C
                         clock pessimism              0.141    12.294    
                         clock uncertainty           -0.160    12.134    
    SLICE_X1Y129         FDCE (Recov_AFF_SLICEM_C_CLR)
                                                     -0.093    12.041    mul_block_i/mul_pu_0/inst/u_path/res_reg[7]
  -------------------------------------------------------------------
                         required time                         12.041    
                         arrival time                          -3.106    
  -------------------------------------------------------------------
                         slack                                  8.935    

Slack (MET) :             8.938ns  (required time - arrival time)
  Source:                 mul_block_i/rst_ps8_0_99M/U0/ACTIVE_LOW_PR_OUT_DFF[0].FDRE_PER_N/C
                            (rising edge-triggered cell FDRE clocked by clk_pl_0  {rise@0.000ns fall@5.000ns period=10.000ns})
  Destination:            mul_block_i/mul_pu_0/inst/u_path/res_reg[0]/CLR
                            (recovery check against rising-edge clock clk_pl_0  {rise@0.000ns fall@5.000ns period=10.000ns})
  Path Group:             **async_default**
  Path Type:              Recovery (Max at Slow Process Corner)
  Requirement:            10.000ns  (clk_pl_0 rise@10.000ns - clk_pl_0 rise@0.000ns)
  Data Path Delay:        0.720ns  (logic 0.116ns (16.118%)  route 0.604ns (83.882%))
  Logic Levels:           0  
  Clock Path Skew:        -0.089ns (DCD - SCD + CPR)
    Destination Clock Delay (DCD):    2.153ns = ( 12.153 - 10.000 ) 
    Source Clock Delay      (SCD):    2.384ns
    Clock Pessimism Removal (CPR):    0.141ns
  Clock Uncertainty:      0.160ns  ((TSJ^2 + DJ^2)^1/2) / 2 + PE
    Total System Jitter     (TSJ):    0.071ns
    Discrete Jitter          (DJ):    0.312ns
    Phase Error              (PE):    0.000ns
  Clock Net Delay (Source):      2.117ns (routing 1.045ns, distribution 1.072ns)
  Clock Net Delay (Destination): 1.937ns (routing 0.955ns, distribution 0.982ns)

    Location             Delay type                Incr(ns)  Path(ns)    Netlist Resource(s)
  -------------------------------------------------------------------    -------------------
                         (clock clk_pl_0 rise edge)
                                                      0.000     0.000 r  
    PS8_X0Y0             PS8                          0.000     0.000 r  mul_block_i/zynq_ultra_ps_e_0/inst/PS8_i/PLCLK[0]
                         net (fo=1, routed)           0.229     0.229    mul_block_i/zynq_ultra_ps_e_0/inst/pl_clk_unbuffered[0]
    BUFG_PS_X0Y80        BUFG_PS (Prop_BUFG_PS_I_O)
                                                      0.038     0.267 r  mul_block_i/zynq_ultra_ps_e_0/inst/buffer_pl_clk_0.PL_CLK_0_BUFG/O
    X0Y1 (CLOCK_ROOT)    net (fo=2383, routed)        2.117     2.384    mul_block_i/rst_ps8_0_99M/U0/slowest_sync_clk
    SLICE_X5Y117         FDRE                                         r  mul_block_i/rst_ps8_0_99M/U0/ACTIVE_LOW_PR_OUT_DFF[0].FDRE_PER_N/C
  -------------------------------------------------------------------    -------------------
    SLICE_X5Y117         FDRE (Prop_DFF_SLICEM_C_Q)
                                                      0.116     2.500 r  mul_block_i/rst_ps8_0_99M/U0/ACTIVE_LOW_PR_OUT_DFF[0].FDRE_PER_N/Q
                         net (fo=13, routed)          0.604     3.103    mul_block_i/mul_pu_0/inst/u_path/rst_n
    SLICE_X1Y129         FDCE                                         f  mul_block_i/mul_pu_0/inst/u_path/res_reg[0]/CLR  (IS_INVERTED)
  -------------------------------------------------------------------    -------------------

                         (clock clk_pl_0 rise edge)
                                                     10.000    10.000 r  
    PS8_X0Y0             PS8                          0.000    10.000 r  mul_block_i/zynq_ultra_ps_e_0/inst/PS8_i/PLCLK[0]
                         net (fo=1, routed)           0.181    10.181    mul_block_i/zynq_ultra_ps_e_0/inst/pl_clk_unbuffered[0]
    BUFG_PS_X0Y80        BUFG_PS (Prop_BUFG_PS_I_O)
                                                      0.035    10.216 r  mul_block_i/zynq_ultra_ps_e_0/inst/buffer_pl_clk_0.PL_CLK_0_BUFG/O
    X0Y1 (CLOCK_ROOT)    net (fo=2383, routed)        1.937    12.153    mul_block_i/mul_pu_0/inst/u_path/clk
    SLICE_X1Y129         FDCE                                         r  mul_block_i/mul_pu_0/inst/u_path/res_reg[0]/C
                         clock pessimism              0.141    12.294    
                         clock uncertainty           -0.160    12.134    
    SLICE_X1Y129         FDCE (Recov_EFF_SLICEM_C_CLR)
                                                     -0.093    12.041    mul_block_i/mul_pu_0/inst/u_path/res_reg[0]
  -------------------------------------------------------------------
                         required time                         12.041    
                         arrival time                          -3.103    
  -------------------------------------------------------------------
                         slack                                  8.938    

Slack (MET) :             8.938ns  (required time - arrival time)
  Source:                 mul_block_i/rst_ps8_0_99M/U0/ACTIVE_LOW_PR_OUT_DFF[0].FDRE_PER_N/C
                            (rising edge-triggered cell FDRE clocked by clk_pl_0  {rise@0.000ns fall@5.000ns period=10.000ns})
  Destination:            mul_block_i/mul_pu_0/inst/u_path/res_reg[1]/CLR
                            (recovery check against rising-edge clock clk_pl_0  {rise@0.000ns fall@5.000ns period=10.000ns})
  Path Group:             **async_default**
  Path Type:              Recovery (Max at Slow Process Corner)
  Requirement:            10.000ns  (clk_pl_0 rise@10.000ns - clk_pl_0 rise@0.000ns)
  Data Path Delay:        0.720ns  (logic 0.116ns (16.118%)  route 0.604ns (83.882%))
  Logic Levels:           0  
  Clock Path Skew:        -0.089ns (DCD - SCD + CPR)
    Destination Clock Delay (DCD):    2.153ns = ( 12.153 - 10.000 ) 
    Source Clock Delay      (SCD):    2.384ns
    Clock Pessimism Removal (CPR):    0.141ns
  Clock Uncertainty:      0.160ns  ((TSJ^2 + DJ^2)^1/2) / 2 + PE
    Total System Jitter     (TSJ):    0.071ns
    Discrete Jitter          (DJ):    0.312ns
    Phase Error              (PE):    0.000ns
  Clock Net Delay (Source):      2.117ns (routing 1.045ns, distribution 1.072ns)
  Clock Net Delay (Destination): 1.937ns (routing 0.955ns, distribution 0.982ns)

    Location             Delay type                Incr(ns)  Path(ns)    Netlist Resource(s)
  -------------------------------------------------------------------    -------------------
                         (clock clk_pl_0 rise edge)
                                                      0.000     0.000 r  
    PS8_X0Y0             PS8                          0.000     0.000 r  mul_block_i/zynq_ultra_ps_e_0/inst/PS8_i/PLCLK[0]
                         net (fo=1, routed)           0.229     0.229    mul_block_i/zynq_ultra_ps_e_0/inst/pl_clk_unbuffered[0]
    BUFG_PS_X0Y80        BUFG_PS (Prop_BUFG_PS_I_O)
                                                      0.038     0.267 r  mul_block_i/zynq_ultra_ps_e_0/inst/buffer_pl_clk_0.PL_CLK_0_BUFG/O
    X0Y1 (CLOCK_ROOT)    net (fo=2383, routed)        2.117     2.384    mul_block_i/rst_ps8_0_99M/U0/slowest_sync_clk
    SLICE_X5Y117         FDRE                                         r  mul_block_i/rst_ps8_0_99M/U0/ACTIVE_LOW_PR_OUT_DFF[0].FDRE_PER_N/C
  -------------------------------------------------------------------    -------------------
    SLICE_X5Y117         FDRE (Prop_DFF_SLICEM_C_Q)
                                                      0.116     2.500 r  mul_block_i/rst_ps8_0_99M/U0/ACTIVE_LOW_PR_OUT_DFF[0].FDRE_PER_N/Q
                         net (fo=13, routed)          0.604     3.103    mul_block_i/mul_pu_0/inst/u_path/rst_n
    SLICE_X1Y129         FDCE                                         f  mul_block_i/mul_pu_0/inst/u_path/res_reg[1]/CLR  (IS_INVERTED)
  -------------------------------------------------------------------    -------------------

                         (clock clk_pl_0 rise edge)
                                                     10.000    10.000 r  
    PS8_X0Y0             PS8                          0.000    10.000 r  mul_block_i/zynq_ultra_ps_e_0/inst/PS8_i/PLCLK[0]
                         net (fo=1, routed)           0.181    10.181    mul_block_i/zynq_ultra_ps_e_0/inst/pl_clk_unbuffered[0]
    BUFG_PS_X0Y80        BUFG_PS (Prop_BUFG_PS_I_O)
                                                      0.035    10.216 r  mul_block_i/zynq_ultra_ps_e_0/inst/buffer_pl_clk_0.PL_CLK_0_BUFG/O
    X0Y1 (CLOCK_ROOT)    net (fo=2383, routed)        1.937    12.153    mul_block_i/mul_pu_0/inst/u_path/clk
    SLICE_X1Y129         FDCE                                         r  mul_block_i/mul_pu_0/inst/u_path/res_reg[1]/C
                         clock pessimism              0.141    12.294    
                         clock uncertainty           -0.160    12.134    
    SLICE_X1Y129         FDCE (Recov_EFF2_SLICEM_C_CLR)
                                                     -0.093    12.041    mul_block_i/mul_pu_0/inst/u_path/res_reg[1]
  -------------------------------------------------------------------
                         required time                         12.041    
                         arrival time                          -3.103    
  -------------------------------------------------------------------
                         slack                                  8.938    





Min Delay Paths
--------------------------------------------------------------------------------------
Slack (MET) :             0.237ns  (arrival time - required time)
  Source:                 mul_block_i/rst_ps8_0_99M/U0/ACTIVE_LOW_PR_OUT_DFF[0].FDRE_PER_N/C
                            (rising edge-triggered cell FDRE clocked by clk_pl_0  {rise@0.000ns fall@5.000ns period=10.000ns})
  Destination:            mul_block_i/mul_pu_0/inst/u_path/res_reg[0]/CLR
                            (removal check against rising-edge clock clk_pl_0  {rise@0.000ns fall@5.000ns period=10.000ns})
  Path Group:             **async_default**
  Path Type:              Removal (Min at Fast Process Corner)
  Requirement:            0.000ns  (clk_pl_0 rise@0.000ns - clk_pl_0 rise@0.000ns)
  Data Path Delay:        0.313ns  (logic 0.083ns (26.485%)  route 0.230ns (73.515%))
  Logic Levels:           0  
  Clock Path Skew:        0.094ns (DCD - SCD - CPR)
    Destination Clock Delay (DCD):    1.477ns
    Source Clock Delay      (SCD):    1.296ns
    Clock Pessimism Removal (CPR):    0.087ns
  Clock Net Delay (Source):      1.145ns (routing 0.572ns, distribution 0.573ns)
  Clock Net Delay (Destination): 1.290ns (routing 0.623ns, distribution 0.667ns)

    Location             Delay type                Incr(ns)  Path(ns)    Netlist Resource(s)
  -------------------------------------------------------------------    -------------------
                         (clock clk_pl_0 rise edge)
                                                      0.000     0.000 r  
    PS8_X0Y0             PS8                          0.000     0.000 r  mul_block_i/zynq_ultra_ps_e_0/inst/PS8_i/PLCLK[0]
                         net (fo=1, routed)           0.129     0.129    mul_block_i/zynq_ultra_ps_e_0/inst/pl_clk_unbuffered[0]
    BUFG_PS_X0Y80        BUFG_PS (Prop_BUFG_PS_I_O)
                                                      0.022     0.151 r  mul_block_i/zynq_ultra_ps_e_0/inst/buffer_pl_clk_0.PL_CLK_0_BUFG/O
    X0Y1 (CLOCK_ROOT)    net (fo=2383, routed)        1.145     1.296    mul_block_i/rst_ps8_0_99M/U0/slowest_sync_clk
    SLICE_X5Y117         FDRE                                         r  mul_block_i/rst_ps8_0_99M/U0/ACTIVE_LOW_PR_OUT_DFF[0].FDRE_PER_N/C
  -------------------------------------------------------------------    -------------------
    SLICE_X5Y117         FDRE (Prop_DFF_SLICEM_C_Q)
                                                      0.083     1.379 r  mul_block_i/rst_ps8_0_99M/U0/ACTIVE_LOW_PR_OUT_DFF[0].FDRE_PER_N/Q
                         net (fo=13, routed)          0.230     1.609    mul_block_i/mul_pu_0/inst/u_path/rst_n
    SLICE_X1Y129         FDCE                                         f  mul_block_i/mul_pu_0/inst/u_path/res_reg[0]/CLR  (IS_INVERTED)
  -------------------------------------------------------------------    -------------------

                         (clock clk_pl_0 rise edge)
                                                      0.000     0.000 r  
    PS8_X0Y0             PS8                          0.000     0.000 r  mul_block_i/zynq_ultra_ps_e_0/inst/PS8_i/PLCLK[0]
                         net (fo=1, routed)           0.164     0.164    mul_block_i/zynq_ultra_ps_e_0/inst/pl_clk_unbuffered[0]
    BUFG_PS_X0Y80        BUFG_PS (Prop_BUFG_PS_I_O)
                                                      0.023     0.187 r  mul_block_i/zynq_ultra_ps_e_0/inst/buffer_pl_clk_0.PL_CLK_0_BUFG/O
    X0Y1 (CLOCK_ROOT)    net (fo=2383, routed)        1.290     1.477    mul_block_i/mul_pu_0/inst/u_path/clk
    SLICE_X1Y129         FDCE                                         r  mul_block_i/mul_pu_0/inst/u_path/res_reg[0]/C
                         clock pessimism             -0.087     1.390    
    SLICE_X1Y129         FDCE (Remov_EFF_SLICEM_C_CLR)
                                                     -0.018     1.372    mul_block_i/mul_pu_0/inst/u_path/res_reg[0]
  -------------------------------------------------------------------
                         required time                         -1.372    
                         arrival time                           1.609    
  -------------------------------------------------------------------
                         slack                                  0.237    

Slack (MET) :             0.237ns  (arrival time - required time)
  Source:                 mul_block_i/rst_ps8_0_99M/U0/ACTIVE_LOW_PR_OUT_DFF[0].FDRE_PER_N/C
                            (rising edge-triggered cell FDRE clocked by clk_pl_0  {rise@0.000ns fall@5.000ns period=10.000ns})
  Destination:            mul_block_i/mul_pu_0/inst/u_path/res_reg[1]/CLR
                            (removal check against rising-edge clock clk_pl_0  {rise@0.000ns fall@5.000ns period=10.000ns})
  Path Group:             **async_default**
  Path Type:              Removal (Min at Fast Process Corner)
  Requirement:            0.000ns  (clk_pl_0 rise@0.000ns - clk_pl_0 rise@0.000ns)
  Data Path Delay:        0.313ns  (logic 0.083ns (26.485%)  route 0.230ns (73.515%))
  Logic Levels:           0  
  Clock Path Skew:        0.094ns (DCD - SCD - CPR)
    Destination Clock Delay (DCD):    1.477ns
    Source Clock Delay      (SCD):    1.296ns
    Clock Pessimism Removal (CPR):    0.087ns
  Clock Net Delay (Source):      1.145ns (routing 0.572ns, distribution 0.573ns)
  Clock Net Delay (Destination): 1.290ns (routing 0.623ns, distribution 0.667ns)

    Location             Delay type                Incr(ns)  Path(ns)    Netlist Resource(s)
  -------------------------------------------------------------------    -------------------
                         (clock clk_pl_0 rise edge)
                                                      0.000     0.000 r  
    PS8_X0Y0             PS8                          0.000     0.000 r  mul_block_i/zynq_ultra_ps_e_0/inst/PS8_i/PLCLK[0]
                         net (fo=1, routed)           0.129     0.129    mul_block_i/zynq_ultra_ps_e_0/inst/pl_clk_unbuffered[0]
    BUFG_PS_X0Y80        BUFG_PS (Prop_BUFG_PS_I_O)
                                                      0.022     0.151 r  mul_block_i/zynq_ultra_ps_e_0/inst/buffer_pl_clk_0.PL_CLK_0_BUFG/O
    X0Y1 (CLOCK_ROOT)    net (fo=2383, routed)        1.145     1.296    mul_block_i/rst_ps8_0_99M/U0/slowest_sync_clk
    SLICE_X5Y117         FDRE                                         r  mul_block_i/rst_ps8_0_99M/U0/ACTIVE_LOW_PR_OUT_DFF[0].FDRE_PER_N/C
  -------------------------------------------------------------------    -------------------
    SLICE_X5Y117         FDRE (Prop_DFF_SLICEM_C_Q)
                                                      0.083     1.379 r  mul_block_i/rst_ps8_0_99M/U0/ACTIVE_LOW_PR_OUT_DFF[0].FDRE_PER_N/Q
                         net (fo=13, routed)          0.230     1.609    mul_block_i/mul_pu_0/inst/u_path/rst_n
    SLICE_X1Y129         FDCE                                         f  mul_block_i/mul_pu_0/inst/u_path/res_reg[1]/CLR  (IS_INVERTED)
  -------------------------------------------------------------------    -------------------

                         (clock clk_pl_0 rise edge)
                                                      0.000     0.000 r  
    PS8_X0Y0             PS8                          0.000     0.000 r  mul_block_i/zynq_ultra_ps_e_0/inst/PS8_i/PLCLK[0]
                         net (fo=1, routed)           0.164     0.164    mul_block_i/zynq_ultra_ps_e_0/inst/pl_clk_unbuffered[0]
    BUFG_PS_X0Y80        BUFG_PS (Prop_BUFG_PS_I_O)
                                                      0.023     0.187 r  mul_block_i/zynq_ultra_ps_e_0/inst/buffer_pl_clk_0.PL_CLK_0_BUFG/O
    X0Y1 (CLOCK_ROOT)    net (fo=2383, routed)        1.290     1.477    mul_block_i/mul_pu_0/inst/u_path/clk
    SLICE_X1Y129         FDCE                                         r  mul_block_i/mul_pu_0/inst/u_path/res_reg[1]/C
                         clock pessimism             -0.087     1.390    
    SLICE_X1Y129         FDCE (Remov_EFF2_SLICEM_C_CLR)
                                                     -0.018     1.372    mul_block_i/mul_pu_0/inst/u_path/res_reg[1]
  -------------------------------------------------------------------
                         required time                         -1.372    
                         arrival time                           1.609    
  -------------------------------------------------------------------
                         slack                                  0.237    

Slack (MET) :             0.237ns  (arrival time - required time)
  Source:                 mul_block_i/rst_ps8_0_99M/U0/ACTIVE_LOW_PR_OUT_DFF[0].FDRE_PER_N/C
                            (rising edge-triggered cell FDRE clocked by clk_pl_0  {rise@0.000ns fall@5.000ns period=10.000ns})
  Destination:            mul_block_i/mul_pu_0/inst/u_path/res_reg[6]/CLR
                            (removal check against rising-edge clock clk_pl_0  {rise@0.000ns fall@5.000ns period=10.000ns})
  Path Group:             **async_default**
  Path Type:              Removal (Min at Fast Process Corner)
  Requirement:            0.000ns  (clk_pl_0 rise@0.000ns - clk_pl_0 rise@0.000ns)
  Data Path Delay:        0.314ns  (logic 0.083ns (26.401%)  route 0.231ns (73.599%))
  Logic Levels:           0  
  Clock Path Skew:        0.095ns (DCD - SCD - CPR)
    Destination Clock Delay (DCD):    1.478ns
    Source Clock Delay      (SCD):    1.296ns
    Clock Pessimism Removal (CPR):    0.087ns
  Clock Net Delay (Source):      1.145ns (routing 0.572ns, distribution 0.573ns)
  Clock Net Delay (Destination): 1.291ns (routing 0.623ns, distribution 0.668ns)

    Location             Delay type                Incr(ns)  Path(ns)    Netlist Resource(s)
  -------------------------------------------------------------------    -------------------
                         (clock clk_pl_0 rise edge)
                                                      0.000     0.000 r  
    PS8_X0Y0             PS8                          0.000     0.000 r  mul_block_i/zynq_ultra_ps_e_0/inst/PS8_i/PLCLK[0]
                         net (fo=1, routed)           0.129     0.129    mul_block_i/zynq_ultra_ps_e_0/inst/pl_clk_unbuffered[0]
    BUFG_PS_X0Y80        BUFG_PS (Prop_BUFG_PS_I_O)
                                                      0.022     0.151 r  mul_block_i/zynq_ultra_ps_e_0/inst/buffer_pl_clk_0.PL_CLK_0_BUFG/O
    X0Y1 (CLOCK_ROOT)    net (fo=2383, routed)        1.145     1.296    mul_block_i/rst_ps8_0_99M/U0/slowest_sync_clk
    SLICE_X5Y117         FDRE                                         r  mul_block_i/rst_ps8_0_99M/U0/ACTIVE_LOW_PR_OUT_DFF[0].FDRE_PER_N/C
  -------------------------------------------------------------------    -------------------
    SLICE_X5Y117         FDRE (Prop_DFF_SLICEM_C_Q)
                                                      0.083     1.379 r  mul_block_i/rst_ps8_0_99M/U0/ACTIVE_LOW_PR_OUT_DFF[0].FDRE_PER_N/Q
                         net (fo=13, routed)          0.231     1.610    mul_block_i/mul_pu_0/inst/u_path/rst_n
    SLICE_X1Y129         FDCE                                         f  mul_block_i/mul_pu_0/inst/u_path/res_reg[6]/CLR  (IS_INVERTED)
  -------------------------------------------------------------------    -------------------

                         (clock clk_pl_0 rise edge)
                                                      0.000     0.000 r  
    PS8_X0Y0             PS8                          0.000     0.000 r  mul_block_i/zynq_ultra_ps_e_0/inst/PS8_i/PLCLK[0]
                         net (fo=1, routed)           0.164     0.164    mul_block_i/zynq_ultra_ps_e_0/inst/pl_clk_unbuffered[0]
    BUFG_PS_X0Y80        BUFG_PS (Prop_BUFG_PS_I_O)
                                                      0.023     0.187 r  mul_block_i/zynq_ultra_ps_e_0/inst/buffer_pl_clk_0.PL_CLK_0_BUFG/O
    X0Y1 (CLOCK_ROOT)    net (fo=2383, routed)        1.291     1.478    mul_block_i/mul_pu_0/inst/u_path/clk
    SLICE_X1Y129         FDCE                                         r  mul_block_i/mul_pu_0/inst/u_path/res_reg[6]/C
                         clock pessimism             -0.087     1.391    
    SLICE_X1Y129         FDCE (Remov_BFF_SLICEM_C_CLR)
                                                     -0.018     1.373    mul_block_i/mul_pu_0/inst/u_path/res_reg[6]
  -------------------------------------------------------------------
                         required time                         -1.373    
                         arrival time                           1.610    
  -------------------------------------------------------------------
                         slack                                  0.237    

Slack (MET) :             0.237ns  (arrival time - required time)
  Source:                 mul_block_i/rst_ps8_0_99M/U0/ACTIVE_LOW_PR_OUT_DFF[0].FDRE_PER_N/C
                            (rising edge-triggered cell FDRE clocked by clk_pl_0  {rise@0.000ns fall@5.000ns period=10.000ns})
  Destination:            mul_block_i/mul_pu_0/inst/u_path/res_reg[7]/CLR
                            (removal check against rising-edge clock clk_pl_0  {rise@0.000ns fall@5.000ns period=10.000ns})
  Path Group:             **async_default**
  Path Type:              Removal (Min at Fast Process Corner)
  Requirement:            0.000ns  (clk_pl_0 rise@0.000ns - clk_pl_0 rise@0.000ns)
  Data Path Delay:        0.314ns  (logic 0.083ns (26.401%)  route 0.231ns (73.599%))
  Logic Levels:           0  
  Clock Path Skew:        0.095ns (DCD - SCD - CPR)
    Destination Clock Delay (DCD):    1.478ns
    Source Clock Delay      (SCD):    1.296ns
    Clock Pessimism Removal (CPR):    0.087ns
  Clock Net Delay (Source):      1.145ns (routing 0.572ns, distribution 0.573ns)
  Clock Net Delay (Destination): 1.291ns (routing 0.623ns, distribution 0.668ns)

    Location             Delay type                Incr(ns)  Path(ns)    Netlist Resource(s)
  -------------------------------------------------------------------    -------------------
                         (clock clk_pl_0 rise edge)
                                                      0.000     0.000 r  
    PS8_X0Y0             PS8                          0.000     0.000 r  mul_block_i/zynq_ultra_ps_e_0/inst/PS8_i/PLCLK[0]
                         net (fo=1, routed)           0.129     0.129    mul_block_i/zynq_ultra_ps_e_0/inst/pl_clk_unbuffered[0]
    BUFG_PS_X0Y80        BUFG_PS (Prop_BUFG_PS_I_O)
                                                      0.022     0.151 r  mul_block_i/zynq_ultra_ps_e_0/inst/buffer_pl_clk_0.PL_CLK_0_BUFG/O
    X0Y1 (CLOCK_ROOT)    net (fo=2383, routed)        1.145     1.296    mul_block_i/rst_ps8_0_99M/U0/slowest_sync_clk
    SLICE_X5Y117         FDRE                                         r  mul_block_i/rst_ps8_0_99M/U0/ACTIVE_LOW_PR_OUT_DFF[0].FDRE_PER_N/C
  -------------------------------------------------------------------    -------------------
    SLICE_X5Y117         FDRE (Prop_DFF_SLICEM_C_Q)
                                                      0.083     1.379 r  mul_block_i/rst_ps8_0_99M/U0/ACTIVE_LOW_PR_OUT_DFF[0].FDRE_PER_N/Q
                         net (fo=13, routed)          0.231     1.610    mul_block_i/mul_pu_0/inst/u_path/rst_n
    SLICE_X1Y129         FDCE                                         f  mul_block_i/mul_pu_0/inst/u_path/res_reg[7]/CLR  (IS_INVERTED)
  -------------------------------------------------------------------    -------------------

                         (clock clk_pl_0 rise edge)
                                                      0.000     0.000 r  
    PS8_X0Y0             PS8                          0.000     0.000 r  mul_block_i/zynq_ultra_ps_e_0/inst/PS8_i/PLCLK[0]
                         net (fo=1, routed)           0.164     0.164    mul_block_i/zynq_ultra_ps_e_0/inst/pl_clk_unbuffered[0]
    BUFG_PS_X0Y80        BUFG_PS (Prop_BUFG_PS_I_O)
                                                      0.023     0.187 r  mul_block_i/zynq_ultra_ps_e_0/inst/buffer_pl_clk_0.PL_CLK_0_BUFG/O
    X0Y1 (CLOCK_ROOT)    net (fo=2383, routed)        1.291     1.478    mul_block_i/mul_pu_0/inst/u_path/clk
    SLICE_X1Y129         FDCE                                         r  mul_block_i/mul_pu_0/inst/u_path/res_reg[7]/C
                         clock pessimism             -0.087     1.391    
    SLICE_X1Y129         FDCE (Remov_AFF_SLICEM_C_CLR)
                                                     -0.018     1.373    mul_block_i/mul_pu_0/inst/u_path/res_reg[7]
  -------------------------------------------------------------------
                         required time                         -1.373    
                         arrival time                           1.610    
  -------------------------------------------------------------------
                         slack                                  0.237    

Slack (MET) :             0.247ns  (arrival time - required time)
  Source:                 mul_block_i/rst_ps8_0_99M/U0/ACTIVE_LOW_PR_OUT_DFF[0].FDRE_PER_N/C
                            (rising edge-triggered cell FDRE clocked by clk_pl_0  {rise@0.000ns fall@5.000ns period=10.000ns})
  Destination:            mul_block_i/mul_pu_0/inst/u_path/res_reg[2]/CLR
                            (removal check against rising-edge clock clk_pl_0  {rise@0.000ns fall@5.000ns period=10.000ns})
  Path Group:             **async_default**
  Path Type:              Removal (Min at Fast Process Corner)
  Requirement:            0.000ns  (clk_pl_0 rise@0.000ns - clk_pl_0 rise@0.000ns)
  Data Path Delay:        0.321ns  (logic 0.083ns (25.889%)  route 0.238ns (74.111%))
  Logic Levels:           0  
  Clock Path Skew:        0.091ns (DCD - SCD - CPR)
    Destination Clock Delay (DCD):    1.474ns
    Source Clock Delay      (SCD):    1.296ns
    Clock Pessimism Removal (CPR):    0.087ns
  Clock Net Delay (Source):      1.145ns (routing 0.572ns, distribution 0.573ns)
  Clock Net Delay (Destination): 1.287ns (routing 0.623ns, distribution 0.664ns)

    Location             Delay type                Incr(ns)  Path(ns)    Netlist Resource(s)
  -------------------------------------------------------------------    -------------------
                         (clock clk_pl_0 rise edge)
                                                      0.000     0.000 r  
    PS8_X0Y0             PS8                          0.000     0.000 r  mul_block_i/zynq_ultra_ps_e_0/inst/PS8_i/PLCLK[0]
                         net (fo=1, routed)           0.129     0.129    mul_block_i/zynq_ultra_ps_e_0/inst/pl_clk_unbuffered[0]
    BUFG_PS_X0Y80        BUFG_PS (Prop_BUFG_PS_I_O)
                                                      0.022     0.151 r  mul_block_i/zynq_ultra_ps_e_0/inst/buffer_pl_clk_0.PL_CLK_0_BUFG/O
    X0Y1 (CLOCK_ROOT)    net (fo=2383, routed)        1.145     1.296    mul_block_i/rst_ps8_0_99M/U0/slowest_sync_clk
    SLICE_X5Y117         FDRE                                         r  mul_block_i/rst_ps8_0_99M/U0/ACTIVE_LOW_PR_OUT_DFF[0].FDRE_PER_N/C
  -------------------------------------------------------------------    -------------------
    SLICE_X5Y117         FDRE (Prop_DFF_SLICEM_C_Q)
                                                      0.083     1.379 r  mul_block_i/rst_ps8_0_99M/U0/ACTIVE_LOW_PR_OUT_DFF[0].FDRE_PER_N/Q
                         net (fo=13, routed)          0.238     1.617    mul_block_i/mul_pu_0/inst/u_path/rst_n
    SLICE_X0Y128         FDCE                                         f  mul_block_i/mul_pu_0/inst/u_path/res_reg[2]/CLR  (IS_INVERTED)
  -------------------------------------------------------------------    -------------------

                         (clock clk_pl_0 rise edge)
                                                      0.000     0.000 r  
    PS8_X0Y0             PS8                          0.000     0.000 r  mul_block_i/zynq_ultra_ps_e_0/inst/PS8_i/PLCLK[0]
                         net (fo=1, routed)           0.164     0.164    mul_block_i/zynq_ultra_ps_e_0/inst/pl_clk_unbuffered[0]
    BUFG_PS_X0Y80        BUFG_PS (Prop_BUFG_PS_I_O)
                                                      0.023     0.187 r  mul_block_i/zynq_ultra_ps_e_0/inst/buffer_pl_clk_0.PL_CLK_0_BUFG/O
    X0Y1 (CLOCK_ROOT)    net (fo=2383, routed)        1.287     1.474    mul_block_i/mul_pu_0/inst/u_path/clk
    SLICE_X0Y128         FDCE                                         r  mul_block_i/mul_pu_0/inst/u_path/res_reg[2]/C
                         clock pessimism             -0.087     1.387    
    SLICE_X0Y128         FDCE (Remov_HFF_SLICEL_C_CLR)
                                                     -0.018     1.369    mul_block_i/mul_pu_0/inst/u_path/res_reg[2]
  -------------------------------------------------------------------
                         required time                         -1.369    
                         arrival time                           1.617    
  -------------------------------------------------------------------
                         slack                                  0.247    

Slack (MET) :             0.268ns  (arrival time - required time)
  Source:                 mul_block_i/rst_ps8_0_99M/U0/ACTIVE_LOW_PR_OUT_DFF[0].FDRE_PER_N/C
                            (rising edge-triggered cell FDRE clocked by clk_pl_0  {rise@0.000ns fall@5.000ns period=10.000ns})
  Destination:            mul_block_i/mul_pu_0/inst/u_path/res_reg[5]/CLR
                            (removal check against rising-edge clock clk_pl_0  {rise@0.000ns fall@5.000ns period=10.000ns})
  Path Group:             **async_default**
  Path Type:              Removal (Min at Fast Process Corner)
  Requirement:            0.000ns  (clk_pl_0 rise@0.000ns - clk_pl_0 rise@0.000ns)
  Data Path Delay:        0.341ns  (logic 0.083ns (24.359%)  route 0.258ns (75.641%))
  Logic Levels:           0  
  Clock Path Skew:        0.091ns (DCD - SCD - CPR)
    Destination Clock Delay (DCD):    1.474ns
    Source Clock Delay      (SCD):    1.296ns
    Clock Pessimism Removal (CPR):    0.087ns
  Clock Net Delay (Source):      1.145ns (routing 0.572ns, distribution 0.573ns)
  Clock Net Delay (Destination): 1.287ns (routing 0.623ns, distribution 0.664ns)

    Location             Delay type                Incr(ns)  Path(ns)    Netlist Resource(s)
  -------------------------------------------------------------------    -------------------
                         (clock clk_pl_0 rise edge)
                                                      0.000     0.000 r  
    PS8_X0Y0             PS8                          0.000     0.000 r  mul_block_i/zynq_ultra_ps_e_0/inst/PS8_i/PLCLK[0]
                         net (fo=1, routed)           0.129     0.129    mul_block_i/zynq_ultra_ps_e_0/inst/pl_clk_unbuffered[0]
    BUFG_PS_X0Y80        BUFG_PS (Prop_BUFG_PS_I_O)
                                                      0.022     0.151 r  mul_block_i/zynq_ultra_ps_e_0/inst/buffer_pl_clk_0.PL_CLK_0_BUFG/O
    X0Y1 (CLOCK_ROOT)    net (fo=2383, routed)        1.145     1.296    mul_block_i/rst_ps8_0_99M/U0/slowest_sync_clk
    SLICE_X5Y117         FDRE                                         r  mul_block_i/rst_ps8_0_99M/U0/ACTIVE_LOW_PR_OUT_DFF[0].FDRE_PER_N/C
  -------------------------------------------------------------------    -------------------
    SLICE_X5Y117         FDRE (Prop_DFF_SLICEM_C_Q)
                                                      0.083     1.379 r  mul_block_i/rst_ps8_0_99M/U0/ACTIVE_LOW_PR_OUT_DFF[0].FDRE_PER_N/Q
                         net (fo=13, routed)          0.258     1.637    mul_block_i/mul_pu_0/inst/u_path/rst_n
    SLICE_X0Y127         FDCE                                         f  mul_block_i/mul_pu_0/inst/u_path/res_reg[5]/CLR  (IS_INVERTED)
  -------------------------------------------------------------------    -------------------

                         (clock clk_pl_0 rise edge)
                                                      0.000     0.000 r  
    PS8_X0Y0             PS8                          0.000     0.000 r  mul_block_i/zynq_ultra_ps_e_0/inst/PS8_i/PLCLK[0]
                         net (fo=1, routed)           0.164     0.164    mul_block_i/zynq_ultra_ps_e_0/inst/pl_clk_unbuffered[0]
    BUFG_PS_X0Y80        BUFG_PS (Prop_BUFG_PS_I_O)
                                                      0.023     0.187 r  mul_block_i/zynq_ultra_ps_e_0/inst/buffer_pl_clk_0.PL_CLK_0_BUFG/O
    X0Y1 (CLOCK_ROOT)    net (fo=2383, routed)        1.287     1.474    mul_block_i/mul_pu_0/inst/u_path/clk
    SLICE_X0Y127         FDCE                                         r  mul_block_i/mul_pu_0/inst/u_path/res_reg[5]/C
                         clock pessimism             -0.087     1.387    
    SLICE_X0Y127         FDCE (Remov_GFF_SLICEL_C_CLR)
                                                     -0.018     1.369    mul_block_i/mul_pu_0/inst/u_path/res_reg[5]
  -------------------------------------------------------------------
                         required time                         -1.369    
                         arrival time                           1.637    
  -------------------------------------------------------------------
                         slack                                  0.268    

Slack (MET) :             0.270ns  (arrival time - required time)
  Source:                 mul_block_i/rst_ps8_0_99M/U0/ACTIVE_LOW_PR_OUT_DFF[0].FDRE_PER_N/C
                            (rising edge-triggered cell FDRE clocked by clk_pl_0  {rise@0.000ns fall@5.000ns period=10.000ns})
  Destination:            mul_block_i/mul_pu_0/inst/u_path/res_reg[3]/CLR
                            (removal check against rising-edge clock clk_pl_0  {rise@0.000ns fall@5.000ns period=10.000ns})
  Path Group:             **async_default**
  Path Type:              Removal (Min at Fast Process Corner)
  Requirement:            0.000ns  (clk_pl_0 rise@0.000ns - clk_pl_0 rise@0.000ns)
  Data Path Delay:        0.348ns  (logic 0.083ns (23.877%)  route 0.265ns (76.123%))
  Logic Levels:           0  
  Clock Path Skew:        0.095ns (DCD - SCD - CPR)
    Destination Clock Delay (DCD):    1.478ns
    Source Clock Delay      (SCD):    1.296ns
    Clock Pessimism Removal (CPR):    0.087ns
  Clock Net Delay (Source):      1.145ns (routing 0.572ns, distribution 0.573ns)
  Clock Net Delay (Destination): 1.291ns (routing 0.623ns, distribution 0.668ns)

    Location             Delay type                Incr(ns)  Path(ns)    Netlist Resource(s)
  -------------------------------------------------------------------    -------------------
                         (clock clk_pl_0 rise edge)
                                                      0.000     0.000 r  
    PS8_X0Y0             PS8                          0.000     0.000 r  mul_block_i/zynq_ultra_ps_e_0/inst/PS8_i/PLCLK[0]
                         net (fo=1, routed)           0.129     0.129    mul_block_i/zynq_ultra_ps_e_0/inst/pl_clk_unbuffered[0]
    BUFG_PS_X0Y80        BUFG_PS (Prop_BUFG_PS_I_O)
                                                      0.022     0.151 r  mul_block_i/zynq_ultra_ps_e_0/inst/buffer_pl_clk_0.PL_CLK_0_BUFG/O
    X0Y1 (CLOCK_ROOT)    net (fo=2383, routed)        1.145     1.296    mul_block_i/rst_ps8_0_99M/U0/slowest_sync_clk
    SLICE_X5Y117         FDRE                                         r  mul_block_i/rst_ps8_0_99M/U0/ACTIVE_LOW_PR_OUT_DFF[0].FDRE_PER_N/C
  -------------------------------------------------------------------    -------------------
    SLICE_X5Y117         FDRE (Prop_DFF_SLICEM_C_Q)
                                                      0.083     1.379 r  mul_block_i/rst_ps8_0_99M/U0/ACTIVE_LOW_PR_OUT_DFF[0].FDRE_PER_N/Q
                         net (fo=13, routed)          0.265     1.644    mul_block_i/mul_pu_0/inst/u_path/rst_n
    SLICE_X1Y128         FDCE                                         f  mul_block_i/mul_pu_0/inst/u_path/res_reg[3]/CLR  (IS_INVERTED)
  -------------------------------------------------------------------    -------------------

                         (clock clk_pl_0 rise edge)
                                                      0.000     0.000 r  
    PS8_X0Y0             PS8                          0.000     0.000 r  mul_block_i/zynq_ultra_ps_e_0/inst/PS8_i/PLCLK[0]
                         net (fo=1, routed)           0.164     0.164    mul_block_i/zynq_ultra_ps_e_0/inst/pl_clk_unbuffered[0]
    BUFG_PS_X0Y80        BUFG_PS (Prop_BUFG_PS_I_O)
                                                      0.023     0.187 r  mul_block_i/zynq_ultra_ps_e_0/inst/buffer_pl_clk_0.PL_CLK_0_BUFG/O
    X0Y1 (CLOCK_ROOT)    net (fo=2383, routed)        1.291     1.478    mul_block_i/mul_pu_0/inst/u_path/clk
    SLICE_X1Y128         FDCE                                         r  mul_block_i/mul_pu_0/inst/u_path/res_reg[3]/C
                         clock pessimism             -0.087     1.391    
    SLICE_X1Y128         FDCE (Remov_GFF_SLICEM_C_CLR)
                                                     -0.018     1.373    mul_block_i/mul_pu_0/inst/u_path/res_reg[3]
  -------------------------------------------------------------------
                         required time                         -1.373    
                         arrival time                           1.644    
  -------------------------------------------------------------------
                         slack                                  0.270    

Slack (MET) :             0.293ns  (arrival time - required time)
  Source:                 mul_block_i/rst_ps8_0_99M/U0/ACTIVE_LOW_PR_OUT_DFF[0].FDRE_PER_N/C
                            (rising edge-triggered cell FDRE clocked by clk_pl_0  {rise@0.000ns fall@5.000ns period=10.000ns})
  Destination:            mul_block_i/mul_pu_0/inst/u_path/res_reg[4]/CLR
                            (removal check against rising-edge clock clk_pl_0  {rise@0.000ns fall@5.000ns period=10.000ns})
  Path Group:             **async_default**
  Path Type:              Removal (Min at Fast Process Corner)
  Requirement:            0.000ns  (clk_pl_0 rise@0.000ns - clk_pl_0 rise@0.000ns)
  Data Path Delay:        0.363ns  (logic 0.083ns (22.887%)  route 0.280ns (77.113%))
  Logic Levels:           0  
  Clock Path Skew:        0.087ns (DCD - SCD - CPR)
    Destination Clock Delay (DCD):    1.470ns
    Source Clock Delay      (SCD):    1.296ns
    Clock Pessimism Removal (CPR):    0.087ns
  Clock Net Delay (Source):      1.145ns (routing 0.572ns, distribution 0.573ns)
  Clock Net Delay (Destination): 1.283ns (routing 0.623ns, distribution 0.660ns)

    Location             Delay type                Incr(ns)  Path(ns)    Netlist Resource(s)
  -------------------------------------------------------------------    -------------------
                         (clock clk_pl_0 rise edge)
                                                      0.000     0.000 r  
    PS8_X0Y0             PS8                          0.000     0.000 r  mul_block_i/zynq_ultra_ps_e_0/inst/PS8_i/PLCLK[0]
                         net (fo=1, routed)           0.129     0.129    mul_block_i/zynq_ultra_ps_e_0/inst/pl_clk_unbuffered[0]
    BUFG_PS_X0Y80        BUFG_PS (Prop_BUFG_PS_I_O)
                                                      0.022     0.151 r  mul_block_i/zynq_ultra_ps_e_0/inst/buffer_pl_clk_0.PL_CLK_0_BUFG/O
    X0Y1 (CLOCK_ROOT)    net (fo=2383, routed)        1.145     1.296    mul_block_i/rst_ps8_0_99M/U0/slowest_sync_clk
    SLICE_X5Y117         FDRE                                         r  mul_block_i/rst_ps8_0_99M/U0/ACTIVE_LOW_PR_OUT_DFF[0].FDRE_PER_N/C
  -------------------------------------------------------------------    -------------------
    SLICE_X5Y117         FDRE (Prop_DFF_SLICEM_C_Q)
                                                      0.083     1.379 r  mul_block_i/rst_ps8_0_99M/U0/ACTIVE_LOW_PR_OUT_DFF[0].FDRE_PER_N/Q
                         net (fo=13, routed)          0.280     1.659    mul_block_i/mul_pu_0/inst/u_path/rst_n
    SLICE_X0Y125         FDCE                                         f  mul_block_i/mul_pu_0/inst/u_path/res_reg[4]/CLR  (IS_INVERTED)
  -------------------------------------------------------------------    -------------------

                         (clock clk_pl_0 rise edge)
                                                      0.000     0.000 r  
    PS8_X0Y0             PS8                          0.000     0.000 r  mul_block_i/zynq_ultra_ps_e_0/inst/PS8_i/PLCLK[0]
                         net (fo=1, routed)           0.164     0.164    mul_block_i/zynq_ultra_ps_e_0/inst/pl_clk_unbuffered[0]
    BUFG_PS_X0Y80        BUFG_PS (Prop_BUFG_PS_I_O)
                                                      0.023     0.187 r  mul_block_i/zynq_ultra_ps_e_0/inst/buffer_pl_clk_0.PL_CLK_0_BUFG/O
    X0Y1 (CLOCK_ROOT)    net (fo=2383, routed)        1.283     1.470    mul_block_i/mul_pu_0/inst/u_path/clk
    SLICE_X0Y125         FDCE                                         r  mul_block_i/mul_pu_0/inst/u_path/res_reg[4]/C
                         clock pessimism             -0.087     1.383    
    SLICE_X0Y125         FDCE (Remov_CFF_SLICEL_C_CLR)
                                                     -0.018     1.365    mul_block_i/mul_pu_0/inst/u_path/res_reg[4]
  -------------------------------------------------------------------
                         required time                         -1.365    
                         arrival time                           1.659    
  -------------------------------------------------------------------
                         slack                                  0.293    





--------------------------------------------------------------------------------------
Path Group:  (none)
From Clock:  
  To Clock:  clk_pl_0

Max Delay             1 Endpoint
Min Delay             1 Endpoint
--------------------------------------------------------------------------------------


Max Delay Paths
--------------------------------------------------------------------------------------
Slack:                    inf
  Source:                 mul_block_i/zynq_ultra_ps_e_0/inst/PS8_i/EMIOGPIOO[95]
                            (internal pin)
  Destination:            mul_block_i/rst_ps8_0_99M/U0/EXT_LPF/ACTIVE_LOW_EXT.ACT_LO_EXT/syncstages_ff_reg[0]/D
                            (rising edge-triggered cell FDRE clocked by clk_pl_0  {rise@0.000ns fall@5.000ns period=10.000ns})
  Path Group:             (none)
  Path Type:              Setup (Max at Slow Process Corner)
  Data Path Delay:        2.019ns  (logic 0.223ns (11.045%)  route 1.796ns (88.955%))
  Logic Levels:           1  (LUT1=1)
  Clock Uncertainty:      0.158ns  ((TSJ^2 + DJ^2)^1/2) / 2 + PE
    Total System Jitter     (TSJ):    0.050ns
    Discrete Jitter          (DJ):    0.312ns
    Phase Error              (PE):    0.000ns
  Clock Net Delay (Destination): 1.888ns (routing 0.955ns, distribution 0.933ns)
  Timing Exception:       False Path

    Location             Delay type                Incr(ns)  Path(ns)    Netlist Resource(s)
  -------------------------------------------------------------------    -------------------
    PS8_X0Y0             PS8                          0.000     0.000 f  mul_block_i/zynq_ultra_ps_e_0/inst/PS8_i/EMIOGPIOO[95]
                         net (fo=1, routed)           1.512     1.512    mul_block_i/rst_ps8_0_99M/U0/EXT_LPF/ext_reset_in
    SLICE_X8Y117         LUT1 (Prop_E6LUT_SLICEM_I0_O)
                                                      0.223     1.735 r  mul_block_i/rst_ps8_0_99M/U0/EXT_LPF/ACTIVE_LOW_EXT.ACT_LO_EXT_i_1/O
                         net (fo=1, routed)           0.284     2.019    mul_block_i/rst_ps8_0_99M/U0/EXT_LPF/ACTIVE_LOW_EXT.ACT_LO_EXT/src_in
    SLICE_X8Y117         FDRE                                         r  mul_block_i/rst_ps8_0_99M/U0/EXT_LPF/ACTIVE_LOW_EXT.ACT_LO_EXT/syncstages_ff_reg[0]/D
  -------------------------------------------------------------------    -------------------

                         (clock clk_pl_0 rise edge)
                                                      0.000     0.000 r  
    PS8_X0Y0             PS8                          0.000     0.000 r  mul_block_i/zynq_ultra_ps_e_0/inst/PS8_i/PLCLK[0]
                         net (fo=1, routed)           0.181     0.181    mul_block_i/zynq_ultra_ps_e_0/inst/pl_clk_unbuffered[0]
    BUFG_PS_X0Y80        BUFG_PS (Prop_BUFG_PS_I_O)
                                                      0.035     0.216 r  mul_block_i/zynq_ultra_ps_e_0/inst/buffer_pl_clk_0.PL_CLK_0_BUFG/O
    X0Y1 (CLOCK_ROOT)    net (fo=2383, routed)        1.888     2.104    mul_block_i/rst_ps8_0_99M/U0/EXT_LPF/ACTIVE_LOW_EXT.ACT_LO_EXT/dest_clk
    SLICE_X8Y117         FDRE                                         r  mul_block_i/rst_ps8_0_99M/U0/EXT_LPF/ACTIVE_LOW_EXT.ACT_LO_EXT/syncstages_ff_reg[0]/C





Min Delay Paths
--------------------------------------------------------------------------------------
Slack:                    inf
  Source:                 mul_block_i/zynq_ultra_ps_e_0/inst/PS8_i/EMIOGPIOO[95]
                            (internal pin)
  Destination:            mul_block_i/rst_ps8_0_99M/U0/EXT_LPF/ACTIVE_LOW_EXT.ACT_LO_EXT/syncstages_ff_reg[0]/D
                            (rising edge-triggered cell FDRE clocked by clk_pl_0  {rise@0.000ns fall@5.000ns period=10.000ns})
  Path Group:             (none)
  Path Type:              Hold (Min at Fast Process Corner)
  Data Path Delay:        0.825ns  (logic 0.103ns (12.485%)  route 0.722ns (87.515%))
  Logic Levels:           1  (LUT1=1)
  Clock Uncertainty:      0.158ns  ((TSJ^2 + DJ^2)^1/2) / 2 + PE
    Total System Jitter     (TSJ):    0.050ns
    Discrete Jitter          (DJ):    0.312ns
    Phase Error              (PE):    0.000ns
  Clock Net Delay (Destination): 1.255ns (routing 0.623ns, distribution 0.632ns)
  Timing Exception:       False Path

    Location             Delay type                Incr(ns)  Path(ns)    Netlist Resource(s)
  -------------------------------------------------------------------    -------------------
    PS8_X0Y0             PS8                          0.000     0.000 f  mul_block_i/zynq_ultra_ps_e_0/inst/PS8_i/EMIOGPIOO[95]
                         net (fo=1, routed)           0.638     0.638    mul_block_i/rst_ps8_0_99M/U0/EXT_LPF/ext_reset_in
    SLICE_X8Y117         LUT1 (Prop_E6LUT_SLICEM_I0_O)
                                                      0.103     0.741 r  mul_block_i/rst_ps8_0_99M/U0/EXT_LPF/ACTIVE_LOW_EXT.ACT_LO_EXT_i_1/O
                         net (fo=1, routed)           0.084     0.825    mul_block_i/rst_ps8_0_99M/U0/EXT_LPF/ACTIVE_LOW_EXT.ACT_LO_EXT/src_in
    SLICE_X8Y117         FDRE                                         r  mul_block_i/rst_ps8_0_99M/U0/EXT_LPF/ACTIVE_LOW_EXT.ACT_LO_EXT/syncstages_ff_reg[0]/D
  -------------------------------------------------------------------    -------------------

                         (clock clk_pl_0 rise edge)
                                                      0.000     0.000 r  
    PS8_X0Y0             PS8                          0.000     0.000 r  mul_block_i/zynq_ultra_ps_e_0/inst/PS8_i/PLCLK[0]
                         net (fo=1, routed)           0.164     0.164    mul_block_i/zynq_ultra_ps_e_0/inst/pl_clk_unbuffered[0]
    BUFG_PS_X0Y80        BUFG_PS (Prop_BUFG_PS_I_O)
                                                      0.023     0.187 r  mul_block_i/zynq_ultra_ps_e_0/inst/buffer_pl_clk_0.PL_CLK_0_BUFG/O
    X0Y1 (CLOCK_ROOT)    net (fo=2383, routed)        1.255     1.442    mul_block_i/rst_ps8_0_99M/U0/EXT_LPF/ACTIVE_LOW_EXT.ACT_LO_EXT/dest_clk
    SLICE_X8Y117         FDRE                                         r  mul_block_i/rst_ps8_0_99M/U0/EXT_LPF/ACTIVE_LOW_EXT.ACT_LO_EXT/syncstages_ff_reg[0]/C





--------------------------------------------------------------------------------------
Path Group:  (none)
From Clock:  clk_pl_0
  To Clock:  clk_pl_0

Max Delay            90 Endpoints
Min Delay            90 Endpoints
--------------------------------------------------------------------------------------


Max Delay Paths
--------------------------------------------------------------------------------------
Slack:                    inf
  Source:                 mul_block_i/axi_smc/inst/clk_map/psr_aclk/U0/ACTIVE_LOW_BSR_OUT_DFF[0].FDRE_BSR_N/C
                            (rising edge-triggered cell FDRE clocked by clk_pl_0  {rise@0.000ns fall@5.000ns period=10.000ns})
  Destination:            mul_block_i/axi_smc/inst/s01_nodes/s01_r_node/inst/s_sc_xpm_cdc_async_rst_inst/arststages_ff_reg[0]/CLR
                            (recovery check against rising-edge clock clk_pl_0  {rise@0.000ns fall@5.000ns period=10.000ns})
  Path Group:             (none)
  Path Type:              Recovery (Max at Slow Process Corner)
  Data Path Delay:        1.641ns  (logic 0.116ns (7.070%)  route 1.525ns (92.930%))
  Logic Levels:           0  
  Clock Path Skew:        -0.323ns (DCD - SCD + CPR)
    Destination Clock Delay (DCD):    2.104ns
    Source Clock Delay      (SCD):    2.427ns
    Clock Pessimism Removal (CPR):    0.000ns
  Clock Uncertainty:      0.160ns  ((TSJ^2 + DJ^2)^1/2) / 2 + PE
    Total System Jitter     (TSJ):    0.071ns
    Discrete Jitter          (DJ):    0.312ns
    Phase Error              (PE):    0.000ns
  Clock Net Delay (Source):      2.160ns (routing 1.045ns, distribution 1.115ns)
  Clock Net Delay (Destination): 1.888ns (routing 0.955ns, distribution 0.933ns)
  Timing Exception:       False Path

    Location             Delay type                Incr(ns)  Path(ns)    Netlist Resource(s)
  -------------------------------------------------------------------    -------------------
                         (clock clk_pl_0 rise edge)
                                                      0.000     0.000 r  
    PS8_X0Y0             PS8                          0.000     0.000 r  mul_block_i/zynq_ultra_ps_e_0/inst/PS8_i/PLCLK[0]
                         net (fo=1, routed)           0.229     0.229    mul_block_i/zynq_ultra_ps_e_0/inst/pl_clk_unbuffered[0]
    BUFG_PS_X0Y80        BUFG_PS (Prop_BUFG_PS_I_O)
                                                      0.038     0.267 r  mul_block_i/zynq_ultra_ps_e_0/inst/buffer_pl_clk_0.PL_CLK_0_BUFG/O
    X0Y1 (CLOCK_ROOT)    net (fo=2383, routed)        2.160     2.427    mul_block_i/axi_smc/inst/clk_map/psr_aclk/U0/aclk
    SLICE_X4Y121         FDRE                                         r  mul_block_i/axi_smc/inst/clk_map/psr_aclk/U0/ACTIVE_LOW_BSR_OUT_DFF[0].FDRE_BSR_N/C
  -------------------------------------------------------------------    -------------------
    SLICE_X4Y121         FDRE (Prop_DFF_SLICEM_C_Q)
                                                      0.116     2.543 r  mul_block_i/axi_smc/inst/clk_map/psr_aclk/U0/ACTIVE_LOW_BSR_OUT_DFF[0].FDRE_BSR_N/Q
                         net (fo=81, routed)          1.525     4.068    mul_block_i/axi_smc/inst/s01_nodes/s01_r_node/inst/s_sc_xpm_cdc_async_rst_inst/src_arst
    SLICE_X5Y109         FDCE                                         f  mul_block_i/axi_smc/inst/s01_nodes/s01_r_node/inst/s_sc_xpm_cdc_async_rst_inst/arststages_ff_reg[0]/CLR  (IS_INVERTED)
  -------------------------------------------------------------------    -------------------

                         (clock clk_pl_0 rise edge)
                                                      0.000     0.000 r  
    PS8_X0Y0             PS8                          0.000     0.000 r  mul_block_i/zynq_ultra_ps_e_0/inst/PS8_i/PLCLK[0]
                         net (fo=1, routed)           0.181     0.181    mul_block_i/zynq_ultra_ps_e_0/inst/pl_clk_unbuffered[0]
    BUFG_PS_X0Y80        BUFG_PS (Prop_BUFG_PS_I_O)
                                                      0.035     0.216 r  mul_block_i/zynq_ultra_ps_e_0/inst/buffer_pl_clk_0.PL_CLK_0_BUFG/O
    X0Y1 (CLOCK_ROOT)    net (fo=2383, routed)        1.888     2.104    mul_block_i/axi_smc/inst/s01_nodes/s01_r_node/inst/s_sc_xpm_cdc_async_rst_inst/dest_clk
    SLICE_X5Y109         FDCE                                         r  mul_block_i/axi_smc/inst/s01_nodes/s01_r_node/inst/s_sc_xpm_cdc_async_rst_inst/arststages_ff_reg[0]/C

Slack:                    inf
  Source:                 mul_block_i/axi_smc/inst/clk_map/psr_aclk/U0/ACTIVE_LOW_BSR_OUT_DFF[0].FDRE_BSR_N/C
                            (rising edge-triggered cell FDRE clocked by clk_pl_0  {rise@0.000ns fall@5.000ns period=10.000ns})
  Destination:            mul_block_i/axi_smc/inst/s01_nodes/s01_r_node/inst/s_sc_xpm_cdc_async_rst_inst/arststages_ff_reg[1]/CLR
                            (recovery check against rising-edge clock clk_pl_0  {rise@0.000ns fall@5.000ns period=10.000ns})
  Path Group:             (none)
  Path Type:              Recovery (Max at Slow Process Corner)
  Data Path Delay:        1.641ns  (logic 0.116ns (7.070%)  route 1.525ns (92.930%))
  Logic Levels:           0  
  Clock Path Skew:        -0.323ns (DCD - SCD + CPR)
    Destination Clock Delay (DCD):    2.104ns
    Source Clock Delay      (SCD):    2.427ns
    Clock Pessimism Removal (CPR):    0.000ns
  Clock Uncertainty:      0.160ns  ((TSJ^2 + DJ^2)^1/2) / 2 + PE
    Total System Jitter     (TSJ):    0.071ns
    Discrete Jitter          (DJ):    0.312ns
    Phase Error              (PE):    0.000ns
  Clock Net Delay (Source):      2.160ns (routing 1.045ns, distribution 1.115ns)
  Clock Net Delay (Destination): 1.888ns (routing 0.955ns, distribution 0.933ns)
  Timing Exception:       False Path

    Location             Delay type                Incr(ns)  Path(ns)    Netlist Resource(s)
  -------------------------------------------------------------------    -------------------
                         (clock clk_pl_0 rise edge)
                                                      0.000     0.000 r  
    PS8_X0Y0             PS8                          0.000     0.000 r  mul_block_i/zynq_ultra_ps_e_0/inst/PS8_i/PLCLK[0]
                         net (fo=1, routed)           0.229     0.229    mul_block_i/zynq_ultra_ps_e_0/inst/pl_clk_unbuffered[0]
    BUFG_PS_X0Y80        BUFG_PS (Prop_BUFG_PS_I_O)
                                                      0.038     0.267 r  mul_block_i/zynq_ultra_ps_e_0/inst/buffer_pl_clk_0.PL_CLK_0_BUFG/O
    X0Y1 (CLOCK_ROOT)    net (fo=2383, routed)        2.160     2.427    mul_block_i/axi_smc/inst/clk_map/psr_aclk/U0/aclk
    SLICE_X4Y121         FDRE                                         r  mul_block_i/axi_smc/inst/clk_map/psr_aclk/U0/ACTIVE_LOW_BSR_OUT_DFF[0].FDRE_BSR_N/C
  -------------------------------------------------------------------    -------------------
    SLICE_X4Y121         FDRE (Prop_DFF_SLICEM_C_Q)
                                                      0.116     2.543 r  mul_block_i/axi_smc/inst/clk_map/psr_aclk/U0/ACTIVE_LOW_BSR_OUT_DFF[0].FDRE_BSR_N/Q
                         net (fo=81, routed)          1.525     4.068    mul_block_i/axi_smc/inst/s01_nodes/s01_r_node/inst/s_sc_xpm_cdc_async_rst_inst/src_arst
    SLICE_X5Y109         FDCE                                         f  mul_block_i/axi_smc/inst/s01_nodes/s01_r_node/inst/s_sc_xpm_cdc_async_rst_inst/arststages_ff_reg[1]/CLR  (IS_INVERTED)
  -------------------------------------------------------------------    -------------------

                         (clock clk_pl_0 rise edge)
                                                      0.000     0.000 r  
    PS8_X0Y0             PS8                          0.000     0.000 r  mul_block_i/zynq_ultra_ps_e_0/inst/PS8_i/PLCLK[0]
                         net (fo=1, routed)           0.181     0.181    mul_block_i/zynq_ultra_ps_e_0/inst/pl_clk_unbuffered[0]
    BUFG_PS_X0Y80        BUFG_PS (Prop_BUFG_PS_I_O)
                                                      0.035     0.216 r  mul_block_i/zynq_ultra_ps_e_0/inst/buffer_pl_clk_0.PL_CLK_0_BUFG/O
    X0Y1 (CLOCK_ROOT)    net (fo=2383, routed)        1.888     2.104    mul_block_i/axi_smc/inst/s01_nodes/s01_r_node/inst/s_sc_xpm_cdc_async_rst_inst/dest_clk
    SLICE_X5Y109         FDCE                                         r  mul_block_i/axi_smc/inst/s01_nodes/s01_r_node/inst/s_sc_xpm_cdc_async_rst_inst/arststages_ff_reg[1]/C

Slack:                    inf
  Source:                 mul_block_i/axi_smc/inst/clk_map/psr_aclk/U0/ACTIVE_LOW_BSR_OUT_DFF[0].FDRE_BSR_N/C
                            (rising edge-triggered cell FDRE clocked by clk_pl_0  {rise@0.000ns fall@5.000ns period=10.000ns})
  Destination:            mul_block_i/axi_smc/inst/s01_nodes/s01_r_node/inst/s_sc_xpm_cdc_async_rst_inst/arststages_ff_reg[2]/CLR
                            (recovery check against rising-edge clock clk_pl_0  {rise@0.000ns fall@5.000ns period=10.000ns})
  Path Group:             (none)
  Path Type:              Recovery (Max at Slow Process Corner)
  Data Path Delay:        1.641ns  (logic 0.116ns (7.070%)  route 1.525ns (92.930%))
  Logic Levels:           0  
  Clock Path Skew:        -0.323ns (DCD - SCD + CPR)
    Destination Clock Delay (DCD):    2.104ns
    Source Clock Delay      (SCD):    2.427ns
    Clock Pessimism Removal (CPR):    0.000ns
  Clock Uncertainty:      0.160ns  ((TSJ^2 + DJ^2)^1/2) / 2 + PE
    Total System Jitter     (TSJ):    0.071ns
    Discrete Jitter          (DJ):    0.312ns
    Phase Error              (PE):    0.000ns
  Clock Net Delay (Source):      2.160ns (routing 1.045ns, distribution 1.115ns)
  Clock Net Delay (Destination): 1.888ns (routing 0.955ns, distribution 0.933ns)
  Timing Exception:       False Path

    Location             Delay type                Incr(ns)  Path(ns)    Netlist Resource(s)
  -------------------------------------------------------------------    -------------------
                         (clock clk_pl_0 rise edge)
                                                      0.000     0.000 r  
    PS8_X0Y0             PS8                          0.000     0.000 r  mul_block_i/zynq_ultra_ps_e_0/inst/PS8_i/PLCLK[0]
                         net (fo=1, routed)           0.229     0.229    mul_block_i/zynq_ultra_ps_e_0/inst/pl_clk_unbuffered[0]
    BUFG_PS_X0Y80        BUFG_PS (Prop_BUFG_PS_I_O)
                                                      0.038     0.267 r  mul_block_i/zynq_ultra_ps_e_0/inst/buffer_pl_clk_0.PL_CLK_0_BUFG/O
    X0Y1 (CLOCK_ROOT)    net (fo=2383, routed)        2.160     2.427    mul_block_i/axi_smc/inst/clk_map/psr_aclk/U0/aclk
    SLICE_X4Y121         FDRE                                         r  mul_block_i/axi_smc/inst/clk_map/psr_aclk/U0/ACTIVE_LOW_BSR_OUT_DFF[0].FDRE_BSR_N/C
  -------------------------------------------------------------------    -------------------
    SLICE_X4Y121         FDRE (Prop_DFF_SLICEM_C_Q)
                                                      0.116     2.543 r  mul_block_i/axi_smc/inst/clk_map/psr_aclk/U0/ACTIVE_LOW_BSR_OUT_DFF[0].FDRE_BSR_N/Q
                         net (fo=81, routed)          1.525     4.068    mul_block_i/axi_smc/inst/s01_nodes/s01_r_node/inst/s_sc_xpm_cdc_async_rst_inst/src_arst
    SLICE_X5Y109         FDCE                                         f  mul_block_i/axi_smc/inst/s01_nodes/s01_r_node/inst/s_sc_xpm_cdc_async_rst_inst/arststages_ff_reg[2]/CLR  (IS_INVERTED)
  -------------------------------------------------------------------    -------------------

                         (clock clk_pl_0 rise edge)
                                                      0.000     0.000 r  
    PS8_X0Y0             PS8                          0.000     0.000 r  mul_block_i/zynq_ultra_ps_e_0/inst/PS8_i/PLCLK[0]
                         net (fo=1, routed)           0.181     0.181    mul_block_i/zynq_ultra_ps_e_0/inst/pl_clk_unbuffered[0]
    BUFG_PS_X0Y80        BUFG_PS (Prop_BUFG_PS_I_O)
                                                      0.035     0.216 r  mul_block_i/zynq_ultra_ps_e_0/inst/buffer_pl_clk_0.PL_CLK_0_BUFG/O
    X0Y1 (CLOCK_ROOT)    net (fo=2383, routed)        1.888     2.104    mul_block_i/axi_smc/inst/s01_nodes/s01_r_node/inst/s_sc_xpm_cdc_async_rst_inst/dest_clk
    SLICE_X5Y109         FDCE                                         r  mul_block_i/axi_smc/inst/s01_nodes/s01_r_node/inst/s_sc_xpm_cdc_async_rst_inst/arststages_ff_reg[2]/C

Slack:                    inf
  Source:                 mul_block_i/axi_smc/inst/clk_map/psr_aclk/U0/ACTIVE_LOW_BSR_OUT_DFF[0].FDRE_BSR_N/C
                            (rising edge-triggered cell FDRE clocked by clk_pl_0  {rise@0.000ns fall@5.000ns period=10.000ns})
  Destination:            mul_block_i/axi_smc/inst/m00_exit_pipeline/m00_exit/inst/xpm_cdc_async_rst_inst/arststages_ff_reg[0]/CLR
                            (recovery check against rising-edge clock clk_pl_0  {rise@0.000ns fall@5.000ns period=10.000ns})
  Path Group:             (none)
  Path Type:              Recovery (Max at Slow Process Corner)
  Data Path Delay:        1.611ns  (logic 0.116ns (7.201%)  route 1.495ns (92.799%))
  Logic Levels:           0  
  Clock Path Skew:        -0.321ns (DCD - SCD + CPR)
    Destination Clock Delay (DCD):    2.106ns
    Source Clock Delay      (SCD):    2.427ns
    Clock Pessimism Removal (CPR):    0.000ns
  Clock Uncertainty:      0.160ns  ((TSJ^2 + DJ^2)^1/2) / 2 + PE
    Total System Jitter     (TSJ):    0.071ns
    Discrete Jitter          (DJ):    0.312ns
    Phase Error              (PE):    0.000ns
  Clock Net Delay (Source):      2.160ns (routing 1.045ns, distribution 1.115ns)
  Clock Net Delay (Destination): 1.890ns (routing 0.955ns, distribution 0.935ns)
  Timing Exception:       False Path

    Location             Delay type                Incr(ns)  Path(ns)    Netlist Resource(s)
  -------------------------------------------------------------------    -------------------
                         (clock clk_pl_0 rise edge)
                                                      0.000     0.000 r  
    PS8_X0Y0             PS8                          0.000     0.000 r  mul_block_i/zynq_ultra_ps_e_0/inst/PS8_i/PLCLK[0]
                         net (fo=1, routed)           0.229     0.229    mul_block_i/zynq_ultra_ps_e_0/inst/pl_clk_unbuffered[0]
    BUFG_PS_X0Y80        BUFG_PS (Prop_BUFG_PS_I_O)
                                                      0.038     0.267 r  mul_block_i/zynq_ultra_ps_e_0/inst/buffer_pl_clk_0.PL_CLK_0_BUFG/O
    X0Y1 (CLOCK_ROOT)    net (fo=2383, routed)        2.160     2.427    mul_block_i/axi_smc/inst/clk_map/psr_aclk/U0/aclk
    SLICE_X4Y121         FDRE                                         r  mul_block_i/axi_smc/inst/clk_map/psr_aclk/U0/ACTIVE_LOW_BSR_OUT_DFF[0].FDRE_BSR_N/C
  -------------------------------------------------------------------    -------------------
    SLICE_X4Y121         FDRE (Prop_DFF_SLICEM_C_Q)
                                                      0.116     2.543 r  mul_block_i/axi_smc/inst/clk_map/psr_aclk/U0/ACTIVE_LOW_BSR_OUT_DFF[0].FDRE_BSR_N/Q
                         net (fo=81, routed)          1.495     4.038    mul_block_i/axi_smc/inst/m00_exit_pipeline/m00_exit/inst/xpm_cdc_async_rst_inst/src_arst
    SLICE_X9Y116         FDCE                                         f  mul_block_i/axi_smc/inst/m00_exit_pipeline/m00_exit/inst/xpm_cdc_async_rst_inst/arststages_ff_reg[0]/CLR  (IS_INVERTED)
  -------------------------------------------------------------------    -------------------

                         (clock clk_pl_0 rise edge)
                                                      0.000     0.000 r  
    PS8_X0Y0             PS8                          0.000     0.000 r  mul_block_i/zynq_ultra_ps_e_0/inst/PS8_i/PLCLK[0]
                         net (fo=1, routed)           0.181     0.181    mul_block_i/zynq_ultra_ps_e_0/inst/pl_clk_unbuffered[0]
    BUFG_PS_X0Y80        BUFG_PS (Prop_BUFG_PS_I_O)
                                                      0.035     0.216 r  mul_block_i/zynq_ultra_ps_e_0/inst/buffer_pl_clk_0.PL_CLK_0_BUFG/O
    X0Y1 (CLOCK_ROOT)    net (fo=2383, routed)        1.890     2.106    mul_block_i/axi_smc/inst/m00_exit_pipeline/m00_exit/inst/xpm_cdc_async_rst_inst/dest_clk
    SLICE_X9Y116         FDCE                                         r  mul_block_i/axi_smc/inst/m00_exit_pipeline/m00_exit/inst/xpm_cdc_async_rst_inst/arststages_ff_reg[0]/C

Slack:                    inf
  Source:                 mul_block_i/axi_smc/inst/clk_map/psr_aclk/U0/ACTIVE_LOW_BSR_OUT_DFF[0].FDRE_BSR_N/C
                            (rising edge-triggered cell FDRE clocked by clk_pl_0  {rise@0.000ns fall@5.000ns period=10.000ns})
  Destination:            mul_block_i/axi_smc/inst/m00_exit_pipeline/m00_exit/inst/xpm_cdc_async_rst_inst/arststages_ff_reg[1]/CLR
                            (recovery check against rising-edge clock clk_pl_0  {rise@0.000ns fall@5.000ns period=10.000ns})
  Path Group:             (none)
  Path Type:              Recovery (Max at Slow Process Corner)
  Data Path Delay:        1.611ns  (logic 0.116ns (7.201%)  route 1.495ns (92.799%))
  Logic Levels:           0  
  Clock Path Skew:        -0.321ns (DCD - SCD + CPR)
    Destination Clock Delay (DCD):    2.106ns
    Source Clock Delay      (SCD):    2.427ns
    Clock Pessimism Removal (CPR):    0.000ns
  Clock Uncertainty:      0.160ns  ((TSJ^2 + DJ^2)^1/2) / 2 + PE
    Total System Jitter     (TSJ):    0.071ns
    Discrete Jitter          (DJ):    0.312ns
    Phase Error              (PE):    0.000ns
  Clock Net Delay (Source):      2.160ns (routing 1.045ns, distribution 1.115ns)
  Clock Net Delay (Destination): 1.890ns (routing 0.955ns, distribution 0.935ns)
  Timing Exception:       False Path

    Location             Delay type                Incr(ns)  Path(ns)    Netlist Resource(s)
  -------------------------------------------------------------------    -------------------
                         (clock clk_pl_0 rise edge)
                                                      0.000     0.000 r  
    PS8_X0Y0             PS8                          0.000     0.000 r  mul_block_i/zynq_ultra_ps_e_0/inst/PS8_i/PLCLK[0]
                         net (fo=1, routed)           0.229     0.229    mul_block_i/zynq_ultra_ps_e_0/inst/pl_clk_unbuffered[0]
    BUFG_PS_X0Y80        BUFG_PS (Prop_BUFG_PS_I_O)
                                                      0.038     0.267 r  mul_block_i/zynq_ultra_ps_e_0/inst/buffer_pl_clk_0.PL_CLK_0_BUFG/O
    X0Y1 (CLOCK_ROOT)    net (fo=2383, routed)        2.160     2.427    mul_block_i/axi_smc/inst/clk_map/psr_aclk/U0/aclk
    SLICE_X4Y121         FDRE                                         r  mul_block_i/axi_smc/inst/clk_map/psr_aclk/U0/ACTIVE_LOW_BSR_OUT_DFF[0].FDRE_BSR_N/C
  -------------------------------------------------------------------    -------------------
    SLICE_X4Y121         FDRE (Prop_DFF_SLICEM_C_Q)
                                                      0.116     2.543 r  mul_block_i/axi_smc/inst/clk_map/psr_aclk/U0/ACTIVE_LOW_BSR_OUT_DFF[0].FDRE_BSR_N/Q
                         net (fo=81, routed)          1.495     4.038    mul_block_i/axi_smc/inst/m00_exit_pipeline/m00_exit/inst/xpm_cdc_async_rst_inst/src_arst
    SLICE_X9Y116         FDCE                                         f  mul_block_i/axi_smc/inst/m00_exit_pipeline/m00_exit/inst/xpm_cdc_async_rst_inst/arststages_ff_reg[1]/CLR  (IS_INVERTED)
  -------------------------------------------------------------------    -------------------

                         (clock clk_pl_0 rise edge)
                                                      0.000     0.000 r  
    PS8_X0Y0             PS8                          0.000     0.000 r  mul_block_i/zynq_ultra_ps_e_0/inst/PS8_i/PLCLK[0]
                         net (fo=1, routed)           0.181     0.181    mul_block_i/zynq_ultra_ps_e_0/inst/pl_clk_unbuffered[0]
    BUFG_PS_X0Y80        BUFG_PS (Prop_BUFG_PS_I_O)
                                                      0.035     0.216 r  mul_block_i/zynq_ultra_ps_e_0/inst/buffer_pl_clk_0.PL_CLK_0_BUFG/O
    X0Y1 (CLOCK_ROOT)    net (fo=2383, routed)        1.890     2.106    mul_block_i/axi_smc/inst/m00_exit_pipeline/m00_exit/inst/xpm_cdc_async_rst_inst/dest_clk
    SLICE_X9Y116         FDCE                                         r  mul_block_i/axi_smc/inst/m00_exit_pipeline/m00_exit/inst/xpm_cdc_async_rst_inst/arststages_ff_reg[1]/C

Slack:                    inf
  Source:                 mul_block_i/axi_smc/inst/clk_map/psr_aclk/U0/ACTIVE_LOW_BSR_OUT_DFF[0].FDRE_BSR_N/C
                            (rising edge-triggered cell FDRE clocked by clk_pl_0  {rise@0.000ns fall@5.000ns period=10.000ns})
  Destination:            mul_block_i/axi_smc/inst/m00_exit_pipeline/m00_exit/inst/xpm_cdc_async_rst_inst/arststages_ff_reg[2]/CLR
                            (recovery check against rising-edge clock clk_pl_0  {rise@0.000ns fall@5.000ns period=10.000ns})
  Path Group:             (none)
  Path Type:              Recovery (Max at Slow Process Corner)
  Data Path Delay:        1.611ns  (logic 0.116ns (7.201%)  route 1.495ns (92.799%))
  Logic Levels:           0  
  Clock Path Skew:        -0.321ns (DCD - SCD + CPR)
    Destination Clock Delay (DCD):    2.106ns
    Source Clock Delay      (SCD):    2.427ns
    Clock Pessimism Removal (CPR):    0.000ns
  Clock Uncertainty:      0.160ns  ((TSJ^2 + DJ^2)^1/2) / 2 + PE
    Total System Jitter     (TSJ):    0.071ns
    Discrete Jitter          (DJ):    0.312ns
    Phase Error              (PE):    0.000ns
  Clock Net Delay (Source):      2.160ns (routing 1.045ns, distribution 1.115ns)
  Clock Net Delay (Destination): 1.890ns (routing 0.955ns, distribution 0.935ns)
  Timing Exception:       False Path

    Location             Delay type                Incr(ns)  Path(ns)    Netlist Resource(s)
  -------------------------------------------------------------------    -------------------
                         (clock clk_pl_0 rise edge)
                                                      0.000     0.000 r  
    PS8_X0Y0             PS8                          0.000     0.000 r  mul_block_i/zynq_ultra_ps_e_0/inst/PS8_i/PLCLK[0]
                         net (fo=1, routed)           0.229     0.229    mul_block_i/zynq_ultra_ps_e_0/inst/pl_clk_unbuffered[0]
    BUFG_PS_X0Y80        BUFG_PS (Prop_BUFG_PS_I_O)
                                                      0.038     0.267 r  mul_block_i/zynq_ultra_ps_e_0/inst/buffer_pl_clk_0.PL_CLK_0_BUFG/O
    X0Y1 (CLOCK_ROOT)    net (fo=2383, routed)        2.160     2.427    mul_block_i/axi_smc/inst/clk_map/psr_aclk/U0/aclk
    SLICE_X4Y121         FDRE                                         r  mul_block_i/axi_smc/inst/clk_map/psr_aclk/U0/ACTIVE_LOW_BSR_OUT_DFF[0].FDRE_BSR_N/C
  -------------------------------------------------------------------    -------------------
    SLICE_X4Y121         FDRE (Prop_DFF_SLICEM_C_Q)
                                                      0.116     2.543 r  mul_block_i/axi_smc/inst/clk_map/psr_aclk/U0/ACTIVE_LOW_BSR_OUT_DFF[0].FDRE_BSR_N/Q
                         net (fo=81, routed)          1.495     4.038    mul_block_i/axi_smc/inst/m00_exit_pipeline/m00_exit/inst/xpm_cdc_async_rst_inst/src_arst
    SLICE_X9Y116         FDCE                                         f  mul_block_i/axi_smc/inst/m00_exit_pipeline/m00_exit/inst/xpm_cdc_async_rst_inst/arststages_ff_reg[2]/CLR  (IS_INVERTED)
  -------------------------------------------------------------------    -------------------

                         (clock clk_pl_0 rise edge)
                                                      0.000     0.000 r  
    PS8_X0Y0             PS8                          0.000     0.000 r  mul_block_i/zynq_ultra_ps_e_0/inst/PS8_i/PLCLK[0]
                         net (fo=1, routed)           0.181     0.181    mul_block_i/zynq_ultra_ps_e_0/inst/pl_clk_unbuffered[0]
    BUFG_PS_X0Y80        BUFG_PS (Prop_BUFG_PS_I_O)
                                                      0.035     0.216 r  mul_block_i/zynq_ultra_ps_e_0/inst/buffer_pl_clk_0.PL_CLK_0_BUFG/O
    X0Y1 (CLOCK_ROOT)    net (fo=2383, routed)        1.890     2.106    mul_block_i/axi_smc/inst/m00_exit_pipeline/m00_exit/inst/xpm_cdc_async_rst_inst/dest_clk
    SLICE_X9Y116         FDCE                                         r  mul_block_i/axi_smc/inst/m00_exit_pipeline/m00_exit/inst/xpm_cdc_async_rst_inst/arststages_ff_reg[2]/C

Slack:                    inf
  Source:                 mul_block_i/axi_smc/inst/clk_map/psr_aclk/U0/ACTIVE_LOW_BSR_OUT_DFF[0].FDRE_BSR_N/C
                            (rising edge-triggered cell FDRE clocked by clk_pl_0  {rise@0.000ns fall@5.000ns period=10.000ns})
  Destination:            mul_block_i/axi_smc/inst/s01_nodes/s01_w_node/inst/s_sc_xpm_cdc_async_rst_inst/arststages_ff_reg[0]/CLR
                            (recovery check against rising-edge clock clk_pl_0  {rise@0.000ns fall@5.000ns period=10.000ns})
  Path Group:             (none)
  Path Type:              Recovery (Max at Slow Process Corner)
  Data Path Delay:        1.448ns  (logic 0.116ns (8.013%)  route 1.332ns (91.987%))
  Logic Levels:           0  
  Clock Path Skew:        -0.319ns (DCD - SCD + CPR)
    Destination Clock Delay (DCD):    2.108ns
    Source Clock Delay      (SCD):    2.427ns
    Clock Pessimism Removal (CPR):    0.000ns
  Clock Uncertainty:      0.160ns  ((TSJ^2 + DJ^2)^1/2) / 2 + PE
    Total System Jitter     (TSJ):    0.071ns
    Discrete Jitter          (DJ):    0.312ns
    Phase Error              (PE):    0.000ns
  Clock Net Delay (Source):      2.160ns (routing 1.045ns, distribution 1.115ns)
  Clock Net Delay (Destination): 1.892ns (routing 0.955ns, distribution 0.937ns)
  Timing Exception:       False Path

    Location             Delay type                Incr(ns)  Path(ns)    Netlist Resource(s)
  -------------------------------------------------------------------    -------------------
                         (clock clk_pl_0 rise edge)
                                                      0.000     0.000 r  
    PS8_X0Y0             PS8                          0.000     0.000 r  mul_block_i/zynq_ultra_ps_e_0/inst/PS8_i/PLCLK[0]
                         net (fo=1, routed)           0.229     0.229    mul_block_i/zynq_ultra_ps_e_0/inst/pl_clk_unbuffered[0]
    BUFG_PS_X0Y80        BUFG_PS (Prop_BUFG_PS_I_O)
                                                      0.038     0.267 r  mul_block_i/zynq_ultra_ps_e_0/inst/buffer_pl_clk_0.PL_CLK_0_BUFG/O
    X0Y1 (CLOCK_ROOT)    net (fo=2383, routed)        2.160     2.427    mul_block_i/axi_smc/inst/clk_map/psr_aclk/U0/aclk
    SLICE_X4Y121         FDRE                                         r  mul_block_i/axi_smc/inst/clk_map/psr_aclk/U0/ACTIVE_LOW_BSR_OUT_DFF[0].FDRE_BSR_N/C
  -------------------------------------------------------------------    -------------------
    SLICE_X4Y121         FDRE (Prop_DFF_SLICEM_C_Q)
                                                      0.116     2.543 r  mul_block_i/axi_smc/inst/clk_map/psr_aclk/U0/ACTIVE_LOW_BSR_OUT_DFF[0].FDRE_BSR_N/Q
                         net (fo=81, routed)          1.332     3.875    mul_block_i/axi_smc/inst/s01_nodes/s01_w_node/inst/s_sc_xpm_cdc_async_rst_inst/src_arst
    SLICE_X3Y113         FDCE                                         f  mul_block_i/axi_smc/inst/s01_nodes/s01_w_node/inst/s_sc_xpm_cdc_async_rst_inst/arststages_ff_reg[0]/CLR  (IS_INVERTED)
  -------------------------------------------------------------------    -------------------

                         (clock clk_pl_0 rise edge)
                                                      0.000     0.000 r  
    PS8_X0Y0             PS8                          0.000     0.000 r  mul_block_i/zynq_ultra_ps_e_0/inst/PS8_i/PLCLK[0]
                         net (fo=1, routed)           0.181     0.181    mul_block_i/zynq_ultra_ps_e_0/inst/pl_clk_unbuffered[0]
    BUFG_PS_X0Y80        BUFG_PS (Prop_BUFG_PS_I_O)
                                                      0.035     0.216 r  mul_block_i/zynq_ultra_ps_e_0/inst/buffer_pl_clk_0.PL_CLK_0_BUFG/O
    X0Y1 (CLOCK_ROOT)    net (fo=2383, routed)        1.892     2.108    mul_block_i/axi_smc/inst/s01_nodes/s01_w_node/inst/s_sc_xpm_cdc_async_rst_inst/dest_clk
    SLICE_X3Y113         FDCE                                         r  mul_block_i/axi_smc/inst/s01_nodes/s01_w_node/inst/s_sc_xpm_cdc_async_rst_inst/arststages_ff_reg[0]/C

Slack:                    inf
  Source:                 mul_block_i/axi_smc/inst/clk_map/psr_aclk/U0/ACTIVE_LOW_BSR_OUT_DFF[0].FDRE_BSR_N/C
                            (rising edge-triggered cell FDRE clocked by clk_pl_0  {rise@0.000ns fall@5.000ns period=10.000ns})
  Destination:            mul_block_i/axi_smc/inst/s01_nodes/s01_w_node/inst/s_sc_xpm_cdc_async_rst_inst/arststages_ff_reg[1]/CLR
                            (recovery check against rising-edge clock clk_pl_0  {rise@0.000ns fall@5.000ns period=10.000ns})
  Path Group:             (none)
  Path Type:              Recovery (Max at Slow Process Corner)
  Data Path Delay:        1.448ns  (logic 0.116ns (8.013%)  route 1.332ns (91.987%))
  Logic Levels:           0  
  Clock Path Skew:        -0.319ns (DCD - SCD + CPR)
    Destination Clock Delay (DCD):    2.108ns
    Source Clock Delay      (SCD):    2.427ns
    Clock Pessimism Removal (CPR):    0.000ns
  Clock Uncertainty:      0.160ns  ((TSJ^2 + DJ^2)^1/2) / 2 + PE
    Total System Jitter     (TSJ):    0.071ns
    Discrete Jitter          (DJ):    0.312ns
    Phase Error              (PE):    0.000ns
  Clock Net Delay (Source):      2.160ns (routing 1.045ns, distribution 1.115ns)
  Clock Net Delay (Destination): 1.892ns (routing 0.955ns, distribution 0.937ns)
  Timing Exception:       False Path

    Location             Delay type                Incr(ns)  Path(ns)    Netlist Resource(s)
  -------------------------------------------------------------------    -------------------
                         (clock clk_pl_0 rise edge)
                                                      0.000     0.000 r  
    PS8_X0Y0             PS8                          0.000     0.000 r  mul_block_i/zynq_ultra_ps_e_0/inst/PS8_i/PLCLK[0]
                         net (fo=1, routed)           0.229     0.229    mul_block_i/zynq_ultra_ps_e_0/inst/pl_clk_unbuffered[0]
    BUFG_PS_X0Y80        BUFG_PS (Prop_BUFG_PS_I_O)
                                                      0.038     0.267 r  mul_block_i/zynq_ultra_ps_e_0/inst/buffer_pl_clk_0.PL_CLK_0_BUFG/O
    X0Y1 (CLOCK_ROOT)    net (fo=2383, routed)        2.160     2.427    mul_block_i/axi_smc/inst/clk_map/psr_aclk/U0/aclk
    SLICE_X4Y121         FDRE                                         r  mul_block_i/axi_smc/inst/clk_map/psr_aclk/U0/ACTIVE_LOW_BSR_OUT_DFF[0].FDRE_BSR_N/C
  -------------------------------------------------------------------    -------------------
    SLICE_X4Y121         FDRE (Prop_DFF_SLICEM_C_Q)
                                                      0.116     2.543 r  mul_block_i/axi_smc/inst/clk_map/psr_aclk/U0/ACTIVE_LOW_BSR_OUT_DFF[0].FDRE_BSR_N/Q
                         net (fo=81, routed)          1.332     3.875    mul_block_i/axi_smc/inst/s01_nodes/s01_w_node/inst/s_sc_xpm_cdc_async_rst_inst/src_arst
    SLICE_X3Y113         FDCE                                         f  mul_block_i/axi_smc/inst/s01_nodes/s01_w_node/inst/s_sc_xpm_cdc_async_rst_inst/arststages_ff_reg[1]/CLR  (IS_INVERTED)
  -------------------------------------------------------------------    -------------------

                         (clock clk_pl_0 rise edge)
                                                      0.000     0.000 r  
    PS8_X0Y0             PS8                          0.000     0.000 r  mul_block_i/zynq_ultra_ps_e_0/inst/PS8_i/PLCLK[0]
                         net (fo=1, routed)           0.181     0.181    mul_block_i/zynq_ultra_ps_e_0/inst/pl_clk_unbuffered[0]
    BUFG_PS_X0Y80        BUFG_PS (Prop_BUFG_PS_I_O)
                                                      0.035     0.216 r  mul_block_i/zynq_ultra_ps_e_0/inst/buffer_pl_clk_0.PL_CLK_0_BUFG/O
    X0Y1 (CLOCK_ROOT)    net (fo=2383, routed)        1.892     2.108    mul_block_i/axi_smc/inst/s01_nodes/s01_w_node/inst/s_sc_xpm_cdc_async_rst_inst/dest_clk
    SLICE_X3Y113         FDCE                                         r  mul_block_i/axi_smc/inst/s01_nodes/s01_w_node/inst/s_sc_xpm_cdc_async_rst_inst/arststages_ff_reg[1]/C

Slack:                    inf
  Source:                 mul_block_i/axi_smc/inst/clk_map/psr_aclk/U0/ACTIVE_LOW_BSR_OUT_DFF[0].FDRE_BSR_N/C
                            (rising edge-triggered cell FDRE clocked by clk_pl_0  {rise@0.000ns fall@5.000ns period=10.000ns})
  Destination:            mul_block_i/axi_smc/inst/s01_nodes/s01_w_node/inst/s_sc_xpm_cdc_async_rst_inst/arststages_ff_reg[2]/CLR
                            (recovery check against rising-edge clock clk_pl_0  {rise@0.000ns fall@5.000ns period=10.000ns})
  Path Group:             (none)
  Path Type:              Recovery (Max at Slow Process Corner)
  Data Path Delay:        1.448ns  (logic 0.116ns (8.013%)  route 1.332ns (91.987%))
  Logic Levels:           0  
  Clock Path Skew:        -0.319ns (DCD - SCD + CPR)
    Destination Clock Delay (DCD):    2.108ns
    Source Clock Delay      (SCD):    2.427ns
    Clock Pessimism Removal (CPR):    0.000ns
  Clock Uncertainty:      0.160ns  ((TSJ^2 + DJ^2)^1/2) / 2 + PE
    Total System Jitter     (TSJ):    0.071ns
    Discrete Jitter          (DJ):    0.312ns
    Phase Error              (PE):    0.000ns
  Clock Net Delay (Source):      2.160ns (routing 1.045ns, distribution 1.115ns)
  Clock Net Delay (Destination): 1.892ns (routing 0.955ns, distribution 0.937ns)
  Timing Exception:       False Path

    Location             Delay type                Incr(ns)  Path(ns)    Netlist Resource(s)
  -------------------------------------------------------------------    -------------------
                         (clock clk_pl_0 rise edge)
                                                      0.000     0.000 r  
    PS8_X0Y0             PS8                          0.000     0.000 r  mul_block_i/zynq_ultra_ps_e_0/inst/PS8_i/PLCLK[0]
                         net (fo=1, routed)           0.229     0.229    mul_block_i/zynq_ultra_ps_e_0/inst/pl_clk_unbuffered[0]
    BUFG_PS_X0Y80        BUFG_PS (Prop_BUFG_PS_I_O)
                                                      0.038     0.267 r  mul_block_i/zynq_ultra_ps_e_0/inst/buffer_pl_clk_0.PL_CLK_0_BUFG/O
    X0Y1 (CLOCK_ROOT)    net (fo=2383, routed)        2.160     2.427    mul_block_i/axi_smc/inst/clk_map/psr_aclk/U0/aclk
    SLICE_X4Y121         FDRE                                         r  mul_block_i/axi_smc/inst/clk_map/psr_aclk/U0/ACTIVE_LOW_BSR_OUT_DFF[0].FDRE_BSR_N/C
  -------------------------------------------------------------------    -------------------
    SLICE_X4Y121         FDRE (Prop_DFF_SLICEM_C_Q)
                                                      0.116     2.543 r  mul_block_i/axi_smc/inst/clk_map/psr_aclk/U0/ACTIVE_LOW_BSR_OUT_DFF[0].FDRE_BSR_N/Q
                         net (fo=81, routed)          1.332     3.875    mul_block_i/axi_smc/inst/s01_nodes/s01_w_node/inst/s_sc_xpm_cdc_async_rst_inst/src_arst
    SLICE_X3Y113         FDCE                                         f  mul_block_i/axi_smc/inst/s01_nodes/s01_w_node/inst/s_sc_xpm_cdc_async_rst_inst/arststages_ff_reg[2]/CLR  (IS_INVERTED)
  -------------------------------------------------------------------    -------------------

                         (clock clk_pl_0 rise edge)
                                                      0.000     0.000 r  
    PS8_X0Y0             PS8                          0.000     0.000 r  mul_block_i/zynq_ultra_ps_e_0/inst/PS8_i/PLCLK[0]
                         net (fo=1, routed)           0.181     0.181    mul_block_i/zynq_ultra_ps_e_0/inst/pl_clk_unbuffered[0]
    BUFG_PS_X0Y80        BUFG_PS (Prop_BUFG_PS_I_O)
                                                      0.035     0.216 r  mul_block_i/zynq_ultra_ps_e_0/inst/buffer_pl_clk_0.PL_CLK_0_BUFG/O
    X0Y1 (CLOCK_ROOT)    net (fo=2383, routed)        1.892     2.108    mul_block_i/axi_smc/inst/s01_nodes/s01_w_node/inst/s_sc_xpm_cdc_async_rst_inst/dest_clk
    SLICE_X3Y113         FDCE                                         r  mul_block_i/axi_smc/inst/s01_nodes/s01_w_node/inst/s_sc_xpm_cdc_async_rst_inst/arststages_ff_reg[2]/C

Slack:                    inf
  Source:                 mul_block_i/rst_ps8_0_99M/U0/ACTIVE_LOW_PR_OUT_DFF[0].FDRE_PER_N/C
                            (rising edge-triggered cell FDRE clocked by clk_pl_0  {rise@0.000ns fall@5.000ns period=10.000ns})
  Destination:            mul_block_i/axi_smc/inst/clk_map/psr_aclk/U0/EXT_LPF/ACTIVE_LOW_AUX.ACT_LO_AUX/syncstages_ff_reg[0]/D
                            (rising edge-triggered cell FDRE clocked by clk_pl_0  {rise@0.000ns fall@5.000ns period=10.000ns})
  Path Group:             (none)
  Path Type:              Setup (Max at Slow Process Corner)
  Data Path Delay:        1.466ns  (logic 0.254ns (17.322%)  route 1.212ns (82.678%))
  Logic Levels:           1  (LUT1=1)
  Clock Path Skew:        -0.271ns (DCD - SCD + CPR)
    Destination Clock Delay (DCD):    2.112ns
    Source Clock Delay      (SCD):    2.384ns
    Clock Pessimism Removal (CPR):    0.000ns
  Clock Uncertainty:      0.160ns  ((TSJ^2 + DJ^2)^1/2) / 2 + PE
    Total System Jitter     (TSJ):    0.071ns
    Discrete Jitter          (DJ):    0.312ns
    Phase Error              (PE):    0.000ns
  Clock Net Delay (Source):      2.117ns (routing 1.045ns, distribution 1.072ns)
  Clock Net Delay (Destination): 1.896ns (routing 0.955ns, distribution 0.941ns)
  Timing Exception:       False Path

    Location             Delay type                Incr(ns)  Path(ns)    Netlist Resource(s)
  -------------------------------------------------------------------    -------------------
                         (clock clk_pl_0 rise edge)
                                                      0.000     0.000 r  
    PS8_X0Y0             PS8                          0.000     0.000 r  mul_block_i/zynq_ultra_ps_e_0/inst/PS8_i/PLCLK[0]
                         net (fo=1, routed)           0.229     0.229    mul_block_i/zynq_ultra_ps_e_0/inst/pl_clk_unbuffered[0]
    BUFG_PS_X0Y80        BUFG_PS (Prop_BUFG_PS_I_O)
                                                      0.038     0.267 r  mul_block_i/zynq_ultra_ps_e_0/inst/buffer_pl_clk_0.PL_CLK_0_BUFG/O
    X0Y1 (CLOCK_ROOT)    net (fo=2383, routed)        2.117     2.384    mul_block_i/rst_ps8_0_99M/U0/slowest_sync_clk
    SLICE_X5Y117         FDRE                                         r  mul_block_i/rst_ps8_0_99M/U0/ACTIVE_LOW_PR_OUT_DFF[0].FDRE_PER_N/C
  -------------------------------------------------------------------    -------------------
    SLICE_X5Y117         FDRE (Prop_DFF_SLICEM_C_Q)
                                                      0.116     2.500 f  mul_block_i/rst_ps8_0_99M/U0/ACTIVE_LOW_PR_OUT_DFF[0].FDRE_PER_N/Q
                         net (fo=13, routed)          0.617     3.117    mul_block_i/axi_smc/inst/clk_map/psr_aclk/U0/EXT_LPF/aresetn
    SLICE_X1Y126         LUT1 (Prop_A5LUT_SLICEM_I0_O)
                                                      0.138     3.255 r  mul_block_i/axi_smc/inst/clk_map/psr_aclk/U0/EXT_LPF/ACTIVE_LOW_AUX.ACT_LO_AUX_i_1/O
                         net (fo=1, routed)           0.595     3.850    mul_block_i/axi_smc/inst/clk_map/psr_aclk/U0/EXT_LPF/ACTIVE_LOW_AUX.ACT_LO_AUX/src_in
    SLICE_X5Y116         FDRE                                         r  mul_block_i/axi_smc/inst/clk_map/psr_aclk/U0/EXT_LPF/ACTIVE_LOW_AUX.ACT_LO_AUX/syncstages_ff_reg[0]/D
  -------------------------------------------------------------------    -------------------

                         (clock clk_pl_0 rise edge)
                                                      0.000     0.000 r  
    PS8_X0Y0             PS8                          0.000     0.000 r  mul_block_i/zynq_ultra_ps_e_0/inst/PS8_i/PLCLK[0]
                         net (fo=1, routed)           0.181     0.181    mul_block_i/zynq_ultra_ps_e_0/inst/pl_clk_unbuffered[0]
    BUFG_PS_X0Y80        BUFG_PS (Prop_BUFG_PS_I_O)
                                                      0.035     0.216 r  mul_block_i/zynq_ultra_ps_e_0/inst/buffer_pl_clk_0.PL_CLK_0_BUFG/O
    X0Y1 (CLOCK_ROOT)    net (fo=2383, routed)        1.896     2.112    mul_block_i/axi_smc/inst/clk_map/psr_aclk/U0/EXT_LPF/ACTIVE_LOW_AUX.ACT_LO_AUX/dest_clk
    SLICE_X5Y116         FDRE                                         r  mul_block_i/axi_smc/inst/clk_map/psr_aclk/U0/EXT_LPF/ACTIVE_LOW_AUX.ACT_LO_AUX/syncstages_ff_reg[0]/C





Min Delay Paths
--------------------------------------------------------------------------------------
Slack:                    inf
  Source:                 mul_block_i/mul_pu_0/inst/u_path/res_reg[7]/C
                            (rising edge-triggered cell FDCE clocked by clk_pl_0  {rise@0.000ns fall@5.000ns period=10.000ns})
  Destination:            mul_block_i/axi_gpio_0/U0/gpio_core_1/Dual.INPUT_DOUBLE_REGS5/syncstages_ff_reg[0][7]/D
                            (rising edge-triggered cell FDRE clocked by clk_pl_0  {rise@0.000ns fall@5.000ns period=10.000ns})
  Path Group:             (none)
  Path Type:              Hold (Min at Fast Process Corner)
  Data Path Delay:        0.158ns  (logic 0.082ns (51.899%)  route 0.076ns (48.101%))
  Logic Levels:           0  
  Clock Path Skew:        0.141ns (DCD - SCD - CPR)
    Destination Clock Delay (DCD):    1.469ns
    Source Clock Delay      (SCD):    1.329ns
    Clock Pessimism Removal (CPR):    -0.000ns
  Clock Uncertainty:      0.160ns  ((TSJ^2 + DJ^2)^1/2) / 2 + PE
    Total System Jitter     (TSJ):    0.071ns
    Discrete Jitter          (DJ):    0.312ns
    Phase Error              (PE):    0.000ns
  Clock Net Delay (Source):      1.178ns (routing 0.572ns, distribution 0.606ns)
  Clock Net Delay (Destination): 1.282ns (routing 0.623ns, distribution 0.659ns)
  Timing Exception:       False Path

    Location             Delay type                Incr(ns)  Path(ns)    Netlist Resource(s)
  -------------------------------------------------------------------    -------------------
                         (clock clk_pl_0 rise edge)
                                                      0.000     0.000 r  
    PS8_X0Y0             PS8                          0.000     0.000 r  mul_block_i/zynq_ultra_ps_e_0/inst/PS8_i/PLCLK[0]
                         net (fo=1, routed)           0.129     0.129    mul_block_i/zynq_ultra_ps_e_0/inst/pl_clk_unbuffered[0]
    BUFG_PS_X0Y80        BUFG_PS (Prop_BUFG_PS_I_O)
                                                      0.022     0.151 r  mul_block_i/zynq_ultra_ps_e_0/inst/buffer_pl_clk_0.PL_CLK_0_BUFG/O
    X0Y1 (CLOCK_ROOT)    net (fo=2383, routed)        1.178     1.329    mul_block_i/mul_pu_0/inst/u_path/clk
    SLICE_X1Y129         FDCE                                         r  mul_block_i/mul_pu_0/inst/u_path/res_reg[7]/C
  -------------------------------------------------------------------    -------------------
    SLICE_X1Y129         FDCE (Prop_AFF_SLICEM_C_Q)
                                                      0.082     1.411 r  mul_block_i/mul_pu_0/inst/u_path/res_reg[7]/Q
                         net (fo=1, routed)           0.076     1.487    mul_block_i/axi_gpio_0/U0/gpio_core_1/Dual.INPUT_DOUBLE_REGS5/async_path_bit[7]
    SLICE_X0Y130         FDRE                                         r  mul_block_i/axi_gpio_0/U0/gpio_core_1/Dual.INPUT_DOUBLE_REGS5/syncstages_ff_reg[0][7]/D
  -------------------------------------------------------------------    -------------------

                         (clock clk_pl_0 rise edge)
                                                      0.000     0.000 r  
    PS8_X0Y0             PS8                          0.000     0.000 r  mul_block_i/zynq_ultra_ps_e_0/inst/PS8_i/PLCLK[0]
                         net (fo=1, routed)           0.164     0.164    mul_block_i/zynq_ultra_ps_e_0/inst/pl_clk_unbuffered[0]
    BUFG_PS_X0Y80        BUFG_PS (Prop_BUFG_PS_I_O)
                                                      0.023     0.187 r  mul_block_i/zynq_ultra_ps_e_0/inst/buffer_pl_clk_0.PL_CLK_0_BUFG/O
    X0Y1 (CLOCK_ROOT)    net (fo=2383, routed)        1.282     1.469    mul_block_i/axi_gpio_0/U0/gpio_core_1/Dual.INPUT_DOUBLE_REGS5/dest_clk
    SLICE_X0Y130         FDRE                                         r  mul_block_i/axi_gpio_0/U0/gpio_core_1/Dual.INPUT_DOUBLE_REGS5/syncstages_ff_reg[0][7]/C

Slack:                    inf
  Source:                 mul_block_i/mul_pu_0/inst/u_path/res_reg[3]/C
                            (rising edge-triggered cell FDCE clocked by clk_pl_0  {rise@0.000ns fall@5.000ns period=10.000ns})
  Destination:            mul_block_i/axi_gpio_0/U0/gpio_core_1/Dual.INPUT_DOUBLE_REGS5/syncstages_ff_reg[0][3]/D
                            (rising edge-triggered cell FDRE clocked by clk_pl_0  {rise@0.000ns fall@5.000ns period=10.000ns})
  Path Group:             (none)
  Path Type:              Hold (Min at Fast Process Corner)
  Data Path Delay:        0.161ns  (logic 0.083ns (51.553%)  route 0.078ns (48.447%))
  Logic Levels:           0  
  Clock Path Skew:        0.152ns (DCD - SCD - CPR)
    Destination Clock Delay (DCD):    1.480ns
    Source Clock Delay      (SCD):    1.328ns
    Clock Pessimism Removal (CPR):    -0.000ns
  Clock Uncertainty:      0.160ns  ((TSJ^2 + DJ^2)^1/2) / 2 + PE
    Total System Jitter     (TSJ):    0.071ns
    Discrete Jitter          (DJ):    0.312ns
    Phase Error              (PE):    0.000ns
  Clock Net Delay (Source):      1.177ns (routing 0.572ns, distribution 0.605ns)
  Clock Net Delay (Destination): 1.293ns (routing 0.623ns, distribution 0.670ns)
  Timing Exception:       False Path

    Location             Delay type                Incr(ns)  Path(ns)    Netlist Resource(s)
  -------------------------------------------------------------------    -------------------
                         (clock clk_pl_0 rise edge)
                                                      0.000     0.000 r  
    PS8_X0Y0             PS8                          0.000     0.000 r  mul_block_i/zynq_ultra_ps_e_0/inst/PS8_i/PLCLK[0]
                         net (fo=1, routed)           0.129     0.129    mul_block_i/zynq_ultra_ps_e_0/inst/pl_clk_unbuffered[0]
    BUFG_PS_X0Y80        BUFG_PS (Prop_BUFG_PS_I_O)
                                                      0.022     0.151 r  mul_block_i/zynq_ultra_ps_e_0/inst/buffer_pl_clk_0.PL_CLK_0_BUFG/O
    X0Y1 (CLOCK_ROOT)    net (fo=2383, routed)        1.177     1.328    mul_block_i/mul_pu_0/inst/u_path/clk
    SLICE_X1Y128         FDCE                                         r  mul_block_i/mul_pu_0/inst/u_path/res_reg[3]/C
  -------------------------------------------------------------------    -------------------
    SLICE_X1Y128         FDCE (Prop_GFF_SLICEM_C_Q)
                                                      0.083     1.411 r  mul_block_i/mul_pu_0/inst/u_path/res_reg[3]/Q
                         net (fo=1, routed)           0.078     1.489    mul_block_i/axi_gpio_0/U0/gpio_core_1/Dual.INPUT_DOUBLE_REGS5/async_path_bit[3]
    SLICE_X3Y128         FDRE                                         r  mul_block_i/axi_gpio_0/U0/gpio_core_1/Dual.INPUT_DOUBLE_REGS5/syncstages_ff_reg[0][3]/D
  -------------------------------------------------------------------    -------------------

                         (clock clk_pl_0 rise edge)
                                                      0.000     0.000 r  
    PS8_X0Y0             PS8                          0.000     0.000 r  mul_block_i/zynq_ultra_ps_e_0/inst/PS8_i/PLCLK[0]
                         net (fo=1, routed)           0.164     0.164    mul_block_i/zynq_ultra_ps_e_0/inst/pl_clk_unbuffered[0]
    BUFG_PS_X0Y80        BUFG_PS (Prop_BUFG_PS_I_O)
                                                      0.023     0.187 r  mul_block_i/zynq_ultra_ps_e_0/inst/buffer_pl_clk_0.PL_CLK_0_BUFG/O
    X0Y1 (CLOCK_ROOT)    net (fo=2383, routed)        1.293     1.480    mul_block_i/axi_gpio_0/U0/gpio_core_1/Dual.INPUT_DOUBLE_REGS5/dest_clk
    SLICE_X3Y128         FDRE                                         r  mul_block_i/axi_gpio_0/U0/gpio_core_1/Dual.INPUT_DOUBLE_REGS5/syncstages_ff_reg[0][3]/C

Slack:                    inf
  Source:                 mul_block_i/mul_pu_0/inst/u_path/res_reg[5]/C
                            (rising edge-triggered cell FDCE clocked by clk_pl_0  {rise@0.000ns fall@5.000ns period=10.000ns})
  Destination:            mul_block_i/axi_gpio_0/U0/gpio_core_1/Dual.INPUT_DOUBLE_REGS5/syncstages_ff_reg[0][5]/D
                            (rising edge-triggered cell FDRE clocked by clk_pl_0  {rise@0.000ns fall@5.000ns period=10.000ns})
  Path Group:             (none)
  Path Type:              Hold (Min at Fast Process Corner)
  Data Path Delay:        0.166ns  (logic 0.084ns (50.602%)  route 0.082ns (49.398%))
  Logic Levels:           0  
  Clock Path Skew:        0.154ns (DCD - SCD - CPR)
    Destination Clock Delay (DCD):    1.480ns
    Source Clock Delay      (SCD):    1.326ns
    Clock Pessimism Removal (CPR):    -0.000ns
  Clock Uncertainty:      0.160ns  ((TSJ^2 + DJ^2)^1/2) / 2 + PE
    Total System Jitter     (TSJ):    0.071ns
    Discrete Jitter          (DJ):    0.312ns
    Phase Error              (PE):    0.000ns
  Clock Net Delay (Source):      1.175ns (routing 0.572ns, distribution 0.603ns)
  Clock Net Delay (Destination): 1.293ns (routing 0.623ns, distribution 0.670ns)
  Timing Exception:       False Path

    Location             Delay type                Incr(ns)  Path(ns)    Netlist Resource(s)
  -------------------------------------------------------------------    -------------------
                         (clock clk_pl_0 rise edge)
                                                      0.000     0.000 r  
    PS8_X0Y0             PS8                          0.000     0.000 r  mul_block_i/zynq_ultra_ps_e_0/inst/PS8_i/PLCLK[0]
                         net (fo=1, routed)           0.129     0.129    mul_block_i/zynq_ultra_ps_e_0/inst/pl_clk_unbuffered[0]
    BUFG_PS_X0Y80        BUFG_PS (Prop_BUFG_PS_I_O)
                                                      0.022     0.151 r  mul_block_i/zynq_ultra_ps_e_0/inst/buffer_pl_clk_0.PL_CLK_0_BUFG/O
    X0Y1 (CLOCK_ROOT)    net (fo=2383, routed)        1.175     1.326    mul_block_i/mul_pu_0/inst/u_path/clk
    SLICE_X0Y127         FDCE                                         r  mul_block_i/mul_pu_0/inst/u_path/res_reg[5]/C
  -------------------------------------------------------------------    -------------------
    SLICE_X0Y127         FDCE (Prop_GFF_SLICEL_C_Q)
                                                      0.084     1.410 r  mul_block_i/mul_pu_0/inst/u_path/res_reg[5]/Q
                         net (fo=1, routed)           0.082     1.492    mul_block_i/axi_gpio_0/U0/gpio_core_1/Dual.INPUT_DOUBLE_REGS5/async_path_bit[5]
    SLICE_X3Y127         FDRE                                         r  mul_block_i/axi_gpio_0/U0/gpio_core_1/Dual.INPUT_DOUBLE_REGS5/syncstages_ff_reg[0][5]/D
  -------------------------------------------------------------------    -------------------

                         (clock clk_pl_0 rise edge)
                                                      0.000     0.000 r  
    PS8_X0Y0             PS8                          0.000     0.000 r  mul_block_i/zynq_ultra_ps_e_0/inst/PS8_i/PLCLK[0]
                         net (fo=1, routed)           0.164     0.164    mul_block_i/zynq_ultra_ps_e_0/inst/pl_clk_unbuffered[0]
    BUFG_PS_X0Y80        BUFG_PS (Prop_BUFG_PS_I_O)
                                                      0.023     0.187 r  mul_block_i/zynq_ultra_ps_e_0/inst/buffer_pl_clk_0.PL_CLK_0_BUFG/O
    X0Y1 (CLOCK_ROOT)    net (fo=2383, routed)        1.293     1.480    mul_block_i/axi_gpio_0/U0/gpio_core_1/Dual.INPUT_DOUBLE_REGS5/dest_clk
    SLICE_X3Y127         FDRE                                         r  mul_block_i/axi_gpio_0/U0/gpio_core_1/Dual.INPUT_DOUBLE_REGS5/syncstages_ff_reg[0][5]/C

Slack:                    inf
  Source:                 mul_block_i/mul_pu_0/inst/u_path/res_reg[4]/C
                            (rising edge-triggered cell FDCE clocked by clk_pl_0  {rise@0.000ns fall@5.000ns period=10.000ns})
  Destination:            mul_block_i/axi_gpio_0/U0/gpio_core_1/Dual.INPUT_DOUBLE_REGS5/syncstages_ff_reg[0][4]/D
                            (rising edge-triggered cell FDRE clocked by clk_pl_0  {rise@0.000ns fall@5.000ns period=10.000ns})
  Path Group:             (none)
  Path Type:              Hold (Min at Fast Process Corner)
  Data Path Delay:        0.168ns  (logic 0.084ns (50.000%)  route 0.084ns (50.000%))
  Logic Levels:           0  
  Clock Path Skew:        0.146ns (DCD - SCD - CPR)
    Destination Clock Delay (DCD):    1.470ns
    Source Clock Delay      (SCD):    1.325ns
    Clock Pessimism Removal (CPR):    -0.000ns
  Clock Uncertainty:      0.160ns  ((TSJ^2 + DJ^2)^1/2) / 2 + PE
    Total System Jitter     (TSJ):    0.071ns
    Discrete Jitter          (DJ):    0.312ns
    Phase Error              (PE):    0.000ns
  Clock Net Delay (Source):      1.174ns (routing 0.572ns, distribution 0.602ns)
  Clock Net Delay (Destination): 1.283ns (routing 0.623ns, distribution 0.660ns)
  Timing Exception:       False Path

    Location             Delay type                Incr(ns)  Path(ns)    Netlist Resource(s)
  -------------------------------------------------------------------    -------------------
                         (clock clk_pl_0 rise edge)
                                                      0.000     0.000 r  
    PS8_X0Y0             PS8                          0.000     0.000 r  mul_block_i/zynq_ultra_ps_e_0/inst/PS8_i/PLCLK[0]
                         net (fo=1, routed)           0.129     0.129    mul_block_i/zynq_ultra_ps_e_0/inst/pl_clk_unbuffered[0]
    BUFG_PS_X0Y80        BUFG_PS (Prop_BUFG_PS_I_O)
                                                      0.022     0.151 r  mul_block_i/zynq_ultra_ps_e_0/inst/buffer_pl_clk_0.PL_CLK_0_BUFG/O
    X0Y1 (CLOCK_ROOT)    net (fo=2383, routed)        1.174     1.325    mul_block_i/mul_pu_0/inst/u_path/clk
    SLICE_X0Y125         FDCE                                         r  mul_block_i/mul_pu_0/inst/u_path/res_reg[4]/C
  -------------------------------------------------------------------    -------------------
    SLICE_X0Y125         FDCE (Prop_CFF_SLICEL_C_Q)
                                                      0.084     1.409 r  mul_block_i/mul_pu_0/inst/u_path/res_reg[4]/Q
                         net (fo=1, routed)           0.084     1.493    mul_block_i/axi_gpio_0/U0/gpio_core_1/Dual.INPUT_DOUBLE_REGS5/async_path_bit[4]
    SLICE_X0Y126         FDRE                                         r  mul_block_i/axi_gpio_0/U0/gpio_core_1/Dual.INPUT_DOUBLE_REGS5/syncstages_ff_reg[0][4]/D
  -------------------------------------------------------------------    -------------------

                         (clock clk_pl_0 rise edge)
                                                      0.000     0.000 r  
    PS8_X0Y0             PS8                          0.000     0.000 r  mul_block_i/zynq_ultra_ps_e_0/inst/PS8_i/PLCLK[0]
                         net (fo=1, routed)           0.164     0.164    mul_block_i/zynq_ultra_ps_e_0/inst/pl_clk_unbuffered[0]
    BUFG_PS_X0Y80        BUFG_PS (Prop_BUFG_PS_I_O)
                                                      0.023     0.187 r  mul_block_i/zynq_ultra_ps_e_0/inst/buffer_pl_clk_0.PL_CLK_0_BUFG/O
    X0Y1 (CLOCK_ROOT)    net (fo=2383, routed)        1.283     1.470    mul_block_i/axi_gpio_0/U0/gpio_core_1/Dual.INPUT_DOUBLE_REGS5/dest_clk
    SLICE_X0Y126         FDRE                                         r  mul_block_i/axi_gpio_0/U0/gpio_core_1/Dual.INPUT_DOUBLE_REGS5/syncstages_ff_reg[0][4]/C

Slack:                    inf
  Source:                 mul_block_i/mul_pu_0/inst/u_path/res_reg[1]/C
                            (rising edge-triggered cell FDCE clocked by clk_pl_0  {rise@0.000ns fall@5.000ns period=10.000ns})
  Destination:            mul_block_i/axi_gpio_0/U0/gpio_core_1/Dual.INPUT_DOUBLE_REGS5/syncstages_ff_reg[0][1]/D
                            (rising edge-triggered cell FDRE clocked by clk_pl_0  {rise@0.000ns fall@5.000ns period=10.000ns})
  Path Group:             (none)
  Path Type:              Hold (Min at Fast Process Corner)
  Data Path Delay:        0.177ns  (logic 0.084ns (47.458%)  route 0.093ns (52.542%))
  Logic Levels:           0  
  Clock Path Skew:        0.161ns (DCD - SCD - CPR)
    Destination Clock Delay (DCD):    1.489ns
    Source Clock Delay      (SCD):    1.328ns
    Clock Pessimism Removal (CPR):    -0.000ns
  Clock Uncertainty:      0.160ns  ((TSJ^2 + DJ^2)^1/2) / 2 + PE
    Total System Jitter     (TSJ):    0.071ns
    Discrete Jitter          (DJ):    0.312ns
    Phase Error              (PE):    0.000ns
  Clock Net Delay (Source):      1.177ns (routing 0.572ns, distribution 0.605ns)
  Clock Net Delay (Destination): 1.302ns (routing 0.623ns, distribution 0.679ns)
  Timing Exception:       False Path

    Location             Delay type                Incr(ns)  Path(ns)    Netlist Resource(s)
  -------------------------------------------------------------------    -------------------
                         (clock clk_pl_0 rise edge)
                                                      0.000     0.000 r  
    PS8_X0Y0             PS8                          0.000     0.000 r  mul_block_i/zynq_ultra_ps_e_0/inst/PS8_i/PLCLK[0]
                         net (fo=1, routed)           0.129     0.129    mul_block_i/zynq_ultra_ps_e_0/inst/pl_clk_unbuffered[0]
    BUFG_PS_X0Y80        BUFG_PS (Prop_BUFG_PS_I_O)
                                                      0.022     0.151 r  mul_block_i/zynq_ultra_ps_e_0/inst/buffer_pl_clk_0.PL_CLK_0_BUFG/O
    X0Y1 (CLOCK_ROOT)    net (fo=2383, routed)        1.177     1.328    mul_block_i/mul_pu_0/inst/u_path/clk
    SLICE_X1Y129         FDCE                                         r  mul_block_i/mul_pu_0/inst/u_path/res_reg[1]/C
  -------------------------------------------------------------------    -------------------
    SLICE_X1Y129         FDCE (Prop_EFF2_SLICEM_C_Q)
                                                      0.084     1.412 r  mul_block_i/mul_pu_0/inst/u_path/res_reg[1]/Q
                         net (fo=1, routed)           0.093     1.505    mul_block_i/axi_gpio_0/U0/gpio_core_1/Dual.INPUT_DOUBLE_REGS5/async_path_bit[1]
    SLICE_X2Y127         FDRE                                         r  mul_block_i/axi_gpio_0/U0/gpio_core_1/Dual.INPUT_DOUBLE_REGS5/syncstages_ff_reg[0][1]/D
  -------------------------------------------------------------------    -------------------

                         (clock clk_pl_0 rise edge)
                                                      0.000     0.000 r  
    PS8_X0Y0             PS8                          0.000     0.000 r  mul_block_i/zynq_ultra_ps_e_0/inst/PS8_i/PLCLK[0]
                         net (fo=1, routed)           0.164     0.164    mul_block_i/zynq_ultra_ps_e_0/inst/pl_clk_unbuffered[0]
    BUFG_PS_X0Y80        BUFG_PS (Prop_BUFG_PS_I_O)
                                                      0.023     0.187 r  mul_block_i/zynq_ultra_ps_e_0/inst/buffer_pl_clk_0.PL_CLK_0_BUFG/O
    X0Y1 (CLOCK_ROOT)    net (fo=2383, routed)        1.302     1.489    mul_block_i/axi_gpio_0/U0/gpio_core_1/Dual.INPUT_DOUBLE_REGS5/dest_clk
    SLICE_X2Y127         FDRE                                         r  mul_block_i/axi_gpio_0/U0/gpio_core_1/Dual.INPUT_DOUBLE_REGS5/syncstages_ff_reg[0][1]/C

Slack:                    inf
  Source:                 mul_block_i/mul_pu_0/inst/u_path/res_reg[0]/C
                            (rising edge-triggered cell FDCE clocked by clk_pl_0  {rise@0.000ns fall@5.000ns period=10.000ns})
  Destination:            mul_block_i/axi_gpio_0/U0/gpio_core_1/Dual.INPUT_DOUBLE_REGS5/syncstages_ff_reg[0][0]/D
                            (rising edge-triggered cell FDRE clocked by clk_pl_0  {rise@0.000ns fall@5.000ns period=10.000ns})
  Path Group:             (none)
  Path Type:              Hold (Min at Fast Process Corner)
  Data Path Delay:        0.186ns  (logic 0.082ns (44.086%)  route 0.104ns (55.914%))
  Logic Levels:           0  
  Clock Path Skew:        0.136ns (DCD - SCD - CPR)
    Destination Clock Delay (DCD):    1.464ns
    Source Clock Delay      (SCD):    1.328ns
    Clock Pessimism Removal (CPR):    -0.000ns
  Clock Uncertainty:      0.160ns  ((TSJ^2 + DJ^2)^1/2) / 2 + PE
    Total System Jitter     (TSJ):    0.071ns
    Discrete Jitter          (DJ):    0.312ns
    Phase Error              (PE):    0.000ns
  Clock Net Delay (Source):      1.177ns (routing 0.572ns, distribution 0.605ns)
  Clock Net Delay (Destination): 1.277ns (routing 0.623ns, distribution 0.654ns)
  Timing Exception:       False Path

    Location             Delay type                Incr(ns)  Path(ns)    Netlist Resource(s)
  -------------------------------------------------------------------    -------------------
                         (clock clk_pl_0 rise edge)
                                                      0.000     0.000 r  
    PS8_X0Y0             PS8                          0.000     0.000 r  mul_block_i/zynq_ultra_ps_e_0/inst/PS8_i/PLCLK[0]
                         net (fo=1, routed)           0.129     0.129    mul_block_i/zynq_ultra_ps_e_0/inst/pl_clk_unbuffered[0]
    BUFG_PS_X0Y80        BUFG_PS (Prop_BUFG_PS_I_O)
                                                      0.022     0.151 r  mul_block_i/zynq_ultra_ps_e_0/inst/buffer_pl_clk_0.PL_CLK_0_BUFG/O
    X0Y1 (CLOCK_ROOT)    net (fo=2383, routed)        1.177     1.328    mul_block_i/mul_pu_0/inst/u_path/clk
    SLICE_X1Y129         FDCE                                         r  mul_block_i/mul_pu_0/inst/u_path/res_reg[0]/C
  -------------------------------------------------------------------    -------------------
    SLICE_X1Y129         FDCE (Prop_EFF_SLICEM_C_Q)
                                                      0.082     1.410 r  mul_block_i/mul_pu_0/inst/u_path/res_reg[0]/Q
                         net (fo=1, routed)           0.104     1.514    mul_block_i/axi_gpio_0/U0/gpio_core_1/Dual.INPUT_DOUBLE_REGS5/async_path_bit[0]
    SLICE_X0Y129         FDRE                                         r  mul_block_i/axi_gpio_0/U0/gpio_core_1/Dual.INPUT_DOUBLE_REGS5/syncstages_ff_reg[0][0]/D
  -------------------------------------------------------------------    -------------------

                         (clock clk_pl_0 rise edge)
                                                      0.000     0.000 r  
    PS8_X0Y0             PS8                          0.000     0.000 r  mul_block_i/zynq_ultra_ps_e_0/inst/PS8_i/PLCLK[0]
                         net (fo=1, routed)           0.164     0.164    mul_block_i/zynq_ultra_ps_e_0/inst/pl_clk_unbuffered[0]
    BUFG_PS_X0Y80        BUFG_PS (Prop_BUFG_PS_I_O)
                                                      0.023     0.187 r  mul_block_i/zynq_ultra_ps_e_0/inst/buffer_pl_clk_0.PL_CLK_0_BUFG/O
    X0Y1 (CLOCK_ROOT)    net (fo=2383, routed)        1.277     1.464    mul_block_i/axi_gpio_0/U0/gpio_core_1/Dual.INPUT_DOUBLE_REGS5/dest_clk
    SLICE_X0Y129         FDRE                                         r  mul_block_i/axi_gpio_0/U0/gpio_core_1/Dual.INPUT_DOUBLE_REGS5/syncstages_ff_reg[0][0]/C

Slack:                    inf
  Source:                 mul_block_i/mul_pu_0/inst/u_path/res_reg[6]/C
                            (rising edge-triggered cell FDCE clocked by clk_pl_0  {rise@0.000ns fall@5.000ns period=10.000ns})
  Destination:            mul_block_i/axi_gpio_0/U0/gpio_core_1/Dual.INPUT_DOUBLE_REGS5/syncstages_ff_reg[0][6]/D
                            (rising edge-triggered cell FDRE clocked by clk_pl_0  {rise@0.000ns fall@5.000ns period=10.000ns})
  Path Group:             (none)
  Path Type:              Hold (Min at Fast Process Corner)
  Data Path Delay:        0.188ns  (logic 0.082ns (43.617%)  route 0.106ns (56.383%))
  Logic Levels:           0  
  Clock Path Skew:        0.148ns (DCD - SCD - CPR)
    Destination Clock Delay (DCD):    1.476ns
    Source Clock Delay      (SCD):    1.329ns
    Clock Pessimism Removal (CPR):    -0.000ns
  Clock Uncertainty:      0.160ns  ((TSJ^2 + DJ^2)^1/2) / 2 + PE
    Total System Jitter     (TSJ):    0.071ns
    Discrete Jitter          (DJ):    0.312ns
    Phase Error              (PE):    0.000ns
  Clock Net Delay (Source):      1.178ns (routing 0.572ns, distribution 0.606ns)
  Clock Net Delay (Destination): 1.289ns (routing 0.623ns, distribution 0.666ns)
  Timing Exception:       False Path

    Location             Delay type                Incr(ns)  Path(ns)    Netlist Resource(s)
  -------------------------------------------------------------------    -------------------
                         (clock clk_pl_0 rise edge)
                                                      0.000     0.000 r  
    PS8_X0Y0             PS8                          0.000     0.000 r  mul_block_i/zynq_ultra_ps_e_0/inst/PS8_i/PLCLK[0]
                         net (fo=1, routed)           0.129     0.129    mul_block_i/zynq_ultra_ps_e_0/inst/pl_clk_unbuffered[0]
    BUFG_PS_X0Y80        BUFG_PS (Prop_BUFG_PS_I_O)
                                                      0.022     0.151 r  mul_block_i/zynq_ultra_ps_e_0/inst/buffer_pl_clk_0.PL_CLK_0_BUFG/O
    X0Y1 (CLOCK_ROOT)    net (fo=2383, routed)        1.178     1.329    mul_block_i/mul_pu_0/inst/u_path/clk
    SLICE_X1Y129         FDCE                                         r  mul_block_i/mul_pu_0/inst/u_path/res_reg[6]/C
  -------------------------------------------------------------------    -------------------
    SLICE_X1Y129         FDCE (Prop_BFF_SLICEM_C_Q)
                                                      0.082     1.411 r  mul_block_i/mul_pu_0/inst/u_path/res_reg[6]/Q
                         net (fo=1, routed)           0.106     1.517    mul_block_i/axi_gpio_0/U0/gpio_core_1/Dual.INPUT_DOUBLE_REGS5/async_path_bit[6]
    SLICE_X4Y129         FDRE                                         r  mul_block_i/axi_gpio_0/U0/gpio_core_1/Dual.INPUT_DOUBLE_REGS5/syncstages_ff_reg[0][6]/D
  -------------------------------------------------------------------    -------------------

                         (clock clk_pl_0 rise edge)
                                                      0.000     0.000 r  
    PS8_X0Y0             PS8                          0.000     0.000 r  mul_block_i/zynq_ultra_ps_e_0/inst/PS8_i/PLCLK[0]
                         net (fo=1, routed)           0.164     0.164    mul_block_i/zynq_ultra_ps_e_0/inst/pl_clk_unbuffered[0]
    BUFG_PS_X0Y80        BUFG_PS (Prop_BUFG_PS_I_O)
                                                      0.023     0.187 r  mul_block_i/zynq_ultra_ps_e_0/inst/buffer_pl_clk_0.PL_CLK_0_BUFG/O
    X0Y1 (CLOCK_ROOT)    net (fo=2383, routed)        1.289     1.476    mul_block_i/axi_gpio_0/U0/gpio_core_1/Dual.INPUT_DOUBLE_REGS5/dest_clk
    SLICE_X4Y129         FDRE                                         r  mul_block_i/axi_gpio_0/U0/gpio_core_1/Dual.INPUT_DOUBLE_REGS5/syncstages_ff_reg[0][6]/C

Slack:                    inf
  Source:                 mul_block_i/axi_smc/inst/clk_map/psr_aclk/U0/ACTIVE_LOW_BSR_OUT_DFF[0].FDRE_BSR_N/C
                            (rising edge-triggered cell FDRE clocked by clk_pl_0  {rise@0.000ns fall@5.000ns period=10.000ns})
  Destination:            mul_block_i/axi_smc/inst/m00_nodes/m00_b_node/inst/s_sc_xpm_cdc_async_rst_inst/arststages_ff_reg[0]/CLR
                            (removal check against rising-edge clock clk_pl_0  {rise@0.000ns fall@5.000ns period=10.000ns})
  Path Group:             (none)
  Path Type:              Removal (Min at Fast Process Corner)
  Data Path Delay:        0.188ns  (logic 0.083ns (44.250%)  route 0.105ns (55.750%))
  Logic Levels:           0  
  Clock Path Skew:        0.159ns (DCD - SCD - CPR)
    Destination Clock Delay (DCD):    1.489ns
    Source Clock Delay      (SCD):    1.330ns
    Clock Pessimism Removal (CPR):    -0.000ns
  Clock Uncertainty:      0.160ns  ((TSJ^2 + DJ^2)^1/2) / 2 + PE
    Total System Jitter     (TSJ):    0.071ns
    Discrete Jitter          (DJ):    0.312ns
    Phase Error              (PE):    0.000ns
  Clock Net Delay (Source):      1.179ns (routing 0.572ns, distribution 0.607ns)
  Clock Net Delay (Destination): 1.302ns (routing 0.623ns, distribution 0.679ns)
  Timing Exception:       False Path

    Location             Delay type                Incr(ns)  Path(ns)    Netlist Resource(s)
  -------------------------------------------------------------------    -------------------
                         (clock clk_pl_0 rise edge)
                                                      0.000     0.000 r  
    PS8_X0Y0             PS8                          0.000     0.000 r  mul_block_i/zynq_ultra_ps_e_0/inst/PS8_i/PLCLK[0]
                         net (fo=1, routed)           0.129     0.129    mul_block_i/zynq_ultra_ps_e_0/inst/pl_clk_unbuffered[0]
    BUFG_PS_X0Y80        BUFG_PS (Prop_BUFG_PS_I_O)
                                                      0.022     0.151 r  mul_block_i/zynq_ultra_ps_e_0/inst/buffer_pl_clk_0.PL_CLK_0_BUFG/O
    X0Y1 (CLOCK_ROOT)    net (fo=2383, routed)        1.179     1.330    mul_block_i/axi_smc/inst/clk_map/psr_aclk/U0/aclk
    SLICE_X4Y121         FDRE                                         r  mul_block_i/axi_smc/inst/clk_map/psr_aclk/U0/ACTIVE_LOW_BSR_OUT_DFF[0].FDRE_BSR_N/C
  -------------------------------------------------------------------    -------------------
    SLICE_X4Y121         FDRE (Prop_DFF_SLICEM_C_Q)
                                                      0.083     1.413 r  mul_block_i/axi_smc/inst/clk_map/psr_aclk/U0/ACTIVE_LOW_BSR_OUT_DFF[0].FDRE_BSR_N/Q
                         net (fo=81, routed)          0.105     1.517    mul_block_i/axi_smc/inst/m00_nodes/m00_b_node/inst/s_sc_xpm_cdc_async_rst_inst/src_arst
    SLICE_X5Y121         FDCE                                         f  mul_block_i/axi_smc/inst/m00_nodes/m00_b_node/inst/s_sc_xpm_cdc_async_rst_inst/arststages_ff_reg[0]/CLR  (IS_INVERTED)
  -------------------------------------------------------------------    -------------------

                         (clock clk_pl_0 rise edge)
                                                      0.000     0.000 r  
    PS8_X0Y0             PS8                          0.000     0.000 r  mul_block_i/zynq_ultra_ps_e_0/inst/PS8_i/PLCLK[0]
                         net (fo=1, routed)           0.164     0.164    mul_block_i/zynq_ultra_ps_e_0/inst/pl_clk_unbuffered[0]
    BUFG_PS_X0Y80        BUFG_PS (Prop_BUFG_PS_I_O)
                                                      0.023     0.187 r  mul_block_i/zynq_ultra_ps_e_0/inst/buffer_pl_clk_0.PL_CLK_0_BUFG/O
    X0Y1 (CLOCK_ROOT)    net (fo=2383, routed)        1.302     1.489    mul_block_i/axi_smc/inst/m00_nodes/m00_b_node/inst/s_sc_xpm_cdc_async_rst_inst/dest_clk
    SLICE_X5Y121         FDCE                                         r  mul_block_i/axi_smc/inst/m00_nodes/m00_b_node/inst/s_sc_xpm_cdc_async_rst_inst/arststages_ff_reg[0]/C

Slack:                    inf
  Source:                 mul_block_i/axi_smc/inst/clk_map/psr_aclk/U0/ACTIVE_LOW_BSR_OUT_DFF[0].FDRE_BSR_N/C
                            (rising edge-triggered cell FDRE clocked by clk_pl_0  {rise@0.000ns fall@5.000ns period=10.000ns})
  Destination:            mul_block_i/axi_smc/inst/m00_nodes/m00_b_node/inst/s_sc_xpm_cdc_async_rst_inst/arststages_ff_reg[1]/CLR
                            (removal check against rising-edge clock clk_pl_0  {rise@0.000ns fall@5.000ns period=10.000ns})
  Path Group:             (none)
  Path Type:              Removal (Min at Fast Process Corner)
  Data Path Delay:        0.188ns  (logic 0.083ns (44.250%)  route 0.105ns (55.750%))
  Logic Levels:           0  
  Clock Path Skew:        0.159ns (DCD - SCD - CPR)
    Destination Clock Delay (DCD):    1.489ns
    Source Clock Delay      (SCD):    1.330ns
    Clock Pessimism Removal (CPR):    -0.000ns
  Clock Uncertainty:      0.160ns  ((TSJ^2 + DJ^2)^1/2) / 2 + PE
    Total System Jitter     (TSJ):    0.071ns
    Discrete Jitter          (DJ):    0.312ns
    Phase Error              (PE):    0.000ns
  Clock Net Delay (Source):      1.179ns (routing 0.572ns, distribution 0.607ns)
  Clock Net Delay (Destination): 1.302ns (routing 0.623ns, distribution 0.679ns)
  Timing Exception:       False Path

    Location             Delay type                Incr(ns)  Path(ns)    Netlist Resource(s)
  -------------------------------------------------------------------    -------------------
                         (clock clk_pl_0 rise edge)
                                                      0.000     0.000 r  
    PS8_X0Y0             PS8                          0.000     0.000 r  mul_block_i/zynq_ultra_ps_e_0/inst/PS8_i/PLCLK[0]
                         net (fo=1, routed)           0.129     0.129    mul_block_i/zynq_ultra_ps_e_0/inst/pl_clk_unbuffered[0]
    BUFG_PS_X0Y80        BUFG_PS (Prop_BUFG_PS_I_O)
                                                      0.022     0.151 r  mul_block_i/zynq_ultra_ps_e_0/inst/buffer_pl_clk_0.PL_CLK_0_BUFG/O
    X0Y1 (CLOCK_ROOT)    net (fo=2383, routed)        1.179     1.330    mul_block_i/axi_smc/inst/clk_map/psr_aclk/U0/aclk
    SLICE_X4Y121         FDRE                                         r  mul_block_i/axi_smc/inst/clk_map/psr_aclk/U0/ACTIVE_LOW_BSR_OUT_DFF[0].FDRE_BSR_N/C
  -------------------------------------------------------------------    -------------------
    SLICE_X4Y121         FDRE (Prop_DFF_SLICEM_C_Q)
                                                      0.083     1.413 r  mul_block_i/axi_smc/inst/clk_map/psr_aclk/U0/ACTIVE_LOW_BSR_OUT_DFF[0].FDRE_BSR_N/Q
                         net (fo=81, routed)          0.105     1.517    mul_block_i/axi_smc/inst/m00_nodes/m00_b_node/inst/s_sc_xpm_cdc_async_rst_inst/src_arst
    SLICE_X5Y121         FDCE                                         f  mul_block_i/axi_smc/inst/m00_nodes/m00_b_node/inst/s_sc_xpm_cdc_async_rst_inst/arststages_ff_reg[1]/CLR  (IS_INVERTED)
  -------------------------------------------------------------------    -------------------

                         (clock clk_pl_0 rise edge)
                                                      0.000     0.000 r  
    PS8_X0Y0             PS8                          0.000     0.000 r  mul_block_i/zynq_ultra_ps_e_0/inst/PS8_i/PLCLK[0]
                         net (fo=1, routed)           0.164     0.164    mul_block_i/zynq_ultra_ps_e_0/inst/pl_clk_unbuffered[0]
    BUFG_PS_X0Y80        BUFG_PS (Prop_BUFG_PS_I_O)
                                                      0.023     0.187 r  mul_block_i/zynq_ultra_ps_e_0/inst/buffer_pl_clk_0.PL_CLK_0_BUFG/O
    X0Y1 (CLOCK_ROOT)    net (fo=2383, routed)        1.302     1.489    mul_block_i/axi_smc/inst/m00_nodes/m00_b_node/inst/s_sc_xpm_cdc_async_rst_inst/dest_clk
    SLICE_X5Y121         FDCE                                         r  mul_block_i/axi_smc/inst/m00_nodes/m00_b_node/inst/s_sc_xpm_cdc_async_rst_inst/arststages_ff_reg[1]/C

Slack:                    inf
  Source:                 mul_block_i/axi_smc/inst/clk_map/psr_aclk/U0/ACTIVE_LOW_BSR_OUT_DFF[0].FDRE_BSR_N/C
                            (rising edge-triggered cell FDRE clocked by clk_pl_0  {rise@0.000ns fall@5.000ns period=10.000ns})
  Destination:            mul_block_i/axi_smc/inst/m00_nodes/m00_b_node/inst/s_sc_xpm_cdc_async_rst_inst/arststages_ff_reg[2]/CLR
                            (removal check against rising-edge clock clk_pl_0  {rise@0.000ns fall@5.000ns period=10.000ns})
  Path Group:             (none)
  Path Type:              Removal (Min at Fast Process Corner)
  Data Path Delay:        0.188ns  (logic 0.083ns (44.250%)  route 0.105ns (55.750%))
  Logic Levels:           0  
  Clock Path Skew:        0.159ns (DCD - SCD - CPR)
    Destination Clock Delay (DCD):    1.489ns
    Source Clock Delay      (SCD):    1.330ns
    Clock Pessimism Removal (CPR):    -0.000ns
  Clock Uncertainty:      0.160ns  ((TSJ^2 + DJ^2)^1/2) / 2 + PE
    Total System Jitter     (TSJ):    0.071ns
    Discrete Jitter          (DJ):    0.312ns
    Phase Error              (PE):    0.000ns
  Clock Net Delay (Source):      1.179ns (routing 0.572ns, distribution 0.607ns)
  Clock Net Delay (Destination): 1.302ns (routing 0.623ns, distribution 0.679ns)
  Timing Exception:       False Path

    Location             Delay type                Incr(ns)  Path(ns)    Netlist Resource(s)
  -------------------------------------------------------------------    -------------------
                         (clock clk_pl_0 rise edge)
                                                      0.000     0.000 r  
    PS8_X0Y0             PS8                          0.000     0.000 r  mul_block_i/zynq_ultra_ps_e_0/inst/PS8_i/PLCLK[0]
                         net (fo=1, routed)           0.129     0.129    mul_block_i/zynq_ultra_ps_e_0/inst/pl_clk_unbuffered[0]
    BUFG_PS_X0Y80        BUFG_PS (Prop_BUFG_PS_I_O)
                                                      0.022     0.151 r  mul_block_i/zynq_ultra_ps_e_0/inst/buffer_pl_clk_0.PL_CLK_0_BUFG/O
    X0Y1 (CLOCK_ROOT)    net (fo=2383, routed)        1.179     1.330    mul_block_i/axi_smc/inst/clk_map/psr_aclk/U0/aclk
    SLICE_X4Y121         FDRE                                         r  mul_block_i/axi_smc/inst/clk_map/psr_aclk/U0/ACTIVE_LOW_BSR_OUT_DFF[0].FDRE_BSR_N/C
  -------------------------------------------------------------------    -------------------
    SLICE_X4Y121         FDRE (Prop_DFF_SLICEM_C_Q)
                                                      0.083     1.413 r  mul_block_i/axi_smc/inst/clk_map/psr_aclk/U0/ACTIVE_LOW_BSR_OUT_DFF[0].FDRE_BSR_N/Q
                         net (fo=81, routed)          0.105     1.517    mul_block_i/axi_smc/inst/m00_nodes/m00_b_node/inst/s_sc_xpm_cdc_async_rst_inst/src_arst
    SLICE_X5Y121         FDCE                                         f  mul_block_i/axi_smc/inst/m00_nodes/m00_b_node/inst/s_sc_xpm_cdc_async_rst_inst/arststages_ff_reg[2]/CLR  (IS_INVERTED)
  -------------------------------------------------------------------    -------------------

                         (clock clk_pl_0 rise edge)
                                                      0.000     0.000 r  
    PS8_X0Y0             PS8                          0.000     0.000 r  mul_block_i/zynq_ultra_ps_e_0/inst/PS8_i/PLCLK[0]
                         net (fo=1, routed)           0.164     0.164    mul_block_i/zynq_ultra_ps_e_0/inst/pl_clk_unbuffered[0]
    BUFG_PS_X0Y80        BUFG_PS (Prop_BUFG_PS_I_O)
                                                      0.023     0.187 r  mul_block_i/zynq_ultra_ps_e_0/inst/buffer_pl_clk_0.PL_CLK_0_BUFG/O
    X0Y1 (CLOCK_ROOT)    net (fo=2383, routed)        1.302     1.489    mul_block_i/axi_smc/inst/m00_nodes/m00_b_node/inst/s_sc_xpm_cdc_async_rst_inst/dest_clk
    SLICE_X5Y121         FDCE                                         r  mul_block_i/axi_smc/inst/m00_nodes/m00_b_node/inst/s_sc_xpm_cdc_async_rst_inst/arststages_ff_reg[2]/C





