
*** Running vivado
    with args -log gemm_block.vds -m64 -product Vivado -mode batch -messageDb vivado.pb -notrace -source gemm_block.tcl



****** Vivado v2025.2 (64-bit)
  **** SW Build 6299465 on Fri Nov 14 19:35:11 GMT 2025
  **** IP Build 6300035 on Fri Nov 14 10:48:45 MST 2025
  **** SharedData Build 6298862 on Thu Nov 13 04:50:51 MST 2025
  **** Start of session at: Tue Jun 16 21:15:37 2026
    ** Copyright 1986-2022 Xilinx, Inc. All Rights Reserved.
    ** Copyright 2022-2025 Advanced Micro Devices, Inc. All Rights Reserved.

source gemm_block.tcl -notrace
create_project: Time (s): cpu = 00:00:18 ; elapsed = 00:00:13 . Memory (MB): peak = 555.543 ; gain = 220.996
INFO: [IP_Flow 19-234] Refreshing IP repositories
CRITICAL WARNING: [IP_Flow 19-11780] Skipping module reference component xilinx.com:module_ref:gemm_accelerator:1.0 found in user repository d:/int8-matmul-accelerator/matmul 
INFO: [IP_Flow 19-1700] Loaded user IP repository 'd:/int8-matmul-accelerator/matmul'.
WARNING: [IP_Flow 19-3656] If you move the project, the path for repository 'd:/int8-matmul-accelerator/matmul' may become invalid. A better location for the repository would be in a path adjacent to the project. (Current project location is 'd:/int8-matmul-accelerator/matmul/matmul.runs/gemm_block_synth_1'.)
INFO: [IP_Flow 19-2313] Loaded Vivado IP repository 'D:/Apps/Study/Vivado/2025.2/Vivado/data/ip'.
add_files: Time (s): cpu = 00:00:14 ; elapsed = 00:00:15 . Memory (MB): peak = 635.941 ; gain = 75.414
Command: synth_design -top gemm_block -part xck26-sfvc784-2LV-c -incremental_mode off -mode out_of_context
Starting synth_design
Attempting to get a license for feature 'Synthesis' and/or device 'xck26'
INFO: [Common 17-349] Got license for feature 'Synthesis' and/or device 'xck26'
INFO: [Device 21-403] Loading part xck26-sfvc784-2LV-c

*** Running vivado
    with args -log gemm_block.vds -m64 -product Vivado -mode batch -messageDb vivado.pb -notrace -source gemm_block.tcl



****** Vivado v2025.2 (64-bit)
  **** SW Build 6299465 on Fri Nov 14 19:35:11 GMT 2025
  **** IP Build 6300035 on Fri Nov 14 10:48:45 MST 2025
  **** SharedData Build 6298862 on Thu Nov 13 04:50:51 MST 2025
  **** Start of session at: Tue Jun 16 21:16:31 2026
    ** Copyright 1986-2022 Xilinx, Inc. All Rights Reserved.
    ** Copyright 2022-2025 Advanced Micro Devices, Inc. All Rights Reserved.

source gemm_block.tcl -notrace
create_project: Time (s): cpu = 00:00:21 ; elapsed = 00:00:13 . Memory (MB): peak = 555.766 ; gain = 221.254
INFO: [IP_Flow 19-234] Refreshing IP repositories
CRITICAL WARNING: [IP_Flow 19-11780] Skipping module reference component xilinx.com:module_ref:gemm_accelerator:1.0 found in user repository d:/int8-matmul-accelerator/matmul 
INFO: [IP_Flow 19-1700] Loaded user IP repository 'd:/int8-matmul-accelerator/matmul'.
WARNING: [IP_Flow 19-3656] If you move the project, the path for repository 'd:/int8-matmul-accelerator/matmul' may become invalid. A better location for the repository would be in a path adjacent to the project. (Current project location is 'd:/int8-matmul-accelerator/matmul/matmul.runs/gemm_block_synth_1'.)
INFO: [IP_Flow 19-2313] Loaded Vivado IP repository 'D:/Apps/Study/Vivado/2025.2/Vivado/data/ip'.
add_files: Time (s): cpu = 00:00:14 ; elapsed = 00:00:15 . Memory (MB): peak = 634.797 ; gain = 75.074
Command: synth_design -top gemm_block -part xck26-sfvc784-2LV-c -incremental_mode off -mode out_of_context
Starting synth_design
Attempting to get a license for feature 'Synthesis' and/or device 'xck26'
INFO: [Common 17-349] Got license for feature 'Synthesis' and/or device 'xck26'
INFO: [Device 21-403] Loading part xck26-sfvc784-2LV-c
INFO: [Synth 8-7079] Multithreading enabled for synth_design using a maximum of 2 processes.
INFO: [Synth 8-7078] Launching helper process for spawning children vivado processes
INFO: [Synth 8-7075] Helper process launched with PID 12164
---------------------------------------------------------------------------------
Starting RTL Elaboration : Time (s): cpu = 00:00:13 ; elapsed = 00:00:14 . Memory (MB): peak = 1954.516 ; gain = 208.445
---------------------------------------------------------------------------------
INFO: [Synth 8-11241] undeclared symbol 'dp_audi_ref_clk', assumed default net type 'wire' [d:/int8-matmul-accelerator/matmul/matmul.gen/sources_1/bd/gemm_block/ip/gemm_block_zynq_ultra_ps_e_0_0/hdl/zynq_ultra_ps_e_v3_5_8.v:2475]
INFO: [Synth 8-6157] synthesizing module 'gemm_block' [d:/int8-matmul-accelerator/matmul/matmul.gen/sources_1/bd/gemm_block/synth/gemm_block.v:13]
INFO: [Synth 8-638] synthesizing module 'gemm_block_axi_dma_0_0' [d:/int8-matmul-accelerator/matmul/matmul.gen/sources_1/bd/gemm_block/ip/gemm_block_axi_dma_0_0/synth/gemm_block_axi_dma_0_0.vhd:104]
	Parameter C_S_AXI_LITE_ADDR_WIDTH bound to: 10 - type: integer 
	Parameter C_S_AXI_LITE_DATA_WIDTH bound to: 32 - type: integer 
	Parameter C_DLYTMR_RESOLUTION bound to: 125 - type: integer 
	Parameter C_PRMRY_IS_ACLK_ASYNC bound to: 0 - type: integer 
	Parameter C_ENABLE_MULTI_CHANNEL bound to: 0 - type: integer 
	Parameter C_NUM_MM2S_CHANNELS bound to: 1 - type: integer 
	Parameter C_NUM_S2MM_CHANNELS bound to: 1 - type: integer 
	Parameter C_INCLUDE_SG bound to: 0 - type: integer 
	Parameter C_SG_INCLUDE_STSCNTRL_STRM bound to: 0 - type: integer 
	Parameter C_SG_USE_STSAPP_LENGTH bound to: 0 - type: integer 
	Parameter C_SG_LENGTH_WIDTH bound to: 14 - type: integer 
	Parameter C_M_AXI_SG_ADDR_WIDTH bound to: 32 - type: integer 
	Parameter C_M_AXI_SG_DATA_WIDTH bound to: 32 - type: integer 
	Parameter C_M_AXIS_MM2S_CNTRL_TDATA_WIDTH bound to: 32 - type: integer 
	Parameter C_S_AXIS_S2MM_STS_TDATA_WIDTH bound to: 32 - type: integer 
	Parameter C_MICRO_DMA bound to: 0 - type: integer 
	Parameter C_INCLUDE_MM2S bound to: 1 - type: integer 
	Parameter C_INCLUDE_MM2S_SF bound to: 1 - type: integer 
	Parameter C_MM2S_BURST_SIZE bound to: 256 - type: integer 
	Parameter C_M_AXI_MM2S_ADDR_WIDTH bound to: 32 - type: integer 
	Parameter C_M_AXI_MM2S_DATA_WIDTH bound to: 128 - type: integer 
	Parameter C_M_AXIS_MM2S_TDATA_WIDTH bound to: 128 - type: integer 
	Parameter C_INCLUDE_MM2S_DRE bound to: 0 - type: integer 
	Parameter C_INCLUDE_S2MM bound to: 0 - type: integer 
	Parameter C_INCLUDE_S2MM_SF bound to: 1 - type: integer 
	Parameter C_S2MM_BURST_SIZE bound to: 16 - type: integer 
	Parameter C_M_AXI_S2MM_ADDR_WIDTH bound to: 32 - type: integer 
	Parameter C_M_AXI_S2MM_DATA_WIDTH bound to: 32 - type: integer 
	Parameter C_S_AXIS_S2MM_TDATA_WIDTH bound to: 32 - type: integer 
	Parameter C_INCLUDE_S2MM_DRE bound to: 0 - type: integer 
	Parameter C_INCREASE_THROUGHPUT bound to: 0 - type: integer 
	Parameter C_FAMILY bound to: zynquplus - type: string 
INFO: [Synth 8-3491] module 'axi_dma' declared at 'd:/int8-matmul-accelerator/matmul/matmul.gen/sources_1/bd/gemm_block/ipshared/7f6a/hdl/axi_dma_v7_1_vh_rfs.vhd:21634' bound to instance 'U0' of component 'axi_dma' [d:/int8-matmul-accelerator/matmul/matmul.gen/sources_1/bd/gemm_block/ip/gemm_block_axi_dma_0_0/synth/gemm_block_axi_dma_0_0.vhd:329]
INFO: [Synth 8-638] synthesizing module 'axi_dma' [d:/int8-matmul-accelerator/matmul/matmul.gen/sources_1/bd/gemm_block/ipshared/7f6a/hdl/axi_dma_v7_1_vh_rfs.vhd:21979]
INFO: [Synth 8-638] synthesizing module 'axi_dma_rst_module' [d:/int8-matmul-accelerator/matmul/matmul.gen/sources_1/bd/gemm_block/ipshared/7f6a/hdl/axi_dma_v7_1_vh_rfs.vhd:1589]
	Parameter DEST_SYNC_FF bound to: 4 - type: integer 
	Parameter INIT bound to: 32'sb00000000000000000000000000000000 
	Parameter INIT_SYNC_FF bound to: 0 - type: integer 
	Parameter SIM_ASSERT_CHK bound to: 0 - type: integer 
INFO: [Synth 8-3491] module 'xpm_cdc_sync_rst' declared at 'D:/Apps/Study/Vivado/2025.2/Vivado/data/ip/xpm/xpm_cdc/hdl/xpm_cdc.sv:1059' bound to instance 'REG_HRD_RST' of component 'xpm_cdc_sync_rst' [d:/int8-matmul-accelerator/matmul/matmul.gen/sources_1/bd/gemm_block/ipshared/7f6a/hdl/axi_dma_v7_1_vh_rfs.vhd:1642]
INFO: [Synth 8-6157] synthesizing module 'xpm_cdc_sync_rst' [D:/Apps/Study/Vivado/2025.2/Vivado/data/ip/xpm/xpm_cdc/hdl/xpm_cdc.sv:1059]
INFO: [Synth 8-6155] done synthesizing module 'xpm_cdc_sync_rst' (0#1) [D:/Apps/Study/Vivado/2025.2/Vivado/data/ip/xpm/xpm_cdc/hdl/xpm_cdc.sv:1059]
	Parameter DEST_SYNC_FF bound to: 4 - type: integer 
	Parameter INIT bound to: 32'sb00000000000000000000000000000000 
	Parameter INIT_SYNC_FF bound to: 0 - type: integer 
	Parameter SIM_ASSERT_CHK bound to: 0 - type: integer 
INFO: [Synth 8-3491] module 'xpm_cdc_sync_rst' declared at 'D:/Apps/Study/Vivado/2025.2/Vivado/data/ip/xpm/xpm_cdc/hdl/xpm_cdc.sv:1059' bound to instance 'REG_HRD_RST_OUT' of component 'xpm_cdc_sync_rst' [d:/int8-matmul-accelerator/matmul/matmul.gen/sources_1/bd/gemm_block/ipshared/7f6a/hdl/axi_dma_v7_1_vh_rfs.vhd:1667]
INFO: [Synth 8-638] synthesizing module 'axi_dma_reset' [d:/int8-matmul-accelerator/matmul/matmul.gen/sources_1/bd/gemm_block/ipshared/7f6a/hdl/axi_dma_v7_1_vh_rfs.vhd:641]
INFO: [Synth 8-256] done synthesizing module 'axi_dma_reset' (0#1) [d:/int8-matmul-accelerator/matmul/matmul.gen/sources_1/bd/gemm_block/ipshared/7f6a/hdl/axi_dma_v7_1_vh_rfs.vhd:641]
INFO: [Synth 8-256] done synthesizing module 'axi_dma_rst_module' (0#1) [d:/int8-matmul-accelerator/matmul/matmul.gen/sources_1/bd/gemm_block/ipshared/7f6a/hdl/axi_dma_v7_1_vh_rfs.vhd:1589]
INFO: [Synth 8-638] synthesizing module 'axi_dma_reg_module' [d:/int8-matmul-accelerator/matmul/matmul.gen/sources_1/bd/gemm_block/ipshared/7f6a/hdl/axi_dma_v7_1_vh_rfs.vhd:8360]
INFO: [Synth 8-638] synthesizing module 'axi_dma_lite_if' [d:/int8-matmul-accelerator/matmul/matmul.gen/sources_1/bd/gemm_block/ipshared/7f6a/hdl/axi_dma_v7_1_vh_rfs.vhd:2039]
INFO: [Synth 8-256] done synthesizing module 'axi_dma_lite_if' (0#1) [d:/int8-matmul-accelerator/matmul/matmul.gen/sources_1/bd/gemm_block/ipshared/7f6a/hdl/axi_dma_v7_1_vh_rfs.vhd:2039]
INFO: [Synth 8-638] synthesizing module 'axi_dma_register' [d:/int8-matmul-accelerator/matmul/matmul.gen/sources_1/bd/gemm_block/ipshared/7f6a/hdl/axi_dma_v7_1_vh_rfs.vhd:3531]
INFO: [Synth 8-256] done synthesizing module 'axi_dma_register' (0#1) [d:/int8-matmul-accelerator/matmul/matmul.gen/sources_1/bd/gemm_block/ipshared/7f6a/hdl/axi_dma_v7_1_vh_rfs.vhd:3531]
INFO: [Synth 8-256] done synthesizing module 'axi_dma_reg_module' (0#1) [d:/int8-matmul-accelerator/matmul/matmul.gen/sources_1/bd/gemm_block/ipshared/7f6a/hdl/axi_dma_v7_1_vh_rfs.vhd:8360]
INFO: [Synth 8-638] synthesizing module 'axi_dma_mm2s_mngr' [d:/int8-matmul-accelerator/matmul/matmul.gen/sources_1/bd/gemm_block/ipshared/7f6a/hdl/axi_dma_v7_1_vh_rfs.vhd:15036]
INFO: [Synth 8-638] synthesizing module 'axi_dma_smple_sm' [d:/int8-matmul-accelerator/matmul/matmul.gen/sources_1/bd/gemm_block/ipshared/7f6a/hdl/axi_dma_v7_1_vh_rfs.vhd:11850]
INFO: [Synth 8-256] done synthesizing module 'axi_dma_smple_sm' (0#1) [d:/int8-matmul-accelerator/matmul/matmul.gen/sources_1/bd/gemm_block/ipshared/7f6a/hdl/axi_dma_v7_1_vh_rfs.vhd:11850]
INFO: [Synth 8-638] synthesizing module 'axi_dma_mm2s_cmdsts_if' [d:/int8-matmul-accelerator/matmul/matmul.gen/sources_1/bd/gemm_block/ipshared/7f6a/hdl/axi_dma_v7_1_vh_rfs.vhd:13832]
INFO: [Synth 8-256] done synthesizing module 'axi_dma_mm2s_cmdsts_if' (0#1) [d:/int8-matmul-accelerator/matmul/matmul.gen/sources_1/bd/gemm_block/ipshared/7f6a/hdl/axi_dma_v7_1_vh_rfs.vhd:13832]
INFO: [Synth 8-638] synthesizing module 'axi_dma_mm2s_sts_mngr' [d:/int8-matmul-accelerator/matmul/matmul.gen/sources_1/bd/gemm_block/ipshared/7f6a/hdl/axi_dma_v7_1_vh_rfs.vhd:14148]
INFO: [Synth 8-256] done synthesizing module 'axi_dma_mm2s_sts_mngr' (0#1) [d:/int8-matmul-accelerator/matmul/matmul.gen/sources_1/bd/gemm_block/ipshared/7f6a/hdl/axi_dma_v7_1_vh_rfs.vhd:14148]
INFO: [Synth 8-256] done synthesizing module 'axi_dma_mm2s_mngr' (0#1) [d:/int8-matmul-accelerator/matmul/matmul.gen/sources_1/bd/gemm_block/ipshared/7f6a/hdl/axi_dma_v7_1_vh_rfs.vhd:15036]
INFO: [Synth 8-638] synthesizing module 'axi_dma_sofeof_gen' [d:/int8-matmul-accelerator/matmul/matmul.gen/sources_1/bd/gemm_block/ipshared/7f6a/hdl/axi_dma_v7_1_vh_rfs.vhd:11341]
INFO: [Synth 8-256] done synthesizing module 'axi_dma_sofeof_gen' (0#1) [d:/int8-matmul-accelerator/matmul/matmul.gen/sources_1/bd/gemm_block/ipshared/7f6a/hdl/axi_dma_v7_1_vh_rfs.vhd:11341]
INFO: [Synth 8-638] synthesizing module 'axi_datamover' [d:/int8-matmul-accelerator/matmul/matmul.gen/sources_1/bd/gemm_block/ipshared/d44a/hdl/axi_datamover_v5_1_vh_rfs.vhd:55430]
INFO: [Synth 8-638] synthesizing module 'axi_datamover_mm2s_full_wrap' [d:/int8-matmul-accelerator/matmul/matmul.gen/sources_1/bd/gemm_block/ipshared/d44a/hdl/axi_datamover_v5_1_vh_rfs.vhd:53569]
INFO: [Synth 8-638] synthesizing module 'axi_datamover_reset' [d:/int8-matmul-accelerator/matmul/matmul.gen/sources_1/bd/gemm_block/ipshared/d44a/hdl/axi_datamover_v5_1_vh_rfs.vhd:259]
INFO: [Synth 8-256] done synthesizing module 'axi_datamover_reset' (0#1) [d:/int8-matmul-accelerator/matmul/matmul.gen/sources_1/bd/gemm_block/ipshared/d44a/hdl/axi_datamover_v5_1_vh_rfs.vhd:259]
INFO: [Synth 8-638] synthesizing module 'axi_datamover_cmd_status' [d:/int8-matmul-accelerator/matmul/matmul.gen/sources_1/bd/gemm_block/ipshared/d44a/hdl/axi_datamover_v5_1_vh_rfs.vhd:2913]
INFO: [Synth 8-638] synthesizing module 'axi_datamover_fifo' [d:/int8-matmul-accelerator/matmul/matmul.gen/sources_1/bd/gemm_block/ipshared/d44a/hdl/axi_datamover_v5_1_vh_rfs.vhd:2109]
INFO: [Synth 8-256] done synthesizing module 'axi_datamover_fifo' (0#1) [d:/int8-matmul-accelerator/matmul/matmul.gen/sources_1/bd/gemm_block/ipshared/d44a/hdl/axi_datamover_v5_1_vh_rfs.vhd:2109]
INFO: [Synth 8-638] synthesizing module 'axi_datamover_fifo__parameterized0' [d:/int8-matmul-accelerator/matmul/matmul.gen/sources_1/bd/gemm_block/ipshared/d44a/hdl/axi_datamover_v5_1_vh_rfs.vhd:2109]
INFO: [Synth 8-256] done synthesizing module 'axi_datamover_fifo__parameterized0' (0#1) [d:/int8-matmul-accelerator/matmul/matmul.gen/sources_1/bd/gemm_block/ipshared/d44a/hdl/axi_datamover_v5_1_vh_rfs.vhd:2109]
INFO: [Synth 8-256] done synthesizing module 'axi_datamover_cmd_status' (0#1) [d:/int8-matmul-accelerator/matmul/matmul.gen/sources_1/bd/gemm_block/ipshared/d44a/hdl/axi_datamover_v5_1_vh_rfs.vhd:2913]
INFO: [Synth 8-638] synthesizing module 'axi_datamover_rd_status_cntl' [d:/int8-matmul-accelerator/matmul/matmul.gen/sources_1/bd/gemm_block/ipshared/d44a/hdl/axi_datamover_v5_1_vh_rfs.vhd:13919]
INFO: [Synth 8-256] done synthesizing module 'axi_datamover_rd_status_cntl' (0#1) [d:/int8-matmul-accelerator/matmul/matmul.gen/sources_1/bd/gemm_block/ipshared/d44a/hdl/axi_datamover_v5_1_vh_rfs.vhd:13919]
INFO: [Synth 8-638] synthesizing module 'axi_datamover_pcc' [d:/int8-matmul-accelerator/matmul/matmul.gen/sources_1/bd/gemm_block/ipshared/d44a/hdl/axi_datamover_v5_1_vh_rfs.vhd:7613]
INFO: [Synth 8-638] synthesizing module 'axi_datamover_strb_gen2' [d:/int8-matmul-accelerator/matmul/matmul.gen/sources_1/bd/gemm_block/ipshared/d44a/hdl/axi_datamover_v5_1_vh_rfs.vhd:4545]
INFO: [Synth 8-256] done synthesizing module 'axi_datamover_strb_gen2' (0#1) [d:/int8-matmul-accelerator/matmul/matmul.gen/sources_1/bd/gemm_block/ipshared/d44a/hdl/axi_datamover_v5_1_vh_rfs.vhd:4545]
INFO: [Synth 8-638] synthesizing module 'axi_datamover_strb_gen2__parameterized0' [d:/int8-matmul-accelerator/matmul/matmul.gen/sources_1/bd/gemm_block/ipshared/d44a/hdl/axi_datamover_v5_1_vh_rfs.vhd:4545]
INFO: [Synth 8-256] done synthesizing module 'axi_datamover_strb_gen2__parameterized0' (0#1) [d:/int8-matmul-accelerator/matmul/matmul.gen/sources_1/bd/gemm_block/ipshared/d44a/hdl/axi_datamover_v5_1_vh_rfs.vhd:4545]
INFO: [Synth 8-226] default block is never used [d:/int8-matmul-accelerator/matmul/matmul.gen/sources_1/bd/gemm_block/ipshared/d44a/hdl/axi_datamover_v5_1_vh_rfs.vhd:9687]
INFO: [Synth 8-256] done synthesizing module 'axi_datamover_pcc' (0#1) [d:/int8-matmul-accelerator/matmul/matmul.gen/sources_1/bd/gemm_block/ipshared/d44a/hdl/axi_datamover_v5_1_vh_rfs.vhd:7613]
INFO: [Synth 8-638] synthesizing module 'axi_datamover_addr_cntl' [d:/int8-matmul-accelerator/matmul/matmul.gen/sources_1/bd/gemm_block/ipshared/d44a/hdl/axi_datamover_v5_1_vh_rfs.vhd:10191]
INFO: [Synth 8-638] synthesizing module 'axi_datamover_fifo__parameterized1' [d:/int8-matmul-accelerator/matmul/matmul.gen/sources_1/bd/gemm_block/ipshared/d44a/hdl/axi_datamover_v5_1_vh_rfs.vhd:2109]
INFO: [Synth 8-638] synthesizing module 'axi_datamover_v5_1_37_srl_fifo' [d:/int8-matmul-accelerator/matmul/matmul.gen/sources_1/bd/gemm_block/ipshared/d44a/hdl/axi_datamover_v5_1_vh_rfs.vhd:1881]
INFO: [Synth 8-256] done synthesizing module 'axi_datamover_v5_1_37_srl_fifo' (0#1) [d:/int8-matmul-accelerator/matmul/matmul.gen/sources_1/bd/gemm_block/ipshared/d44a/hdl/axi_datamover_v5_1_vh_rfs.vhd:1881]
INFO: [Synth 8-256] done synthesizing module 'axi_datamover_fifo__parameterized1' (0#1) [d:/int8-matmul-accelerator/matmul/matmul.gen/sources_1/bd/gemm_block/ipshared/d44a/hdl/axi_datamover_v5_1_vh_rfs.vhd:2109]
INFO: [Synth 8-256] done synthesizing module 'axi_datamover_addr_cntl' (0#1) [d:/int8-matmul-accelerator/matmul/matmul.gen/sources_1/bd/gemm_block/ipshared/d44a/hdl/axi_datamover_v5_1_vh_rfs.vhd:10191]
INFO: [Synth 8-638] synthesizing module 'axi_datamover_rddata_cntl' [d:/int8-matmul-accelerator/matmul/matmul.gen/sources_1/bd/gemm_block/ipshared/d44a/hdl/axi_datamover_v5_1_vh_rfs.vhd:12364]
INFO: [Synth 8-638] synthesizing module 'axi_datamover_rdmux' [d:/int8-matmul-accelerator/matmul/matmul.gen/sources_1/bd/gemm_block/ipshared/d44a/hdl/axi_datamover_v5_1_vh_rfs.vhd:10866]
INFO: [Synth 8-256] done synthesizing module 'axi_datamover_rdmux' (0#1) [d:/int8-matmul-accelerator/matmul/matmul.gen/sources_1/bd/gemm_block/ipshared/d44a/hdl/axi_datamover_v5_1_vh_rfs.vhd:10866]
INFO: [Synth 8-638] synthesizing module 'axi_datamover_fifo__parameterized2' [d:/int8-matmul-accelerator/matmul/matmul.gen/sources_1/bd/gemm_block/ipshared/d44a/hdl/axi_datamover_v5_1_vh_rfs.vhd:2109]
INFO: [Synth 8-638] synthesizing module 'axi_datamover_v5_1_37_srl_fifo__parameterized0' [d:/int8-matmul-accelerator/matmul/matmul.gen/sources_1/bd/gemm_block/ipshared/d44a/hdl/axi_datamover_v5_1_vh_rfs.vhd:1881]
INFO: [Synth 8-256] done synthesizing module 'axi_datamover_v5_1_37_srl_fifo__parameterized0' (0#1) [d:/int8-matmul-accelerator/matmul/matmul.gen/sources_1/bd/gemm_block/ipshared/d44a/hdl/axi_datamover_v5_1_vh_rfs.vhd:1881]
INFO: [Synth 8-256] done synthesizing module 'axi_datamover_fifo__parameterized2' (0#1) [d:/int8-matmul-accelerator/matmul/matmul.gen/sources_1/bd/gemm_block/ipshared/d44a/hdl/axi_datamover_v5_1_vh_rfs.vhd:2109]
INFO: [Synth 8-256] done synthesizing module 'axi_datamover_rddata_cntl' (0#1) [d:/int8-matmul-accelerator/matmul/matmul.gen/sources_1/bd/gemm_block/ipshared/d44a/hdl/axi_datamover_v5_1_vh_rfs.vhd:12364]
INFO: [Synth 8-638] synthesizing module 'axi_datamover_rd_sf' [d:/int8-matmul-accelerator/matmul/matmul.gen/sources_1/bd/gemm_block/ipshared/d44a/hdl/axi_datamover_v5_1_vh_rfs.vhd:20342]
INFO: [Synth 8-638] synthesizing module 'axi_datamover_fifo__parameterized3' [d:/int8-matmul-accelerator/matmul/matmul.gen/sources_1/bd/gemm_block/ipshared/d44a/hdl/axi_datamover_v5_1_vh_rfs.vhd:2109]
INFO: [Synth 8-638] synthesizing module 'axi_datamover_v5_1_37_srl_fifo__parameterized1' [d:/int8-matmul-accelerator/matmul/matmul.gen/sources_1/bd/gemm_block/ipshared/d44a/hdl/axi_datamover_v5_1_vh_rfs.vhd:1881]
INFO: [Synth 8-256] done synthesizing module 'axi_datamover_v5_1_37_srl_fifo__parameterized1' (0#1) [d:/int8-matmul-accelerator/matmul/matmul.gen/sources_1/bd/gemm_block/ipshared/d44a/hdl/axi_datamover_v5_1_vh_rfs.vhd:1881]
INFO: [Synth 8-256] done synthesizing module 'axi_datamover_fifo__parameterized3' (0#1) [d:/int8-matmul-accelerator/matmul/matmul.gen/sources_1/bd/gemm_block/ipshared/d44a/hdl/axi_datamover_v5_1_vh_rfs.vhd:2109]
INFO: [Synth 8-638] synthesizing module 'axi_datamover_sfifo_autord' [d:/int8-matmul-accelerator/matmul/matmul.gen/sources_1/bd/gemm_block/ipshared/d44a/hdl/axi_datamover_v5_1_vh_rfs.vhd:1372]
	Parameter FIFO_MEMORY_TYPE bound to: block - type: string 
	Parameter FIFO_WRITE_DEPTH bound to: 2048 - type: integer 
	Parameter WRITE_DATA_WIDTH bound to: 147 - type: integer 
	Parameter READ_MODE bound to: fwft - type: string 
	Parameter FIFO_READ_LATENCY bound to: 0 - type: integer 
	Parameter FULL_RESET_VALUE bound to: 1 - type: integer 
	Parameter USE_ADV_FEATURES bound to: 1F1F - type: string 
	Parameter READ_DATA_WIDTH bound to: 147 - type: integer 
	Parameter WR_DATA_COUNT_WIDTH bound to: 12 - type: integer 
	Parameter PROG_FULL_THRESH bound to: 10 - type: integer 
	Parameter RD_DATA_COUNT_WIDTH bound to: 12 - type: integer 
	Parameter PROG_EMPTY_THRESH bound to: 10 - type: integer 
	Parameter DOUT_RESET_VALUE bound to: 0 - type: string 
	Parameter ECC_MODE bound to: no_ecc - type: string 
	Parameter WAKEUP_TIME bound to: 0 - type: integer 
INFO: [Synth 8-3491] module 'xpm_fifo_sync' declared at 'D:/Apps/Study/Vivado/2025.2/Vivado/data/ip/xpm/xpm_fifo/hdl/xpm_fifo.sv:1975' bound to instance 'I_SYNC_FIFOGEN_FIFO' of component 'xpm_fifo_sync' [d:/int8-matmul-accelerator/matmul/matmul.gen/sources_1/bd/gemm_block/ipshared/d44a/hdl/axi_datamover_v5_1_vh_rfs.vhd:1498]
INFO: [Synth 8-6157] synthesizing module 'xpm_fifo_sync' [D:/Apps/Study/Vivado/2025.2/Vivado/data/ip/xpm/xpm_fifo/hdl/xpm_fifo.sv:1975]
INFO: [Synth 8-6157] synthesizing module 'xpm_fifo_base' [D:/Apps/Study/Vivado/2025.2/Vivado/data/ip/xpm/xpm_fifo/hdl/xpm_fifo.sv:53]
INFO: [Synth 8-6157] synthesizing module 'xpm_counter_updn' [D:/Apps/Study/Vivado/2025.2/Vivado/data/ip/xpm/xpm_fifo/hdl/xpm_fifo.sv:1879]
INFO: [Synth 8-6155] done synthesizing module 'xpm_counter_updn' (0#1) [D:/Apps/Study/Vivado/2025.2/Vivado/data/ip/xpm/xpm_fifo/hdl/xpm_fifo.sv:1879]
INFO: [Synth 8-6157] synthesizing module 'xpm_counter_updn__parameterized0' [D:/Apps/Study/Vivado/2025.2/Vivado/data/ip/xpm/xpm_fifo/hdl/xpm_fifo.sv:1879]
INFO: [Synth 8-6155] done synthesizing module 'xpm_counter_updn__parameterized0' (0#1) [D:/Apps/Study/Vivado/2025.2/Vivado/data/ip/xpm/xpm_fifo/hdl/xpm_fifo.sv:1879]
INFO: [Synth 8-6157] synthesizing module 'xpm_memory_base' [D:/Apps/Study/Vivado/2025.2/Vivado/data/ip/xpm/xpm_memory/hdl/xpm_memory.sv:54]
INFO: [Synth 8-6155] done synthesizing module 'xpm_memory_base' (0#1) [D:/Apps/Study/Vivado/2025.2/Vivado/data/ip/xpm/xpm_memory/hdl/xpm_memory.sv:54]
INFO: [Synth 8-226] default block is never used [D:/Apps/Study/Vivado/2025.2/Vivado/data/ip/xpm/xpm_fifo/hdl/xpm_fifo.sv:1220]
INFO: [Synth 8-226] default block is never used [D:/Apps/Study/Vivado/2025.2/Vivado/data/ip/xpm/xpm_fifo/hdl/xpm_fifo.sv:1287]
INFO: [Synth 8-226] default block is never used [D:/Apps/Study/Vivado/2025.2/Vivado/data/ip/xpm/xpm_fifo/hdl/xpm_fifo.sv:1309]
INFO: [Synth 8-6157] synthesizing module 'xpm_fifo_reg_bit' [D:/Apps/Study/Vivado/2025.2/Vivado/data/ip/xpm/xpm_fifo/hdl/xpm_fifo.sv:1927]
INFO: [Synth 8-6155] done synthesizing module 'xpm_fifo_reg_bit' (0#1) [D:/Apps/Study/Vivado/2025.2/Vivado/data/ip/xpm/xpm_fifo/hdl/xpm_fifo.sv:1927]
INFO: [Synth 8-6157] synthesizing module 'xpm_counter_updn__parameterized1' [D:/Apps/Study/Vivado/2025.2/Vivado/data/ip/xpm/xpm_fifo/hdl/xpm_fifo.sv:1879]
INFO: [Synth 8-6155] done synthesizing module 'xpm_counter_updn__parameterized1' (0#1) [D:/Apps/Study/Vivado/2025.2/Vivado/data/ip/xpm/xpm_fifo/hdl/xpm_fifo.sv:1879]
INFO: [Synth 8-6157] synthesizing module 'xpm_fifo_rst' [D:/Apps/Study/Vivado/2025.2/Vivado/data/ip/xpm/xpm_fifo/hdl/xpm_fifo.sv:1639]
INFO: [Synth 8-6155] done synthesizing module 'xpm_fifo_rst' (0#1) [D:/Apps/Study/Vivado/2025.2/Vivado/data/ip/xpm/xpm_fifo/hdl/xpm_fifo.sv:1639]
INFO: [Synth 8-6157] synthesizing module 'xpm_counter_updn__parameterized2' [D:/Apps/Study/Vivado/2025.2/Vivado/data/ip/xpm/xpm_fifo/hdl/xpm_fifo.sv:1879]
INFO: [Synth 8-6155] done synthesizing module 'xpm_counter_updn__parameterized2' (0#1) [D:/Apps/Study/Vivado/2025.2/Vivado/data/ip/xpm/xpm_fifo/hdl/xpm_fifo.sv:1879]
INFO: [Synth 8-6157] synthesizing module 'xpm_counter_updn__parameterized3' [D:/Apps/Study/Vivado/2025.2/Vivado/data/ip/xpm/xpm_fifo/hdl/xpm_fifo.sv:1879]
INFO: [Synth 8-6155] done synthesizing module 'xpm_counter_updn__parameterized3' (0#1) [D:/Apps/Study/Vivado/2025.2/Vivado/data/ip/xpm/xpm_fifo/hdl/xpm_fifo.sv:1879]
INFO: [Synth 8-6155] done synthesizing module 'xpm_fifo_base' (0#1) [D:/Apps/Study/Vivado/2025.2/Vivado/data/ip/xpm/xpm_fifo/hdl/xpm_fifo.sv:53]
INFO: [Synth 8-6155] done synthesizing module 'xpm_fifo_sync' (0#1) [D:/Apps/Study/Vivado/2025.2/Vivado/data/ip/xpm/xpm_fifo/hdl/xpm_fifo.sv:1975]
INFO: [Synth 8-256] done synthesizing module 'axi_datamover_sfifo_autord' (0#1) [d:/int8-matmul-accelerator/matmul/matmul.gen/sources_1/bd/gemm_block/ipshared/d44a/hdl/axi_datamover_v5_1_vh_rfs.vhd:1372]
INFO: [Synth 8-256] done synthesizing module 'axi_datamover_rd_sf' (0#1) [d:/int8-matmul-accelerator/matmul/matmul.gen/sources_1/bd/gemm_block/ipshared/d44a/hdl/axi_datamover_v5_1_vh_rfs.vhd:20342]
INFO: [Synth 8-638] synthesizing module 'axi_datamover_skid_buf' [d:/int8-matmul-accelerator/matmul/matmul.gen/sources_1/bd/gemm_block/ipshared/d44a/hdl/axi_datamover_v5_1_vh_rfs.vhd:19643]
INFO: [Synth 8-256] done synthesizing module 'axi_datamover_skid_buf' (0#1) [d:/int8-matmul-accelerator/matmul/matmul.gen/sources_1/bd/gemm_block/ipshared/d44a/hdl/axi_datamover_v5_1_vh_rfs.vhd:19643]
INFO: [Synth 8-256] done synthesizing module 'axi_datamover_mm2s_full_wrap' (0#1) [d:/int8-matmul-accelerator/matmul/matmul.gen/sources_1/bd/gemm_block/ipshared/d44a/hdl/axi_datamover_v5_1_vh_rfs.vhd:53569]
INFO: [Synth 8-638] synthesizing module 'axi_datamover_s2mm_omit_wrap' [d:/int8-matmul-accelerator/matmul/matmul.gen/sources_1/bd/gemm_block/ipshared/d44a/hdl/axi_datamover_v5_1_vh_rfs.vhd:49625]
INFO: [Synth 8-256] done synthesizing module 'axi_datamover_s2mm_omit_wrap' (0#1) [d:/int8-matmul-accelerator/matmul/matmul.gen/sources_1/bd/gemm_block/ipshared/d44a/hdl/axi_datamover_v5_1_vh_rfs.vhd:49625]
INFO: [Synth 8-256] done synthesizing module 'axi_datamover' (0#1) [d:/int8-matmul-accelerator/matmul/matmul.gen/sources_1/bd/gemm_block/ipshared/d44a/hdl/axi_datamover_v5_1_vh_rfs.vhd:55430]
INFO: [Synth 8-256] done synthesizing module 'axi_dma' (0#1) [d:/int8-matmul-accelerator/matmul/matmul.gen/sources_1/bd/gemm_block/ipshared/7f6a/hdl/axi_dma_v7_1_vh_rfs.vhd:21979]
INFO: [Synth 8-256] done synthesizing module 'gemm_block_axi_dma_0_0' (0#1) [d:/int8-matmul-accelerator/matmul/matmul.gen/sources_1/bd/gemm_block/ip/gemm_block_axi_dma_0_0/synth/gemm_block_axi_dma_0_0.vhd:104]
WARNING: [Synth 8-7071] port 'mm2s_prmry_reset_out_n' of module 'gemm_block_axi_dma_0_0' is unconnected for instance 'axi_dma_0' [d:/int8-matmul-accelerator/matmul/matmul.gen/sources_1/bd/gemm_block/synth/gemm_block.v:256]
WARNING: [Synth 8-7071] port 'm_axis_mm2s_tkeep' of module 'gemm_block_axi_dma_0_0' is unconnected for instance 'axi_dma_0' [d:/int8-matmul-accelerator/matmul/matmul.gen/sources_1/bd/gemm_block/synth/gemm_block.v:256]
WARNING: [Synth 8-7071] port 'mm2s_introut' of module 'gemm_block_axi_dma_0_0' is unconnected for instance 'axi_dma_0' [d:/int8-matmul-accelerator/matmul/matmul.gen/sources_1/bd/gemm_block/synth/gemm_block.v:256]
WARNING: [Synth 8-7071] port 'axi_dma_tstvec' of module 'gemm_block_axi_dma_0_0' is unconnected for instance 'axi_dma_0' [d:/int8-matmul-accelerator/matmul/matmul.gen/sources_1/bd/gemm_block/synth/gemm_block.v:256]
WARNING: [Synth 8-7023] instance 'axi_dma_0' of module 'gemm_block_axi_dma_0_0' has 40 connections declared, but only 36 given [d:/int8-matmul-accelerator/matmul/matmul.gen/sources_1/bd/gemm_block/synth/gemm_block.v:256]
INFO: [Synth 8-638] synthesizing module 'gemm_block_axi_dma_1_0' [d:/int8-matmul-accelerator/matmul/matmul.gen/sources_1/bd/gemm_block/ip/gemm_block_axi_dma_1_0/synth/gemm_block_axi_dma_1_0.vhd:128]
	Parameter C_S_AXI_LITE_ADDR_WIDTH bound to: 10 - type: integer 
	Parameter C_S_AXI_LITE_DATA_WIDTH bound to: 32 - type: integer 
	Parameter C_DLYTMR_RESOLUTION bound to: 125 - type: integer 
	Parameter C_PRMRY_IS_ACLK_ASYNC bound to: 0 - type: integer 
	Parameter C_ENABLE_MULTI_CHANNEL bound to: 0 - type: integer 
	Parameter C_NUM_MM2S_CHANNELS bound to: 1 - type: integer 
	Parameter C_NUM_S2MM_CHANNELS bound to: 1 - type: integer 
	Parameter C_INCLUDE_SG bound to: 0 - type: integer 
	Parameter C_SG_INCLUDE_STSCNTRL_STRM bound to: 0 - type: integer 
	Parameter C_SG_USE_STSAPP_LENGTH bound to: 0 - type: integer 
	Parameter C_SG_LENGTH_WIDTH bound to: 14 - type: integer 
	Parameter C_M_AXI_SG_ADDR_WIDTH bound to: 32 - type: integer 
	Parameter C_M_AXI_SG_DATA_WIDTH bound to: 32 - type: integer 
	Parameter C_M_AXIS_MM2S_CNTRL_TDATA_WIDTH bound to: 32 - type: integer 
	Parameter C_S_AXIS_S2MM_STS_TDATA_WIDTH bound to: 32 - type: integer 
	Parameter C_MICRO_DMA bound to: 0 - type: integer 
	Parameter C_INCLUDE_MM2S bound to: 1 - type: integer 
	Parameter C_INCLUDE_MM2S_SF bound to: 1 - type: integer 
	Parameter C_MM2S_BURST_SIZE bound to: 256 - type: integer 
	Parameter C_M_AXI_MM2S_ADDR_WIDTH bound to: 32 - type: integer 
	Parameter C_M_AXI_MM2S_DATA_WIDTH bound to: 128 - type: integer 
	Parameter C_M_AXIS_MM2S_TDATA_WIDTH bound to: 128 - type: integer 
	Parameter C_INCLUDE_MM2S_DRE bound to: 0 - type: integer 
	Parameter C_INCLUDE_S2MM bound to: 1 - type: integer 
	Parameter C_INCLUDE_S2MM_SF bound to: 1 - type: integer 
	Parameter C_S2MM_BURST_SIZE bound to: 64 - type: integer 
	Parameter C_M_AXI_S2MM_ADDR_WIDTH bound to: 32 - type: integer 
	Parameter C_M_AXI_S2MM_DATA_WIDTH bound to: 128 - type: integer 
	Parameter C_S_AXIS_S2MM_TDATA_WIDTH bound to: 128 - type: integer 
	Parameter C_INCLUDE_S2MM_DRE bound to: 0 - type: integer 
	Parameter C_INCREASE_THROUGHPUT bound to: 0 - type: integer 
	Parameter C_FAMILY bound to: zynquplus - type: string 
INFO: [Synth 8-3491] module 'axi_dma' declared at 'd:/int8-matmul-accelerator/matmul/matmul.gen/sources_1/bd/gemm_block/ipshared/7f6a/hdl/axi_dma_v7_1_vh_rfs.vhd:21634' bound to instance 'U0' of component 'axi_dma' [d:/int8-matmul-accelerator/matmul/matmul.gen/sources_1/bd/gemm_block/ip/gemm_block_axi_dma_1_0/synth/gemm_block_axi_dma_1_0.vhd:388]
INFO: [Synth 8-638] synthesizing module 'axi_dma__parameterized1' [d:/int8-matmul-accelerator/matmul/matmul.gen/sources_1/bd/gemm_block/ipshared/7f6a/hdl/axi_dma_v7_1_vh_rfs.vhd:21979]
INFO: [Synth 8-638] synthesizing module 'axi_dma_rst_module__parameterized0' [d:/int8-matmul-accelerator/matmul/matmul.gen/sources_1/bd/gemm_block/ipshared/7f6a/hdl/axi_dma_v7_1_vh_rfs.vhd:1589]
	Parameter DEST_SYNC_FF bound to: 4 - type: integer 
	Parameter INIT bound to: 32'sb00000000000000000000000000000000 
	Parameter INIT_SYNC_FF bound to: 0 - type: integer 
	Parameter SIM_ASSERT_CHK bound to: 0 - type: integer 
INFO: [Synth 8-3491] module 'xpm_cdc_sync_rst' declared at 'D:/Apps/Study/Vivado/2025.2/Vivado/data/ip/xpm/xpm_cdc/hdl/xpm_cdc.sv:1059' bound to instance 'REG_HRD_RST' of component 'xpm_cdc_sync_rst' [d:/int8-matmul-accelerator/matmul/matmul.gen/sources_1/bd/gemm_block/ipshared/7f6a/hdl/axi_dma_v7_1_vh_rfs.vhd:1642]
	Parameter DEST_SYNC_FF bound to: 4 - type: integer 
	Parameter INIT bound to: 32'sb00000000000000000000000000000000 
	Parameter INIT_SYNC_FF bound to: 0 - type: integer 
	Parameter SIM_ASSERT_CHK bound to: 0 - type: integer 
INFO: [Synth 8-3491] module 'xpm_cdc_sync_rst' declared at 'D:/Apps/Study/Vivado/2025.2/Vivado/data/ip/xpm/xpm_cdc/hdl/xpm_cdc.sv:1059' bound to instance 'REG_HRD_RST_OUT' of component 'xpm_cdc_sync_rst' [d:/int8-matmul-accelerator/matmul/matmul.gen/sources_1/bd/gemm_block/ipshared/7f6a/hdl/axi_dma_v7_1_vh_rfs.vhd:1667]
INFO: [Synth 8-256] done synthesizing module 'axi_dma_rst_module__parameterized0' (0#1) [d:/int8-matmul-accelerator/matmul/matmul.gen/sources_1/bd/gemm_block/ipshared/7f6a/hdl/axi_dma_v7_1_vh_rfs.vhd:1589]
INFO: [Synth 8-638] synthesizing module 'axi_dma_reg_module__parameterized0' [d:/int8-matmul-accelerator/matmul/matmul.gen/sources_1/bd/gemm_block/ipshared/7f6a/hdl/axi_dma_v7_1_vh_rfs.vhd:8360]
INFO: [Synth 8-638] synthesizing module 'axi_dma_register_s2mm' [d:/int8-matmul-accelerator/matmul/matmul.gen/sources_1/bd/gemm_block/ipshared/7f6a/hdl/axi_dma_v7_1_vh_rfs.vhd:4776]
INFO: [Synth 8-256] done synthesizing module 'axi_dma_register_s2mm' (0#1) [d:/int8-matmul-accelerator/matmul/matmul.gen/sources_1/bd/gemm_block/ipshared/7f6a/hdl/axi_dma_v7_1_vh_rfs.vhd:4776]
INFO: [Synth 8-256] done synthesizing module 'axi_dma_reg_module__parameterized0' (0#1) [d:/int8-matmul-accelerator/matmul/matmul.gen/sources_1/bd/gemm_block/ipshared/7f6a/hdl/axi_dma_v7_1_vh_rfs.vhd:8360]
INFO: [Synth 8-638] synthesizing module 'axi_dma_s2mm_mngr' [d:/int8-matmul-accelerator/matmul/matmul.gen/sources_1/bd/gemm_block/ipshared/7f6a/hdl/axi_dma_v7_1_vh_rfs.vhd:20387]
INFO: [Synth 8-638] synthesizing module 'axi_dma_s2mm_cmdsts_if' [d:/int8-matmul-accelerator/matmul/matmul.gen/sources_1/bd/gemm_block/ipshared/7f6a/hdl/axi_dma_v7_1_vh_rfs.vhd:18680]
INFO: [Synth 8-256] done synthesizing module 'axi_dma_s2mm_cmdsts_if' (0#1) [d:/int8-matmul-accelerator/matmul/matmul.gen/sources_1/bd/gemm_block/ipshared/7f6a/hdl/axi_dma_v7_1_vh_rfs.vhd:18680]
INFO: [Synth 8-638] synthesizing module 'axi_dma_s2mm_sts_mngr' [d:/int8-matmul-accelerator/matmul/matmul.gen/sources_1/bd/gemm_block/ipshared/7f6a/hdl/axi_dma_v7_1_vh_rfs.vhd:19111]
INFO: [Synth 8-256] done synthesizing module 'axi_dma_s2mm_sts_mngr' (0#1) [d:/int8-matmul-accelerator/matmul/matmul.gen/sources_1/bd/gemm_block/ipshared/7f6a/hdl/axi_dma_v7_1_vh_rfs.vhd:19111]
INFO: [Synth 8-256] done synthesizing module 'axi_dma_s2mm_mngr' (0#1) [d:/int8-matmul-accelerator/matmul/matmul.gen/sources_1/bd/gemm_block/ipshared/7f6a/hdl/axi_dma_v7_1_vh_rfs.vhd:20387]
INFO: [Synth 8-638] synthesizing module 'axi_datamover__parameterized0' [d:/int8-matmul-accelerator/matmul/matmul.gen/sources_1/bd/gemm_block/ipshared/d44a/hdl/axi_datamover_v5_1_vh_rfs.vhd:55430]
INFO: [Synth 8-638] synthesizing module 'axi_datamover_s2mm_full_wrap' [d:/int8-matmul-accelerator/matmul/matmul.gen/sources_1/bd/gemm_block/ipshared/d44a/hdl/axi_datamover_v5_1_vh_rfs.vhd:50012]
INFO: [Synth 8-638] synthesizing module 'axi_datamover_cmd_status__parameterized0' [d:/int8-matmul-accelerator/matmul/matmul.gen/sources_1/bd/gemm_block/ipshared/d44a/hdl/axi_datamover_v5_1_vh_rfs.vhd:2913]
INFO: [Synth 8-638] synthesizing module 'axi_datamover_fifo__parameterized4' [d:/int8-matmul-accelerator/matmul/matmul.gen/sources_1/bd/gemm_block/ipshared/d44a/hdl/axi_datamover_v5_1_vh_rfs.vhd:2109]
INFO: [Synth 8-256] done synthesizing module 'axi_datamover_fifo__parameterized4' (0#1) [d:/int8-matmul-accelerator/matmul/matmul.gen/sources_1/bd/gemm_block/ipshared/d44a/hdl/axi_datamover_v5_1_vh_rfs.vhd:2109]
INFO: [Synth 8-256] done synthesizing module 'axi_datamover_cmd_status__parameterized0' (0#1) [d:/int8-matmul-accelerator/matmul/matmul.gen/sources_1/bd/gemm_block/ipshared/d44a/hdl/axi_datamover_v5_1_vh_rfs.vhd:2913]
INFO: [Synth 8-638] synthesizing module 'axi_datamover_wr_status_cntl' [d:/int8-matmul-accelerator/matmul/matmul.gen/sources_1/bd/gemm_block/ipshared/d44a/hdl/axi_datamover_v5_1_vh_rfs.vhd:17859]
INFO: [Synth 8-638] synthesizing module 'axi_datamover_fifo__parameterized5' [d:/int8-matmul-accelerator/matmul/matmul.gen/sources_1/bd/gemm_block/ipshared/d44a/hdl/axi_datamover_v5_1_vh_rfs.vhd:2109]
INFO: [Synth 8-638] synthesizing module 'axi_datamover_v5_1_37_srl_fifo__parameterized2' [d:/int8-matmul-accelerator/matmul/matmul.gen/sources_1/bd/gemm_block/ipshared/d44a/hdl/axi_datamover_v5_1_vh_rfs.vhd:1881]
INFO: [Synth 8-256] done synthesizing module 'axi_datamover_v5_1_37_srl_fifo__parameterized2' (0#1) [d:/int8-matmul-accelerator/matmul/matmul.gen/sources_1/bd/gemm_block/ipshared/d44a/hdl/axi_datamover_v5_1_vh_rfs.vhd:1881]
INFO: [Synth 8-256] done synthesizing module 'axi_datamover_fifo__parameterized5' (0#1) [d:/int8-matmul-accelerator/matmul/matmul.gen/sources_1/bd/gemm_block/ipshared/d44a/hdl/axi_datamover_v5_1_vh_rfs.vhd:2109]
INFO: [Synth 8-638] synthesizing module 'axi_datamover_fifo__parameterized6' [d:/int8-matmul-accelerator/matmul/matmul.gen/sources_1/bd/gemm_block/ipshared/d44a/hdl/axi_datamover_v5_1_vh_rfs.vhd:2109]
INFO: [Synth 8-638] synthesizing module 'axi_datamover_v5_1_37_srl_fifo__parameterized3' [d:/int8-matmul-accelerator/matmul/matmul.gen/sources_1/bd/gemm_block/ipshared/d44a/hdl/axi_datamover_v5_1_vh_rfs.vhd:1881]
INFO: [Synth 8-256] done synthesizing module 'axi_datamover_v5_1_37_srl_fifo__parameterized3' (0#1) [d:/int8-matmul-accelerator/matmul/matmul.gen/sources_1/bd/gemm_block/ipshared/d44a/hdl/axi_datamover_v5_1_vh_rfs.vhd:1881]
INFO: [Synth 8-256] done synthesizing module 'axi_datamover_fifo__parameterized6' (0#1) [d:/int8-matmul-accelerator/matmul/matmul.gen/sources_1/bd/gemm_block/ipshared/d44a/hdl/axi_datamover_v5_1_vh_rfs.vhd:2109]
INFO: [Synth 8-256] done synthesizing module 'axi_datamover_wr_status_cntl' (0#1) [d:/int8-matmul-accelerator/matmul/matmul.gen/sources_1/bd/gemm_block/ipshared/d44a/hdl/axi_datamover_v5_1_vh_rfs.vhd:17859]
INFO: [Synth 8-638] synthesizing module 'axi_datamover_ibttcc' [d:/int8-matmul-accelerator/matmul/matmul.gen/sources_1/bd/gemm_block/ipshared/d44a/hdl/axi_datamover_v5_1_vh_rfs.vhd:25827]
INFO: [Synth 8-256] done synthesizing module 'axi_datamover_ibttcc' (0#1) [d:/int8-matmul-accelerator/matmul/matmul.gen/sources_1/bd/gemm_block/ipshared/d44a/hdl/axi_datamover_v5_1_vh_rfs.vhd:25827]
INFO: [Synth 8-638] synthesizing module 'axi_datamover_s2mm_realign' [d:/int8-matmul-accelerator/matmul/matmul.gen/sources_1/bd/gemm_block/ipshared/d44a/hdl/axi_datamover_v5_1_vh_rfs.vhd:47044]
INFO: [Synth 8-638] synthesizing module 'axi_datamover_fifo__parameterized7' [d:/int8-matmul-accelerator/matmul/matmul.gen/sources_1/bd/gemm_block/ipshared/d44a/hdl/axi_datamover_v5_1_vh_rfs.vhd:2109]
INFO: [Synth 8-638] synthesizing module 'axi_datamover_v5_1_37_srl_fifo__parameterized4' [d:/int8-matmul-accelerator/matmul/matmul.gen/sources_1/bd/gemm_block/ipshared/d44a/hdl/axi_datamover_v5_1_vh_rfs.vhd:1881]
INFO: [Synth 8-256] done synthesizing module 'axi_datamover_v5_1_37_srl_fifo__parameterized4' (0#1) [d:/int8-matmul-accelerator/matmul/matmul.gen/sources_1/bd/gemm_block/ipshared/d44a/hdl/axi_datamover_v5_1_vh_rfs.vhd:1881]
INFO: [Synth 8-256] done synthesizing module 'axi_datamover_fifo__parameterized7' (0#1) [d:/int8-matmul-accelerator/matmul/matmul.gen/sources_1/bd/gemm_block/ipshared/d44a/hdl/axi_datamover_v5_1_vh_rfs.vhd:2109]
INFO: [Synth 8-638] synthesizing module 'axi_datamover_s2mm_scatter' [d:/int8-matmul-accelerator/matmul/matmul.gen/sources_1/bd/gemm_block/ipshared/d44a/hdl/axi_datamover_v5_1_vh_rfs.vhd:45156]
INFO: [Synth 8-638] synthesizing module 'axi_datamover_mssai_skid_buf' [d:/int8-matmul-accelerator/matmul/matmul.gen/sources_1/bd/gemm_block/ipshared/d44a/hdl/axi_datamover_v5_1_vh_rfs.vhd:44213]
INFO: [Synth 8-638] synthesizing module 'axi_datamover_ms_strb_set' [d:/int8-matmul-accelerator/matmul/matmul.gen/sources_1/bd/gemm_block/ipshared/d44a/hdl/axi_datamover_v5_1_vh_rfs.vhd:42655]
INFO: [Synth 8-256] done synthesizing module 'axi_datamover_ms_strb_set' (0#1) [d:/int8-matmul-accelerator/matmul/matmul.gen/sources_1/bd/gemm_block/ipshared/d44a/hdl/axi_datamover_v5_1_vh_rfs.vhd:42655]
INFO: [Synth 8-256] done synthesizing module 'axi_datamover_mssai_skid_buf' (0#1) [d:/int8-matmul-accelerator/matmul/matmul.gen/sources_1/bd/gemm_block/ipshared/d44a/hdl/axi_datamover_v5_1_vh_rfs.vhd:44213]
INFO: [Synth 8-638] synthesizing module 'axi_datamover_slice' [d:/int8-matmul-accelerator/matmul/matmul.gen/sources_1/bd/gemm_block/ipshared/d44a/hdl/axi_datamover_v5_1_vh_rfs.vhd:44901]
INFO: [Synth 8-256] done synthesizing module 'axi_datamover_slice' (0#1) [d:/int8-matmul-accelerator/matmul/matmul.gen/sources_1/bd/gemm_block/ipshared/d44a/hdl/axi_datamover_v5_1_vh_rfs.vhd:44901]
INFO: [Synth 8-638] synthesizing module 'axi_datamover_fifo__parameterized8' [d:/int8-matmul-accelerator/matmul/matmul.gen/sources_1/bd/gemm_block/ipshared/d44a/hdl/axi_datamover_v5_1_vh_rfs.vhd:2109]
INFO: [Synth 8-638] synthesizing module 'axi_datamover_sfifo_autord__parameterized0' [d:/int8-matmul-accelerator/matmul/matmul.gen/sources_1/bd/gemm_block/ipshared/d44a/hdl/axi_datamover_v5_1_vh_rfs.vhd:1372]
	Parameter FIFO_MEMORY_TYPE bound to: auto - type: string 
	Parameter FIFO_WRITE_DEPTH bound to: 16 - type: integer 
	Parameter WRITE_DATA_WIDTH bound to: 23 - type: integer 
	Parameter READ_MODE bound to: fwft - type: string 
	Parameter FIFO_READ_LATENCY bound to: 0 - type: integer 
	Parameter FULL_RESET_VALUE bound to: 1 - type: integer 
	Parameter USE_ADV_FEATURES bound to: 1F1F - type: string 
	Parameter READ_DATA_WIDTH bound to: 23 - type: integer 
	Parameter WR_DATA_COUNT_WIDTH bound to: 5 - type: integer 
	Parameter PROG_FULL_THRESH bound to: 10 - type: integer 
	Parameter RD_DATA_COUNT_WIDTH bound to: 5 - type: integer 
	Parameter PROG_EMPTY_THRESH bound to: 10 - type: integer 
	Parameter DOUT_RESET_VALUE bound to: 0 - type: string 
	Parameter ECC_MODE bound to: no_ecc - type: string 
	Parameter WAKEUP_TIME bound to: 0 - type: integer 
INFO: [Synth 8-3491] module 'xpm_fifo_sync' declared at 'D:/Apps/Study/Vivado/2025.2/Vivado/data/ip/xpm/xpm_fifo/hdl/xpm_fifo.sv:1975' bound to instance 'I_SYNC_FIFOGEN_FIFO' of component 'xpm_fifo_sync' [d:/int8-matmul-accelerator/matmul/matmul.gen/sources_1/bd/gemm_block/ipshared/d44a/hdl/axi_datamover_v5_1_vh_rfs.vhd:1449]
INFO: [Synth 8-6157] synthesizing module 'xpm_fifo_sync__parameterized1' [D:/Apps/Study/Vivado/2025.2/Vivado/data/ip/xpm/xpm_fifo/hdl/xpm_fifo.sv:1975]
INFO: [Synth 8-6157] synthesizing module 'xpm_fifo_base__parameterized0' [D:/Apps/Study/Vivado/2025.2/Vivado/data/ip/xpm/xpm_fifo/hdl/xpm_fifo.sv:53]
INFO: [Synth 8-6157] synthesizing module 'xpm_counter_updn__parameterized4' [D:/Apps/Study/Vivado/2025.2/Vivado/data/ip/xpm/xpm_fifo/hdl/xpm_fifo.sv:1879]
INFO: [Synth 8-6155] done synthesizing module 'xpm_counter_updn__parameterized4' (0#1) [D:/Apps/Study/Vivado/2025.2/Vivado/data/ip/xpm/xpm_fifo/hdl/xpm_fifo.sv:1879]
INFO: [Synth 8-6157] synthesizing module 'xpm_counter_updn__parameterized5' [D:/Apps/Study/Vivado/2025.2/Vivado/data/ip/xpm/xpm_fifo/hdl/xpm_fifo.sv:1879]
INFO: [Synth 8-6155] done synthesizing module 'xpm_counter_updn__parameterized5' (0#1) [D:/Apps/Study/Vivado/2025.2/Vivado/data/ip/xpm/xpm_fifo/hdl/xpm_fifo.sv:1879]
INFO: [Synth 8-6157] synthesizing module 'xpm_memory_base__parameterized0' [D:/Apps/Study/Vivado/2025.2/Vivado/data/ip/xpm/xpm_memory/hdl/xpm_memory.sv:54]
INFO: [Synth 8-6059] Synth Info: [XPM_MEMORY 20-1] MEMORY_PRIMITIVE (0) instructs Vivado Synthesis to choose the memory primitive type. Depending on their values, other XPM_MEMORY parameters may preclude the choice of certain memory primitive types. Review XPM_MEMORY documentation and parameter values to understand any limitations, or set MEMORY_PRIMITIVE to a different value.   [D:/Apps/Study/Vivado/2025.2/Vivado/data/ip/xpm/xpm_memory/hdl/xpm_memory.sv:522]
INFO: [Synth 8-6155] done synthesizing module 'xpm_memory_base__parameterized0' (0#1) [D:/Apps/Study/Vivado/2025.2/Vivado/data/ip/xpm/xpm_memory/hdl/xpm_memory.sv:54]
INFO: [Synth 8-226] default block is never used [D:/Apps/Study/Vivado/2025.2/Vivado/data/ip/xpm/xpm_fifo/hdl/xpm_fifo.sv:1220]
INFO: [Synth 8-226] default block is never used [D:/Apps/Study/Vivado/2025.2/Vivado/data/ip/xpm/xpm_fifo/hdl/xpm_fifo.sv:1287]
INFO: [Synth 8-226] default block is never used [D:/Apps/Study/Vivado/2025.2/Vivado/data/ip/xpm/xpm_fifo/hdl/xpm_fifo.sv:1309]
INFO: [Synth 8-6157] synthesizing module 'xpm_counter_updn__parameterized6' [D:/Apps/Study/Vivado/2025.2/Vivado/data/ip/xpm/xpm_fifo/hdl/xpm_fifo.sv:1879]
INFO: [Synth 8-6155] done synthesizing module 'xpm_counter_updn__parameterized6' (0#1) [D:/Apps/Study/Vivado/2025.2/Vivado/data/ip/xpm/xpm_fifo/hdl/xpm_fifo.sv:1879]
INFO: [Synth 8-6157] synthesizing module 'xpm_counter_updn__parameterized7' [D:/Apps/Study/Vivado/2025.2/Vivado/data/ip/xpm/xpm_fifo/hdl/xpm_fifo.sv:1879]
INFO: [Synth 8-6155] done synthesizing module 'xpm_counter_updn__parameterized7' (0#1) [D:/Apps/Study/Vivado/2025.2/Vivado/data/ip/xpm/xpm_fifo/hdl/xpm_fifo.sv:1879]
INFO: [Synth 8-6155] done synthesizing module 'xpm_fifo_base__parameterized0' (0#1) [D:/Apps/Study/Vivado/2025.2/Vivado/data/ip/xpm/xpm_fifo/hdl/xpm_fifo.sv:53]
INFO: [Synth 8-6155] done synthesizing module 'xpm_fifo_sync__parameterized1' (0#1) [D:/Apps/Study/Vivado/2025.2/Vivado/data/ip/xpm/xpm_fifo/hdl/xpm_fifo.sv:1975]
INFO: [Synth 8-256] done synthesizing module 'axi_datamover_sfifo_autord__parameterized0' (0#1) [d:/int8-matmul-accelerator/matmul/matmul.gen/sources_1/bd/gemm_block/ipshared/d44a/hdl/axi_datamover_v5_1_vh_rfs.vhd:1372]
INFO: [Synth 8-256] done synthesizing module 'axi_datamover_fifo__parameterized8' (0#1) [d:/int8-matmul-accelerator/matmul/matmul.gen/sources_1/bd/gemm_block/ipshared/d44a/hdl/axi_datamover_v5_1_vh_rfs.vhd:2109]
INFO: [Synth 8-256] done synthesizing module 'axi_datamover_s2mm_scatter' (0#1) [d:/int8-matmul-accelerator/matmul/matmul.gen/sources_1/bd/gemm_block/ipshared/d44a/hdl/axi_datamover_v5_1_vh_rfs.vhd:45156]
INFO: [Synth 8-256] done synthesizing module 'axi_datamover_s2mm_realign' (0#1) [d:/int8-matmul-accelerator/matmul/matmul.gen/sources_1/bd/gemm_block/ipshared/d44a/hdl/axi_datamover_v5_1_vh_rfs.vhd:47044]
INFO: [Synth 8-638] synthesizing module 'axi_datamover_indet_btt' [d:/int8-matmul-accelerator/matmul/matmul.gen/sources_1/bd/gemm_block/ipshared/d44a/hdl/axi_datamover_v5_1_vh_rfs.vhd:28518]
INFO: [Synth 8-638] synthesizing module 'axi_datamover_stbs_set_nodre' [d:/int8-matmul-accelerator/matmul/matmul.gen/sources_1/bd/gemm_block/ipshared/d44a/hdl/axi_datamover_v5_1_vh_rfs.vhd:24311]
INFO: [Synth 8-256] done synthesizing module 'axi_datamover_stbs_set_nodre' (0#1) [d:/int8-matmul-accelerator/matmul/matmul.gen/sources_1/bd/gemm_block/ipshared/d44a/hdl/axi_datamover_v5_1_vh_rfs.vhd:24311]
INFO: [Synth 8-638] synthesizing module 'axi_datamover_sfifo_autord__parameterized1' [d:/int8-matmul-accelerator/matmul/matmul.gen/sources_1/bd/gemm_block/ipshared/d44a/hdl/axi_datamover_v5_1_vh_rfs.vhd:1372]
	Parameter FIFO_MEMORY_TYPE bound to: auto - type: string 
	Parameter FIFO_WRITE_DEPTH bound to: 16 - type: integer 
	Parameter WRITE_DATA_WIDTH bound to: 13 - type: integer 
	Parameter READ_MODE bound to: fwft - type: string 
	Parameter FIFO_READ_LATENCY bound to: 0 - type: integer 
	Parameter FULL_RESET_VALUE bound to: 1 - type: integer 
	Parameter USE_ADV_FEATURES bound to: 1F1F - type: string 
	Parameter READ_DATA_WIDTH bound to: 13 - type: integer 
	Parameter WR_DATA_COUNT_WIDTH bound to: 5 - type: integer 
	Parameter PROG_FULL_THRESH bound to: 10 - type: integer 
	Parameter RD_DATA_COUNT_WIDTH bound to: 5 - type: integer 
	Parameter PROG_EMPTY_THRESH bound to: 10 - type: integer 
	Parameter DOUT_RESET_VALUE bound to: 0 - type: string 
	Parameter ECC_MODE bound to: no_ecc - type: string 
	Parameter WAKEUP_TIME bound to: 0 - type: integer 
INFO: [Synth 8-3491] module 'xpm_fifo_sync' declared at 'D:/Apps/Study/Vivado/2025.2/Vivado/data/ip/xpm/xpm_fifo/hdl/xpm_fifo.sv:1975' bound to instance 'I_SYNC_FIFOGEN_FIFO' of component 'xpm_fifo_sync' [d:/int8-matmul-accelerator/matmul/matmul.gen/sources_1/bd/gemm_block/ipshared/d44a/hdl/axi_datamover_v5_1_vh_rfs.vhd:1449]
INFO: [Synth 8-6157] synthesizing module 'xpm_fifo_sync__parameterized3' [D:/Apps/Study/Vivado/2025.2/Vivado/data/ip/xpm/xpm_fifo/hdl/xpm_fifo.sv:1975]
INFO: [Synth 8-6157] synthesizing module 'xpm_fifo_base__parameterized1' [D:/Apps/Study/Vivado/2025.2/Vivado/data/ip/xpm/xpm_fifo/hdl/xpm_fifo.sv:53]
INFO: [Synth 8-6157] synthesizing module 'xpm_memory_base__parameterized1' [D:/Apps/Study/Vivado/2025.2/Vivado/data/ip/xpm/xpm_memory/hdl/xpm_memory.sv:54]
INFO: [Synth 8-6059] Synth Info: [XPM_MEMORY 20-1] MEMORY_PRIMITIVE (0) instructs Vivado Synthesis to choose the memory primitive type. Depending on their values, other XPM_MEMORY parameters may preclude the choice of certain memory primitive types. Review XPM_MEMORY documentation and parameter values to understand any limitations, or set MEMORY_PRIMITIVE to a different value.   [D:/Apps/Study/Vivado/2025.2/Vivado/data/ip/xpm/xpm_memory/hdl/xpm_memory.sv:522]
INFO: [Synth 8-6155] done synthesizing module 'xpm_memory_base__parameterized1' (0#1) [D:/Apps/Study/Vivado/2025.2/Vivado/data/ip/xpm/xpm_memory/hdl/xpm_memory.sv:54]
INFO: [Synth 8-226] default block is never used [D:/Apps/Study/Vivado/2025.2/Vivado/data/ip/xpm/xpm_fifo/hdl/xpm_fifo.sv:1220]
INFO: [Synth 8-226] default block is never used [D:/Apps/Study/Vivado/2025.2/Vivado/data/ip/xpm/xpm_fifo/hdl/xpm_fifo.sv:1287]
INFO: [Synth 8-226] default block is never used [D:/Apps/Study/Vivado/2025.2/Vivado/data/ip/xpm/xpm_fifo/hdl/xpm_fifo.sv:1309]
INFO: [Synth 8-6155] done synthesizing module 'xpm_fifo_base__parameterized1' (0#1) [D:/Apps/Study/Vivado/2025.2/Vivado/data/ip/xpm/xpm_fifo/hdl/xpm_fifo.sv:53]
INFO: [Synth 8-6155] done synthesizing module 'xpm_fifo_sync__parameterized3' (0#1) [D:/Apps/Study/Vivado/2025.2/Vivado/data/ip/xpm/xpm_fifo/hdl/xpm_fifo.sv:1975]
INFO: [Synth 8-256] done synthesizing module 'axi_datamover_sfifo_autord__parameterized1' (0#1) [d:/int8-matmul-accelerator/matmul/matmul.gen/sources_1/bd/gemm_block/ipshared/d44a/hdl/axi_datamover_v5_1_vh_rfs.vhd:1372]
INFO: [Synth 8-638] synthesizing module 'axi_datamover_sfifo_autord__parameterized2' [d:/int8-matmul-accelerator/matmul/matmul.gen/sources_1/bd/gemm_block/ipshared/d44a/hdl/axi_datamover_v5_1_vh_rfs.vhd:1372]
	Parameter FIFO_MEMORY_TYPE bound to: block - type: string 
	Parameter FIFO_WRITE_DEPTH bound to: 512 - type: integer 
	Parameter WRITE_DATA_WIDTH bound to: 146 - type: integer 
	Parameter READ_MODE bound to: fwft - type: string 
	Parameter FIFO_READ_LATENCY bound to: 0 - type: integer 
	Parameter FULL_RESET_VALUE bound to: 1 - type: integer 
	Parameter USE_ADV_FEATURES bound to: 1F1F - type: string 
	Parameter READ_DATA_WIDTH bound to: 146 - type: integer 
	Parameter WR_DATA_COUNT_WIDTH bound to: 10 - type: integer 
	Parameter PROG_FULL_THRESH bound to: 10 - type: integer 
	Parameter RD_DATA_COUNT_WIDTH bound to: 10 - type: integer 
	Parameter PROG_EMPTY_THRESH bound to: 10 - type: integer 
	Parameter DOUT_RESET_VALUE bound to: 0 - type: string 
	Parameter ECC_MODE bound to: no_ecc - type: string 
	Parameter WAKEUP_TIME bound to: 0 - type: integer 
INFO: [Synth 8-3491] module 'xpm_fifo_sync' declared at 'D:/Apps/Study/Vivado/2025.2/Vivado/data/ip/xpm/xpm_fifo/hdl/xpm_fifo.sv:1975' bound to instance 'I_SYNC_FIFOGEN_FIFO' of component 'xpm_fifo_sync' [d:/int8-matmul-accelerator/matmul/matmul.gen/sources_1/bd/gemm_block/ipshared/d44a/hdl/axi_datamover_v5_1_vh_rfs.vhd:1498]
INFO: [Synth 8-6157] synthesizing module 'xpm_fifo_sync__parameterized5' [D:/Apps/Study/Vivado/2025.2/Vivado/data/ip/xpm/xpm_fifo/hdl/xpm_fifo.sv:1975]
INFO: [Synth 8-6157] synthesizing module 'xpm_fifo_base__parameterized2' [D:/Apps/Study/Vivado/2025.2/Vivado/data/ip/xpm/xpm_fifo/hdl/xpm_fifo.sv:53]
INFO: [Synth 8-6157] synthesizing module 'xpm_counter_updn__parameterized8' [D:/Apps/Study/Vivado/2025.2/Vivado/data/ip/xpm/xpm_fifo/hdl/xpm_fifo.sv:1879]
INFO: [Synth 8-6155] done synthesizing module 'xpm_counter_updn__parameterized8' (0#1) [D:/Apps/Study/Vivado/2025.2/Vivado/data/ip/xpm/xpm_fifo/hdl/xpm_fifo.sv:1879]
INFO: [Synth 8-6157] synthesizing module 'xpm_counter_updn__parameterized9' [D:/Apps/Study/Vivado/2025.2/Vivado/data/ip/xpm/xpm_fifo/hdl/xpm_fifo.sv:1879]
INFO: [Synth 8-6155] done synthesizing module 'xpm_counter_updn__parameterized9' (0#1) [D:/Apps/Study/Vivado/2025.2/Vivado/data/ip/xpm/xpm_fifo/hdl/xpm_fifo.sv:1879]
INFO: [Synth 8-6157] synthesizing module 'xpm_memory_base__parameterized2' [D:/Apps/Study/Vivado/2025.2/Vivado/data/ip/xpm/xpm_memory/hdl/xpm_memory.sv:54]
INFO: [Synth 8-6155] done synthesizing module 'xpm_memory_base__parameterized2' (0#1) [D:/Apps/Study/Vivado/2025.2/Vivado/data/ip/xpm/xpm_memory/hdl/xpm_memory.sv:54]
INFO: [Synth 8-226] default block is never used [D:/Apps/Study/Vivado/2025.2/Vivado/data/ip/xpm/xpm_fifo/hdl/xpm_fifo.sv:1220]
INFO: [Synth 8-226] default block is never used [D:/Apps/Study/Vivado/2025.2/Vivado/data/ip/xpm/xpm_fifo/hdl/xpm_fifo.sv:1287]
INFO: [Synth 8-226] default block is never used [D:/Apps/Study/Vivado/2025.2/Vivado/data/ip/xpm/xpm_fifo/hdl/xpm_fifo.sv:1309]
INFO: [Synth 8-6157] synthesizing module 'xpm_counter_updn__parameterized10' [D:/Apps/Study/Vivado/2025.2/Vivado/data/ip/xpm/xpm_fifo/hdl/xpm_fifo.sv:1879]
INFO: [Synth 8-6155] done synthesizing module 'xpm_counter_updn__parameterized10' (0#1) [D:/Apps/Study/Vivado/2025.2/Vivado/data/ip/xpm/xpm_fifo/hdl/xpm_fifo.sv:1879]
INFO: [Synth 8-6157] synthesizing module 'xpm_counter_updn__parameterized11' [D:/Apps/Study/Vivado/2025.2/Vivado/data/ip/xpm/xpm_fifo/hdl/xpm_fifo.sv:1879]
INFO: [Synth 8-6155] done synthesizing module 'xpm_counter_updn__parameterized11' (0#1) [D:/Apps/Study/Vivado/2025.2/Vivado/data/ip/xpm/xpm_fifo/hdl/xpm_fifo.sv:1879]
INFO: [Synth 8-6155] done synthesizing module 'xpm_fifo_base__parameterized2' (0#1) [D:/Apps/Study/Vivado/2025.2/Vivado/data/ip/xpm/xpm_fifo/hdl/xpm_fifo.sv:53]
INFO: [Synth 8-6155] done synthesizing module 'xpm_fifo_sync__parameterized5' (0#1) [D:/Apps/Study/Vivado/2025.2/Vivado/data/ip/xpm/xpm_fifo/hdl/xpm_fifo.sv:1975]
INFO: [Synth 8-256] done synthesizing module 'axi_datamover_sfifo_autord__parameterized2' (0#1) [d:/int8-matmul-accelerator/matmul/matmul.gen/sources_1/bd/gemm_block/ipshared/d44a/hdl/axi_datamover_v5_1_vh_rfs.vhd:1372]
INFO: [Synth 8-638] synthesizing module 'axi_datamover_skid_buf__parameterized0' [d:/int8-matmul-accelerator/matmul/matmul.gen/sources_1/bd/gemm_block/ipshared/d44a/hdl/axi_datamover_v5_1_vh_rfs.vhd:19643]
INFO: [Synth 8-256] done synthesizing module 'axi_datamover_skid_buf__parameterized0' (0#1) [d:/int8-matmul-accelerator/matmul/matmul.gen/sources_1/bd/gemm_block/ipshared/d44a/hdl/axi_datamover_v5_1_vh_rfs.vhd:19643]
INFO: [Synth 8-256] done synthesizing module 'axi_datamover_indet_btt' (0#1) [d:/int8-matmul-accelerator/matmul/matmul.gen/sources_1/bd/gemm_block/ipshared/d44a/hdl/axi_datamover_v5_1_vh_rfs.vhd:28518]
INFO: [Synth 8-638] synthesizing module 'axi_datamover_addr_cntl__parameterized0' [d:/int8-matmul-accelerator/matmul/matmul.gen/sources_1/bd/gemm_block/ipshared/d44a/hdl/axi_datamover_v5_1_vh_rfs.vhd:10191]
INFO: [Synth 8-256] done synthesizing module 'axi_datamover_addr_cntl__parameterized0' (0#1) [d:/int8-matmul-accelerator/matmul/matmul.gen/sources_1/bd/gemm_block/ipshared/d44a/hdl/axi_datamover_v5_1_vh_rfs.vhd:10191]
INFO: [Synth 8-638] synthesizing module 'axi_datamover_wrdata_cntl' [d:/int8-matmul-accelerator/matmul/matmul.gen/sources_1/bd/gemm_block/ipshared/d44a/hdl/axi_datamover_v5_1_vh_rfs.vhd:15835]
INFO: [Synth 8-638] synthesizing module 'axi_datamover_fifo__parameterized9' [d:/int8-matmul-accelerator/matmul/matmul.gen/sources_1/bd/gemm_block/ipshared/d44a/hdl/axi_datamover_v5_1_vh_rfs.vhd:2109]
INFO: [Synth 8-638] synthesizing module 'axi_datamover_v5_1_37_srl_fifo__parameterized5' [d:/int8-matmul-accelerator/matmul/matmul.gen/sources_1/bd/gemm_block/ipshared/d44a/hdl/axi_datamover_v5_1_vh_rfs.vhd:1881]
INFO: [Synth 8-256] done synthesizing module 'axi_datamover_v5_1_37_srl_fifo__parameterized5' (0#1) [d:/int8-matmul-accelerator/matmul/matmul.gen/sources_1/bd/gemm_block/ipshared/d44a/hdl/axi_datamover_v5_1_vh_rfs.vhd:1881]
INFO: [Synth 8-256] done synthesizing module 'axi_datamover_fifo__parameterized9' (0#1) [d:/int8-matmul-accelerator/matmul/matmul.gen/sources_1/bd/gemm_block/ipshared/d44a/hdl/axi_datamover_v5_1_vh_rfs.vhd:2109]
INFO: [Synth 8-256] done synthesizing module 'axi_datamover_wrdata_cntl' (0#1) [d:/int8-matmul-accelerator/matmul/matmul.gen/sources_1/bd/gemm_block/ipshared/d44a/hdl/axi_datamover_v5_1_vh_rfs.vhd:15835]
INFO: [Synth 8-638] synthesizing module 'axi_datamover_skid2mm_buf' [d:/int8-matmul-accelerator/matmul/matmul.gen/sources_1/bd/gemm_block/ipshared/d44a/hdl/axi_datamover_v5_1_vh_rfs.vhd:19147]
INFO: [Synth 8-638] synthesizing module 'axi_datamover_wr_demux' [d:/int8-matmul-accelerator/matmul/matmul.gen/sources_1/bd/gemm_block/ipshared/d44a/hdl/axi_datamover_v5_1_vh_rfs.vhd:14284]
INFO: [Synth 8-256] done synthesizing module 'axi_datamover_wr_demux' (0#1) [d:/int8-matmul-accelerator/matmul/matmul.gen/sources_1/bd/gemm_block/ipshared/d44a/hdl/axi_datamover_v5_1_vh_rfs.vhd:14284]
INFO: [Synth 8-256] done synthesizing module 'axi_datamover_skid2mm_buf' (0#1) [d:/int8-matmul-accelerator/matmul/matmul.gen/sources_1/bd/gemm_block/ipshared/d44a/hdl/axi_datamover_v5_1_vh_rfs.vhd:19147]
INFO: [Synth 8-256] done synthesizing module 'axi_datamover_s2mm_full_wrap' (0#1) [d:/int8-matmul-accelerator/matmul/matmul.gen/sources_1/bd/gemm_block/ipshared/d44a/hdl/axi_datamover_v5_1_vh_rfs.vhd:50012]
INFO: [Synth 8-256] done synthesizing module 'axi_datamover__parameterized0' (0#1) [d:/int8-matmul-accelerator/matmul/matmul.gen/sources_1/bd/gemm_block/ipshared/d44a/hdl/axi_datamover_v5_1_vh_rfs.vhd:55430]
INFO: [Synth 8-256] done synthesizing module 'axi_dma__parameterized1' (0#1) [d:/int8-matmul-accelerator/matmul/matmul.gen/sources_1/bd/gemm_block/ipshared/7f6a/hdl/axi_dma_v7_1_vh_rfs.vhd:21979]
INFO: [Synth 8-256] done synthesizing module 'gemm_block_axi_dma_1_0' (0#1) [d:/int8-matmul-accelerator/matmul/matmul.gen/sources_1/bd/gemm_block/ip/gemm_block_axi_dma_1_0/synth/gemm_block_axi_dma_1_0.vhd:128]
WARNING: [Synth 8-7071] port 'mm2s_prmry_reset_out_n' of module 'gemm_block_axi_dma_1_0' is unconnected for instance 'axi_dma_1' [d:/int8-matmul-accelerator/matmul/matmul.gen/sources_1/bd/gemm_block/synth/gemm_block.v:293]
WARNING: [Synth 8-7071] port 'm_axis_mm2s_tkeep' of module 'gemm_block_axi_dma_1_0' is unconnected for instance 'axi_dma_1' [d:/int8-matmul-accelerator/matmul/matmul.gen/sources_1/bd/gemm_block/synth/gemm_block.v:293]
WARNING: [Synth 8-7071] port 's2mm_prmry_reset_out_n' of module 'gemm_block_axi_dma_1_0' is unconnected for instance 'axi_dma_1' [d:/int8-matmul-accelerator/matmul/matmul.gen/sources_1/bd/gemm_block/synth/gemm_block.v:293]
WARNING: [Synth 8-7071] port 'mm2s_introut' of module 'gemm_block_axi_dma_1_0' is unconnected for instance 'axi_dma_1' [d:/int8-matmul-accelerator/matmul/matmul.gen/sources_1/bd/gemm_block/synth/gemm_block.v:293]
WARNING: [Synth 8-7071] port 's2mm_introut' of module 'gemm_block_axi_dma_1_0' is unconnected for instance 'axi_dma_1' [d:/int8-matmul-accelerator/matmul/matmul.gen/sources_1/bd/gemm_block/synth/gemm_block.v:293]
WARNING: [Synth 8-7071] port 'axi_dma_tstvec' of module 'gemm_block_axi_dma_1_0' is unconnected for instance 'axi_dma_1' [d:/int8-matmul-accelerator/matmul/matmul.gen/sources_1/bd/gemm_block/synth/gemm_block.v:293]
WARNING: [Synth 8-7023] instance 'axi_dma_1' of module 'gemm_block_axi_dma_1_0' has 64 connections declared, but only 58 given [d:/int8-matmul-accelerator/matmul/matmul.gen/sources_1/bd/gemm_block/synth/gemm_block.v:293]
INFO: [Synth 8-638] synthesizing module 'gemm_block_axi_gpio_0_0' [d:/int8-matmul-accelerator/matmul/matmul.gen/sources_1/bd/gemm_block/ip/gemm_block_axi_gpio_0_0/synth/gemm_block_axi_gpio_0_0.vhd:85]
	Parameter C_FAMILY bound to: zynquplus - type: string 
	Parameter C_S_AXI_ADDR_WIDTH bound to: 9 - type: integer 
	Parameter C_S_AXI_DATA_WIDTH bound to: 32 - type: integer 
	Parameter C_GPIO_WIDTH bound to: 32 - type: integer 
	Parameter C_GPIO2_WIDTH bound to: 32 - type: integer 
	Parameter C_ALL_INPUTS bound to: 0 - type: integer 
	Parameter C_ALL_INPUTS_2 bound to: 0 - type: integer 
	Parameter C_ALL_OUTPUTS bound to: 1 - type: integer 
	Parameter C_ALL_OUTPUTS_2 bound to: 1 - type: integer 
	Parameter C_INTERRUPT_PRESENT bound to: 0 - type: integer 
	Parameter C_DOUT_DEFAULT bound to: 32'b00000000000000000000000000000000 
	Parameter C_TRI_DEFAULT bound to: 32'b11111111111111111111111111111111 
	Parameter C_IS_DUAL bound to: 1 - type: integer 
	Parameter C_DOUT_DEFAULT_2 bound to: 32'b00000000000000000000000000000000 
	Parameter C_TRI_DEFAULT_2 bound to: 32'b11111111111111111111111111111111 
INFO: [Synth 8-3491] module 'axi_gpio' declared at 'd:/int8-matmul-accelerator/matmul/matmul.gen/sources_1/bd/gemm_block/ipshared/0271/hdl/axi_gpio_v2_0_vh_rfs.vhd:1255' bound to instance 'U0' of component 'axi_gpio' [d:/int8-matmul-accelerator/matmul/matmul.gen/sources_1/bd/gemm_block/ip/gemm_block_axi_gpio_0_0/synth/gemm_block_axi_gpio_0_0.vhd:177]
INFO: [Synth 8-638] synthesizing module 'axi_gpio' [d:/int8-matmul-accelerator/matmul/matmul.gen/sources_1/bd/gemm_block/ipshared/0271/hdl/axi_gpio_v2_0_vh_rfs.vhd:1341]
INFO: [Synth 8-638] synthesizing module 'axi_lite_ipif' [d:/int8-matmul-accelerator/matmul/matmul.gen/sources_1/bd/gemm_block/ipshared/66ea/hdl/axi_lite_ipif_v3_0_vh_rfs.vhd:2948]
INFO: [Synth 8-638] synthesizing module 'slave_attachment' [d:/int8-matmul-accelerator/matmul/matmul.gen/sources_1/bd/gemm_block/ipshared/66ea/hdl/axi_lite_ipif_v3_0_vh_rfs.vhd:2341]
INFO: [Synth 8-638] synthesizing module 'address_decoder' [d:/int8-matmul-accelerator/matmul/matmul.gen/sources_1/bd/gemm_block/ipshared/66ea/hdl/axi_lite_ipif_v3_0_vh_rfs.vhd:1775]
INFO: [Synth 8-638] synthesizing module 'pselect_f' [d:/int8-matmul-accelerator/matmul/matmul.gen/sources_1/bd/gemm_block/ipshared/66ea/hdl/axi_lite_ipif_v3_0_vh_rfs.vhd:1534]
INFO: [Synth 8-256] done synthesizing module 'pselect_f' (0#1) [d:/int8-matmul-accelerator/matmul/matmul.gen/sources_1/bd/gemm_block/ipshared/66ea/hdl/axi_lite_ipif_v3_0_vh_rfs.vhd:1534]
INFO: [Synth 8-638] synthesizing module 'pselect_f__parameterized0' [d:/int8-matmul-accelerator/matmul/matmul.gen/sources_1/bd/gemm_block/ipshared/66ea/hdl/axi_lite_ipif_v3_0_vh_rfs.vhd:1534]
INFO: [Synth 8-256] done synthesizing module 'pselect_f__parameterized0' (0#1) [d:/int8-matmul-accelerator/matmul/matmul.gen/sources_1/bd/gemm_block/ipshared/66ea/hdl/axi_lite_ipif_v3_0_vh_rfs.vhd:1534]
INFO: [Synth 8-638] synthesizing module 'pselect_f__parameterized1' [d:/int8-matmul-accelerator/matmul/matmul.gen/sources_1/bd/gemm_block/ipshared/66ea/hdl/axi_lite_ipif_v3_0_vh_rfs.vhd:1534]
INFO: [Synth 8-256] done synthesizing module 'pselect_f__parameterized1' (0#1) [d:/int8-matmul-accelerator/matmul/matmul.gen/sources_1/bd/gemm_block/ipshared/66ea/hdl/axi_lite_ipif_v3_0_vh_rfs.vhd:1534]
INFO: [Synth 8-638] synthesizing module 'pselect_f__parameterized2' [d:/int8-matmul-accelerator/matmul/matmul.gen/sources_1/bd/gemm_block/ipshared/66ea/hdl/axi_lite_ipif_v3_0_vh_rfs.vhd:1534]
INFO: [Synth 8-256] done synthesizing module 'pselect_f__parameterized2' (0#1) [d:/int8-matmul-accelerator/matmul/matmul.gen/sources_1/bd/gemm_block/ipshared/66ea/hdl/axi_lite_ipif_v3_0_vh_rfs.vhd:1534]
INFO: [Synth 8-256] done synthesizing module 'address_decoder' (0#1) [d:/int8-matmul-accelerator/matmul/matmul.gen/sources_1/bd/gemm_block/ipshared/66ea/hdl/axi_lite_ipif_v3_0_vh_rfs.vhd:1775]
INFO: [Synth 8-226] default block is never used [d:/int8-matmul-accelerator/matmul/matmul.gen/sources_1/bd/gemm_block/ipshared/66ea/hdl/axi_lite_ipif_v3_0_vh_rfs.vhd:2550]
INFO: [Synth 8-256] done synthesizing module 'slave_attachment' (0#1) [d:/int8-matmul-accelerator/matmul/matmul.gen/sources_1/bd/gemm_block/ipshared/66ea/hdl/axi_lite_ipif_v3_0_vh_rfs.vhd:2341]
INFO: [Synth 8-256] done synthesizing module 'axi_lite_ipif' (0#1) [d:/int8-matmul-accelerator/matmul/matmul.gen/sources_1/bd/gemm_block/ipshared/66ea/hdl/axi_lite_ipif_v3_0_vh_rfs.vhd:2948]
INFO: [Synth 8-638] synthesizing module 'GPIO_Core' [d:/int8-matmul-accelerator/matmul/matmul.gen/sources_1/bd/gemm_block/ipshared/0271/hdl/axi_gpio_v2_0_vh_rfs.vhd:182]
INFO: [Synth 8-226] default block is never used [d:/int8-matmul-accelerator/matmul/matmul.gen/sources_1/bd/gemm_block/ipshared/0271/hdl/axi_gpio_v2_0_vh_rfs.vhd:833]
	Parameter DEST_SYNC_FF bound to: 4 - type: integer 
	Parameter INIT_SYNC_FF bound to: 0 - type: integer 
	Parameter SIM_ASSERT_CHK bound to: 0 - type: integer 
	Parameter SRC_INPUT_REG bound to: 0 - type: integer 
	Parameter WIDTH bound to: 32 - type: integer 
INFO: [Synth 8-3491] module 'xpm_cdc_array_single' declared at 'D:/Apps/Study/Vivado/2025.2/Vivado/data/ip/xpm/xpm_cdc/hdl/xpm_cdc.sv:903' bound to instance 'INPUT_DOUBLE_REGS4' of component 'xpm_cdc_array_single' [d:/int8-matmul-accelerator/matmul/matmul.gen/sources_1/bd/gemm_block/ipshared/0271/hdl/axi_gpio_v2_0_vh_rfs.vhd:851]
INFO: [Synth 8-6157] synthesizing module 'xpm_cdc_array_single' [D:/Apps/Study/Vivado/2025.2/Vivado/data/ip/xpm/xpm_cdc/hdl/xpm_cdc.sv:903]
INFO: [Synth 8-6155] done synthesizing module 'xpm_cdc_array_single' (0#1) [D:/Apps/Study/Vivado/2025.2/Vivado/data/ip/xpm/xpm_cdc/hdl/xpm_cdc.sv:903]
	Parameter DEST_SYNC_FF bound to: 4 - type: integer 
	Parameter INIT_SYNC_FF bound to: 0 - type: integer 
	Parameter SIM_ASSERT_CHK bound to: 0 - type: integer 
	Parameter SRC_INPUT_REG bound to: 0 - type: integer 
	Parameter WIDTH bound to: 32 - type: integer 
INFO: [Synth 8-3491] module 'xpm_cdc_array_single' declared at 'D:/Apps/Study/Vivado/2025.2/Vivado/data/ip/xpm/xpm_cdc/hdl/xpm_cdc.sv:903' bound to instance 'INPUT_DOUBLE_REGS5' of component 'xpm_cdc_array_single' [d:/int8-matmul-accelerator/matmul/matmul.gen/sources_1/bd/gemm_block/ipshared/0271/hdl/axi_gpio_v2_0_vh_rfs.vhd:880]
INFO: [Synth 8-256] done synthesizing module 'GPIO_Core' (0#1) [d:/int8-matmul-accelerator/matmul/matmul.gen/sources_1/bd/gemm_block/ipshared/0271/hdl/axi_gpio_v2_0_vh_rfs.vhd:182]
INFO: [Synth 8-256] done synthesizing module 'axi_gpio' (0#1) [d:/int8-matmul-accelerator/matmul/matmul.gen/sources_1/bd/gemm_block/ipshared/0271/hdl/axi_gpio_v2_0_vh_rfs.vhd:1341]
INFO: [Synth 8-256] done synthesizing module 'gemm_block_axi_gpio_0_0' (0#1) [d:/int8-matmul-accelerator/matmul/matmul.gen/sources_1/bd/gemm_block/ip/gemm_block_axi_gpio_0_0/synth/gemm_block_axi_gpio_0_0.vhd:85]
INFO: [Synth 8-638] synthesizing module 'gemm_block_axi_gpio_1_0' [d:/int8-matmul-accelerator/matmul/matmul.gen/sources_1/bd/gemm_block/ip/gemm_block_axi_gpio_1_0/synth/gemm_block_axi_gpio_1_0.vhd:85]
	Parameter C_FAMILY bound to: zynquplus - type: string 
	Parameter C_S_AXI_ADDR_WIDTH bound to: 9 - type: integer 
	Parameter C_S_AXI_DATA_WIDTH bound to: 32 - type: integer 
	Parameter C_GPIO_WIDTH bound to: 5 - type: integer 
	Parameter C_GPIO2_WIDTH bound to: 8 - type: integer 
	Parameter C_ALL_INPUTS bound to: 0 - type: integer 
	Parameter C_ALL_INPUTS_2 bound to: 0 - type: integer 
	Parameter C_ALL_OUTPUTS bound to: 1 - type: integer 
	Parameter C_ALL_OUTPUTS_2 bound to: 1 - type: integer 
	Parameter C_INTERRUPT_PRESENT bound to: 0 - type: integer 
	Parameter C_DOUT_DEFAULT bound to: 32'b00000000000000000000000000000000 
	Parameter C_TRI_DEFAULT bound to: 32'b11111111111111111111111111111111 
	Parameter C_IS_DUAL bound to: 1 - type: integer 
	Parameter C_DOUT_DEFAULT_2 bound to: 32'b00000000000000000000000000000000 
	Parameter C_TRI_DEFAULT_2 bound to: 32'b11111111111111111111111111111111 
INFO: [Synth 8-3491] module 'axi_gpio' declared at 'd:/int8-matmul-accelerator/matmul/matmul.gen/sources_1/bd/gemm_block/ipshared/0271/hdl/axi_gpio_v2_0_vh_rfs.vhd:1255' bound to instance 'U0' of component 'axi_gpio' [d:/int8-matmul-accelerator/matmul/matmul.gen/sources_1/bd/gemm_block/ip/gemm_block_axi_gpio_1_0/synth/gemm_block_axi_gpio_1_0.vhd:177]
INFO: [Synth 8-638] synthesizing module 'axi_gpio__parameterized1' [d:/int8-matmul-accelerator/matmul/matmul.gen/sources_1/bd/gemm_block/ipshared/0271/hdl/axi_gpio_v2_0_vh_rfs.vhd:1341]
INFO: [Synth 8-638] synthesizing module 'GPIO_Core__parameterized0' [d:/int8-matmul-accelerator/matmul/matmul.gen/sources_1/bd/gemm_block/ipshared/0271/hdl/axi_gpio_v2_0_vh_rfs.vhd:182]
INFO: [Synth 8-226] default block is never used [d:/int8-matmul-accelerator/matmul/matmul.gen/sources_1/bd/gemm_block/ipshared/0271/hdl/axi_gpio_v2_0_vh_rfs.vhd:833]
	Parameter DEST_SYNC_FF bound to: 4 - type: integer 
	Parameter INIT_SYNC_FF bound to: 0 - type: integer 
	Parameter SIM_ASSERT_CHK bound to: 0 - type: integer 
	Parameter SRC_INPUT_REG bound to: 0 - type: integer 
	Parameter WIDTH bound to: 5 - type: integer 
INFO: [Synth 8-3491] module 'xpm_cdc_array_single' declared at 'D:/Apps/Study/Vivado/2025.2/Vivado/data/ip/xpm/xpm_cdc/hdl/xpm_cdc.sv:903' bound to instance 'INPUT_DOUBLE_REGS4' of component 'xpm_cdc_array_single' [d:/int8-matmul-accelerator/matmul/matmul.gen/sources_1/bd/gemm_block/ipshared/0271/hdl/axi_gpio_v2_0_vh_rfs.vhd:851]
INFO: [Synth 8-6157] synthesizing module 'xpm_cdc_array_single__parameterized2' [D:/Apps/Study/Vivado/2025.2/Vivado/data/ip/xpm/xpm_cdc/hdl/xpm_cdc.sv:903]
INFO: [Synth 8-6155] done synthesizing module 'xpm_cdc_array_single__parameterized2' (0#1) [D:/Apps/Study/Vivado/2025.2/Vivado/data/ip/xpm/xpm_cdc/hdl/xpm_cdc.sv:903]
	Parameter DEST_SYNC_FF bound to: 4 - type: integer 
	Parameter INIT_SYNC_FF bound to: 0 - type: integer 
	Parameter SIM_ASSERT_CHK bound to: 0 - type: integer 
	Parameter SRC_INPUT_REG bound to: 0 - type: integer 
	Parameter WIDTH bound to: 8 - type: integer 
INFO: [Synth 8-3491] module 'xpm_cdc_array_single' declared at 'D:/Apps/Study/Vivado/2025.2/Vivado/data/ip/xpm/xpm_cdc/hdl/xpm_cdc.sv:903' bound to instance 'INPUT_DOUBLE_REGS5' of component 'xpm_cdc_array_single' [d:/int8-matmul-accelerator/matmul/matmul.gen/sources_1/bd/gemm_block/ipshared/0271/hdl/axi_gpio_v2_0_vh_rfs.vhd:880]
INFO: [Synth 8-6157] synthesizing module 'xpm_cdc_array_single__parameterized4' [D:/Apps/Study/Vivado/2025.2/Vivado/data/ip/xpm/xpm_cdc/hdl/xpm_cdc.sv:903]
INFO: [Synth 8-6155] done synthesizing module 'xpm_cdc_array_single__parameterized4' (0#1) [D:/Apps/Study/Vivado/2025.2/Vivado/data/ip/xpm/xpm_cdc/hdl/xpm_cdc.sv:903]
INFO: [Synth 8-256] done synthesizing module 'GPIO_Core__parameterized0' (0#1) [d:/int8-matmul-accelerator/matmul/matmul.gen/sources_1/bd/gemm_block/ipshared/0271/hdl/axi_gpio_v2_0_vh_rfs.vhd:182]
INFO: [Synth 8-256] done synthesizing module 'axi_gpio__parameterized1' (0#1) [d:/int8-matmul-accelerator/matmul/matmul.gen/sources_1/bd/gemm_block/ipshared/0271/hdl/axi_gpio_v2_0_vh_rfs.vhd:1341]
INFO: [Synth 8-256] done synthesizing module 'gemm_block_axi_gpio_1_0' (0#1) [d:/int8-matmul-accelerator/matmul/matmul.gen/sources_1/bd/gemm_block/ip/gemm_block_axi_gpio_1_0/synth/gemm_block_axi_gpio_1_0.vhd:85]
INFO: [Synth 8-6157] synthesizing module 'gemm_block_axi_smc_0' [d:/int8-matmul-accelerator/matmul/matmul.gen/sources_1/bd/gemm_block/ip/gemm_block_axi_smc_0/synth/gemm_block_axi_smc_0.v:53]
INFO: [Synth 8-6157] synthesizing module 'bd_31d6' [d:/int8-matmul-accelerator/matmul/matmul.gen/sources_1/bd/gemm_block/ip/gemm_block_axi_smc_0/bd_0/synth/bd_31d6.v:10]
INFO: [Synth 8-6157] synthesizing module 'clk_map_imp_9MHD48' [d:/int8-matmul-accelerator/matmul/matmul.gen/sources_1/bd/gemm_block/ip/gemm_block_axi_smc_0/bd_0/synth/bd_31d6.v:2320]
INFO: [Synth 8-638] synthesizing module 'bd_31d6_psr_aclk_0' [d:/int8-matmul-accelerator/matmul/matmul.gen/sources_1/bd/gemm_block/ip/gemm_block_axi_smc_0/bd_0/ip/ip_1/synth/bd_31d6_psr_aclk_0.vhd:74]
	Parameter C_FAMILY bound to: zynquplus - type: string 
	Parameter C_EXT_RST_WIDTH bound to: 4 - type: integer 
	Parameter C_AUX_RST_WIDTH bound to: 1 - type: integer 
	Parameter C_EXT_RESET_HIGH bound to: 1'b0 
	Parameter C_AUX_RESET_HIGH bound to: 1'b0 
	Parameter C_NUM_BUS_RST bound to: 1 - type: integer 
	Parameter C_NUM_PERP_RST bound to: 1 - type: integer 
	Parameter C_NUM_INTERCONNECT_ARESETN bound to: 1 - type: integer 
	Parameter C_NUM_PERP_ARESETN bound to: 1 - type: integer 
INFO: [Synth 8-3491] module 'proc_sys_reset' declared at 'd:/int8-matmul-accelerator/matmul/matmul.gen/sources_1/bd/gemm_block/ipshared/9438/hdl/proc_sys_reset_v5_0_vh_rfs.vhd:1243' bound to instance 'U0' of component 'proc_sys_reset' [d:/int8-matmul-accelerator/matmul/matmul.gen/sources_1/bd/gemm_block/ip/gemm_block_axi_smc_0/bd_0/ip/ip_1/synth/bd_31d6_psr_aclk_0.vhd:139]
INFO: [Synth 8-638] synthesizing module 'proc_sys_reset' [d:/int8-matmul-accelerator/matmul/matmul.gen/sources_1/bd/gemm_block/ipshared/9438/hdl/proc_sys_reset_v5_0_vh_rfs.vhd:1302]
	Parameter INIT bound to: 1'b1 
INFO: [Synth 8-113] binding component instance 'FDRE_inst' to cell 'FDRE' [d:/int8-matmul-accelerator/matmul/matmul.gen/sources_1/bd/gemm_block/ipshared/9438/hdl/proc_sys_reset_v5_0_vh_rfs.vhd:1371]
	Parameter INIT bound to: 1'b1 
INFO: [Synth 8-113] binding component instance 'FDRE_BSR' to cell 'FDRE' [d:/int8-matmul-accelerator/matmul/matmul.gen/sources_1/bd/gemm_block/ipshared/9438/hdl/proc_sys_reset_v5_0_vh_rfs.vhd:1387]
	Parameter INIT bound to: 1'b0 
INFO: [Synth 8-113] binding component instance 'FDRE_BSR_N' to cell 'FDRE' [d:/int8-matmul-accelerator/matmul/matmul.gen/sources_1/bd/gemm_block/ipshared/9438/hdl/proc_sys_reset_v5_0_vh_rfs.vhd:1413]
	Parameter INIT bound to: 1'b1 
INFO: [Synth 8-113] binding component instance 'FDRE_PER' to cell 'FDRE' [d:/int8-matmul-accelerator/matmul/matmul.gen/sources_1/bd/gemm_block/ipshared/9438/hdl/proc_sys_reset_v5_0_vh_rfs.vhd:1436]
	Parameter INIT bound to: 1'b0 
INFO: [Synth 8-113] binding component instance 'FDRE_PER_N' to cell 'FDRE' [d:/int8-matmul-accelerator/matmul/matmul.gen/sources_1/bd/gemm_block/ipshared/9438/hdl/proc_sys_reset_v5_0_vh_rfs.vhd:1460]
INFO: [Synth 8-638] synthesizing module 'lpf' [d:/int8-matmul-accelerator/matmul/matmul.gen/sources_1/bd/gemm_block/ipshared/9438/hdl/proc_sys_reset_v5_0_vh_rfs.vhd:821]
INFO: [Synth 8-3491] module 'SRL16' declared at 'D:/Apps/Study/Vivado/2025.2/Vivado/scripts/rt/data/unisim_comp.v:165318' bound to instance 'POR_SRL_I' of component 'SRL16' [d:/int8-matmul-accelerator/matmul/matmul.gen/sources_1/bd/gemm_block/ipshared/9438/hdl/proc_sys_reset_v5_0_vh_rfs.vhd:873]
INFO: [Synth 8-6157] synthesizing module 'SRL16' [D:/Apps/Study/Vivado/2025.2/Vivado/scripts/rt/data/unisim_comp.v:165318]
INFO: [Synth 8-6155] done synthesizing module 'SRL16' (0#1) [D:/Apps/Study/Vivado/2025.2/Vivado/scripts/rt/data/unisim_comp.v:165318]
	Parameter DEST_SYNC_FF bound to: 4 - type: integer 
	Parameter INIT_SYNC_FF bound to: 0 - type: integer 
	Parameter SIM_ASSERT_CHK bound to: 0 - type: integer 
	Parameter SRC_INPUT_REG bound to: 0 - type: integer 
INFO: [Synth 8-3491] module 'xpm_cdc_single' declared at 'D:/Apps/Study/Vivado/2025.2/Vivado/data/ip/xpm/xpm_cdc/hdl/xpm_cdc.sv:152' bound to instance 'ACT_LO_EXT' of component 'xpm_cdc_single' [d:/int8-matmul-accelerator/matmul/matmul.gen/sources_1/bd/gemm_block/ipshared/9438/hdl/proc_sys_reset_v5_0_vh_rfs.vhd:968]
INFO: [Synth 8-6157] synthesizing module 'xpm_cdc_single' [D:/Apps/Study/Vivado/2025.2/Vivado/data/ip/xpm/xpm_cdc/hdl/xpm_cdc.sv:152]
INFO: [Synth 8-6155] done synthesizing module 'xpm_cdc_single' (0#1) [D:/Apps/Study/Vivado/2025.2/Vivado/data/ip/xpm/xpm_cdc/hdl/xpm_cdc.sv:152]
	Parameter DEST_SYNC_FF bound to: 4 - type: integer 
	Parameter INIT_SYNC_FF bound to: 0 - type: integer 
	Parameter SIM_ASSERT_CHK bound to: 0 - type: integer 
	Parameter SRC_INPUT_REG bound to: 0 - type: integer 
INFO: [Synth 8-3491] module 'xpm_cdc_single' declared at 'D:/Apps/Study/Vivado/2025.2/Vivado/data/ip/xpm/xpm_cdc/hdl/xpm_cdc.sv:152' bound to instance 'ACT_LO_AUX' of component 'xpm_cdc_single' [d:/int8-matmul-accelerator/matmul/matmul.gen/sources_1/bd/gemm_block/ipshared/9438/hdl/proc_sys_reset_v5_0_vh_rfs.vhd:1015]
INFO: [Synth 8-256] done synthesizing module 'lpf' (0#1) [d:/int8-matmul-accelerator/matmul/matmul.gen/sources_1/bd/gemm_block/ipshared/9438/hdl/proc_sys_reset_v5_0_vh_rfs.vhd:821]
INFO: [Synth 8-638] synthesizing module 'sequence_psr' [d:/int8-matmul-accelerator/matmul/matmul.gen/sources_1/bd/gemm_block/ipshared/9438/hdl/proc_sys_reset_v5_0_vh_rfs.vhd:304]
INFO: [Synth 8-638] synthesizing module 'upcnt_n' [d:/int8-matmul-accelerator/matmul/matmul.gen/sources_1/bd/gemm_block/ipshared/9438/hdl/proc_sys_reset_v5_0_vh_rfs.vhd:126]
INFO: [Synth 8-256] done synthesizing module 'upcnt_n' (0#1) [d:/int8-matmul-accelerator/matmul/matmul.gen/sources_1/bd/gemm_block/ipshared/9438/hdl/proc_sys_reset_v5_0_vh_rfs.vhd:126]
INFO: [Synth 8-256] done synthesizing module 'sequence_psr' (0#1) [d:/int8-matmul-accelerator/matmul/matmul.gen/sources_1/bd/gemm_block/ipshared/9438/hdl/proc_sys_reset_v5_0_vh_rfs.vhd:304]
INFO: [Synth 8-256] done synthesizing module 'proc_sys_reset' (0#1) [d:/int8-matmul-accelerator/matmul/matmul.gen/sources_1/bd/gemm_block/ipshared/9438/hdl/proc_sys_reset_v5_0_vh_rfs.vhd:1302]
INFO: [Synth 8-256] done synthesizing module 'bd_31d6_psr_aclk_0' (0#1) [d:/int8-matmul-accelerator/matmul/matmul.gen/sources_1/bd/gemm_block/ip/gemm_block_axi_smc_0/bd_0/ip/ip_1/synth/bd_31d6_psr_aclk_0.vhd:74]
WARNING: [Synth 8-7071] port 'mb_reset' of module 'bd_31d6_psr_aclk_0' is unconnected for instance 'psr_aclk' [d:/int8-matmul-accelerator/matmul/matmul.gen/sources_1/bd/gemm_block/ip/gemm_block_axi_smc_0/bd_0/synth/bd_31d6.v:2375]
WARNING: [Synth 8-7071] port 'bus_struct_reset' of module 'bd_31d6_psr_aclk_0' is unconnected for instance 'psr_aclk' [d:/int8-matmul-accelerator/matmul/matmul.gen/sources_1/bd/gemm_block/ip/gemm_block_axi_smc_0/bd_0/synth/bd_31d6.v:2375]
WARNING: [Synth 8-7071] port 'peripheral_reset' of module 'bd_31d6_psr_aclk_0' is unconnected for instance 'psr_aclk' [d:/int8-matmul-accelerator/matmul/matmul.gen/sources_1/bd/gemm_block/ip/gemm_block_axi_smc_0/bd_0/synth/bd_31d6.v:2375]
WARNING: [Synth 8-7071] port 'peripheral_aresetn' of module 'bd_31d6_psr_aclk_0' is unconnected for instance 'psr_aclk' [d:/int8-matmul-accelerator/matmul/matmul.gen/sources_1/bd/gemm_block/ip/gemm_block_axi_smc_0/bd_0/synth/bd_31d6.v:2375]
WARNING: [Synth 8-7023] instance 'psr_aclk' of module 'bd_31d6_psr_aclk_0' has 10 connections declared, but only 6 given [d:/int8-matmul-accelerator/matmul/matmul.gen/sources_1/bd/gemm_block/ip/gemm_block_axi_smc_0/bd_0/synth/bd_31d6.v:2375]
INFO: [Synth 8-6155] done synthesizing module 'clk_map_imp_9MHD48' (0#1) [d:/int8-matmul-accelerator/matmul/matmul.gen/sources_1/bd/gemm_block/ip/gemm_block_axi_smc_0/bd_0/synth/bd_31d6.v:2320]
INFO: [Synth 8-6157] synthesizing module 'm00_exit_pipeline_imp_1OHKP6B' [d:/int8-matmul-accelerator/matmul/matmul.gen/sources_1/bd/gemm_block/ip/gemm_block_axi_smc_0/bd_0/synth/bd_31d6.v:2635]
INFO: [Synth 8-6157] synthesizing module 'bd_31d6_m00e_0' [d:/int8-matmul-accelerator/matmul/matmul.gen/sources_1/bd/gemm_block/ip/gemm_block_axi_smc_0/bd_0/ip/ip_41/synth/bd_31d6_m00e_0.sv:53]
INFO: [Synth 8-6157] synthesizing module 'xpm_cdc_async_rst' [D:/Apps/Study/Vivado/2025.2/Vivado/data/ip/xpm/xpm_cdc/hdl/xpm_cdc.sv:1175]
INFO: [Synth 8-6155] done synthesizing module 'xpm_cdc_async_rst' (0#1) [D:/Apps/Study/Vivado/2025.2/Vivado/data/ip/xpm/xpm_cdc/hdl/xpm_cdc.sv:1175]
INFO: [Synth 8-6155] done synthesizing module 'bd_31d6_m00e_0' (0#1) [d:/int8-matmul-accelerator/matmul/matmul.gen/sources_1/bd/gemm_block/ip/gemm_block_axi_smc_0/bd_0/ip/ip_41/synth/bd_31d6_m00e_0.sv:53]
INFO: [Synth 8-6155] done synthesizing module 'm00_exit_pipeline_imp_1OHKP6B' (0#1) [d:/int8-matmul-accelerator/matmul/matmul.gen/sources_1/bd/gemm_block/ip/gemm_block_axi_smc_0/bd_0/synth/bd_31d6.v:2635]
INFO: [Synth 8-6157] synthesizing module 'm00_nodes_imp_12CJFBZ' [d:/int8-matmul-accelerator/matmul/matmul.gen/sources_1/bd/gemm_block/ip/gemm_block_axi_smc_0/bd_0/synth/bd_31d6.v:2877]
INFO: [Synth 8-6157] synthesizing module 'bd_31d6_m00arn_0' [d:/int8-matmul-accelerator/matmul/matmul.gen/sources_1/bd/gemm_block/ip/gemm_block_axi_smc_0/bd_0/ip/ip_36/synth/bd_31d6_m00arn_0.sv:53]
INFO: [Synth 8-6155] done synthesizing module 'bd_31d6_m00arn_0' (0#1) [d:/int8-matmul-accelerator/matmul/matmul.gen/sources_1/bd/gemm_block/ip/gemm_block_axi_smc_0/bd_0/ip/ip_36/synth/bd_31d6_m00arn_0.sv:53]
INFO: [Synth 8-6157] synthesizing module 'bd_31d6_m00awn_0' [d:/int8-matmul-accelerator/matmul/matmul.gen/sources_1/bd/gemm_block/ip/gemm_block_axi_smc_0/bd_0/ip/ip_38/synth/bd_31d6_m00awn_0.sv:53]
INFO: [Synth 8-6155] done synthesizing module 'bd_31d6_m00awn_0' (0#1) [d:/int8-matmul-accelerator/matmul/matmul.gen/sources_1/bd/gemm_block/ip/gemm_block_axi_smc_0/bd_0/ip/ip_38/synth/bd_31d6_m00awn_0.sv:53]
INFO: [Synth 8-6157] synthesizing module 'bd_31d6_m00bn_0' [d:/int8-matmul-accelerator/matmul/matmul.gen/sources_1/bd/gemm_block/ip/gemm_block_axi_smc_0/bd_0/ip/ip_40/synth/bd_31d6_m00bn_0.sv:53]
INFO: [Synth 8-6155] done synthesizing module 'bd_31d6_m00bn_0' (0#1) [d:/int8-matmul-accelerator/matmul/matmul.gen/sources_1/bd/gemm_block/ip/gemm_block_axi_smc_0/bd_0/ip/ip_40/synth/bd_31d6_m00bn_0.sv:53]
INFO: [Synth 8-6157] synthesizing module 'bd_31d6_m00rn_0' [d:/int8-matmul-accelerator/matmul/matmul.gen/sources_1/bd/gemm_block/ip/gemm_block_axi_smc_0/bd_0/ip/ip_37/synth/bd_31d6_m00rn_0.sv:53]
INFO: [Synth 8-6155] done synthesizing module 'bd_31d6_m00rn_0' (0#1) [d:/int8-matmul-accelerator/matmul/matmul.gen/sources_1/bd/gemm_block/ip/gemm_block_axi_smc_0/bd_0/ip/ip_37/synth/bd_31d6_m00rn_0.sv:53]
INFO: [Synth 8-6157] synthesizing module 'bd_31d6_m00wn_0' [d:/int8-matmul-accelerator/matmul/matmul.gen/sources_1/bd/gemm_block/ip/gemm_block_axi_smc_0/bd_0/ip/ip_39/synth/bd_31d6_m00wn_0.sv:53]
INFO: [Synth 8-6155] done synthesizing module 'bd_31d6_m00wn_0' (0#1) [d:/int8-matmul-accelerator/matmul/matmul.gen/sources_1/bd/gemm_block/ip/gemm_block_axi_smc_0/bd_0/ip/ip_39/synth/bd_31d6_m00wn_0.sv:53]
INFO: [Synth 8-6155] done synthesizing module 'm00_nodes_imp_12CJFBZ' (0#1) [d:/int8-matmul-accelerator/matmul/matmul.gen/sources_1/bd/gemm_block/ip/gemm_block_axi_smc_0/bd_0/synth/bd_31d6.v:2877]
INFO: [Synth 8-6157] synthesizing module 'bd_31d6_m00s2a_0' [d:/int8-matmul-accelerator/matmul/matmul.gen/sources_1/bd/gemm_block/ip/gemm_block_axi_smc_0/bd_0/ip/ip_35/synth/bd_31d6_m00s2a_0.sv:53]
INFO: [Synth 8-6155] done synthesizing module 'bd_31d6_m00s2a_0' (0#1) [d:/int8-matmul-accelerator/matmul/matmul.gen/sources_1/bd/gemm_block/ip/gemm_block_axi_smc_0/bd_0/ip/ip_35/synth/bd_31d6_m00s2a_0.sv:53]
INFO: [Synth 8-6157] synthesizing module 'm01_exit_pipeline_imp_1KX9YUR' [d:/int8-matmul-accelerator/matmul/matmul.gen/sources_1/bd/gemm_block/ip/gemm_block_axi_smc_0/bd_0/synth/bd_31d6.v:3119]
INFO: [Synth 8-6157] synthesizing module 'bd_31d6_m01e_0' [d:/int8-matmul-accelerator/matmul/matmul.gen/sources_1/bd/gemm_block/ip/gemm_block_axi_smc_0/bd_0/ip/ip_48/synth/bd_31d6_m01e_0.sv:53]
INFO: [Synth 8-6155] done synthesizing module 'bd_31d6_m01e_0' (0#1) [d:/int8-matmul-accelerator/matmul/matmul.gen/sources_1/bd/gemm_block/ip/gemm_block_axi_smc_0/bd_0/ip/ip_48/synth/bd_31d6_m01e_0.sv:53]
INFO: [Synth 8-6155] done synthesizing module 'm01_exit_pipeline_imp_1KX9YUR' (0#1) [d:/int8-matmul-accelerator/matmul/matmul.gen/sources_1/bd/gemm_block/ip/gemm_block_axi_smc_0/bd_0/synth/bd_31d6.v:3119]
INFO: [Synth 8-6157] synthesizing module 'm01_nodes_imp_6G0MCP' [d:/int8-matmul-accelerator/matmul/matmul.gen/sources_1/bd/gemm_block/ip/gemm_block_axi_smc_0/bd_0/synth/bd_31d6.v:3361]
INFO: [Synth 8-6157] synthesizing module 'bd_31d6_m01arn_0' [d:/int8-matmul-accelerator/matmul/matmul.gen/sources_1/bd/gemm_block/ip/gemm_block_axi_smc_0/bd_0/ip/ip_43/synth/bd_31d6_m01arn_0.sv:53]
INFO: [Synth 8-6155] done synthesizing module 'bd_31d6_m01arn_0' (0#1) [d:/int8-matmul-accelerator/matmul/matmul.gen/sources_1/bd/gemm_block/ip/gemm_block_axi_smc_0/bd_0/ip/ip_43/synth/bd_31d6_m01arn_0.sv:53]
INFO: [Synth 8-6157] synthesizing module 'bd_31d6_m01awn_0' [d:/int8-matmul-accelerator/matmul/matmul.gen/sources_1/bd/gemm_block/ip/gemm_block_axi_smc_0/bd_0/ip/ip_45/synth/bd_31d6_m01awn_0.sv:53]
INFO: [Synth 8-6155] done synthesizing module 'bd_31d6_m01awn_0' (0#1) [d:/int8-matmul-accelerator/matmul/matmul.gen/sources_1/bd/gemm_block/ip/gemm_block_axi_smc_0/bd_0/ip/ip_45/synth/bd_31d6_m01awn_0.sv:53]
INFO: [Synth 8-6157] synthesizing module 'bd_31d6_m01bn_0' [d:/int8-matmul-accelerator/matmul/matmul.gen/sources_1/bd/gemm_block/ip/gemm_block_axi_smc_0/bd_0/ip/ip_47/synth/bd_31d6_m01bn_0.sv:53]
INFO: [Synth 8-6155] done synthesizing module 'bd_31d6_m01bn_0' (0#1) [d:/int8-matmul-accelerator/matmul/matmul.gen/sources_1/bd/gemm_block/ip/gemm_block_axi_smc_0/bd_0/ip/ip_47/synth/bd_31d6_m01bn_0.sv:53]
INFO: [Synth 8-6157] synthesizing module 'bd_31d6_m01rn_0' [d:/int8-matmul-accelerator/matmul/matmul.gen/sources_1/bd/gemm_block/ip/gemm_block_axi_smc_0/bd_0/ip/ip_44/synth/bd_31d6_m01rn_0.sv:53]
INFO: [Synth 8-6155] done synthesizing module 'bd_31d6_m01rn_0' (0#1) [d:/int8-matmul-accelerator/matmul/matmul.gen/sources_1/bd/gemm_block/ip/gemm_block_axi_smc_0/bd_0/ip/ip_44/synth/bd_31d6_m01rn_0.sv:53]
INFO: [Synth 8-6157] synthesizing module 'bd_31d6_m01wn_0' [d:/int8-matmul-accelerator/matmul/matmul.gen/sources_1/bd/gemm_block/ip/gemm_block_axi_smc_0/bd_0/ip/ip_46/synth/bd_31d6_m01wn_0.sv:53]
INFO: [Synth 8-6155] done synthesizing module 'bd_31d6_m01wn_0' (0#1) [d:/int8-matmul-accelerator/matmul/matmul.gen/sources_1/bd/gemm_block/ip/gemm_block_axi_smc_0/bd_0/ip/ip_46/synth/bd_31d6_m01wn_0.sv:53]
INFO: [Synth 8-6155] done synthesizing module 'm01_nodes_imp_6G0MCP' (0#1) [d:/int8-matmul-accelerator/matmul/matmul.gen/sources_1/bd/gemm_block/ip/gemm_block_axi_smc_0/bd_0/synth/bd_31d6.v:3361]
INFO: [Synth 8-6157] synthesizing module 'bd_31d6_m01s2a_0' [d:/int8-matmul-accelerator/matmul/matmul.gen/sources_1/bd/gemm_block/ip/gemm_block_axi_smc_0/bd_0/ip/ip_42/synth/bd_31d6_m01s2a_0.sv:53]
INFO: [Synth 8-6155] done synthesizing module 'bd_31d6_m01s2a_0' (0#1) [d:/int8-matmul-accelerator/matmul/matmul.gen/sources_1/bd/gemm_block/ip/gemm_block_axi_smc_0/bd_0/ip/ip_42/synth/bd_31d6_m01s2a_0.sv:53]
INFO: [Synth 8-6157] synthesizing module 'm02_exit_pipeline_imp_1VSDEYB' [d:/int8-matmul-accelerator/matmul/matmul.gen/sources_1/bd/gemm_block/ip/gemm_block_axi_smc_0/bd_0/synth/bd_31d6.v:3603]
INFO: [Synth 8-6157] synthesizing module 'bd_31d6_m02e_0' [d:/int8-matmul-accelerator/matmul/matmul.gen/sources_1/bd/gemm_block/ip/gemm_block_axi_smc_0/bd_0/ip/ip_55/synth/bd_31d6_m02e_0.sv:53]
INFO: [Synth 8-6155] done synthesizing module 'bd_31d6_m02e_0' (0#1) [d:/int8-matmul-accelerator/matmul/matmul.gen/sources_1/bd/gemm_block/ip/gemm_block_axi_smc_0/bd_0/ip/ip_55/synth/bd_31d6_m02e_0.sv:53]
INFO: [Synth 8-6155] done synthesizing module 'm02_exit_pipeline_imp_1VSDEYB' (0#1) [d:/int8-matmul-accelerator/matmul/matmul.gen/sources_1/bd/gemm_block/ip/gemm_block_axi_smc_0/bd_0/synth/bd_31d6.v:3603]
INFO: [Synth 8-6157] synthesizing module 'm02_nodes_imp_TSD2B6' [d:/int8-matmul-accelerator/matmul/matmul.gen/sources_1/bd/gemm_block/ip/gemm_block_axi_smc_0/bd_0/synth/bd_31d6.v:3845]
INFO: [Synth 8-6157] synthesizing module 'bd_31d6_m02arn_0' [d:/int8-matmul-accelerator/matmul/matmul.gen/sources_1/bd/gemm_block/ip/gemm_block_axi_smc_0/bd_0/ip/ip_50/synth/bd_31d6_m02arn_0.sv:53]
INFO: [Synth 8-6155] done synthesizing module 'bd_31d6_m02arn_0' (0#1) [d:/int8-matmul-accelerator/matmul/matmul.gen/sources_1/bd/gemm_block/ip/gemm_block_axi_smc_0/bd_0/ip/ip_50/synth/bd_31d6_m02arn_0.sv:53]
INFO: [Synth 8-6157] synthesizing module 'bd_31d6_m02awn_0' [d:/int8-matmul-accelerator/matmul/matmul.gen/sources_1/bd/gemm_block/ip/gemm_block_axi_smc_0/bd_0/ip/ip_52/synth/bd_31d6_m02awn_0.sv:53]
INFO: [Synth 8-6155] done synthesizing module 'bd_31d6_m02awn_0' (0#1) [d:/int8-matmul-accelerator/matmul/matmul.gen/sources_1/bd/gemm_block/ip/gemm_block_axi_smc_0/bd_0/ip/ip_52/synth/bd_31d6_m02awn_0.sv:53]
INFO: [Synth 8-6157] synthesizing module 'bd_31d6_m02bn_0' [d:/int8-matmul-accelerator/matmul/matmul.gen/sources_1/bd/gemm_block/ip/gemm_block_axi_smc_0/bd_0/ip/ip_54/synth/bd_31d6_m02bn_0.sv:53]
INFO: [Synth 8-6155] done synthesizing module 'bd_31d6_m02bn_0' (0#1) [d:/int8-matmul-accelerator/matmul/matmul.gen/sources_1/bd/gemm_block/ip/gemm_block_axi_smc_0/bd_0/ip/ip_54/synth/bd_31d6_m02bn_0.sv:53]
INFO: [Synth 8-6157] synthesizing module 'bd_31d6_m02rn_0' [d:/int8-matmul-accelerator/matmul/matmul.gen/sources_1/bd/gemm_block/ip/gemm_block_axi_smc_0/bd_0/ip/ip_51/synth/bd_31d6_m02rn_0.sv:53]
INFO: [Synth 8-6155] done synthesizing module 'bd_31d6_m02rn_0' (0#1) [d:/int8-matmul-accelerator/matmul/matmul.gen/sources_1/bd/gemm_block/ip/gemm_block_axi_smc_0/bd_0/ip/ip_51/synth/bd_31d6_m02rn_0.sv:53]
INFO: [Synth 8-6157] synthesizing module 'bd_31d6_m02wn_0' [d:/int8-matmul-accelerator/matmul/matmul.gen/sources_1/bd/gemm_block/ip/gemm_block_axi_smc_0/bd_0/ip/ip_53/synth/bd_31d6_m02wn_0.sv:53]
INFO: [Synth 8-6155] done synthesizing module 'bd_31d6_m02wn_0' (0#1) [d:/int8-matmul-accelerator/matmul/matmul.gen/sources_1/bd/gemm_block/ip/gemm_block_axi_smc_0/bd_0/ip/ip_53/synth/bd_31d6_m02wn_0.sv:53]
INFO: [Synth 8-6155] done synthesizing module 'm02_nodes_imp_TSD2B6' (0#1) [d:/int8-matmul-accelerator/matmul/matmul.gen/sources_1/bd/gemm_block/ip/gemm_block_axi_smc_0/bd_0/synth/bd_31d6.v:3845]
INFO: [Synth 8-6157] synthesizing module 'bd_31d6_m02s2a_0' [d:/int8-matmul-accelerator/matmul/matmul.gen/sources_1/bd/gemm_block/ip/gemm_block_axi_smc_0/bd_0/ip/ip_49/synth/bd_31d6_m02s2a_0.sv:53]
INFO: [Synth 8-6155] done synthesizing module 'bd_31d6_m02s2a_0' (0#1) [d:/int8-matmul-accelerator/matmul/matmul.gen/sources_1/bd/gemm_block/ip/gemm_block_axi_smc_0/bd_0/ip/ip_49/synth/bd_31d6_m02s2a_0.sv:53]
INFO: [Synth 8-6157] synthesizing module 'm03_exit_pipeline_imp_1R4506R' [d:/int8-matmul-accelerator/matmul/matmul.gen/sources_1/bd/gemm_block/ip/gemm_block_axi_smc_0/bd_0/synth/bd_31d6.v:4087]
INFO: [Synth 8-6157] synthesizing module 'bd_31d6_m03e_0' [d:/int8-matmul-accelerator/matmul/matmul.gen/sources_1/bd/gemm_block/ip/gemm_block_axi_smc_0/bd_0/ip/ip_62/synth/bd_31d6_m03e_0.sv:53]
INFO: [Synth 8-6155] done synthesizing module 'bd_31d6_m03e_0' (0#1) [d:/int8-matmul-accelerator/matmul/matmul.gen/sources_1/bd/gemm_block/ip/gemm_block_axi_smc_0/bd_0/ip/ip_62/synth/bd_31d6_m03e_0.sv:53]
INFO: [Synth 8-6155] done synthesizing module 'm03_exit_pipeline_imp_1R4506R' (0#1) [d:/int8-matmul-accelerator/matmul/matmul.gen/sources_1/bd/gemm_block/ip/gemm_block_axi_smc_0/bd_0/synth/bd_31d6.v:4087]
INFO: [Synth 8-6157] synthesizing module 'm03_nodes_imp_1WCIYYS' [d:/int8-matmul-accelerator/matmul/matmul.gen/sources_1/bd/gemm_block/ip/gemm_block_axi_smc_0/bd_0/synth/bd_31d6.v:4329]
INFO: [Synth 8-6157] synthesizing module 'bd_31d6_m03arn_0' [d:/int8-matmul-accelerator/matmul/matmul.gen/sources_1/bd/gemm_block/ip/gemm_block_axi_smc_0/bd_0/ip/ip_57/synth/bd_31d6_m03arn_0.sv:53]
INFO: [Synth 8-6155] done synthesizing module 'bd_31d6_m03arn_0' (0#1) [d:/int8-matmul-accelerator/matmul/matmul.gen/sources_1/bd/gemm_block/ip/gemm_block_axi_smc_0/bd_0/ip/ip_57/synth/bd_31d6_m03arn_0.sv:53]
INFO: [Synth 8-6157] synthesizing module 'bd_31d6_m03awn_0' [d:/int8-matmul-accelerator/matmul/matmul.gen/sources_1/bd/gemm_block/ip/gemm_block_axi_smc_0/bd_0/ip/ip_59/synth/bd_31d6_m03awn_0.sv:53]
INFO: [Synth 8-6155] done synthesizing module 'bd_31d6_m03awn_0' (0#1) [d:/int8-matmul-accelerator/matmul/matmul.gen/sources_1/bd/gemm_block/ip/gemm_block_axi_smc_0/bd_0/ip/ip_59/synth/bd_31d6_m03awn_0.sv:53]
INFO: [Synth 8-6157] synthesizing module 'bd_31d6_m03bn_0' [d:/int8-matmul-accelerator/matmul/matmul.gen/sources_1/bd/gemm_block/ip/gemm_block_axi_smc_0/bd_0/ip/ip_61/synth/bd_31d6_m03bn_0.sv:53]
INFO: [Synth 8-6155] done synthesizing module 'bd_31d6_m03bn_0' (0#1) [d:/int8-matmul-accelerator/matmul/matmul.gen/sources_1/bd/gemm_block/ip/gemm_block_axi_smc_0/bd_0/ip/ip_61/synth/bd_31d6_m03bn_0.sv:53]
INFO: [Synth 8-6157] synthesizing module 'bd_31d6_m03rn_0' [d:/int8-matmul-accelerator/matmul/matmul.gen/sources_1/bd/gemm_block/ip/gemm_block_axi_smc_0/bd_0/ip/ip_58/synth/bd_31d6_m03rn_0.sv:53]
INFO: [Synth 8-6155] done synthesizing module 'bd_31d6_m03rn_0' (0#1) [d:/int8-matmul-accelerator/matmul/matmul.gen/sources_1/bd/gemm_block/ip/gemm_block_axi_smc_0/bd_0/ip/ip_58/synth/bd_31d6_m03rn_0.sv:53]
INFO: [Synth 8-6157] synthesizing module 'bd_31d6_m03wn_0' [d:/int8-matmul-accelerator/matmul/matmul.gen/sources_1/bd/gemm_block/ip/gemm_block_axi_smc_0/bd_0/ip/ip_60/synth/bd_31d6_m03wn_0.sv:53]
INFO: [Synth 8-6155] done synthesizing module 'bd_31d6_m03wn_0' (0#1) [d:/int8-matmul-accelerator/matmul/matmul.gen/sources_1/bd/gemm_block/ip/gemm_block_axi_smc_0/bd_0/ip/ip_60/synth/bd_31d6_m03wn_0.sv:53]
INFO: [Synth 8-6155] done synthesizing module 'm03_nodes_imp_1WCIYYS' (0#1) [d:/int8-matmul-accelerator/matmul/matmul.gen/sources_1/bd/gemm_block/ip/gemm_block_axi_smc_0/bd_0/synth/bd_31d6.v:4329]
INFO: [Synth 8-6157] synthesizing module 'bd_31d6_m03s2a_0' [d:/int8-matmul-accelerator/matmul/matmul.gen/sources_1/bd/gemm_block/ip/gemm_block_axi_smc_0/bd_0/ip/ip_56/synth/bd_31d6_m03s2a_0.sv:53]
INFO: [Synth 8-6155] done synthesizing module 'bd_31d6_m03s2a_0' (0#1) [d:/int8-matmul-accelerator/matmul/matmul.gen/sources_1/bd/gemm_block/ip/gemm_block_axi_smc_0/bd_0/ip/ip_56/synth/bd_31d6_m03s2a_0.sv:53]
INFO: [Synth 8-6157] synthesizing module 'bd_31d6_s00a2s_0' [d:/int8-matmul-accelerator/matmul/matmul.gen/sources_1/bd/gemm_block/ip/gemm_block_axi_smc_0/bd_0/ip/ip_20/synth/bd_31d6_s00a2s_0.sv:53]
INFO: [Synth 8-6155] done synthesizing module 'bd_31d6_s00a2s_0' (0#1) [d:/int8-matmul-accelerator/matmul/matmul.gen/sources_1/bd/gemm_block/ip/gemm_block_axi_smc_0/bd_0/ip/ip_20/synth/bd_31d6_s00a2s_0.sv:53]
INFO: [Synth 8-6157] synthesizing module 's00_entry_pipeline_imp_OQLSHC' [d:/int8-matmul-accelerator/matmul/matmul.gen/sources_1/bd/gemm_block/ip/gemm_block_axi_smc_0/bd_0/synth/bd_31d6.v:4571]
INFO: [Synth 8-6157] synthesizing module 'bd_31d6_s00mmu_0' [d:/int8-matmul-accelerator/matmul/matmul.gen/sources_1/bd/gemm_block/ip/gemm_block_axi_smc_0/bd_0/ip/ip_17/synth/bd_31d6_s00mmu_0.sv:53]
INFO: [Synth 8-6155] done synthesizing module 'bd_31d6_s00mmu_0' (0#1) [d:/int8-matmul-accelerator/matmul/matmul.gen/sources_1/bd/gemm_block/ip/gemm_block_axi_smc_0/bd_0/ip/ip_17/synth/bd_31d6_s00mmu_0.sv:53]
INFO: [Synth 8-6157] synthesizing module 'bd_31d6_s00sic_0' [d:/int8-matmul-accelerator/matmul/matmul.gen/sources_1/bd/gemm_block/ip/gemm_block_axi_smc_0/bd_0/ip/ip_19/synth/bd_31d6_s00sic_0.sv:53]
INFO: [Synth 8-6155] done synthesizing module 'bd_31d6_s00sic_0' (0#1) [d:/int8-matmul-accelerator/matmul/matmul.gen/sources_1/bd/gemm_block/ip/gemm_block_axi_smc_0/bd_0/ip/ip_19/synth/bd_31d6_s00sic_0.sv:53]
INFO: [Synth 8-6157] synthesizing module 'bd_31d6_s00tr_0' [d:/int8-matmul-accelerator/matmul/matmul.gen/sources_1/bd/gemm_block/ip/gemm_block_axi_smc_0/bd_0/ip/ip_18/synth/bd_31d6_s00tr_0.sv:53]
INFO: [Synth 8-6155] done synthesizing module 'bd_31d6_s00tr_0' (0#1) [d:/int8-matmul-accelerator/matmul/matmul.gen/sources_1/bd/gemm_block/ip/gemm_block_axi_smc_0/bd_0/ip/ip_18/synth/bd_31d6_s00tr_0.sv:53]
INFO: [Synth 8-6155] done synthesizing module 's00_entry_pipeline_imp_OQLSHC' (0#1) [d:/int8-matmul-accelerator/matmul/matmul.gen/sources_1/bd/gemm_block/ip/gemm_block_axi_smc_0/bd_0/synth/bd_31d6.v:4571]
INFO: [Synth 8-6157] synthesizing module 's00_nodes_imp_L8S12I' [d:/int8-matmul-accelerator/matmul/matmul.gen/sources_1/bd/gemm_block/ip/gemm_block_axi_smc_0/bd_0/synth/bd_31d6.v:5151]
INFO: [Synth 8-6157] synthesizing module 'bd_31d6_sarn_0' [d:/int8-matmul-accelerator/matmul/matmul.gen/sources_1/bd/gemm_block/ip/gemm_block_axi_smc_0/bd_0/ip/ip_21/synth/bd_31d6_sarn_0.sv:53]
INFO: [Synth 8-6155] done synthesizing module 'bd_31d6_sarn_0' (0#1) [d:/int8-matmul-accelerator/matmul/matmul.gen/sources_1/bd/gemm_block/ip/gemm_block_axi_smc_0/bd_0/ip/ip_21/synth/bd_31d6_sarn_0.sv:53]
INFO: [Synth 8-6157] synthesizing module 'bd_31d6_sawn_0' [d:/int8-matmul-accelerator/matmul/matmul.gen/sources_1/bd/gemm_block/ip/gemm_block_axi_smc_0/bd_0/ip/ip_23/synth/bd_31d6_sawn_0.sv:53]
INFO: [Synth 8-6155] done synthesizing module 'bd_31d6_sawn_0' (0#1) [d:/int8-matmul-accelerator/matmul/matmul.gen/sources_1/bd/gemm_block/ip/gemm_block_axi_smc_0/bd_0/ip/ip_23/synth/bd_31d6_sawn_0.sv:53]
INFO: [Synth 8-6157] synthesizing module 'bd_31d6_sbn_0' [d:/int8-matmul-accelerator/matmul/matmul.gen/sources_1/bd/gemm_block/ip/gemm_block_axi_smc_0/bd_0/ip/ip_25/synth/bd_31d6_sbn_0.sv:53]
INFO: [Synth 8-6155] done synthesizing module 'bd_31d6_sbn_0' (0#1) [d:/int8-matmul-accelerator/matmul/matmul.gen/sources_1/bd/gemm_block/ip/gemm_block_axi_smc_0/bd_0/ip/ip_25/synth/bd_31d6_sbn_0.sv:53]
INFO: [Synth 8-6157] synthesizing module 'bd_31d6_srn_0' [d:/int8-matmul-accelerator/matmul/matmul.gen/sources_1/bd/gemm_block/ip/gemm_block_axi_smc_0/bd_0/ip/ip_22/synth/bd_31d6_srn_0.sv:53]
INFO: [Synth 8-6155] done synthesizing module 'bd_31d6_srn_0' (0#1) [d:/int8-matmul-accelerator/matmul/matmul.gen/sources_1/bd/gemm_block/ip/gemm_block_axi_smc_0/bd_0/ip/ip_22/synth/bd_31d6_srn_0.sv:53]
INFO: [Synth 8-6157] synthesizing module 'bd_31d6_swn_0' [d:/int8-matmul-accelerator/matmul/matmul.gen/sources_1/bd/gemm_block/ip/gemm_block_axi_smc_0/bd_0/ip/ip_24/synth/bd_31d6_swn_0.sv:53]
INFO: [Synth 8-6155] done synthesizing module 'bd_31d6_swn_0' (0#1) [d:/int8-matmul-accelerator/matmul/matmul.gen/sources_1/bd/gemm_block/ip/gemm_block_axi_smc_0/bd_0/ip/ip_24/synth/bd_31d6_swn_0.sv:53]
INFO: [Synth 8-6155] done synthesizing module 's00_nodes_imp_L8S12I' (0#1) [d:/int8-matmul-accelerator/matmul/matmul.gen/sources_1/bd/gemm_block/ip/gemm_block_axi_smc_0/bd_0/synth/bd_31d6.v:5151]
INFO: [Synth 8-6157] synthesizing module 'bd_31d6_s01a2s_0' [d:/int8-matmul-accelerator/matmul/matmul.gen/sources_1/bd/gemm_block/ip/gemm_block_axi_smc_0/bd_0/ip/ip_29/synth/bd_31d6_s01a2s_0.sv:53]
INFO: [Synth 8-6155] done synthesizing module 'bd_31d6_s01a2s_0' (0#1) [d:/int8-matmul-accelerator/matmul/matmul.gen/sources_1/bd/gemm_block/ip/gemm_block_axi_smc_0/bd_0/ip/ip_29/synth/bd_31d6_s01a2s_0.sv:53]
INFO: [Synth 8-6157] synthesizing module 's01_entry_pipeline_imp_1HXCTYC' [d:/int8-matmul-accelerator/matmul/matmul.gen/sources_1/bd/gemm_block/ip/gemm_block_axi_smc_0/bd_0/synth/bd_31d6.v:5393]
INFO: [Synth 8-6157] synthesizing module 'bd_31d6_s01mmu_0' [d:/int8-matmul-accelerator/matmul/matmul.gen/sources_1/bd/gemm_block/ip/gemm_block_axi_smc_0/bd_0/ip/ip_26/synth/bd_31d6_s01mmu_0.sv:53]
INFO: [Synth 8-6155] done synthesizing module 'bd_31d6_s01mmu_0' (0#1) [d:/int8-matmul-accelerator/matmul/matmul.gen/sources_1/bd/gemm_block/ip/gemm_block_axi_smc_0/bd_0/ip/ip_26/synth/bd_31d6_s01mmu_0.sv:53]
INFO: [Synth 8-6157] synthesizing module 'bd_31d6_s01sic_0' [d:/int8-matmul-accelerator/matmul/matmul.gen/sources_1/bd/gemm_block/ip/gemm_block_axi_smc_0/bd_0/ip/ip_28/synth/bd_31d6_s01sic_0.sv:53]
INFO: [Synth 8-6155] done synthesizing module 'bd_31d6_s01sic_0' (0#1) [d:/int8-matmul-accelerator/matmul/matmul.gen/sources_1/bd/gemm_block/ip/gemm_block_axi_smc_0/bd_0/ip/ip_28/synth/bd_31d6_s01sic_0.sv:53]
INFO: [Synth 8-6157] synthesizing module 'bd_31d6_s01tr_0' [d:/int8-matmul-accelerator/matmul/matmul.gen/sources_1/bd/gemm_block/ip/gemm_block_axi_smc_0/bd_0/ip/ip_27/synth/bd_31d6_s01tr_0.sv:53]
INFO: [Synth 8-6155] done synthesizing module 'bd_31d6_s01tr_0' (0#1) [d:/int8-matmul-accelerator/matmul/matmul.gen/sources_1/bd/gemm_block/ip/gemm_block_axi_smc_0/bd_0/ip/ip_27/synth/bd_31d6_s01tr_0.sv:53]
INFO: [Synth 8-6155] done synthesizing module 's01_entry_pipeline_imp_1HXCTYC' (0#1) [d:/int8-matmul-accelerator/matmul/matmul.gen/sources_1/bd/gemm_block/ip/gemm_block_axi_smc_0/bd_0/synth/bd_31d6.v:5393]
INFO: [Synth 8-6157] synthesizing module 's01_nodes_imp_1M5V9Y4' [d:/int8-matmul-accelerator/matmul/matmul.gen/sources_1/bd/gemm_block/ip/gemm_block_axi_smc_0/bd_0/synth/bd_31d6.v:5973]
INFO: [Synth 8-6157] synthesizing module 'bd_31d6_sarn_1' [d:/int8-matmul-accelerator/matmul/matmul.gen/sources_1/bd/gemm_block/ip/gemm_block_axi_smc_0/bd_0/ip/ip_30/synth/bd_31d6_sarn_1.sv:53]
INFO: [Synth 8-6155] done synthesizing module 'bd_31d6_sarn_1' (0#1) [d:/int8-matmul-accelerator/matmul/matmul.gen/sources_1/bd/gemm_block/ip/gemm_block_axi_smc_0/bd_0/ip/ip_30/synth/bd_31d6_sarn_1.sv:53]
INFO: [Synth 8-6157] synthesizing module 'bd_31d6_sawn_1' [d:/int8-matmul-accelerator/matmul/matmul.gen/sources_1/bd/gemm_block/ip/gemm_block_axi_smc_0/bd_0/ip/ip_32/synth/bd_31d6_sawn_1.sv:53]
INFO: [Synth 8-6155] done synthesizing module 'bd_31d6_sawn_1' (0#1) [d:/int8-matmul-accelerator/matmul/matmul.gen/sources_1/bd/gemm_block/ip/gemm_block_axi_smc_0/bd_0/ip/ip_32/synth/bd_31d6_sawn_1.sv:53]
INFO: [Synth 8-6157] synthesizing module 'bd_31d6_sbn_1' [d:/int8-matmul-accelerator/matmul/matmul.gen/sources_1/bd/gemm_block/ip/gemm_block_axi_smc_0/bd_0/ip/ip_34/synth/bd_31d6_sbn_1.sv:53]
INFO: [Synth 8-6155] done synthesizing module 'bd_31d6_sbn_1' (0#1) [d:/int8-matmul-accelerator/matmul/matmul.gen/sources_1/bd/gemm_block/ip/gemm_block_axi_smc_0/bd_0/ip/ip_34/synth/bd_31d6_sbn_1.sv:53]
INFO: [Synth 8-6157] synthesizing module 'bd_31d6_srn_1' [d:/int8-matmul-accelerator/matmul/matmul.gen/sources_1/bd/gemm_block/ip/gemm_block_axi_smc_0/bd_0/ip/ip_31/synth/bd_31d6_srn_1.sv:53]
INFO: [Synth 8-6155] done synthesizing module 'bd_31d6_srn_1' (0#1) [d:/int8-matmul-accelerator/matmul/matmul.gen/sources_1/bd/gemm_block/ip/gemm_block_axi_smc_0/bd_0/ip/ip_31/synth/bd_31d6_srn_1.sv:53]
INFO: [Synth 8-6157] synthesizing module 'bd_31d6_swn_1' [d:/int8-matmul-accelerator/matmul/matmul.gen/sources_1/bd/gemm_block/ip/gemm_block_axi_smc_0/bd_0/ip/ip_33/synth/bd_31d6_swn_1.sv:53]
INFO: [Synth 8-6155] done synthesizing module 'bd_31d6_swn_1' (0#1) [d:/int8-matmul-accelerator/matmul/matmul.gen/sources_1/bd/gemm_block/ip/gemm_block_axi_smc_0/bd_0/ip/ip_33/synth/bd_31d6_swn_1.sv:53]
INFO: [Synth 8-6155] done synthesizing module 's01_nodes_imp_1M5V9Y4' (0#1) [d:/int8-matmul-accelerator/matmul/matmul.gen/sources_1/bd/gemm_block/ip/gemm_block_axi_smc_0/bd_0/synth/bd_31d6.v:5973]
INFO: [Synth 8-6157] synthesizing module 'switchboards_imp_AXM8HQ' [d:/int8-matmul-accelerator/matmul/matmul.gen/sources_1/bd/gemm_block/ip/gemm_block_axi_smc_0/bd_0/synth/bd_31d6.v:6215]
INFO: [Synth 8-6157] synthesizing module 'bd_31d6_arinsw_0' [d:/int8-matmul-accelerator/matmul/matmul.gen/sources_1/bd/gemm_block/ip/gemm_block_axi_smc_0/bd_0/ip/ip_2/synth/bd_31d6_arinsw_0.sv:53]
INFO: [Synth 8-6155] done synthesizing module 'bd_31d6_arinsw_0' (0#1) [d:/int8-matmul-accelerator/matmul/matmul.gen/sources_1/bd/gemm_block/ip/gemm_block_axi_smc_0/bd_0/ip/ip_2/synth/bd_31d6_arinsw_0.sv:53]
INFO: [Synth 8-6157] synthesizing module 'bd_31d6_aroutsw_0' [d:/int8-matmul-accelerator/matmul/matmul.gen/sources_1/bd/gemm_block/ip/gemm_block_axi_smc_0/bd_0/ip/ip_7/synth/bd_31d6_aroutsw_0.sv:53]
INFO: [Synth 8-6155] done synthesizing module 'bd_31d6_aroutsw_0' (0#1) [d:/int8-matmul-accelerator/matmul/matmul.gen/sources_1/bd/gemm_block/ip/gemm_block_axi_smc_0/bd_0/ip/ip_7/synth/bd_31d6_aroutsw_0.sv:53]
INFO: [Synth 8-6157] synthesizing module 'bd_31d6_awinsw_0' [d:/int8-matmul-accelerator/matmul/matmul.gen/sources_1/bd/gemm_block/ip/gemm_block_axi_smc_0/bd_0/ip/ip_4/synth/bd_31d6_awinsw_0.sv:53]
INFO: [Common 17-14] Message 'Synth 8-6157' appears 100 times and further instances of the messages will be disabled. Use the Tcl command set_msg_config to change the current settings.
INFO: [Synth 8-6155] done synthesizing module 'bd_31d6_awinsw_0' (0#1) [d:/int8-matmul-accelerator/matmul/matmul.gen/sources_1/bd/gemm_block/ip/gemm_block_axi_smc_0/bd_0/ip/ip_4/synth/bd_31d6_awinsw_0.sv:53]
INFO: [Synth 8-6155] done synthesizing module 'bd_31d6_awoutsw_0' (0#1) [d:/int8-matmul-accelerator/matmul/matmul.gen/sources_1/bd/gemm_block/ip/gemm_block_axi_smc_0/bd_0/ip/ip_9/synth/bd_31d6_awoutsw_0.sv:53]
INFO: [Synth 8-6155] done synthesizing module 'bd_31d6_binsw_0' (0#1) [d:/int8-matmul-accelerator/matmul/matmul.gen/sources_1/bd/gemm_block/ip/gemm_block_axi_smc_0/bd_0/ip/ip_6/synth/bd_31d6_binsw_0.sv:53]
INFO: [Synth 8-6155] done synthesizing module 'bd_31d6_boutsw_0' (0#1) [d:/int8-matmul-accelerator/matmul/matmul.gen/sources_1/bd/gemm_block/ip/gemm_block_axi_smc_0/bd_0/ip/ip_11/synth/bd_31d6_boutsw_0.sv:53]
INFO: [Synth 8-6155] done synthesizing module 'bd_31d6_arni_0' (0#1) [d:/int8-matmul-accelerator/matmul/matmul.gen/sources_1/bd/gemm_block/ip/gemm_block_axi_smc_0/bd_0/ip/ip_12/synth/bd_31d6_arni_0.sv:53]
INFO: [Common 17-14] Message 'Synth 8-6155' appears 100 times and further instances of the messages will be disabled. Use the Tcl command set_msg_config to change the current settings.
WARNING: [Synth 8-7071] port 'M00_AXI_awprot' of module 'gemm_block_axi_smc_0' is unconnected for instance 'axi_smc' [d:/int8-matmul-accelerator/matmul/matmul.gen/sources_1/bd/gemm_block/synth/gemm_block.v:396]
WARNING: [Synth 8-7071] port 'M00_AXI_wstrb' of module 'gemm_block_axi_smc_0' is unconnected for instance 'axi_smc' [d:/int8-matmul-accelerator/matmul/matmul.gen/sources_1/bd/gemm_block/synth/gemm_block.v:396]
WARNING: [Synth 8-7071] port 'M00_AXI_arprot' of module 'gemm_block_axi_smc_0' is unconnected for instance 'axi_smc' [d:/int8-matmul-accelerator/matmul/matmul.gen/sources_1/bd/gemm_block/synth/gemm_block.v:396]
WARNING: [Synth 8-7071] port 'M01_AXI_awprot' of module 'gemm_block_axi_smc_0' is unconnected for instance 'axi_smc' [d:/int8-matmul-accelerator/matmul/matmul.gen/sources_1/bd/gemm_block/synth/gemm_block.v:396]
WARNING: [Synth 8-7071] port 'M01_AXI_wstrb' of module 'gemm_block_axi_smc_0' is unconnected for instance 'axi_smc' [d:/int8-matmul-accelerator/matmul/matmul.gen/sources_1/bd/gemm_block/synth/gemm_block.v:396]
WARNING: [Synth 8-7071] port 'M01_AXI_arprot' of module 'gemm_block_axi_smc_0' is unconnected for instance 'axi_smc' [d:/int8-matmul-accelerator/matmul/matmul.gen/sources_1/bd/gemm_block/synth/gemm_block.v:396]
WARNING: [Synth 8-7071] port 'M02_AXI_awprot' of module 'gemm_block_axi_smc_0' is unconnected for instance 'axi_smc' [d:/int8-matmul-accelerator/matmul/matmul.gen/sources_1/bd/gemm_block/synth/gemm_block.v:396]
WARNING: [Synth 8-7071] port 'M02_AXI_arprot' of module 'gemm_block_axi_smc_0' is unconnected for instance 'axi_smc' [d:/int8-matmul-accelerator/matmul/matmul.gen/sources_1/bd/gemm_block/synth/gemm_block.v:396]
WARNING: [Synth 8-7071] port 'M03_AXI_awprot' of module 'gemm_block_axi_smc_0' is unconnected for instance 'axi_smc' [d:/int8-matmul-accelerator/matmul/matmul.gen/sources_1/bd/gemm_block/synth/gemm_block.v:396]
WARNING: [Synth 8-7071] port 'M03_AXI_arprot' of module 'gemm_block_axi_smc_0' is unconnected for instance 'axi_smc' [d:/int8-matmul-accelerator/matmul/matmul.gen/sources_1/bd/gemm_block/synth/gemm_block.v:396]
WARNING: [Synth 8-7023] instance 'axi_smc' of module 'gemm_block_axi_smc_0' has 156 connections declared, but only 146 given [d:/int8-matmul-accelerator/matmul/matmul.gen/sources_1/bd/gemm_block/synth/gemm_block.v:396]
INFO: [Synth 8-638] synthesizing module 'bd_90f7_psr_aclk_0' [d:/int8-matmul-accelerator/matmul/matmul.gen/sources_1/bd/gemm_block/ip/gemm_block_axi_smc_1_0/bd_0/ip/ip_1/synth/bd_90f7_psr_aclk_0.vhd:74]
	Parameter C_FAMILY bound to: zynquplus - type: string 
	Parameter C_EXT_RST_WIDTH bound to: 4 - type: integer 
	Parameter C_AUX_RST_WIDTH bound to: 1 - type: integer 
	Parameter C_EXT_RESET_HIGH bound to: 1'b0 
	Parameter C_AUX_RESET_HIGH bound to: 1'b0 
	Parameter C_NUM_BUS_RST bound to: 1 - type: integer 
	Parameter C_NUM_PERP_RST bound to: 1 - type: integer 
	Parameter C_NUM_INTERCONNECT_ARESETN bound to: 1 - type: integer 
	Parameter C_NUM_PERP_ARESETN bound to: 1 - type: integer 
INFO: [Synth 8-3491] module 'proc_sys_reset' declared at 'd:/int8-matmul-accelerator/matmul/matmul.gen/sources_1/bd/gemm_block/ipshared/9438/hdl/proc_sys_reset_v5_0_vh_rfs.vhd:1243' bound to instance 'U0' of component 'proc_sys_reset' [d:/int8-matmul-accelerator/matmul/matmul.gen/sources_1/bd/gemm_block/ip/gemm_block_axi_smc_1_0/bd_0/ip/ip_1/synth/bd_90f7_psr_aclk_0.vhd:139]
INFO: [Synth 8-256] done synthesizing module 'bd_90f7_psr_aclk_0' (0#1) [d:/int8-matmul-accelerator/matmul/matmul.gen/sources_1/bd/gemm_block/ip/gemm_block_axi_smc_1_0/bd_0/ip/ip_1/synth/bd_90f7_psr_aclk_0.vhd:74]
WARNING: [Synth 8-7071] port 'mb_reset' of module 'bd_90f7_psr_aclk_0' is unconnected for instance 'psr_aclk' [d:/int8-matmul-accelerator/matmul/matmul.gen/sources_1/bd/gemm_block/ip/gemm_block_axi_smc_1_0/bd_0/synth/bd_90f7.v:1291]
WARNING: [Synth 8-7071] port 'bus_struct_reset' of module 'bd_90f7_psr_aclk_0' is unconnected for instance 'psr_aclk' [d:/int8-matmul-accelerator/matmul/matmul.gen/sources_1/bd/gemm_block/ip/gemm_block_axi_smc_1_0/bd_0/synth/bd_90f7.v:1291]
WARNING: [Synth 8-7071] port 'peripheral_reset' of module 'bd_90f7_psr_aclk_0' is unconnected for instance 'psr_aclk' [d:/int8-matmul-accelerator/matmul/matmul.gen/sources_1/bd/gemm_block/ip/gemm_block_axi_smc_1_0/bd_0/synth/bd_90f7.v:1291]
WARNING: [Synth 8-7071] port 'peripheral_aresetn' of module 'bd_90f7_psr_aclk_0' is unconnected for instance 'psr_aclk' [d:/int8-matmul-accelerator/matmul/matmul.gen/sources_1/bd/gemm_block/ip/gemm_block_axi_smc_1_0/bd_0/synth/bd_90f7.v:1291]
WARNING: [Synth 8-7023] instance 'psr_aclk' of module 'bd_90f7_psr_aclk_0' has 10 connections declared, but only 6 given [d:/int8-matmul-accelerator/matmul/matmul.gen/sources_1/bd/gemm_block/ip/gemm_block_axi_smc_1_0/bd_0/synth/bd_90f7.v:1291]
WARNING: [Synth 8-7071] port 'S01_ACLK' of module 'clk_map_imp_2QONHR' is unconnected for instance 'clk_map' [d:/int8-matmul-accelerator/matmul/matmul.gen/sources_1/bd/gemm_block/ip/gemm_block_axi_smc_1_0/bd_0/synth/bd_90f7.v:619]
WARNING: [Synth 8-7071] port 'S01_ARESETN' of module 'clk_map_imp_2QONHR' is unconnected for instance 'clk_map' [d:/int8-matmul-accelerator/matmul/matmul.gen/sources_1/bd/gemm_block/ip/gemm_block_axi_smc_1_0/bd_0/synth/bd_90f7.v:619]
WARNING: [Synth 8-7071] port 'S04_ACLK' of module 'clk_map_imp_2QONHR' is unconnected for instance 'clk_map' [d:/int8-matmul-accelerator/matmul/matmul.gen/sources_1/bd/gemm_block/ip/gemm_block_axi_smc_1_0/bd_0/synth/bd_90f7.v:619]
WARNING: [Synth 8-7071] port 'S04_ARESETN' of module 'clk_map_imp_2QONHR' is unconnected for instance 'clk_map' [d:/int8-matmul-accelerator/matmul/matmul.gen/sources_1/bd/gemm_block/ip/gemm_block_axi_smc_1_0/bd_0/synth/bd_90f7.v:619]
WARNING: [Synth 8-7023] instance 'clk_map' of module 'clk_map_imp_2QONHR' has 17 connections declared, but only 13 given [d:/int8-matmul-accelerator/matmul/matmul.gen/sources_1/bd/gemm_block/ip/gemm_block_axi_smc_1_0/bd_0/synth/bd_90f7.v:619]
WARNING: [Synth 8-7071] port 'm_axi_arburst' of module 'bd_90f7_s00tr_0' is unconnected for instance 's00_transaction_regulator' [d:/int8-matmul-accelerator/matmul/matmul.gen/sources_1/bd/gemm_block/ip/gemm_block_axi_smc_1_0/bd_0/synth/bd_90f7.v:2062]
WARNING: [Synth 8-7023] instance 's00_transaction_regulator' of module 'bd_90f7_s00tr_0' has 38 connections declared, but only 37 given [d:/int8-matmul-accelerator/matmul/matmul.gen/sources_1/bd/gemm_block/ip/gemm_block_axi_smc_1_0/bd_0/synth/bd_90f7.v:2062]
WARNING: [Synth 8-7071] port 'm_axi_arburst' of module 'bd_90f7_s02tr_0' is unconnected for instance 's02_transaction_regulator' [d:/int8-matmul-accelerator/matmul/matmul.gen/sources_1/bd/gemm_block/ip/gemm_block_axi_smc_1_0/bd_0/synth/bd_90f7.v:2422]
WARNING: [Synth 8-7023] instance 's02_transaction_regulator' of module 'bd_90f7_s02tr_0' has 38 connections declared, but only 37 given [d:/int8-matmul-accelerator/matmul/matmul.gen/sources_1/bd/gemm_block/ip/gemm_block_axi_smc_1_0/bd_0/synth/bd_90f7.v:2422]
WARNING: [Synth 8-7071] port 'm_axi_awburst' of module 'bd_90f7_s03tr_0' is unconnected for instance 's03_transaction_regulator' [d:/int8-matmul-accelerator/matmul/matmul.gen/sources_1/bd/gemm_block/ip/gemm_block_axi_smc_1_0/bd_0/synth/bd_90f7.v:2826]
WARNING: [Synth 8-7023] instance 's03_transaction_regulator' of module 'bd_90f7_s03tr_0' has 46 connections declared, but only 45 given [d:/int8-matmul-accelerator/matmul/matmul.gen/sources_1/bd/gemm_block/ip/gemm_block_axi_smc_1_0/bd_0/synth/bd_90f7.v:2826]
WARNING: [Synth 8-7071] port 'M00_SC_B_info' of module 'switchboards_imp_3DGX89' is unconnected for instance 'switchboards' [d:/int8-matmul-accelerator/matmul/matmul.gen/sources_1/bd/gemm_block/ip/gemm_block_axi_smc_1_0/bd_0/synth/bd_90f7.v:1120]
WARNING: [Synth 8-7071] port 'M00_SC_B_payld' of module 'switchboards_imp_3DGX89' is unconnected for instance 'switchboards' [d:/int8-matmul-accelerator/matmul/matmul.gen/sources_1/bd/gemm_block/ip/gemm_block_axi_smc_1_0/bd_0/synth/bd_90f7.v:1120]
WARNING: [Synth 8-7071] port 'M00_SC_B_req' of module 'switchboards_imp_3DGX89' is unconnected for instance 'switchboards' [d:/int8-matmul-accelerator/matmul/matmul.gen/sources_1/bd/gemm_block/ip/gemm_block_axi_smc_1_0/bd_0/synth/bd_90f7.v:1120]
WARNING: [Synth 8-7071] port 'M00_SC_B_send' of module 'switchboards_imp_3DGX89' is unconnected for instance 'switchboards' [d:/int8-matmul-accelerator/matmul/matmul.gen/sources_1/bd/gemm_block/ip/gemm_block_axi_smc_1_0/bd_0/synth/bd_90f7.v:1120]
WARNING: [Synth 8-7071] port 'M01_SC_B_info' of module 'switchboards_imp_3DGX89' is unconnected for instance 'switchboards' [d:/int8-matmul-accelerator/matmul/matmul.gen/sources_1/bd/gemm_block/ip/gemm_block_axi_smc_1_0/bd_0/synth/bd_90f7.v:1120]
WARNING: [Synth 8-7071] port 'M01_SC_B_payld' of module 'switchboards_imp_3DGX89' is unconnected for instance 'switchboards' [d:/int8-matmul-accelerator/matmul/matmul.gen/sources_1/bd/gemm_block/ip/gemm_block_axi_smc_1_0/bd_0/synth/bd_90f7.v:1120]
WARNING: [Synth 8-7071] port 'M01_SC_B_req' of module 'switchboards_imp_3DGX89' is unconnected for instance 'switchboards' [d:/int8-matmul-accelerator/matmul/matmul.gen/sources_1/bd/gemm_block/ip/gemm_block_axi_smc_1_0/bd_0/synth/bd_90f7.v:1120]
WARNING: [Synth 8-7071] port 'M01_SC_B_send' of module 'switchboards_imp_3DGX89' is unconnected for instance 'switchboards' [d:/int8-matmul-accelerator/matmul/matmul.gen/sources_1/bd/gemm_block/ip/gemm_block_axi_smc_1_0/bd_0/synth/bd_90f7.v:1120]
WARNING: [Synth 8-7071] port 'M01_SC_R_info' of module 'switchboards_imp_3DGX89' is unconnected for instance 'switchboards' [d:/int8-matmul-accelerator/matmul/matmul.gen/sources_1/bd/gemm_block/ip/gemm_block_axi_smc_1_0/bd_0/synth/bd_90f7.v:1120]
WARNING: [Synth 8-7071] port 'M01_SC_R_payld' of module 'switchboards_imp_3DGX89' is unconnected for instance 'switchboards' [d:/int8-matmul-accelerator/matmul/matmul.gen/sources_1/bd/gemm_block/ip/gemm_block_axi_smc_1_0/bd_0/synth/bd_90f7.v:1120]
WARNING: [Synth 8-7071] port 'M01_SC_R_req' of module 'switchboards_imp_3DGX89' is unconnected for instance 'switchboards' [d:/int8-matmul-accelerator/matmul/matmul.gen/sources_1/bd/gemm_block/ip/gemm_block_axi_smc_1_0/bd_0/synth/bd_90f7.v:1120]
WARNING: [Synth 8-7071] port 'M01_SC_R_send' of module 'switchboards_imp_3DGX89' is unconnected for instance 'switchboards' [d:/int8-matmul-accelerator/matmul/matmul.gen/sources_1/bd/gemm_block/ip/gemm_block_axi_smc_1_0/bd_0/synth/bd_90f7.v:1120]
WARNING: [Synth 8-7071] port 'M02_SC_B_info' of module 'switchboards_imp_3DGX89' is unconnected for instance 'switchboards' [d:/int8-matmul-accelerator/matmul/matmul.gen/sources_1/bd/gemm_block/ip/gemm_block_axi_smc_1_0/bd_0/synth/bd_90f7.v:1120]
WARNING: [Synth 8-7071] port 'M02_SC_B_payld' of module 'switchboards_imp_3DGX89' is unconnected for instance 'switchboards' [d:/int8-matmul-accelerator/matmul/matmul.gen/sources_1/bd/gemm_block/ip/gemm_block_axi_smc_1_0/bd_0/synth/bd_90f7.v:1120]
WARNING: [Synth 8-7071] port 'M02_SC_B_req' of module 'switchboards_imp_3DGX89' is unconnected for instance 'switchboards' [d:/int8-matmul-accelerator/matmul/matmul.gen/sources_1/bd/gemm_block/ip/gemm_block_axi_smc_1_0/bd_0/synth/bd_90f7.v:1120]
WARNING: [Synth 8-7071] port 'M02_SC_B_send' of module 'switchboards_imp_3DGX89' is unconnected for instance 'switchboards' [d:/int8-matmul-accelerator/matmul/matmul.gen/sources_1/bd/gemm_block/ip/gemm_block_axi_smc_1_0/bd_0/synth/bd_90f7.v:1120]
WARNING: [Synth 8-7071] port 'M03_SC_R_info' of module 'switchboards_imp_3DGX89' is unconnected for instance 'switchboards' [d:/int8-matmul-accelerator/matmul/matmul.gen/sources_1/bd/gemm_block/ip/gemm_block_axi_smc_1_0/bd_0/synth/bd_90f7.v:1120]
WARNING: [Synth 8-7071] port 'M03_SC_R_payld' of module 'switchboards_imp_3DGX89' is unconnected for instance 'switchboards' [d:/int8-matmul-accelerator/matmul/matmul.gen/sources_1/bd/gemm_block/ip/gemm_block_axi_smc_1_0/bd_0/synth/bd_90f7.v:1120]
WARNING: [Synth 8-7071] port 'M03_SC_R_req' of module 'switchboards_imp_3DGX89' is unconnected for instance 'switchboards' [d:/int8-matmul-accelerator/matmul/matmul.gen/sources_1/bd/gemm_block/ip/gemm_block_axi_smc_1_0/bd_0/synth/bd_90f7.v:1120]
WARNING: [Synth 8-7071] port 'M03_SC_R_send' of module 'switchboards_imp_3DGX89' is unconnected for instance 'switchboards' [d:/int8-matmul-accelerator/matmul/matmul.gen/sources_1/bd/gemm_block/ip/gemm_block_axi_smc_1_0/bd_0/synth/bd_90f7.v:1120]
WARNING: [Synth 8-7071] port 'M04_SC_B_info' of module 'switchboards_imp_3DGX89' is unconnected for instance 'switchboards' [d:/int8-matmul-accelerator/matmul/matmul.gen/sources_1/bd/gemm_block/ip/gemm_block_axi_smc_1_0/bd_0/synth/bd_90f7.v:1120]
WARNING: [Synth 8-7071] port 'M04_SC_B_payld' of module 'switchboards_imp_3DGX89' is unconnected for instance 'switchboards' [d:/int8-matmul-accelerator/matmul/matmul.gen/sources_1/bd/gemm_block/ip/gemm_block_axi_smc_1_0/bd_0/synth/bd_90f7.v:1120]
WARNING: [Synth 8-7071] port 'M04_SC_B_req' of module 'switchboards_imp_3DGX89' is unconnected for instance 'switchboards' [d:/int8-matmul-accelerator/matmul/matmul.gen/sources_1/bd/gemm_block/ip/gemm_block_axi_smc_1_0/bd_0/synth/bd_90f7.v:1120]
WARNING: [Synth 8-7071] port 'M04_SC_B_send' of module 'switchboards_imp_3DGX89' is unconnected for instance 'switchboards' [d:/int8-matmul-accelerator/matmul/matmul.gen/sources_1/bd/gemm_block/ip/gemm_block_axi_smc_1_0/bd_0/synth/bd_90f7.v:1120]
WARNING: [Synth 8-7071] port 'M04_SC_R_info' of module 'switchboards_imp_3DGX89' is unconnected for instance 'switchboards' [d:/int8-matmul-accelerator/matmul/matmul.gen/sources_1/bd/gemm_block/ip/gemm_block_axi_smc_1_0/bd_0/synth/bd_90f7.v:1120]
WARNING: [Synth 8-7071] port 'M04_SC_R_payld' of module 'switchboards_imp_3DGX89' is unconnected for instance 'switchboards' [d:/int8-matmul-accelerator/matmul/matmul.gen/sources_1/bd/gemm_block/ip/gemm_block_axi_smc_1_0/bd_0/synth/bd_90f7.v:1120]
WARNING: [Synth 8-7071] port 'M04_SC_R_req' of module 'switchboards_imp_3DGX89' is unconnected for instance 'switchboards' [d:/int8-matmul-accelerator/matmul/matmul.gen/sources_1/bd/gemm_block/ip/gemm_block_axi_smc_1_0/bd_0/synth/bd_90f7.v:1120]
WARNING: [Synth 8-7071] port 'M04_SC_R_send' of module 'switchboards_imp_3DGX89' is unconnected for instance 'switchboards' [d:/int8-matmul-accelerator/matmul/matmul.gen/sources_1/bd/gemm_block/ip/gemm_block_axi_smc_1_0/bd_0/synth/bd_90f7.v:1120]
WARNING: [Synth 8-7071] port 'S00_SC_AW_recv' of module 'switchboards_imp_3DGX89' is unconnected for instance 'switchboards' [d:/int8-matmul-accelerator/matmul/matmul.gen/sources_1/bd/gemm_block/ip/gemm_block_axi_smc_1_0/bd_0/synth/bd_90f7.v:1120]
WARNING: [Synth 8-7071] port 'S00_SC_W_recv' of module 'switchboards_imp_3DGX89' is unconnected for instance 'switchboards' [d:/int8-matmul-accelerator/matmul/matmul.gen/sources_1/bd/gemm_block/ip/gemm_block_axi_smc_1_0/bd_0/synth/bd_90f7.v:1120]
WARNING: [Synth 8-7071] port 'S01_SC_AR_recv' of module 'switchboards_imp_3DGX89' is unconnected for instance 'switchboards' [d:/int8-matmul-accelerator/matmul/matmul.gen/sources_1/bd/gemm_block/ip/gemm_block_axi_smc_1_0/bd_0/synth/bd_90f7.v:1120]
WARNING: [Synth 8-7071] port 'S01_SC_AW_recv' of module 'switchboards_imp_3DGX89' is unconnected for instance 'switchboards' [d:/int8-matmul-accelerator/matmul/matmul.gen/sources_1/bd/gemm_block/ip/gemm_block_axi_smc_1_0/bd_0/synth/bd_90f7.v:1120]
WARNING: [Synth 8-7071] port 'S01_SC_W_recv' of module 'switchboards_imp_3DGX89' is unconnected for instance 'switchboards' [d:/int8-matmul-accelerator/matmul/matmul.gen/sources_1/bd/gemm_block/ip/gemm_block_axi_smc_1_0/bd_0/synth/bd_90f7.v:1120]
WARNING: [Synth 8-7071] port 'S02_SC_AW_recv' of module 'switchboards_imp_3DGX89' is unconnected for instance 'switchboards' [d:/int8-matmul-accelerator/matmul/matmul.gen/sources_1/bd/gemm_block/ip/gemm_block_axi_smc_1_0/bd_0/synth/bd_90f7.v:1120]
WARNING: [Synth 8-7071] port 'S02_SC_W_recv' of module 'switchboards_imp_3DGX89' is unconnected for instance 'switchboards' [d:/int8-matmul-accelerator/matmul/matmul.gen/sources_1/bd/gemm_block/ip/gemm_block_axi_smc_1_0/bd_0/synth/bd_90f7.v:1120]
WARNING: [Synth 8-7071] port 'S03_SC_AR_recv' of module 'switchboards_imp_3DGX89' is unconnected for instance 'switchboards' [d:/int8-matmul-accelerator/matmul/matmul.gen/sources_1/bd/gemm_block/ip/gemm_block_axi_smc_1_0/bd_0/synth/bd_90f7.v:1120]
WARNING: [Synth 8-7071] port 'S04_SC_AR_recv' of module 'switchboards_imp_3DGX89' is unconnected for instance 'switchboards' [d:/int8-matmul-accelerator/matmul/matmul.gen/sources_1/bd/gemm_block/ip/gemm_block_axi_smc_1_0/bd_0/synth/bd_90f7.v:1120]
WARNING: [Synth 8-7071] port 'S04_SC_AW_recv' of module 'switchboards_imp_3DGX89' is unconnected for instance 'switchboards' [d:/int8-matmul-accelerator/matmul/matmul.gen/sources_1/bd/gemm_block/ip/gemm_block_axi_smc_1_0/bd_0/synth/bd_90f7.v:1120]
WARNING: [Synth 8-7071] port 'S04_SC_W_recv' of module 'switchboards_imp_3DGX89' is unconnected for instance 'switchboards' [d:/int8-matmul-accelerator/matmul/matmul.gen/sources_1/bd/gemm_block/ip/gemm_block_axi_smc_1_0/bd_0/synth/bd_90f7.v:1120]
WARNING: [Synth 8-7023] instance 'switchboards' of module 'switchboards_imp_3DGX89' has 152 connections declared, but only 113 given [d:/int8-matmul-accelerator/matmul/matmul.gen/sources_1/bd/gemm_block/ip/gemm_block_axi_smc_1_0/bd_0/synth/bd_90f7.v:1120]
WARNING: [Synth 8-7071] port 'S01_AXI_awready' of module 'gemm_block_axi_smc_1_0' is unconnected for instance 'axi_smc_1' [d:/int8-matmul-accelerator/matmul/matmul.gen/sources_1/bd/gemm_block/synth/gemm_block.v:543]
WARNING: [Synth 8-7071] port 'S01_AXI_wready' of module 'gemm_block_axi_smc_1_0' is unconnected for instance 'axi_smc_1' [d:/int8-matmul-accelerator/matmul/matmul.gen/sources_1/bd/gemm_block/synth/gemm_block.v:543]
WARNING: [Synth 8-7071] port 'S01_AXI_bresp' of module 'gemm_block_axi_smc_1_0' is unconnected for instance 'axi_smc_1' [d:/int8-matmul-accelerator/matmul/matmul.gen/sources_1/bd/gemm_block/synth/gemm_block.v:543]
WARNING: [Synth 8-7071] port 'S01_AXI_bvalid' of module 'gemm_block_axi_smc_1_0' is unconnected for instance 'axi_smc_1' [d:/int8-matmul-accelerator/matmul/matmul.gen/sources_1/bd/gemm_block/synth/gemm_block.v:543]
WARNING: [Synth 8-7071] port 'S01_AXI_arready' of module 'gemm_block_axi_smc_1_0' is unconnected for instance 'axi_smc_1' [d:/int8-matmul-accelerator/matmul/matmul.gen/sources_1/bd/gemm_block/synth/gemm_block.v:543]
WARNING: [Synth 8-7071] port 'S01_AXI_rdata' of module 'gemm_block_axi_smc_1_0' is unconnected for instance 'axi_smc_1' [d:/int8-matmul-accelerator/matmul/matmul.gen/sources_1/bd/gemm_block/synth/gemm_block.v:543]
WARNING: [Synth 8-7071] port 'S01_AXI_rresp' of module 'gemm_block_axi_smc_1_0' is unconnected for instance 'axi_smc_1' [d:/int8-matmul-accelerator/matmul/matmul.gen/sources_1/bd/gemm_block/synth/gemm_block.v:543]
WARNING: [Synth 8-7071] port 'S01_AXI_rlast' of module 'gemm_block_axi_smc_1_0' is unconnected for instance 'axi_smc_1' [d:/int8-matmul-accelerator/matmul/matmul.gen/sources_1/bd/gemm_block/synth/gemm_block.v:543]
WARNING: [Synth 8-7071] port 'S01_AXI_rvalid' of module 'gemm_block_axi_smc_1_0' is unconnected for instance 'axi_smc_1' [d:/int8-matmul-accelerator/matmul/matmul.gen/sources_1/bd/gemm_block/synth/gemm_block.v:543]
WARNING: [Synth 8-7071] port 'S04_AXI_awready' of module 'gemm_block_axi_smc_1_0' is unconnected for instance 'axi_smc_1' [d:/int8-matmul-accelerator/matmul/matmul.gen/sources_1/bd/gemm_block/synth/gemm_block.v:543]
WARNING: [Synth 8-7071] port 'S04_AXI_wready' of module 'gemm_block_axi_smc_1_0' is unconnected for instance 'axi_smc_1' [d:/int8-matmul-accelerator/matmul/matmul.gen/sources_1/bd/gemm_block/synth/gemm_block.v:543]
WARNING: [Synth 8-7071] port 'S04_AXI_bresp' of module 'gemm_block_axi_smc_1_0' is unconnected for instance 'axi_smc_1' [d:/int8-matmul-accelerator/matmul/matmul.gen/sources_1/bd/gemm_block/synth/gemm_block.v:543]
WARNING: [Synth 8-7071] port 'S04_AXI_bvalid' of module 'gemm_block_axi_smc_1_0' is unconnected for instance 'axi_smc_1' [d:/int8-matmul-accelerator/matmul/matmul.gen/sources_1/bd/gemm_block/synth/gemm_block.v:543]
WARNING: [Synth 8-7071] port 'S04_AXI_arready' of module 'gemm_block_axi_smc_1_0' is unconnected for instance 'axi_smc_1' [d:/int8-matmul-accelerator/matmul/matmul.gen/sources_1/bd/gemm_block/synth/gemm_block.v:543]
WARNING: [Synth 8-7071] port 'S04_AXI_rdata' of module 'gemm_block_axi_smc_1_0' is unconnected for instance 'axi_smc_1' [d:/int8-matmul-accelerator/matmul/matmul.gen/sources_1/bd/gemm_block/synth/gemm_block.v:543]
WARNING: [Synth 8-7071] port 'S04_AXI_rresp' of module 'gemm_block_axi_smc_1_0' is unconnected for instance 'axi_smc_1' [d:/int8-matmul-accelerator/matmul/matmul.gen/sources_1/bd/gemm_block/synth/gemm_block.v:543]
WARNING: [Synth 8-7071] port 'S04_AXI_rlast' of module 'gemm_block_axi_smc_1_0' is unconnected for instance 'axi_smc_1' [d:/int8-matmul-accelerator/matmul/matmul.gen/sources_1/bd/gemm_block/synth/gemm_block.v:543]
WARNING: [Synth 8-7071] port 'S04_AXI_rvalid' of module 'gemm_block_axi_smc_1_0' is unconnected for instance 'axi_smc_1' [d:/int8-matmul-accelerator/matmul/matmul.gen/sources_1/bd/gemm_block/synth/gemm_block.v:543]
WARNING: [Synth 8-7023] instance 'axi_smc_1' of module 'gemm_block_axi_smc_1_0' has 149 connections declared, but only 131 given [d:/int8-matmul-accelerator/matmul/matmul.gen/sources_1/bd/gemm_block/synth/gemm_block.v:543]
	Parameter N bound to: 16 - type: integer 
	Parameter DATA_WIDTH bound to: 8 - type: integer 
	Parameter FIFO_DEPTH bound to: 1024 - type: integer 
	Parameter BRAM_DEPTH bound to: 1024 - type: integer 
	Parameter DATA_WIDTH bound to: 128 - type: integer 
	Parameter DEPTH bound to: 1024 - type: integer 
	Parameter N bound to: 16 - type: integer 
	Parameter DATA_WIDTH bound to: 8 - type: integer 
	Parameter BRAM_DEPTH bound to: 1024 - type: integer 
WARNING: [Synth 8-689] width (16) of port connection 'valid_delay' does not match port width (1) of module 'systolic_dataflow_ctrl' [D:/int8-matmul-accelerator/matmul/matmul.srcs/sources_1/new/gemm_accelerator.v:123]
WARNING: [Synth 8-689] width (16) of port connection 'clear_delay' does not match port width (1) of module 'systolic_dataflow_ctrl' [D:/int8-matmul-accelerator/matmul/matmul.srcs/sources_1/new/gemm_accelerator.v:124]
WARNING: [Synth 8-689] width (16) of port connection 'last_mac_delay' does not match port width (1) of module 'systolic_dataflow_ctrl' [D:/int8-matmul-accelerator/matmul/matmul.srcs/sources_1/new/gemm_accelerator.v:125]
	Parameter N bound to: 16 - type: integer 
	Parameter DATA_WIDTH bound to: 8 - type: integer 
	Parameter DATA_WIDTH bound to: 8 - type: integer 
	Parameter DELAY_CYCLES bound to: 0 - type: integer 
	Parameter DATA_WIDTH bound to: 1 - type: integer 
	Parameter DELAY_CYCLES bound to: 0 - type: integer 
	Parameter DATA_WIDTH bound to: 8 - type: integer 
	Parameter DELAY_CYCLES bound to: 1 - type: integer 
	Parameter DATA_WIDTH bound to: 1 - type: integer 
	Parameter DELAY_CYCLES bound to: 1 - type: integer 
	Parameter DATA_WIDTH bound to: 8 - type: integer 
	Parameter DELAY_CYCLES bound to: 2 - type: integer 
	Parameter DATA_WIDTH bound to: 1 - type: integer 
	Parameter DELAY_CYCLES bound to: 2 - type: integer 
	Parameter DATA_WIDTH bound to: 8 - type: integer 
	Parameter DELAY_CYCLES bound to: 3 - type: integer 
	Parameter DATA_WIDTH bound to: 1 - type: integer 
	Parameter DELAY_CYCLES bound to: 3 - type: integer 
	Parameter DATA_WIDTH bound to: 8 - type: integer 
	Parameter DELAY_CYCLES bound to: 4 - type: integer 
	Parameter DATA_WIDTH bound to: 1 - type: integer 
	Parameter DELAY_CYCLES bound to: 4 - type: integer 
	Parameter DATA_WIDTH bound to: 8 - type: integer 
	Parameter DELAY_CYCLES bound to: 5 - type: integer 
	Parameter DATA_WIDTH bound to: 1 - type: integer 
	Parameter DELAY_CYCLES bound to: 5 - type: integer 
	Parameter DATA_WIDTH bound to: 8 - type: integer 
	Parameter DELAY_CYCLES bound to: 6 - type: integer 
	Parameter DATA_WIDTH bound to: 1 - type: integer 
	Parameter DELAY_CYCLES bound to: 6 - type: integer 
	Parameter DATA_WIDTH bound to: 8 - type: integer 
	Parameter DELAY_CYCLES bound to: 7 - type: integer 
	Parameter DATA_WIDTH bound to: 1 - type: integer 
	Parameter DELAY_CYCLES bound to: 7 - type: integer 
	Parameter DATA_WIDTH bound to: 8 - type: integer 
	Parameter DELAY_CYCLES bound to: 8 - type: integer 
	Parameter DATA_WIDTH bound to: 1 - type: integer 
	Parameter DELAY_CYCLES bound to: 8 - type: integer 
	Parameter DATA_WIDTH bound to: 8 - type: integer 
	Parameter DELAY_CYCLES bound to: 9 - type: integer 
	Parameter DATA_WIDTH bound to: 1 - type: integer 
	Parameter DELAY_CYCLES bound to: 9 - type: integer 
	Parameter DATA_WIDTH bound to: 8 - type: integer 
	Parameter DELAY_CYCLES bound to: 10 - type: integer 
	Parameter DATA_WIDTH bound to: 1 - type: integer 
	Parameter DELAY_CYCLES bound to: 10 - type: integer 
	Parameter DATA_WIDTH bound to: 8 - type: integer 
	Parameter DELAY_CYCLES bound to: 11 - type: integer 
	Parameter DATA_WIDTH bound to: 1 - type: integer 
	Parameter DELAY_CYCLES bound to: 11 - type: integer 
	Parameter DATA_WIDTH bound to: 8 - type: integer 
	Parameter DELAY_CYCLES bound to: 12 - type: integer 
	Parameter DATA_WIDTH bound to: 1 - type: integer 
	Parameter DELAY_CYCLES bound to: 12 - type: integer 
	Parameter DATA_WIDTH bound to: 8 - type: integer 
	Parameter DELAY_CYCLES bound to: 13 - type: integer 
	Parameter DATA_WIDTH bound to: 1 - type: integer 
	Parameter DELAY_CYCLES bound to: 13 - type: integer 
	Parameter DATA_WIDTH bound to: 8 - type: integer 
	Parameter DELAY_CYCLES bound to: 14 - type: integer 
	Parameter DATA_WIDTH bound to: 1 - type: integer 
	Parameter DELAY_CYCLES bound to: 14 - type: integer 
	Parameter DATA_WIDTH bound to: 8 - type: integer 
	Parameter DELAY_CYCLES bound to: 15 - type: integer 
	Parameter DATA_WIDTH bound to: 1 - type: integer 
	Parameter DELAY_CYCLES bound to: 15 - type: integer 
	Parameter ARRAY_SIZE bound to: 16 - type: integer 
	Parameter N bound to: 16 - type: integer 
INFO: [Synth 8-226] default block is never used [D:/int8-matmul-accelerator/matmul/matmul.srcs/sources_1/new/output_serializer.v:38]
	Parameter DATA_WIDTH bound to: 512 - type: integer 
	Parameter DEPTH bound to: 1024 - type: integer 
	Parameter FIFO_MEMORY_TYPE bound to: block - type: string 
	Parameter FIFO_WRITE_DEPTH bound to: 1024 - type: integer 
	Parameter WRITE_DATA_WIDTH bound to: 512 - type: integer 
	Parameter USE_ADV_FEATURES bound to: 0000 - type: string 
	Parameter READ_MODE bound to: fwft - type: string 
	Parameter FIFO_READ_LATENCY bound to: 0 - type: integer 
	Parameter READ_DATA_WIDTH bound to: 512 - type: integer 
INFO: [Synth 8-226] default block is never used [D:/Apps/Study/Vivado/2025.2/Vivado/data/ip/xpm/xpm_fifo/hdl/xpm_fifo.sv:1220]
INFO: [Synth 8-226] default block is never used [D:/Apps/Study/Vivado/2025.2/Vivado/data/ip/xpm/xpm_fifo/hdl/xpm_fifo.sv:1287]
INFO: [Synth 8-226] default block is never used [D:/Apps/Study/Vivado/2025.2/Vivado/data/ip/xpm/xpm_fifo/hdl/xpm_fifo.sv:1309]
WARNING: [Synth 8-7071] port 'prog_full' of module 'xpm_fifo_sync' is unconnected for instance 'xpm_fifo_sync_inst' [D:/int8-matmul-accelerator/matmul/matmul.srcs/sources_1/new/sc_fifo_fwft.v:46]
WARNING: [Synth 8-7071] port 'wr_data_count' of module 'xpm_fifo_sync' is unconnected for instance 'xpm_fifo_sync_inst' [D:/int8-matmul-accelerator/matmul/matmul.srcs/sources_1/new/sc_fifo_fwft.v:46]
WARNING: [Synth 8-7071] port 'overflow' of module 'xpm_fifo_sync' is unconnected for instance 'xpm_fifo_sync_inst' [D:/int8-matmul-accelerator/matmul/matmul.srcs/sources_1/new/sc_fifo_fwft.v:46]
WARNING: [Synth 8-7071] port 'wr_rst_busy' of module 'xpm_fifo_sync' is unconnected for instance 'xpm_fifo_sync_inst' [D:/int8-matmul-accelerator/matmul/matmul.srcs/sources_1/new/sc_fifo_fwft.v:46]
WARNING: [Synth 8-7071] port 'almost_full' of module 'xpm_fifo_sync' is unconnected for instance 'xpm_fifo_sync_inst' [D:/int8-matmul-accelerator/matmul/matmul.srcs/sources_1/new/sc_fifo_fwft.v:46]
WARNING: [Synth 8-7071] port 'wr_ack' of module 'xpm_fifo_sync' is unconnected for instance 'xpm_fifo_sync_inst' [D:/int8-matmul-accelerator/matmul/matmul.srcs/sources_1/new/sc_fifo_fwft.v:46]
WARNING: [Synth 8-7071] port 'prog_empty' of module 'xpm_fifo_sync' is unconnected for instance 'xpm_fifo_sync_inst' [D:/int8-matmul-accelerator/matmul/matmul.srcs/sources_1/new/sc_fifo_fwft.v:46]
WARNING: [Synth 8-7071] port 'rd_data_count' of module 'xpm_fifo_sync' is unconnected for instance 'xpm_fifo_sync_inst' [D:/int8-matmul-accelerator/matmul/matmul.srcs/sources_1/new/sc_fifo_fwft.v:46]
INFO: [Common 17-14] Message 'Synth 8-7071' appears 100 times and further instances of the messages will be disabled. Use the Tcl command set_msg_config to change the current settings.
WARNING: [Synth 8-7023] instance 'xpm_fifo_sync_inst' of module 'xpm_fifo_sync' has 25 connections declared, but only 11 given [D:/int8-matmul-accelerator/matmul/matmul.srcs/sources_1/new/sc_fifo_fwft.v:46]
	Parameter N bound to: 16 - type: integer 
	Parameter DATA_W bound to: 32 - type: integer 
INFO: [Synth 8-226] default block is never used [D:/int8-matmul-accelerator/matmul/matmul.srcs/sources_1/new/post_accumulator.v:64]
	Parameter N bound to: 16 - type: integer 
WARNING: [Synth 8-7023] instance 'gemm_accelerator_0' of module 'gemm_block_gemm_accelerator_0_2' has 19 connections declared, but only 18 given [d:/int8-matmul-accelerator/matmul/matmul.gen/sources_1/bd/gemm_block/synth/gemm_block.v:675]
INFO: [Synth 8-638] synthesizing module 'gemm_block_rst_ps8_0_99M_0' [d:/int8-matmul-accelerator/matmul/matmul.gen/sources_1/bd/gemm_block/ip/gemm_block_rst_ps8_0_99M_0/synth/gemm_block_rst_ps8_0_99M_0.vhd:74]
	Parameter C_FAMILY bound to: zynquplus - type: string 
	Parameter C_EXT_RST_WIDTH bound to: 4 - type: integer 
	Parameter C_AUX_RST_WIDTH bound to: 4 - type: integer 
	Parameter C_EXT_RESET_HIGH bound to: 1'b0 
	Parameter C_AUX_RESET_HIGH bound to: 1'b0 
	Parameter C_NUM_BUS_RST bound to: 1 - type: integer 
	Parameter C_NUM_PERP_RST bound to: 1 - type: integer 
	Parameter C_NUM_INTERCONNECT_ARESETN bound to: 1 - type: integer 
	Parameter C_NUM_PERP_ARESETN bound to: 1 - type: integer 
INFO: [Synth 8-3491] module 'proc_sys_reset' declared at 'd:/int8-matmul-accelerator/matmul/matmul.gen/sources_1/bd/gemm_block/ipshared/9438/hdl/proc_sys_reset_v5_0_vh_rfs.vhd:1243' bound to instance 'U0' of component 'proc_sys_reset' [d:/int8-matmul-accelerator/matmul/matmul.gen/sources_1/bd/gemm_block/ip/gemm_block_rst_ps8_0_99M_0/synth/gemm_block_rst_ps8_0_99M_0.vhd:139]
INFO: [Synth 8-638] synthesizing module 'proc_sys_reset__parameterized2' [d:/int8-matmul-accelerator/matmul/matmul.gen/sources_1/bd/gemm_block/ipshared/9438/hdl/proc_sys_reset_v5_0_vh_rfs.vhd:1302]
	Parameter INIT bound to: 1'b1 
INFO: [Synth 8-113] binding component instance 'FDRE_inst' to cell 'FDRE' [d:/int8-matmul-accelerator/matmul/matmul.gen/sources_1/bd/gemm_block/ipshared/9438/hdl/proc_sys_reset_v5_0_vh_rfs.vhd:1371]
	Parameter INIT bound to: 1'b1 
INFO: [Synth 8-113] binding component instance 'FDRE_BSR' to cell 'FDRE' [d:/int8-matmul-accelerator/matmul/matmul.gen/sources_1/bd/gemm_block/ipshared/9438/hdl/proc_sys_reset_v5_0_vh_rfs.vhd:1387]
	Parameter INIT bound to: 1'b0 
INFO: [Synth 8-113] binding component instance 'FDRE_BSR_N' to cell 'FDRE' [d:/int8-matmul-accelerator/matmul/matmul.gen/sources_1/bd/gemm_block/ipshared/9438/hdl/proc_sys_reset_v5_0_vh_rfs.vhd:1413]
	Parameter INIT bound to: 1'b1 
INFO: [Synth 8-113] binding component instance 'FDRE_PER' to cell 'FDRE' [d:/int8-matmul-accelerator/matmul/matmul.gen/sources_1/bd/gemm_block/ipshared/9438/hdl/proc_sys_reset_v5_0_vh_rfs.vhd:1436]
	Parameter INIT bound to: 1'b0 
INFO: [Synth 8-113] binding component instance 'FDRE_PER_N' to cell 'FDRE' [d:/int8-matmul-accelerator/matmul/matmul.gen/sources_1/bd/gemm_block/ipshared/9438/hdl/proc_sys_reset_v5_0_vh_rfs.vhd:1460]
INFO: [Synth 8-638] synthesizing module 'lpf__parameterized0' [d:/int8-matmul-accelerator/matmul/matmul.gen/sources_1/bd/gemm_block/ipshared/9438/hdl/proc_sys_reset_v5_0_vh_rfs.vhd:821]
INFO: [Synth 8-3491] module 'SRL16' declared at 'D:/Apps/Study/Vivado/2025.2/Vivado/scripts/rt/data/unisim_comp.v:165318' bound to instance 'POR_SRL_I' of component 'SRL16' [d:/int8-matmul-accelerator/matmul/matmul.gen/sources_1/bd/gemm_block/ipshared/9438/hdl/proc_sys_reset_v5_0_vh_rfs.vhd:873]
	Parameter DEST_SYNC_FF bound to: 4 - type: integer 
	Parameter INIT_SYNC_FF bound to: 0 - type: integer 
	Parameter SIM_ASSERT_CHK bound to: 0 - type: integer 
	Parameter SRC_INPUT_REG bound to: 0 - type: integer 
INFO: [Synth 8-3491] module 'xpm_cdc_single' declared at 'D:/Apps/Study/Vivado/2025.2/Vivado/data/ip/xpm/xpm_cdc/hdl/xpm_cdc.sv:152' bound to instance 'ACT_LO_EXT' of component 'xpm_cdc_single' [d:/int8-matmul-accelerator/matmul/matmul.gen/sources_1/bd/gemm_block/ipshared/9438/hdl/proc_sys_reset_v5_0_vh_rfs.vhd:968]
	Parameter DEST_SYNC_FF bound to: 4 - type: integer 
	Parameter INIT_SYNC_FF bound to: 0 - type: integer 
	Parameter SIM_ASSERT_CHK bound to: 0 - type: integer 
	Parameter SRC_INPUT_REG bound to: 0 - type: integer 
INFO: [Synth 8-3491] module 'xpm_cdc_single' declared at 'D:/Apps/Study/Vivado/2025.2/Vivado/data/ip/xpm/xpm_cdc/hdl/xpm_cdc.sv:152' bound to instance 'ACT_LO_AUX' of component 'xpm_cdc_single' [d:/int8-matmul-accelerator/matmul/matmul.gen/sources_1/bd/gemm_block/ipshared/9438/hdl/proc_sys_reset_v5_0_vh_rfs.vhd:1015]
INFO: [Synth 8-256] done synthesizing module 'lpf__parameterized0' (0#1) [d:/int8-matmul-accelerator/matmul/matmul.gen/sources_1/bd/gemm_block/ipshared/9438/hdl/proc_sys_reset_v5_0_vh_rfs.vhd:821]
INFO: [Synth 8-256] done synthesizing module 'proc_sys_reset__parameterized2' (0#1) [d:/int8-matmul-accelerator/matmul/matmul.gen/sources_1/bd/gemm_block/ipshared/9438/hdl/proc_sys_reset_v5_0_vh_rfs.vhd:1302]
INFO: [Synth 8-256] done synthesizing module 'gemm_block_rst_ps8_0_99M_0' (0#1) [d:/int8-matmul-accelerator/matmul/matmul.gen/sources_1/bd/gemm_block/ip/gemm_block_rst_ps8_0_99M_0/synth/gemm_block_rst_ps8_0_99M_0.vhd:74]
WARNING: [Synth 8-7023] instance 'rst_ps8_0_99M' of module 'gemm_block_rst_ps8_0_99M_0' has 10 connections declared, but only 6 given [d:/int8-matmul-accelerator/matmul/matmul.gen/sources_1/bd/gemm_block/synth/gemm_block.v:694]
WARNING: [Synth 8-689] width (5) of port connection 'EMIOSDIO0DATAIN' does not match port width (8) of module 'PS8' [d:/int8-matmul-accelerator/matmul/matmul.gen/sources_1/bd/gemm_block/ip/gemm_block_zynq_ultra_ps_e_0_0/hdl/zynq_ultra_ps_e_v3_5_8.v:4659]
WARNING: [Synth 8-689] width (5) of port connection 'EMIOSDIO0DATAOUT' does not match port width (8) of module 'PS8' [d:/int8-matmul-accelerator/matmul/matmul.gen/sources_1/bd/gemm_block/ip/gemm_block_zynq_ultra_ps_e_0_0/hdl/zynq_ultra_ps_e_v3_5_8.v:4660]
WARNING: [Synth 8-689] width (5) of port connection 'EMIOSDIO0DATAENA' does not match port width (8) of module 'PS8' [d:/int8-matmul-accelerator/matmul/matmul.gen/sources_1/bd/gemm_block/ip/gemm_block_zynq_ultra_ps_e_0_0/hdl/zynq_ultra_ps_e_v3_5_8.v:4661]
WARNING: [Synth 8-689] width (5) of port connection 'EMIOSDIO1DATAIN' does not match port width (8) of module 'PS8' [d:/int8-matmul-accelerator/matmul/matmul.gen/sources_1/bd/gemm_block/ip/gemm_block_zynq_ultra_ps_e_0_0/hdl/zynq_ultra_ps_e_v3_5_8.v:4672]
WARNING: [Synth 8-689] width (5) of port connection 'EMIOSDIO1DATAOUT' does not match port width (8) of module 'PS8' [d:/int8-matmul-accelerator/matmul/matmul.gen/sources_1/bd/gemm_block/ip/gemm_block_zynq_ultra_ps_e_0_0/hdl/zynq_ultra_ps_e_v3_5_8.v:4673]
WARNING: [Synth 8-689] width (5) of port connection 'EMIOSDIO1DATAENA' does not match port width (8) of module 'PS8' [d:/int8-matmul-accelerator/matmul/matmul.gen/sources_1/bd/gemm_block/ip/gemm_block_zynq_ultra_ps_e_0_0/hdl/zynq_ultra_ps_e_v3_5_8.v:4674]
WARNING: [Synth 8-7023] instance 'PS8_i' of module 'PS8' has 1015 connections declared, but only 957 given [d:/int8-matmul-accelerator/matmul/matmul.gen/sources_1/bd/gemm_block/ip/gemm_block_zynq_ultra_ps_e_0_0/hdl/zynq_ultra_ps_e_v3_5_8.v:3850]
INFO: [Synth 8-7023] instance 'inst' of module 'zynq_ultra_ps_e_v3_5_8_zynq_ultra_ps_e' has 1493 connections declared, but only 1489 given [d:/int8-matmul-accelerator/matmul/matmul.gen/sources_1/bd/gemm_block/ip/gemm_block_zynq_ultra_ps_e_0_0/synth/gemm_block_zynq_ultra_ps_e_0_0.v:496]
WARNING: [Synth 8-7023] instance 'zynq_ultra_ps_e_0' of module 'gemm_block_zynq_ultra_ps_e_0_0' has 124 connections declared, but only 121 given [d:/int8-matmul-accelerator/matmul/matmul.gen/sources_1/bd/gemm_block/synth/gemm_block.v:701]
INFO: [Synth 8-6014] Unused sequential element awaddr_reg was removed.  [d:/int8-matmul-accelerator/matmul/matmul.gen/sources_1/bd/gemm_block/ipshared/7f6a/hdl/axi_dma_v7_1_vh_rfs.vhd:2133]
INFO: [Synth 8-6014] Unused sequential element wdata_reg was removed.  [d:/int8-matmul-accelerator/matmul/matmul.gen/sources_1/bd/gemm_block/ipshared/7f6a/hdl/axi_dma_v7_1_vh_rfs.vhd:2135]
INFO: [Synth 8-6014] Unused sequential element GEN_SYNC_WRITE.axi2ip_wrdata_i_reg was removed.  [d:/int8-matmul-accelerator/matmul/matmul.gen/sources_1/bd/gemm_block/ipshared/7f6a/hdl/axi_dma_v7_1_vh_rfs.vhd:2288]
INFO: [Synth 8-6014] Unused sequential element GEN_SYNC_WRITE.awready_i_reg was removed.  [d:/int8-matmul-accelerator/matmul/matmul.gen/sources_1/bd/gemm_block/ipshared/7f6a/hdl/axi_dma_v7_1_vh_rfs.vhd:2120]
INFO: [Synth 8-6014] Unused sequential element GEN_SYNC_WRITE.rdy1_reg was removed.  [d:/int8-matmul-accelerator/matmul/matmul.gen/sources_1/bd/gemm_block/ipshared/7f6a/hdl/axi_dma_v7_1_vh_rfs.vhd:2249]
INFO: [Synth 8-6014] Unused sequential element GEN_SYNC_READ.arvalid_re_d1_reg was removed.  [d:/int8-matmul-accelerator/matmul/matmul.gen/sources_1/bd/gemm_block/ipshared/7f6a/hdl/axi_dma_v7_1_vh_rfs.vhd:2997]
INFO: [Synth 8-6014] Unused sequential element sg_ftch_error_reg was removed.  [d:/int8-matmul-accelerator/matmul/matmul.gen/sources_1/bd/gemm_block/ipshared/7f6a/hdl/axi_dma_v7_1_vh_rfs.vhd:3919]
INFO: [Synth 8-6014] Unused sequential element sg_updt_error_reg was removed.  [d:/int8-matmul-accelerator/matmul/matmul.gen/sources_1/bd/gemm_block/ipshared/7f6a/hdl/axi_dma_v7_1_vh_rfs.vhd:3920]
INFO: [Synth 8-3848] Net mm2s_desc_flush in module/entity axi_dma_mm2s_mngr does not have driver. [d:/int8-matmul-accelerator/matmul/matmul.gen/sources_1/bd/gemm_block/ipshared/7f6a/hdl/axi_dma_v7_1_vh_rfs.vhd:14953]
INFO: [Synth 8-6014] Unused sequential element sig_inhibit_rdy_n_reg was removed.  [d:/int8-matmul-accelerator/matmul/matmul.gen/sources_1/bd/gemm_block/ipshared/d44a/hdl/axi_datamover_v5_1_vh_rfs.vhd:2237]
INFO: [Synth 8-6014] Unused sequential element sig_inhibit_rdy_n_reg was removed.  [d:/int8-matmul-accelerator/matmul/matmul.gen/sources_1/bd/gemm_block/ipshared/d44a/hdl/axi_datamover_v5_1_vh_rfs.vhd:2237]
INFO: [Synth 8-6014] Unused sequential element sig_input_reg_full_reg was removed.  [d:/int8-matmul-accelerator/matmul/matmul.gen/sources_1/bd/gemm_block/ipshared/d44a/hdl/axi_datamover_v5_1_vh_rfs.vhd:8245]
INFO: [Synth 8-6014] Unused sequential element sig_xfer_reg_full_reg was removed.  [d:/int8-matmul-accelerator/matmul/matmul.gen/sources_1/bd/gemm_block/ipshared/d44a/hdl/axi_datamover_v5_1_vh_rfs.vhd:8556]
INFO: [Synth 8-6014] Unused sequential element sig_next_tag_reg_reg was removed.  [d:/int8-matmul-accelerator/matmul/matmul.gen/sources_1/bd/gemm_block/ipshared/d44a/hdl/axi_datamover_v5_1_vh_rfs.vhd:10601]
INFO: [Synth 8-6014] Unused sequential element sig_next_cmd_cmplt_reg_reg was removed.  [d:/int8-matmul-accelerator/matmul/matmul.gen/sources_1/bd/gemm_block/ipshared/d44a/hdl/axi_datamover_v5_1_vh_rfs.vhd:10608]
INFO: [Synth 8-6014] Unused sequential element sig_next_dre_src_align_reg_reg was removed.  [d:/int8-matmul-accelerator/matmul/matmul.gen/sources_1/bd/gemm_block/ipshared/d44a/hdl/axi_datamover_v5_1_vh_rfs.vhd:13065]
INFO: [Synth 8-6014] Unused sequential element sig_next_dre_dest_align_reg_reg was removed.  [d:/int8-matmul-accelerator/matmul/matmul.gen/sources_1/bd/gemm_block/ipshared/d44a/hdl/axi_datamover_v5_1_vh_rfs.vhd:13066]
INFO: [Synth 8-6014] Unused sequential element sig_coelsc_reg_empty_reg was removed.  [d:/int8-matmul-accelerator/matmul/matmul.gen/sources_1/bd/gemm_block/ipshared/d44a/hdl/axi_datamover_v5_1_vh_rfs.vhd:13404]
WARNING: [Synth 8-6014] Unused sequential element gen_rd_b.gen_doutb_pipe.enb_pipe_reg[0] was removed.  [D:/Apps/Study/Vivado/2025.2/Vivado/data/ip/xpm/xpm_memory/hdl/xpm_memory.sv:3087]
WARNING: [Synth 8-6014] Unused sequential element gdvld.data_valid_std_reg was removed.  [D:/Apps/Study/Vivado/2025.2/Vivado/data/ip/xpm/xpm_fifo/hdl/xpm_fifo.sv:550]
WARNING: [Synth 8-6014] Unused sequential element gen_pntr_flags_cc.gae_cc_std.ram_aempty_i_reg was removed.  [D:/Apps/Study/Vivado/2025.2/Vivado/data/ip/xpm/xpm_fifo/hdl/xpm_fifo.sv:982]
WARNING: [Synth 8-6014] Unused sequential element gen_fwft.empty_fwft_fb_reg was removed.  [D:/Apps/Study/Vivado/2025.2/Vivado/data/ip/xpm/xpm_fifo/hdl/xpm_fifo.sv:1404]
INFO: [Synth 8-6014] Unused sequential element hold_ff_q_reg was removed.  [d:/int8-matmul-accelerator/matmul/matmul.gen/sources_1/bd/gemm_block/ipshared/d44a/hdl/axi_datamover_v5_1_vh_rfs.vhd:1586]
INFO: [Synth 8-3848] Net m_axi_sg_awuser in module/entity axi_dma does not have driver. [d:/int8-matmul-accelerator/matmul/matmul.gen/sources_1/bd/gemm_block/ipshared/7f6a/hdl/axi_dma_v7_1_vh_rfs.vhd:21824]
INFO: [Synth 8-3848] Net m_axi_sg_aruser in module/entity axi_dma does not have driver. [d:/int8-matmul-accelerator/matmul/matmul.gen/sources_1/bd/gemm_block/ipshared/7f6a/hdl/axi_dma_v7_1_vh_rfs.vhd:21850]
INFO: [Synth 8-3848] Net s_axis_s2mm_sts_tready in module/entity axi_dma does not have driver. [d:/int8-matmul-accelerator/matmul/matmul.gen/sources_1/bd/gemm_block/ipshared/7f6a/hdl/axi_dma_v7_1_vh_rfs.vhd:21959]
INFO: [Synth 8-3848] Net tdest_out_int in module/entity axi_dma does not have driver. [d:/int8-matmul-accelerator/matmul/matmul.gen/sources_1/bd/gemm_block/ipshared/7f6a/hdl/axi_dma_v7_1_vh_rfs.vhd:22507]
INFO: [Synth 8-3848] Net same_tdest in module/entity axi_dma does not have driver. [d:/int8-matmul-accelerator/matmul/matmul.gen/sources_1/bd/gemm_block/ipshared/7f6a/hdl/axi_dma_v7_1_vh_rfs.vhd:22508]
INFO: [Synth 8-3848] Net strm_valid in module/entity axi_dma does not have driver. [d:/int8-matmul-accelerator/matmul/matmul.gen/sources_1/bd/gemm_block/ipshared/7f6a/hdl/axi_dma_v7_1_vh_rfs.vhd:22540]
INFO: [Synth 8-3848] Net bd_eq in module/entity axi_dma does not have driver. [d:/int8-matmul-accelerator/matmul/matmul.gen/sources_1/bd/gemm_block/ipshared/7f6a/hdl/axi_dma_v7_1_vh_rfs.vhd:22533]
INFO: [Synth 8-3848] Net m_axis_ftch1_desc_available in module/entity axi_dma does not have driver. [d:/int8-matmul-accelerator/matmul/matmul.gen/sources_1/bd/gemm_block/ipshared/7f6a/hdl/axi_dma_v7_1_vh_rfs.vhd:22442]
INFO: [Synth 8-6014] Unused sequential element sg_ftch_error_reg was removed.  [d:/int8-matmul-accelerator/matmul/matmul.gen/sources_1/bd/gemm_block/ipshared/7f6a/hdl/axi_dma_v7_1_vh_rfs.vhd:5567]
INFO: [Synth 8-6014] Unused sequential element sg_updt_error_reg was removed.  [d:/int8-matmul-accelerator/matmul/matmul.gen/sources_1/bd/gemm_block/ipshared/7f6a/hdl/axi_dma_v7_1_vh_rfs.vhd:5568]
INFO: [Synth 8-6014] Unused sequential element GEN_S2MM_DMA_CONTROL.s2mm_desc_flush_i_reg was removed.  [d:/int8-matmul-accelerator/matmul/matmul.gen/sources_1/bd/gemm_block/ipshared/7f6a/hdl/axi_dma_v7_1_vh_rfs.vhd:20518]
INFO: [Synth 8-6014] Unused sequential element sig_inhibit_rdy_n_reg was removed.  [d:/int8-matmul-accelerator/matmul/matmul.gen/sources_1/bd/gemm_block/ipshared/d44a/hdl/axi_datamover_v5_1_vh_rfs.vhd:2237]
INFO: [Synth 8-6014] Unused sequential element sig_input_reg_full_reg was removed.  [d:/int8-matmul-accelerator/matmul/matmul.gen/sources_1/bd/gemm_block/ipshared/d44a/hdl/axi_datamover_v5_1_vh_rfs.vhd:26470]
INFO: [Synth 8-6014] Unused sequential element sig_psm_ld_calc2_reg was removed.  [d:/int8-matmul-accelerator/matmul/matmul.gen/sources_1/bd/gemm_block/ipshared/d44a/hdl/axi_datamover_v5_1_vh_rfs.vhd:26674]
INFO: [Synth 8-6014] Unused sequential element sig_child_cmd_reg_empty_reg was removed.  [d:/int8-matmul-accelerator/matmul/matmul.gen/sources_1/bd/gemm_block/ipshared/d44a/hdl/axi_datamover_v5_1_vh_rfs.vhd:27130]
INFO: [Synth 8-6014] Unused sequential element sig_first_child_xfer_reg was removed.  [d:/int8-matmul-accelerator/matmul/matmul.gen/sources_1/bd/gemm_block/ipshared/d44a/hdl/axi_datamover_v5_1_vh_rfs.vhd:27675]
INFO: [Synth 8-6014] Unused sequential element sig_xfer_is_seq_reg was removed.  [d:/int8-matmul-accelerator/matmul/matmul.gen/sources_1/bd/gemm_block/ipshared/d44a/hdl/axi_datamover_v5_1_vh_rfs.vhd:28174]
INFO: [Synth 8-6014] Unused sequential element sig_xfer_reg_empty_reg was removed.  [d:/int8-matmul-accelerator/matmul/matmul.gen/sources_1/bd/gemm_block/ipshared/d44a/hdl/axi_datamover_v5_1_vh_rfs.vhd:28267]
INFO: [Synth 8-6014] Unused sequential element sig_xfer_reg_full_reg was removed.  [d:/int8-matmul-accelerator/matmul/matmul.gen/sources_1/bd/gemm_block/ipshared/d44a/hdl/axi_datamover_v5_1_vh_rfs.vhd:28268]
WARNING: [Synth 8-6014] Unused sequential element gen_rd_b.gen_doutb_pipe.enb_pipe_reg[0] was removed.  [D:/Apps/Study/Vivado/2025.2/Vivado/data/ip/xpm/xpm_memory/hdl/xpm_memory.sv:3087]
WARNING: [Synth 8-6014] Unused sequential element gdvld.data_valid_std_reg was removed.  [D:/Apps/Study/Vivado/2025.2/Vivado/data/ip/xpm/xpm_fifo/hdl/xpm_fifo.sv:550]
WARNING: [Synth 8-6014] Unused sequential element gen_pntr_flags_cc.gae_cc_std.ram_aempty_i_reg was removed.  [D:/Apps/Study/Vivado/2025.2/Vivado/data/ip/xpm/xpm_fifo/hdl/xpm_fifo.sv:982]
WARNING: [Synth 8-6014] Unused sequential element gen_fwft.empty_fwft_fb_reg was removed.  [D:/Apps/Study/Vivado/2025.2/Vivado/data/ip/xpm/xpm_fifo/hdl/xpm_fifo.sv:1404]
INFO: [Synth 8-6014] Unused sequential element hold_ff_q_reg was removed.  [d:/int8-matmul-accelerator/matmul/matmul.gen/sources_1/bd/gemm_block/ipshared/d44a/hdl/axi_datamover_v5_1_vh_rfs.vhd:1586]
INFO: [Synth 8-6014] Unused sequential element sig_sm_ld_scatter_cmd_reg was removed.  [d:/int8-matmul-accelerator/matmul/matmul.gen/sources_1/bd/gemm_block/ipshared/d44a/hdl/axi_datamover_v5_1_vh_rfs.vhd:47543]
WARNING: [Synth 8-6014] Unused sequential element gen_rd_b.gen_doutb_pipe.enb_pipe_reg[0] was removed.  [D:/Apps/Study/Vivado/2025.2/Vivado/data/ip/xpm/xpm_memory/hdl/xpm_memory.sv:3087]
WARNING: [Synth 8-6014] Unused sequential element gdvld.data_valid_std_reg was removed.  [D:/Apps/Study/Vivado/2025.2/Vivado/data/ip/xpm/xpm_fifo/hdl/xpm_fifo.sv:550]
WARNING: [Synth 8-6014] Unused sequential element gen_pntr_flags_cc.gae_cc_std.ram_aempty_i_reg was removed.  [D:/Apps/Study/Vivado/2025.2/Vivado/data/ip/xpm/xpm_fifo/hdl/xpm_fifo.sv:982]
WARNING: [Synth 8-6014] Unused sequential element gen_fwft.empty_fwft_fb_reg was removed.  [D:/Apps/Study/Vivado/2025.2/Vivado/data/ip/xpm/xpm_fifo/hdl/xpm_fifo.sv:1404]
INFO: [Synth 8-6014] Unused sequential element hold_ff_q_reg was removed.  [d:/int8-matmul-accelerator/matmul/matmul.gen/sources_1/bd/gemm_block/ipshared/d44a/hdl/axi_datamover_v5_1_vh_rfs.vhd:1586]
WARNING: [Synth 8-6014] Unused sequential element gen_rd_b.gen_doutb_pipe.enb_pipe_reg[0] was removed.  [D:/Apps/Study/Vivado/2025.2/Vivado/data/ip/xpm/xpm_memory/hdl/xpm_memory.sv:3087]
WARNING: [Synth 8-6014] Unused sequential element gdvld.data_valid_std_reg was removed.  [D:/Apps/Study/Vivado/2025.2/Vivado/data/ip/xpm/xpm_fifo/hdl/xpm_fifo.sv:550]
WARNING: [Synth 8-6014] Unused sequential element gen_pntr_flags_cc.gae_cc_std.ram_aempty_i_reg was removed.  [D:/Apps/Study/Vivado/2025.2/Vivado/data/ip/xpm/xpm_fifo/hdl/xpm_fifo.sv:982]
WARNING: [Synth 8-6014] Unused sequential element gen_fwft.empty_fwft_fb_reg was removed.  [D:/Apps/Study/Vivado/2025.2/Vivado/data/ip/xpm/xpm_fifo/hdl/xpm_fifo.sv:1404]
INFO: [Synth 8-6014] Unused sequential element hold_ff_q_reg was removed.  [d:/int8-matmul-accelerator/matmul/matmul.gen/sources_1/bd/gemm_block/ipshared/d44a/hdl/axi_datamover_v5_1_vh_rfs.vhd:1586]
INFO: [Synth 8-6014] Unused sequential element sig_next_tag_reg_reg was removed.  [d:/int8-matmul-accelerator/matmul/matmul.gen/sources_1/bd/gemm_block/ipshared/d44a/hdl/axi_datamover_v5_1_vh_rfs.vhd:10601]
INFO: [Synth 8-6014] Unused sequential element sig_next_cmd_cmplt_reg_reg was removed.  [d:/int8-matmul-accelerator/matmul/matmul.gen/sources_1/bd/gemm_block/ipshared/d44a/hdl/axi_datamover_v5_1_vh_rfs.vhd:10608]
INFO: [Synth 8-6014] Unused sequential element sig_next_last_strb_reg_reg was removed.  [d:/int8-matmul-accelerator/matmul/matmul.gen/sources_1/bd/gemm_block/ipshared/d44a/hdl/axi_datamover_v5_1_vh_rfs.vhd:17126]
INFO: [Synth 8-6014] Unused sequential element sig_next_eof_reg_reg was removed.  [d:/int8-matmul-accelerator/matmul/matmul.gen/sources_1/bd/gemm_block/ipshared/d44a/hdl/axi_datamover_v5_1_vh_rfs.vhd:17131]
INFO: [Synth 8-3848] Net m_axi_sg_awuser in module/entity axi_dma__parameterized1 does not have driver. [d:/int8-matmul-accelerator/matmul/matmul.gen/sources_1/bd/gemm_block/ipshared/7f6a/hdl/axi_dma_v7_1_vh_rfs.vhd:21824]
INFO: [Synth 8-3848] Net m_axi_sg_aruser in module/entity axi_dma__parameterized1 does not have driver. [d:/int8-matmul-accelerator/matmul/matmul.gen/sources_1/bd/gemm_block/ipshared/7f6a/hdl/axi_dma_v7_1_vh_rfs.vhd:21850]
INFO: [Synth 8-3848] Net strm_valid in module/entity axi_dma__parameterized1 does not have driver. [d:/int8-matmul-accelerator/matmul/matmul.gen/sources_1/bd/gemm_block/ipshared/7f6a/hdl/axi_dma_v7_1_vh_rfs.vhd:22540]
INFO: [Synth 8-3848] Net bd_eq in module/entity axi_dma__parameterized1 does not have driver. [d:/int8-matmul-accelerator/matmul/matmul.gen/sources_1/bd/gemm_block/ipshared/7f6a/hdl/axi_dma_v7_1_vh_rfs.vhd:22533]
INFO: [Synth 8-3848] Net m_axis_ftch1_desc_available in module/entity axi_dma__parameterized1 does not have driver. [d:/int8-matmul-accelerator/matmul/matmul.gen/sources_1/bd/gemm_block/ipshared/7f6a/hdl/axi_dma_v7_1_vh_rfs.vhd:22442]
INFO: [Synth 8-3848] Net s2mm_desc_info_in in module/entity axi_dma__parameterized1 does not have driver. [d:/int8-matmul-accelerator/matmul/matmul.gen/sources_1/bd/gemm_block/ipshared/7f6a/hdl/axi_dma_v7_1_vh_rfs.vhd:22513]
INFO: [Synth 8-3848] Net m_axis_ftch2_desc_available in module/entity axi_dma__parameterized1 does not have driver. [d:/int8-matmul-accelerator/matmul/matmul.gen/sources_1/bd/gemm_block/ipshared/7f6a/hdl/axi_dma_v7_1_vh_rfs.vhd:22442]
INFO: [Synth 8-6014] Unused sequential element Dual.ALLOUT0_ND_G1.READ_REG_GEN[0].GPIO_DBus_i_reg was removed.  [d:/int8-matmul-accelerator/matmul/matmul.gen/sources_1/bd/gemm_block/ipshared/0271/hdl/axi_gpio_v2_0_vh_rfs.vhd:688]
INFO: [Synth 8-6014] Unused sequential element Dual.ALLOUT0_ND_G1.READ_REG_GEN[1].GPIO_DBus_i_reg was removed.  [d:/int8-matmul-accelerator/matmul/matmul.gen/sources_1/bd/gemm_block/ipshared/0271/hdl/axi_gpio_v2_0_vh_rfs.vhd:688]
INFO: [Synth 8-6014] Unused sequential element Dual.ALLOUT0_ND_G1.READ_REG_GEN[2].GPIO_DBus_i_reg was removed.  [d:/int8-matmul-accelerator/matmul/matmul.gen/sources_1/bd/gemm_block/ipshared/0271/hdl/axi_gpio_v2_0_vh_rfs.vhd:688]
INFO: [Synth 8-6014] Unused sequential element Dual.ALLOUT0_ND_G1.READ_REG_GEN[3].GPIO_DBus_i_reg was removed.  [d:/int8-matmul-accelerator/matmul/matmul.gen/sources_1/bd/gemm_block/ipshared/0271/hdl/axi_gpio_v2_0_vh_rfs.vhd:688]
INFO: [Synth 8-6014] Unused sequential element Dual.ALLOUT0_ND_G1.READ_REG_GEN[4].GPIO_DBus_i_reg was removed.  [d:/int8-matmul-accelerator/matmul/matmul.gen/sources_1/bd/gemm_block/ipshared/0271/hdl/axi_gpio_v2_0_vh_rfs.vhd:688]
INFO: [Synth 8-6014] Unused sequential element Dual.ALLOUT0_ND_G1.READ_REG_GEN[5].GPIO_DBus_i_reg was removed.  [d:/int8-matmul-accelerator/matmul/matmul.gen/sources_1/bd/gemm_block/ipshared/0271/hdl/axi_gpio_v2_0_vh_rfs.vhd:688]
INFO: [Synth 8-6014] Unused sequential element Dual.ALLOUT0_ND_G1.READ_REG_GEN[6].GPIO_DBus_i_reg was removed.  [d:/int8-matmul-accelerator/matmul/matmul.gen/sources_1/bd/gemm_block/ipshared/0271/hdl/axi_gpio_v2_0_vh_rfs.vhd:688]
INFO: [Synth 8-6014] Unused sequential element Dual.ALLOUT0_ND_G1.READ_REG_GEN[7].GPIO_DBus_i_reg was removed.  [d:/int8-matmul-accelerator/matmul/matmul.gen/sources_1/bd/gemm_block/ipshared/0271/hdl/axi_gpio_v2_0_vh_rfs.vhd:688]
INFO: [Synth 8-6014] Unused sequential element Dual.ALLOUT0_ND_G1.READ_REG_GEN[8].GPIO_DBus_i_reg was removed.  [d:/int8-matmul-accelerator/matmul/matmul.gen/sources_1/bd/gemm_block/ipshared/0271/hdl/axi_gpio_v2_0_vh_rfs.vhd:688]
INFO: [Synth 8-6014] Unused sequential element Dual.ALLOUT0_ND_G1.READ_REG_GEN[9].GPIO_DBus_i_reg was removed.  [d:/int8-matmul-accelerator/matmul/matmul.gen/sources_1/bd/gemm_block/ipshared/0271/hdl/axi_gpio_v2_0_vh_rfs.vhd:688]
INFO: [Synth 8-6014] Unused sequential element Dual.ALLOUT0_ND_G1.READ_REG_GEN[10].GPIO_DBus_i_reg was removed.  [d:/int8-matmul-accelerator/matmul/matmul.gen/sources_1/bd/gemm_block/ipshared/0271/hdl/axi_gpio_v2_0_vh_rfs.vhd:688]
INFO: [Synth 8-6014] Unused sequential element Dual.ALLOUT0_ND_G1.READ_REG_GEN[11].GPIO_DBus_i_reg was removed.  [d:/int8-matmul-accelerator/matmul/matmul.gen/sources_1/bd/gemm_block/ipshared/0271/hdl/axi_gpio_v2_0_vh_rfs.vhd:688]
INFO: [Synth 8-6014] Unused sequential element Dual.ALLOUT0_ND_G1.READ_REG_GEN[12].GPIO_DBus_i_reg was removed.  [d:/int8-matmul-accelerator/matmul/matmul.gen/sources_1/bd/gemm_block/ipshared/0271/hdl/axi_gpio_v2_0_vh_rfs.vhd:688]
INFO: [Synth 8-6014] Unused sequential element Dual.ALLOUT0_ND_G1.READ_REG_GEN[13].GPIO_DBus_i_reg was removed.  [d:/int8-matmul-accelerator/matmul/matmul.gen/sources_1/bd/gemm_block/ipshared/0271/hdl/axi_gpio_v2_0_vh_rfs.vhd:688]
INFO: [Synth 8-6014] Unused sequential element Dual.ALLOUT0_ND_G1.READ_REG_GEN[14].GPIO_DBus_i_reg was removed.  [d:/int8-matmul-accelerator/matmul/matmul.gen/sources_1/bd/gemm_block/ipshared/0271/hdl/axi_gpio_v2_0_vh_rfs.vhd:688]
INFO: [Synth 8-6014] Unused sequential element Dual.ALLOUT0_ND_G1.READ_REG_GEN[15].GPIO_DBus_i_reg was removed.  [d:/int8-matmul-accelerator/matmul/matmul.gen/sources_1/bd/gemm_block/ipshared/0271/hdl/axi_gpio_v2_0_vh_rfs.vhd:688]
INFO: [Synth 8-6014] Unused sequential element Dual.ALLOUT0_ND_G1.READ_REG_GEN[16].GPIO_DBus_i_reg was removed.  [d:/int8-matmul-accelerator/matmul/matmul.gen/sources_1/bd/gemm_block/ipshared/0271/hdl/axi_gpio_v2_0_vh_rfs.vhd:688]
INFO: [Synth 8-6014] Unused sequential element Dual.ALLOUT0_ND_G1.READ_REG_GEN[17].GPIO_DBus_i_reg was removed.  [d:/int8-matmul-accelerator/matmul/matmul.gen/sources_1/bd/gemm_block/ipshared/0271/hdl/axi_gpio_v2_0_vh_rfs.vhd:688]
INFO: [Synth 8-6014] Unused sequential element Dual.ALLOUT0_ND_G1.READ_REG_GEN[18].GPIO_DBus_i_reg was removed.  [d:/int8-matmul-accelerator/matmul/matmul.gen/sources_1/bd/gemm_block/ipshared/0271/hdl/axi_gpio_v2_0_vh_rfs.vhd:688]
INFO: [Synth 8-6014] Unused sequential element Dual.ALLOUT0_ND_G1.READ_REG_GEN[19].GPIO_DBus_i_reg was removed.  [d:/int8-matmul-accelerator/matmul/matmul.gen/sources_1/bd/gemm_block/ipshared/0271/hdl/axi_gpio_v2_0_vh_rfs.vhd:688]
INFO: [Synth 8-6014] Unused sequential element Dual.ALLOUT0_ND_G1.READ_REG_GEN[20].GPIO_DBus_i_reg was removed.  [d:/int8-matmul-accelerator/matmul/matmul.gen/sources_1/bd/gemm_block/ipshared/0271/hdl/axi_gpio_v2_0_vh_rfs.vhd:688]
INFO: [Synth 8-6014] Unused sequential element Dual.ALLOUT0_ND_G1.READ_REG_GEN[21].GPIO_DBus_i_reg was removed.  [d:/int8-matmul-accelerator/matmul/matmul.gen/sources_1/bd/gemm_block/ipshared/0271/hdl/axi_gpio_v2_0_vh_rfs.vhd:688]
INFO: [Synth 8-6014] Unused sequential element Dual.ALLOUT0_ND_G1.READ_REG_GEN[22].GPIO_DBus_i_reg was removed.  [d:/int8-matmul-accelerator/matmul/matmul.gen/sources_1/bd/gemm_block/ipshared/0271/hdl/axi_gpio_v2_0_vh_rfs.vhd:688]
INFO: [Synth 8-6014] Unused sequential element Dual.ALLOUT0_ND_G1.READ_REG_GEN[23].GPIO_DBus_i_reg was removed.  [d:/int8-matmul-accelerator/matmul/matmul.gen/sources_1/bd/gemm_block/ipshared/0271/hdl/axi_gpio_v2_0_vh_rfs.vhd:688]
INFO: [Synth 8-6014] Unused sequential element Dual.ALLOUT0_ND_G1.READ_REG_GEN[24].GPIO_DBus_i_reg was removed.  [d:/int8-matmul-accelerator/matmul/matmul.gen/sources_1/bd/gemm_block/ipshared/0271/hdl/axi_gpio_v2_0_vh_rfs.vhd:688]
INFO: [Synth 8-6014] Unused sequential element Dual.ALLOUT0_ND_G1.READ_REG_GEN[25].GPIO_DBus_i_reg was removed.  [d:/int8-matmul-accelerator/matmul/matmul.gen/sources_1/bd/gemm_block/ipshared/0271/hdl/axi_gpio_v2_0_vh_rfs.vhd:688]
INFO: [Synth 8-6014] Unused sequential element Dual.ALLOUT0_ND_G1.READ_REG_GEN[26].GPIO_DBus_i_reg was removed.  [d:/int8-matmul-accelerator/matmul/matmul.gen/sources_1/bd/gemm_block/ipshared/0271/hdl/axi_gpio_v2_0_vh_rfs.vhd:688]
INFO: [Synth 8-6014] Unused sequential element Dual.ALLOUT0_ND_G1.READ_REG_GEN[27].GPIO_DBus_i_reg was removed.  [d:/int8-matmul-accelerator/matmul/matmul.gen/sources_1/bd/gemm_block/ipshared/0271/hdl/axi_gpio_v2_0_vh_rfs.vhd:688]
INFO: [Synth 8-6014] Unused sequential element Dual.ALLOUT0_ND_G1.READ_REG_GEN[28].GPIO_DBus_i_reg was removed.  [d:/int8-matmul-accelerator/matmul/matmul.gen/sources_1/bd/gemm_block/ipshared/0271/hdl/axi_gpio_v2_0_vh_rfs.vhd:688]
INFO: [Synth 8-6014] Unused sequential element Dual.ALLOUT0_ND_G1.READ_REG_GEN[29].GPIO_DBus_i_reg was removed.  [d:/int8-matmul-accelerator/matmul/matmul.gen/sources_1/bd/gemm_block/ipshared/0271/hdl/axi_gpio_v2_0_vh_rfs.vhd:688]
INFO: [Synth 8-6014] Unused sequential element Dual.ALLOUT0_ND_G1.READ_REG_GEN[30].GPIO_DBus_i_reg was removed.  [d:/int8-matmul-accelerator/matmul/matmul.gen/sources_1/bd/gemm_block/ipshared/0271/hdl/axi_gpio_v2_0_vh_rfs.vhd:688]
INFO: [Synth 8-6014] Unused sequential element Dual.ALLOUT0_ND_G1.READ_REG_GEN[31].GPIO_DBus_i_reg was removed.  [d:/int8-matmul-accelerator/matmul/matmul.gen/sources_1/bd/gemm_block/ipshared/0271/hdl/axi_gpio_v2_0_vh_rfs.vhd:688]
INFO: [Synth 8-6014] Unused sequential element Dual.ALLOUT1_ND_G2.READ_REG2_GEN[0].GPIO2_DBus_i_reg was removed.  [d:/int8-matmul-accelerator/matmul/matmul.gen/sources_1/bd/gemm_block/ipshared/0271/hdl/axi_gpio_v2_0_vh_rfs.vhd:785]
INFO: [Synth 8-6014] Unused sequential element Dual.ALLOUT1_ND_G2.READ_REG2_GEN[1].GPIO2_DBus_i_reg was removed.  [d:/int8-matmul-accelerator/matmul/matmul.gen/sources_1/bd/gemm_block/ipshared/0271/hdl/axi_gpio_v2_0_vh_rfs.vhd:785]
INFO: [Synth 8-6014] Unused sequential element Dual.ALLOUT1_ND_G2.READ_REG2_GEN[2].GPIO2_DBus_i_reg was removed.  [d:/int8-matmul-accelerator/matmul/matmul.gen/sources_1/bd/gemm_block/ipshared/0271/hdl/axi_gpio_v2_0_vh_rfs.vhd:785]
INFO: [Synth 8-6014] Unused sequential element Dual.ALLOUT1_ND_G2.READ_REG2_GEN[3].GPIO2_DBus_i_reg was removed.  [d:/int8-matmul-accelerator/matmul/matmul.gen/sources_1/bd/gemm_block/ipshared/0271/hdl/axi_gpio_v2_0_vh_rfs.vhd:785]
INFO: [Synth 8-6014] Unused sequential element Dual.ALLOUT1_ND_G2.READ_REG2_GEN[4].GPIO2_DBus_i_reg was removed.  [d:/int8-matmul-accelerator/matmul/matmul.gen/sources_1/bd/gemm_block/ipshared/0271/hdl/axi_gpio_v2_0_vh_rfs.vhd:785]
INFO: [Synth 8-6014] Unused sequential element Dual.ALLOUT1_ND_G2.READ_REG2_GEN[5].GPIO2_DBus_i_reg was removed.  [d:/int8-matmul-accelerator/matmul/matmul.gen/sources_1/bd/gemm_block/ipshared/0271/hdl/axi_gpio_v2_0_vh_rfs.vhd:785]
INFO: [Synth 8-6014] Unused sequential element Dual.ALLOUT1_ND_G2.READ_REG2_GEN[6].GPIO2_DBus_i_reg was removed.  [d:/int8-matmul-accelerator/matmul/matmul.gen/sources_1/bd/gemm_block/ipshared/0271/hdl/axi_gpio_v2_0_vh_rfs.vhd:785]
INFO: [Synth 8-6014] Unused sequential element Dual.ALLOUT1_ND_G2.READ_REG2_GEN[7].GPIO2_DBus_i_reg was removed.  [d:/int8-matmul-accelerator/matmul/matmul.gen/sources_1/bd/gemm_block/ipshared/0271/hdl/axi_gpio_v2_0_vh_rfs.vhd:785]
INFO: [Synth 8-6014] Unused sequential element Dual.ALLOUT1_ND_G2.READ_REG2_GEN[8].GPIO2_DBus_i_reg was removed.  [d:/int8-matmul-accelerator/matmul/matmul.gen/sources_1/bd/gemm_block/ipshared/0271/hdl/axi_gpio_v2_0_vh_rfs.vhd:785]
INFO: [Synth 8-6014] Unused sequential element Dual.ALLOUT1_ND_G2.READ_REG2_GEN[9].GPIO2_DBus_i_reg was removed.  [d:/int8-matmul-accelerator/matmul/matmul.gen/sources_1/bd/gemm_block/ipshared/0271/hdl/axi_gpio_v2_0_vh_rfs.vhd:785]
INFO: [Synth 8-6014] Unused sequential element Dual.ALLOUT1_ND_G2.READ_REG2_GEN[10].GPIO2_DBus_i_reg was removed.  [d:/int8-matmul-accelerator/matmul/matmul.gen/sources_1/bd/gemm_block/ipshared/0271/hdl/axi_gpio_v2_0_vh_rfs.vhd:785]
INFO: [Synth 8-6014] Unused sequential element Dual.ALLOUT1_ND_G2.READ_REG2_GEN[11].GPIO2_DBus_i_reg was removed.  [d:/int8-matmul-accelerator/matmul/matmul.gen/sources_1/bd/gemm_block/ipshared/0271/hdl/axi_gpio_v2_0_vh_rfs.vhd:785]
INFO: [Synth 8-6014] Unused sequential element Dual.ALLOUT1_ND_G2.READ_REG2_GEN[12].GPIO2_DBus_i_reg was removed.  [d:/int8-matmul-accelerator/matmul/matmul.gen/sources_1/bd/gemm_block/ipshared/0271/hdl/axi_gpio_v2_0_vh_rfs.vhd:785]
INFO: [Synth 8-6014] Unused sequential element Dual.ALLOUT1_ND_G2.READ_REG2_GEN[13].GPIO2_DBus_i_reg was removed.  [d:/int8-matmul-accelerator/matmul/matmul.gen/sources_1/bd/gemm_block/ipshared/0271/hdl/axi_gpio_v2_0_vh_rfs.vhd:785]
INFO: [Synth 8-6014] Unused sequential element Dual.ALLOUT1_ND_G2.READ_REG2_GEN[14].GPIO2_DBus_i_reg was removed.  [d:/int8-matmul-accelerator/matmul/matmul.gen/sources_1/bd/gemm_block/ipshared/0271/hdl/axi_gpio_v2_0_vh_rfs.vhd:785]
INFO: [Common 17-14] Message 'Synth 8-6014' appears 100 times and further instances of the messages will be disabled. Use the Tcl command set_msg_config to change the current settings.
WARNING: [Synth 8-3848] Net aresetn_out in module/entity clk_map_imp_9MHD48 does not have driver. [d:/int8-matmul-accelerator/matmul/matmul.gen/sources_1/bd/gemm_block/ip/gemm_block_axi_smc_0/bd_0/synth/bd_31d6.v:2352]
INFO: [Synth 8-4490] FSM extraction disabled for register 'gen_pipelined.state_reg' through user attribute
WARNING: [Synth 8-3848] Net aresetn_out in module/entity clk_map_imp_2QONHR does not have driver. [d:/int8-matmul-accelerator/matmul/matmul.gen/sources_1/bd/gemm_block/ip/gemm_block_axi_smc_1_0/bd_0/synth/bd_90f7.v:1268]
INFO: [Synth 8-4490] FSM extraction disabled for register 'gen_pipelined.state_reg' through user attribute
INFO: [Synth 8-4490] FSM extraction disabled for register 'gen_pipelined.state_reg' through user attribute
INFO: [Synth 8-4490] FSM extraction disabled for register 'gen_AB_reg_slice.state_reg' through user attribute
INFO: [Synth 8-4490] FSM extraction disabled for register 'gen_pipelined.state_reg' through user attribute
INFO: [Synth 8-4490] FSM extraction disabled for register 'gen_AB_reg_slice.state_reg' through user attribute
WARNING: [Synth 8-3848] Net S01_AXI_arready in module/entity bd_90f7 does not have driver. [d:/int8-matmul-accelerator/matmul/matmul.gen/sources_1/bd/gemm_block/ip/gemm_block_axi_smc_1_0/bd_0/synth/bd_90f7.v:216]
WARNING: [Synth 8-3848] Net S01_AXI_awready in module/entity bd_90f7 does not have driver. [d:/int8-matmul-accelerator/matmul/matmul.gen/sources_1/bd/gemm_block/ip/gemm_block_axi_smc_1_0/bd_0/synth/bd_90f7.v:226]
WARNING: [Synth 8-3848] Net S01_AXI_bresp in module/entity bd_90f7 does not have driver. [d:/int8-matmul-accelerator/matmul/matmul.gen/sources_1/bd/gemm_block/ip/gemm_block_axi_smc_1_0/bd_0/synth/bd_90f7.v:230]
WARNING: [Synth 8-3848] Net S01_AXI_bvalid in module/entity bd_90f7 does not have driver. [d:/int8-matmul-accelerator/matmul/matmul.gen/sources_1/bd/gemm_block/ip/gemm_block_axi_smc_1_0/bd_0/synth/bd_90f7.v:231]
WARNING: [Synth 8-3848] Net S01_AXI_rdata in module/entity bd_90f7 does not have driver. [d:/int8-matmul-accelerator/matmul/matmul.gen/sources_1/bd/gemm_block/ip/gemm_block_axi_smc_1_0/bd_0/synth/bd_90f7.v:232]
WARNING: [Synth 8-3848] Net S01_AXI_rlast in module/entity bd_90f7 does not have driver. [d:/int8-matmul-accelerator/matmul/matmul.gen/sources_1/bd/gemm_block/ip/gemm_block_axi_smc_1_0/bd_0/synth/bd_90f7.v:233]
WARNING: [Synth 8-3848] Net S01_AXI_rresp in module/entity bd_90f7 does not have driver. [d:/int8-matmul-accelerator/matmul/matmul.gen/sources_1/bd/gemm_block/ip/gemm_block_axi_smc_1_0/bd_0/synth/bd_90f7.v:235]
WARNING: [Synth 8-3848] Net S01_AXI_rvalid in module/entity bd_90f7 does not have driver. [d:/int8-matmul-accelerator/matmul/matmul.gen/sources_1/bd/gemm_block/ip/gemm_block_axi_smc_1_0/bd_0/synth/bd_90f7.v:236]
WARNING: [Synth 8-3848] Net S01_AXI_wready in module/entity bd_90f7 does not have driver. [d:/int8-matmul-accelerator/matmul/matmul.gen/sources_1/bd/gemm_block/ip/gemm_block_axi_smc_1_0/bd_0/synth/bd_90f7.v:239]
WARNING: [Synth 8-3848] Net S04_AXI_arready in module/entity bd_90f7 does not have driver. [d:/int8-matmul-accelerator/matmul/matmul.gen/sources_1/bd/gemm_block/ip/gemm_block_axi_smc_1_0/bd_0/synth/bd_90f7.v:282]
WARNING: [Synth 8-3848] Net S04_AXI_awready in module/entity bd_90f7 does not have driver. [d:/int8-matmul-accelerator/matmul/matmul.gen/sources_1/bd/gemm_block/ip/gemm_block_axi_smc_1_0/bd_0/synth/bd_90f7.v:292]
WARNING: [Synth 8-3848] Net S04_AXI_bresp in module/entity bd_90f7 does not have driver. [d:/int8-matmul-accelerator/matmul/matmul.gen/sources_1/bd/gemm_block/ip/gemm_block_axi_smc_1_0/bd_0/synth/bd_90f7.v:296]
WARNING: [Synth 8-3848] Net S04_AXI_bvalid in module/entity bd_90f7 does not have driver. [d:/int8-matmul-accelerator/matmul/matmul.gen/sources_1/bd/gemm_block/ip/gemm_block_axi_smc_1_0/bd_0/synth/bd_90f7.v:297]
WARNING: [Synth 8-3848] Net S04_AXI_rdata in module/entity bd_90f7 does not have driver. [d:/int8-matmul-accelerator/matmul/matmul.gen/sources_1/bd/gemm_block/ip/gemm_block_axi_smc_1_0/bd_0/synth/bd_90f7.v:298]
WARNING: [Synth 8-3848] Net S04_AXI_rlast in module/entity bd_90f7 does not have driver. [d:/int8-matmul-accelerator/matmul/matmul.gen/sources_1/bd/gemm_block/ip/gemm_block_axi_smc_1_0/bd_0/synth/bd_90f7.v:299]
WARNING: [Synth 8-3848] Net S04_AXI_rresp in module/entity bd_90f7 does not have driver. [d:/int8-matmul-accelerator/matmul/matmul.gen/sources_1/bd/gemm_block/ip/gemm_block_axi_smc_1_0/bd_0/synth/bd_90f7.v:301]
WARNING: [Synth 8-3848] Net S04_AXI_rvalid in module/entity bd_90f7 does not have driver. [d:/int8-matmul-accelerator/matmul/matmul.gen/sources_1/bd/gemm_block/ip/gemm_block_axi_smc_1_0/bd_0/synth/bd_90f7.v:302]
WARNING: [Synth 8-3848] Net S04_AXI_wready in module/entity bd_90f7 does not have driver. [d:/int8-matmul-accelerator/matmul/matmul.gen/sources_1/bd/gemm_block/ip/gemm_block_axi_smc_1_0/bd_0/synth/bd_90f7.v:305]
WARNING: [Synth 8-3848] Net dp_audio_ref_clk in module/entity zynq_ultra_ps_e_v3_5_8_zynq_ultra_ps_e does not have driver. [d:/int8-matmul-accelerator/matmul/matmul.gen/sources_1/bd/gemm_block/ip/gemm_block_zynq_ultra_ps_e_0_0/hdl/zynq_ultra_ps_e_v3_5_8.v:344]
WARNING: [Synth 8-3848] Net irq_ipi_pl_0 in module/entity zynq_ultra_ps_e_v3_5_8_zynq_ultra_ps_e does not have driver. [d:/int8-matmul-accelerator/matmul/matmul.gen/sources_1/bd/gemm_block/ip/gemm_block_zynq_ultra_ps_e_0_0/hdl/zynq_ultra_ps_e_v3_5_8.v:1364]
WARNING: [Synth 8-3848] Net irq_ipi_pl_1 in module/entity zynq_ultra_ps_e_v3_5_8_zynq_ultra_ps_e does not have driver. [d:/int8-matmul-accelerator/matmul/matmul.gen/sources_1/bd/gemm_block/ip/gemm_block_zynq_ultra_ps_e_0_0/hdl/zynq_ultra_ps_e_v3_5_8.v:1365]
WARNING: [Synth 8-3848] Net irq_ipi_pl_2 in module/entity zynq_ultra_ps_e_v3_5_8_zynq_ultra_ps_e does not have driver. [d:/int8-matmul-accelerator/matmul/matmul.gen/sources_1/bd/gemm_block/ip/gemm_block_zynq_ultra_ps_e_0_0/hdl/zynq_ultra_ps_e_v3_5_8.v:1366]
WARNING: [Synth 8-3848] Net irq_ipi_pl_3 in module/entity zynq_ultra_ps_e_v3_5_8_zynq_ultra_ps_e does not have driver. [d:/int8-matmul-accelerator/matmul/matmul.gen/sources_1/bd/gemm_block/ip/gemm_block_zynq_ultra_ps_e_0_0/hdl/zynq_ultra_ps_e_v3_5_8.v:1367]
WARNING: [Synth 8-3848] Net ps_pl_irq_usb3_0_otg in module/entity zynq_ultra_ps_e_v3_5_8_zynq_ultra_ps_e does not have driver. [d:/int8-matmul-accelerator/matmul/matmul.gen/sources_1/bd/gemm_block/ip/gemm_block_zynq_ultra_ps_e_0_0/hdl/zynq_ultra_ps_e_v3_5_8.v:1439]
WARNING: [Synth 8-3848] Net ps_pl_irq_usb3_1_otg in module/entity zynq_ultra_ps_e_v3_5_8_zynq_ultra_ps_e does not have driver. [d:/int8-matmul-accelerator/matmul/matmul.gen/sources_1/bd/gemm_block/ip/gemm_block_zynq_ultra_ps_e_0_0/hdl/zynq_ultra_ps_e_v3_5_8.v:1441]
WARNING: [Synth 8-7129] Port dp_audio_ref_clk in module zynq_ultra_ps_e_v3_5_8_zynq_ultra_ps_e is either unconnected or has no load
WARNING: [Synth 8-7129] Port irq_ipi_pl_0 in module zynq_ultra_ps_e_v3_5_8_zynq_ultra_ps_e is either unconnected or has no load
WARNING: [Synth 8-7129] Port irq_ipi_pl_1 in module zynq_ultra_ps_e_v3_5_8_zynq_ultra_ps_e is either unconnected or has no load
WARNING: [Synth 8-7129] Port irq_ipi_pl_2 in module zynq_ultra_ps_e_v3_5_8_zynq_ultra_ps_e is either unconnected or has no load
WARNING: [Synth 8-7129] Port irq_ipi_pl_3 in module zynq_ultra_ps_e_v3_5_8_zynq_ultra_ps_e is either unconnected or has no load
WARNING: [Synth 8-7129] Port ps_pl_irq_usb3_0_otg in module zynq_ultra_ps_e_v3_5_8_zynq_ultra_ps_e is either unconnected or has no load
WARNING: [Synth 8-7129] Port ps_pl_irq_usb3_1_otg in module zynq_ultra_ps_e_v3_5_8_zynq_ultra_ps_e is either unconnected or has no load
WARNING: [Synth 8-7129] Port saxihpc0_fpd_rclk in module zynq_ultra_ps_e_v3_5_8_zynq_ultra_ps_e is either unconnected or has no load
WARNING: [Synth 8-7129] Port saxihpc0_fpd_wclk in module zynq_ultra_ps_e_v3_5_8_zynq_ultra_ps_e is either unconnected or has no load
WARNING: [Synth 8-7129] Port saxihpc1_fpd_rclk in module zynq_ultra_ps_e_v3_5_8_zynq_ultra_ps_e is either unconnected or has no load
WARNING: [Synth 8-7129] Port saxihpc1_fpd_wclk in module zynq_ultra_ps_e_v3_5_8_zynq_ultra_ps_e is either unconnected or has no load
WARNING: [Synth 8-7129] Port saxihp0_fpd_rclk in module zynq_ultra_ps_e_v3_5_8_zynq_ultra_ps_e is either unconnected or has no load
WARNING: [Synth 8-7129] Port saxihp0_fpd_wclk in module zynq_ultra_ps_e_v3_5_8_zynq_ultra_ps_e is either unconnected or has no load
WARNING: [Synth 8-7129] Port saxihp1_fpd_rclk in module zynq_ultra_ps_e_v3_5_8_zynq_ultra_ps_e is either unconnected or has no load
WARNING: [Synth 8-7129] Port saxihp1_fpd_wclk in module zynq_ultra_ps_e_v3_5_8_zynq_ultra_ps_e is either unconnected or has no load
WARNING: [Synth 8-7129] Port saxihp2_fpd_rclk in module zynq_ultra_ps_e_v3_5_8_zynq_ultra_ps_e is either unconnected or has no load
WARNING: [Synth 8-7129] Port saxihp2_fpd_wclk in module zynq_ultra_ps_e_v3_5_8_zynq_ultra_ps_e is either unconnected or has no load
WARNING: [Synth 8-7129] Port saxihp3_fpd_rclk in module zynq_ultra_ps_e_v3_5_8_zynq_ultra_ps_e is either unconnected or has no load
WARNING: [Synth 8-7129] Port saxihp3_fpd_wclk in module zynq_ultra_ps_e_v3_5_8_zynq_ultra_ps_e is either unconnected or has no load
WARNING: [Synth 8-7129] Port saxi_lpd_rclk in module zynq_ultra_ps_e_v3_5_8_zynq_ultra_ps_e is either unconnected or has no load
WARNING: [Synth 8-7129] Port saxi_lpd_wclk in module zynq_ultra_ps_e_v3_5_8_zynq_ultra_ps_e is either unconnected or has no load
WARNING: [Synth 8-7129] Port sacefpd_awuser[15] in module zynq_ultra_ps_e_v3_5_8_zynq_ultra_ps_e is either unconnected or has no load
WARNING: [Synth 8-7129] Port sacefpd_awuser[14] in module zynq_ultra_ps_e_v3_5_8_zynq_ultra_ps_e is either unconnected or has no load
WARNING: [Synth 8-7129] Port sacefpd_awuser[13] in module zynq_ultra_ps_e_v3_5_8_zynq_ultra_ps_e is either unconnected or has no load
WARNING: [Synth 8-7129] Port sacefpd_awuser[12] in module zynq_ultra_ps_e_v3_5_8_zynq_ultra_ps_e is either unconnected or has no load
WARNING: [Synth 8-7129] Port sacefpd_awuser[11] in module zynq_ultra_ps_e_v3_5_8_zynq_ultra_ps_e is either unconnected or has no load
WARNING: [Synth 8-7129] Port sacefpd_awuser[10] in module zynq_ultra_ps_e_v3_5_8_zynq_ultra_ps_e is either unconnected or has no load
WARNING: [Synth 8-7129] Port sacefpd_awuser[9] in module zynq_ultra_ps_e_v3_5_8_zynq_ultra_ps_e is either unconnected or has no load
WARNING: [Synth 8-7129] Port sacefpd_awuser[8] in module zynq_ultra_ps_e_v3_5_8_zynq_ultra_ps_e is either unconnected or has no load
WARNING: [Synth 8-7129] Port sacefpd_awuser[7] in module zynq_ultra_ps_e_v3_5_8_zynq_ultra_ps_e is either unconnected or has no load
WARNING: [Synth 8-7129] Port sacefpd_awuser[6] in module zynq_ultra_ps_e_v3_5_8_zynq_ultra_ps_e is either unconnected or has no load
WARNING: [Synth 8-7129] Port sacefpd_aruser[15] in module zynq_ultra_ps_e_v3_5_8_zynq_ultra_ps_e is either unconnected or has no load
WARNING: [Synth 8-7129] Port sacefpd_aruser[14] in module zynq_ultra_ps_e_v3_5_8_zynq_ultra_ps_e is either unconnected or has no load
WARNING: [Synth 8-7129] Port sacefpd_aruser[13] in module zynq_ultra_ps_e_v3_5_8_zynq_ultra_ps_e is either unconnected or has no load
WARNING: [Synth 8-7129] Port sacefpd_aruser[12] in module zynq_ultra_ps_e_v3_5_8_zynq_ultra_ps_e is either unconnected or has no load
WARNING: [Synth 8-7129] Port sacefpd_aruser[11] in module zynq_ultra_ps_e_v3_5_8_zynq_ultra_ps_e is either unconnected or has no load
WARNING: [Synth 8-7129] Port sacefpd_aruser[10] in module zynq_ultra_ps_e_v3_5_8_zynq_ultra_ps_e is either unconnected or has no load
WARNING: [Synth 8-7129] Port sacefpd_aruser[9] in module zynq_ultra_ps_e_v3_5_8_zynq_ultra_ps_e is either unconnected or has no load
WARNING: [Synth 8-7129] Port sacefpd_aruser[8] in module zynq_ultra_ps_e_v3_5_8_zynq_ultra_ps_e is either unconnected or has no load
WARNING: [Synth 8-7129] Port sacefpd_aruser[7] in module zynq_ultra_ps_e_v3_5_8_zynq_ultra_ps_e is either unconnected or has no load
WARNING: [Synth 8-7129] Port sacefpd_aruser[6] in module zynq_ultra_ps_e_v3_5_8_zynq_ultra_ps_e is either unconnected or has no load
WARNING: [Synth 8-7129] Port test_adc_clk[3] in module zynq_ultra_ps_e_v3_5_8_zynq_ultra_ps_e is either unconnected or has no load
WARNING: [Synth 8-7129] Port test_adc_clk[2] in module zynq_ultra_ps_e_v3_5_8_zynq_ultra_ps_e is either unconnected or has no load
WARNING: [Synth 8-7129] Port test_adc_clk[1] in module zynq_ultra_ps_e_v3_5_8_zynq_ultra_ps_e is either unconnected or has no load
WARNING: [Synth 8-7129] Port test_adc_clk[0] in module zynq_ultra_ps_e_v3_5_8_zynq_ultra_ps_e is either unconnected or has no load
WARNING: [Synth 8-7129] Port test_adc_in[31] in module zynq_ultra_ps_e_v3_5_8_zynq_ultra_ps_e is either unconnected or has no load
WARNING: [Synth 8-7129] Port test_adc_in[30] in module zynq_ultra_ps_e_v3_5_8_zynq_ultra_ps_e is either unconnected or has no load
WARNING: [Synth 8-7129] Port test_adc_in[29] in module zynq_ultra_ps_e_v3_5_8_zynq_ultra_ps_e is either unconnected or has no load
WARNING: [Synth 8-7129] Port test_adc_in[28] in module zynq_ultra_ps_e_v3_5_8_zynq_ultra_ps_e is either unconnected or has no load
WARNING: [Synth 8-7129] Port test_adc_in[27] in module zynq_ultra_ps_e_v3_5_8_zynq_ultra_ps_e is either unconnected or has no load
WARNING: [Synth 8-7129] Port test_adc_in[26] in module zynq_ultra_ps_e_v3_5_8_zynq_ultra_ps_e is either unconnected or has no load
WARNING: [Synth 8-7129] Port test_adc_in[25] in module zynq_ultra_ps_e_v3_5_8_zynq_ultra_ps_e is either unconnected or has no load
WARNING: [Synth 8-7129] Port test_adc_in[24] in module zynq_ultra_ps_e_v3_5_8_zynq_ultra_ps_e is either unconnected or has no load
WARNING: [Synth 8-7129] Port test_adc_in[23] in module zynq_ultra_ps_e_v3_5_8_zynq_ultra_ps_e is either unconnected or has no load
WARNING: [Synth 8-7129] Port test_adc_in[22] in module zynq_ultra_ps_e_v3_5_8_zynq_ultra_ps_e is either unconnected or has no load
WARNING: [Synth 8-7129] Port test_adc_in[21] in module zynq_ultra_ps_e_v3_5_8_zynq_ultra_ps_e is either unconnected or has no load
WARNING: [Synth 8-7129] Port test_adc_in[20] in module zynq_ultra_ps_e_v3_5_8_zynq_ultra_ps_e is either unconnected or has no load
WARNING: [Synth 8-7129] Port test_adc_in[19] in module zynq_ultra_ps_e_v3_5_8_zynq_ultra_ps_e is either unconnected or has no load
WARNING: [Synth 8-7129] Port test_adc_in[18] in module zynq_ultra_ps_e_v3_5_8_zynq_ultra_ps_e is either unconnected or has no load
WARNING: [Synth 8-7129] Port test_adc_in[17] in module zynq_ultra_ps_e_v3_5_8_zynq_ultra_ps_e is either unconnected or has no load
WARNING: [Synth 8-7129] Port test_adc_in[16] in module zynq_ultra_ps_e_v3_5_8_zynq_ultra_ps_e is either unconnected or has no load
WARNING: [Synth 8-7129] Port test_adc_in[15] in module zynq_ultra_ps_e_v3_5_8_zynq_ultra_ps_e is either unconnected or has no load
WARNING: [Synth 8-7129] Port test_adc_in[14] in module zynq_ultra_ps_e_v3_5_8_zynq_ultra_ps_e is either unconnected or has no load
WARNING: [Synth 8-7129] Port test_adc_in[13] in module zynq_ultra_ps_e_v3_5_8_zynq_ultra_ps_e is either unconnected or has no load
WARNING: [Synth 8-7129] Port test_adc_in[12] in module zynq_ultra_ps_e_v3_5_8_zynq_ultra_ps_e is either unconnected or has no load
WARNING: [Synth 8-7129] Port test_adc_in[11] in module zynq_ultra_ps_e_v3_5_8_zynq_ultra_ps_e is either unconnected or has no load
WARNING: [Synth 8-7129] Port test_adc_in[10] in module zynq_ultra_ps_e_v3_5_8_zynq_ultra_ps_e is either unconnected or has no load
WARNING: [Synth 8-7129] Port test_adc_in[9] in module zynq_ultra_ps_e_v3_5_8_zynq_ultra_ps_e is either unconnected or has no load
WARNING: [Synth 8-7129] Port test_adc_in[8] in module zynq_ultra_ps_e_v3_5_8_zynq_ultra_ps_e is either unconnected or has no load
WARNING: [Synth 8-7129] Port test_adc_in[7] in module zynq_ultra_ps_e_v3_5_8_zynq_ultra_ps_e is either unconnected or has no load
WARNING: [Synth 8-7129] Port test_adc_in[6] in module zynq_ultra_ps_e_v3_5_8_zynq_ultra_ps_e is either unconnected or has no load
WARNING: [Synth 8-7129] Port test_adc_in[5] in module zynq_ultra_ps_e_v3_5_8_zynq_ultra_ps_e is either unconnected or has no load
WARNING: [Synth 8-7129] Port test_adc_in[4] in module zynq_ultra_ps_e_v3_5_8_zynq_ultra_ps_e is either unconnected or has no load
WARNING: [Synth 8-7129] Port test_adc_in[3] in module zynq_ultra_ps_e_v3_5_8_zynq_ultra_ps_e is either unconnected or has no load
WARNING: [Synth 8-7129] Port test_adc_in[2] in module zynq_ultra_ps_e_v3_5_8_zynq_ultra_ps_e is either unconnected or has no load
WARNING: [Synth 8-7129] Port test_adc_in[1] in module zynq_ultra_ps_e_v3_5_8_zynq_ultra_ps_e is either unconnected or has no load
WARNING: [Synth 8-7129] Port test_adc_in[0] in module zynq_ultra_ps_e_v3_5_8_zynq_ultra_ps_e is either unconnected or has no load
WARNING: [Synth 8-7129] Port test_adc2_in[31] in module zynq_ultra_ps_e_v3_5_8_zynq_ultra_ps_e is either unconnected or has no load
WARNING: [Synth 8-7129] Port test_adc2_in[30] in module zynq_ultra_ps_e_v3_5_8_zynq_ultra_ps_e is either unconnected or has no load
WARNING: [Synth 8-7129] Port test_adc2_in[29] in module zynq_ultra_ps_e_v3_5_8_zynq_ultra_ps_e is either unconnected or has no load
WARNING: [Synth 8-7129] Port test_adc2_in[28] in module zynq_ultra_ps_e_v3_5_8_zynq_ultra_ps_e is either unconnected or has no load
WARNING: [Synth 8-7129] Port test_adc2_in[27] in module zynq_ultra_ps_e_v3_5_8_zynq_ultra_ps_e is either unconnected or has no load
WARNING: [Synth 8-7129] Port test_adc2_in[26] in module zynq_ultra_ps_e_v3_5_8_zynq_ultra_ps_e is either unconnected or has no load
WARNING: [Synth 8-7129] Port test_adc2_in[25] in module zynq_ultra_ps_e_v3_5_8_zynq_ultra_ps_e is either unconnected or has no load
WARNING: [Synth 8-7129] Port test_adc2_in[24] in module zynq_ultra_ps_e_v3_5_8_zynq_ultra_ps_e is either unconnected or has no load
WARNING: [Synth 8-7129] Port test_adc2_in[23] in module zynq_ultra_ps_e_v3_5_8_zynq_ultra_ps_e is either unconnected or has no load
WARNING: [Synth 8-7129] Port test_adc2_in[22] in module zynq_ultra_ps_e_v3_5_8_zynq_ultra_ps_e is either unconnected or has no load
WARNING: [Synth 8-7129] Port test_adc2_in[21] in module zynq_ultra_ps_e_v3_5_8_zynq_ultra_ps_e is either unconnected or has no load
WARNING: [Synth 8-7129] Port test_adc2_in[20] in module zynq_ultra_ps_e_v3_5_8_zynq_ultra_ps_e is either unconnected or has no load
WARNING: [Synth 8-7129] Port test_adc2_in[19] in module zynq_ultra_ps_e_v3_5_8_zynq_ultra_ps_e is either unconnected or has no load
WARNING: [Synth 8-7129] Port test_adc2_in[18] in module zynq_ultra_ps_e_v3_5_8_zynq_ultra_ps_e is either unconnected or has no load
WARNING: [Synth 8-7129] Port test_adc2_in[17] in module zynq_ultra_ps_e_v3_5_8_zynq_ultra_ps_e is either unconnected or has no load
WARNING: [Synth 8-7129] Port test_adc2_in[16] in module zynq_ultra_ps_e_v3_5_8_zynq_ultra_ps_e is either unconnected or has no load
WARNING: [Synth 8-7129] Port test_adc2_in[15] in module zynq_ultra_ps_e_v3_5_8_zynq_ultra_ps_e is either unconnected or has no load
WARNING: [Synth 8-7129] Port test_adc2_in[14] in module zynq_ultra_ps_e_v3_5_8_zynq_ultra_ps_e is either unconnected or has no load
WARNING: [Synth 8-7129] Port test_adc2_in[13] in module zynq_ultra_ps_e_v3_5_8_zynq_ultra_ps_e is either unconnected or has no load
WARNING: [Synth 8-7129] Port test_adc2_in[12] in module zynq_ultra_ps_e_v3_5_8_zynq_ultra_ps_e is either unconnected or has no load
WARNING: [Synth 8-7129] Port test_adc2_in[11] in module zynq_ultra_ps_e_v3_5_8_zynq_ultra_ps_e is either unconnected or has no load
WARNING: [Synth 8-7129] Port test_adc2_in[10] in module zynq_ultra_ps_e_v3_5_8_zynq_ultra_ps_e is either unconnected or has no load
WARNING: [Synth 8-7129] Port test_adc2_in[9] in module zynq_ultra_ps_e_v3_5_8_zynq_ultra_ps_e is either unconnected or has no load
INFO: [Common 17-14] Message 'Synth 8-7129' appears 100 times and further instances of the messages will be disabled. Use the Tcl command set_msg_config to change the current settings.
---------------------------------------------------------------------------------
Finished RTL Elaboration : Time (s): cpu = 00:00:53 ; elapsed = 00:00:58 . Memory (MB): peak = 2633.047 ; gain = 886.977
---------------------------------------------------------------------------------
---------------------------------------------------------------------------------
Start Handling Custom Attributes
---------------------------------------------------------------------------------
---------------------------------------------------------------------------------
Finished Handling Custom Attributes : Time (s): cpu = 00:00:54 ; elapsed = 00:00:59 . Memory (MB): peak = 2633.047 ; gain = 886.977
---------------------------------------------------------------------------------
---------------------------------------------------------------------------------
Finished RTL Optimization Phase 1 : Time (s): cpu = 00:00:54 ; elapsed = 00:00:59 . Memory (MB): peak = 2633.047 ; gain = 886.977
---------------------------------------------------------------------------------
Netlist sorting complete. Time (s): cpu = 00:00:10 ; elapsed = 00:00:11 . Memory (MB): peak = 3332.363 ; gain = 0.000
INFO: [Netlist 29-17] Analyzing 3 Unisim elements for replacement
INFO: [Netlist 29-28] Unisim Transformation completed in 0 CPU seconds
INFO: [Project 1-570] Preparing netlist for logic optimization

Processing XDC Constraints
Initializing timing engine
Parsing XDC File [d:/int8-matmul-accelerator/matmul/matmul.gen/sources_1/bd/gemm_block/ip/gemm_block_zynq_ultra_ps_e_0_0/gemm_block_zynq_ultra_ps_e_0_0.xdc] for cell 'zynq_ultra_ps_e_0/inst'
create_clock: Time (s): cpu = 00:00:11 ; elapsed = 00:00:11 . Memory (MB): peak = 3790.281 ; gain = 37.223
Finished Parsing XDC File [d:/int8-matmul-accelerator/matmul/matmul.gen/sources_1/bd/gemm_block/ip/gemm_block_zynq_ultra_ps_e_0_0/gemm_block_zynq_ultra_ps_e_0_0.xdc] for cell 'zynq_ultra_ps_e_0/inst'
Parsing XDC File [d:/int8-matmul-accelerator/matmul/matmul.gen/sources_1/bd/gemm_block/ip/gemm_block_axi_dma_0_0/gemm_block_axi_dma_0_0.xdc] for cell 'axi_dma_0/U0'
Finished Parsing XDC File [d:/int8-matmul-accelerator/matmul/matmul.gen/sources_1/bd/gemm_block/ip/gemm_block_axi_dma_0_0/gemm_block_axi_dma_0_0.xdc] for cell 'axi_dma_0/U0'
Parsing XDC File [d:/int8-matmul-accelerator/matmul/matmul.gen/sources_1/bd/gemm_block/ip/gemm_block_axi_smc_0/bd_0/ip/ip_1/bd_31d6_psr_aclk_0_board.xdc] for cell 'axi_smc/inst/clk_map/psr_aclk/U0'
Finished Parsing XDC File [d:/int8-matmul-accelerator/matmul/matmul.gen/sources_1/bd/gemm_block/ip/gemm_block_axi_smc_0/bd_0/ip/ip_1/bd_31d6_psr_aclk_0_board.xdc] for cell 'axi_smc/inst/clk_map/psr_aclk/U0'
Parsing XDC File [d:/int8-matmul-accelerator/matmul/matmul.gen/sources_1/bd/gemm_block/ip/gemm_block_axi_smc_0/smartconnect.xdc] for cell 'axi_smc/inst'
Finished Parsing XDC File [d:/int8-matmul-accelerator/matmul/matmul.gen/sources_1/bd/gemm_block/ip/gemm_block_axi_smc_0/smartconnect.xdc] for cell 'axi_smc/inst'
Parsing XDC File [d:/int8-matmul-accelerator/matmul/matmul.gen/sources_1/bd/gemm_block/ip/gemm_block_rst_ps8_0_99M_0/gemm_block_rst_ps8_0_99M_0_board.xdc] for cell 'rst_ps8_0_99M/U0'
Finished Parsing XDC File [d:/int8-matmul-accelerator/matmul/matmul.gen/sources_1/bd/gemm_block/ip/gemm_block_rst_ps8_0_99M_0/gemm_block_rst_ps8_0_99M_0_board.xdc] for cell 'rst_ps8_0_99M/U0'
Parsing XDC File [d:/int8-matmul-accelerator/matmul/matmul.gen/sources_1/bd/gemm_block/ip/gemm_block_axi_dma_1_0/gemm_block_axi_dma_1_0.xdc] for cell 'axi_dma_1/U0'
Finished Parsing XDC File [d:/int8-matmul-accelerator/matmul/matmul.gen/sources_1/bd/gemm_block/ip/gemm_block_axi_dma_1_0/gemm_block_axi_dma_1_0.xdc] for cell 'axi_dma_1/U0'
Parsing XDC File [d:/int8-matmul-accelerator/matmul/matmul.gen/sources_1/bd/gemm_block/ip/gemm_block_axi_smc_1_0/bd_0/ip/ip_1/bd_90f7_psr_aclk_0_board.xdc] for cell 'axi_smc_1/inst/clk_map/psr_aclk/U0'
Finished Parsing XDC File [d:/int8-matmul-accelerator/matmul/matmul.gen/sources_1/bd/gemm_block/ip/gemm_block_axi_smc_1_0/bd_0/ip/ip_1/bd_90f7_psr_aclk_0_board.xdc] for cell 'axi_smc_1/inst/clk_map/psr_aclk/U0'
Parsing XDC File [d:/int8-matmul-accelerator/matmul/matmul.gen/sources_1/bd/gemm_block/ip/gemm_block_axi_smc_1_0/smartconnect.xdc] for cell 'axi_smc_1/inst'
Finished Parsing XDC File [d:/int8-matmul-accelerator/matmul/matmul.gen/sources_1/bd/gemm_block/ip/gemm_block_axi_smc_1_0/smartconnect.xdc] for cell 'axi_smc_1/inst'
Parsing XDC File [d:/int8-matmul-accelerator/matmul/matmul.gen/sources_1/bd/gemm_block/ip/gemm_block_axi_gpio_0_0/gemm_block_axi_gpio_0_0_board.xdc] for cell 'axi_gpio_0/U0'
Finished Parsing XDC File [d:/int8-matmul-accelerator/matmul/matmul.gen/sources_1/bd/gemm_block/ip/gemm_block_axi_gpio_0_0/gemm_block_axi_gpio_0_0_board.xdc] for cell 'axi_gpio_0/U0'
Parsing XDC File [d:/int8-matmul-accelerator/matmul/matmul.gen/sources_1/bd/gemm_block/ip/gemm_block_axi_gpio_1_0/gemm_block_axi_gpio_1_0_board.xdc] for cell 'axi_gpio_1/U0'
Finished Parsing XDC File [d:/int8-matmul-accelerator/matmul/matmul.gen/sources_1/bd/gemm_block/ip/gemm_block_axi_gpio_1_0/gemm_block_axi_gpio_1_0_board.xdc] for cell 'axi_gpio_1/U0'
Parsing XDC File [d:/int8-matmul-accelerator/matmul/matmul.gen/sources_1/bd/gemm_block/gemm_block_ooc.xdc]
Finished Parsing XDC File [d:/int8-matmul-accelerator/matmul/matmul.gen/sources_1/bd/gemm_block/gemm_block_ooc.xdc]
Parsing XDC File [D:/int8-matmul-accelerator/matmul/matmul.runs/gemm_block_synth_1/dont_touch.xdc]
Finished Parsing XDC File [D:/int8-matmul-accelerator/matmul/matmul.runs/gemm_block_synth_1/dont_touch.xdc]
INFO: [Project 1-236] Implementation specific constraints were found while reading constraint file [D:/int8-matmul-accelerator/matmul/matmul.runs/gemm_block_synth_1/dont_touch.xdc]. These constraints will be ignored for synthesis but will be used in implementation. Impacted constraints are listed in the file [.Xil/gemm_block_propImpl.xdc].
Resolution: To avoid this warning, move constraints listed in [.Xil/gemm_block_propImpl.xdc] to another XDC file and exclude this new file from synthesis with the used_in_synthesis property (File Properties dialog in GUI) and re-run elaboration/synthesis.
Parsing XDC File [d:/int8-matmul-accelerator/matmul/matmul.gen/sources_1/bd/gemm_block/ip/gemm_block_axi_dma_0_0/gemm_block_axi_dma_0_0_clocks.xdc] for cell 'axi_dma_0/U0'
Finished Parsing XDC File [d:/int8-matmul-accelerator/matmul/matmul.gen/sources_1/bd/gemm_block/ip/gemm_block_axi_dma_0_0/gemm_block_axi_dma_0_0_clocks.xdc] for cell 'axi_dma_0/U0'
Parsing XDC File [d:/int8-matmul-accelerator/matmul/matmul.gen/sources_1/bd/gemm_block/ip/gemm_block_axi_dma_1_0/gemm_block_axi_dma_1_0_clocks.xdc] for cell 'axi_dma_1/U0'
Finished Parsing XDC File [d:/int8-matmul-accelerator/matmul/matmul.gen/sources_1/bd/gemm_block/ip/gemm_block_axi_dma_1_0/gemm_block_axi_dma_1_0_clocks.xdc] for cell 'axi_dma_1/U0'
INFO: [Project 1-236] Implementation specific constraints were found while reading constraint file [D:/Apps/Study/Vivado/2025.2/Vivado/data/ip/xpm/xpm_cdc/tcl/xpm_cdc_array_single.tcl]. These constraints will be ignored for synthesis but will be used in implementation. Impacted constraints are listed in the file [.Xil/gemm_block_propImpl.xdc].
Resolution: To avoid this warning, move constraints listed in [.Xil/gemm_block_propImpl.xdc] to another XDC file and exclude this new file from synthesis with the used_in_synthesis property (File Properties dialog in GUI) and re-run elaboration/synthesis.
INFO: [Project 1-236] Implementation specific constraints were found while reading constraint file [D:/Apps/Study/Vivado/2025.2/Vivado/data/ip/xpm/xpm_cdc/tcl/xpm_cdc_single.tcl]. These constraints will be ignored for synthesis but will be used in implementation. Impacted constraints are listed in the file [.Xil/gemm_block_propImpl.xdc].
Resolution: To avoid this warning, move constraints listed in [.Xil/gemm_block_propImpl.xdc] to another XDC file and exclude this new file from synthesis with the used_in_synthesis property (File Properties dialog in GUI) and re-run elaboration/synthesis.
INFO: [Project 1-236] Implementation specific constraints were found while reading constraint file [D:/Apps/Study/Vivado/2025.2/Vivado/data/ip/xpm/xpm_fifo/tcl/xpm_fifo_rst.tcl]. These constraints will be ignored for synthesis but will be used in implementation. Impacted constraints are listed in the file [.Xil/gemm_block_propImpl.xdc].
Resolution: To avoid this warning, move constraints listed in [.Xil/gemm_block_propImpl.xdc] to another XDC file and exclude this new file from synthesis with the used_in_synthesis property (File Properties dialog in GUI) and re-run elaboration/synthesis.
INFO: [Project 1-236] Implementation specific constraints were found while reading constraint file [D:/Apps/Study/Vivado/2025.2/Vivado/data/ip/xpm/xpm_memory/tcl/xpm_memory_xdc.tcl]. These constraints will be ignored for synthesis but will be used in implementation. Impacted constraints are listed in the file [.Xil/gemm_block_propImpl.xdc].
Resolution: To avoid this warning, move constraints listed in [.Xil/gemm_block_propImpl.xdc] to another XDC file and exclude this new file from synthesis with the used_in_synthesis property (File Properties dialog in GUI) and re-run elaboration/synthesis.
INFO: [Project 1-1714] 165 XPM XDC files have been applied to the design.
Completed Processing XDC Constraints

Netlist sorting complete. Time (s): cpu = 00:00:00 ; elapsed = 00:00:00.195 . Memory (MB): peak = 3813.746 ; gain = 0.000
INFO: [Project 1-111] Unisim Transformation Summary:
  A total of 3 instances were transformed.
  SRL16 => SRL16E: 3 instances

Constraint Validation Runtime : Time (s): cpu = 00:00:04 ; elapsed = 00:00:05 . Memory (MB): peak = 3813.746 ; gain = 0.000
INFO: [Designutils 20-5008] Incremental synthesis strategy off
---------------------------------------------------------------------------------
Finished Constraint Validation : Time (s): cpu = 00:03:47 ; elapsed = 00:03:59 . Memory (MB): peak = 3813.746 ; gain = 2067.676
---------------------------------------------------------------------------------
---------------------------------------------------------------------------------
Start Loading Part and Timing Information
---------------------------------------------------------------------------------
Loading part: xck26-sfvc784-2LV-c
INFO: [Synth 8-6742] Reading net delay rules and data
---------------------------------------------------------------------------------
Finished Loading Part and Timing Information : Time (s): cpu = 00:03:47 ; elapsed = 00:03:59 . Memory (MB): peak = 3813.746 ; gain = 2067.676
---------------------------------------------------------------------------------
---------------------------------------------------------------------------------
Start Applying 'set_property' XDC Constraints
---------------------------------------------------------------------------------
---------------------------------------------------------------------------------
Finished applying 'set_property' XDC Constraints : Time (s): cpu = 00:03:48 ; elapsed = 00:03:59 . Memory (MB): peak = 3813.746 ; gain = 2067.676
---------------------------------------------------------------------------------
INFO: [Synth 8-802] inferred FSM for state register 'smpl_cs_reg' in module 'axi_dma_smple_sm'
INFO: [Synth 8-802] inferred FSM for state register 'sig_pcc_sm_state_reg' in module 'axi_datamover_pcc'
INFO: [Synth 8-802] inferred FSM for state register 'gen_fwft.curr_fwft_state_reg' in module 'xpm_fifo_base'
INFO: [Synth 8-802] inferred FSM for state register 'sig_psm_state_reg' in module 'axi_datamover_ibttcc'
INFO: [Synth 8-802] inferred FSM for state register 'sig_csm_state_reg' in module 'axi_datamover_ibttcc'
INFO: [Synth 8-802] inferred FSM for state register 'gen_fwft.curr_fwft_state_reg' in module 'xpm_fifo_base__parameterized0'
INFO: [Synth 8-802] inferred FSM for state register 'sig_cmdcntl_sm_state_reg' in module 'axi_datamover_s2mm_realign'
INFO: [Synth 8-802] inferred FSM for state register 'gen_fwft.curr_fwft_state_reg' in module 'xpm_fifo_base__parameterized1'
INFO: [Synth 8-802] inferred FSM for state register 'gen_fwft.curr_fwft_state_reg' in module 'xpm_fifo_base__parameterized2'
INFO: [Synth 8-802] inferred FSM for state register 'state_reg' in module 'slave_attachment'
INFO: [Synth 8-802] inferred FSM for state register 'gen_axi.gen_write.write_cs_reg' in module 'sc_mmu_v1_0_16_decerr_slave'
INFO: [Synth 8-802] inferred FSM for state register 'gen_endpoint.w_state_reg' in module 'sc_mmu_v1_0_16_top'
INFO: [Synth 8-802] inferred FSM for state register 'gen_endpoint.r_state_reg' in module 'sc_mmu_v1_0_16_top'
INFO: [Synth 8-802] inferred FSM for state register 'w_state_reg' in module 'sc_si_converter_v1_0_16_axilite_conv'
INFO: [Synth 8-802] inferred FSM for state register 'r_state_reg' in module 'sc_si_converter_v1_0_16_axilite_conv'
INFO: [Synth 8-802] inferred FSM for state register 'gen_endpoint.w_state_reg' in module 'sc_mmu_v1_0_16_top__parameterized0'
INFO: [Synth 8-802] inferred FSM for state register 'gen_endpoint.r_state_reg' in module 'sc_mmu_v1_0_16_top__parameterized0'
INFO: [Synth 8-4490] FSM extraction disabled for register 'gen_pipelined.state_reg' through user attribute
INFO: [Synth 8-4490] FSM extraction disabled for register 'gen_pipelined.state_reg' through user attribute
INFO: [Synth 8-4490] FSM extraction disabled for register 'gen_pipelined.state_reg' through user attribute
INFO: [Synth 8-4490] FSM extraction disabled for register 'gen_pipelined.state_reg' through user attribute
INFO: [Synth 8-4490] FSM extraction disabled for register 'gen_pipelined.state_reg' through user attribute
INFO: [Synth 8-4490] FSM extraction disabled for register 'gen_pipelined.state_reg' through user attribute
INFO: [Synth 8-4490] FSM extraction disabled for register 'gen_AB_reg_slice.state_reg' through user attribute
INFO: [Synth 8-4490] FSM extraction disabled for register 'gen_AB_reg_slice.state_reg' through user attribute
INFO: [Synth 8-802] inferred FSM for state register 'gen_axi.gen_write.write_cs_reg' in module 'sc_mmu_v1_0_16_decerr_slave__parameterized0'
INFO: [Synth 8-802] inferred FSM for state register 'gen_endpoint.w_state_reg' in module 'sc_mmu_v1_0_16_top__parameterized1'
INFO: [Synth 8-802] inferred FSM for state register 'gen_endpoint.r_state_reg' in module 'sc_mmu_v1_0_16_top__parameterized1'
INFO: [Synth 8-4490] FSM extraction disabled for register 'gen_pipelined.state_reg' through user attribute
INFO: [Synth 8-4490] FSM extraction disabled for register 'gen_pipelined.state_reg' through user attribute
INFO: [Synth 8-4490] FSM extraction disabled for register 'gen_AB_reg_slice.state_reg' through user attribute
INFO: [Synth 8-4490] FSM extraction disabled for register 'gen_AB_reg_slice.state_reg' through user attribute
INFO: [Synth 8-802] inferred FSM for state register 'gen_endpoint.w_state_reg' in module 'sc_mmu_v1_0_16_top__parameterized2'
INFO: [Synth 8-802] inferred FSM for state register 'gen_endpoint.r_state_reg' in module 'sc_mmu_v1_0_16_top__parameterized2'
INFO: [Synth 8-802] inferred FSM for state register 'state_reg' in module 'systolic_dataflow_ctrl'
INFO: [Synth 8-802] inferred FSM for state register 'gen_fwft.curr_fwft_state_reg' in module 'xpm_fifo_base__parameterized3'
---------------------------------------------------------------------------------------------------
                   State |                     New Encoding |                Previous Encoding 
---------------------------------------------------------------------------------------------------
                    idle |                               00 |                               00
            execute_xfer |                               01 |                               01
             wait_status |                               10 |                               10
---------------------------------------------------------------------------------------------------
INFO: [Synth 8-3354] encoded FSM with state register 'smpl_cs_reg' using encoding 'sequential' in module 'axi_dma_smple_sm'
---------------------------------------------------------------------------------------------------
                   State |                     New Encoding |                Previous Encoding 
---------------------------------------------------------------------------------------------------
                    init |                         00000001 |                              000
            wait_for_cmd |                         00000010 |                              001
                  calc_1 |                         00000100 |                              010
                  calc_2 |                         00001000 |                              011
                  calc_3 |                         00010000 |                              100
       wait_on_xfer_push |                         00100000 |                              101
             chk_if_done |                         01000000 |                              110
              error_trap |                         10000000 |                              111
---------------------------------------------------------------------------------------------------
INFO: [Synth 8-3354] encoded FSM with state register 'sig_pcc_sm_state_reg' using encoding 'one-hot' in module 'axi_datamover_pcc'
INFO: [Synth 8-5775] Found 'rw_addr_collision' attribute set to 'no' on SDP RAM gen_wr_a.gen_word_narrow.mem_reg. Setting write mode to NO_CHANGE 
---------------------------------------------------------------------------------------------------
                   State |                     New Encoding |                Previous Encoding 
---------------------------------------------------------------------------------------------------
                 invalid |                               00 |                               00
            stage1_valid |                               01 |                               10
       both_stages_valid |                               10 |                               11
            stage2_valid |                               11 |                               01
---------------------------------------------------------------------------------------------------
INFO: [Synth 8-3354] encoded FSM with state register 'gen_fwft.curr_fwft_state_reg' using encoding 'sequential' in module 'xpm_fifo_base'
---------------------------------------------------------------------------------------------------
                   State |                     New Encoding |                Previous Encoding 
---------------------------------------------------------------------------------------------------
                 ch_init |                          0000001 |                              000
           wait_for_pcmd |                          0000010 |                              001
          ch_error_trap1 |                          0000100 |                              101
          ch_error_trap2 |                          0001000 |                              110
      ch_wait_for_sf_cmd |                          0010000 |                              010
         ch_ld_child_cmd |                          0100000 |                              011
          ch_chk_if_done |                          1000000 |                              100
---------------------------------------------------------------------------------------------------
INFO: [Synth 8-3354] encoded FSM with state register 'sig_csm_state_reg' using encoding 'one-hot' in module 'axi_datamover_ibttcc'
---------------------------------------------------------------------------------------------------
                   State |                     New Encoding |                Previous Encoding 
---------------------------------------------------------------------------------------------------
                  p_init |                              000 |                              000
          p_wait_for_cmd |                              001 |                              001
          p_ld_first_cmd |                              010 |                              010
          p_ld_child_cmd |                              011 |                              011
            p_error_trap |                              100 |                              111
           p_ld_last_cmd |                              101 |                              100
---------------------------------------------------------------------------------------------------
INFO: [Synth 8-3354] encoded FSM with state register 'sig_psm_state_reg' using encoding 'sequential' in module 'axi_datamover_ibttcc'
INFO: [Synth 8-6904] The RAM "xpm_memory_base__parameterized0:/gen_wr_a.gen_word_narrow.mem_reg" of size (depth=16 x width=23) is automatically implemented using LUTRAM. BRAM implementation would be inefficient 
---------------------------------------------------------------------------------------------------
                   State |                     New Encoding |                Previous Encoding 
---------------------------------------------------------------------------------------------------
                 invalid |                               00 |                               00
            stage1_valid |                               01 |                               10
       both_stages_valid |                               10 |                               11
            stage2_valid |                               11 |                               01
---------------------------------------------------------------------------------------------------
INFO: [Synth 8-3354] encoded FSM with state register 'gen_fwft.curr_fwft_state_reg' using encoding 'sequential' in module 'xpm_fifo_base__parameterized0'
---------------------------------------------------------------------------------------------------
                   State |                     New Encoding |                Previous Encoding 
---------------------------------------------------------------------------------------------------
                    init |                              000 |                              000
    ld_dre_scatter_first |                              001 |                              001
           chk_pop_first |                              010 |                              010
   ld_dre_scatter_second |                              011 |                              011
              error_trap |                              100 |                              101
          chk_pop_second |                              101 |                              100
---------------------------------------------------------------------------------------------------
INFO: [Synth 8-3354] encoded FSM with state register 'sig_cmdcntl_sm_state_reg' using encoding 'sequential' in module 'axi_datamover_s2mm_realign'
INFO: [Synth 8-6904] The RAM "xpm_memory_base__parameterized1:/gen_wr_a.gen_word_narrow.mem_reg" of size (depth=16 x width=13) is automatically implemented using LUTRAM. BRAM implementation would be inefficient 
---------------------------------------------------------------------------------------------------
                   State |                     New Encoding |                Previous Encoding 
---------------------------------------------------------------------------------------------------
                 invalid |                               00 |                               00
            stage1_valid |                               01 |                               10
       both_stages_valid |                               10 |                               11
            stage2_valid |                               11 |                               01
---------------------------------------------------------------------------------------------------
INFO: [Synth 8-3354] encoded FSM with state register 'gen_fwft.curr_fwft_state_reg' using encoding 'sequential' in module 'xpm_fifo_base__parameterized1'
INFO: [Synth 8-5775] Found 'rw_addr_collision' attribute set to 'no' on SDP RAM gen_wr_a.gen_word_narrow.mem_reg. Setting write mode to NO_CHANGE 
---------------------------------------------------------------------------------------------------
                   State |                     New Encoding |                Previous Encoding 
---------------------------------------------------------------------------------------------------
                 invalid |                               00 |                               00
            stage1_valid |                               01 |                               10
       both_stages_valid |                               10 |                               11
            stage2_valid |                               11 |                               01
---------------------------------------------------------------------------------------------------
INFO: [Synth 8-3354] encoded FSM with state register 'gen_fwft.curr_fwft_state_reg' using encoding 'sequential' in module 'xpm_fifo_base__parameterized2'
---------------------------------------------------------------------------------------------------
                   State |                     New Encoding |                Previous Encoding 
---------------------------------------------------------------------------------------------------
                 iSTATE2 |                             0001 |                               00
                  iSTATE |                             0010 |                               01
                 iSTATE0 |                             0100 |                               10
                 iSTATE1 |                             1000 |                               11
---------------------------------------------------------------------------------------------------
INFO: [Synth 8-3354] encoded FSM with state register 'state_reg' using encoding 'one-hot' in module 'slave_attachment'
---------------------------------------------------------------------------------------------------
                   State |                     New Encoding |                Previous Encoding 
---------------------------------------------------------------------------------------------------
            P_WRITE_IDLE |                              001 |                               00
            P_WRITE_DATA |                              010 |                               01
            P_WRITE_RESP |                              100 |                               10
---------------------------------------------------------------------------------------------------
INFO: [Synth 8-3354] encoded FSM with state register 'gen_axi.gen_write.write_cs_reg' using encoding 'one-hot' in module 'sc_mmu_v1_0_16_decerr_slave'
---------------------------------------------------------------------------------------------------
                   State |                     New Encoding |                Previous Encoding 
---------------------------------------------------------------------------------------------------
                  iSTATE |                               00 | 00000000000000000000000000000000
*
                 W_STALL |                               01 | 00000000000000000000000000000001
               W_PENDING |                               10 | 00000000000000000000000000000010
                W_DECERR |                               11 | 00000000000000000000000000000011
---------------------------------------------------------------------------------------------------
INFO: [Synth 8-3354] encoded FSM with state register 'gen_endpoint.w_state_reg' using encoding 'sequential' in module 'sc_mmu_v1_0_16_top'
---------------------------------------------------------------------------------------------------
                   State |                     New Encoding |                Previous Encoding 
---------------------------------------------------------------------------------------------------
                  iSTATE |                             0001 | 00000000000000000000000000000000
*
                 R_STALL |                             0010 | 00000000000000000000000000000001
               R_PENDING |                             0100 | 00000000000000000000000000000010
                R_DECERR |                             1000 | 00000000000000000000000000000011
---------------------------------------------------------------------------------------------------
INFO: [Synth 8-3354] encoded FSM with state register 'gen_endpoint.r_state_reg' using encoding 'one-hot' in module 'sc_mmu_v1_0_16_top'
---------------------------------------------------------------------------------------------------
                   State |                     New Encoding |                Previous Encoding 
---------------------------------------------------------------------------------------------------
                  W_IDLE |                              000 | 00000000000000000000000000000000
                    W_RX |                              001 | 00000000000000000000000000000001
                    W_TX |                              010 | 00000000000000000000000000000010
              W_COMPLETE |                              011 | 00000000000000000000000000000100
               W_RECOVER |                              100 | 00000000000000000000000000000011
---------------------------------------------------------------------------------------------------
INFO: [Synth 8-3354] encoded FSM with state register 'w_state_reg' using encoding 'sequential' in module 'sc_si_converter_v1_0_16_axilite_conv'
---------------------------------------------------------------------------------------------------
                   State |                     New Encoding |                Previous Encoding 
---------------------------------------------------------------------------------------------------
                  R_IDLE |                               00 | 00000000000000000000000000000000
               R_PENDING |                               01 | 00000000000000000000000000000001
                    R_RX |                               10 | 00000000000000000000000000000010
                    R_TX |                               11 | 00000000000000000000000000000011
---------------------------------------------------------------------------------------------------
INFO: [Synth 8-3354] encoded FSM with state register 'r_state_reg' using encoding 'sequential' in module 'sc_si_converter_v1_0_16_axilite_conv'
---------------------------------------------------------------------------------------------------
                   State |                     New Encoding |                Previous Encoding 
---------------------------------------------------------------------------------------------------
                  iSTATE |                               00 | 00000000000000000000000000000000
*
                 W_STALL |                               01 | 00000000000000000000000000000001
               W_PENDING |                               10 | 00000000000000000000000000000010
                W_DECERR |                               11 | 00000000000000000000000000000011
---------------------------------------------------------------------------------------------------
INFO: [Synth 8-3354] encoded FSM with state register 'gen_endpoint.w_state_reg' using encoding 'sequential' in module 'sc_mmu_v1_0_16_top__parameterized0'
---------------------------------------------------------------------------------------------------
                   State |                     New Encoding |                Previous Encoding 
---------------------------------------------------------------------------------------------------
                  iSTATE |                             0001 | 00000000000000000000000000000000
*
                 R_STALL |                             0010 | 00000000000000000000000000000001
               R_PENDING |                             0100 | 00000000000000000000000000000010
                R_DECERR |                             1000 | 00000000000000000000000000000011
---------------------------------------------------------------------------------------------------
INFO: [Synth 8-3354] encoded FSM with state register 'gen_endpoint.r_state_reg' using encoding 'one-hot' in module 'sc_mmu_v1_0_16_top__parameterized0'
---------------------------------------------------------------------------------------------------
                   State |                     New Encoding |                Previous Encoding 
---------------------------------------------------------------------------------------------------
            P_WRITE_IDLE |                              001 |                               00
            P_WRITE_DATA |                              010 |                               01
            P_WRITE_RESP |                              100 |                               10
---------------------------------------------------------------------------------------------------
INFO: [Synth 8-3354] encoded FSM with state register 'gen_axi.gen_write.write_cs_reg' using encoding 'one-hot' in module 'sc_mmu_v1_0_16_decerr_slave__parameterized0'
---------------------------------------------------------------------------------------------------
                   State |                     New Encoding |                Previous Encoding 
---------------------------------------------------------------------------------------------------
                  iSTATE |                               00 | 00000000000000000000000000000000
*
                 W_STALL |                               01 | 00000000000000000000000000000001
               W_PENDING |                               10 | 00000000000000000000000000000010
                W_DECERR |                               11 | 00000000000000000000000000000011
---------------------------------------------------------------------------------------------------
INFO: [Synth 8-3354] encoded FSM with state register 'gen_endpoint.w_state_reg' using encoding 'sequential' in module 'sc_mmu_v1_0_16_top__parameterized1'
---------------------------------------------------------------------------------------------------
                   State |                     New Encoding |                Previous Encoding 
---------------------------------------------------------------------------------------------------
                  iSTATE |                             0001 | 00000000000000000000000000000000
*
                 R_STALL |                             0010 | 00000000000000000000000000000001
               R_PENDING |                             0100 | 00000000000000000000000000000010
                R_DECERR |                             1000 | 00000000000000000000000000000011
---------------------------------------------------------------------------------------------------
INFO: [Synth 8-3354] encoded FSM with state register 'gen_endpoint.r_state_reg' using encoding 'one-hot' in module 'sc_mmu_v1_0_16_top__parameterized1'
---------------------------------------------------------------------------------------------------
                   State |                     New Encoding |                Previous Encoding 
---------------------------------------------------------------------------------------------------
                  iSTATE |                               00 | 00000000000000000000000000000000
*
                 W_STALL |                               01 | 00000000000000000000000000000001
               W_PENDING |                               10 | 00000000000000000000000000000010
                W_DECERR |                               11 | 00000000000000000000000000000011
---------------------------------------------------------------------------------------------------
INFO: [Synth 8-3354] encoded FSM with state register 'gen_endpoint.w_state_reg' using encoding 'sequential' in module 'sc_mmu_v1_0_16_top__parameterized2'
---------------------------------------------------------------------------------------------------
                   State |                     New Encoding |                Previous Encoding 
---------------------------------------------------------------------------------------------------
                  iSTATE |                             0001 | 00000000000000000000000000000000
*
                 R_STALL |                             0010 | 00000000000000000000000000000001
               R_PENDING |                             0100 | 00000000000000000000000000000010
                R_DECERR |                             1000 | 00000000000000000000000000000011
---------------------------------------------------------------------------------------------------
INFO: [Synth 8-3354] encoded FSM with state register 'gen_endpoint.r_state_reg' using encoding 'one-hot' in module 'sc_mmu_v1_0_16_top__parameterized2'
---------------------------------------------------------------------------------------------------
                   State |                     New Encoding |                Previous Encoding 
---------------------------------------------------------------------------------------------------
                    IDLE |                            00001 |                              000
                     RUN |                            00010 |                              001
                    DONE |                            00100 |                              010
           WAIT_SER_HIGH |                            01000 |                              011
            WAIT_SER_LOW |                            10000 |                              100
---------------------------------------------------------------------------------------------------
INFO: [Synth 8-3354] encoded FSM with state register 'state_reg' using encoding 'one-hot' in module 'systolic_dataflow_ctrl'
INFO: [Synth 8-5775] Found 'rw_addr_collision' attribute set to 'no' on SDP RAM gen_wr_a.gen_word_narrow.mem_reg. Setting write mode to NO_CHANGE 
---------------------------------------------------------------------------------------------------
                   State |                     New Encoding |                Previous Encoding 
---------------------------------------------------------------------------------------------------
                 invalid |                               00 |                               00
            stage1_valid |                               01 |                               10
       both_stages_valid |                               10 |                               11
            stage2_valid |                               11 |                               01
---------------------------------------------------------------------------------------------------
INFO: [Synth 8-3354] encoded FSM with state register 'gen_fwft.curr_fwft_state_reg' using encoding 'sequential' in module 'xpm_fifo_base__parameterized3'
---------------------------------------------------------------------------------
Finished RTL Optimization Phase 2 : Time (s): cpu = 00:04:08 ; elapsed = 00:04:22 . Memory (MB): peak = 3813.746 ; gain = 2067.676
---------------------------------------------------------------------------------
INFO: [Synth 8-5775] Found 'rw_addr_collision' attribute set to 'no' on SDP RAM gen_wr_a.gen_word_narrow.mem_reg. Setting write mode to NO_CHANGE 
INFO: [Synth 8-5775] Found 'rw_addr_collision' attribute set to 'no' on SDP RAM gen_wr_a.gen_word_narrow.mem_reg. Setting write mode to NO_CHANGE 
INFO: [Synth 8-5775] Found 'rw_addr_collision' attribute set to 'no' on SDP RAM gen_wr_a.gen_word_narrow.mem_reg. Setting write mode to NO_CHANGE 
INFO: [Synth 8-5775] Found 'rw_addr_collision' attribute set to 'no' on SDP RAM gen_wr_a.gen_word_narrow.mem_reg. Setting write mode to NO_CHANGE 
---------------------------------------------------------------------------------
Start RTL Component Statistics 
---------------------------------------------------------------------------------
---------------------------------------------------------------------------------
Finished RTL Component Statistics 
---------------------------------------------------------------------------------
---------------------------------------------------------------------------------
Start Part Resource Summary
---------------------------------------------------------------------------------
Part Resources:
DSPs: 1248 (col length:96)
BRAMs: 288 (col length: RAMB18 96 RAMB36 48)
---------------------------------------------------------------------------------
Finished Part Resource Summary
---------------------------------------------------------------------------------
---------------------------------------------------------------------------------
Start Cross Boundary and Area Optimization
---------------------------------------------------------------------------------
INFO: [Synth 8-6904] The RAM "i_0/axi_dma_1/U0/I_PRMRY_DATAMOVER/\GEN_S2MM_FULL.I_S2MM_FULL_WRAPPER /\GEN_INCLUDE_REALIGNER.I_S2MM_REALIGNER /\GEN_INCLUDE_SCATTER.I_S2MM_SCATTER/I_TSTRB_FIFO/USE_SYNC_FIFO.I_SYNC_FIFO/NON_BLK_MEM.I_SYNC_FIFOGEN_FIFO /xpm_fifo_base_inst/\gen_sdpram.xpm_memory_base_inst /gen_wr_a.gen_word_narrow.mem_reg" of size (depth=16 x width=23) is automatically implemented using LUTRAM. BRAM implementation would be inefficient 
INFO: [Synth 8-6904] The RAM "i_0/axi_dma_1/U0/I_PRMRY_DATAMOVER/\GEN_S2MM_FULL.I_S2MM_FULL_WRAPPER /\GEN_ENABLE_INDET_BTT_SF.I_INDET_BTT /\I_XD_FIFO/NON_BLK_MEM.I_SYNC_FIFOGEN_FIFO /xpm_fifo_base_inst/\gen_sdpram.xpm_memory_base_inst /gen_wr_a.gen_word_narrow.mem_reg" of size (depth=16 x width=13) is automatically implemented using LUTRAM. BRAM implementation would be inefficient 
WARNING: [Synth 8-13161] RAM (axi_smc_1/inst/i_0/\m00_nodes/m00_ar_node/inst /\inst_mi_handler/gen_normal_area.gen_node_prog_full.inst_node_prog_full/gen_xpm_memory_fifo.inst_fifo/gen_mem_rep[0].inst_xpm_memory /xpm_memory_base_inst/i_0) is optimized away because it doesn't have any load.
WARNING: [Synth 8-13161] RAM (axi_smc_1/inst/i_0/\m00_nodes/m00_aw_node/inst /\inst_mi_handler/gen_normal_area.gen_node_prog_full.inst_node_prog_full/gen_xpm_memory_fifo.inst_fifo/gen_mem_rep[0].inst_xpm_memory /xpm_memory_base_inst/i_0) is optimized away because it doesn't have any load.
WARNING: [Synth 8-13161] RAM (axi_smc_1/inst/i_0/\m00_nodes/m00_w_node/inst /\inst_mi_handler/gen_normal_area.gen_node_prog_full.inst_node_prog_full/gen_xpm_memory_fifo.inst_fifo/gen_mem_rep[0].inst_xpm_memory /xpm_memory_base_inst/i_0) is optimized away because it doesn't have any load.
WARNING: [Synth 8-13161] RAM (axi_smc_1/inst/i_0/\s00_nodes/s00_ar_node/inst /\inst_mi_handler/gen_normal_area.gen_fifo_req.inst_fifo_req/gen_xpm_memory_fifo.inst_fifo/gen_mem_rep[0].inst_xpm_memory /xpm_memory_base_inst/i_0) is optimized away because it doesn't have any load.
WARNING: [Synth 8-13161] RAM (axi_smc_1/inst/i_0/\s00_nodes/s00_r_node/inst /\inst_mi_handler/gen_normal_area.gen_node_prog_full.inst_node_prog_full/gen_xpm_memory_fifo.inst_fifo/gen_mem_rep[0].inst_xpm_memory /xpm_memory_base_inst/i_0) is optimized away because it doesn't have any load.
WARNING: [Synth 8-13161] RAM (axi_smc_1/inst/i_0/\s02_nodes/s02_ar_node/inst /\inst_mi_handler/gen_normal_area.gen_fifo_req.inst_fifo_req/gen_xpm_memory_fifo.inst_fifo/gen_mem_rep[0].inst_xpm_memory /xpm_memory_base_inst/i_0) is optimized away because it doesn't have any load.
WARNING: [Synth 8-13161] RAM (axi_smc_1/inst/i_0/\s02_nodes/s02_r_node/inst /\inst_mi_handler/gen_normal_area.gen_node_prog_full.inst_node_prog_full/gen_xpm_memory_fifo.inst_fifo/gen_mem_rep[0].inst_xpm_memory /xpm_memory_base_inst/i_0) is optimized away because it doesn't have any load.
WARNING: [Synth 8-13161] RAM (axi_smc_1/inst/i_0/\s03_nodes/s03_aw_node/inst /\inst_mi_handler/gen_normal_area.gen_fifo_req.inst_fifo_req/gen_xpm_memory_fifo.inst_fifo/gen_mem_rep[0].inst_xpm_memory /xpm_memory_base_inst/i_0) is optimized away because it doesn't have any load.
WARNING: [Synth 8-13161] RAM (axi_smc_1/inst/i_0/\s03_nodes/s03_b_node/inst /\inst_mi_handler/gen_normal_area.gen_node_prog_full.inst_node_prog_full/gen_xpm_memory_fifo.inst_fifo/gen_mem_rep[0].inst_xpm_memory /xpm_memory_base_inst/i_0) is optimized away because it doesn't have any load.
INFO: [Synth 8-5775] Found 'rw_addr_collision' attribute set to 'no' on SDP RAM gen_wr_a.gen_word_narrow.mem_reg. Setting write mode to NO_CHANGE 
INFO: [Synth 8-5775] Found 'rw_addr_collision' attribute set to 'no' on SDP RAM gen_wr_a.gen_word_narrow.mem_reg. Setting write mode to NO_CHANGE 
INFO: [Synth 8-5775] Found 'rw_addr_collision' attribute set to 'no' on SDP RAM gen_wr_a.gen_word_narrow.mem_reg. Setting write mode to NO_CHANGE 
INFO: [Synth 8-5775] Found 'rw_addr_collision' attribute set to 'no' on SDP RAM gen_wr_a.gen_word_narrow.mem_reg. Setting write mode to NO_CHANGE 
INFO: [Synth 8-5775] Found 'rw_addr_collision' attribute set to 'no' on SDP RAM gen_wr_a.gen_word_narrow.mem_reg. Setting write mode to NO_CHANGE 
INFO: [Synth 8-5775] Found 'rw_addr_collision' attribute set to 'no' on SDP RAM gen_wr_a.gen_word_narrow.mem_reg. Setting write mode to NO_CHANGE 
INFO: [Synth 8-5775] Found 'rw_addr_collision' attribute set to 'no' on SDP RAM gen_wr_a.gen_word_narrow.mem_reg. Setting write mode to NO_CHANGE 
INFO: [Synth 8-5775] Found 'rw_addr_collision' attribute set to 'no' on SDP RAM gen_wr_a.gen_word_narrow.mem_reg. Setting write mode to NO_CHANGE 
INFO: [Synth 8-5775] Found 'rw_addr_collision' attribute set to 'no' on SDP RAM gen_wr_a.gen_word_narrow.mem_reg. Setting write mode to NO_CHANGE 
INFO: [Synth 8-5775] Found 'rw_addr_collision' attribute set to 'no' on SDP RAM gen_wr_a.gen_word_narrow.mem_reg. Setting write mode to NO_CHANGE 
INFO: [Synth 8-5784] Optimized 1 bits of RAM "gen_wr_a.gen_word_narrow.mem_reg" due to constant propagation. Old ram width 147 bits, new ram width 146 bits.
INFO: [Synth 8-5775] Found 'rw_addr_collision' attribute set to 'no' on SDP RAM gen_wr_a.gen_word_narrow.mem_reg. Setting write mode to NO_CHANGE 
INFO: [Synth 8-5775] Found 'rw_addr_collision' attribute set to 'no' on SDP RAM gen_wr_a.gen_word_narrow.mem_reg. Setting write mode to NO_CHANGE 
INFO: [Synth 8-5775] Found 'rw_addr_collision' attribute set to 'no' on SDP RAM gen_wr_a.gen_word_narrow.mem_reg. Setting write mode to NO_CHANGE 
INFO: [Synth 8-5775] Found 'rw_addr_collision' attribute set to 'no' on SDP RAM gen_wr_a.gen_word_narrow.mem_reg. Setting write mode to NO_CHANGE 
INFO: [Synth 8-5775] Found 'rw_addr_collision' attribute set to 'no' on SDP RAM gen_wr_a.gen_word_narrow.mem_reg. Setting write mode to NO_CHANGE 
INFO: [Synth 8-5775] Found 'rw_addr_collision' attribute set to 'no' on SDP RAM gen_wr_a.gen_word_narrow.mem_reg. Setting write mode to NO_CHANGE 
INFO: [Synth 8-5784] Optimized 1 bits of RAM "gen_wr_a.gen_word_narrow.mem_reg" due to constant propagation. Old ram width 147 bits, new ram width 146 bits.
INFO: [Synth 8-5775] Found 'rw_addr_collision' attribute set to 'no' on SDP RAM gen_wr_a.gen_word_narrow.mem_reg. Setting write mode to NO_CHANGE 
INFO: [Synth 8-5775] Found 'rw_addr_collision' attribute set to 'no' on SDP RAM gen_wr_a.gen_word_narrow.mem_reg. Setting write mode to NO_CHANGE 
INFO: [Synth 8-6904] The RAM "i_0/axi_dma_1/U0/I_PRMRY_DATAMOVER/\GEN_S2MM_FULL.I_S2MM_FULL_WRAPPER /\GEN_INCLUDE_REALIGNER.I_S2MM_REALIGNER/GEN_INCLUDE_SCATTER.I_S2MM_SCATTER/I_TSTRB_FIFO/USE_SYNC_FIFO.I_SYNC_FIFO/NON_BLK_MEM.I_SYNC_FIFOGEN_FIFO /xpm_fifo_base_inst/\gen_sdpram.xpm_memory_base_inst /gen_wr_a.gen_word_narrow.mem_reg" of size (depth=16 x width=23) is automatically implemented using LUTRAM. BRAM implementation would be inefficient 
INFO: [Synth 8-6904] The RAM "i_0/axi_dma_1/U0/I_PRMRY_DATAMOVER/\GEN_S2MM_FULL.I_S2MM_FULL_WRAPPER /\GEN_ENABLE_INDET_BTT_SF.I_INDET_BTT/I_XD_FIFO/NON_BLK_MEM.I_SYNC_FIFOGEN_FIFO /xpm_fifo_base_inst/\gen_sdpram.xpm_memory_base_inst /gen_wr_a.gen_word_narrow.mem_reg" of size (depth=16 x width=13) is automatically implemented using LUTRAM. BRAM implementation would be inefficient 
INFO: [Synth 8-5775] Found 'rw_addr_collision' attribute set to 'no' on SDP RAM gen_wr_a.gen_word_narrow.mem_reg. Setting write mode to NO_CHANGE 
INFO: [Synth 8-5775] Found 'rw_addr_collision' attribute set to 'no' on SDP RAM gen_wr_a.gen_word_narrow.mem_reg. Setting write mode to NO_CHANGE 
INFO: [Synth 8-5775] Found 'rw_addr_collision' attribute set to 'no' on SDP RAM gen_wr_a.gen_word_narrow.mem_reg. Setting write mode to NO_CHANGE 
INFO: [Synth 8-5775] Found 'rw_addr_collision' attribute set to 'no' on SDP RAM gen_wr_a.gen_word_narrow.mem_reg. Setting write mode to NO_CHANGE 
INFO: [Synth 8-5775] Found 'rw_addr_collision' attribute set to 'no' on SDP RAM gen_wr_a.gen_word_narrow.mem_reg. Setting write mode to NO_CHANGE 
INFO: [Synth 8-5775] Found 'rw_addr_collision' attribute set to 'no' on SDP RAM gen_wr_a.gen_word_narrow.mem_reg. Setting write mode to NO_CHANGE 
INFO: [Synth 8-5775] Found 'rw_addr_collision' attribute set to 'no' on SDP RAM gen_wr_a.gen_word_narrow.mem_reg. Setting write mode to NO_CHANGE 
INFO: [Synth 8-5775] Found 'rw_addr_collision' attribute set to 'no' on SDP RAM gen_wr_a.gen_word_narrow.mem_reg. Setting write mode to NO_CHANGE 
INFO: [Synth 8-5775] Found 'rw_addr_collision' attribute set to 'no' on SDP RAM gen_wr_a.gen_word_narrow.mem_reg. Setting write mode to NO_CHANGE 
INFO: [Synth 8-5775] Found 'rw_addr_collision' attribute set to 'no' on SDP RAM gen_wr_a.gen_word_narrow.mem_reg. Setting write mode to NO_CHANGE 
INFO: [Synth 8-5775] Found 'rw_addr_collision' attribute set to 'no' on SDP RAM gen_wr_a.gen_word_narrow.mem_reg. Setting write mode to NO_CHANGE 
INFO: [Synth 8-5775] Found 'rw_addr_collision' attribute set to 'no' on SDP RAM gen_wr_a.gen_word_narrow.mem_reg. Setting write mode to NO_CHANGE 
INFO: [Synth 8-5775] Found 'rw_addr_collision' attribute set to 'no' on SDP RAM gen_wr_a.gen_word_narrow.mem_reg. Setting write mode to NO_CHANGE 
INFO: [Synth 8-5775] Found 'rw_addr_collision' attribute set to 'no' on SDP RAM gen_wr_a.gen_word_narrow.mem_reg. Setting write mode to NO_CHANGE 
INFO: [Synth 8-5775] Found 'rw_addr_collision' attribute set to 'no' on SDP RAM gen_wr_a.gen_word_narrow.mem_reg. Setting write mode to NO_CHANGE 
INFO: [Synth 8-5775] Found 'rw_addr_collision' attribute set to 'no' on SDP RAM gen_wr_a.gen_word_narrow.mem_reg. Setting write mode to NO_CHANGE 
INFO: [Synth 8-3332] Sequential element (GEN_INCLUDE_IBTTCC.I_S2MM_MSTR_IBTTCC/FSM_onehot_sig_csm_state_reg[3]) is unused and will be removed from module axi_datamover_s2mm_full_wrap.
WARNING: [Synth 8-3332] Sequential element (FDRE_inst) is unused and will be removed from module proc_sys_reset__parameterized2.
WARNING: [Synth 8-3332] Sequential element (BSR_OUT_DFF[0].FDRE_BSR) is unused and will be removed from module proc_sys_reset__parameterized2.
WARNING: [Synth 8-3332] Sequential element (ACTIVE_LOW_BSR_OUT_DFF[0].FDRE_BSR_N) is unused and will be removed from module proc_sys_reset__parameterized2.
WARNING: [Synth 8-3332] Sequential element (PR_OUT_DFF[0].FDRE_PER) is unused and will be removed from module proc_sys_reset__parameterized2.

*** Running vivado
    with args -log gemm_block.vds -m64 -product Vivado -mode batch -messageDb vivado.pb -notrace -source gemm_block.tcl



****** Vivado v2025.2 (64-bit)
  **** SW Build 6299465 on Fri Nov 14 19:35:11 GMT 2025
  **** IP Build 6300035 on Fri Nov 14 10:48:45 MST 2025
  **** SharedData Build 6298862 on Thu Nov 13 04:50:51 MST 2025
  **** Start of session at: Tue Jun 16 21:25:53 2026
    ** Copyright 1986-2022 Xilinx, Inc. All Rights Reserved.
    ** Copyright 2022-2025 Advanced Micro Devices, Inc. All Rights Reserved.

source gemm_block.tcl -notrace
create_project: Time (s): cpu = 00:00:16 ; elapsed = 00:00:11 . Memory (MB): peak = 555.664 ; gain = 222.094
INFO: [IP_Flow 19-234] Refreshing IP repositories
CRITICAL WARNING: [IP_Flow 19-11780] Skipping module reference component xilinx.com:module_ref:gemm_accelerator:1.0 found in user repository d:/int8-matmul-accelerator/matmul 
INFO: [IP_Flow 19-1700] Loaded user IP repository 'd:/int8-matmul-accelerator/matmul'.
WARNING: [IP_Flow 19-3656] If you move the project, the path for repository 'd:/int8-matmul-accelerator/matmul' may become invalid. A better location for the repository would be in a path adjacent to the project. (Current project location is 'd:/int8-matmul-accelerator/matmul/matmul.runs/gemm_block_synth_1'.)
INFO: [IP_Flow 19-2313] Loaded Vivado IP repository 'D:/Apps/Study/Vivado/2025.2/Vivado/data/ip'.
add_files: Time (s): cpu = 00:00:13 ; elapsed = 00:00:14 . Memory (MB): peak = 634.078 ; gain = 74.430
Command: synth_design -top gemm_block -part xck26-sfvc784-2LV-c -incremental_mode off -mode out_of_context
Starting synth_design
Attempting to get a license for feature 'Synthesis' and/or device 'xck26'
INFO: [Common 17-349] Got license for feature 'Synthesis' and/or device 'xck26'
INFO: [Device 21-403] Loading part xck26-sfvc784-2LV-c
INFO: [Synth 8-7079] Multithreading enabled for synth_design using a maximum of 2 processes.
INFO: [Synth 8-7078] Launching helper process for spawning children vivado processes
INFO: [Synth 8-7075] Helper process launched with PID 8200
---------------------------------------------------------------------------------
Starting RTL Elaboration : Time (s): cpu = 00:00:12 ; elapsed = 00:00:13 . Memory (MB): peak = 1954.855 ; gain = 210.129
---------------------------------------------------------------------------------
INFO: [Synth 8-11241] undeclared symbol 'dp_audi_ref_clk', assumed default net type 'wire' [d:/int8-matmul-accelerator/matmul/matmul.gen/sources_1/bd/gemm_block/ip/gemm_block_zynq_ultra_ps_e_0_0/hdl/zynq_ultra_ps_e_v3_5_8.v:2475]
INFO: [Synth 8-6157] synthesizing module 'gemm_block' [d:/int8-matmul-accelerator/matmul/matmul.gen/sources_1/bd/gemm_block/synth/gemm_block.v:13]
INFO: [Synth 8-638] synthesizing module 'gemm_block_axi_dma_0_0' [d:/int8-matmul-accelerator/matmul/matmul.gen/sources_1/bd/gemm_block/ip/gemm_block_axi_dma_0_0/synth/gemm_block_axi_dma_0_0.vhd:104]
	Parameter C_S_AXI_LITE_ADDR_WIDTH bound to: 10 - type: integer 
	Parameter C_S_AXI_LITE_DATA_WIDTH bound to: 32 - type: integer 
	Parameter C_DLYTMR_RESOLUTION bound to: 125 - type: integer 
	Parameter C_PRMRY_IS_ACLK_ASYNC bound to: 0 - type: integer 
	Parameter C_ENABLE_MULTI_CHANNEL bound to: 0 - type: integer 
	Parameter C_NUM_MM2S_CHANNELS bound to: 1 - type: integer 
	Parameter C_NUM_S2MM_CHANNELS bound to: 1 - type: integer 
	Parameter C_INCLUDE_SG bound to: 0 - type: integer 
	Parameter C_SG_INCLUDE_STSCNTRL_STRM bound to: 0 - type: integer 
	Parameter C_SG_USE_STSAPP_LENGTH bound to: 0 - type: integer 
	Parameter C_SG_LENGTH_WIDTH bound to: 14 - type: integer 
	Parameter C_M_AXI_SG_ADDR_WIDTH bound to: 32 - type: integer 
	Parameter C_M_AXI_SG_DATA_WIDTH bound to: 32 - type: integer 
	Parameter C_M_AXIS_MM2S_CNTRL_TDATA_WIDTH bound to: 32 - type: integer 
	Parameter C_S_AXIS_S2MM_STS_TDATA_WIDTH bound to: 32 - type: integer 
	Parameter C_MICRO_DMA bound to: 0 - type: integer 
	Parameter C_INCLUDE_MM2S bound to: 1 - type: integer 
	Parameter C_INCLUDE_MM2S_SF bound to: 1 - type: integer 
	Parameter C_MM2S_BURST_SIZE bound to: 256 - type: integer 
	Parameter C_M_AXI_MM2S_ADDR_WIDTH bound to: 32 - type: integer 
	Parameter C_M_AXI_MM2S_DATA_WIDTH bound to: 128 - type: integer 
	Parameter C_M_AXIS_MM2S_TDATA_WIDTH bound to: 128 - type: integer 
	Parameter C_INCLUDE_MM2S_DRE bound to: 0 - type: integer 
	Parameter C_INCLUDE_S2MM bound to: 0 - type: integer 
	Parameter C_INCLUDE_S2MM_SF bound to: 1 - type: integer 
	Parameter C_S2MM_BURST_SIZE bound to: 16 - type: integer 
	Parameter C_M_AXI_S2MM_ADDR_WIDTH bound to: 32 - type: integer 
	Parameter C_M_AXI_S2MM_DATA_WIDTH bound to: 32 - type: integer 
	Parameter C_S_AXIS_S2MM_TDATA_WIDTH bound to: 32 - type: integer 
	Parameter C_INCLUDE_S2MM_DRE bound to: 0 - type: integer 
	Parameter C_INCREASE_THROUGHPUT bound to: 0 - type: integer 
	Parameter C_FAMILY bound to: zynquplus - type: string 
INFO: [Synth 8-3491] module 'axi_dma' declared at 'd:/int8-matmul-accelerator/matmul/matmul.gen/sources_1/bd/gemm_block/ipshared/7f6a/hdl/axi_dma_v7_1_vh_rfs.vhd:21634' bound to instance 'U0' of component 'axi_dma' [d:/int8-matmul-accelerator/matmul/matmul.gen/sources_1/bd/gemm_block/ip/gemm_block_axi_dma_0_0/synth/gemm_block_axi_dma_0_0.vhd:329]
INFO: [Synth 8-638] synthesizing module 'axi_dma' [d:/int8-matmul-accelerator/matmul/matmul.gen/sources_1/bd/gemm_block/ipshared/7f6a/hdl/axi_dma_v7_1_vh_rfs.vhd:21979]
INFO: [Synth 8-638] synthesizing module 'axi_dma_rst_module' [d:/int8-matmul-accelerator/matmul/matmul.gen/sources_1/bd/gemm_block/ipshared/7f6a/hdl/axi_dma_v7_1_vh_rfs.vhd:1589]
	Parameter DEST_SYNC_FF bound to: 4 - type: integer 
	Parameter INIT bound to: 32'sb00000000000000000000000000000000 
	Parameter INIT_SYNC_FF bound to: 0 - type: integer 
	Parameter SIM_ASSERT_CHK bound to: 0 - type: integer 
INFO: [Synth 8-3491] module 'xpm_cdc_sync_rst' declared at 'D:/Apps/Study/Vivado/2025.2/Vivado/data/ip/xpm/xpm_cdc/hdl/xpm_cdc.sv:1059' bound to instance 'REG_HRD_RST' of component 'xpm_cdc_sync_rst' [d:/int8-matmul-accelerator/matmul/matmul.gen/sources_1/bd/gemm_block/ipshared/7f6a/hdl/axi_dma_v7_1_vh_rfs.vhd:1642]
INFO: [Synth 8-6157] synthesizing module 'xpm_cdc_sync_rst' [D:/Apps/Study/Vivado/2025.2/Vivado/data/ip/xpm/xpm_cdc/hdl/xpm_cdc.sv:1059]
INFO: [Synth 8-6155] done synthesizing module 'xpm_cdc_sync_rst' (0#1) [D:/Apps/Study/Vivado/2025.2/Vivado/data/ip/xpm/xpm_cdc/hdl/xpm_cdc.sv:1059]
	Parameter DEST_SYNC_FF bound to: 4 - type: integer 
	Parameter INIT bound to: 32'sb00000000000000000000000000000000 
	Parameter INIT_SYNC_FF bound to: 0 - type: integer 
	Parameter SIM_ASSERT_CHK bound to: 0 - type: integer 
INFO: [Synth 8-3491] module 'xpm_cdc_sync_rst' declared at 'D:/Apps/Study/Vivado/2025.2/Vivado/data/ip/xpm/xpm_cdc/hdl/xpm_cdc.sv:1059' bound to instance 'REG_HRD_RST_OUT' of component 'xpm_cdc_sync_rst' [d:/int8-matmul-accelerator/matmul/matmul.gen/sources_1/bd/gemm_block/ipshared/7f6a/hdl/axi_dma_v7_1_vh_rfs.vhd:1667]
INFO: [Synth 8-638] synthesizing module 'axi_dma_reset' [d:/int8-matmul-accelerator/matmul/matmul.gen/sources_1/bd/gemm_block/ipshared/7f6a/hdl/axi_dma_v7_1_vh_rfs.vhd:641]
INFO: [Synth 8-256] done synthesizing module 'axi_dma_reset' (0#1) [d:/int8-matmul-accelerator/matmul/matmul.gen/sources_1/bd/gemm_block/ipshared/7f6a/hdl/axi_dma_v7_1_vh_rfs.vhd:641]
INFO: [Synth 8-256] done synthesizing module 'axi_dma_rst_module' (0#1) [d:/int8-matmul-accelerator/matmul/matmul.gen/sources_1/bd/gemm_block/ipshared/7f6a/hdl/axi_dma_v7_1_vh_rfs.vhd:1589]
INFO: [Synth 8-638] synthesizing module 'axi_dma_reg_module' [d:/int8-matmul-accelerator/matmul/matmul.gen/sources_1/bd/gemm_block/ipshared/7f6a/hdl/axi_dma_v7_1_vh_rfs.vhd:8360]
INFO: [Synth 8-638] synthesizing module 'axi_dma_lite_if' [d:/int8-matmul-accelerator/matmul/matmul.gen/sources_1/bd/gemm_block/ipshared/7f6a/hdl/axi_dma_v7_1_vh_rfs.vhd:2039]
INFO: [Synth 8-256] done synthesizing module 'axi_dma_lite_if' (0#1) [d:/int8-matmul-accelerator/matmul/matmul.gen/sources_1/bd/gemm_block/ipshared/7f6a/hdl/axi_dma_v7_1_vh_rfs.vhd:2039]
INFO: [Synth 8-638] synthesizing module 'axi_dma_register' [d:/int8-matmul-accelerator/matmul/matmul.gen/sources_1/bd/gemm_block/ipshared/7f6a/hdl/axi_dma_v7_1_vh_rfs.vhd:3531]
INFO: [Synth 8-256] done synthesizing module 'axi_dma_register' (0#1) [d:/int8-matmul-accelerator/matmul/matmul.gen/sources_1/bd/gemm_block/ipshared/7f6a/hdl/axi_dma_v7_1_vh_rfs.vhd:3531]
INFO: [Synth 8-256] done synthesizing module 'axi_dma_reg_module' (0#1) [d:/int8-matmul-accelerator/matmul/matmul.gen/sources_1/bd/gemm_block/ipshared/7f6a/hdl/axi_dma_v7_1_vh_rfs.vhd:8360]
INFO: [Synth 8-638] synthesizing module 'axi_dma_mm2s_mngr' [d:/int8-matmul-accelerator/matmul/matmul.gen/sources_1/bd/gemm_block/ipshared/7f6a/hdl/axi_dma_v7_1_vh_rfs.vhd:15036]
INFO: [Synth 8-638] synthesizing module 'axi_dma_smple_sm' [d:/int8-matmul-accelerator/matmul/matmul.gen/sources_1/bd/gemm_block/ipshared/7f6a/hdl/axi_dma_v7_1_vh_rfs.vhd:11850]
INFO: [Synth 8-256] done synthesizing module 'axi_dma_smple_sm' (0#1) [d:/int8-matmul-accelerator/matmul/matmul.gen/sources_1/bd/gemm_block/ipshared/7f6a/hdl/axi_dma_v7_1_vh_rfs.vhd:11850]
INFO: [Synth 8-638] synthesizing module 'axi_dma_mm2s_cmdsts_if' [d:/int8-matmul-accelerator/matmul/matmul.gen/sources_1/bd/gemm_block/ipshared/7f6a/hdl/axi_dma_v7_1_vh_rfs.vhd:13832]
INFO: [Synth 8-256] done synthesizing module 'axi_dma_mm2s_cmdsts_if' (0#1) [d:/int8-matmul-accelerator/matmul/matmul.gen/sources_1/bd/gemm_block/ipshared/7f6a/hdl/axi_dma_v7_1_vh_rfs.vhd:13832]
INFO: [Synth 8-638] synthesizing module 'axi_dma_mm2s_sts_mngr' [d:/int8-matmul-accelerator/matmul/matmul.gen/sources_1/bd/gemm_block/ipshared/7f6a/hdl/axi_dma_v7_1_vh_rfs.vhd:14148]
INFO: [Synth 8-256] done synthesizing module 'axi_dma_mm2s_sts_mngr' (0#1) [d:/int8-matmul-accelerator/matmul/matmul.gen/sources_1/bd/gemm_block/ipshared/7f6a/hdl/axi_dma_v7_1_vh_rfs.vhd:14148]
INFO: [Synth 8-256] done synthesizing module 'axi_dma_mm2s_mngr' (0#1) [d:/int8-matmul-accelerator/matmul/matmul.gen/sources_1/bd/gemm_block/ipshared/7f6a/hdl/axi_dma_v7_1_vh_rfs.vhd:15036]
INFO: [Synth 8-638] synthesizing module 'axi_dma_sofeof_gen' [d:/int8-matmul-accelerator/matmul/matmul.gen/sources_1/bd/gemm_block/ipshared/7f6a/hdl/axi_dma_v7_1_vh_rfs.vhd:11341]
INFO: [Synth 8-256] done synthesizing module 'axi_dma_sofeof_gen' (0#1) [d:/int8-matmul-accelerator/matmul/matmul.gen/sources_1/bd/gemm_block/ipshared/7f6a/hdl/axi_dma_v7_1_vh_rfs.vhd:11341]
INFO: [Synth 8-638] synthesizing module 'axi_datamover' [d:/int8-matmul-accelerator/matmul/matmul.gen/sources_1/bd/gemm_block/ipshared/d44a/hdl/axi_datamover_v5_1_vh_rfs.vhd:55430]
INFO: [Synth 8-638] synthesizing module 'axi_datamover_mm2s_full_wrap' [d:/int8-matmul-accelerator/matmul/matmul.gen/sources_1/bd/gemm_block/ipshared/d44a/hdl/axi_datamover_v5_1_vh_rfs.vhd:53569]
INFO: [Synth 8-638] synthesizing module 'axi_datamover_reset' [d:/int8-matmul-accelerator/matmul/matmul.gen/sources_1/bd/gemm_block/ipshared/d44a/hdl/axi_datamover_v5_1_vh_rfs.vhd:259]
INFO: [Synth 8-256] done synthesizing module 'axi_datamover_reset' (0#1) [d:/int8-matmul-accelerator/matmul/matmul.gen/sources_1/bd/gemm_block/ipshared/d44a/hdl/axi_datamover_v5_1_vh_rfs.vhd:259]
INFO: [Synth 8-638] synthesizing module 'axi_datamover_cmd_status' [d:/int8-matmul-accelerator/matmul/matmul.gen/sources_1/bd/gemm_block/ipshared/d44a/hdl/axi_datamover_v5_1_vh_rfs.vhd:2913]
INFO: [Synth 8-638] synthesizing module 'axi_datamover_fifo' [d:/int8-matmul-accelerator/matmul/matmul.gen/sources_1/bd/gemm_block/ipshared/d44a/hdl/axi_datamover_v5_1_vh_rfs.vhd:2109]
INFO: [Synth 8-256] done synthesizing module 'axi_datamover_fifo' (0#1) [d:/int8-matmul-accelerator/matmul/matmul.gen/sources_1/bd/gemm_block/ipshared/d44a/hdl/axi_datamover_v5_1_vh_rfs.vhd:2109]
INFO: [Synth 8-638] synthesizing module 'axi_datamover_fifo__parameterized0' [d:/int8-matmul-accelerator/matmul/matmul.gen/sources_1/bd/gemm_block/ipshared/d44a/hdl/axi_datamover_v5_1_vh_rfs.vhd:2109]
INFO: [Synth 8-256] done synthesizing module 'axi_datamover_fifo__parameterized0' (0#1) [d:/int8-matmul-accelerator/matmul/matmul.gen/sources_1/bd/gemm_block/ipshared/d44a/hdl/axi_datamover_v5_1_vh_rfs.vhd:2109]
INFO: [Synth 8-256] done synthesizing module 'axi_datamover_cmd_status' (0#1) [d:/int8-matmul-accelerator/matmul/matmul.gen/sources_1/bd/gemm_block/ipshared/d44a/hdl/axi_datamover_v5_1_vh_rfs.vhd:2913]
INFO: [Synth 8-638] synthesizing module 'axi_datamover_rd_status_cntl' [d:/int8-matmul-accelerator/matmul/matmul.gen/sources_1/bd/gemm_block/ipshared/d44a/hdl/axi_datamover_v5_1_vh_rfs.vhd:13919]
INFO: [Synth 8-256] done synthesizing module 'axi_datamover_rd_status_cntl' (0#1) [d:/int8-matmul-accelerator/matmul/matmul.gen/sources_1/bd/gemm_block/ipshared/d44a/hdl/axi_datamover_v5_1_vh_rfs.vhd:13919]
INFO: [Synth 8-638] synthesizing module 'axi_datamover_pcc' [d:/int8-matmul-accelerator/matmul/matmul.gen/sources_1/bd/gemm_block/ipshared/d44a/hdl/axi_datamover_v5_1_vh_rfs.vhd:7613]
INFO: [Synth 8-638] synthesizing module 'axi_datamover_strb_gen2' [d:/int8-matmul-accelerator/matmul/matmul.gen/sources_1/bd/gemm_block/ipshared/d44a/hdl/axi_datamover_v5_1_vh_rfs.vhd:4545]
INFO: [Synth 8-256] done synthesizing module 'axi_datamover_strb_gen2' (0#1) [d:/int8-matmul-accelerator/matmul/matmul.gen/sources_1/bd/gemm_block/ipshared/d44a/hdl/axi_datamover_v5_1_vh_rfs.vhd:4545]
INFO: [Synth 8-638] synthesizing module 'axi_datamover_strb_gen2__parameterized0' [d:/int8-matmul-accelerator/matmul/matmul.gen/sources_1/bd/gemm_block/ipshared/d44a/hdl/axi_datamover_v5_1_vh_rfs.vhd:4545]
INFO: [Synth 8-256] done synthesizing module 'axi_datamover_strb_gen2__parameterized0' (0#1) [d:/int8-matmul-accelerator/matmul/matmul.gen/sources_1/bd/gemm_block/ipshared/d44a/hdl/axi_datamover_v5_1_vh_rfs.vhd:4545]
INFO: [Synth 8-226] default block is never used [d:/int8-matmul-accelerator/matmul/matmul.gen/sources_1/bd/gemm_block/ipshared/d44a/hdl/axi_datamover_v5_1_vh_rfs.vhd:9687]
INFO: [Synth 8-256] done synthesizing module 'axi_datamover_pcc' (0#1) [d:/int8-matmul-accelerator/matmul/matmul.gen/sources_1/bd/gemm_block/ipshared/d44a/hdl/axi_datamover_v5_1_vh_rfs.vhd:7613]
INFO: [Synth 8-638] synthesizing module 'axi_datamover_addr_cntl' [d:/int8-matmul-accelerator/matmul/matmul.gen/sources_1/bd/gemm_block/ipshared/d44a/hdl/axi_datamover_v5_1_vh_rfs.vhd:10191]
INFO: [Synth 8-638] synthesizing module 'axi_datamover_fifo__parameterized1' [d:/int8-matmul-accelerator/matmul/matmul.gen/sources_1/bd/gemm_block/ipshared/d44a/hdl/axi_datamover_v5_1_vh_rfs.vhd:2109]
INFO: [Synth 8-638] synthesizing module 'axi_datamover_v5_1_37_srl_fifo' [d:/int8-matmul-accelerator/matmul/matmul.gen/sources_1/bd/gemm_block/ipshared/d44a/hdl/axi_datamover_v5_1_vh_rfs.vhd:1881]
INFO: [Synth 8-256] done synthesizing module 'axi_datamover_v5_1_37_srl_fifo' (0#1) [d:/int8-matmul-accelerator/matmul/matmul.gen/sources_1/bd/gemm_block/ipshared/d44a/hdl/axi_datamover_v5_1_vh_rfs.vhd:1881]
INFO: [Synth 8-256] done synthesizing module 'axi_datamover_fifo__parameterized1' (0#1) [d:/int8-matmul-accelerator/matmul/matmul.gen/sources_1/bd/gemm_block/ipshared/d44a/hdl/axi_datamover_v5_1_vh_rfs.vhd:2109]
INFO: [Synth 8-256] done synthesizing module 'axi_datamover_addr_cntl' (0#1) [d:/int8-matmul-accelerator/matmul/matmul.gen/sources_1/bd/gemm_block/ipshared/d44a/hdl/axi_datamover_v5_1_vh_rfs.vhd:10191]
INFO: [Synth 8-638] synthesizing module 'axi_datamover_rddata_cntl' [d:/int8-matmul-accelerator/matmul/matmul.gen/sources_1/bd/gemm_block/ipshared/d44a/hdl/axi_datamover_v5_1_vh_rfs.vhd:12364]
INFO: [Synth 8-638] synthesizing module 'axi_datamover_rdmux' [d:/int8-matmul-accelerator/matmul/matmul.gen/sources_1/bd/gemm_block/ipshared/d44a/hdl/axi_datamover_v5_1_vh_rfs.vhd:10866]
INFO: [Synth 8-256] done synthesizing module 'axi_datamover_rdmux' (0#1) [d:/int8-matmul-accelerator/matmul/matmul.gen/sources_1/bd/gemm_block/ipshared/d44a/hdl/axi_datamover_v5_1_vh_rfs.vhd:10866]
INFO: [Synth 8-638] synthesizing module 'axi_datamover_fifo__parameterized2' [d:/int8-matmul-accelerator/matmul/matmul.gen/sources_1/bd/gemm_block/ipshared/d44a/hdl/axi_datamover_v5_1_vh_rfs.vhd:2109]
INFO: [Synth 8-638] synthesizing module 'axi_datamover_v5_1_37_srl_fifo__parameterized0' [d:/int8-matmul-accelerator/matmul/matmul.gen/sources_1/bd/gemm_block/ipshared/d44a/hdl/axi_datamover_v5_1_vh_rfs.vhd:1881]
INFO: [Synth 8-256] done synthesizing module 'axi_datamover_v5_1_37_srl_fifo__parameterized0' (0#1) [d:/int8-matmul-accelerator/matmul/matmul.gen/sources_1/bd/gemm_block/ipshared/d44a/hdl/axi_datamover_v5_1_vh_rfs.vhd:1881]
INFO: [Synth 8-256] done synthesizing module 'axi_datamover_fifo__parameterized2' (0#1) [d:/int8-matmul-accelerator/matmul/matmul.gen/sources_1/bd/gemm_block/ipshared/d44a/hdl/axi_datamover_v5_1_vh_rfs.vhd:2109]
INFO: [Synth 8-256] done synthesizing module 'axi_datamover_rddata_cntl' (0#1) [d:/int8-matmul-accelerator/matmul/matmul.gen/sources_1/bd/gemm_block/ipshared/d44a/hdl/axi_datamover_v5_1_vh_rfs.vhd:12364]
INFO: [Synth 8-638] synthesizing module 'axi_datamover_rd_sf' [d:/int8-matmul-accelerator/matmul/matmul.gen/sources_1/bd/gemm_block/ipshared/d44a/hdl/axi_datamover_v5_1_vh_rfs.vhd:20342]
INFO: [Synth 8-638] synthesizing module 'axi_datamover_fifo__parameterized3' [d:/int8-matmul-accelerator/matmul/matmul.gen/sources_1/bd/gemm_block/ipshared/d44a/hdl/axi_datamover_v5_1_vh_rfs.vhd:2109]
INFO: [Synth 8-638] synthesizing module 'axi_datamover_v5_1_37_srl_fifo__parameterized1' [d:/int8-matmul-accelerator/matmul/matmul.gen/sources_1/bd/gemm_block/ipshared/d44a/hdl/axi_datamover_v5_1_vh_rfs.vhd:1881]
INFO: [Synth 8-256] done synthesizing module 'axi_datamover_v5_1_37_srl_fifo__parameterized1' (0#1) [d:/int8-matmul-accelerator/matmul/matmul.gen/sources_1/bd/gemm_block/ipshared/d44a/hdl/axi_datamover_v5_1_vh_rfs.vhd:1881]
INFO: [Synth 8-256] done synthesizing module 'axi_datamover_fifo__parameterized3' (0#1) [d:/int8-matmul-accelerator/matmul/matmul.gen/sources_1/bd/gemm_block/ipshared/d44a/hdl/axi_datamover_v5_1_vh_rfs.vhd:2109]
INFO: [Synth 8-638] synthesizing module 'axi_datamover_sfifo_autord' [d:/int8-matmul-accelerator/matmul/matmul.gen/sources_1/bd/gemm_block/ipshared/d44a/hdl/axi_datamover_v5_1_vh_rfs.vhd:1372]
	Parameter FIFO_MEMORY_TYPE bound to: block - type: string 
	Parameter FIFO_WRITE_DEPTH bound to: 2048 - type: integer 
	Parameter WRITE_DATA_WIDTH bound to: 147 - type: integer 
	Parameter READ_MODE bound to: fwft - type: string 
	Parameter FIFO_READ_LATENCY bound to: 0 - type: integer 
	Parameter FULL_RESET_VALUE bound to: 1 - type: integer 
	Parameter USE_ADV_FEATURES bound to: 1F1F - type: string 
	Parameter READ_DATA_WIDTH bound to: 147 - type: integer 
	Parameter WR_DATA_COUNT_WIDTH bound to: 12 - type: integer 
	Parameter PROG_FULL_THRESH bound to: 10 - type: integer 
	Parameter RD_DATA_COUNT_WIDTH bound to: 12 - type: integer 
	Parameter PROG_EMPTY_THRESH bound to: 10 - type: integer 
	Parameter DOUT_RESET_VALUE bound to: 0 - type: string 
	Parameter ECC_MODE bound to: no_ecc - type: string 
	Parameter WAKEUP_TIME bound to: 0 - type: integer 
INFO: [Synth 8-3491] module 'xpm_fifo_sync' declared at 'D:/Apps/Study/Vivado/2025.2/Vivado/data/ip/xpm/xpm_fifo/hdl/xpm_fifo.sv:1975' bound to instance 'I_SYNC_FIFOGEN_FIFO' of component 'xpm_fifo_sync' [d:/int8-matmul-accelerator/matmul/matmul.gen/sources_1/bd/gemm_block/ipshared/d44a/hdl/axi_datamover_v5_1_vh_rfs.vhd:1498]
INFO: [Synth 8-6157] synthesizing module 'xpm_fifo_sync' [D:/Apps/Study/Vivado/2025.2/Vivado/data/ip/xpm/xpm_fifo/hdl/xpm_fifo.sv:1975]
INFO: [Synth 8-6157] synthesizing module 'xpm_fifo_base' [D:/Apps/Study/Vivado/2025.2/Vivado/data/ip/xpm/xpm_fifo/hdl/xpm_fifo.sv:53]
INFO: [Synth 8-6157] synthesizing module 'xpm_counter_updn' [D:/Apps/Study/Vivado/2025.2/Vivado/data/ip/xpm/xpm_fifo/hdl/xpm_fifo.sv:1879]
INFO: [Synth 8-6155] done synthesizing module 'xpm_counter_updn' (0#1) [D:/Apps/Study/Vivado/2025.2/Vivado/data/ip/xpm/xpm_fifo/hdl/xpm_fifo.sv:1879]
INFO: [Synth 8-6157] synthesizing module 'xpm_counter_updn__parameterized0' [D:/Apps/Study/Vivado/2025.2/Vivado/data/ip/xpm/xpm_fifo/hdl/xpm_fifo.sv:1879]
INFO: [Synth 8-6155] done synthesizing module 'xpm_counter_updn__parameterized0' (0#1) [D:/Apps/Study/Vivado/2025.2/Vivado/data/ip/xpm/xpm_fifo/hdl/xpm_fifo.sv:1879]
INFO: [Synth 8-6157] synthesizing module 'xpm_memory_base' [D:/Apps/Study/Vivado/2025.2/Vivado/data/ip/xpm/xpm_memory/hdl/xpm_memory.sv:54]
INFO: [Synth 8-6155] done synthesizing module 'xpm_memory_base' (0#1) [D:/Apps/Study/Vivado/2025.2/Vivado/data/ip/xpm/xpm_memory/hdl/xpm_memory.sv:54]
INFO: [Synth 8-226] default block is never used [D:/Apps/Study/Vivado/2025.2/Vivado/data/ip/xpm/xpm_fifo/hdl/xpm_fifo.sv:1220]
INFO: [Synth 8-226] default block is never used [D:/Apps/Study/Vivado/2025.2/Vivado/data/ip/xpm/xpm_fifo/hdl/xpm_fifo.sv:1287]
INFO: [Synth 8-226] default block is never used [D:/Apps/Study/Vivado/2025.2/Vivado/data/ip/xpm/xpm_fifo/hdl/xpm_fifo.sv:1309]
INFO: [Synth 8-6157] synthesizing module 'xpm_fifo_reg_bit' [D:/Apps/Study/Vivado/2025.2/Vivado/data/ip/xpm/xpm_fifo/hdl/xpm_fifo.sv:1927]
INFO: [Synth 8-6155] done synthesizing module 'xpm_fifo_reg_bit' (0#1) [D:/Apps/Study/Vivado/2025.2/Vivado/data/ip/xpm/xpm_fifo/hdl/xpm_fifo.sv:1927]
INFO: [Synth 8-6157] synthesizing module 'xpm_counter_updn__parameterized1' [D:/Apps/Study/Vivado/2025.2/Vivado/data/ip/xpm/xpm_fifo/hdl/xpm_fifo.sv:1879]
INFO: [Synth 8-6155] done synthesizing module 'xpm_counter_updn__parameterized1' (0#1) [D:/Apps/Study/Vivado/2025.2/Vivado/data/ip/xpm/xpm_fifo/hdl/xpm_fifo.sv:1879]
INFO: [Synth 8-6157] synthesizing module 'xpm_fifo_rst' [D:/Apps/Study/Vivado/2025.2/Vivado/data/ip/xpm/xpm_fifo/hdl/xpm_fifo.sv:1639]
INFO: [Synth 8-6155] done synthesizing module 'xpm_fifo_rst' (0#1) [D:/Apps/Study/Vivado/2025.2/Vivado/data/ip/xpm/xpm_fifo/hdl/xpm_fifo.sv:1639]
INFO: [Synth 8-6157] synthesizing module 'xpm_counter_updn__parameterized2' [D:/Apps/Study/Vivado/2025.2/Vivado/data/ip/xpm/xpm_fifo/hdl/xpm_fifo.sv:1879]
INFO: [Synth 8-6155] done synthesizing module 'xpm_counter_updn__parameterized2' (0#1) [D:/Apps/Study/Vivado/2025.2/Vivado/data/ip/xpm/xpm_fifo/hdl/xpm_fifo.sv:1879]
INFO: [Synth 8-6157] synthesizing module 'xpm_counter_updn__parameterized3' [D:/Apps/Study/Vivado/2025.2/Vivado/data/ip/xpm/xpm_fifo/hdl/xpm_fifo.sv:1879]
INFO: [Synth 8-6155] done synthesizing module 'xpm_counter_updn__parameterized3' (0#1) [D:/Apps/Study/Vivado/2025.2/Vivado/data/ip/xpm/xpm_fifo/hdl/xpm_fifo.sv:1879]
INFO: [Synth 8-6155] done synthesizing module 'xpm_fifo_base' (0#1) [D:/Apps/Study/Vivado/2025.2/Vivado/data/ip/xpm/xpm_fifo/hdl/xpm_fifo.sv:53]
INFO: [Synth 8-6155] done synthesizing module 'xpm_fifo_sync' (0#1) [D:/Apps/Study/Vivado/2025.2/Vivado/data/ip/xpm/xpm_fifo/hdl/xpm_fifo.sv:1975]
INFO: [Synth 8-256] done synthesizing module 'axi_datamover_sfifo_autord' (0#1) [d:/int8-matmul-accelerator/matmul/matmul.gen/sources_1/bd/gemm_block/ipshared/d44a/hdl/axi_datamover_v5_1_vh_rfs.vhd:1372]
INFO: [Synth 8-256] done synthesizing module 'axi_datamover_rd_sf' (0#1) [d:/int8-matmul-accelerator/matmul/matmul.gen/sources_1/bd/gemm_block/ipshared/d44a/hdl/axi_datamover_v5_1_vh_rfs.vhd:20342]
INFO: [Synth 8-638] synthesizing module 'axi_datamover_skid_buf' [d:/int8-matmul-accelerator/matmul/matmul.gen/sources_1/bd/gemm_block/ipshared/d44a/hdl/axi_datamover_v5_1_vh_rfs.vhd:19643]
INFO: [Synth 8-256] done synthesizing module 'axi_datamover_skid_buf' (0#1) [d:/int8-matmul-accelerator/matmul/matmul.gen/sources_1/bd/gemm_block/ipshared/d44a/hdl/axi_datamover_v5_1_vh_rfs.vhd:19643]
INFO: [Synth 8-256] done synthesizing module 'axi_datamover_mm2s_full_wrap' (0#1) [d:/int8-matmul-accelerator/matmul/matmul.gen/sources_1/bd/gemm_block/ipshared/d44a/hdl/axi_datamover_v5_1_vh_rfs.vhd:53569]
INFO: [Synth 8-638] synthesizing module 'axi_datamover_s2mm_omit_wrap' [d:/int8-matmul-accelerator/matmul/matmul.gen/sources_1/bd/gemm_block/ipshared/d44a/hdl/axi_datamover_v5_1_vh_rfs.vhd:49625]
INFO: [Synth 8-256] done synthesizing module 'axi_datamover_s2mm_omit_wrap' (0#1) [d:/int8-matmul-accelerator/matmul/matmul.gen/sources_1/bd/gemm_block/ipshared/d44a/hdl/axi_datamover_v5_1_vh_rfs.vhd:49625]
INFO: [Synth 8-256] done synthesizing module 'axi_datamover' (0#1) [d:/int8-matmul-accelerator/matmul/matmul.gen/sources_1/bd/gemm_block/ipshared/d44a/hdl/axi_datamover_v5_1_vh_rfs.vhd:55430]
INFO: [Synth 8-256] done synthesizing module 'axi_dma' (0#1) [d:/int8-matmul-accelerator/matmul/matmul.gen/sources_1/bd/gemm_block/ipshared/7f6a/hdl/axi_dma_v7_1_vh_rfs.vhd:21979]
INFO: [Synth 8-256] done synthesizing module 'gemm_block_axi_dma_0_0' (0#1) [d:/int8-matmul-accelerator/matmul/matmul.gen/sources_1/bd/gemm_block/ip/gemm_block_axi_dma_0_0/synth/gemm_block_axi_dma_0_0.vhd:104]
WARNING: [Synth 8-7071] port 'mm2s_prmry_reset_out_n' of module 'gemm_block_axi_dma_0_0' is unconnected for instance 'axi_dma_0' [d:/int8-matmul-accelerator/matmul/matmul.gen/sources_1/bd/gemm_block/synth/gemm_block.v:256]
WARNING: [Synth 8-7071] port 'm_axis_mm2s_tkeep' of module 'gemm_block_axi_dma_0_0' is unconnected for instance 'axi_dma_0' [d:/int8-matmul-accelerator/matmul/matmul.gen/sources_1/bd/gemm_block/synth/gemm_block.v:256]
WARNING: [Synth 8-7071] port 'mm2s_introut' of module 'gemm_block_axi_dma_0_0' is unconnected for instance 'axi_dma_0' [d:/int8-matmul-accelerator/matmul/matmul.gen/sources_1/bd/gemm_block/synth/gemm_block.v:256]
WARNING: [Synth 8-7071] port 'axi_dma_tstvec' of module 'gemm_block_axi_dma_0_0' is unconnected for instance 'axi_dma_0' [d:/int8-matmul-accelerator/matmul/matmul.gen/sources_1/bd/gemm_block/synth/gemm_block.v:256]
WARNING: [Synth 8-7023] instance 'axi_dma_0' of module 'gemm_block_axi_dma_0_0' has 40 connections declared, but only 36 given [d:/int8-matmul-accelerator/matmul/matmul.gen/sources_1/bd/gemm_block/synth/gemm_block.v:256]
INFO: [Synth 8-638] synthesizing module 'gemm_block_axi_dma_1_0' [d:/int8-matmul-accelerator/matmul/matmul.gen/sources_1/bd/gemm_block/ip/gemm_block_axi_dma_1_0/synth/gemm_block_axi_dma_1_0.vhd:128]
	Parameter C_S_AXI_LITE_ADDR_WIDTH bound to: 10 - type: integer 
	Parameter C_S_AXI_LITE_DATA_WIDTH bound to: 32 - type: integer 
	Parameter C_DLYTMR_RESOLUTION bound to: 125 - type: integer 
	Parameter C_PRMRY_IS_ACLK_ASYNC bound to: 0 - type: integer 
	Parameter C_ENABLE_MULTI_CHANNEL bound to: 0 - type: integer 
	Parameter C_NUM_MM2S_CHANNELS bound to: 1 - type: integer 
	Parameter C_NUM_S2MM_CHANNELS bound to: 1 - type: integer 
	Parameter C_INCLUDE_SG bound to: 0 - type: integer 
	Parameter C_SG_INCLUDE_STSCNTRL_STRM bound to: 0 - type: integer 
	Parameter C_SG_USE_STSAPP_LENGTH bound to: 0 - type: integer 
	Parameter C_SG_LENGTH_WIDTH bound to: 14 - type: integer 
	Parameter C_M_AXI_SG_ADDR_WIDTH bound to: 32 - type: integer 
	Parameter C_M_AXI_SG_DATA_WIDTH bound to: 32 - type: integer 
	Parameter C_M_AXIS_MM2S_CNTRL_TDATA_WIDTH bound to: 32 - type: integer 
	Parameter C_S_AXIS_S2MM_STS_TDATA_WIDTH bound to: 32 - type: integer 
	Parameter C_MICRO_DMA bound to: 0 - type: integer 
	Parameter C_INCLUDE_MM2S bound to: 1 - type: integer 
	Parameter C_INCLUDE_MM2S_SF bound to: 1 - type: integer 
	Parameter C_MM2S_BURST_SIZE bound to: 256 - type: integer 
	Parameter C_M_AXI_MM2S_ADDR_WIDTH bound to: 32 - type: integer 
	Parameter C_M_AXI_MM2S_DATA_WIDTH bound to: 128 - type: integer 
	Parameter C_M_AXIS_MM2S_TDATA_WIDTH bound to: 128 - type: integer 
	Parameter C_INCLUDE_MM2S_DRE bound to: 0 - type: integer 
	Parameter C_INCLUDE_S2MM bound to: 1 - type: integer 
	Parameter C_INCLUDE_S2MM_SF bound to: 1 - type: integer 
	Parameter C_S2MM_BURST_SIZE bound to: 64 - type: integer 
	Parameter C_M_AXI_S2MM_ADDR_WIDTH bound to: 32 - type: integer 
	Parameter C_M_AXI_S2MM_DATA_WIDTH bound to: 128 - type: integer 
	Parameter C_S_AXIS_S2MM_TDATA_WIDTH bound to: 128 - type: integer 
	Parameter C_INCLUDE_S2MM_DRE bound to: 0 - type: integer 
	Parameter C_INCREASE_THROUGHPUT bound to: 0 - type: integer 
	Parameter C_FAMILY bound to: zynquplus - type: string 
INFO: [Synth 8-3491] module 'axi_dma' declared at 'd:/int8-matmul-accelerator/matmul/matmul.gen/sources_1/bd/gemm_block/ipshared/7f6a/hdl/axi_dma_v7_1_vh_rfs.vhd:21634' bound to instance 'U0' of component 'axi_dma' [d:/int8-matmul-accelerator/matmul/matmul.gen/sources_1/bd/gemm_block/ip/gemm_block_axi_dma_1_0/synth/gemm_block_axi_dma_1_0.vhd:388]
INFO: [Synth 8-638] synthesizing module 'axi_dma__parameterized1' [d:/int8-matmul-accelerator/matmul/matmul.gen/sources_1/bd/gemm_block/ipshared/7f6a/hdl/axi_dma_v7_1_vh_rfs.vhd:21979]
INFO: [Synth 8-638] synthesizing module 'axi_dma_rst_module__parameterized0' [d:/int8-matmul-accelerator/matmul/matmul.gen/sources_1/bd/gemm_block/ipshared/7f6a/hdl/axi_dma_v7_1_vh_rfs.vhd:1589]
	Parameter DEST_SYNC_FF bound to: 4 - type: integer 
	Parameter INIT bound to: 32'sb00000000000000000000000000000000 
	Parameter INIT_SYNC_FF bound to: 0 - type: integer 
	Parameter SIM_ASSERT_CHK bound to: 0 - type: integer 
INFO: [Synth 8-3491] module 'xpm_cdc_sync_rst' declared at 'D:/Apps/Study/Vivado/2025.2/Vivado/data/ip/xpm/xpm_cdc/hdl/xpm_cdc.sv:1059' bound to instance 'REG_HRD_RST' of component 'xpm_cdc_sync_rst' [d:/int8-matmul-accelerator/matmul/matmul.gen/sources_1/bd/gemm_block/ipshared/7f6a/hdl/axi_dma_v7_1_vh_rfs.vhd:1642]
	Parameter DEST_SYNC_FF bound to: 4 - type: integer 
	Parameter INIT bound to: 32'sb00000000000000000000000000000000 
	Parameter INIT_SYNC_FF bound to: 0 - type: integer 
	Parameter SIM_ASSERT_CHK bound to: 0 - type: integer 
INFO: [Synth 8-3491] module 'xpm_cdc_sync_rst' declared at 'D:/Apps/Study/Vivado/2025.2/Vivado/data/ip/xpm/xpm_cdc/hdl/xpm_cdc.sv:1059' bound to instance 'REG_HRD_RST_OUT' of component 'xpm_cdc_sync_rst' [d:/int8-matmul-accelerator/matmul/matmul.gen/sources_1/bd/gemm_block/ipshared/7f6a/hdl/axi_dma_v7_1_vh_rfs.vhd:1667]
INFO: [Synth 8-256] done synthesizing module 'axi_dma_rst_module__parameterized0' (0#1) [d:/int8-matmul-accelerator/matmul/matmul.gen/sources_1/bd/gemm_block/ipshared/7f6a/hdl/axi_dma_v7_1_vh_rfs.vhd:1589]
INFO: [Synth 8-638] synthesizing module 'axi_dma_reg_module__parameterized0' [d:/int8-matmul-accelerator/matmul/matmul.gen/sources_1/bd/gemm_block/ipshared/7f6a/hdl/axi_dma_v7_1_vh_rfs.vhd:8360]
INFO: [Synth 8-638] synthesizing module 'axi_dma_register_s2mm' [d:/int8-matmul-accelerator/matmul/matmul.gen/sources_1/bd/gemm_block/ipshared/7f6a/hdl/axi_dma_v7_1_vh_rfs.vhd:4776]
INFO: [Synth 8-256] done synthesizing module 'axi_dma_register_s2mm' (0#1) [d:/int8-matmul-accelerator/matmul/matmul.gen/sources_1/bd/gemm_block/ipshared/7f6a/hdl/axi_dma_v7_1_vh_rfs.vhd:4776]
INFO: [Synth 8-256] done synthesizing module 'axi_dma_reg_module__parameterized0' (0#1) [d:/int8-matmul-accelerator/matmul/matmul.gen/sources_1/bd/gemm_block/ipshared/7f6a/hdl/axi_dma_v7_1_vh_rfs.vhd:8360]
INFO: [Synth 8-638] synthesizing module 'axi_dma_s2mm_mngr' [d:/int8-matmul-accelerator/matmul/matmul.gen/sources_1/bd/gemm_block/ipshared/7f6a/hdl/axi_dma_v7_1_vh_rfs.vhd:20387]
INFO: [Synth 8-638] synthesizing module 'axi_dma_s2mm_cmdsts_if' [d:/int8-matmul-accelerator/matmul/matmul.gen/sources_1/bd/gemm_block/ipshared/7f6a/hdl/axi_dma_v7_1_vh_rfs.vhd:18680]
INFO: [Synth 8-256] done synthesizing module 'axi_dma_s2mm_cmdsts_if' (0#1) [d:/int8-matmul-accelerator/matmul/matmul.gen/sources_1/bd/gemm_block/ipshared/7f6a/hdl/axi_dma_v7_1_vh_rfs.vhd:18680]
INFO: [Synth 8-638] synthesizing module 'axi_dma_s2mm_sts_mngr' [d:/int8-matmul-accelerator/matmul/matmul.gen/sources_1/bd/gemm_block/ipshared/7f6a/hdl/axi_dma_v7_1_vh_rfs.vhd:19111]
INFO: [Synth 8-256] done synthesizing module 'axi_dma_s2mm_sts_mngr' (0#1) [d:/int8-matmul-accelerator/matmul/matmul.gen/sources_1/bd/gemm_block/ipshared/7f6a/hdl/axi_dma_v7_1_vh_rfs.vhd:19111]
INFO: [Synth 8-256] done synthesizing module 'axi_dma_s2mm_mngr' (0#1) [d:/int8-matmul-accelerator/matmul/matmul.gen/sources_1/bd/gemm_block/ipshared/7f6a/hdl/axi_dma_v7_1_vh_rfs.vhd:20387]
INFO: [Synth 8-638] synthesizing module 'axi_datamover__parameterized0' [d:/int8-matmul-accelerator/matmul/matmul.gen/sources_1/bd/gemm_block/ipshared/d44a/hdl/axi_datamover_v5_1_vh_rfs.vhd:55430]
INFO: [Synth 8-638] synthesizing module 'axi_datamover_s2mm_full_wrap' [d:/int8-matmul-accelerator/matmul/matmul.gen/sources_1/bd/gemm_block/ipshared/d44a/hdl/axi_datamover_v5_1_vh_rfs.vhd:50012]
INFO: [Synth 8-638] synthesizing module 'axi_datamover_cmd_status__parameterized0' [d:/int8-matmul-accelerator/matmul/matmul.gen/sources_1/bd/gemm_block/ipshared/d44a/hdl/axi_datamover_v5_1_vh_rfs.vhd:2913]
INFO: [Synth 8-638] synthesizing module 'axi_datamover_fifo__parameterized4' [d:/int8-matmul-accelerator/matmul/matmul.gen/sources_1/bd/gemm_block/ipshared/d44a/hdl/axi_datamover_v5_1_vh_rfs.vhd:2109]
INFO: [Synth 8-256] done synthesizing module 'axi_datamover_fifo__parameterized4' (0#1) [d:/int8-matmul-accelerator/matmul/matmul.gen/sources_1/bd/gemm_block/ipshared/d44a/hdl/axi_datamover_v5_1_vh_rfs.vhd:2109]
INFO: [Synth 8-256] done synthesizing module 'axi_datamover_cmd_status__parameterized0' (0#1) [d:/int8-matmul-accelerator/matmul/matmul.gen/sources_1/bd/gemm_block/ipshared/d44a/hdl/axi_datamover_v5_1_vh_rfs.vhd:2913]
INFO: [Synth 8-638] synthesizing module 'axi_datamover_wr_status_cntl' [d:/int8-matmul-accelerator/matmul/matmul.gen/sources_1/bd/gemm_block/ipshared/d44a/hdl/axi_datamover_v5_1_vh_rfs.vhd:17859]
INFO: [Synth 8-638] synthesizing module 'axi_datamover_fifo__parameterized5' [d:/int8-matmul-accelerator/matmul/matmul.gen/sources_1/bd/gemm_block/ipshared/d44a/hdl/axi_datamover_v5_1_vh_rfs.vhd:2109]
INFO: [Synth 8-638] synthesizing module 'axi_datamover_v5_1_37_srl_fifo__parameterized2' [d:/int8-matmul-accelerator/matmul/matmul.gen/sources_1/bd/gemm_block/ipshared/d44a/hdl/axi_datamover_v5_1_vh_rfs.vhd:1881]
INFO: [Synth 8-256] done synthesizing module 'axi_datamover_v5_1_37_srl_fifo__parameterized2' (0#1) [d:/int8-matmul-accelerator/matmul/matmul.gen/sources_1/bd/gemm_block/ipshared/d44a/hdl/axi_datamover_v5_1_vh_rfs.vhd:1881]
INFO: [Synth 8-256] done synthesizing module 'axi_datamover_fifo__parameterized5' (0#1) [d:/int8-matmul-accelerator/matmul/matmul.gen/sources_1/bd/gemm_block/ipshared/d44a/hdl/axi_datamover_v5_1_vh_rfs.vhd:2109]
INFO: [Synth 8-638] synthesizing module 'axi_datamover_fifo__parameterized6' [d:/int8-matmul-accelerator/matmul/matmul.gen/sources_1/bd/gemm_block/ipshared/d44a/hdl/axi_datamover_v5_1_vh_rfs.vhd:2109]
INFO: [Synth 8-638] synthesizing module 'axi_datamover_v5_1_37_srl_fifo__parameterized3' [d:/int8-matmul-accelerator/matmul/matmul.gen/sources_1/bd/gemm_block/ipshared/d44a/hdl/axi_datamover_v5_1_vh_rfs.vhd:1881]
INFO: [Synth 8-256] done synthesizing module 'axi_datamover_v5_1_37_srl_fifo__parameterized3' (0#1) [d:/int8-matmul-accelerator/matmul/matmul.gen/sources_1/bd/gemm_block/ipshared/d44a/hdl/axi_datamover_v5_1_vh_rfs.vhd:1881]
INFO: [Synth 8-256] done synthesizing module 'axi_datamover_fifo__parameterized6' (0#1) [d:/int8-matmul-accelerator/matmul/matmul.gen/sources_1/bd/gemm_block/ipshared/d44a/hdl/axi_datamover_v5_1_vh_rfs.vhd:2109]
INFO: [Synth 8-256] done synthesizing module 'axi_datamover_wr_status_cntl' (0#1) [d:/int8-matmul-accelerator/matmul/matmul.gen/sources_1/bd/gemm_block/ipshared/d44a/hdl/axi_datamover_v5_1_vh_rfs.vhd:17859]
INFO: [Synth 8-638] synthesizing module 'axi_datamover_ibttcc' [d:/int8-matmul-accelerator/matmul/matmul.gen/sources_1/bd/gemm_block/ipshared/d44a/hdl/axi_datamover_v5_1_vh_rfs.vhd:25827]
INFO: [Synth 8-256] done synthesizing module 'axi_datamover_ibttcc' (0#1) [d:/int8-matmul-accelerator/matmul/matmul.gen/sources_1/bd/gemm_block/ipshared/d44a/hdl/axi_datamover_v5_1_vh_rfs.vhd:25827]
INFO: [Synth 8-638] synthesizing module 'axi_datamover_s2mm_realign' [d:/int8-matmul-accelerator/matmul/matmul.gen/sources_1/bd/gemm_block/ipshared/d44a/hdl/axi_datamover_v5_1_vh_rfs.vhd:47044]
INFO: [Synth 8-638] synthesizing module 'axi_datamover_fifo__parameterized7' [d:/int8-matmul-accelerator/matmul/matmul.gen/sources_1/bd/gemm_block/ipshared/d44a/hdl/axi_datamover_v5_1_vh_rfs.vhd:2109]
INFO: [Synth 8-638] synthesizing module 'axi_datamover_v5_1_37_srl_fifo__parameterized4' [d:/int8-matmul-accelerator/matmul/matmul.gen/sources_1/bd/gemm_block/ipshared/d44a/hdl/axi_datamover_v5_1_vh_rfs.vhd:1881]
INFO: [Synth 8-256] done synthesizing module 'axi_datamover_v5_1_37_srl_fifo__parameterized4' (0#1) [d:/int8-matmul-accelerator/matmul/matmul.gen/sources_1/bd/gemm_block/ipshared/d44a/hdl/axi_datamover_v5_1_vh_rfs.vhd:1881]
INFO: [Synth 8-256] done synthesizing module 'axi_datamover_fifo__parameterized7' (0#1) [d:/int8-matmul-accelerator/matmul/matmul.gen/sources_1/bd/gemm_block/ipshared/d44a/hdl/axi_datamover_v5_1_vh_rfs.vhd:2109]
INFO: [Synth 8-638] synthesizing module 'axi_datamover_s2mm_scatter' [d:/int8-matmul-accelerator/matmul/matmul.gen/sources_1/bd/gemm_block/ipshared/d44a/hdl/axi_datamover_v5_1_vh_rfs.vhd:45156]
INFO: [Synth 8-638] synthesizing module 'axi_datamover_mssai_skid_buf' [d:/int8-matmul-accelerator/matmul/matmul.gen/sources_1/bd/gemm_block/ipshared/d44a/hdl/axi_datamover_v5_1_vh_rfs.vhd:44213]
INFO: [Synth 8-638] synthesizing module 'axi_datamover_ms_strb_set' [d:/int8-matmul-accelerator/matmul/matmul.gen/sources_1/bd/gemm_block/ipshared/d44a/hdl/axi_datamover_v5_1_vh_rfs.vhd:42655]
INFO: [Synth 8-256] done synthesizing module 'axi_datamover_ms_strb_set' (0#1) [d:/int8-matmul-accelerator/matmul/matmul.gen/sources_1/bd/gemm_block/ipshared/d44a/hdl/axi_datamover_v5_1_vh_rfs.vhd:42655]
INFO: [Synth 8-256] done synthesizing module 'axi_datamover_mssai_skid_buf' (0#1) [d:/int8-matmul-accelerator/matmul/matmul.gen/sources_1/bd/gemm_block/ipshared/d44a/hdl/axi_datamover_v5_1_vh_rfs.vhd:44213]
INFO: [Synth 8-638] synthesizing module 'axi_datamover_slice' [d:/int8-matmul-accelerator/matmul/matmul.gen/sources_1/bd/gemm_block/ipshared/d44a/hdl/axi_datamover_v5_1_vh_rfs.vhd:44901]
INFO: [Synth 8-256] done synthesizing module 'axi_datamover_slice' (0#1) [d:/int8-matmul-accelerator/matmul/matmul.gen/sources_1/bd/gemm_block/ipshared/d44a/hdl/axi_datamover_v5_1_vh_rfs.vhd:44901]
INFO: [Synth 8-638] synthesizing module 'axi_datamover_fifo__parameterized8' [d:/int8-matmul-accelerator/matmul/matmul.gen/sources_1/bd/gemm_block/ipshared/d44a/hdl/axi_datamover_v5_1_vh_rfs.vhd:2109]
INFO: [Synth 8-638] synthesizing module 'axi_datamover_sfifo_autord__parameterized0' [d:/int8-matmul-accelerator/matmul/matmul.gen/sources_1/bd/gemm_block/ipshared/d44a/hdl/axi_datamover_v5_1_vh_rfs.vhd:1372]
	Parameter FIFO_MEMORY_TYPE bound to: auto - type: string 
	Parameter FIFO_WRITE_DEPTH bound to: 16 - type: integer 
	Parameter WRITE_DATA_WIDTH bound to: 23 - type: integer 
	Parameter READ_MODE bound to: fwft - type: string 
	Parameter FIFO_READ_LATENCY bound to: 0 - type: integer 
	Parameter FULL_RESET_VALUE bound to: 1 - type: integer 
	Parameter USE_ADV_FEATURES bound to: 1F1F - type: string 
	Parameter READ_DATA_WIDTH bound to: 23 - type: integer 
	Parameter WR_DATA_COUNT_WIDTH bound to: 5 - type: integer 
	Parameter PROG_FULL_THRESH bound to: 10 - type: integer 
	Parameter RD_DATA_COUNT_WIDTH bound to: 5 - type: integer 
	Parameter PROG_EMPTY_THRESH bound to: 10 - type: integer 
	Parameter DOUT_RESET_VALUE bound to: 0 - type: string 
	Parameter ECC_MODE bound to: no_ecc - type: string 
	Parameter WAKEUP_TIME bound to: 0 - type: integer 
INFO: [Synth 8-3491] module 'xpm_fifo_sync' declared at 'D:/Apps/Study/Vivado/2025.2/Vivado/data/ip/xpm/xpm_fifo/hdl/xpm_fifo.sv:1975' bound to instance 'I_SYNC_FIFOGEN_FIFO' of component 'xpm_fifo_sync' [d:/int8-matmul-accelerator/matmul/matmul.gen/sources_1/bd/gemm_block/ipshared/d44a/hdl/axi_datamover_v5_1_vh_rfs.vhd:1449]
INFO: [Synth 8-6157] synthesizing module 'xpm_fifo_sync__parameterized1' [D:/Apps/Study/Vivado/2025.2/Vivado/data/ip/xpm/xpm_fifo/hdl/xpm_fifo.sv:1975]
INFO: [Synth 8-6157] synthesizing module 'xpm_fifo_base__parameterized0' [D:/Apps/Study/Vivado/2025.2/Vivado/data/ip/xpm/xpm_fifo/hdl/xpm_fifo.sv:53]
INFO: [Synth 8-6157] synthesizing module 'xpm_counter_updn__parameterized4' [D:/Apps/Study/Vivado/2025.2/Vivado/data/ip/xpm/xpm_fifo/hdl/xpm_fifo.sv:1879]
INFO: [Synth 8-6155] done synthesizing module 'xpm_counter_updn__parameterized4' (0#1) [D:/Apps/Study/Vivado/2025.2/Vivado/data/ip/xpm/xpm_fifo/hdl/xpm_fifo.sv:1879]
INFO: [Synth 8-6157] synthesizing module 'xpm_counter_updn__parameterized5' [D:/Apps/Study/Vivado/2025.2/Vivado/data/ip/xpm/xpm_fifo/hdl/xpm_fifo.sv:1879]
INFO: [Synth 8-6155] done synthesizing module 'xpm_counter_updn__parameterized5' (0#1) [D:/Apps/Study/Vivado/2025.2/Vivado/data/ip/xpm/xpm_fifo/hdl/xpm_fifo.sv:1879]
INFO: [Synth 8-6157] synthesizing module 'xpm_memory_base__parameterized0' [D:/Apps/Study/Vivado/2025.2/Vivado/data/ip/xpm/xpm_memory/hdl/xpm_memory.sv:54]
INFO: [Synth 8-6059] Synth Info: [XPM_MEMORY 20-1] MEMORY_PRIMITIVE (0) instructs Vivado Synthesis to choose the memory primitive type. Depending on their values, other XPM_MEMORY parameters may preclude the choice of certain memory primitive types. Review XPM_MEMORY documentation and parameter values to understand any limitations, or set MEMORY_PRIMITIVE to a different value.   [D:/Apps/Study/Vivado/2025.2/Vivado/data/ip/xpm/xpm_memory/hdl/xpm_memory.sv:522]
INFO: [Synth 8-6155] done synthesizing module 'xpm_memory_base__parameterized0' (0#1) [D:/Apps/Study/Vivado/2025.2/Vivado/data/ip/xpm/xpm_memory/hdl/xpm_memory.sv:54]
INFO: [Synth 8-226] default block is never used [D:/Apps/Study/Vivado/2025.2/Vivado/data/ip/xpm/xpm_fifo/hdl/xpm_fifo.sv:1220]
INFO: [Synth 8-226] default block is never used [D:/Apps/Study/Vivado/2025.2/Vivado/data/ip/xpm/xpm_fifo/hdl/xpm_fifo.sv:1287]
INFO: [Synth 8-226] default block is never used [D:/Apps/Study/Vivado/2025.2/Vivado/data/ip/xpm/xpm_fifo/hdl/xpm_fifo.sv:1309]
INFO: [Synth 8-6157] synthesizing module 'xpm_counter_updn__parameterized6' [D:/Apps/Study/Vivado/2025.2/Vivado/data/ip/xpm/xpm_fifo/hdl/xpm_fifo.sv:1879]
INFO: [Synth 8-6155] done synthesizing module 'xpm_counter_updn__parameterized6' (0#1) [D:/Apps/Study/Vivado/2025.2/Vivado/data/ip/xpm/xpm_fifo/hdl/xpm_fifo.sv:1879]
INFO: [Synth 8-6157] synthesizing module 'xpm_counter_updn__parameterized7' [D:/Apps/Study/Vivado/2025.2/Vivado/data/ip/xpm/xpm_fifo/hdl/xpm_fifo.sv:1879]
INFO: [Synth 8-6155] done synthesizing module 'xpm_counter_updn__parameterized7' (0#1) [D:/Apps/Study/Vivado/2025.2/Vivado/data/ip/xpm/xpm_fifo/hdl/xpm_fifo.sv:1879]
INFO: [Synth 8-6155] done synthesizing module 'xpm_fifo_base__parameterized0' (0#1) [D:/Apps/Study/Vivado/2025.2/Vivado/data/ip/xpm/xpm_fifo/hdl/xpm_fifo.sv:53]
INFO: [Synth 8-6155] done synthesizing module 'xpm_fifo_sync__parameterized1' (0#1) [D:/Apps/Study/Vivado/2025.2/Vivado/data/ip/xpm/xpm_fifo/hdl/xpm_fifo.sv:1975]
INFO: [Synth 8-256] done synthesizing module 'axi_datamover_sfifo_autord__parameterized0' (0#1) [d:/int8-matmul-accelerator/matmul/matmul.gen/sources_1/bd/gemm_block/ipshared/d44a/hdl/axi_datamover_v5_1_vh_rfs.vhd:1372]
INFO: [Synth 8-256] done synthesizing module 'axi_datamover_fifo__parameterized8' (0#1) [d:/int8-matmul-accelerator/matmul/matmul.gen/sources_1/bd/gemm_block/ipshared/d44a/hdl/axi_datamover_v5_1_vh_rfs.vhd:2109]
INFO: [Synth 8-256] done synthesizing module 'axi_datamover_s2mm_scatter' (0#1) [d:/int8-matmul-accelerator/matmul/matmul.gen/sources_1/bd/gemm_block/ipshared/d44a/hdl/axi_datamover_v5_1_vh_rfs.vhd:45156]
INFO: [Synth 8-256] done synthesizing module 'axi_datamover_s2mm_realign' (0#1) [d:/int8-matmul-accelerator/matmul/matmul.gen/sources_1/bd/gemm_block/ipshared/d44a/hdl/axi_datamover_v5_1_vh_rfs.vhd:47044]
INFO: [Synth 8-638] synthesizing module 'axi_datamover_indet_btt' [d:/int8-matmul-accelerator/matmul/matmul.gen/sources_1/bd/gemm_block/ipshared/d44a/hdl/axi_datamover_v5_1_vh_rfs.vhd:28518]
INFO: [Synth 8-638] synthesizing module 'axi_datamover_stbs_set_nodre' [d:/int8-matmul-accelerator/matmul/matmul.gen/sources_1/bd/gemm_block/ipshared/d44a/hdl/axi_datamover_v5_1_vh_rfs.vhd:24311]
INFO: [Synth 8-256] done synthesizing module 'axi_datamover_stbs_set_nodre' (0#1) [d:/int8-matmul-accelerator/matmul/matmul.gen/sources_1/bd/gemm_block/ipshared/d44a/hdl/axi_datamover_v5_1_vh_rfs.vhd:24311]
INFO: [Synth 8-638] synthesizing module 'axi_datamover_sfifo_autord__parameterized1' [d:/int8-matmul-accelerator/matmul/matmul.gen/sources_1/bd/gemm_block/ipshared/d44a/hdl/axi_datamover_v5_1_vh_rfs.vhd:1372]
	Parameter FIFO_MEMORY_TYPE bound to: auto - type: string 
	Parameter FIFO_WRITE_DEPTH bound to: 16 - type: integer 
	Parameter WRITE_DATA_WIDTH bound to: 13 - type: integer 
	Parameter READ_MODE bound to: fwft - type: string 
	Parameter FIFO_READ_LATENCY bound to: 0 - type: integer 
	Parameter FULL_RESET_VALUE bound to: 1 - type: integer 
	Parameter USE_ADV_FEATURES bound to: 1F1F - type: string 
	Parameter READ_DATA_WIDTH bound to: 13 - type: integer 
	Parameter WR_DATA_COUNT_WIDTH bound to: 5 - type: integer 
	Parameter PROG_FULL_THRESH bound to: 10 - type: integer 
	Parameter RD_DATA_COUNT_WIDTH bound to: 5 - type: integer 
	Parameter PROG_EMPTY_THRESH bound to: 10 - type: integer 
	Parameter DOUT_RESET_VALUE bound to: 0 - type: string 
	Parameter ECC_MODE bound to: no_ecc - type: string 
	Parameter WAKEUP_TIME bound to: 0 - type: integer 
INFO: [Synth 8-3491] module 'xpm_fifo_sync' declared at 'D:/Apps/Study/Vivado/2025.2/Vivado/data/ip/xpm/xpm_fifo/hdl/xpm_fifo.sv:1975' bound to instance 'I_SYNC_FIFOGEN_FIFO' of component 'xpm_fifo_sync' [d:/int8-matmul-accelerator/matmul/matmul.gen/sources_1/bd/gemm_block/ipshared/d44a/hdl/axi_datamover_v5_1_vh_rfs.vhd:1449]
INFO: [Synth 8-6157] synthesizing module 'xpm_fifo_sync__parameterized3' [D:/Apps/Study/Vivado/2025.2/Vivado/data/ip/xpm/xpm_fifo/hdl/xpm_fifo.sv:1975]
INFO: [Synth 8-6157] synthesizing module 'xpm_fifo_base__parameterized1' [D:/Apps/Study/Vivado/2025.2/Vivado/data/ip/xpm/xpm_fifo/hdl/xpm_fifo.sv:53]
INFO: [Synth 8-6157] synthesizing module 'xpm_memory_base__parameterized1' [D:/Apps/Study/Vivado/2025.2/Vivado/data/ip/xpm/xpm_memory/hdl/xpm_memory.sv:54]
INFO: [Synth 8-6059] Synth Info: [XPM_MEMORY 20-1] MEMORY_PRIMITIVE (0) instructs Vivado Synthesis to choose the memory primitive type. Depending on their values, other XPM_MEMORY parameters may preclude the choice of certain memory primitive types. Review XPM_MEMORY documentation and parameter values to understand any limitations, or set MEMORY_PRIMITIVE to a different value.   [D:/Apps/Study/Vivado/2025.2/Vivado/data/ip/xpm/xpm_memory/hdl/xpm_memory.sv:522]
INFO: [Synth 8-6155] done synthesizing module 'xpm_memory_base__parameterized1' (0#1) [D:/Apps/Study/Vivado/2025.2/Vivado/data/ip/xpm/xpm_memory/hdl/xpm_memory.sv:54]
INFO: [Synth 8-226] default block is never used [D:/Apps/Study/Vivado/2025.2/Vivado/data/ip/xpm/xpm_fifo/hdl/xpm_fifo.sv:1220]
INFO: [Synth 8-226] default block is never used [D:/Apps/Study/Vivado/2025.2/Vivado/data/ip/xpm/xpm_fifo/hdl/xpm_fifo.sv:1287]
INFO: [Synth 8-226] default block is never used [D:/Apps/Study/Vivado/2025.2/Vivado/data/ip/xpm/xpm_fifo/hdl/xpm_fifo.sv:1309]
INFO: [Synth 8-6155] done synthesizing module 'xpm_fifo_base__parameterized1' (0#1) [D:/Apps/Study/Vivado/2025.2/Vivado/data/ip/xpm/xpm_fifo/hdl/xpm_fifo.sv:53]
INFO: [Synth 8-6155] done synthesizing module 'xpm_fifo_sync__parameterized3' (0#1) [D:/Apps/Study/Vivado/2025.2/Vivado/data/ip/xpm/xpm_fifo/hdl/xpm_fifo.sv:1975]
INFO: [Synth 8-256] done synthesizing module 'axi_datamover_sfifo_autord__parameterized1' (0#1) [d:/int8-matmul-accelerator/matmul/matmul.gen/sources_1/bd/gemm_block/ipshared/d44a/hdl/axi_datamover_v5_1_vh_rfs.vhd:1372]
INFO: [Synth 8-638] synthesizing module 'axi_datamover_sfifo_autord__parameterized2' [d:/int8-matmul-accelerator/matmul/matmul.gen/sources_1/bd/gemm_block/ipshared/d44a/hdl/axi_datamover_v5_1_vh_rfs.vhd:1372]
	Parameter FIFO_MEMORY_TYPE bound to: block - type: string 
	Parameter FIFO_WRITE_DEPTH bound to: 512 - type: integer 
	Parameter WRITE_DATA_WIDTH bound to: 146 - type: integer 
	Parameter READ_MODE bound to: fwft - type: string 
	Parameter FIFO_READ_LATENCY bound to: 0 - type: integer 
	Parameter FULL_RESET_VALUE bound to: 1 - type: integer 
	Parameter USE_ADV_FEATURES bound to: 1F1F - type: string 
	Parameter READ_DATA_WIDTH bound to: 146 - type: integer 
	Parameter WR_DATA_COUNT_WIDTH bound to: 10 - type: integer 
	Parameter PROG_FULL_THRESH bound to: 10 - type: integer 
	Parameter RD_DATA_COUNT_WIDTH bound to: 10 - type: integer 
	Parameter PROG_EMPTY_THRESH bound to: 10 - type: integer 
	Parameter DOUT_RESET_VALUE bound to: 0 - type: string 
	Parameter ECC_MODE bound to: no_ecc - type: string 
	Parameter WAKEUP_TIME bound to: 0 - type: integer 
INFO: [Synth 8-3491] module 'xpm_fifo_sync' declared at 'D:/Apps/Study/Vivado/2025.2/Vivado/data/ip/xpm/xpm_fifo/hdl/xpm_fifo.sv:1975' bound to instance 'I_SYNC_FIFOGEN_FIFO' of component 'xpm_fifo_sync' [d:/int8-matmul-accelerator/matmul/matmul.gen/sources_1/bd/gemm_block/ipshared/d44a/hdl/axi_datamover_v5_1_vh_rfs.vhd:1498]
INFO: [Synth 8-6157] synthesizing module 'xpm_fifo_sync__parameterized5' [D:/Apps/Study/Vivado/2025.2/Vivado/data/ip/xpm/xpm_fifo/hdl/xpm_fifo.sv:1975]
INFO: [Synth 8-6157] synthesizing module 'xpm_fifo_base__parameterized2' [D:/Apps/Study/Vivado/2025.2/Vivado/data/ip/xpm/xpm_fifo/hdl/xpm_fifo.sv:53]
INFO: [Synth 8-6157] synthesizing module 'xpm_counter_updn__parameterized8' [D:/Apps/Study/Vivado/2025.2/Vivado/data/ip/xpm/xpm_fifo/hdl/xpm_fifo.sv:1879]
INFO: [Synth 8-6155] done synthesizing module 'xpm_counter_updn__parameterized8' (0#1) [D:/Apps/Study/Vivado/2025.2/Vivado/data/ip/xpm/xpm_fifo/hdl/xpm_fifo.sv:1879]
INFO: [Synth 8-6157] synthesizing module 'xpm_counter_updn__parameterized9' [D:/Apps/Study/Vivado/2025.2/Vivado/data/ip/xpm/xpm_fifo/hdl/xpm_fifo.sv:1879]
INFO: [Synth 8-6155] done synthesizing module 'xpm_counter_updn__parameterized9' (0#1) [D:/Apps/Study/Vivado/2025.2/Vivado/data/ip/xpm/xpm_fifo/hdl/xpm_fifo.sv:1879]
INFO: [Synth 8-6157] synthesizing module 'xpm_memory_base__parameterized2' [D:/Apps/Study/Vivado/2025.2/Vivado/data/ip/xpm/xpm_memory/hdl/xpm_memory.sv:54]
INFO: [Synth 8-6155] done synthesizing module 'xpm_memory_base__parameterized2' (0#1) [D:/Apps/Study/Vivado/2025.2/Vivado/data/ip/xpm/xpm_memory/hdl/xpm_memory.sv:54]
INFO: [Synth 8-226] default block is never used [D:/Apps/Study/Vivado/2025.2/Vivado/data/ip/xpm/xpm_fifo/hdl/xpm_fifo.sv:1220]
INFO: [Synth 8-226] default block is never used [D:/Apps/Study/Vivado/2025.2/Vivado/data/ip/xpm/xpm_fifo/hdl/xpm_fifo.sv:1287]
INFO: [Synth 8-226] default block is never used [D:/Apps/Study/Vivado/2025.2/Vivado/data/ip/xpm/xpm_fifo/hdl/xpm_fifo.sv:1309]
INFO: [Synth 8-6157] synthesizing module 'xpm_counter_updn__parameterized10' [D:/Apps/Study/Vivado/2025.2/Vivado/data/ip/xpm/xpm_fifo/hdl/xpm_fifo.sv:1879]
INFO: [Synth 8-6155] done synthesizing module 'xpm_counter_updn__parameterized10' (0#1) [D:/Apps/Study/Vivado/2025.2/Vivado/data/ip/xpm/xpm_fifo/hdl/xpm_fifo.sv:1879]
INFO: [Synth 8-6157] synthesizing module 'xpm_counter_updn__parameterized11' [D:/Apps/Study/Vivado/2025.2/Vivado/data/ip/xpm/xpm_fifo/hdl/xpm_fifo.sv:1879]
INFO: [Synth 8-6155] done synthesizing module 'xpm_counter_updn__parameterized11' (0#1) [D:/Apps/Study/Vivado/2025.2/Vivado/data/ip/xpm/xpm_fifo/hdl/xpm_fifo.sv:1879]
INFO: [Synth 8-6155] done synthesizing module 'xpm_fifo_base__parameterized2' (0#1) [D:/Apps/Study/Vivado/2025.2/Vivado/data/ip/xpm/xpm_fifo/hdl/xpm_fifo.sv:53]
INFO: [Synth 8-6155] done synthesizing module 'xpm_fifo_sync__parameterized5' (0#1) [D:/Apps/Study/Vivado/2025.2/Vivado/data/ip/xpm/xpm_fifo/hdl/xpm_fifo.sv:1975]
INFO: [Synth 8-256] done synthesizing module 'axi_datamover_sfifo_autord__parameterized2' (0#1) [d:/int8-matmul-accelerator/matmul/matmul.gen/sources_1/bd/gemm_block/ipshared/d44a/hdl/axi_datamover_v5_1_vh_rfs.vhd:1372]
INFO: [Synth 8-638] synthesizing module 'axi_datamover_skid_buf__parameterized0' [d:/int8-matmul-accelerator/matmul/matmul.gen/sources_1/bd/gemm_block/ipshared/d44a/hdl/axi_datamover_v5_1_vh_rfs.vhd:19643]
INFO: [Synth 8-256] done synthesizing module 'axi_datamover_skid_buf__parameterized0' (0#1) [d:/int8-matmul-accelerator/matmul/matmul.gen/sources_1/bd/gemm_block/ipshared/d44a/hdl/axi_datamover_v5_1_vh_rfs.vhd:19643]
INFO: [Synth 8-256] done synthesizing module 'axi_datamover_indet_btt' (0#1) [d:/int8-matmul-accelerator/matmul/matmul.gen/sources_1/bd/gemm_block/ipshared/d44a/hdl/axi_datamover_v5_1_vh_rfs.vhd:28518]
INFO: [Synth 8-638] synthesizing module 'axi_datamover_addr_cntl__parameterized0' [d:/int8-matmul-accelerator/matmul/matmul.gen/sources_1/bd/gemm_block/ipshared/d44a/hdl/axi_datamover_v5_1_vh_rfs.vhd:10191]
INFO: [Synth 8-256] done synthesizing module 'axi_datamover_addr_cntl__parameterized0' (0#1) [d:/int8-matmul-accelerator/matmul/matmul.gen/sources_1/bd/gemm_block/ipshared/d44a/hdl/axi_datamover_v5_1_vh_rfs.vhd:10191]
INFO: [Synth 8-638] synthesizing module 'axi_datamover_wrdata_cntl' [d:/int8-matmul-accelerator/matmul/matmul.gen/sources_1/bd/gemm_block/ipshared/d44a/hdl/axi_datamover_v5_1_vh_rfs.vhd:15835]
INFO: [Synth 8-638] synthesizing module 'axi_datamover_fifo__parameterized9' [d:/int8-matmul-accelerator/matmul/matmul.gen/sources_1/bd/gemm_block/ipshared/d44a/hdl/axi_datamover_v5_1_vh_rfs.vhd:2109]
INFO: [Synth 8-638] synthesizing module 'axi_datamover_v5_1_37_srl_fifo__parameterized5' [d:/int8-matmul-accelerator/matmul/matmul.gen/sources_1/bd/gemm_block/ipshared/d44a/hdl/axi_datamover_v5_1_vh_rfs.vhd:1881]
INFO: [Synth 8-256] done synthesizing module 'axi_datamover_v5_1_37_srl_fifo__parameterized5' (0#1) [d:/int8-matmul-accelerator/matmul/matmul.gen/sources_1/bd/gemm_block/ipshared/d44a/hdl/axi_datamover_v5_1_vh_rfs.vhd:1881]
INFO: [Synth 8-256] done synthesizing module 'axi_datamover_fifo__parameterized9' (0#1) [d:/int8-matmul-accelerator/matmul/matmul.gen/sources_1/bd/gemm_block/ipshared/d44a/hdl/axi_datamover_v5_1_vh_rfs.vhd:2109]
INFO: [Synth 8-256] done synthesizing module 'axi_datamover_wrdata_cntl' (0#1) [d:/int8-matmul-accelerator/matmul/matmul.gen/sources_1/bd/gemm_block/ipshared/d44a/hdl/axi_datamover_v5_1_vh_rfs.vhd:15835]
INFO: [Synth 8-638] synthesizing module 'axi_datamover_skid2mm_buf' [d:/int8-matmul-accelerator/matmul/matmul.gen/sources_1/bd/gemm_block/ipshared/d44a/hdl/axi_datamover_v5_1_vh_rfs.vhd:19147]
INFO: [Synth 8-638] synthesizing module 'axi_datamover_wr_demux' [d:/int8-matmul-accelerator/matmul/matmul.gen/sources_1/bd/gemm_block/ipshared/d44a/hdl/axi_datamover_v5_1_vh_rfs.vhd:14284]
INFO: [Synth 8-256] done synthesizing module 'axi_datamover_wr_demux' (0#1) [d:/int8-matmul-accelerator/matmul/matmul.gen/sources_1/bd/gemm_block/ipshared/d44a/hdl/axi_datamover_v5_1_vh_rfs.vhd:14284]
INFO: [Synth 8-256] done synthesizing module 'axi_datamover_skid2mm_buf' (0#1) [d:/int8-matmul-accelerator/matmul/matmul.gen/sources_1/bd/gemm_block/ipshared/d44a/hdl/axi_datamover_v5_1_vh_rfs.vhd:19147]
INFO: [Synth 8-256] done synthesizing module 'axi_datamover_s2mm_full_wrap' (0#1) [d:/int8-matmul-accelerator/matmul/matmul.gen/sources_1/bd/gemm_block/ipshared/d44a/hdl/axi_datamover_v5_1_vh_rfs.vhd:50012]
INFO: [Synth 8-256] done synthesizing module 'axi_datamover__parameterized0' (0#1) [d:/int8-matmul-accelerator/matmul/matmul.gen/sources_1/bd/gemm_block/ipshared/d44a/hdl/axi_datamover_v5_1_vh_rfs.vhd:55430]
INFO: [Synth 8-256] done synthesizing module 'axi_dma__parameterized1' (0#1) [d:/int8-matmul-accelerator/matmul/matmul.gen/sources_1/bd/gemm_block/ipshared/7f6a/hdl/axi_dma_v7_1_vh_rfs.vhd:21979]
INFO: [Synth 8-256] done synthesizing module 'gemm_block_axi_dma_1_0' (0#1) [d:/int8-matmul-accelerator/matmul/matmul.gen/sources_1/bd/gemm_block/ip/gemm_block_axi_dma_1_0/synth/gemm_block_axi_dma_1_0.vhd:128]
WARNING: [Synth 8-7071] port 'mm2s_prmry_reset_out_n' of module 'gemm_block_axi_dma_1_0' is unconnected for instance 'axi_dma_1' [d:/int8-matmul-accelerator/matmul/matmul.gen/sources_1/bd/gemm_block/synth/gemm_block.v:293]
WARNING: [Synth 8-7071] port 'm_axis_mm2s_tkeep' of module 'gemm_block_axi_dma_1_0' is unconnected for instance 'axi_dma_1' [d:/int8-matmul-accelerator/matmul/matmul.gen/sources_1/bd/gemm_block/synth/gemm_block.v:293]
WARNING: [Synth 8-7071] port 's2mm_prmry_reset_out_n' of module 'gemm_block_axi_dma_1_0' is unconnected for instance 'axi_dma_1' [d:/int8-matmul-accelerator/matmul/matmul.gen/sources_1/bd/gemm_block/synth/gemm_block.v:293]
WARNING: [Synth 8-7071] port 'mm2s_introut' of module 'gemm_block_axi_dma_1_0' is unconnected for instance 'axi_dma_1' [d:/int8-matmul-accelerator/matmul/matmul.gen/sources_1/bd/gemm_block/synth/gemm_block.v:293]
WARNING: [Synth 8-7071] port 's2mm_introut' of module 'gemm_block_axi_dma_1_0' is unconnected for instance 'axi_dma_1' [d:/int8-matmul-accelerator/matmul/matmul.gen/sources_1/bd/gemm_block/synth/gemm_block.v:293]
WARNING: [Synth 8-7071] port 'axi_dma_tstvec' of module 'gemm_block_axi_dma_1_0' is unconnected for instance 'axi_dma_1' [d:/int8-matmul-accelerator/matmul/matmul.gen/sources_1/bd/gemm_block/synth/gemm_block.v:293]
WARNING: [Synth 8-7023] instance 'axi_dma_1' of module 'gemm_block_axi_dma_1_0' has 64 connections declared, but only 58 given [d:/int8-matmul-accelerator/matmul/matmul.gen/sources_1/bd/gemm_block/synth/gemm_block.v:293]
INFO: [Synth 8-638] synthesizing module 'gemm_block_axi_gpio_0_0' [d:/int8-matmul-accelerator/matmul/matmul.gen/sources_1/bd/gemm_block/ip/gemm_block_axi_gpio_0_0/synth/gemm_block_axi_gpio_0_0.vhd:85]
	Parameter C_FAMILY bound to: zynquplus - type: string 
	Parameter C_S_AXI_ADDR_WIDTH bound to: 9 - type: integer 
	Parameter C_S_AXI_DATA_WIDTH bound to: 32 - type: integer 
	Parameter C_GPIO_WIDTH bound to: 32 - type: integer 
	Parameter C_GPIO2_WIDTH bound to: 32 - type: integer 
	Parameter C_ALL_INPUTS bound to: 0 - type: integer 
	Parameter C_ALL_INPUTS_2 bound to: 0 - type: integer 
	Parameter C_ALL_OUTPUTS bound to: 1 - type: integer 
	Parameter C_ALL_OUTPUTS_2 bound to: 1 - type: integer 
	Parameter C_INTERRUPT_PRESENT bound to: 0 - type: integer 
	Parameter C_DOUT_DEFAULT bound to: 32'b00000000000000000000000000000000 
	Parameter C_TRI_DEFAULT bound to: 32'b11111111111111111111111111111111 
	Parameter C_IS_DUAL bound to: 1 - type: integer 
	Parameter C_DOUT_DEFAULT_2 bound to: 32'b00000000000000000000000000000000 
	Parameter C_TRI_DEFAULT_2 bound to: 32'b11111111111111111111111111111111 
INFO: [Synth 8-3491] module 'axi_gpio' declared at 'd:/int8-matmul-accelerator/matmul/matmul.gen/sources_1/bd/gemm_block/ipshared/0271/hdl/axi_gpio_v2_0_vh_rfs.vhd:1255' bound to instance 'U0' of component 'axi_gpio' [d:/int8-matmul-accelerator/matmul/matmul.gen/sources_1/bd/gemm_block/ip/gemm_block_axi_gpio_0_0/synth/gemm_block_axi_gpio_0_0.vhd:177]
INFO: [Synth 8-638] synthesizing module 'axi_gpio' [d:/int8-matmul-accelerator/matmul/matmul.gen/sources_1/bd/gemm_block/ipshared/0271/hdl/axi_gpio_v2_0_vh_rfs.vhd:1341]
INFO: [Synth 8-638] synthesizing module 'axi_lite_ipif' [d:/int8-matmul-accelerator/matmul/matmul.gen/sources_1/bd/gemm_block/ipshared/66ea/hdl/axi_lite_ipif_v3_0_vh_rfs.vhd:2948]
INFO: [Synth 8-638] synthesizing module 'slave_attachment' [d:/int8-matmul-accelerator/matmul/matmul.gen/sources_1/bd/gemm_block/ipshared/66ea/hdl/axi_lite_ipif_v3_0_vh_rfs.vhd:2341]
INFO: [Synth 8-638] synthesizing module 'address_decoder' [d:/int8-matmul-accelerator/matmul/matmul.gen/sources_1/bd/gemm_block/ipshared/66ea/hdl/axi_lite_ipif_v3_0_vh_rfs.vhd:1775]
INFO: [Synth 8-638] synthesizing module 'pselect_f' [d:/int8-matmul-accelerator/matmul/matmul.gen/sources_1/bd/gemm_block/ipshared/66ea/hdl/axi_lite_ipif_v3_0_vh_rfs.vhd:1534]
INFO: [Synth 8-256] done synthesizing module 'pselect_f' (0#1) [d:/int8-matmul-accelerator/matmul/matmul.gen/sources_1/bd/gemm_block/ipshared/66ea/hdl/axi_lite_ipif_v3_0_vh_rfs.vhd:1534]
INFO: [Synth 8-638] synthesizing module 'pselect_f__parameterized0' [d:/int8-matmul-accelerator/matmul/matmul.gen/sources_1/bd/gemm_block/ipshared/66ea/hdl/axi_lite_ipif_v3_0_vh_rfs.vhd:1534]
INFO: [Synth 8-256] done synthesizing module 'pselect_f__parameterized0' (0#1) [d:/int8-matmul-accelerator/matmul/matmul.gen/sources_1/bd/gemm_block/ipshared/66ea/hdl/axi_lite_ipif_v3_0_vh_rfs.vhd:1534]
INFO: [Synth 8-638] synthesizing module 'pselect_f__parameterized1' [d:/int8-matmul-accelerator/matmul/matmul.gen/sources_1/bd/gemm_block/ipshared/66ea/hdl/axi_lite_ipif_v3_0_vh_rfs.vhd:1534]
INFO: [Synth 8-256] done synthesizing module 'pselect_f__parameterized1' (0#1) [d:/int8-matmul-accelerator/matmul/matmul.gen/sources_1/bd/gemm_block/ipshared/66ea/hdl/axi_lite_ipif_v3_0_vh_rfs.vhd:1534]
INFO: [Synth 8-638] synthesizing module 'pselect_f__parameterized2' [d:/int8-matmul-accelerator/matmul/matmul.gen/sources_1/bd/gemm_block/ipshared/66ea/hdl/axi_lite_ipif_v3_0_vh_rfs.vhd:1534]
INFO: [Synth 8-256] done synthesizing module 'pselect_f__parameterized2' (0#1) [d:/int8-matmul-accelerator/matmul/matmul.gen/sources_1/bd/gemm_block/ipshared/66ea/hdl/axi_lite_ipif_v3_0_vh_rfs.vhd:1534]
INFO: [Synth 8-256] done synthesizing module 'address_decoder' (0#1) [d:/int8-matmul-accelerator/matmul/matmul.gen/sources_1/bd/gemm_block/ipshared/66ea/hdl/axi_lite_ipif_v3_0_vh_rfs.vhd:1775]
INFO: [Synth 8-226] default block is never used [d:/int8-matmul-accelerator/matmul/matmul.gen/sources_1/bd/gemm_block/ipshared/66ea/hdl/axi_lite_ipif_v3_0_vh_rfs.vhd:2550]
INFO: [Synth 8-256] done synthesizing module 'slave_attachment' (0#1) [d:/int8-matmul-accelerator/matmul/matmul.gen/sources_1/bd/gemm_block/ipshared/66ea/hdl/axi_lite_ipif_v3_0_vh_rfs.vhd:2341]
INFO: [Synth 8-256] done synthesizing module 'axi_lite_ipif' (0#1) [d:/int8-matmul-accelerator/matmul/matmul.gen/sources_1/bd/gemm_block/ipshared/66ea/hdl/axi_lite_ipif_v3_0_vh_rfs.vhd:2948]
INFO: [Synth 8-638] synthesizing module 'GPIO_Core' [d:/int8-matmul-accelerator/matmul/matmul.gen/sources_1/bd/gemm_block/ipshared/0271/hdl/axi_gpio_v2_0_vh_rfs.vhd:182]
INFO: [Synth 8-226] default block is never used [d:/int8-matmul-accelerator/matmul/matmul.gen/sources_1/bd/gemm_block/ipshared/0271/hdl/axi_gpio_v2_0_vh_rfs.vhd:833]
	Parameter DEST_SYNC_FF bound to: 4 - type: integer 
	Parameter INIT_SYNC_FF bound to: 0 - type: integer 
	Parameter SIM_ASSERT_CHK bound to: 0 - type: integer 
	Parameter SRC_INPUT_REG bound to: 0 - type: integer 
	Parameter WIDTH bound to: 32 - type: integer 
INFO: [Synth 8-3491] module 'xpm_cdc_array_single' declared at 'D:/Apps/Study/Vivado/2025.2/Vivado/data/ip/xpm/xpm_cdc/hdl/xpm_cdc.sv:903' bound to instance 'INPUT_DOUBLE_REGS4' of component 'xpm_cdc_array_single' [d:/int8-matmul-accelerator/matmul/matmul.gen/sources_1/bd/gemm_block/ipshared/0271/hdl/axi_gpio_v2_0_vh_rfs.vhd:851]
INFO: [Synth 8-6157] synthesizing module 'xpm_cdc_array_single' [D:/Apps/Study/Vivado/2025.2/Vivado/data/ip/xpm/xpm_cdc/hdl/xpm_cdc.sv:903]
INFO: [Synth 8-6155] done synthesizing module 'xpm_cdc_array_single' (0#1) [D:/Apps/Study/Vivado/2025.2/Vivado/data/ip/xpm/xpm_cdc/hdl/xpm_cdc.sv:903]
	Parameter DEST_SYNC_FF bound to: 4 - type: integer 
	Parameter INIT_SYNC_FF bound to: 0 - type: integer 
	Parameter SIM_ASSERT_CHK bound to: 0 - type: integer 
	Parameter SRC_INPUT_REG bound to: 0 - type: integer 
	Parameter WIDTH bound to: 32 - type: integer 
INFO: [Synth 8-3491] module 'xpm_cdc_array_single' declared at 'D:/Apps/Study/Vivado/2025.2/Vivado/data/ip/xpm/xpm_cdc/hdl/xpm_cdc.sv:903' bound to instance 'INPUT_DOUBLE_REGS5' of component 'xpm_cdc_array_single' [d:/int8-matmul-accelerator/matmul/matmul.gen/sources_1/bd/gemm_block/ipshared/0271/hdl/axi_gpio_v2_0_vh_rfs.vhd:880]
INFO: [Synth 8-256] done synthesizing module 'GPIO_Core' (0#1) [d:/int8-matmul-accelerator/matmul/matmul.gen/sources_1/bd/gemm_block/ipshared/0271/hdl/axi_gpio_v2_0_vh_rfs.vhd:182]
INFO: [Synth 8-256] done synthesizing module 'axi_gpio' (0#1) [d:/int8-matmul-accelerator/matmul/matmul.gen/sources_1/bd/gemm_block/ipshared/0271/hdl/axi_gpio_v2_0_vh_rfs.vhd:1341]
INFO: [Synth 8-256] done synthesizing module 'gemm_block_axi_gpio_0_0' (0#1) [d:/int8-matmul-accelerator/matmul/matmul.gen/sources_1/bd/gemm_block/ip/gemm_block_axi_gpio_0_0/synth/gemm_block_axi_gpio_0_0.vhd:85]
INFO: [Synth 8-638] synthesizing module 'gemm_block_axi_gpio_1_0' [d:/int8-matmul-accelerator/matmul/matmul.gen/sources_1/bd/gemm_block/ip/gemm_block_axi_gpio_1_0/synth/gemm_block_axi_gpio_1_0.vhd:85]
	Parameter C_FAMILY bound to: zynquplus - type: string 
	Parameter C_S_AXI_ADDR_WIDTH bound to: 9 - type: integer 
	Parameter C_S_AXI_DATA_WIDTH bound to: 32 - type: integer 
	Parameter C_GPIO_WIDTH bound to: 5 - type: integer 
	Parameter C_GPIO2_WIDTH bound to: 8 - type: integer 
	Parameter C_ALL_INPUTS bound to: 0 - type: integer 
	Parameter C_ALL_INPUTS_2 bound to: 0 - type: integer 
	Parameter C_ALL_OUTPUTS bound to: 1 - type: integer 
	Parameter C_ALL_OUTPUTS_2 bound to: 1 - type: integer 
	Parameter C_INTERRUPT_PRESENT bound to: 0 - type: integer 
	Parameter C_DOUT_DEFAULT bound to: 32'b00000000000000000000000000000000 
	Parameter C_TRI_DEFAULT bound to: 32'b11111111111111111111111111111111 
	Parameter C_IS_DUAL bound to: 1 - type: integer 
	Parameter C_DOUT_DEFAULT_2 bound to: 32'b00000000000000000000000000000000 
	Parameter C_TRI_DEFAULT_2 bound to: 32'b11111111111111111111111111111111 
INFO: [Synth 8-3491] module 'axi_gpio' declared at 'd:/int8-matmul-accelerator/matmul/matmul.gen/sources_1/bd/gemm_block/ipshared/0271/hdl/axi_gpio_v2_0_vh_rfs.vhd:1255' bound to instance 'U0' of component 'axi_gpio' [d:/int8-matmul-accelerator/matmul/matmul.gen/sources_1/bd/gemm_block/ip/gemm_block_axi_gpio_1_0/synth/gemm_block_axi_gpio_1_0.vhd:177]
INFO: [Synth 8-638] synthesizing module 'axi_gpio__parameterized1' [d:/int8-matmul-accelerator/matmul/matmul.gen/sources_1/bd/gemm_block/ipshared/0271/hdl/axi_gpio_v2_0_vh_rfs.vhd:1341]
INFO: [Synth 8-638] synthesizing module 'GPIO_Core__parameterized0' [d:/int8-matmul-accelerator/matmul/matmul.gen/sources_1/bd/gemm_block/ipshared/0271/hdl/axi_gpio_v2_0_vh_rfs.vhd:182]
INFO: [Synth 8-226] default block is never used [d:/int8-matmul-accelerator/matmul/matmul.gen/sources_1/bd/gemm_block/ipshared/0271/hdl/axi_gpio_v2_0_vh_rfs.vhd:833]
	Parameter DEST_SYNC_FF bound to: 4 - type: integer 
	Parameter INIT_SYNC_FF bound to: 0 - type: integer 
	Parameter SIM_ASSERT_CHK bound to: 0 - type: integer 
	Parameter SRC_INPUT_REG bound to: 0 - type: integer 
	Parameter WIDTH bound to: 5 - type: integer 
INFO: [Synth 8-3491] module 'xpm_cdc_array_single' declared at 'D:/Apps/Study/Vivado/2025.2/Vivado/data/ip/xpm/xpm_cdc/hdl/xpm_cdc.sv:903' bound to instance 'INPUT_DOUBLE_REGS4' of component 'xpm_cdc_array_single' [d:/int8-matmul-accelerator/matmul/matmul.gen/sources_1/bd/gemm_block/ipshared/0271/hdl/axi_gpio_v2_0_vh_rfs.vhd:851]
INFO: [Synth 8-6157] synthesizing module 'xpm_cdc_array_single__parameterized2' [D:/Apps/Study/Vivado/2025.2/Vivado/data/ip/xpm/xpm_cdc/hdl/xpm_cdc.sv:903]
INFO: [Synth 8-6155] done synthesizing module 'xpm_cdc_array_single__parameterized2' (0#1) [D:/Apps/Study/Vivado/2025.2/Vivado/data/ip/xpm/xpm_cdc/hdl/xpm_cdc.sv:903]
	Parameter DEST_SYNC_FF bound to: 4 - type: integer 
	Parameter INIT_SYNC_FF bound to: 0 - type: integer 
	Parameter SIM_ASSERT_CHK bound to: 0 - type: integer 
	Parameter SRC_INPUT_REG bound to: 0 - type: integer 
	Parameter WIDTH bound to: 8 - type: integer 
INFO: [Synth 8-3491] module 'xpm_cdc_array_single' declared at 'D:/Apps/Study/Vivado/2025.2/Vivado/data/ip/xpm/xpm_cdc/hdl/xpm_cdc.sv:903' bound to instance 'INPUT_DOUBLE_REGS5' of component 'xpm_cdc_array_single' [d:/int8-matmul-accelerator/matmul/matmul.gen/sources_1/bd/gemm_block/ipshared/0271/hdl/axi_gpio_v2_0_vh_rfs.vhd:880]
INFO: [Synth 8-6157] synthesizing module 'xpm_cdc_array_single__parameterized4' [D:/Apps/Study/Vivado/2025.2/Vivado/data/ip/xpm/xpm_cdc/hdl/xpm_cdc.sv:903]
INFO: [Synth 8-6155] done synthesizing module 'xpm_cdc_array_single__parameterized4' (0#1) [D:/Apps/Study/Vivado/2025.2/Vivado/data/ip/xpm/xpm_cdc/hdl/xpm_cdc.sv:903]
INFO: [Synth 8-256] done synthesizing module 'GPIO_Core__parameterized0' (0#1) [d:/int8-matmul-accelerator/matmul/matmul.gen/sources_1/bd/gemm_block/ipshared/0271/hdl/axi_gpio_v2_0_vh_rfs.vhd:182]
INFO: [Synth 8-256] done synthesizing module 'axi_gpio__parameterized1' (0#1) [d:/int8-matmul-accelerator/matmul/matmul.gen/sources_1/bd/gemm_block/ipshared/0271/hdl/axi_gpio_v2_0_vh_rfs.vhd:1341]
INFO: [Synth 8-256] done synthesizing module 'gemm_block_axi_gpio_1_0' (0#1) [d:/int8-matmul-accelerator/matmul/matmul.gen/sources_1/bd/gemm_block/ip/gemm_block_axi_gpio_1_0/synth/gemm_block_axi_gpio_1_0.vhd:85]
INFO: [Synth 8-6157] synthesizing module 'gemm_block_axi_smc_0' [d:/int8-matmul-accelerator/matmul/matmul.gen/sources_1/bd/gemm_block/ip/gemm_block_axi_smc_0/synth/gemm_block_axi_smc_0.v:53]
INFO: [Synth 8-6157] synthesizing module 'bd_31d6' [d:/int8-matmul-accelerator/matmul/matmul.gen/sources_1/bd/gemm_block/ip/gemm_block_axi_smc_0/bd_0/synth/bd_31d6.v:10]
INFO: [Synth 8-6157] synthesizing module 'clk_map_imp_9MHD48' [d:/int8-matmul-accelerator/matmul/matmul.gen/sources_1/bd/gemm_block/ip/gemm_block_axi_smc_0/bd_0/synth/bd_31d6.v:2320]
INFO: [Synth 8-638] synthesizing module 'bd_31d6_psr_aclk_0' [d:/int8-matmul-accelerator/matmul/matmul.gen/sources_1/bd/gemm_block/ip/gemm_block_axi_smc_0/bd_0/ip/ip_1/synth/bd_31d6_psr_aclk_0.vhd:74]
	Parameter C_FAMILY bound to: zynquplus - type: string 
	Parameter C_EXT_RST_WIDTH bound to: 4 - type: integer 
	Parameter C_AUX_RST_WIDTH bound to: 1 - type: integer 
	Parameter C_EXT_RESET_HIGH bound to: 1'b0 
	Parameter C_AUX_RESET_HIGH bound to: 1'b0 
	Parameter C_NUM_BUS_RST bound to: 1 - type: integer 
	Parameter C_NUM_PERP_RST bound to: 1 - type: integer 
	Parameter C_NUM_INTERCONNECT_ARESETN bound to: 1 - type: integer 
	Parameter C_NUM_PERP_ARESETN bound to: 1 - type: integer 
INFO: [Synth 8-3491] module 'proc_sys_reset' declared at 'd:/int8-matmul-accelerator/matmul/matmul.gen/sources_1/bd/gemm_block/ipshared/9438/hdl/proc_sys_reset_v5_0_vh_rfs.vhd:1243' bound to instance 'U0' of component 'proc_sys_reset' [d:/int8-matmul-accelerator/matmul/matmul.gen/sources_1/bd/gemm_block/ip/gemm_block_axi_smc_0/bd_0/ip/ip_1/synth/bd_31d6_psr_aclk_0.vhd:139]
INFO: [Synth 8-638] synthesizing module 'proc_sys_reset' [d:/int8-matmul-accelerator/matmul/matmul.gen/sources_1/bd/gemm_block/ipshared/9438/hdl/proc_sys_reset_v5_0_vh_rfs.vhd:1302]
	Parameter INIT bound to: 1'b1 
INFO: [Synth 8-113] binding component instance 'FDRE_inst' to cell 'FDRE' [d:/int8-matmul-accelerator/matmul/matmul.gen/sources_1/bd/gemm_block/ipshared/9438/hdl/proc_sys_reset_v5_0_vh_rfs.vhd:1371]
	Parameter INIT bound to: 1'b1 
INFO: [Synth 8-113] binding component instance 'FDRE_BSR' to cell 'FDRE' [d:/int8-matmul-accelerator/matmul/matmul.gen/sources_1/bd/gemm_block/ipshared/9438/hdl/proc_sys_reset_v5_0_vh_rfs.vhd:1387]
	Parameter INIT bound to: 1'b0 
INFO: [Synth 8-113] binding component instance 'FDRE_BSR_N' to cell 'FDRE' [d:/int8-matmul-accelerator/matmul/matmul.gen/sources_1/bd/gemm_block/ipshared/9438/hdl/proc_sys_reset_v5_0_vh_rfs.vhd:1413]
	Parameter INIT bound to: 1'b1 
INFO: [Synth 8-113] binding component instance 'FDRE_PER' to cell 'FDRE' [d:/int8-matmul-accelerator/matmul/matmul.gen/sources_1/bd/gemm_block/ipshared/9438/hdl/proc_sys_reset_v5_0_vh_rfs.vhd:1436]
	Parameter INIT bound to: 1'b0 
INFO: [Synth 8-113] binding component instance 'FDRE_PER_N' to cell 'FDRE' [d:/int8-matmul-accelerator/matmul/matmul.gen/sources_1/bd/gemm_block/ipshared/9438/hdl/proc_sys_reset_v5_0_vh_rfs.vhd:1460]
INFO: [Synth 8-638] synthesizing module 'lpf' [d:/int8-matmul-accelerator/matmul/matmul.gen/sources_1/bd/gemm_block/ipshared/9438/hdl/proc_sys_reset_v5_0_vh_rfs.vhd:821]
INFO: [Synth 8-3491] module 'SRL16' declared at 'D:/Apps/Study/Vivado/2025.2/Vivado/scripts/rt/data/unisim_comp.v:165318' bound to instance 'POR_SRL_I' of component 'SRL16' [d:/int8-matmul-accelerator/matmul/matmul.gen/sources_1/bd/gemm_block/ipshared/9438/hdl/proc_sys_reset_v5_0_vh_rfs.vhd:873]
INFO: [Synth 8-6157] synthesizing module 'SRL16' [D:/Apps/Study/Vivado/2025.2/Vivado/scripts/rt/data/unisim_comp.v:165318]
INFO: [Synth 8-6155] done synthesizing module 'SRL16' (0#1) [D:/Apps/Study/Vivado/2025.2/Vivado/scripts/rt/data/unisim_comp.v:165318]
	Parameter DEST_SYNC_FF bound to: 4 - type: integer 
	Parameter INIT_SYNC_FF bound to: 0 - type: integer 
	Parameter SIM_ASSERT_CHK bound to: 0 - type: integer 
	Parameter SRC_INPUT_REG bound to: 0 - type: integer 
INFO: [Synth 8-3491] module 'xpm_cdc_single' declared at 'D:/Apps/Study/Vivado/2025.2/Vivado/data/ip/xpm/xpm_cdc/hdl/xpm_cdc.sv:152' bound to instance 'ACT_LO_EXT' of component 'xpm_cdc_single' [d:/int8-matmul-accelerator/matmul/matmul.gen/sources_1/bd/gemm_block/ipshared/9438/hdl/proc_sys_reset_v5_0_vh_rfs.vhd:968]
INFO: [Synth 8-6157] synthesizing module 'xpm_cdc_single' [D:/Apps/Study/Vivado/2025.2/Vivado/data/ip/xpm/xpm_cdc/hdl/xpm_cdc.sv:152]
INFO: [Synth 8-6155] done synthesizing module 'xpm_cdc_single' (0#1) [D:/Apps/Study/Vivado/2025.2/Vivado/data/ip/xpm/xpm_cdc/hdl/xpm_cdc.sv:152]
	Parameter DEST_SYNC_FF bound to: 4 - type: integer 
	Parameter INIT_SYNC_FF bound to: 0 - type: integer 
	Parameter SIM_ASSERT_CHK bound to: 0 - type: integer 
	Parameter SRC_INPUT_REG bound to: 0 - type: integer 
INFO: [Synth 8-3491] module 'xpm_cdc_single' declared at 'D:/Apps/Study/Vivado/2025.2/Vivado/data/ip/xpm/xpm_cdc/hdl/xpm_cdc.sv:152' bound to instance 'ACT_LO_AUX' of component 'xpm_cdc_single' [d:/int8-matmul-accelerator/matmul/matmul.gen/sources_1/bd/gemm_block/ipshared/9438/hdl/proc_sys_reset_v5_0_vh_rfs.vhd:1015]
INFO: [Synth 8-256] done synthesizing module 'lpf' (0#1) [d:/int8-matmul-accelerator/matmul/matmul.gen/sources_1/bd/gemm_block/ipshared/9438/hdl/proc_sys_reset_v5_0_vh_rfs.vhd:821]
INFO: [Synth 8-638] synthesizing module 'sequence_psr' [d:/int8-matmul-accelerator/matmul/matmul.gen/sources_1/bd/gemm_block/ipshared/9438/hdl/proc_sys_reset_v5_0_vh_rfs.vhd:304]
INFO: [Synth 8-638] synthesizing module 'upcnt_n' [d:/int8-matmul-accelerator/matmul/matmul.gen/sources_1/bd/gemm_block/ipshared/9438/hdl/proc_sys_reset_v5_0_vh_rfs.vhd:126]
INFO: [Synth 8-256] done synthesizing module 'upcnt_n' (0#1) [d:/int8-matmul-accelerator/matmul/matmul.gen/sources_1/bd/gemm_block/ipshared/9438/hdl/proc_sys_reset_v5_0_vh_rfs.vhd:126]
INFO: [Synth 8-256] done synthesizing module 'sequence_psr' (0#1) [d:/int8-matmul-accelerator/matmul/matmul.gen/sources_1/bd/gemm_block/ipshared/9438/hdl/proc_sys_reset_v5_0_vh_rfs.vhd:304]
INFO: [Synth 8-256] done synthesizing module 'proc_sys_reset' (0#1) [d:/int8-matmul-accelerator/matmul/matmul.gen/sources_1/bd/gemm_block/ipshared/9438/hdl/proc_sys_reset_v5_0_vh_rfs.vhd:1302]
INFO: [Synth 8-256] done synthesizing module 'bd_31d6_psr_aclk_0' (0#1) [d:/int8-matmul-accelerator/matmul/matmul.gen/sources_1/bd/gemm_block/ip/gemm_block_axi_smc_0/bd_0/ip/ip_1/synth/bd_31d6_psr_aclk_0.vhd:74]
WARNING: [Synth 8-7071] port 'mb_reset' of module 'bd_31d6_psr_aclk_0' is unconnected for instance 'psr_aclk' [d:/int8-matmul-accelerator/matmul/matmul.gen/sources_1/bd/gemm_block/ip/gemm_block_axi_smc_0/bd_0/synth/bd_31d6.v:2375]
WARNING: [Synth 8-7071] port 'bus_struct_reset' of module 'bd_31d6_psr_aclk_0' is unconnected for instance 'psr_aclk' [d:/int8-matmul-accelerator/matmul/matmul.gen/sources_1/bd/gemm_block/ip/gemm_block_axi_smc_0/bd_0/synth/bd_31d6.v:2375]
WARNING: [Synth 8-7071] port 'peripheral_reset' of module 'bd_31d6_psr_aclk_0' is unconnected for instance 'psr_aclk' [d:/int8-matmul-accelerator/matmul/matmul.gen/sources_1/bd/gemm_block/ip/gemm_block_axi_smc_0/bd_0/synth/bd_31d6.v:2375]
WARNING: [Synth 8-7071] port 'peripheral_aresetn' of module 'bd_31d6_psr_aclk_0' is unconnected for instance 'psr_aclk' [d:/int8-matmul-accelerator/matmul/matmul.gen/sources_1/bd/gemm_block/ip/gemm_block_axi_smc_0/bd_0/synth/bd_31d6.v:2375]
WARNING: [Synth 8-7023] instance 'psr_aclk' of module 'bd_31d6_psr_aclk_0' has 10 connections declared, but only 6 given [d:/int8-matmul-accelerator/matmul/matmul.gen/sources_1/bd/gemm_block/ip/gemm_block_axi_smc_0/bd_0/synth/bd_31d6.v:2375]
INFO: [Synth 8-6155] done synthesizing module 'clk_map_imp_9MHD48' (0#1) [d:/int8-matmul-accelerator/matmul/matmul.gen/sources_1/bd/gemm_block/ip/gemm_block_axi_smc_0/bd_0/synth/bd_31d6.v:2320]
INFO: [Synth 8-6157] synthesizing module 'm00_exit_pipeline_imp_1OHKP6B' [d:/int8-matmul-accelerator/matmul/matmul.gen/sources_1/bd/gemm_block/ip/gemm_block_axi_smc_0/bd_0/synth/bd_31d6.v:2635]
INFO: [Synth 8-6157] synthesizing module 'bd_31d6_m00e_0' [d:/int8-matmul-accelerator/matmul/matmul.gen/sources_1/bd/gemm_block/ip/gemm_block_axi_smc_0/bd_0/ip/ip_41/synth/bd_31d6_m00e_0.sv:53]
INFO: [Synth 8-6157] synthesizing module 'xpm_cdc_async_rst' [D:/Apps/Study/Vivado/2025.2/Vivado/data/ip/xpm/xpm_cdc/hdl/xpm_cdc.sv:1175]
INFO: [Synth 8-6155] done synthesizing module 'xpm_cdc_async_rst' (0#1) [D:/Apps/Study/Vivado/2025.2/Vivado/data/ip/xpm/xpm_cdc/hdl/xpm_cdc.sv:1175]
INFO: [Synth 8-6155] done synthesizing module 'bd_31d6_m00e_0' (0#1) [d:/int8-matmul-accelerator/matmul/matmul.gen/sources_1/bd/gemm_block/ip/gemm_block_axi_smc_0/bd_0/ip/ip_41/synth/bd_31d6_m00e_0.sv:53]
INFO: [Synth 8-6155] done synthesizing module 'm00_exit_pipeline_imp_1OHKP6B' (0#1) [d:/int8-matmul-accelerator/matmul/matmul.gen/sources_1/bd/gemm_block/ip/gemm_block_axi_smc_0/bd_0/synth/bd_31d6.v:2635]
INFO: [Synth 8-6157] synthesizing module 'm00_nodes_imp_12CJFBZ' [d:/int8-matmul-accelerator/matmul/matmul.gen/sources_1/bd/gemm_block/ip/gemm_block_axi_smc_0/bd_0/synth/bd_31d6.v:2877]
INFO: [Synth 8-6157] synthesizing module 'bd_31d6_m00arn_0' [d:/int8-matmul-accelerator/matmul/matmul.gen/sources_1/bd/gemm_block/ip/gemm_block_axi_smc_0/bd_0/ip/ip_36/synth/bd_31d6_m00arn_0.sv:53]
INFO: [Synth 8-6155] done synthesizing module 'bd_31d6_m00arn_0' (0#1) [d:/int8-matmul-accelerator/matmul/matmul.gen/sources_1/bd/gemm_block/ip/gemm_block_axi_smc_0/bd_0/ip/ip_36/synth/bd_31d6_m00arn_0.sv:53]
INFO: [Synth 8-6157] synthesizing module 'bd_31d6_m00awn_0' [d:/int8-matmul-accelerator/matmul/matmul.gen/sources_1/bd/gemm_block/ip/gemm_block_axi_smc_0/bd_0/ip/ip_38/synth/bd_31d6_m00awn_0.sv:53]
INFO: [Synth 8-6155] done synthesizing module 'bd_31d6_m00awn_0' (0#1) [d:/int8-matmul-accelerator/matmul/matmul.gen/sources_1/bd/gemm_block/ip/gemm_block_axi_smc_0/bd_0/ip/ip_38/synth/bd_31d6_m00awn_0.sv:53]
INFO: [Synth 8-6157] synthesizing module 'bd_31d6_m00bn_0' [d:/int8-matmul-accelerator/matmul/matmul.gen/sources_1/bd/gemm_block/ip/gemm_block_axi_smc_0/bd_0/ip/ip_40/synth/bd_31d6_m00bn_0.sv:53]
INFO: [Synth 8-6155] done synthesizing module 'bd_31d6_m00bn_0' (0#1) [d:/int8-matmul-accelerator/matmul/matmul.gen/sources_1/bd/gemm_block/ip/gemm_block_axi_smc_0/bd_0/ip/ip_40/synth/bd_31d6_m00bn_0.sv:53]
INFO: [Synth 8-6157] synthesizing module 'bd_31d6_m00rn_0' [d:/int8-matmul-accelerator/matmul/matmul.gen/sources_1/bd/gemm_block/ip/gemm_block_axi_smc_0/bd_0/ip/ip_37/synth/bd_31d6_m00rn_0.sv:53]
INFO: [Synth 8-6155] done synthesizing module 'bd_31d6_m00rn_0' (0#1) [d:/int8-matmul-accelerator/matmul/matmul.gen/sources_1/bd/gemm_block/ip/gemm_block_axi_smc_0/bd_0/ip/ip_37/synth/bd_31d6_m00rn_0.sv:53]
INFO: [Synth 8-6157] synthesizing module 'bd_31d6_m00wn_0' [d:/int8-matmul-accelerator/matmul/matmul.gen/sources_1/bd/gemm_block/ip/gemm_block_axi_smc_0/bd_0/ip/ip_39/synth/bd_31d6_m00wn_0.sv:53]
INFO: [Synth 8-6155] done synthesizing module 'bd_31d6_m00wn_0' (0#1) [d:/int8-matmul-accelerator/matmul/matmul.gen/sources_1/bd/gemm_block/ip/gemm_block_axi_smc_0/bd_0/ip/ip_39/synth/bd_31d6_m00wn_0.sv:53]
INFO: [Synth 8-6155] done synthesizing module 'm00_nodes_imp_12CJFBZ' (0#1) [d:/int8-matmul-accelerator/matmul/matmul.gen/sources_1/bd/gemm_block/ip/gemm_block_axi_smc_0/bd_0/synth/bd_31d6.v:2877]
INFO: [Synth 8-6157] synthesizing module 'bd_31d6_m00s2a_0' [d:/int8-matmul-accelerator/matmul/matmul.gen/sources_1/bd/gemm_block/ip/gemm_block_axi_smc_0/bd_0/ip/ip_35/synth/bd_31d6_m00s2a_0.sv:53]
INFO: [Synth 8-6155] done synthesizing module 'bd_31d6_m00s2a_0' (0#1) [d:/int8-matmul-accelerator/matmul/matmul.gen/sources_1/bd/gemm_block/ip/gemm_block_axi_smc_0/bd_0/ip/ip_35/synth/bd_31d6_m00s2a_0.sv:53]
INFO: [Synth 8-6157] synthesizing module 'm01_exit_pipeline_imp_1KX9YUR' [d:/int8-matmul-accelerator/matmul/matmul.gen/sources_1/bd/gemm_block/ip/gemm_block_axi_smc_0/bd_0/synth/bd_31d6.v:3119]
INFO: [Synth 8-6157] synthesizing module 'bd_31d6_m01e_0' [d:/int8-matmul-accelerator/matmul/matmul.gen/sources_1/bd/gemm_block/ip/gemm_block_axi_smc_0/bd_0/ip/ip_48/synth/bd_31d6_m01e_0.sv:53]
INFO: [Synth 8-6155] done synthesizing module 'bd_31d6_m01e_0' (0#1) [d:/int8-matmul-accelerator/matmul/matmul.gen/sources_1/bd/gemm_block/ip/gemm_block_axi_smc_0/bd_0/ip/ip_48/synth/bd_31d6_m01e_0.sv:53]
INFO: [Synth 8-6155] done synthesizing module 'm01_exit_pipeline_imp_1KX9YUR' (0#1) [d:/int8-matmul-accelerator/matmul/matmul.gen/sources_1/bd/gemm_block/ip/gemm_block_axi_smc_0/bd_0/synth/bd_31d6.v:3119]
INFO: [Synth 8-6157] synthesizing module 'm01_nodes_imp_6G0MCP' [d:/int8-matmul-accelerator/matmul/matmul.gen/sources_1/bd/gemm_block/ip/gemm_block_axi_smc_0/bd_0/synth/bd_31d6.v:3361]
INFO: [Synth 8-6157] synthesizing module 'bd_31d6_m01arn_0' [d:/int8-matmul-accelerator/matmul/matmul.gen/sources_1/bd/gemm_block/ip/gemm_block_axi_smc_0/bd_0/ip/ip_43/synth/bd_31d6_m01arn_0.sv:53]
INFO: [Synth 8-6155] done synthesizing module 'bd_31d6_m01arn_0' (0#1) [d:/int8-matmul-accelerator/matmul/matmul.gen/sources_1/bd/gemm_block/ip/gemm_block_axi_smc_0/bd_0/ip/ip_43/synth/bd_31d6_m01arn_0.sv:53]
INFO: [Synth 8-6157] synthesizing module 'bd_31d6_m01awn_0' [d:/int8-matmul-accelerator/matmul/matmul.gen/sources_1/bd/gemm_block/ip/gemm_block_axi_smc_0/bd_0/ip/ip_45/synth/bd_31d6_m01awn_0.sv:53]
INFO: [Synth 8-6155] done synthesizing module 'bd_31d6_m01awn_0' (0#1) [d:/int8-matmul-accelerator/matmul/matmul.gen/sources_1/bd/gemm_block/ip/gemm_block_axi_smc_0/bd_0/ip/ip_45/synth/bd_31d6_m01awn_0.sv:53]
INFO: [Synth 8-6157] synthesizing module 'bd_31d6_m01bn_0' [d:/int8-matmul-accelerator/matmul/matmul.gen/sources_1/bd/gemm_block/ip/gemm_block_axi_smc_0/bd_0/ip/ip_47/synth/bd_31d6_m01bn_0.sv:53]
INFO: [Synth 8-6155] done synthesizing module 'bd_31d6_m01bn_0' (0#1) [d:/int8-matmul-accelerator/matmul/matmul.gen/sources_1/bd/gemm_block/ip/gemm_block_axi_smc_0/bd_0/ip/ip_47/synth/bd_31d6_m01bn_0.sv:53]
INFO: [Synth 8-6157] synthesizing module 'bd_31d6_m01rn_0' [d:/int8-matmul-accelerator/matmul/matmul.gen/sources_1/bd/gemm_block/ip/gemm_block_axi_smc_0/bd_0/ip/ip_44/synth/bd_31d6_m01rn_0.sv:53]
INFO: [Synth 8-6155] done synthesizing module 'bd_31d6_m01rn_0' (0#1) [d:/int8-matmul-accelerator/matmul/matmul.gen/sources_1/bd/gemm_block/ip/gemm_block_axi_smc_0/bd_0/ip/ip_44/synth/bd_31d6_m01rn_0.sv:53]
INFO: [Synth 8-6157] synthesizing module 'bd_31d6_m01wn_0' [d:/int8-matmul-accelerator/matmul/matmul.gen/sources_1/bd/gemm_block/ip/gemm_block_axi_smc_0/bd_0/ip/ip_46/synth/bd_31d6_m01wn_0.sv:53]
INFO: [Synth 8-6155] done synthesizing module 'bd_31d6_m01wn_0' (0#1) [d:/int8-matmul-accelerator/matmul/matmul.gen/sources_1/bd/gemm_block/ip/gemm_block_axi_smc_0/bd_0/ip/ip_46/synth/bd_31d6_m01wn_0.sv:53]
INFO: [Synth 8-6155] done synthesizing module 'm01_nodes_imp_6G0MCP' (0#1) [d:/int8-matmul-accelerator/matmul/matmul.gen/sources_1/bd/gemm_block/ip/gemm_block_axi_smc_0/bd_0/synth/bd_31d6.v:3361]
INFO: [Synth 8-6157] synthesizing module 'bd_31d6_m01s2a_0' [d:/int8-matmul-accelerator/matmul/matmul.gen/sources_1/bd/gemm_block/ip/gemm_block_axi_smc_0/bd_0/ip/ip_42/synth/bd_31d6_m01s2a_0.sv:53]
INFO: [Synth 8-6155] done synthesizing module 'bd_31d6_m01s2a_0' (0#1) [d:/int8-matmul-accelerator/matmul/matmul.gen/sources_1/bd/gemm_block/ip/gemm_block_axi_smc_0/bd_0/ip/ip_42/synth/bd_31d6_m01s2a_0.sv:53]
INFO: [Synth 8-6157] synthesizing module 'm02_exit_pipeline_imp_1VSDEYB' [d:/int8-matmul-accelerator/matmul/matmul.gen/sources_1/bd/gemm_block/ip/gemm_block_axi_smc_0/bd_0/synth/bd_31d6.v:3603]
INFO: [Synth 8-6157] synthesizing module 'bd_31d6_m02e_0' [d:/int8-matmul-accelerator/matmul/matmul.gen/sources_1/bd/gemm_block/ip/gemm_block_axi_smc_0/bd_0/ip/ip_55/synth/bd_31d6_m02e_0.sv:53]
INFO: [Synth 8-6155] done synthesizing module 'bd_31d6_m02e_0' (0#1) [d:/int8-matmul-accelerator/matmul/matmul.gen/sources_1/bd/gemm_block/ip/gemm_block_axi_smc_0/bd_0/ip/ip_55/synth/bd_31d6_m02e_0.sv:53]
INFO: [Synth 8-6155] done synthesizing module 'm02_exit_pipeline_imp_1VSDEYB' (0#1) [d:/int8-matmul-accelerator/matmul/matmul.gen/sources_1/bd/gemm_block/ip/gemm_block_axi_smc_0/bd_0/synth/bd_31d6.v:3603]
INFO: [Synth 8-6157] synthesizing module 'm02_nodes_imp_TSD2B6' [d:/int8-matmul-accelerator/matmul/matmul.gen/sources_1/bd/gemm_block/ip/gemm_block_axi_smc_0/bd_0/synth/bd_31d6.v:3845]
INFO: [Synth 8-6157] synthesizing module 'bd_31d6_m02arn_0' [d:/int8-matmul-accelerator/matmul/matmul.gen/sources_1/bd/gemm_block/ip/gemm_block_axi_smc_0/bd_0/ip/ip_50/synth/bd_31d6_m02arn_0.sv:53]
INFO: [Synth 8-6155] done synthesizing module 'bd_31d6_m02arn_0' (0#1) [d:/int8-matmul-accelerator/matmul/matmul.gen/sources_1/bd/gemm_block/ip/gemm_block_axi_smc_0/bd_0/ip/ip_50/synth/bd_31d6_m02arn_0.sv:53]
INFO: [Synth 8-6157] synthesizing module 'bd_31d6_m02awn_0' [d:/int8-matmul-accelerator/matmul/matmul.gen/sources_1/bd/gemm_block/ip/gemm_block_axi_smc_0/bd_0/ip/ip_52/synth/bd_31d6_m02awn_0.sv:53]
INFO: [Synth 8-6155] done synthesizing module 'bd_31d6_m02awn_0' (0#1) [d:/int8-matmul-accelerator/matmul/matmul.gen/sources_1/bd/gemm_block/ip/gemm_block_axi_smc_0/bd_0/ip/ip_52/synth/bd_31d6_m02awn_0.sv:53]
INFO: [Synth 8-6157] synthesizing module 'bd_31d6_m02bn_0' [d:/int8-matmul-accelerator/matmul/matmul.gen/sources_1/bd/gemm_block/ip/gemm_block_axi_smc_0/bd_0/ip/ip_54/synth/bd_31d6_m02bn_0.sv:53]
INFO: [Synth 8-6155] done synthesizing module 'bd_31d6_m02bn_0' (0#1) [d:/int8-matmul-accelerator/matmul/matmul.gen/sources_1/bd/gemm_block/ip/gemm_block_axi_smc_0/bd_0/ip/ip_54/synth/bd_31d6_m02bn_0.sv:53]
INFO: [Synth 8-6157] synthesizing module 'bd_31d6_m02rn_0' [d:/int8-matmul-accelerator/matmul/matmul.gen/sources_1/bd/gemm_block/ip/gemm_block_axi_smc_0/bd_0/ip/ip_51/synth/bd_31d6_m02rn_0.sv:53]
INFO: [Synth 8-6155] done synthesizing module 'bd_31d6_m02rn_0' (0#1) [d:/int8-matmul-accelerator/matmul/matmul.gen/sources_1/bd/gemm_block/ip/gemm_block_axi_smc_0/bd_0/ip/ip_51/synth/bd_31d6_m02rn_0.sv:53]
INFO: [Synth 8-6157] synthesizing module 'bd_31d6_m02wn_0' [d:/int8-matmul-accelerator/matmul/matmul.gen/sources_1/bd/gemm_block/ip/gemm_block_axi_smc_0/bd_0/ip/ip_53/synth/bd_31d6_m02wn_0.sv:53]
INFO: [Synth 8-6155] done synthesizing module 'bd_31d6_m02wn_0' (0#1) [d:/int8-matmul-accelerator/matmul/matmul.gen/sources_1/bd/gemm_block/ip/gemm_block_axi_smc_0/bd_0/ip/ip_53/synth/bd_31d6_m02wn_0.sv:53]
INFO: [Synth 8-6155] done synthesizing module 'm02_nodes_imp_TSD2B6' (0#1) [d:/int8-matmul-accelerator/matmul/matmul.gen/sources_1/bd/gemm_block/ip/gemm_block_axi_smc_0/bd_0/synth/bd_31d6.v:3845]
INFO: [Synth 8-6157] synthesizing module 'bd_31d6_m02s2a_0' [d:/int8-matmul-accelerator/matmul/matmul.gen/sources_1/bd/gemm_block/ip/gemm_block_axi_smc_0/bd_0/ip/ip_49/synth/bd_31d6_m02s2a_0.sv:53]
INFO: [Synth 8-6155] done synthesizing module 'bd_31d6_m02s2a_0' (0#1) [d:/int8-matmul-accelerator/matmul/matmul.gen/sources_1/bd/gemm_block/ip/gemm_block_axi_smc_0/bd_0/ip/ip_49/synth/bd_31d6_m02s2a_0.sv:53]
INFO: [Synth 8-6157] synthesizing module 'm03_exit_pipeline_imp_1R4506R' [d:/int8-matmul-accelerator/matmul/matmul.gen/sources_1/bd/gemm_block/ip/gemm_block_axi_smc_0/bd_0/synth/bd_31d6.v:4087]
INFO: [Synth 8-6157] synthesizing module 'bd_31d6_m03e_0' [d:/int8-matmul-accelerator/matmul/matmul.gen/sources_1/bd/gemm_block/ip/gemm_block_axi_smc_0/bd_0/ip/ip_62/synth/bd_31d6_m03e_0.sv:53]
INFO: [Synth 8-6155] done synthesizing module 'bd_31d6_m03e_0' (0#1) [d:/int8-matmul-accelerator/matmul/matmul.gen/sources_1/bd/gemm_block/ip/gemm_block_axi_smc_0/bd_0/ip/ip_62/synth/bd_31d6_m03e_0.sv:53]
INFO: [Synth 8-6155] done synthesizing module 'm03_exit_pipeline_imp_1R4506R' (0#1) [d:/int8-matmul-accelerator/matmul/matmul.gen/sources_1/bd/gemm_block/ip/gemm_block_axi_smc_0/bd_0/synth/bd_31d6.v:4087]
INFO: [Synth 8-6157] synthesizing module 'm03_nodes_imp_1WCIYYS' [d:/int8-matmul-accelerator/matmul/matmul.gen/sources_1/bd/gemm_block/ip/gemm_block_axi_smc_0/bd_0/synth/bd_31d6.v:4329]
INFO: [Synth 8-6157] synthesizing module 'bd_31d6_m03arn_0' [d:/int8-matmul-accelerator/matmul/matmul.gen/sources_1/bd/gemm_block/ip/gemm_block_axi_smc_0/bd_0/ip/ip_57/synth/bd_31d6_m03arn_0.sv:53]
INFO: [Synth 8-6155] done synthesizing module 'bd_31d6_m03arn_0' (0#1) [d:/int8-matmul-accelerator/matmul/matmul.gen/sources_1/bd/gemm_block/ip/gemm_block_axi_smc_0/bd_0/ip/ip_57/synth/bd_31d6_m03arn_0.sv:53]
INFO: [Synth 8-6157] synthesizing module 'bd_31d6_m03awn_0' [d:/int8-matmul-accelerator/matmul/matmul.gen/sources_1/bd/gemm_block/ip/gemm_block_axi_smc_0/bd_0/ip/ip_59/synth/bd_31d6_m03awn_0.sv:53]
INFO: [Synth 8-6155] done synthesizing module 'bd_31d6_m03awn_0' (0#1) [d:/int8-matmul-accelerator/matmul/matmul.gen/sources_1/bd/gemm_block/ip/gemm_block_axi_smc_0/bd_0/ip/ip_59/synth/bd_31d6_m03awn_0.sv:53]
INFO: [Synth 8-6157] synthesizing module 'bd_31d6_m03bn_0' [d:/int8-matmul-accelerator/matmul/matmul.gen/sources_1/bd/gemm_block/ip/gemm_block_axi_smc_0/bd_0/ip/ip_61/synth/bd_31d6_m03bn_0.sv:53]
INFO: [Synth 8-6155] done synthesizing module 'bd_31d6_m03bn_0' (0#1) [d:/int8-matmul-accelerator/matmul/matmul.gen/sources_1/bd/gemm_block/ip/gemm_block_axi_smc_0/bd_0/ip/ip_61/synth/bd_31d6_m03bn_0.sv:53]
INFO: [Synth 8-6157] synthesizing module 'bd_31d6_m03rn_0' [d:/int8-matmul-accelerator/matmul/matmul.gen/sources_1/bd/gemm_block/ip/gemm_block_axi_smc_0/bd_0/ip/ip_58/synth/bd_31d6_m03rn_0.sv:53]
INFO: [Synth 8-6155] done synthesizing module 'bd_31d6_m03rn_0' (0#1) [d:/int8-matmul-accelerator/matmul/matmul.gen/sources_1/bd/gemm_block/ip/gemm_block_axi_smc_0/bd_0/ip/ip_58/synth/bd_31d6_m03rn_0.sv:53]
INFO: [Synth 8-6157] synthesizing module 'bd_31d6_m03wn_0' [d:/int8-matmul-accelerator/matmul/matmul.gen/sources_1/bd/gemm_block/ip/gemm_block_axi_smc_0/bd_0/ip/ip_60/synth/bd_31d6_m03wn_0.sv:53]
INFO: [Synth 8-6155] done synthesizing module 'bd_31d6_m03wn_0' (0#1) [d:/int8-matmul-accelerator/matmul/matmul.gen/sources_1/bd/gemm_block/ip/gemm_block_axi_smc_0/bd_0/ip/ip_60/synth/bd_31d6_m03wn_0.sv:53]
INFO: [Synth 8-6155] done synthesizing module 'm03_nodes_imp_1WCIYYS' (0#1) [d:/int8-matmul-accelerator/matmul/matmul.gen/sources_1/bd/gemm_block/ip/gemm_block_axi_smc_0/bd_0/synth/bd_31d6.v:4329]
INFO: [Synth 8-6157] synthesizing module 'bd_31d6_m03s2a_0' [d:/int8-matmul-accelerator/matmul/matmul.gen/sources_1/bd/gemm_block/ip/gemm_block_axi_smc_0/bd_0/ip/ip_56/synth/bd_31d6_m03s2a_0.sv:53]
INFO: [Synth 8-6155] done synthesizing module 'bd_31d6_m03s2a_0' (0#1) [d:/int8-matmul-accelerator/matmul/matmul.gen/sources_1/bd/gemm_block/ip/gemm_block_axi_smc_0/bd_0/ip/ip_56/synth/bd_31d6_m03s2a_0.sv:53]
INFO: [Synth 8-6157] synthesizing module 'bd_31d6_s00a2s_0' [d:/int8-matmul-accelerator/matmul/matmul.gen/sources_1/bd/gemm_block/ip/gemm_block_axi_smc_0/bd_0/ip/ip_20/synth/bd_31d6_s00a2s_0.sv:53]
INFO: [Synth 8-6155] done synthesizing module 'bd_31d6_s00a2s_0' (0#1) [d:/int8-matmul-accelerator/matmul/matmul.gen/sources_1/bd/gemm_block/ip/gemm_block_axi_smc_0/bd_0/ip/ip_20/synth/bd_31d6_s00a2s_0.sv:53]
INFO: [Synth 8-6157] synthesizing module 's00_entry_pipeline_imp_OQLSHC' [d:/int8-matmul-accelerator/matmul/matmul.gen/sources_1/bd/gemm_block/ip/gemm_block_axi_smc_0/bd_0/synth/bd_31d6.v:4571]
INFO: [Synth 8-6157] synthesizing module 'bd_31d6_s00mmu_0' [d:/int8-matmul-accelerator/matmul/matmul.gen/sources_1/bd/gemm_block/ip/gemm_block_axi_smc_0/bd_0/ip/ip_17/synth/bd_31d6_s00mmu_0.sv:53]
INFO: [Synth 8-6155] done synthesizing module 'bd_31d6_s00mmu_0' (0#1) [d:/int8-matmul-accelerator/matmul/matmul.gen/sources_1/bd/gemm_block/ip/gemm_block_axi_smc_0/bd_0/ip/ip_17/synth/bd_31d6_s00mmu_0.sv:53]
INFO: [Synth 8-6157] synthesizing module 'bd_31d6_s00sic_0' [d:/int8-matmul-accelerator/matmul/matmul.gen/sources_1/bd/gemm_block/ip/gemm_block_axi_smc_0/bd_0/ip/ip_19/synth/bd_31d6_s00sic_0.sv:53]
INFO: [Synth 8-6155] done synthesizing module 'bd_31d6_s00sic_0' (0#1) [d:/int8-matmul-accelerator/matmul/matmul.gen/sources_1/bd/gemm_block/ip/gemm_block_axi_smc_0/bd_0/ip/ip_19/synth/bd_31d6_s00sic_0.sv:53]
INFO: [Synth 8-6157] synthesizing module 'bd_31d6_s00tr_0' [d:/int8-matmul-accelerator/matmul/matmul.gen/sources_1/bd/gemm_block/ip/gemm_block_axi_smc_0/bd_0/ip/ip_18/synth/bd_31d6_s00tr_0.sv:53]
INFO: [Synth 8-6155] done synthesizing module 'bd_31d6_s00tr_0' (0#1) [d:/int8-matmul-accelerator/matmul/matmul.gen/sources_1/bd/gemm_block/ip/gemm_block_axi_smc_0/bd_0/ip/ip_18/synth/bd_31d6_s00tr_0.sv:53]
INFO: [Synth 8-6155] done synthesizing module 's00_entry_pipeline_imp_OQLSHC' (0#1) [d:/int8-matmul-accelerator/matmul/matmul.gen/sources_1/bd/gemm_block/ip/gemm_block_axi_smc_0/bd_0/synth/bd_31d6.v:4571]
INFO: [Synth 8-6157] synthesizing module 's00_nodes_imp_L8S12I' [d:/int8-matmul-accelerator/matmul/matmul.gen/sources_1/bd/gemm_block/ip/gemm_block_axi_smc_0/bd_0/synth/bd_31d6.v:5151]
INFO: [Synth 8-6157] synthesizing module 'bd_31d6_sarn_0' [d:/int8-matmul-accelerator/matmul/matmul.gen/sources_1/bd/gemm_block/ip/gemm_block_axi_smc_0/bd_0/ip/ip_21/synth/bd_31d6_sarn_0.sv:53]
INFO: [Synth 8-6155] done synthesizing module 'bd_31d6_sarn_0' (0#1) [d:/int8-matmul-accelerator/matmul/matmul.gen/sources_1/bd/gemm_block/ip/gemm_block_axi_smc_0/bd_0/ip/ip_21/synth/bd_31d6_sarn_0.sv:53]
INFO: [Synth 8-6157] synthesizing module 'bd_31d6_sawn_0' [d:/int8-matmul-accelerator/matmul/matmul.gen/sources_1/bd/gemm_block/ip/gemm_block_axi_smc_0/bd_0/ip/ip_23/synth/bd_31d6_sawn_0.sv:53]
INFO: [Synth 8-6155] done synthesizing module 'bd_31d6_sawn_0' (0#1) [d:/int8-matmul-accelerator/matmul/matmul.gen/sources_1/bd/gemm_block/ip/gemm_block_axi_smc_0/bd_0/ip/ip_23/synth/bd_31d6_sawn_0.sv:53]
INFO: [Synth 8-6157] synthesizing module 'bd_31d6_sbn_0' [d:/int8-matmul-accelerator/matmul/matmul.gen/sources_1/bd/gemm_block/ip/gemm_block_axi_smc_0/bd_0/ip/ip_25/synth/bd_31d6_sbn_0.sv:53]
INFO: [Synth 8-6155] done synthesizing module 'bd_31d6_sbn_0' (0#1) [d:/int8-matmul-accelerator/matmul/matmul.gen/sources_1/bd/gemm_block/ip/gemm_block_axi_smc_0/bd_0/ip/ip_25/synth/bd_31d6_sbn_0.sv:53]
INFO: [Synth 8-6157] synthesizing module 'bd_31d6_srn_0' [d:/int8-matmul-accelerator/matmul/matmul.gen/sources_1/bd/gemm_block/ip/gemm_block_axi_smc_0/bd_0/ip/ip_22/synth/bd_31d6_srn_0.sv:53]
INFO: [Synth 8-6155] done synthesizing module 'bd_31d6_srn_0' (0#1) [d:/int8-matmul-accelerator/matmul/matmul.gen/sources_1/bd/gemm_block/ip/gemm_block_axi_smc_0/bd_0/ip/ip_22/synth/bd_31d6_srn_0.sv:53]
INFO: [Synth 8-6157] synthesizing module 'bd_31d6_swn_0' [d:/int8-matmul-accelerator/matmul/matmul.gen/sources_1/bd/gemm_block/ip/gemm_block_axi_smc_0/bd_0/ip/ip_24/synth/bd_31d6_swn_0.sv:53]
INFO: [Synth 8-6155] done synthesizing module 'bd_31d6_swn_0' (0#1) [d:/int8-matmul-accelerator/matmul/matmul.gen/sources_1/bd/gemm_block/ip/gemm_block_axi_smc_0/bd_0/ip/ip_24/synth/bd_31d6_swn_0.sv:53]
INFO: [Synth 8-6155] done synthesizing module 's00_nodes_imp_L8S12I' (0#1) [d:/int8-matmul-accelerator/matmul/matmul.gen/sources_1/bd/gemm_block/ip/gemm_block_axi_smc_0/bd_0/synth/bd_31d6.v:5151]
INFO: [Synth 8-6157] synthesizing module 'bd_31d6_s01a2s_0' [d:/int8-matmul-accelerator/matmul/matmul.gen/sources_1/bd/gemm_block/ip/gemm_block_axi_smc_0/bd_0/ip/ip_29/synth/bd_31d6_s01a2s_0.sv:53]
INFO: [Synth 8-6155] done synthesizing module 'bd_31d6_s01a2s_0' (0#1) [d:/int8-matmul-accelerator/matmul/matmul.gen/sources_1/bd/gemm_block/ip/gemm_block_axi_smc_0/bd_0/ip/ip_29/synth/bd_31d6_s01a2s_0.sv:53]
INFO: [Synth 8-6157] synthesizing module 's01_entry_pipeline_imp_1HXCTYC' [d:/int8-matmul-accelerator/matmul/matmul.gen/sources_1/bd/gemm_block/ip/gemm_block_axi_smc_0/bd_0/synth/bd_31d6.v:5393]
INFO: [Synth 8-6157] synthesizing module 'bd_31d6_s01mmu_0' [d:/int8-matmul-accelerator/matmul/matmul.gen/sources_1/bd/gemm_block/ip/gemm_block_axi_smc_0/bd_0/ip/ip_26/synth/bd_31d6_s01mmu_0.sv:53]
INFO: [Synth 8-6155] done synthesizing module 'bd_31d6_s01mmu_0' (0#1) [d:/int8-matmul-accelerator/matmul/matmul.gen/sources_1/bd/gemm_block/ip/gemm_block_axi_smc_0/bd_0/ip/ip_26/synth/bd_31d6_s01mmu_0.sv:53]
INFO: [Synth 8-6157] synthesizing module 'bd_31d6_s01sic_0' [d:/int8-matmul-accelerator/matmul/matmul.gen/sources_1/bd/gemm_block/ip/gemm_block_axi_smc_0/bd_0/ip/ip_28/synth/bd_31d6_s01sic_0.sv:53]
INFO: [Synth 8-6155] done synthesizing module 'bd_31d6_s01sic_0' (0#1) [d:/int8-matmul-accelerator/matmul/matmul.gen/sources_1/bd/gemm_block/ip/gemm_block_axi_smc_0/bd_0/ip/ip_28/synth/bd_31d6_s01sic_0.sv:53]
INFO: [Synth 8-6157] synthesizing module 'bd_31d6_s01tr_0' [d:/int8-matmul-accelerator/matmul/matmul.gen/sources_1/bd/gemm_block/ip/gemm_block_axi_smc_0/bd_0/ip/ip_27/synth/bd_31d6_s01tr_0.sv:53]
INFO: [Synth 8-6155] done synthesizing module 'bd_31d6_s01tr_0' (0#1) [d:/int8-matmul-accelerator/matmul/matmul.gen/sources_1/bd/gemm_block/ip/gemm_block_axi_smc_0/bd_0/ip/ip_27/synth/bd_31d6_s01tr_0.sv:53]
INFO: [Synth 8-6155] done synthesizing module 's01_entry_pipeline_imp_1HXCTYC' (0#1) [d:/int8-matmul-accelerator/matmul/matmul.gen/sources_1/bd/gemm_block/ip/gemm_block_axi_smc_0/bd_0/synth/bd_31d6.v:5393]
INFO: [Synth 8-6157] synthesizing module 's01_nodes_imp_1M5V9Y4' [d:/int8-matmul-accelerator/matmul/matmul.gen/sources_1/bd/gemm_block/ip/gemm_block_axi_smc_0/bd_0/synth/bd_31d6.v:5973]
INFO: [Synth 8-6157] synthesizing module 'bd_31d6_sarn_1' [d:/int8-matmul-accelerator/matmul/matmul.gen/sources_1/bd/gemm_block/ip/gemm_block_axi_smc_0/bd_0/ip/ip_30/synth/bd_31d6_sarn_1.sv:53]
INFO: [Synth 8-6155] done synthesizing module 'bd_31d6_sarn_1' (0#1) [d:/int8-matmul-accelerator/matmul/matmul.gen/sources_1/bd/gemm_block/ip/gemm_block_axi_smc_0/bd_0/ip/ip_30/synth/bd_31d6_sarn_1.sv:53]
INFO: [Synth 8-6157] synthesizing module 'bd_31d6_sawn_1' [d:/int8-matmul-accelerator/matmul/matmul.gen/sources_1/bd/gemm_block/ip/gemm_block_axi_smc_0/bd_0/ip/ip_32/synth/bd_31d6_sawn_1.sv:53]
INFO: [Synth 8-6155] done synthesizing module 'bd_31d6_sawn_1' (0#1) [d:/int8-matmul-accelerator/matmul/matmul.gen/sources_1/bd/gemm_block/ip/gemm_block_axi_smc_0/bd_0/ip/ip_32/synth/bd_31d6_sawn_1.sv:53]
INFO: [Synth 8-6157] synthesizing module 'bd_31d6_sbn_1' [d:/int8-matmul-accelerator/matmul/matmul.gen/sources_1/bd/gemm_block/ip/gemm_block_axi_smc_0/bd_0/ip/ip_34/synth/bd_31d6_sbn_1.sv:53]
INFO: [Synth 8-6155] done synthesizing module 'bd_31d6_sbn_1' (0#1) [d:/int8-matmul-accelerator/matmul/matmul.gen/sources_1/bd/gemm_block/ip/gemm_block_axi_smc_0/bd_0/ip/ip_34/synth/bd_31d6_sbn_1.sv:53]
INFO: [Synth 8-6157] synthesizing module 'bd_31d6_srn_1' [d:/int8-matmul-accelerator/matmul/matmul.gen/sources_1/bd/gemm_block/ip/gemm_block_axi_smc_0/bd_0/ip/ip_31/synth/bd_31d6_srn_1.sv:53]
INFO: [Synth 8-6155] done synthesizing module 'bd_31d6_srn_1' (0#1) [d:/int8-matmul-accelerator/matmul/matmul.gen/sources_1/bd/gemm_block/ip/gemm_block_axi_smc_0/bd_0/ip/ip_31/synth/bd_31d6_srn_1.sv:53]
INFO: [Synth 8-6157] synthesizing module 'bd_31d6_swn_1' [d:/int8-matmul-accelerator/matmul/matmul.gen/sources_1/bd/gemm_block/ip/gemm_block_axi_smc_0/bd_0/ip/ip_33/synth/bd_31d6_swn_1.sv:53]
INFO: [Synth 8-6155] done synthesizing module 'bd_31d6_swn_1' (0#1) [d:/int8-matmul-accelerator/matmul/matmul.gen/sources_1/bd/gemm_block/ip/gemm_block_axi_smc_0/bd_0/ip/ip_33/synth/bd_31d6_swn_1.sv:53]
INFO: [Synth 8-6155] done synthesizing module 's01_nodes_imp_1M5V9Y4' (0#1) [d:/int8-matmul-accelerator/matmul/matmul.gen/sources_1/bd/gemm_block/ip/gemm_block_axi_smc_0/bd_0/synth/bd_31d6.v:5973]
INFO: [Synth 8-6157] synthesizing module 'switchboards_imp_AXM8HQ' [d:/int8-matmul-accelerator/matmul/matmul.gen/sources_1/bd/gemm_block/ip/gemm_block_axi_smc_0/bd_0/synth/bd_31d6.v:6215]
INFO: [Synth 8-6157] synthesizing module 'bd_31d6_arinsw_0' [d:/int8-matmul-accelerator/matmul/matmul.gen/sources_1/bd/gemm_block/ip/gemm_block_axi_smc_0/bd_0/ip/ip_2/synth/bd_31d6_arinsw_0.sv:53]
INFO: [Synth 8-6155] done synthesizing module 'bd_31d6_arinsw_0' (0#1) [d:/int8-matmul-accelerator/matmul/matmul.gen/sources_1/bd/gemm_block/ip/gemm_block_axi_smc_0/bd_0/ip/ip_2/synth/bd_31d6_arinsw_0.sv:53]
INFO: [Synth 8-6157] synthesizing module 'bd_31d6_aroutsw_0' [d:/int8-matmul-accelerator/matmul/matmul.gen/sources_1/bd/gemm_block/ip/gemm_block_axi_smc_0/bd_0/ip/ip_7/synth/bd_31d6_aroutsw_0.sv:53]
INFO: [Synth 8-6155] done synthesizing module 'bd_31d6_aroutsw_0' (0#1) [d:/int8-matmul-accelerator/matmul/matmul.gen/sources_1/bd/gemm_block/ip/gemm_block_axi_smc_0/bd_0/ip/ip_7/synth/bd_31d6_aroutsw_0.sv:53]
INFO: [Synth 8-6157] synthesizing module 'bd_31d6_awinsw_0' [d:/int8-matmul-accelerator/matmul/matmul.gen/sources_1/bd/gemm_block/ip/gemm_block_axi_smc_0/bd_0/ip/ip_4/synth/bd_31d6_awinsw_0.sv:53]
INFO: [Common 17-14] Message 'Synth 8-6157' appears 100 times and further instances of the messages will be disabled. Use the Tcl command set_msg_config to change the current settings.
INFO: [Synth 8-6155] done synthesizing module 'bd_31d6_awinsw_0' (0#1) [d:/int8-matmul-accelerator/matmul/matmul.gen/sources_1/bd/gemm_block/ip/gemm_block_axi_smc_0/bd_0/ip/ip_4/synth/bd_31d6_awinsw_0.sv:53]
INFO: [Synth 8-6155] done synthesizing module 'bd_31d6_awoutsw_0' (0#1) [d:/int8-matmul-accelerator/matmul/matmul.gen/sources_1/bd/gemm_block/ip/gemm_block_axi_smc_0/bd_0/ip/ip_9/synth/bd_31d6_awoutsw_0.sv:53]
INFO: [Synth 8-6155] done synthesizing module 'bd_31d6_binsw_0' (0#1) [d:/int8-matmul-accelerator/matmul/matmul.gen/sources_1/bd/gemm_block/ip/gemm_block_axi_smc_0/bd_0/ip/ip_6/synth/bd_31d6_binsw_0.sv:53]
INFO: [Synth 8-6155] done synthesizing module 'bd_31d6_boutsw_0' (0#1) [d:/int8-matmul-accelerator/matmul/matmul.gen/sources_1/bd/gemm_block/ip/gemm_block_axi_smc_0/bd_0/ip/ip_11/synth/bd_31d6_boutsw_0.sv:53]
INFO: [Synth 8-6155] done synthesizing module 'bd_31d6_arni_0' (0#1) [d:/int8-matmul-accelerator/matmul/matmul.gen/sources_1/bd/gemm_block/ip/gemm_block_axi_smc_0/bd_0/ip/ip_12/synth/bd_31d6_arni_0.sv:53]
INFO: [Common 17-14] Message 'Synth 8-6155' appears 100 times and further instances of the messages will be disabled. Use the Tcl command set_msg_config to change the current settings.
WARNING: [Synth 8-7071] port 'M00_AXI_awprot' of module 'gemm_block_axi_smc_0' is unconnected for instance 'axi_smc' [d:/int8-matmul-accelerator/matmul/matmul.gen/sources_1/bd/gemm_block/synth/gemm_block.v:396]
WARNING: [Synth 8-7071] port 'M00_AXI_wstrb' of module 'gemm_block_axi_smc_0' is unconnected for instance 'axi_smc' [d:/int8-matmul-accelerator/matmul/matmul.gen/sources_1/bd/gemm_block/synth/gemm_block.v:396]
WARNING: [Synth 8-7071] port 'M00_AXI_arprot' of module 'gemm_block_axi_smc_0' is unconnected for instance 'axi_smc' [d:/int8-matmul-accelerator/matmul/matmul.gen/sources_1/bd/gemm_block/synth/gemm_block.v:396]
WARNING: [Synth 8-7071] port 'M01_AXI_awprot' of module 'gemm_block_axi_smc_0' is unconnected for instance 'axi_smc' [d:/int8-matmul-accelerator/matmul/matmul.gen/sources_1/bd/gemm_block/synth/gemm_block.v:396]
WARNING: [Synth 8-7071] port 'M01_AXI_wstrb' of module 'gemm_block_axi_smc_0' is unconnected for instance 'axi_smc' [d:/int8-matmul-accelerator/matmul/matmul.gen/sources_1/bd/gemm_block/synth/gemm_block.v:396]
WARNING: [Synth 8-7071] port 'M01_AXI_arprot' of module 'gemm_block_axi_smc_0' is unconnected for instance 'axi_smc' [d:/int8-matmul-accelerator/matmul/matmul.gen/sources_1/bd/gemm_block/synth/gemm_block.v:396]
WARNING: [Synth 8-7071] port 'M02_AXI_awprot' of module 'gemm_block_axi_smc_0' is unconnected for instance 'axi_smc' [d:/int8-matmul-accelerator/matmul/matmul.gen/sources_1/bd/gemm_block/synth/gemm_block.v:396]
WARNING: [Synth 8-7071] port 'M02_AXI_arprot' of module 'gemm_block_axi_smc_0' is unconnected for instance 'axi_smc' [d:/int8-matmul-accelerator/matmul/matmul.gen/sources_1/bd/gemm_block/synth/gemm_block.v:396]
WARNING: [Synth 8-7071] port 'M03_AXI_awprot' of module 'gemm_block_axi_smc_0' is unconnected for instance 'axi_smc' [d:/int8-matmul-accelerator/matmul/matmul.gen/sources_1/bd/gemm_block/synth/gemm_block.v:396]
WARNING: [Synth 8-7071] port 'M03_AXI_arprot' of module 'gemm_block_axi_smc_0' is unconnected for instance 'axi_smc' [d:/int8-matmul-accelerator/matmul/matmul.gen/sources_1/bd/gemm_block/synth/gemm_block.v:396]
WARNING: [Synth 8-7023] instance 'axi_smc' of module 'gemm_block_axi_smc_0' has 156 connections declared, but only 146 given [d:/int8-matmul-accelerator/matmul/matmul.gen/sources_1/bd/gemm_block/synth/gemm_block.v:396]
INFO: [Synth 8-638] synthesizing module 'bd_90f7_psr_aclk_0' [d:/int8-matmul-accelerator/matmul/matmul.gen/sources_1/bd/gemm_block/ip/gemm_block_axi_smc_1_0/bd_0/ip/ip_1/synth/bd_90f7_psr_aclk_0.vhd:74]
	Parameter C_FAMILY bound to: zynquplus - type: string 
	Parameter C_EXT_RST_WIDTH bound to: 4 - type: integer 
	Parameter C_AUX_RST_WIDTH bound to: 1 - type: integer 
	Parameter C_EXT_RESET_HIGH bound to: 1'b0 
	Parameter C_AUX_RESET_HIGH bound to: 1'b0 
	Parameter C_NUM_BUS_RST bound to: 1 - type: integer 
	Parameter C_NUM_PERP_RST bound to: 1 - type: integer 
	Parameter C_NUM_INTERCONNECT_ARESETN bound to: 1 - type: integer 
	Parameter C_NUM_PERP_ARESETN bound to: 1 - type: integer 
INFO: [Synth 8-3491] module 'proc_sys_reset' declared at 'd:/int8-matmul-accelerator/matmul/matmul.gen/sources_1/bd/gemm_block/ipshared/9438/hdl/proc_sys_reset_v5_0_vh_rfs.vhd:1243' bound to instance 'U0' of component 'proc_sys_reset' [d:/int8-matmul-accelerator/matmul/matmul.gen/sources_1/bd/gemm_block/ip/gemm_block_axi_smc_1_0/bd_0/ip/ip_1/synth/bd_90f7_psr_aclk_0.vhd:139]
INFO: [Synth 8-256] done synthesizing module 'bd_90f7_psr_aclk_0' (0#1) [d:/int8-matmul-accelerator/matmul/matmul.gen/sources_1/bd/gemm_block/ip/gemm_block_axi_smc_1_0/bd_0/ip/ip_1/synth/bd_90f7_psr_aclk_0.vhd:74]
WARNING: [Synth 8-7071] port 'mb_reset' of module 'bd_90f7_psr_aclk_0' is unconnected for instance 'psr_aclk' [d:/int8-matmul-accelerator/matmul/matmul.gen/sources_1/bd/gemm_block/ip/gemm_block_axi_smc_1_0/bd_0/synth/bd_90f7.v:1291]
WARNING: [Synth 8-7071] port 'bus_struct_reset' of module 'bd_90f7_psr_aclk_0' is unconnected for instance 'psr_aclk' [d:/int8-matmul-accelerator/matmul/matmul.gen/sources_1/bd/gemm_block/ip/gemm_block_axi_smc_1_0/bd_0/synth/bd_90f7.v:1291]
WARNING: [Synth 8-7071] port 'peripheral_reset' of module 'bd_90f7_psr_aclk_0' is unconnected for instance 'psr_aclk' [d:/int8-matmul-accelerator/matmul/matmul.gen/sources_1/bd/gemm_block/ip/gemm_block_axi_smc_1_0/bd_0/synth/bd_90f7.v:1291]
WARNING: [Synth 8-7071] port 'peripheral_aresetn' of module 'bd_90f7_psr_aclk_0' is unconnected for instance 'psr_aclk' [d:/int8-matmul-accelerator/matmul/matmul.gen/sources_1/bd/gemm_block/ip/gemm_block_axi_smc_1_0/bd_0/synth/bd_90f7.v:1291]
WARNING: [Synth 8-7023] instance 'psr_aclk' of module 'bd_90f7_psr_aclk_0' has 10 connections declared, but only 6 given [d:/int8-matmul-accelerator/matmul/matmul.gen/sources_1/bd/gemm_block/ip/gemm_block_axi_smc_1_0/bd_0/synth/bd_90f7.v:1291]
WARNING: [Synth 8-7071] port 'S01_ACLK' of module 'clk_map_imp_2QONHR' is unconnected for instance 'clk_map' [d:/int8-matmul-accelerator/matmul/matmul.gen/sources_1/bd/gemm_block/ip/gemm_block_axi_smc_1_0/bd_0/synth/bd_90f7.v:619]
WARNING: [Synth 8-7071] port 'S01_ARESETN' of module 'clk_map_imp_2QONHR' is unconnected for instance 'clk_map' [d:/int8-matmul-accelerator/matmul/matmul.gen/sources_1/bd/gemm_block/ip/gemm_block_axi_smc_1_0/bd_0/synth/bd_90f7.v:619]
WARNING: [Synth 8-7071] port 'S04_ACLK' of module 'clk_map_imp_2QONHR' is unconnected for instance 'clk_map' [d:/int8-matmul-accelerator/matmul/matmul.gen/sources_1/bd/gemm_block/ip/gemm_block_axi_smc_1_0/bd_0/synth/bd_90f7.v:619]
WARNING: [Synth 8-7071] port 'S04_ARESETN' of module 'clk_map_imp_2QONHR' is unconnected for instance 'clk_map' [d:/int8-matmul-accelerator/matmul/matmul.gen/sources_1/bd/gemm_block/ip/gemm_block_axi_smc_1_0/bd_0/synth/bd_90f7.v:619]
WARNING: [Synth 8-7023] instance 'clk_map' of module 'clk_map_imp_2QONHR' has 17 connections declared, but only 13 given [d:/int8-matmul-accelerator/matmul/matmul.gen/sources_1/bd/gemm_block/ip/gemm_block_axi_smc_1_0/bd_0/synth/bd_90f7.v:619]
WARNING: [Synth 8-7071] port 'm_axi_arburst' of module 'bd_90f7_s00tr_0' is unconnected for instance 's00_transaction_regulator' [d:/int8-matmul-accelerator/matmul/matmul.gen/sources_1/bd/gemm_block/ip/gemm_block_axi_smc_1_0/bd_0/synth/bd_90f7.v:2062]
WARNING: [Synth 8-7023] instance 's00_transaction_regulator' of module 'bd_90f7_s00tr_0' has 38 connections declared, but only 37 given [d:/int8-matmul-accelerator/matmul/matmul.gen/sources_1/bd/gemm_block/ip/gemm_block_axi_smc_1_0/bd_0/synth/bd_90f7.v:2062]
WARNING: [Synth 8-7071] port 'm_axi_arburst' of module 'bd_90f7_s02tr_0' is unconnected for instance 's02_transaction_regulator' [d:/int8-matmul-accelerator/matmul/matmul.gen/sources_1/bd/gemm_block/ip/gemm_block_axi_smc_1_0/bd_0/synth/bd_90f7.v:2422]
WARNING: [Synth 8-7023] instance 's02_transaction_regulator' of module 'bd_90f7_s02tr_0' has 38 connections declared, but only 37 given [d:/int8-matmul-accelerator/matmul/matmul.gen/sources_1/bd/gemm_block/ip/gemm_block_axi_smc_1_0/bd_0/synth/bd_90f7.v:2422]
WARNING: [Synth 8-7071] port 'm_axi_awburst' of module 'bd_90f7_s03tr_0' is unconnected for instance 's03_transaction_regulator' [d:/int8-matmul-accelerator/matmul/matmul.gen/sources_1/bd/gemm_block/ip/gemm_block_axi_smc_1_0/bd_0/synth/bd_90f7.v:2826]
WARNING: [Synth 8-7023] instance 's03_transaction_regulator' of module 'bd_90f7_s03tr_0' has 46 connections declared, but only 45 given [d:/int8-matmul-accelerator/matmul/matmul.gen/sources_1/bd/gemm_block/ip/gemm_block_axi_smc_1_0/bd_0/synth/bd_90f7.v:2826]
WARNING: [Synth 8-7071] port 'M00_SC_B_info' of module 'switchboards_imp_3DGX89' is unconnected for instance 'switchboards' [d:/int8-matmul-accelerator/matmul/matmul.gen/sources_1/bd/gemm_block/ip/gemm_block_axi_smc_1_0/bd_0/synth/bd_90f7.v:1120]
WARNING: [Synth 8-7071] port 'M00_SC_B_payld' of module 'switchboards_imp_3DGX89' is unconnected for instance 'switchboards' [d:/int8-matmul-accelerator/matmul/matmul.gen/sources_1/bd/gemm_block/ip/gemm_block_axi_smc_1_0/bd_0/synth/bd_90f7.v:1120]
WARNING: [Synth 8-7071] port 'M00_SC_B_req' of module 'switchboards_imp_3DGX89' is unconnected for instance 'switchboards' [d:/int8-matmul-accelerator/matmul/matmul.gen/sources_1/bd/gemm_block/ip/gemm_block_axi_smc_1_0/bd_0/synth/bd_90f7.v:1120]
WARNING: [Synth 8-7071] port 'M00_SC_B_send' of module 'switchboards_imp_3DGX89' is unconnected for instance 'switchboards' [d:/int8-matmul-accelerator/matmul/matmul.gen/sources_1/bd/gemm_block/ip/gemm_block_axi_smc_1_0/bd_0/synth/bd_90f7.v:1120]
WARNING: [Synth 8-7071] port 'M01_SC_B_info' of module 'switchboards_imp_3DGX89' is unconnected for instance 'switchboards' [d:/int8-matmul-accelerator/matmul/matmul.gen/sources_1/bd/gemm_block/ip/gemm_block_axi_smc_1_0/bd_0/synth/bd_90f7.v:1120]
WARNING: [Synth 8-7071] port 'M01_SC_B_payld' of module 'switchboards_imp_3DGX89' is unconnected for instance 'switchboards' [d:/int8-matmul-accelerator/matmul/matmul.gen/sources_1/bd/gemm_block/ip/gemm_block_axi_smc_1_0/bd_0/synth/bd_90f7.v:1120]
WARNING: [Synth 8-7071] port 'M01_SC_B_req' of module 'switchboards_imp_3DGX89' is unconnected for instance 'switchboards' [d:/int8-matmul-accelerator/matmul/matmul.gen/sources_1/bd/gemm_block/ip/gemm_block_axi_smc_1_0/bd_0/synth/bd_90f7.v:1120]
WARNING: [Synth 8-7071] port 'M01_SC_B_send' of module 'switchboards_imp_3DGX89' is unconnected for instance 'switchboards' [d:/int8-matmul-accelerator/matmul/matmul.gen/sources_1/bd/gemm_block/ip/gemm_block_axi_smc_1_0/bd_0/synth/bd_90f7.v:1120]
WARNING: [Synth 8-7071] port 'M01_SC_R_info' of module 'switchboards_imp_3DGX89' is unconnected for instance 'switchboards' [d:/int8-matmul-accelerator/matmul/matmul.gen/sources_1/bd/gemm_block/ip/gemm_block_axi_smc_1_0/bd_0/synth/bd_90f7.v:1120]
WARNING: [Synth 8-7071] port 'M01_SC_R_payld' of module 'switchboards_imp_3DGX89' is unconnected for instance 'switchboards' [d:/int8-matmul-accelerator/matmul/matmul.gen/sources_1/bd/gemm_block/ip/gemm_block_axi_smc_1_0/bd_0/synth/bd_90f7.v:1120]
WARNING: [Synth 8-7071] port 'M01_SC_R_req' of module 'switchboards_imp_3DGX89' is unconnected for instance 'switchboards' [d:/int8-matmul-accelerator/matmul/matmul.gen/sources_1/bd/gemm_block/ip/gemm_block_axi_smc_1_0/bd_0/synth/bd_90f7.v:1120]
WARNING: [Synth 8-7071] port 'M01_SC_R_send' of module 'switchboards_imp_3DGX89' is unconnected for instance 'switchboards' [d:/int8-matmul-accelerator/matmul/matmul.gen/sources_1/bd/gemm_block/ip/gemm_block_axi_smc_1_0/bd_0/synth/bd_90f7.v:1120]
WARNING: [Synth 8-7071] port 'M02_SC_B_info' of module 'switchboards_imp_3DGX89' is unconnected for instance 'switchboards' [d:/int8-matmul-accelerator/matmul/matmul.gen/sources_1/bd/gemm_block/ip/gemm_block_axi_smc_1_0/bd_0/synth/bd_90f7.v:1120]
WARNING: [Synth 8-7071] port 'M02_SC_B_payld' of module 'switchboards_imp_3DGX89' is unconnected for instance 'switchboards' [d:/int8-matmul-accelerator/matmul/matmul.gen/sources_1/bd/gemm_block/ip/gemm_block_axi_smc_1_0/bd_0/synth/bd_90f7.v:1120]
WARNING: [Synth 8-7071] port 'M02_SC_B_req' of module 'switchboards_imp_3DGX89' is unconnected for instance 'switchboards' [d:/int8-matmul-accelerator/matmul/matmul.gen/sources_1/bd/gemm_block/ip/gemm_block_axi_smc_1_0/bd_0/synth/bd_90f7.v:1120]
WARNING: [Synth 8-7071] port 'M02_SC_B_send' of module 'switchboards_imp_3DGX89' is unconnected for instance 'switchboards' [d:/int8-matmul-accelerator/matmul/matmul.gen/sources_1/bd/gemm_block/ip/gemm_block_axi_smc_1_0/bd_0/synth/bd_90f7.v:1120]
WARNING: [Synth 8-7071] port 'M03_SC_R_info' of module 'switchboards_imp_3DGX89' is unconnected for instance 'switchboards' [d:/int8-matmul-accelerator/matmul/matmul.gen/sources_1/bd/gemm_block/ip/gemm_block_axi_smc_1_0/bd_0/synth/bd_90f7.v:1120]
WARNING: [Synth 8-7071] port 'M03_SC_R_payld' of module 'switchboards_imp_3DGX89' is unconnected for instance 'switchboards' [d:/int8-matmul-accelerator/matmul/matmul.gen/sources_1/bd/gemm_block/ip/gemm_block_axi_smc_1_0/bd_0/synth/bd_90f7.v:1120]
WARNING: [Synth 8-7071] port 'M03_SC_R_req' of module 'switchboards_imp_3DGX89' is unconnected for instance 'switchboards' [d:/int8-matmul-accelerator/matmul/matmul.gen/sources_1/bd/gemm_block/ip/gemm_block_axi_smc_1_0/bd_0/synth/bd_90f7.v:1120]
WARNING: [Synth 8-7071] port 'M03_SC_R_send' of module 'switchboards_imp_3DGX89' is unconnected for instance 'switchboards' [d:/int8-matmul-accelerator/matmul/matmul.gen/sources_1/bd/gemm_block/ip/gemm_block_axi_smc_1_0/bd_0/synth/bd_90f7.v:1120]
WARNING: [Synth 8-7071] port 'M04_SC_B_info' of module 'switchboards_imp_3DGX89' is unconnected for instance 'switchboards' [d:/int8-matmul-accelerator/matmul/matmul.gen/sources_1/bd/gemm_block/ip/gemm_block_axi_smc_1_0/bd_0/synth/bd_90f7.v:1120]
WARNING: [Synth 8-7071] port 'M04_SC_B_payld' of module 'switchboards_imp_3DGX89' is unconnected for instance 'switchboards' [d:/int8-matmul-accelerator/matmul/matmul.gen/sources_1/bd/gemm_block/ip/gemm_block_axi_smc_1_0/bd_0/synth/bd_90f7.v:1120]
WARNING: [Synth 8-7071] port 'M04_SC_B_req' of module 'switchboards_imp_3DGX89' is unconnected for instance 'switchboards' [d:/int8-matmul-accelerator/matmul/matmul.gen/sources_1/bd/gemm_block/ip/gemm_block_axi_smc_1_0/bd_0/synth/bd_90f7.v:1120]
WARNING: [Synth 8-7071] port 'M04_SC_B_send' of module 'switchboards_imp_3DGX89' is unconnected for instance 'switchboards' [d:/int8-matmul-accelerator/matmul/matmul.gen/sources_1/bd/gemm_block/ip/gemm_block_axi_smc_1_0/bd_0/synth/bd_90f7.v:1120]
WARNING: [Synth 8-7071] port 'M04_SC_R_info' of module 'switchboards_imp_3DGX89' is unconnected for instance 'switchboards' [d:/int8-matmul-accelerator/matmul/matmul.gen/sources_1/bd/gemm_block/ip/gemm_block_axi_smc_1_0/bd_0/synth/bd_90f7.v:1120]
WARNING: [Synth 8-7071] port 'M04_SC_R_payld' of module 'switchboards_imp_3DGX89' is unconnected for instance 'switchboards' [d:/int8-matmul-accelerator/matmul/matmul.gen/sources_1/bd/gemm_block/ip/gemm_block_axi_smc_1_0/bd_0/synth/bd_90f7.v:1120]
WARNING: [Synth 8-7071] port 'M04_SC_R_req' of module 'switchboards_imp_3DGX89' is unconnected for instance 'switchboards' [d:/int8-matmul-accelerator/matmul/matmul.gen/sources_1/bd/gemm_block/ip/gemm_block_axi_smc_1_0/bd_0/synth/bd_90f7.v:1120]
WARNING: [Synth 8-7071] port 'M04_SC_R_send' of module 'switchboards_imp_3DGX89' is unconnected for instance 'switchboards' [d:/int8-matmul-accelerator/matmul/matmul.gen/sources_1/bd/gemm_block/ip/gemm_block_axi_smc_1_0/bd_0/synth/bd_90f7.v:1120]
WARNING: [Synth 8-7071] port 'S00_SC_AW_recv' of module 'switchboards_imp_3DGX89' is unconnected for instance 'switchboards' [d:/int8-matmul-accelerator/matmul/matmul.gen/sources_1/bd/gemm_block/ip/gemm_block_axi_smc_1_0/bd_0/synth/bd_90f7.v:1120]
WARNING: [Synth 8-7071] port 'S00_SC_W_recv' of module 'switchboards_imp_3DGX89' is unconnected for instance 'switchboards' [d:/int8-matmul-accelerator/matmul/matmul.gen/sources_1/bd/gemm_block/ip/gemm_block_axi_smc_1_0/bd_0/synth/bd_90f7.v:1120]
WARNING: [Synth 8-7071] port 'S01_SC_AR_recv' of module 'switchboards_imp_3DGX89' is unconnected for instance 'switchboards' [d:/int8-matmul-accelerator/matmul/matmul.gen/sources_1/bd/gemm_block/ip/gemm_block_axi_smc_1_0/bd_0/synth/bd_90f7.v:1120]
WARNING: [Synth 8-7071] port 'S01_SC_AW_recv' of module 'switchboards_imp_3DGX89' is unconnected for instance 'switchboards' [d:/int8-matmul-accelerator/matmul/matmul.gen/sources_1/bd/gemm_block/ip/gemm_block_axi_smc_1_0/bd_0/synth/bd_90f7.v:1120]
WARNING: [Synth 8-7071] port 'S01_SC_W_recv' of module 'switchboards_imp_3DGX89' is unconnected for instance 'switchboards' [d:/int8-matmul-accelerator/matmul/matmul.gen/sources_1/bd/gemm_block/ip/gemm_block_axi_smc_1_0/bd_0/synth/bd_90f7.v:1120]
WARNING: [Synth 8-7071] port 'S02_SC_AW_recv' of module 'switchboards_imp_3DGX89' is unconnected for instance 'switchboards' [d:/int8-matmul-accelerator/matmul/matmul.gen/sources_1/bd/gemm_block/ip/gemm_block_axi_smc_1_0/bd_0/synth/bd_90f7.v:1120]
WARNING: [Synth 8-7071] port 'S02_SC_W_recv' of module 'switchboards_imp_3DGX89' is unconnected for instance 'switchboards' [d:/int8-matmul-accelerator/matmul/matmul.gen/sources_1/bd/gemm_block/ip/gemm_block_axi_smc_1_0/bd_0/synth/bd_90f7.v:1120]
WARNING: [Synth 8-7071] port 'S03_SC_AR_recv' of module 'switchboards_imp_3DGX89' is unconnected for instance 'switchboards' [d:/int8-matmul-accelerator/matmul/matmul.gen/sources_1/bd/gemm_block/ip/gemm_block_axi_smc_1_0/bd_0/synth/bd_90f7.v:1120]
WARNING: [Synth 8-7071] port 'S04_SC_AR_recv' of module 'switchboards_imp_3DGX89' is unconnected for instance 'switchboards' [d:/int8-matmul-accelerator/matmul/matmul.gen/sources_1/bd/gemm_block/ip/gemm_block_axi_smc_1_0/bd_0/synth/bd_90f7.v:1120]
WARNING: [Synth 8-7071] port 'S04_SC_AW_recv' of module 'switchboards_imp_3DGX89' is unconnected for instance 'switchboards' [d:/int8-matmul-accelerator/matmul/matmul.gen/sources_1/bd/gemm_block/ip/gemm_block_axi_smc_1_0/bd_0/synth/bd_90f7.v:1120]
WARNING: [Synth 8-7071] port 'S04_SC_W_recv' of module 'switchboards_imp_3DGX89' is unconnected for instance 'switchboards' [d:/int8-matmul-accelerator/matmul/matmul.gen/sources_1/bd/gemm_block/ip/gemm_block_axi_smc_1_0/bd_0/synth/bd_90f7.v:1120]
WARNING: [Synth 8-7023] instance 'switchboards' of module 'switchboards_imp_3DGX89' has 152 connections declared, but only 113 given [d:/int8-matmul-accelerator/matmul/matmul.gen/sources_1/bd/gemm_block/ip/gemm_block_axi_smc_1_0/bd_0/synth/bd_90f7.v:1120]
WARNING: [Synth 8-7071] port 'S01_AXI_awready' of module 'gemm_block_axi_smc_1_0' is unconnected for instance 'axi_smc_1' [d:/int8-matmul-accelerator/matmul/matmul.gen/sources_1/bd/gemm_block/synth/gemm_block.v:543]
WARNING: [Synth 8-7071] port 'S01_AXI_wready' of module 'gemm_block_axi_smc_1_0' is unconnected for instance 'axi_smc_1' [d:/int8-matmul-accelerator/matmul/matmul.gen/sources_1/bd/gemm_block/synth/gemm_block.v:543]
WARNING: [Synth 8-7071] port 'S01_AXI_bresp' of module 'gemm_block_axi_smc_1_0' is unconnected for instance 'axi_smc_1' [d:/int8-matmul-accelerator/matmul/matmul.gen/sources_1/bd/gemm_block/synth/gemm_block.v:543]
WARNING: [Synth 8-7071] port 'S01_AXI_bvalid' of module 'gemm_block_axi_smc_1_0' is unconnected for instance 'axi_smc_1' [d:/int8-matmul-accelerator/matmul/matmul.gen/sources_1/bd/gemm_block/synth/gemm_block.v:543]
WARNING: [Synth 8-7071] port 'S01_AXI_arready' of module 'gemm_block_axi_smc_1_0' is unconnected for instance 'axi_smc_1' [d:/int8-matmul-accelerator/matmul/matmul.gen/sources_1/bd/gemm_block/synth/gemm_block.v:543]
WARNING: [Synth 8-7071] port 'S01_AXI_rdata' of module 'gemm_block_axi_smc_1_0' is unconnected for instance 'axi_smc_1' [d:/int8-matmul-accelerator/matmul/matmul.gen/sources_1/bd/gemm_block/synth/gemm_block.v:543]
WARNING: [Synth 8-7071] port 'S01_AXI_rresp' of module 'gemm_block_axi_smc_1_0' is unconnected for instance 'axi_smc_1' [d:/int8-matmul-accelerator/matmul/matmul.gen/sources_1/bd/gemm_block/synth/gemm_block.v:543]
WARNING: [Synth 8-7071] port 'S01_AXI_rlast' of module 'gemm_block_axi_smc_1_0' is unconnected for instance 'axi_smc_1' [d:/int8-matmul-accelerator/matmul/matmul.gen/sources_1/bd/gemm_block/synth/gemm_block.v:543]
WARNING: [Synth 8-7071] port 'S01_AXI_rvalid' of module 'gemm_block_axi_smc_1_0' is unconnected for instance 'axi_smc_1' [d:/int8-matmul-accelerator/matmul/matmul.gen/sources_1/bd/gemm_block/synth/gemm_block.v:543]
WARNING: [Synth 8-7071] port 'S04_AXI_awready' of module 'gemm_block_axi_smc_1_0' is unconnected for instance 'axi_smc_1' [d:/int8-matmul-accelerator/matmul/matmul.gen/sources_1/bd/gemm_block/synth/gemm_block.v:543]
WARNING: [Synth 8-7071] port 'S04_AXI_wready' of module 'gemm_block_axi_smc_1_0' is unconnected for instance 'axi_smc_1' [d:/int8-matmul-accelerator/matmul/matmul.gen/sources_1/bd/gemm_block/synth/gemm_block.v:543]
WARNING: [Synth 8-7071] port 'S04_AXI_bresp' of module 'gemm_block_axi_smc_1_0' is unconnected for instance 'axi_smc_1' [d:/int8-matmul-accelerator/matmul/matmul.gen/sources_1/bd/gemm_block/synth/gemm_block.v:543]
WARNING: [Synth 8-7071] port 'S04_AXI_bvalid' of module 'gemm_block_axi_smc_1_0' is unconnected for instance 'axi_smc_1' [d:/int8-matmul-accelerator/matmul/matmul.gen/sources_1/bd/gemm_block/synth/gemm_block.v:543]
WARNING: [Synth 8-7071] port 'S04_AXI_arready' of module 'gemm_block_axi_smc_1_0' is unconnected for instance 'axi_smc_1' [d:/int8-matmul-accelerator/matmul/matmul.gen/sources_1/bd/gemm_block/synth/gemm_block.v:543]
WARNING: [Synth 8-7071] port 'S04_AXI_rdata' of module 'gemm_block_axi_smc_1_0' is unconnected for instance 'axi_smc_1' [d:/int8-matmul-accelerator/matmul/matmul.gen/sources_1/bd/gemm_block/synth/gemm_block.v:543]
WARNING: [Synth 8-7071] port 'S04_AXI_rresp' of module 'gemm_block_axi_smc_1_0' is unconnected for instance 'axi_smc_1' [d:/int8-matmul-accelerator/matmul/matmul.gen/sources_1/bd/gemm_block/synth/gemm_block.v:543]
WARNING: [Synth 8-7071] port 'S04_AXI_rlast' of module 'gemm_block_axi_smc_1_0' is unconnected for instance 'axi_smc_1' [d:/int8-matmul-accelerator/matmul/matmul.gen/sources_1/bd/gemm_block/synth/gemm_block.v:543]
WARNING: [Synth 8-7071] port 'S04_AXI_rvalid' of module 'gemm_block_axi_smc_1_0' is unconnected for instance 'axi_smc_1' [d:/int8-matmul-accelerator/matmul/matmul.gen/sources_1/bd/gemm_block/synth/gemm_block.v:543]
WARNING: [Synth 8-7023] instance 'axi_smc_1' of module 'gemm_block_axi_smc_1_0' has 149 connections declared, but only 131 given [d:/int8-matmul-accelerator/matmul/matmul.gen/sources_1/bd/gemm_block/synth/gemm_block.v:543]
	Parameter N bound to: 16 - type: integer 
	Parameter DATA_WIDTH bound to: 8 - type: integer 
	Parameter FIFO_DEPTH bound to: 1024 - type: integer 
	Parameter BRAM_DEPTH bound to: 1024 - type: integer 
	Parameter DATA_WIDTH bound to: 128 - type: integer 
	Parameter DEPTH bound to: 1024 - type: integer 
	Parameter N bound to: 16 - type: integer 
	Parameter DATA_WIDTH bound to: 8 - type: integer 
	Parameter BRAM_DEPTH bound to: 1024 - type: integer 
WARNING: [Synth 8-689] width (16) of port connection 'valid_delay' does not match port width (1) of module 'systolic_dataflow_ctrl' [D:/int8-matmul-accelerator/matmul/matmul.srcs/sources_1/new/gemm_accelerator.v:123]
WARNING: [Synth 8-689] width (16) of port connection 'clear_delay' does not match port width (1) of module 'systolic_dataflow_ctrl' [D:/int8-matmul-accelerator/matmul/matmul.srcs/sources_1/new/gemm_accelerator.v:124]
WARNING: [Synth 8-689] width (16) of port connection 'last_mac_delay' does not match port width (1) of module 'systolic_dataflow_ctrl' [D:/int8-matmul-accelerator/matmul/matmul.srcs/sources_1/new/gemm_accelerator.v:125]
	Parameter N bound to: 16 - type: integer 
	Parameter DATA_WIDTH bound to: 8 - type: integer 
	Parameter DATA_WIDTH bound to: 8 - type: integer 
	Parameter DELAY_CYCLES bound to: 0 - type: integer 
	Parameter DATA_WIDTH bound to: 1 - type: integer 
	Parameter DELAY_CYCLES bound to: 0 - type: integer 
	Parameter DATA_WIDTH bound to: 8 - type: integer 
	Parameter DELAY_CYCLES bound to: 1 - type: integer 
	Parameter DATA_WIDTH bound to: 1 - type: integer 
	Parameter DELAY_CYCLES bound to: 1 - type: integer 
	Parameter DATA_WIDTH bound to: 8 - type: integer 
	Parameter DELAY_CYCLES bound to: 2 - type: integer 
	Parameter DATA_WIDTH bound to: 1 - type: integer 
	Parameter DELAY_CYCLES bound to: 2 - type: integer 
	Parameter DATA_WIDTH bound to: 8 - type: integer 
	Parameter DELAY_CYCLES bound to: 3 - type: integer 
	Parameter DATA_WIDTH bound to: 1 - type: integer 
	Parameter DELAY_CYCLES bound to: 3 - type: integer 
	Parameter DATA_WIDTH bound to: 8 - type: integer 
	Parameter DELAY_CYCLES bound to: 4 - type: integer 
	Parameter DATA_WIDTH bound to: 1 - type: integer 
	Parameter DELAY_CYCLES bound to: 4 - type: integer 
	Parameter DATA_WIDTH bound to: 8 - type: integer 
	Parameter DELAY_CYCLES bound to: 5 - type: integer 
	Parameter DATA_WIDTH bound to: 1 - type: integer 
	Parameter DELAY_CYCLES bound to: 5 - type: integer 
	Parameter DATA_WIDTH bound to: 8 - type: integer 
	Parameter DELAY_CYCLES bound to: 6 - type: integer 
	Parameter DATA_WIDTH bound to: 1 - type: integer 
	Parameter DELAY_CYCLES bound to: 6 - type: integer 
	Parameter DATA_WIDTH bound to: 8 - type: integer 
	Parameter DELAY_CYCLES bound to: 7 - type: integer 
	Parameter DATA_WIDTH bound to: 1 - type: integer 
	Parameter DELAY_CYCLES bound to: 7 - type: integer 
	Parameter DATA_WIDTH bound to: 8 - type: integer 
	Parameter DELAY_CYCLES bound to: 8 - type: integer 
	Parameter DATA_WIDTH bound to: 1 - type: integer 
	Parameter DELAY_CYCLES bound to: 8 - type: integer 
	Parameter DATA_WIDTH bound to: 8 - type: integer 
	Parameter DELAY_CYCLES bound to: 9 - type: integer 
	Parameter DATA_WIDTH bound to: 1 - type: integer 
	Parameter DELAY_CYCLES bound to: 9 - type: integer 
	Parameter DATA_WIDTH bound to: 8 - type: integer 
	Parameter DELAY_CYCLES bound to: 10 - type: integer 
	Parameter DATA_WIDTH bound to: 1 - type: integer 
	Parameter DELAY_CYCLES bound to: 10 - type: integer 
	Parameter DATA_WIDTH bound to: 8 - type: integer 
	Parameter DELAY_CYCLES bound to: 11 - type: integer 
	Parameter DATA_WIDTH bound to: 1 - type: integer 
	Parameter DELAY_CYCLES bound to: 11 - type: integer 
	Parameter DATA_WIDTH bound to: 8 - type: integer 
	Parameter DELAY_CYCLES bound to: 12 - type: integer 
	Parameter DATA_WIDTH bound to: 1 - type: integer 
	Parameter DELAY_CYCLES bound to: 12 - type: integer 
	Parameter DATA_WIDTH bound to: 8 - type: integer 
	Parameter DELAY_CYCLES bound to: 13 - type: integer 
	Parameter DATA_WIDTH bound to: 1 - type: integer 
	Parameter DELAY_CYCLES bound to: 13 - type: integer 
	Parameter DATA_WIDTH bound to: 8 - type: integer 
	Parameter DELAY_CYCLES bound to: 14 - type: integer 
	Parameter DATA_WIDTH bound to: 1 - type: integer 
	Parameter DELAY_CYCLES bound to: 14 - type: integer 
	Parameter DATA_WIDTH bound to: 8 - type: integer 
	Parameter DELAY_CYCLES bound to: 15 - type: integer 
	Parameter DATA_WIDTH bound to: 1 - type: integer 
	Parameter DELAY_CYCLES bound to: 15 - type: integer 
	Parameter ARRAY_SIZE bound to: 16 - type: integer 
	Parameter N bound to: 16 - type: integer 
INFO: [Synth 8-226] default block is never used [D:/int8-matmul-accelerator/matmul/matmul.srcs/sources_1/new/output_serializer.v:38]
	Parameter DATA_WIDTH bound to: 512 - type: integer 
	Parameter DEPTH bound to: 1024 - type: integer 
	Parameter FIFO_MEMORY_TYPE bound to: block - type: string 
	Parameter FIFO_WRITE_DEPTH bound to: 1024 - type: integer 
	Parameter WRITE_DATA_WIDTH bound to: 512 - type: integer 
	Parameter USE_ADV_FEATURES bound to: 0000 - type: string 
	Parameter READ_MODE bound to: fwft - type: string 
	Parameter FIFO_READ_LATENCY bound to: 0 - type: integer 
	Parameter READ_DATA_WIDTH bound to: 512 - type: integer 
INFO: [Synth 8-226] default block is never used [D:/Apps/Study/Vivado/2025.2/Vivado/data/ip/xpm/xpm_fifo/hdl/xpm_fifo.sv:1220]
INFO: [Synth 8-226] default block is never used [D:/Apps/Study/Vivado/2025.2/Vivado/data/ip/xpm/xpm_fifo/hdl/xpm_fifo.sv:1287]
INFO: [Synth 8-226] default block is never used [D:/Apps/Study/Vivado/2025.2/Vivado/data/ip/xpm/xpm_fifo/hdl/xpm_fifo.sv:1309]
WARNING: [Synth 8-7071] port 'prog_full' of module 'xpm_fifo_sync' is unconnected for instance 'xpm_fifo_sync_inst' [D:/int8-matmul-accelerator/matmul/matmul.srcs/sources_1/new/sc_fifo_fwft.v:46]
WARNING: [Synth 8-7071] port 'wr_data_count' of module 'xpm_fifo_sync' is unconnected for instance 'xpm_fifo_sync_inst' [D:/int8-matmul-accelerator/matmul/matmul.srcs/sources_1/new/sc_fifo_fwft.v:46]
WARNING: [Synth 8-7071] port 'overflow' of module 'xpm_fifo_sync' is unconnected for instance 'xpm_fifo_sync_inst' [D:/int8-matmul-accelerator/matmul/matmul.srcs/sources_1/new/sc_fifo_fwft.v:46]
WARNING: [Synth 8-7071] port 'wr_rst_busy' of module 'xpm_fifo_sync' is unconnected for instance 'xpm_fifo_sync_inst' [D:/int8-matmul-accelerator/matmul/matmul.srcs/sources_1/new/sc_fifo_fwft.v:46]
WARNING: [Synth 8-7071] port 'almost_full' of module 'xpm_fifo_sync' is unconnected for instance 'xpm_fifo_sync_inst' [D:/int8-matmul-accelerator/matmul/matmul.srcs/sources_1/new/sc_fifo_fwft.v:46]
WARNING: [Synth 8-7071] port 'wr_ack' of module 'xpm_fifo_sync' is unconnected for instance 'xpm_fifo_sync_inst' [D:/int8-matmul-accelerator/matmul/matmul.srcs/sources_1/new/sc_fifo_fwft.v:46]
WARNING: [Synth 8-7071] port 'prog_empty' of module 'xpm_fifo_sync' is unconnected for instance 'xpm_fifo_sync_inst' [D:/int8-matmul-accelerator/matmul/matmul.srcs/sources_1/new/sc_fifo_fwft.v:46]
WARNING: [Synth 8-7071] port 'rd_data_count' of module 'xpm_fifo_sync' is unconnected for instance 'xpm_fifo_sync_inst' [D:/int8-matmul-accelerator/matmul/matmul.srcs/sources_1/new/sc_fifo_fwft.v:46]
INFO: [Common 17-14] Message 'Synth 8-7071' appears 100 times and further instances of the messages will be disabled. Use the Tcl command set_msg_config to change the current settings.
WARNING: [Synth 8-7023] instance 'xpm_fifo_sync_inst' of module 'xpm_fifo_sync' has 25 connections declared, but only 11 given [D:/int8-matmul-accelerator/matmul/matmul.srcs/sources_1/new/sc_fifo_fwft.v:46]
	Parameter N bound to: 16 - type: integer 
	Parameter DATA_W bound to: 32 - type: integer 
INFO: [Synth 8-226] default block is never used [D:/int8-matmul-accelerator/matmul/matmul.srcs/sources_1/new/post_accumulator.v:64]
	Parameter N bound to: 16 - type: integer 
WARNING: [Synth 8-7023] instance 'gemm_accelerator_0' of module 'gemm_block_gemm_accelerator_0_2' has 19 connections declared, but only 18 given [d:/int8-matmul-accelerator/matmul/matmul.gen/sources_1/bd/gemm_block/synth/gemm_block.v:675]
INFO: [Synth 8-638] synthesizing module 'gemm_block_rst_ps8_0_99M_0' [d:/int8-matmul-accelerator/matmul/matmul.gen/sources_1/bd/gemm_block/ip/gemm_block_rst_ps8_0_99M_0/synth/gemm_block_rst_ps8_0_99M_0.vhd:74]
	Parameter C_FAMILY bound to: zynquplus - type: string 
	Parameter C_EXT_RST_WIDTH bound to: 4 - type: integer 
	Parameter C_AUX_RST_WIDTH bound to: 4 - type: integer 
	Parameter C_EXT_RESET_HIGH bound to: 1'b0 
	Parameter C_AUX_RESET_HIGH bound to: 1'b0 
	Parameter C_NUM_BUS_RST bound to: 1 - type: integer 
	Parameter C_NUM_PERP_RST bound to: 1 - type: integer 
	Parameter C_NUM_INTERCONNECT_ARESETN bound to: 1 - type: integer 
	Parameter C_NUM_PERP_ARESETN bound to: 1 - type: integer 
INFO: [Synth 8-3491] module 'proc_sys_reset' declared at 'd:/int8-matmul-accelerator/matmul/matmul.gen/sources_1/bd/gemm_block/ipshared/9438/hdl/proc_sys_reset_v5_0_vh_rfs.vhd:1243' bound to instance 'U0' of component 'proc_sys_reset' [d:/int8-matmul-accelerator/matmul/matmul.gen/sources_1/bd/gemm_block/ip/gemm_block_rst_ps8_0_99M_0/synth/gemm_block_rst_ps8_0_99M_0.vhd:139]
INFO: [Synth 8-638] synthesizing module 'proc_sys_reset__parameterized2' [d:/int8-matmul-accelerator/matmul/matmul.gen/sources_1/bd/gemm_block/ipshared/9438/hdl/proc_sys_reset_v5_0_vh_rfs.vhd:1302]
	Parameter INIT bound to: 1'b1 
INFO: [Synth 8-113] binding component instance 'FDRE_inst' to cell 'FDRE' [d:/int8-matmul-accelerator/matmul/matmul.gen/sources_1/bd/gemm_block/ipshared/9438/hdl/proc_sys_reset_v5_0_vh_rfs.vhd:1371]
	Parameter INIT bound to: 1'b1 
INFO: [Synth 8-113] binding component instance 'FDRE_BSR' to cell 'FDRE' [d:/int8-matmul-accelerator/matmul/matmul.gen/sources_1/bd/gemm_block/ipshared/9438/hdl/proc_sys_reset_v5_0_vh_rfs.vhd:1387]
	Parameter INIT bound to: 1'b0 
INFO: [Synth 8-113] binding component instance 'FDRE_BSR_N' to cell 'FDRE' [d:/int8-matmul-accelerator/matmul/matmul.gen/sources_1/bd/gemm_block/ipshared/9438/hdl/proc_sys_reset_v5_0_vh_rfs.vhd:1413]
	Parameter INIT bound to: 1'b1 
INFO: [Synth 8-113] binding component instance 'FDRE_PER' to cell 'FDRE' [d:/int8-matmul-accelerator/matmul/matmul.gen/sources_1/bd/gemm_block/ipshared/9438/hdl/proc_sys_reset_v5_0_vh_rfs.vhd:1436]
	Parameter INIT bound to: 1'b0 
INFO: [Synth 8-113] binding component instance 'FDRE_PER_N' to cell 'FDRE' [d:/int8-matmul-accelerator/matmul/matmul.gen/sources_1/bd/gemm_block/ipshared/9438/hdl/proc_sys_reset_v5_0_vh_rfs.vhd:1460]
INFO: [Synth 8-638] synthesizing module 'lpf__parameterized0' [d:/int8-matmul-accelerator/matmul/matmul.gen/sources_1/bd/gemm_block/ipshared/9438/hdl/proc_sys_reset_v5_0_vh_rfs.vhd:821]
INFO: [Synth 8-3491] module 'SRL16' declared at 'D:/Apps/Study/Vivado/2025.2/Vivado/scripts/rt/data/unisim_comp.v:165318' bound to instance 'POR_SRL_I' of component 'SRL16' [d:/int8-matmul-accelerator/matmul/matmul.gen/sources_1/bd/gemm_block/ipshared/9438/hdl/proc_sys_reset_v5_0_vh_rfs.vhd:873]
	Parameter DEST_SYNC_FF bound to: 4 - type: integer 
	Parameter INIT_SYNC_FF bound to: 0 - type: integer 
	Parameter SIM_ASSERT_CHK bound to: 0 - type: integer 
	Parameter SRC_INPUT_REG bound to: 0 - type: integer 
INFO: [Synth 8-3491] module 'xpm_cdc_single' declared at 'D:/Apps/Study/Vivado/2025.2/Vivado/data/ip/xpm/xpm_cdc/hdl/xpm_cdc.sv:152' bound to instance 'ACT_LO_EXT' of component 'xpm_cdc_single' [d:/int8-matmul-accelerator/matmul/matmul.gen/sources_1/bd/gemm_block/ipshared/9438/hdl/proc_sys_reset_v5_0_vh_rfs.vhd:968]
	Parameter DEST_SYNC_FF bound to: 4 - type: integer 
	Parameter INIT_SYNC_FF bound to: 0 - type: integer 
	Parameter SIM_ASSERT_CHK bound to: 0 - type: integer 
	Parameter SRC_INPUT_REG bound to: 0 - type: integer 
INFO: [Synth 8-3491] module 'xpm_cdc_single' declared at 'D:/Apps/Study/Vivado/2025.2/Vivado/data/ip/xpm/xpm_cdc/hdl/xpm_cdc.sv:152' bound to instance 'ACT_LO_AUX' of component 'xpm_cdc_single' [d:/int8-matmul-accelerator/matmul/matmul.gen/sources_1/bd/gemm_block/ipshared/9438/hdl/proc_sys_reset_v5_0_vh_rfs.vhd:1015]
INFO: [Synth 8-256] done synthesizing module 'lpf__parameterized0' (0#1) [d:/int8-matmul-accelerator/matmul/matmul.gen/sources_1/bd/gemm_block/ipshared/9438/hdl/proc_sys_reset_v5_0_vh_rfs.vhd:821]
INFO: [Synth 8-256] done synthesizing module 'proc_sys_reset__parameterized2' (0#1) [d:/int8-matmul-accelerator/matmul/matmul.gen/sources_1/bd/gemm_block/ipshared/9438/hdl/proc_sys_reset_v5_0_vh_rfs.vhd:1302]
INFO: [Synth 8-256] done synthesizing module 'gemm_block_rst_ps8_0_99M_0' (0#1) [d:/int8-matmul-accelerator/matmul/matmul.gen/sources_1/bd/gemm_block/ip/gemm_block_rst_ps8_0_99M_0/synth/gemm_block_rst_ps8_0_99M_0.vhd:74]
WARNING: [Synth 8-7023] instance 'rst_ps8_0_99M' of module 'gemm_block_rst_ps8_0_99M_0' has 10 connections declared, but only 6 given [d:/int8-matmul-accelerator/matmul/matmul.gen/sources_1/bd/gemm_block/synth/gemm_block.v:694]
WARNING: [Synth 8-689] width (5) of port connection 'EMIOSDIO0DATAIN' does not match port width (8) of module 'PS8' [d:/int8-matmul-accelerator/matmul/matmul.gen/sources_1/bd/gemm_block/ip/gemm_block_zynq_ultra_ps_e_0_0/hdl/zynq_ultra_ps_e_v3_5_8.v:4659]
WARNING: [Synth 8-689] width (5) of port connection 'EMIOSDIO0DATAOUT' does not match port width (8) of module 'PS8' [d:/int8-matmul-accelerator/matmul/matmul.gen/sources_1/bd/gemm_block/ip/gemm_block_zynq_ultra_ps_e_0_0/hdl/zynq_ultra_ps_e_v3_5_8.v:4660]
WARNING: [Synth 8-689] width (5) of port connection 'EMIOSDIO0DATAENA' does not match port width (8) of module 'PS8' [d:/int8-matmul-accelerator/matmul/matmul.gen/sources_1/bd/gemm_block/ip/gemm_block_zynq_ultra_ps_e_0_0/hdl/zynq_ultra_ps_e_v3_5_8.v:4661]
WARNING: [Synth 8-689] width (5) of port connection 'EMIOSDIO1DATAIN' does not match port width (8) of module 'PS8' [d:/int8-matmul-accelerator/matmul/matmul.gen/sources_1/bd/gemm_block/ip/gemm_block_zynq_ultra_ps_e_0_0/hdl/zynq_ultra_ps_e_v3_5_8.v:4672]
WARNING: [Synth 8-689] width (5) of port connection 'EMIOSDIO1DATAOUT' does not match port width (8) of module 'PS8' [d:/int8-matmul-accelerator/matmul/matmul.gen/sources_1/bd/gemm_block/ip/gemm_block_zynq_ultra_ps_e_0_0/hdl/zynq_ultra_ps_e_v3_5_8.v:4673]
WARNING: [Synth 8-689] width (5) of port connection 'EMIOSDIO1DATAENA' does not match port width (8) of module 'PS8' [d:/int8-matmul-accelerator/matmul/matmul.gen/sources_1/bd/gemm_block/ip/gemm_block_zynq_ultra_ps_e_0_0/hdl/zynq_ultra_ps_e_v3_5_8.v:4674]
WARNING: [Synth 8-7023] instance 'PS8_i' of module 'PS8' has 1015 connections declared, but only 957 given [d:/int8-matmul-accelerator/matmul/matmul.gen/sources_1/bd/gemm_block/ip/gemm_block_zynq_ultra_ps_e_0_0/hdl/zynq_ultra_ps_e_v3_5_8.v:3850]
INFO: [Synth 8-7023] instance 'inst' of module 'zynq_ultra_ps_e_v3_5_8_zynq_ultra_ps_e' has 1493 connections declared, but only 1489 given [d:/int8-matmul-accelerator/matmul/matmul.gen/sources_1/bd/gemm_block/ip/gemm_block_zynq_ultra_ps_e_0_0/synth/gemm_block_zynq_ultra_ps_e_0_0.v:496]
WARNING: [Synth 8-7023] instance 'zynq_ultra_ps_e_0' of module 'gemm_block_zynq_ultra_ps_e_0_0' has 124 connections declared, but only 121 given [d:/int8-matmul-accelerator/matmul/matmul.gen/sources_1/bd/gemm_block/synth/gemm_block.v:701]
INFO: [Synth 8-6014] Unused sequential element awaddr_reg was removed.  [d:/int8-matmul-accelerator/matmul/matmul.gen/sources_1/bd/gemm_block/ipshared/7f6a/hdl/axi_dma_v7_1_vh_rfs.vhd:2133]
INFO: [Synth 8-6014] Unused sequential element wdata_reg was removed.  [d:/int8-matmul-accelerator/matmul/matmul.gen/sources_1/bd/gemm_block/ipshared/7f6a/hdl/axi_dma_v7_1_vh_rfs.vhd:2135]
INFO: [Synth 8-6014] Unused sequential element GEN_SYNC_WRITE.axi2ip_wrdata_i_reg was removed.  [d:/int8-matmul-accelerator/matmul/matmul.gen/sources_1/bd/gemm_block/ipshared/7f6a/hdl/axi_dma_v7_1_vh_rfs.vhd:2288]
INFO: [Synth 8-6014] Unused sequential element GEN_SYNC_WRITE.awready_i_reg was removed.  [d:/int8-matmul-accelerator/matmul/matmul.gen/sources_1/bd/gemm_block/ipshared/7f6a/hdl/axi_dma_v7_1_vh_rfs.vhd:2120]
INFO: [Synth 8-6014] Unused sequential element GEN_SYNC_WRITE.rdy1_reg was removed.  [d:/int8-matmul-accelerator/matmul/matmul.gen/sources_1/bd/gemm_block/ipshared/7f6a/hdl/axi_dma_v7_1_vh_rfs.vhd:2249]
INFO: [Synth 8-6014] Unused sequential element GEN_SYNC_READ.arvalid_re_d1_reg was removed.  [d:/int8-matmul-accelerator/matmul/matmul.gen/sources_1/bd/gemm_block/ipshared/7f6a/hdl/axi_dma_v7_1_vh_rfs.vhd:2997]
INFO: [Synth 8-6014] Unused sequential element sg_ftch_error_reg was removed.  [d:/int8-matmul-accelerator/matmul/matmul.gen/sources_1/bd/gemm_block/ipshared/7f6a/hdl/axi_dma_v7_1_vh_rfs.vhd:3919]
INFO: [Synth 8-6014] Unused sequential element sg_updt_error_reg was removed.  [d:/int8-matmul-accelerator/matmul/matmul.gen/sources_1/bd/gemm_block/ipshared/7f6a/hdl/axi_dma_v7_1_vh_rfs.vhd:3920]
INFO: [Synth 8-3848] Net mm2s_desc_flush in module/entity axi_dma_mm2s_mngr does not have driver. [d:/int8-matmul-accelerator/matmul/matmul.gen/sources_1/bd/gemm_block/ipshared/7f6a/hdl/axi_dma_v7_1_vh_rfs.vhd:14953]
INFO: [Synth 8-6014] Unused sequential element sig_inhibit_rdy_n_reg was removed.  [d:/int8-matmul-accelerator/matmul/matmul.gen/sources_1/bd/gemm_block/ipshared/d44a/hdl/axi_datamover_v5_1_vh_rfs.vhd:2237]
INFO: [Synth 8-6014] Unused sequential element sig_inhibit_rdy_n_reg was removed.  [d:/int8-matmul-accelerator/matmul/matmul.gen/sources_1/bd/gemm_block/ipshared/d44a/hdl/axi_datamover_v5_1_vh_rfs.vhd:2237]
INFO: [Synth 8-6014] Unused sequential element sig_input_reg_full_reg was removed.  [d:/int8-matmul-accelerator/matmul/matmul.gen/sources_1/bd/gemm_block/ipshared/d44a/hdl/axi_datamover_v5_1_vh_rfs.vhd:8245]
INFO: [Synth 8-6014] Unused sequential element sig_xfer_reg_full_reg was removed.  [d:/int8-matmul-accelerator/matmul/matmul.gen/sources_1/bd/gemm_block/ipshared/d44a/hdl/axi_datamover_v5_1_vh_rfs.vhd:8556]
INFO: [Synth 8-6014] Unused sequential element sig_next_tag_reg_reg was removed.  [d:/int8-matmul-accelerator/matmul/matmul.gen/sources_1/bd/gemm_block/ipshared/d44a/hdl/axi_datamover_v5_1_vh_rfs.vhd:10601]
INFO: [Synth 8-6014] Unused sequential element sig_next_cmd_cmplt_reg_reg was removed.  [d:/int8-matmul-accelerator/matmul/matmul.gen/sources_1/bd/gemm_block/ipshared/d44a/hdl/axi_datamover_v5_1_vh_rfs.vhd:10608]
INFO: [Synth 8-6014] Unused sequential element sig_next_dre_src_align_reg_reg was removed.  [d:/int8-matmul-accelerator/matmul/matmul.gen/sources_1/bd/gemm_block/ipshared/d44a/hdl/axi_datamover_v5_1_vh_rfs.vhd:13065]
INFO: [Synth 8-6014] Unused sequential element sig_next_dre_dest_align_reg_reg was removed.  [d:/int8-matmul-accelerator/matmul/matmul.gen/sources_1/bd/gemm_block/ipshared/d44a/hdl/axi_datamover_v5_1_vh_rfs.vhd:13066]
INFO: [Synth 8-6014] Unused sequential element sig_coelsc_reg_empty_reg was removed.  [d:/int8-matmul-accelerator/matmul/matmul.gen/sources_1/bd/gemm_block/ipshared/d44a/hdl/axi_datamover_v5_1_vh_rfs.vhd:13404]
WARNING: [Synth 8-6014] Unused sequential element gen_rd_b.gen_doutb_pipe.enb_pipe_reg[0] was removed.  [D:/Apps/Study/Vivado/2025.2/Vivado/data/ip/xpm/xpm_memory/hdl/xpm_memory.sv:3087]
WARNING: [Synth 8-6014] Unused sequential element gdvld.data_valid_std_reg was removed.  [D:/Apps/Study/Vivado/2025.2/Vivado/data/ip/xpm/xpm_fifo/hdl/xpm_fifo.sv:550]
WARNING: [Synth 8-6014] Unused sequential element gen_pntr_flags_cc.gae_cc_std.ram_aempty_i_reg was removed.  [D:/Apps/Study/Vivado/2025.2/Vivado/data/ip/xpm/xpm_fifo/hdl/xpm_fifo.sv:982]
WARNING: [Synth 8-6014] Unused sequential element gen_fwft.empty_fwft_fb_reg was removed.  [D:/Apps/Study/Vivado/2025.2/Vivado/data/ip/xpm/xpm_fifo/hdl/xpm_fifo.sv:1404]
INFO: [Synth 8-6014] Unused sequential element hold_ff_q_reg was removed.  [d:/int8-matmul-accelerator/matmul/matmul.gen/sources_1/bd/gemm_block/ipshared/d44a/hdl/axi_datamover_v5_1_vh_rfs.vhd:1586]
INFO: [Synth 8-3848] Net m_axi_sg_awuser in module/entity axi_dma does not have driver. [d:/int8-matmul-accelerator/matmul/matmul.gen/sources_1/bd/gemm_block/ipshared/7f6a/hdl/axi_dma_v7_1_vh_rfs.vhd:21824]
INFO: [Synth 8-3848] Net m_axi_sg_aruser in module/entity axi_dma does not have driver. [d:/int8-matmul-accelerator/matmul/matmul.gen/sources_1/bd/gemm_block/ipshared/7f6a/hdl/axi_dma_v7_1_vh_rfs.vhd:21850]
INFO: [Synth 8-3848] Net s_axis_s2mm_sts_tready in module/entity axi_dma does not have driver. [d:/int8-matmul-accelerator/matmul/matmul.gen/sources_1/bd/gemm_block/ipshared/7f6a/hdl/axi_dma_v7_1_vh_rfs.vhd:21959]
INFO: [Synth 8-3848] Net tdest_out_int in module/entity axi_dma does not have driver. [d:/int8-matmul-accelerator/matmul/matmul.gen/sources_1/bd/gemm_block/ipshared/7f6a/hdl/axi_dma_v7_1_vh_rfs.vhd:22507]
INFO: [Synth 8-3848] Net same_tdest in module/entity axi_dma does not have driver. [d:/int8-matmul-accelerator/matmul/matmul.gen/sources_1/bd/gemm_block/ipshared/7f6a/hdl/axi_dma_v7_1_vh_rfs.vhd:22508]
INFO: [Synth 8-3848] Net strm_valid in module/entity axi_dma does not have driver. [d:/int8-matmul-accelerator/matmul/matmul.gen/sources_1/bd/gemm_block/ipshared/7f6a/hdl/axi_dma_v7_1_vh_rfs.vhd:22540]
INFO: [Synth 8-3848] Net bd_eq in module/entity axi_dma does not have driver. [d:/int8-matmul-accelerator/matmul/matmul.gen/sources_1/bd/gemm_block/ipshared/7f6a/hdl/axi_dma_v7_1_vh_rfs.vhd:22533]
INFO: [Synth 8-3848] Net m_axis_ftch1_desc_available in module/entity axi_dma does not have driver. [d:/int8-matmul-accelerator/matmul/matmul.gen/sources_1/bd/gemm_block/ipshared/7f6a/hdl/axi_dma_v7_1_vh_rfs.vhd:22442]
INFO: [Synth 8-6014] Unused sequential element sg_ftch_error_reg was removed.  [d:/int8-matmul-accelerator/matmul/matmul.gen/sources_1/bd/gemm_block/ipshared/7f6a/hdl/axi_dma_v7_1_vh_rfs.vhd:5567]
INFO: [Synth 8-6014] Unused sequential element sg_updt_error_reg was removed.  [d:/int8-matmul-accelerator/matmul/matmul.gen/sources_1/bd/gemm_block/ipshared/7f6a/hdl/axi_dma_v7_1_vh_rfs.vhd:5568]
INFO: [Synth 8-6014] Unused sequential element GEN_S2MM_DMA_CONTROL.s2mm_desc_flush_i_reg was removed.  [d:/int8-matmul-accelerator/matmul/matmul.gen/sources_1/bd/gemm_block/ipshared/7f6a/hdl/axi_dma_v7_1_vh_rfs.vhd:20518]
INFO: [Synth 8-6014] Unused sequential element sig_inhibit_rdy_n_reg was removed.  [d:/int8-matmul-accelerator/matmul/matmul.gen/sources_1/bd/gemm_block/ipshared/d44a/hdl/axi_datamover_v5_1_vh_rfs.vhd:2237]
INFO: [Synth 8-6014] Unused sequential element sig_input_reg_full_reg was removed.  [d:/int8-matmul-accelerator/matmul/matmul.gen/sources_1/bd/gemm_block/ipshared/d44a/hdl/axi_datamover_v5_1_vh_rfs.vhd:26470]
INFO: [Synth 8-6014] Unused sequential element sig_psm_ld_calc2_reg was removed.  [d:/int8-matmul-accelerator/matmul/matmul.gen/sources_1/bd/gemm_block/ipshared/d44a/hdl/axi_datamover_v5_1_vh_rfs.vhd:26674]
INFO: [Synth 8-6014] Unused sequential element sig_child_cmd_reg_empty_reg was removed.  [d:/int8-matmul-accelerator/matmul/matmul.gen/sources_1/bd/gemm_block/ipshared/d44a/hdl/axi_datamover_v5_1_vh_rfs.vhd:27130]
INFO: [Synth 8-6014] Unused sequential element sig_first_child_xfer_reg was removed.  [d:/int8-matmul-accelerator/matmul/matmul.gen/sources_1/bd/gemm_block/ipshared/d44a/hdl/axi_datamover_v5_1_vh_rfs.vhd:27675]
INFO: [Synth 8-6014] Unused sequential element sig_xfer_is_seq_reg was removed.  [d:/int8-matmul-accelerator/matmul/matmul.gen/sources_1/bd/gemm_block/ipshared/d44a/hdl/axi_datamover_v5_1_vh_rfs.vhd:28174]
INFO: [Synth 8-6014] Unused sequential element sig_xfer_reg_empty_reg was removed.  [d:/int8-matmul-accelerator/matmul/matmul.gen/sources_1/bd/gemm_block/ipshared/d44a/hdl/axi_datamover_v5_1_vh_rfs.vhd:28267]
INFO: [Synth 8-6014] Unused sequential element sig_xfer_reg_full_reg was removed.  [d:/int8-matmul-accelerator/matmul/matmul.gen/sources_1/bd/gemm_block/ipshared/d44a/hdl/axi_datamover_v5_1_vh_rfs.vhd:28268]
WARNING: [Synth 8-6014] Unused sequential element gen_rd_b.gen_doutb_pipe.enb_pipe_reg[0] was removed.  [D:/Apps/Study/Vivado/2025.2/Vivado/data/ip/xpm/xpm_memory/hdl/xpm_memory.sv:3087]
WARNING: [Synth 8-6014] Unused sequential element gdvld.data_valid_std_reg was removed.  [D:/Apps/Study/Vivado/2025.2/Vivado/data/ip/xpm/xpm_fifo/hdl/xpm_fifo.sv:550]
WARNING: [Synth 8-6014] Unused sequential element gen_pntr_flags_cc.gae_cc_std.ram_aempty_i_reg was removed.  [D:/Apps/Study/Vivado/2025.2/Vivado/data/ip/xpm/xpm_fifo/hdl/xpm_fifo.sv:982]
WARNING: [Synth 8-6014] Unused sequential element gen_fwft.empty_fwft_fb_reg was removed.  [D:/Apps/Study/Vivado/2025.2/Vivado/data/ip/xpm/xpm_fifo/hdl/xpm_fifo.sv:1404]
INFO: [Synth 8-6014] Unused sequential element hold_ff_q_reg was removed.  [d:/int8-matmul-accelerator/matmul/matmul.gen/sources_1/bd/gemm_block/ipshared/d44a/hdl/axi_datamover_v5_1_vh_rfs.vhd:1586]
INFO: [Synth 8-6014] Unused sequential element sig_sm_ld_scatter_cmd_reg was removed.  [d:/int8-matmul-accelerator/matmul/matmul.gen/sources_1/bd/gemm_block/ipshared/d44a/hdl/axi_datamover_v5_1_vh_rfs.vhd:47543]
WARNING: [Synth 8-6014] Unused sequential element gen_rd_b.gen_doutb_pipe.enb_pipe_reg[0] was removed.  [D:/Apps/Study/Vivado/2025.2/Vivado/data/ip/xpm/xpm_memory/hdl/xpm_memory.sv:3087]
WARNING: [Synth 8-6014] Unused sequential element gdvld.data_valid_std_reg was removed.  [D:/Apps/Study/Vivado/2025.2/Vivado/data/ip/xpm/xpm_fifo/hdl/xpm_fifo.sv:550]
WARNING: [Synth 8-6014] Unused sequential element gen_pntr_flags_cc.gae_cc_std.ram_aempty_i_reg was removed.  [D:/Apps/Study/Vivado/2025.2/Vivado/data/ip/xpm/xpm_fifo/hdl/xpm_fifo.sv:982]
WARNING: [Synth 8-6014] Unused sequential element gen_fwft.empty_fwft_fb_reg was removed.  [D:/Apps/Study/Vivado/2025.2/Vivado/data/ip/xpm/xpm_fifo/hdl/xpm_fifo.sv:1404]
INFO: [Synth 8-6014] Unused sequential element hold_ff_q_reg was removed.  [d:/int8-matmul-accelerator/matmul/matmul.gen/sources_1/bd/gemm_block/ipshared/d44a/hdl/axi_datamover_v5_1_vh_rfs.vhd:1586]
WARNING: [Synth 8-6014] Unused sequential element gen_rd_b.gen_doutb_pipe.enb_pipe_reg[0] was removed.  [D:/Apps/Study/Vivado/2025.2/Vivado/data/ip/xpm/xpm_memory/hdl/xpm_memory.sv:3087]
WARNING: [Synth 8-6014] Unused sequential element gdvld.data_valid_std_reg was removed.  [D:/Apps/Study/Vivado/2025.2/Vivado/data/ip/xpm/xpm_fifo/hdl/xpm_fifo.sv:550]
WARNING: [Synth 8-6014] Unused sequential element gen_pntr_flags_cc.gae_cc_std.ram_aempty_i_reg was removed.  [D:/Apps/Study/Vivado/2025.2/Vivado/data/ip/xpm/xpm_fifo/hdl/xpm_fifo.sv:982]
WARNING: [Synth 8-6014] Unused sequential element gen_fwft.empty_fwft_fb_reg was removed.  [D:/Apps/Study/Vivado/2025.2/Vivado/data/ip/xpm/xpm_fifo/hdl/xpm_fifo.sv:1404]
INFO: [Synth 8-6014] Unused sequential element hold_ff_q_reg was removed.  [d:/int8-matmul-accelerator/matmul/matmul.gen/sources_1/bd/gemm_block/ipshared/d44a/hdl/axi_datamover_v5_1_vh_rfs.vhd:1586]
INFO: [Synth 8-6014] Unused sequential element sig_next_tag_reg_reg was removed.  [d:/int8-matmul-accelerator/matmul/matmul.gen/sources_1/bd/gemm_block/ipshared/d44a/hdl/axi_datamover_v5_1_vh_rfs.vhd:10601]
INFO: [Synth 8-6014] Unused sequential element sig_next_cmd_cmplt_reg_reg was removed.  [d:/int8-matmul-accelerator/matmul/matmul.gen/sources_1/bd/gemm_block/ipshared/d44a/hdl/axi_datamover_v5_1_vh_rfs.vhd:10608]
INFO: [Synth 8-6014] Unused sequential element sig_next_last_strb_reg_reg was removed.  [d:/int8-matmul-accelerator/matmul/matmul.gen/sources_1/bd/gemm_block/ipshared/d44a/hdl/axi_datamover_v5_1_vh_rfs.vhd:17126]
INFO: [Synth 8-6014] Unused sequential element sig_next_eof_reg_reg was removed.  [d:/int8-matmul-accelerator/matmul/matmul.gen/sources_1/bd/gemm_block/ipshared/d44a/hdl/axi_datamover_v5_1_vh_rfs.vhd:17131]
INFO: [Synth 8-3848] Net m_axi_sg_awuser in module/entity axi_dma__parameterized1 does not have driver. [d:/int8-matmul-accelerator/matmul/matmul.gen/sources_1/bd/gemm_block/ipshared/7f6a/hdl/axi_dma_v7_1_vh_rfs.vhd:21824]
INFO: [Synth 8-3848] Net m_axi_sg_aruser in module/entity axi_dma__parameterized1 does not have driver. [d:/int8-matmul-accelerator/matmul/matmul.gen/sources_1/bd/gemm_block/ipshared/7f6a/hdl/axi_dma_v7_1_vh_rfs.vhd:21850]
INFO: [Synth 8-3848] Net strm_valid in module/entity axi_dma__parameterized1 does not have driver. [d:/int8-matmul-accelerator/matmul/matmul.gen/sources_1/bd/gemm_block/ipshared/7f6a/hdl/axi_dma_v7_1_vh_rfs.vhd:22540]
INFO: [Synth 8-3848] Net bd_eq in module/entity axi_dma__parameterized1 does not have driver. [d:/int8-matmul-accelerator/matmul/matmul.gen/sources_1/bd/gemm_block/ipshared/7f6a/hdl/axi_dma_v7_1_vh_rfs.vhd:22533]
INFO: [Synth 8-3848] Net m_axis_ftch1_desc_available in module/entity axi_dma__parameterized1 does not have driver. [d:/int8-matmul-accelerator/matmul/matmul.gen/sources_1/bd/gemm_block/ipshared/7f6a/hdl/axi_dma_v7_1_vh_rfs.vhd:22442]
INFO: [Synth 8-3848] Net s2mm_desc_info_in in module/entity axi_dma__parameterized1 does not have driver. [d:/int8-matmul-accelerator/matmul/matmul.gen/sources_1/bd/gemm_block/ipshared/7f6a/hdl/axi_dma_v7_1_vh_rfs.vhd:22513]
INFO: [Synth 8-3848] Net m_axis_ftch2_desc_available in module/entity axi_dma__parameterized1 does not have driver. [d:/int8-matmul-accelerator/matmul/matmul.gen/sources_1/bd/gemm_block/ipshared/7f6a/hdl/axi_dma_v7_1_vh_rfs.vhd:22442]
INFO: [Synth 8-6014] Unused sequential element Dual.ALLOUT0_ND_G1.READ_REG_GEN[0].GPIO_DBus_i_reg was removed.  [d:/int8-matmul-accelerator/matmul/matmul.gen/sources_1/bd/gemm_block/ipshared/0271/hdl/axi_gpio_v2_0_vh_rfs.vhd:688]
INFO: [Synth 8-6014] Unused sequential element Dual.ALLOUT0_ND_G1.READ_REG_GEN[1].GPIO_DBus_i_reg was removed.  [d:/int8-matmul-accelerator/matmul/matmul.gen/sources_1/bd/gemm_block/ipshared/0271/hdl/axi_gpio_v2_0_vh_rfs.vhd:688]
INFO: [Synth 8-6014] Unused sequential element Dual.ALLOUT0_ND_G1.READ_REG_GEN[2].GPIO_DBus_i_reg was removed.  [d:/int8-matmul-accelerator/matmul/matmul.gen/sources_1/bd/gemm_block/ipshared/0271/hdl/axi_gpio_v2_0_vh_rfs.vhd:688]
INFO: [Synth 8-6014] Unused sequential element Dual.ALLOUT0_ND_G1.READ_REG_GEN[3].GPIO_DBus_i_reg was removed.  [d:/int8-matmul-accelerator/matmul/matmul.gen/sources_1/bd/gemm_block/ipshared/0271/hdl/axi_gpio_v2_0_vh_rfs.vhd:688]
INFO: [Synth 8-6014] Unused sequential element Dual.ALLOUT0_ND_G1.READ_REG_GEN[4].GPIO_DBus_i_reg was removed.  [d:/int8-matmul-accelerator/matmul/matmul.gen/sources_1/bd/gemm_block/ipshared/0271/hdl/axi_gpio_v2_0_vh_rfs.vhd:688]
INFO: [Synth 8-6014] Unused sequential element Dual.ALLOUT0_ND_G1.READ_REG_GEN[5].GPIO_DBus_i_reg was removed.  [d:/int8-matmul-accelerator/matmul/matmul.gen/sources_1/bd/gemm_block/ipshared/0271/hdl/axi_gpio_v2_0_vh_rfs.vhd:688]
INFO: [Synth 8-6014] Unused sequential element Dual.ALLOUT0_ND_G1.READ_REG_GEN[6].GPIO_DBus_i_reg was removed.  [d:/int8-matmul-accelerator/matmul/matmul.gen/sources_1/bd/gemm_block/ipshared/0271/hdl/axi_gpio_v2_0_vh_rfs.vhd:688]
INFO: [Synth 8-6014] Unused sequential element Dual.ALLOUT0_ND_G1.READ_REG_GEN[7].GPIO_DBus_i_reg was removed.  [d:/int8-matmul-accelerator/matmul/matmul.gen/sources_1/bd/gemm_block/ipshared/0271/hdl/axi_gpio_v2_0_vh_rfs.vhd:688]
INFO: [Synth 8-6014] Unused sequential element Dual.ALLOUT0_ND_G1.READ_REG_GEN[8].GPIO_DBus_i_reg was removed.  [d:/int8-matmul-accelerator/matmul/matmul.gen/sources_1/bd/gemm_block/ipshared/0271/hdl/axi_gpio_v2_0_vh_rfs.vhd:688]
INFO: [Synth 8-6014] Unused sequential element Dual.ALLOUT0_ND_G1.READ_REG_GEN[9].GPIO_DBus_i_reg was removed.  [d:/int8-matmul-accelerator/matmul/matmul.gen/sources_1/bd/gemm_block/ipshared/0271/hdl/axi_gpio_v2_0_vh_rfs.vhd:688]
INFO: [Synth 8-6014] Unused sequential element Dual.ALLOUT0_ND_G1.READ_REG_GEN[10].GPIO_DBus_i_reg was removed.  [d:/int8-matmul-accelerator/matmul/matmul.gen/sources_1/bd/gemm_block/ipshared/0271/hdl/axi_gpio_v2_0_vh_rfs.vhd:688]
INFO: [Synth 8-6014] Unused sequential element Dual.ALLOUT0_ND_G1.READ_REG_GEN[11].GPIO_DBus_i_reg was removed.  [d:/int8-matmul-accelerator/matmul/matmul.gen/sources_1/bd/gemm_block/ipshared/0271/hdl/axi_gpio_v2_0_vh_rfs.vhd:688]
INFO: [Synth 8-6014] Unused sequential element Dual.ALLOUT0_ND_G1.READ_REG_GEN[12].GPIO_DBus_i_reg was removed.  [d:/int8-matmul-accelerator/matmul/matmul.gen/sources_1/bd/gemm_block/ipshared/0271/hdl/axi_gpio_v2_0_vh_rfs.vhd:688]
INFO: [Synth 8-6014] Unused sequential element Dual.ALLOUT0_ND_G1.READ_REG_GEN[13].GPIO_DBus_i_reg was removed.  [d:/int8-matmul-accelerator/matmul/matmul.gen/sources_1/bd/gemm_block/ipshared/0271/hdl/axi_gpio_v2_0_vh_rfs.vhd:688]
INFO: [Synth 8-6014] Unused sequential element Dual.ALLOUT0_ND_G1.READ_REG_GEN[14].GPIO_DBus_i_reg was removed.  [d:/int8-matmul-accelerator/matmul/matmul.gen/sources_1/bd/gemm_block/ipshared/0271/hdl/axi_gpio_v2_0_vh_rfs.vhd:688]
INFO: [Synth 8-6014] Unused sequential element Dual.ALLOUT0_ND_G1.READ_REG_GEN[15].GPIO_DBus_i_reg was removed.  [d:/int8-matmul-accelerator/matmul/matmul.gen/sources_1/bd/gemm_block/ipshared/0271/hdl/axi_gpio_v2_0_vh_rfs.vhd:688]
INFO: [Synth 8-6014] Unused sequential element Dual.ALLOUT0_ND_G1.READ_REG_GEN[16].GPIO_DBus_i_reg was removed.  [d:/int8-matmul-accelerator/matmul/matmul.gen/sources_1/bd/gemm_block/ipshared/0271/hdl/axi_gpio_v2_0_vh_rfs.vhd:688]
INFO: [Synth 8-6014] Unused sequential element Dual.ALLOUT0_ND_G1.READ_REG_GEN[17].GPIO_DBus_i_reg was removed.  [d:/int8-matmul-accelerator/matmul/matmul.gen/sources_1/bd/gemm_block/ipshared/0271/hdl/axi_gpio_v2_0_vh_rfs.vhd:688]
INFO: [Synth 8-6014] Unused sequential element Dual.ALLOUT0_ND_G1.READ_REG_GEN[18].GPIO_DBus_i_reg was removed.  [d:/int8-matmul-accelerator/matmul/matmul.gen/sources_1/bd/gemm_block/ipshared/0271/hdl/axi_gpio_v2_0_vh_rfs.vhd:688]
INFO: [Synth 8-6014] Unused sequential element Dual.ALLOUT0_ND_G1.READ_REG_GEN[19].GPIO_DBus_i_reg was removed.  [d:/int8-matmul-accelerator/matmul/matmul.gen/sources_1/bd/gemm_block/ipshared/0271/hdl/axi_gpio_v2_0_vh_rfs.vhd:688]
INFO: [Synth 8-6014] Unused sequential element Dual.ALLOUT0_ND_G1.READ_REG_GEN[20].GPIO_DBus_i_reg was removed.  [d:/int8-matmul-accelerator/matmul/matmul.gen/sources_1/bd/gemm_block/ipshared/0271/hdl/axi_gpio_v2_0_vh_rfs.vhd:688]
INFO: [Synth 8-6014] Unused sequential element Dual.ALLOUT0_ND_G1.READ_REG_GEN[21].GPIO_DBus_i_reg was removed.  [d:/int8-matmul-accelerator/matmul/matmul.gen/sources_1/bd/gemm_block/ipshared/0271/hdl/axi_gpio_v2_0_vh_rfs.vhd:688]
INFO: [Synth 8-6014] Unused sequential element Dual.ALLOUT0_ND_G1.READ_REG_GEN[22].GPIO_DBus_i_reg was removed.  [d:/int8-matmul-accelerator/matmul/matmul.gen/sources_1/bd/gemm_block/ipshared/0271/hdl/axi_gpio_v2_0_vh_rfs.vhd:688]
INFO: [Synth 8-6014] Unused sequential element Dual.ALLOUT0_ND_G1.READ_REG_GEN[23].GPIO_DBus_i_reg was removed.  [d:/int8-matmul-accelerator/matmul/matmul.gen/sources_1/bd/gemm_block/ipshared/0271/hdl/axi_gpio_v2_0_vh_rfs.vhd:688]
INFO: [Synth 8-6014] Unused sequential element Dual.ALLOUT0_ND_G1.READ_REG_GEN[24].GPIO_DBus_i_reg was removed.  [d:/int8-matmul-accelerator/matmul/matmul.gen/sources_1/bd/gemm_block/ipshared/0271/hdl/axi_gpio_v2_0_vh_rfs.vhd:688]
INFO: [Synth 8-6014] Unused sequential element Dual.ALLOUT0_ND_G1.READ_REG_GEN[25].GPIO_DBus_i_reg was removed.  [d:/int8-matmul-accelerator/matmul/matmul.gen/sources_1/bd/gemm_block/ipshared/0271/hdl/axi_gpio_v2_0_vh_rfs.vhd:688]
INFO: [Synth 8-6014] Unused sequential element Dual.ALLOUT0_ND_G1.READ_REG_GEN[26].GPIO_DBus_i_reg was removed.  [d:/int8-matmul-accelerator/matmul/matmul.gen/sources_1/bd/gemm_block/ipshared/0271/hdl/axi_gpio_v2_0_vh_rfs.vhd:688]
INFO: [Synth 8-6014] Unused sequential element Dual.ALLOUT0_ND_G1.READ_REG_GEN[27].GPIO_DBus_i_reg was removed.  [d:/int8-matmul-accelerator/matmul/matmul.gen/sources_1/bd/gemm_block/ipshared/0271/hdl/axi_gpio_v2_0_vh_rfs.vhd:688]
INFO: [Synth 8-6014] Unused sequential element Dual.ALLOUT0_ND_G1.READ_REG_GEN[28].GPIO_DBus_i_reg was removed.  [d:/int8-matmul-accelerator/matmul/matmul.gen/sources_1/bd/gemm_block/ipshared/0271/hdl/axi_gpio_v2_0_vh_rfs.vhd:688]
INFO: [Synth 8-6014] Unused sequential element Dual.ALLOUT0_ND_G1.READ_REG_GEN[29].GPIO_DBus_i_reg was removed.  [d:/int8-matmul-accelerator/matmul/matmul.gen/sources_1/bd/gemm_block/ipshared/0271/hdl/axi_gpio_v2_0_vh_rfs.vhd:688]
INFO: [Synth 8-6014] Unused sequential element Dual.ALLOUT0_ND_G1.READ_REG_GEN[30].GPIO_DBus_i_reg was removed.  [d:/int8-matmul-accelerator/matmul/matmul.gen/sources_1/bd/gemm_block/ipshared/0271/hdl/axi_gpio_v2_0_vh_rfs.vhd:688]
INFO: [Synth 8-6014] Unused sequential element Dual.ALLOUT0_ND_G1.READ_REG_GEN[31].GPIO_DBus_i_reg was removed.  [d:/int8-matmul-accelerator/matmul/matmul.gen/sources_1/bd/gemm_block/ipshared/0271/hdl/axi_gpio_v2_0_vh_rfs.vhd:688]
INFO: [Synth 8-6014] Unused sequential element Dual.ALLOUT1_ND_G2.READ_REG2_GEN[0].GPIO2_DBus_i_reg was removed.  [d:/int8-matmul-accelerator/matmul/matmul.gen/sources_1/bd/gemm_block/ipshared/0271/hdl/axi_gpio_v2_0_vh_rfs.vhd:785]
INFO: [Synth 8-6014] Unused sequential element Dual.ALLOUT1_ND_G2.READ_REG2_GEN[1].GPIO2_DBus_i_reg was removed.  [d:/int8-matmul-accelerator/matmul/matmul.gen/sources_1/bd/gemm_block/ipshared/0271/hdl/axi_gpio_v2_0_vh_rfs.vhd:785]
INFO: [Synth 8-6014] Unused sequential element Dual.ALLOUT1_ND_G2.READ_REG2_GEN[2].GPIO2_DBus_i_reg was removed.  [d:/int8-matmul-accelerator/matmul/matmul.gen/sources_1/bd/gemm_block/ipshared/0271/hdl/axi_gpio_v2_0_vh_rfs.vhd:785]
INFO: [Synth 8-6014] Unused sequential element Dual.ALLOUT1_ND_G2.READ_REG2_GEN[3].GPIO2_DBus_i_reg was removed.  [d:/int8-matmul-accelerator/matmul/matmul.gen/sources_1/bd/gemm_block/ipshared/0271/hdl/axi_gpio_v2_0_vh_rfs.vhd:785]
INFO: [Synth 8-6014] Unused sequential element Dual.ALLOUT1_ND_G2.READ_REG2_GEN[4].GPIO2_DBus_i_reg was removed.  [d:/int8-matmul-accelerator/matmul/matmul.gen/sources_1/bd/gemm_block/ipshared/0271/hdl/axi_gpio_v2_0_vh_rfs.vhd:785]
INFO: [Synth 8-6014] Unused sequential element Dual.ALLOUT1_ND_G2.READ_REG2_GEN[5].GPIO2_DBus_i_reg was removed.  [d:/int8-matmul-accelerator/matmul/matmul.gen/sources_1/bd/gemm_block/ipshared/0271/hdl/axi_gpio_v2_0_vh_rfs.vhd:785]
INFO: [Synth 8-6014] Unused sequential element Dual.ALLOUT1_ND_G2.READ_REG2_GEN[6].GPIO2_DBus_i_reg was removed.  [d:/int8-matmul-accelerator/matmul/matmul.gen/sources_1/bd/gemm_block/ipshared/0271/hdl/axi_gpio_v2_0_vh_rfs.vhd:785]
INFO: [Synth 8-6014] Unused sequential element Dual.ALLOUT1_ND_G2.READ_REG2_GEN[7].GPIO2_DBus_i_reg was removed.  [d:/int8-matmul-accelerator/matmul/matmul.gen/sources_1/bd/gemm_block/ipshared/0271/hdl/axi_gpio_v2_0_vh_rfs.vhd:785]
INFO: [Synth 8-6014] Unused sequential element Dual.ALLOUT1_ND_G2.READ_REG2_GEN[8].GPIO2_DBus_i_reg was removed.  [d:/int8-matmul-accelerator/matmul/matmul.gen/sources_1/bd/gemm_block/ipshared/0271/hdl/axi_gpio_v2_0_vh_rfs.vhd:785]
INFO: [Synth 8-6014] Unused sequential element Dual.ALLOUT1_ND_G2.READ_REG2_GEN[9].GPIO2_DBus_i_reg was removed.  [d:/int8-matmul-accelerator/matmul/matmul.gen/sources_1/bd/gemm_block/ipshared/0271/hdl/axi_gpio_v2_0_vh_rfs.vhd:785]
INFO: [Synth 8-6014] Unused sequential element Dual.ALLOUT1_ND_G2.READ_REG2_GEN[10].GPIO2_DBus_i_reg was removed.  [d:/int8-matmul-accelerator/matmul/matmul.gen/sources_1/bd/gemm_block/ipshared/0271/hdl/axi_gpio_v2_0_vh_rfs.vhd:785]
INFO: [Synth 8-6014] Unused sequential element Dual.ALLOUT1_ND_G2.READ_REG2_GEN[11].GPIO2_DBus_i_reg was removed.  [d:/int8-matmul-accelerator/matmul/matmul.gen/sources_1/bd/gemm_block/ipshared/0271/hdl/axi_gpio_v2_0_vh_rfs.vhd:785]
INFO: [Synth 8-6014] Unused sequential element Dual.ALLOUT1_ND_G2.READ_REG2_GEN[12].GPIO2_DBus_i_reg was removed.  [d:/int8-matmul-accelerator/matmul/matmul.gen/sources_1/bd/gemm_block/ipshared/0271/hdl/axi_gpio_v2_0_vh_rfs.vhd:785]
INFO: [Synth 8-6014] Unused sequential element Dual.ALLOUT1_ND_G2.READ_REG2_GEN[13].GPIO2_DBus_i_reg was removed.  [d:/int8-matmul-accelerator/matmul/matmul.gen/sources_1/bd/gemm_block/ipshared/0271/hdl/axi_gpio_v2_0_vh_rfs.vhd:785]
INFO: [Synth 8-6014] Unused sequential element Dual.ALLOUT1_ND_G2.READ_REG2_GEN[14].GPIO2_DBus_i_reg was removed.  [d:/int8-matmul-accelerator/matmul/matmul.gen/sources_1/bd/gemm_block/ipshared/0271/hdl/axi_gpio_v2_0_vh_rfs.vhd:785]
INFO: [Common 17-14] Message 'Synth 8-6014' appears 100 times and further instances of the messages will be disabled. Use the Tcl command set_msg_config to change the current settings.
WARNING: [Synth 8-3848] Net aresetn_out in module/entity clk_map_imp_9MHD48 does not have driver. [d:/int8-matmul-accelerator/matmul/matmul.gen/sources_1/bd/gemm_block/ip/gemm_block_axi_smc_0/bd_0/synth/bd_31d6.v:2352]
INFO: [Synth 8-4490] FSM extraction disabled for register 'gen_pipelined.state_reg' through user attribute
WARNING: [Synth 8-3848] Net aresetn_out in module/entity clk_map_imp_2QONHR does not have driver. [d:/int8-matmul-accelerator/matmul/matmul.gen/sources_1/bd/gemm_block/ip/gemm_block_axi_smc_1_0/bd_0/synth/bd_90f7.v:1268]
INFO: [Synth 8-4490] FSM extraction disabled for register 'gen_pipelined.state_reg' through user attribute
INFO: [Synth 8-4490] FSM extraction disabled for register 'gen_pipelined.state_reg' through user attribute
INFO: [Synth 8-4490] FSM extraction disabled for register 'gen_AB_reg_slice.state_reg' through user attribute
INFO: [Synth 8-4490] FSM extraction disabled for register 'gen_pipelined.state_reg' through user attribute
INFO: [Synth 8-4490] FSM extraction disabled for register 'gen_AB_reg_slice.state_reg' through user attribute
WARNING: [Synth 8-3848] Net S01_AXI_arready in module/entity bd_90f7 does not have driver. [d:/int8-matmul-accelerator/matmul/matmul.gen/sources_1/bd/gemm_block/ip/gemm_block_axi_smc_1_0/bd_0/synth/bd_90f7.v:216]
WARNING: [Synth 8-3848] Net S01_AXI_awready in module/entity bd_90f7 does not have driver. [d:/int8-matmul-accelerator/matmul/matmul.gen/sources_1/bd/gemm_block/ip/gemm_block_axi_smc_1_0/bd_0/synth/bd_90f7.v:226]
WARNING: [Synth 8-3848] Net S01_AXI_bresp in module/entity bd_90f7 does not have driver. [d:/int8-matmul-accelerator/matmul/matmul.gen/sources_1/bd/gemm_block/ip/gemm_block_axi_smc_1_0/bd_0/synth/bd_90f7.v:230]
WARNING: [Synth 8-3848] Net S01_AXI_bvalid in module/entity bd_90f7 does not have driver. [d:/int8-matmul-accelerator/matmul/matmul.gen/sources_1/bd/gemm_block/ip/gemm_block_axi_smc_1_0/bd_0/synth/bd_90f7.v:231]
WARNING: [Synth 8-3848] Net S01_AXI_rdata in module/entity bd_90f7 does not have driver. [d:/int8-matmul-accelerator/matmul/matmul.gen/sources_1/bd/gemm_block/ip/gemm_block_axi_smc_1_0/bd_0/synth/bd_90f7.v:232]
WARNING: [Synth 8-3848] Net S01_AXI_rlast in module/entity bd_90f7 does not have driver. [d:/int8-matmul-accelerator/matmul/matmul.gen/sources_1/bd/gemm_block/ip/gemm_block_axi_smc_1_0/bd_0/synth/bd_90f7.v:233]
WARNING: [Synth 8-3848] Net S01_AXI_rresp in module/entity bd_90f7 does not have driver. [d:/int8-matmul-accelerator/matmul/matmul.gen/sources_1/bd/gemm_block/ip/gemm_block_axi_smc_1_0/bd_0/synth/bd_90f7.v:235]
WARNING: [Synth 8-3848] Net S01_AXI_rvalid in module/entity bd_90f7 does not have driver. [d:/int8-matmul-accelerator/matmul/matmul.gen/sources_1/bd/gemm_block/ip/gemm_block_axi_smc_1_0/bd_0/synth/bd_90f7.v:236]
WARNING: [Synth 8-3848] Net S01_AXI_wready in module/entity bd_90f7 does not have driver. [d:/int8-matmul-accelerator/matmul/matmul.gen/sources_1/bd/gemm_block/ip/gemm_block_axi_smc_1_0/bd_0/synth/bd_90f7.v:239]
WARNING: [Synth 8-3848] Net S04_AXI_arready in module/entity bd_90f7 does not have driver. [d:/int8-matmul-accelerator/matmul/matmul.gen/sources_1/bd/gemm_block/ip/gemm_block_axi_smc_1_0/bd_0/synth/bd_90f7.v:282]
WARNING: [Synth 8-3848] Net S04_AXI_awready in module/entity bd_90f7 does not have driver. [d:/int8-matmul-accelerator/matmul/matmul.gen/sources_1/bd/gemm_block/ip/gemm_block_axi_smc_1_0/bd_0/synth/bd_90f7.v:292]
WARNING: [Synth 8-3848] Net S04_AXI_bresp in module/entity bd_90f7 does not have driver. [d:/int8-matmul-accelerator/matmul/matmul.gen/sources_1/bd/gemm_block/ip/gemm_block_axi_smc_1_0/bd_0/synth/bd_90f7.v:296]
WARNING: [Synth 8-3848] Net S04_AXI_bvalid in module/entity bd_90f7 does not have driver. [d:/int8-matmul-accelerator/matmul/matmul.gen/sources_1/bd/gemm_block/ip/gemm_block_axi_smc_1_0/bd_0/synth/bd_90f7.v:297]
WARNING: [Synth 8-3848] Net S04_AXI_rdata in module/entity bd_90f7 does not have driver. [d:/int8-matmul-accelerator/matmul/matmul.gen/sources_1/bd/gemm_block/ip/gemm_block_axi_smc_1_0/bd_0/synth/bd_90f7.v:298]
WARNING: [Synth 8-3848] Net S04_AXI_rlast in module/entity bd_90f7 does not have driver. [d:/int8-matmul-accelerator/matmul/matmul.gen/sources_1/bd/gemm_block/ip/gemm_block_axi_smc_1_0/bd_0/synth/bd_90f7.v:299]
WARNING: [Synth 8-3848] Net S04_AXI_rresp in module/entity bd_90f7 does not have driver. [d:/int8-matmul-accelerator/matmul/matmul.gen/sources_1/bd/gemm_block/ip/gemm_block_axi_smc_1_0/bd_0/synth/bd_90f7.v:301]
WARNING: [Synth 8-3848] Net S04_AXI_rvalid in module/entity bd_90f7 does not have driver. [d:/int8-matmul-accelerator/matmul/matmul.gen/sources_1/bd/gemm_block/ip/gemm_block_axi_smc_1_0/bd_0/synth/bd_90f7.v:302]
WARNING: [Synth 8-3848] Net S04_AXI_wready in module/entity bd_90f7 does not have driver. [d:/int8-matmul-accelerator/matmul/matmul.gen/sources_1/bd/gemm_block/ip/gemm_block_axi_smc_1_0/bd_0/synth/bd_90f7.v:305]
WARNING: [Synth 8-3848] Net dp_audio_ref_clk in module/entity zynq_ultra_ps_e_v3_5_8_zynq_ultra_ps_e does not have driver. [d:/int8-matmul-accelerator/matmul/matmul.gen/sources_1/bd/gemm_block/ip/gemm_block_zynq_ultra_ps_e_0_0/hdl/zynq_ultra_ps_e_v3_5_8.v:344]
WARNING: [Synth 8-3848] Net irq_ipi_pl_0 in module/entity zynq_ultra_ps_e_v3_5_8_zynq_ultra_ps_e does not have driver. [d:/int8-matmul-accelerator/matmul/matmul.gen/sources_1/bd/gemm_block/ip/gemm_block_zynq_ultra_ps_e_0_0/hdl/zynq_ultra_ps_e_v3_5_8.v:1364]
WARNING: [Synth 8-3848] Net irq_ipi_pl_1 in module/entity zynq_ultra_ps_e_v3_5_8_zynq_ultra_ps_e does not have driver. [d:/int8-matmul-accelerator/matmul/matmul.gen/sources_1/bd/gemm_block/ip/gemm_block_zynq_ultra_ps_e_0_0/hdl/zynq_ultra_ps_e_v3_5_8.v:1365]
WARNING: [Synth 8-3848] Net irq_ipi_pl_2 in module/entity zynq_ultra_ps_e_v3_5_8_zynq_ultra_ps_e does not have driver. [d:/int8-matmul-accelerator/matmul/matmul.gen/sources_1/bd/gemm_block/ip/gemm_block_zynq_ultra_ps_e_0_0/hdl/zynq_ultra_ps_e_v3_5_8.v:1366]
WARNING: [Synth 8-3848] Net irq_ipi_pl_3 in module/entity zynq_ultra_ps_e_v3_5_8_zynq_ultra_ps_e does not have driver. [d:/int8-matmul-accelerator/matmul/matmul.gen/sources_1/bd/gemm_block/ip/gemm_block_zynq_ultra_ps_e_0_0/hdl/zynq_ultra_ps_e_v3_5_8.v:1367]
WARNING: [Synth 8-3848] Net ps_pl_irq_usb3_0_otg in module/entity zynq_ultra_ps_e_v3_5_8_zynq_ultra_ps_e does not have driver. [d:/int8-matmul-accelerator/matmul/matmul.gen/sources_1/bd/gemm_block/ip/gemm_block_zynq_ultra_ps_e_0_0/hdl/zynq_ultra_ps_e_v3_5_8.v:1439]
WARNING: [Synth 8-3848] Net ps_pl_irq_usb3_1_otg in module/entity zynq_ultra_ps_e_v3_5_8_zynq_ultra_ps_e does not have driver. [d:/int8-matmul-accelerator/matmul/matmul.gen/sources_1/bd/gemm_block/ip/gemm_block_zynq_ultra_ps_e_0_0/hdl/zynq_ultra_ps_e_v3_5_8.v:1441]
WARNING: [Synth 8-7129] Port dp_audio_ref_clk in module zynq_ultra_ps_e_v3_5_8_zynq_ultra_ps_e is either unconnected or has no load
WARNING: [Synth 8-7129] Port irq_ipi_pl_0 in module zynq_ultra_ps_e_v3_5_8_zynq_ultra_ps_e is either unconnected or has no load
WARNING: [Synth 8-7129] Port irq_ipi_pl_1 in module zynq_ultra_ps_e_v3_5_8_zynq_ultra_ps_e is either unconnected or has no load
WARNING: [Synth 8-7129] Port irq_ipi_pl_2 in module zynq_ultra_ps_e_v3_5_8_zynq_ultra_ps_e is either unconnected or has no load
WARNING: [Synth 8-7129] Port irq_ipi_pl_3 in module zynq_ultra_ps_e_v3_5_8_zynq_ultra_ps_e is either unconnected or has no load
WARNING: [Synth 8-7129] Port ps_pl_irq_usb3_0_otg in module zynq_ultra_ps_e_v3_5_8_zynq_ultra_ps_e is either unconnected or has no load
WARNING: [Synth 8-7129] Port ps_pl_irq_usb3_1_otg in module zynq_ultra_ps_e_v3_5_8_zynq_ultra_ps_e is either unconnected or has no load
WARNING: [Synth 8-7129] Port saxihpc0_fpd_rclk in module zynq_ultra_ps_e_v3_5_8_zynq_ultra_ps_e is either unconnected or has no load
WARNING: [Synth 8-7129] Port saxihpc0_fpd_wclk in module zynq_ultra_ps_e_v3_5_8_zynq_ultra_ps_e is either unconnected or has no load
WARNING: [Synth 8-7129] Port saxihpc1_fpd_rclk in module zynq_ultra_ps_e_v3_5_8_zynq_ultra_ps_e is either unconnected or has no load
WARNING: [Synth 8-7129] Port saxihpc1_fpd_wclk in module zynq_ultra_ps_e_v3_5_8_zynq_ultra_ps_e is either unconnected or has no load
WARNING: [Synth 8-7129] Port saxihp0_fpd_rclk in module zynq_ultra_ps_e_v3_5_8_zynq_ultra_ps_e is either unconnected or has no load
WARNING: [Synth 8-7129] Port saxihp0_fpd_wclk in module zynq_ultra_ps_e_v3_5_8_zynq_ultra_ps_e is either unconnected or has no load
WARNING: [Synth 8-7129] Port saxihp1_fpd_rclk in module zynq_ultra_ps_e_v3_5_8_zynq_ultra_ps_e is either unconnected or has no load
WARNING: [Synth 8-7129] Port saxihp1_fpd_wclk in module zynq_ultra_ps_e_v3_5_8_zynq_ultra_ps_e is either unconnected or has no load
WARNING: [Synth 8-7129] Port saxihp2_fpd_rclk in module zynq_ultra_ps_e_v3_5_8_zynq_ultra_ps_e is either unconnected or has no load
WARNING: [Synth 8-7129] Port saxihp2_fpd_wclk in module zynq_ultra_ps_e_v3_5_8_zynq_ultra_ps_e is either unconnected or has no load
WARNING: [Synth 8-7129] Port saxihp3_fpd_rclk in module zynq_ultra_ps_e_v3_5_8_zynq_ultra_ps_e is either unconnected or has no load
WARNING: [Synth 8-7129] Port saxihp3_fpd_wclk in module zynq_ultra_ps_e_v3_5_8_zynq_ultra_ps_e is either unconnected or has no load
WARNING: [Synth 8-7129] Port saxi_lpd_rclk in module zynq_ultra_ps_e_v3_5_8_zynq_ultra_ps_e is either unconnected or has no load
WARNING: [Synth 8-7129] Port saxi_lpd_wclk in module zynq_ultra_ps_e_v3_5_8_zynq_ultra_ps_e is either unconnected or has no load
WARNING: [Synth 8-7129] Port sacefpd_awuser[15] in module zynq_ultra_ps_e_v3_5_8_zynq_ultra_ps_e is either unconnected or has no load
WARNING: [Synth 8-7129] Port sacefpd_awuser[14] in module zynq_ultra_ps_e_v3_5_8_zynq_ultra_ps_e is either unconnected or has no load
WARNING: [Synth 8-7129] Port sacefpd_awuser[13] in module zynq_ultra_ps_e_v3_5_8_zynq_ultra_ps_e is either unconnected or has no load
WARNING: [Synth 8-7129] Port sacefpd_awuser[12] in module zynq_ultra_ps_e_v3_5_8_zynq_ultra_ps_e is either unconnected or has no load
WARNING: [Synth 8-7129] Port sacefpd_awuser[11] in module zynq_ultra_ps_e_v3_5_8_zynq_ultra_ps_e is either unconnected or has no load
WARNING: [Synth 8-7129] Port sacefpd_awuser[10] in module zynq_ultra_ps_e_v3_5_8_zynq_ultra_ps_e is either unconnected or has no load
WARNING: [Synth 8-7129] Port sacefpd_awuser[9] in module zynq_ultra_ps_e_v3_5_8_zynq_ultra_ps_e is either unconnected or has no load
WARNING: [Synth 8-7129] Port sacefpd_awuser[8] in module zynq_ultra_ps_e_v3_5_8_zynq_ultra_ps_e is either unconnected or has no load
WARNING: [Synth 8-7129] Port sacefpd_awuser[7] in module zynq_ultra_ps_e_v3_5_8_zynq_ultra_ps_e is either unconnected or has no load
WARNING: [Synth 8-7129] Port sacefpd_awuser[6] in module zynq_ultra_ps_e_v3_5_8_zynq_ultra_ps_e is either unconnected or has no load
WARNING: [Synth 8-7129] Port sacefpd_aruser[15] in module zynq_ultra_ps_e_v3_5_8_zynq_ultra_ps_e is either unconnected or has no load
WARNING: [Synth 8-7129] Port sacefpd_aruser[14] in module zynq_ultra_ps_e_v3_5_8_zynq_ultra_ps_e is either unconnected or has no load
WARNING: [Synth 8-7129] Port sacefpd_aruser[13] in module zynq_ultra_ps_e_v3_5_8_zynq_ultra_ps_e is either unconnected or has no load
WARNING: [Synth 8-7129] Port sacefpd_aruser[12] in module zynq_ultra_ps_e_v3_5_8_zynq_ultra_ps_e is either unconnected or has no load
WARNING: [Synth 8-7129] Port sacefpd_aruser[11] in module zynq_ultra_ps_e_v3_5_8_zynq_ultra_ps_e is either unconnected or has no load
WARNING: [Synth 8-7129] Port sacefpd_aruser[10] in module zynq_ultra_ps_e_v3_5_8_zynq_ultra_ps_e is either unconnected or has no load
WARNING: [Synth 8-7129] Port sacefpd_aruser[9] in module zynq_ultra_ps_e_v3_5_8_zynq_ultra_ps_e is either unconnected or has no load
WARNING: [Synth 8-7129] Port sacefpd_aruser[8] in module zynq_ultra_ps_e_v3_5_8_zynq_ultra_ps_e is either unconnected or has no load
WARNING: [Synth 8-7129] Port sacefpd_aruser[7] in module zynq_ultra_ps_e_v3_5_8_zynq_ultra_ps_e is either unconnected or has no load
WARNING: [Synth 8-7129] Port sacefpd_aruser[6] in module zynq_ultra_ps_e_v3_5_8_zynq_ultra_ps_e is either unconnected or has no load
WARNING: [Synth 8-7129] Port test_adc_clk[3] in module zynq_ultra_ps_e_v3_5_8_zynq_ultra_ps_e is either unconnected or has no load
WARNING: [Synth 8-7129] Port test_adc_clk[2] in module zynq_ultra_ps_e_v3_5_8_zynq_ultra_ps_e is either unconnected or has no load
WARNING: [Synth 8-7129] Port test_adc_clk[1] in module zynq_ultra_ps_e_v3_5_8_zynq_ultra_ps_e is either unconnected or has no load
WARNING: [Synth 8-7129] Port test_adc_clk[0] in module zynq_ultra_ps_e_v3_5_8_zynq_ultra_ps_e is either unconnected or has no load
WARNING: [Synth 8-7129] Port test_adc_in[31] in module zynq_ultra_ps_e_v3_5_8_zynq_ultra_ps_e is either unconnected or has no load
WARNING: [Synth 8-7129] Port test_adc_in[30] in module zynq_ultra_ps_e_v3_5_8_zynq_ultra_ps_e is either unconnected or has no load
WARNING: [Synth 8-7129] Port test_adc_in[29] in module zynq_ultra_ps_e_v3_5_8_zynq_ultra_ps_e is either unconnected or has no load
WARNING: [Synth 8-7129] Port test_adc_in[28] in module zynq_ultra_ps_e_v3_5_8_zynq_ultra_ps_e is either unconnected or has no load
WARNING: [Synth 8-7129] Port test_adc_in[27] in module zynq_ultra_ps_e_v3_5_8_zynq_ultra_ps_e is either unconnected or has no load
WARNING: [Synth 8-7129] Port test_adc_in[26] in module zynq_ultra_ps_e_v3_5_8_zynq_ultra_ps_e is either unconnected or has no load
WARNING: [Synth 8-7129] Port test_adc_in[25] in module zynq_ultra_ps_e_v3_5_8_zynq_ultra_ps_e is either unconnected or has no load
WARNING: [Synth 8-7129] Port test_adc_in[24] in module zynq_ultra_ps_e_v3_5_8_zynq_ultra_ps_e is either unconnected or has no load
WARNING: [Synth 8-7129] Port test_adc_in[23] in module zynq_ultra_ps_e_v3_5_8_zynq_ultra_ps_e is either unconnected or has no load
WARNING: [Synth 8-7129] Port test_adc_in[22] in module zynq_ultra_ps_e_v3_5_8_zynq_ultra_ps_e is either unconnected or has no load
WARNING: [Synth 8-7129] Port test_adc_in[21] in module zynq_ultra_ps_e_v3_5_8_zynq_ultra_ps_e is either unconnected or has no load
WARNING: [Synth 8-7129] Port test_adc_in[20] in module zynq_ultra_ps_e_v3_5_8_zynq_ultra_ps_e is either unconnected or has no load
WARNING: [Synth 8-7129] Port test_adc_in[19] in module zynq_ultra_ps_e_v3_5_8_zynq_ultra_ps_e is either unconnected or has no load
WARNING: [Synth 8-7129] Port test_adc_in[18] in module zynq_ultra_ps_e_v3_5_8_zynq_ultra_ps_e is either unconnected or has no load
WARNING: [Synth 8-7129] Port test_adc_in[17] in module zynq_ultra_ps_e_v3_5_8_zynq_ultra_ps_e is either unconnected or has no load
WARNING: [Synth 8-7129] Port test_adc_in[16] in module zynq_ultra_ps_e_v3_5_8_zynq_ultra_ps_e is either unconnected or has no load
WARNING: [Synth 8-7129] Port test_adc_in[15] in module zynq_ultra_ps_e_v3_5_8_zynq_ultra_ps_e is either unconnected or has no load
WARNING: [Synth 8-7129] Port test_adc_in[14] in module zynq_ultra_ps_e_v3_5_8_zynq_ultra_ps_e is either unconnected or has no load
WARNING: [Synth 8-7129] Port test_adc_in[13] in module zynq_ultra_ps_e_v3_5_8_zynq_ultra_ps_e is either unconnected or has no load
WARNING: [Synth 8-7129] Port test_adc_in[12] in module zynq_ultra_ps_e_v3_5_8_zynq_ultra_ps_e is either unconnected or has no load
WARNING: [Synth 8-7129] Port test_adc_in[11] in module zynq_ultra_ps_e_v3_5_8_zynq_ultra_ps_e is either unconnected or has no load
WARNING: [Synth 8-7129] Port test_adc_in[10] in module zynq_ultra_ps_e_v3_5_8_zynq_ultra_ps_e is either unconnected or has no load
WARNING: [Synth 8-7129] Port test_adc_in[9] in module zynq_ultra_ps_e_v3_5_8_zynq_ultra_ps_e is either unconnected or has no load
WARNING: [Synth 8-7129] Port test_adc_in[8] in module zynq_ultra_ps_e_v3_5_8_zynq_ultra_ps_e is either unconnected or has no load
WARNING: [Synth 8-7129] Port test_adc_in[7] in module zynq_ultra_ps_e_v3_5_8_zynq_ultra_ps_e is either unconnected or has no load
WARNING: [Synth 8-7129] Port test_adc_in[6] in module zynq_ultra_ps_e_v3_5_8_zynq_ultra_ps_e is either unconnected or has no load
WARNING: [Synth 8-7129] Port test_adc_in[5] in module zynq_ultra_ps_e_v3_5_8_zynq_ultra_ps_e is either unconnected or has no load
WARNING: [Synth 8-7129] Port test_adc_in[4] in module zynq_ultra_ps_e_v3_5_8_zynq_ultra_ps_e is either unconnected or has no load
WARNING: [Synth 8-7129] Port test_adc_in[3] in module zynq_ultra_ps_e_v3_5_8_zynq_ultra_ps_e is either unconnected or has no load
WARNING: [Synth 8-7129] Port test_adc_in[2] in module zynq_ultra_ps_e_v3_5_8_zynq_ultra_ps_e is either unconnected or has no load
WARNING: [Synth 8-7129] Port test_adc_in[1] in module zynq_ultra_ps_e_v3_5_8_zynq_ultra_ps_e is either unconnected or has no load
WARNING: [Synth 8-7129] Port test_adc_in[0] in module zynq_ultra_ps_e_v3_5_8_zynq_ultra_ps_e is either unconnected or has no load
WARNING: [Synth 8-7129] Port test_adc2_in[31] in module zynq_ultra_ps_e_v3_5_8_zynq_ultra_ps_e is either unconnected or has no load
WARNING: [Synth 8-7129] Port test_adc2_in[30] in module zynq_ultra_ps_e_v3_5_8_zynq_ultra_ps_e is either unconnected or has no load
WARNING: [Synth 8-7129] Port test_adc2_in[29] in module zynq_ultra_ps_e_v3_5_8_zynq_ultra_ps_e is either unconnected or has no load
WARNING: [Synth 8-7129] Port test_adc2_in[28] in module zynq_ultra_ps_e_v3_5_8_zynq_ultra_ps_e is either unconnected or has no load
WARNING: [Synth 8-7129] Port test_adc2_in[27] in module zynq_ultra_ps_e_v3_5_8_zynq_ultra_ps_e is either unconnected or has no load
WARNING: [Synth 8-7129] Port test_adc2_in[26] in module zynq_ultra_ps_e_v3_5_8_zynq_ultra_ps_e is either unconnected or has no load
WARNING: [Synth 8-7129] Port test_adc2_in[25] in module zynq_ultra_ps_e_v3_5_8_zynq_ultra_ps_e is either unconnected or has no load
WARNING: [Synth 8-7129] Port test_adc2_in[24] in module zynq_ultra_ps_e_v3_5_8_zynq_ultra_ps_e is either unconnected or has no load
WARNING: [Synth 8-7129] Port test_adc2_in[23] in module zynq_ultra_ps_e_v3_5_8_zynq_ultra_ps_e is either unconnected or has no load
WARNING: [Synth 8-7129] Port test_adc2_in[22] in module zynq_ultra_ps_e_v3_5_8_zynq_ultra_ps_e is either unconnected or has no load
WARNING: [Synth 8-7129] Port test_adc2_in[21] in module zynq_ultra_ps_e_v3_5_8_zynq_ultra_ps_e is either unconnected or has no load
WARNING: [Synth 8-7129] Port test_adc2_in[20] in module zynq_ultra_ps_e_v3_5_8_zynq_ultra_ps_e is either unconnected or has no load
WARNING: [Synth 8-7129] Port test_adc2_in[19] in module zynq_ultra_ps_e_v3_5_8_zynq_ultra_ps_e is either unconnected or has no load
WARNING: [Synth 8-7129] Port test_adc2_in[18] in module zynq_ultra_ps_e_v3_5_8_zynq_ultra_ps_e is either unconnected or has no load
WARNING: [Synth 8-7129] Port test_adc2_in[17] in module zynq_ultra_ps_e_v3_5_8_zynq_ultra_ps_e is either unconnected or has no load
WARNING: [Synth 8-7129] Port test_adc2_in[16] in module zynq_ultra_ps_e_v3_5_8_zynq_ultra_ps_e is either unconnected or has no load
WARNING: [Synth 8-7129] Port test_adc2_in[15] in module zynq_ultra_ps_e_v3_5_8_zynq_ultra_ps_e is either unconnected or has no load
WARNING: [Synth 8-7129] Port test_adc2_in[14] in module zynq_ultra_ps_e_v3_5_8_zynq_ultra_ps_e is either unconnected or has no load
WARNING: [Synth 8-7129] Port test_adc2_in[13] in module zynq_ultra_ps_e_v3_5_8_zynq_ultra_ps_e is either unconnected or has no load
WARNING: [Synth 8-7129] Port test_adc2_in[12] in module zynq_ultra_ps_e_v3_5_8_zynq_ultra_ps_e is either unconnected or has no load
WARNING: [Synth 8-7129] Port test_adc2_in[11] in module zynq_ultra_ps_e_v3_5_8_zynq_ultra_ps_e is either unconnected or has no load
WARNING: [Synth 8-7129] Port test_adc2_in[10] in module zynq_ultra_ps_e_v3_5_8_zynq_ultra_ps_e is either unconnected or has no load
WARNING: [Synth 8-7129] Port test_adc2_in[9] in module zynq_ultra_ps_e_v3_5_8_zynq_ultra_ps_e is either unconnected or has no load
INFO: [Common 17-14] Message 'Synth 8-7129' appears 100 times and further instances of the messages will be disabled. Use the Tcl command set_msg_config to change the current settings.
---------------------------------------------------------------------------------
Finished RTL Elaboration : Time (s): cpu = 00:00:51 ; elapsed = 00:00:56 . Memory (MB): peak = 2632.062 ; gain = 887.336
---------------------------------------------------------------------------------
---------------------------------------------------------------------------------
Start Handling Custom Attributes
---------------------------------------------------------------------------------
---------------------------------------------------------------------------------
Finished Handling Custom Attributes : Time (s): cpu = 00:00:52 ; elapsed = 00:00:57 . Memory (MB): peak = 2632.062 ; gain = 887.336
---------------------------------------------------------------------------------
---------------------------------------------------------------------------------
Finished RTL Optimization Phase 1 : Time (s): cpu = 00:00:52 ; elapsed = 00:00:57 . Memory (MB): peak = 2632.062 ; gain = 887.336
---------------------------------------------------------------------------------
Netlist sorting complete. Time (s): cpu = 00:00:13 ; elapsed = 00:00:14 . Memory (MB): peak = 3330.082 ; gain = 0.000
INFO: [Netlist 29-17] Analyzing 3 Unisim elements for replacement
INFO: [Netlist 29-28] Unisim Transformation completed in 0 CPU seconds
INFO: [Project 1-570] Preparing netlist for logic optimization

Processing XDC Constraints
Initializing timing engine
Parsing XDC File [d:/int8-matmul-accelerator/matmul/matmul.gen/sources_1/bd/gemm_block/ip/gemm_block_zynq_ultra_ps_e_0_0/gemm_block_zynq_ultra_ps_e_0_0.xdc] for cell 'zynq_ultra_ps_e_0/inst'
create_clock: Time (s): cpu = 00:00:10 ; elapsed = 00:00:10 . Memory (MB): peak = 3788.117 ; gain = 36.984
Finished Parsing XDC File [d:/int8-matmul-accelerator/matmul/matmul.gen/sources_1/bd/gemm_block/ip/gemm_block_zynq_ultra_ps_e_0_0/gemm_block_zynq_ultra_ps_e_0_0.xdc] for cell 'zynq_ultra_ps_e_0/inst'
Parsing XDC File [d:/int8-matmul-accelerator/matmul/matmul.gen/sources_1/bd/gemm_block/ip/gemm_block_axi_dma_0_0/gemm_block_axi_dma_0_0.xdc] for cell 'axi_dma_0/U0'
Finished Parsing XDC File [d:/int8-matmul-accelerator/matmul/matmul.gen/sources_1/bd/gemm_block/ip/gemm_block_axi_dma_0_0/gemm_block_axi_dma_0_0.xdc] for cell 'axi_dma_0/U0'
Parsing XDC File [d:/int8-matmul-accelerator/matmul/matmul.gen/sources_1/bd/gemm_block/ip/gemm_block_axi_smc_0/bd_0/ip/ip_1/bd_31d6_psr_aclk_0_board.xdc] for cell 'axi_smc/inst/clk_map/psr_aclk/U0'
Finished Parsing XDC File [d:/int8-matmul-accelerator/matmul/matmul.gen/sources_1/bd/gemm_block/ip/gemm_block_axi_smc_0/bd_0/ip/ip_1/bd_31d6_psr_aclk_0_board.xdc] for cell 'axi_smc/inst/clk_map/psr_aclk/U0'
Parsing XDC File [d:/int8-matmul-accelerator/matmul/matmul.gen/sources_1/bd/gemm_block/ip/gemm_block_axi_smc_0/smartconnect.xdc] for cell 'axi_smc/inst'
Finished Parsing XDC File [d:/int8-matmul-accelerator/matmul/matmul.gen/sources_1/bd/gemm_block/ip/gemm_block_axi_smc_0/smartconnect.xdc] for cell 'axi_smc/inst'
Parsing XDC File [d:/int8-matmul-accelerator/matmul/matmul.gen/sources_1/bd/gemm_block/ip/gemm_block_rst_ps8_0_99M_0/gemm_block_rst_ps8_0_99M_0_board.xdc] for cell 'rst_ps8_0_99M/U0'
Finished Parsing XDC File [d:/int8-matmul-accelerator/matmul/matmul.gen/sources_1/bd/gemm_block/ip/gemm_block_rst_ps8_0_99M_0/gemm_block_rst_ps8_0_99M_0_board.xdc] for cell 'rst_ps8_0_99M/U0'
Parsing XDC File [d:/int8-matmul-accelerator/matmul/matmul.gen/sources_1/bd/gemm_block/ip/gemm_block_axi_dma_1_0/gemm_block_axi_dma_1_0.xdc] for cell 'axi_dma_1/U0'
Finished Parsing XDC File [d:/int8-matmul-accelerator/matmul/matmul.gen/sources_1/bd/gemm_block/ip/gemm_block_axi_dma_1_0/gemm_block_axi_dma_1_0.xdc] for cell 'axi_dma_1/U0'
Parsing XDC File [d:/int8-matmul-accelerator/matmul/matmul.gen/sources_1/bd/gemm_block/ip/gemm_block_axi_smc_1_0/bd_0/ip/ip_1/bd_90f7_psr_aclk_0_board.xdc] for cell 'axi_smc_1/inst/clk_map/psr_aclk/U0'
Finished Parsing XDC File [d:/int8-matmul-accelerator/matmul/matmul.gen/sources_1/bd/gemm_block/ip/gemm_block_axi_smc_1_0/bd_0/ip/ip_1/bd_90f7_psr_aclk_0_board.xdc] for cell 'axi_smc_1/inst/clk_map/psr_aclk/U0'
Parsing XDC File [d:/int8-matmul-accelerator/matmul/matmul.gen/sources_1/bd/gemm_block/ip/gemm_block_axi_smc_1_0/smartconnect.xdc] for cell 'axi_smc_1/inst'
Finished Parsing XDC File [d:/int8-matmul-accelerator/matmul/matmul.gen/sources_1/bd/gemm_block/ip/gemm_block_axi_smc_1_0/smartconnect.xdc] for cell 'axi_smc_1/inst'
Parsing XDC File [d:/int8-matmul-accelerator/matmul/matmul.gen/sources_1/bd/gemm_block/ip/gemm_block_axi_gpio_0_0/gemm_block_axi_gpio_0_0_board.xdc] for cell 'axi_gpio_0/U0'
Finished Parsing XDC File [d:/int8-matmul-accelerator/matmul/matmul.gen/sources_1/bd/gemm_block/ip/gemm_block_axi_gpio_0_0/gemm_block_axi_gpio_0_0_board.xdc] for cell 'axi_gpio_0/U0'
Parsing XDC File [d:/int8-matmul-accelerator/matmul/matmul.gen/sources_1/bd/gemm_block/ip/gemm_block_axi_gpio_1_0/gemm_block_axi_gpio_1_0_board.xdc] for cell 'axi_gpio_1/U0'
Finished Parsing XDC File [d:/int8-matmul-accelerator/matmul/matmul.gen/sources_1/bd/gemm_block/ip/gemm_block_axi_gpio_1_0/gemm_block_axi_gpio_1_0_board.xdc] for cell 'axi_gpio_1/U0'
Parsing XDC File [d:/int8-matmul-accelerator/matmul/matmul.gen/sources_1/bd/gemm_block/gemm_block_ooc.xdc]
Finished Parsing XDC File [d:/int8-matmul-accelerator/matmul/matmul.gen/sources_1/bd/gemm_block/gemm_block_ooc.xdc]
Parsing XDC File [D:/int8-matmul-accelerator/matmul/matmul.runs/gemm_block_synth_1/dont_touch.xdc]
Finished Parsing XDC File [D:/int8-matmul-accelerator/matmul/matmul.runs/gemm_block_synth_1/dont_touch.xdc]
INFO: [Project 1-236] Implementation specific constraints were found while reading constraint file [D:/int8-matmul-accelerator/matmul/matmul.runs/gemm_block_synth_1/dont_touch.xdc]. These constraints will be ignored for synthesis but will be used in implementation. Impacted constraints are listed in the file [.Xil/gemm_block_propImpl.xdc].
Resolution: To avoid this warning, move constraints listed in [.Xil/gemm_block_propImpl.xdc] to another XDC file and exclude this new file from synthesis with the used_in_synthesis property (File Properties dialog in GUI) and re-run elaboration/synthesis.
Parsing XDC File [d:/int8-matmul-accelerator/matmul/matmul.gen/sources_1/bd/gemm_block/ip/gemm_block_axi_dma_0_0/gemm_block_axi_dma_0_0_clocks.xdc] for cell 'axi_dma_0/U0'
Finished Parsing XDC File [d:/int8-matmul-accelerator/matmul/matmul.gen/sources_1/bd/gemm_block/ip/gemm_block_axi_dma_0_0/gemm_block_axi_dma_0_0_clocks.xdc] for cell 'axi_dma_0/U0'
Parsing XDC File [d:/int8-matmul-accelerator/matmul/matmul.gen/sources_1/bd/gemm_block/ip/gemm_block_axi_dma_1_0/gemm_block_axi_dma_1_0_clocks.xdc] for cell 'axi_dma_1/U0'
Finished Parsing XDC File [d:/int8-matmul-accelerator/matmul/matmul.gen/sources_1/bd/gemm_block/ip/gemm_block_axi_dma_1_0/gemm_block_axi_dma_1_0_clocks.xdc] for cell 'axi_dma_1/U0'
INFO: [Project 1-236] Implementation specific constraints were found while reading constraint file [D:/Apps/Study/Vivado/2025.2/Vivado/data/ip/xpm/xpm_cdc/tcl/xpm_cdc_array_single.tcl]. These constraints will be ignored for synthesis but will be used in implementation. Impacted constraints are listed in the file [.Xil/gemm_block_propImpl.xdc].
Resolution: To avoid this warning, move constraints listed in [.Xil/gemm_block_propImpl.xdc] to another XDC file and exclude this new file from synthesis with the used_in_synthesis property (File Properties dialog in GUI) and re-run elaboration/synthesis.
INFO: [Project 1-236] Implementation specific constraints were found while reading constraint file [D:/Apps/Study/Vivado/2025.2/Vivado/data/ip/xpm/xpm_cdc/tcl/xpm_cdc_single.tcl]. These constraints will be ignored for synthesis but will be used in implementation. Impacted constraints are listed in the file [.Xil/gemm_block_propImpl.xdc].
Resolution: To avoid this warning, move constraints listed in [.Xil/gemm_block_propImpl.xdc] to another XDC file and exclude this new file from synthesis with the used_in_synthesis property (File Properties dialog in GUI) and re-run elaboration/synthesis.
INFO: [Project 1-236] Implementation specific constraints were found while reading constraint file [D:/Apps/Study/Vivado/2025.2/Vivado/data/ip/xpm/xpm_fifo/tcl/xpm_fifo_rst.tcl]. These constraints will be ignored for synthesis but will be used in implementation. Impacted constraints are listed in the file [.Xil/gemm_block_propImpl.xdc].
Resolution: To avoid this warning, move constraints listed in [.Xil/gemm_block_propImpl.xdc] to another XDC file and exclude this new file from synthesis with the used_in_synthesis property (File Properties dialog in GUI) and re-run elaboration/synthesis.
INFO: [Project 1-236] Implementation specific constraints were found while reading constraint file [D:/Apps/Study/Vivado/2025.2/Vivado/data/ip/xpm/xpm_memory/tcl/xpm_memory_xdc.tcl]. These constraints will be ignored for synthesis but will be used in implementation. Impacted constraints are listed in the file [.Xil/gemm_block_propImpl.xdc].
Resolution: To avoid this warning, move constraints listed in [.Xil/gemm_block_propImpl.xdc] to another XDC file and exclude this new file from synthesis with the used_in_synthesis property (File Properties dialog in GUI) and re-run elaboration/synthesis.
INFO: [Project 1-1714] 165 XPM XDC files have been applied to the design.
Completed Processing XDC Constraints

Netlist sorting complete. Time (s): cpu = 00:00:00 ; elapsed = 00:00:00.211 . Memory (MB): peak = 3813.941 ; gain = 0.000
INFO: [Project 1-111] Unisim Transformation Summary:
  A total of 3 instances were transformed.
  SRL16 => SRL16E: 3 instances

Constraint Validation Runtime : Time (s): cpu = 00:00:04 ; elapsed = 00:00:05 . Memory (MB): peak = 3813.941 ; gain = 0.000
INFO: [Designutils 20-5008] Incremental synthesis strategy off
---------------------------------------------------------------------------------
Finished Constraint Validation : Time (s): cpu = 00:03:30 ; elapsed = 00:03:36 . Memory (MB): peak = 3813.941 ; gain = 2069.215
---------------------------------------------------------------------------------
---------------------------------------------------------------------------------
Start Loading Part and Timing Information
---------------------------------------------------------------------------------
Loading part: xck26-sfvc784-2LV-c
INFO: [Synth 8-6742] Reading net delay rules and data
---------------------------------------------------------------------------------
Finished Loading Part and Timing Information : Time (s): cpu = 00:03:30 ; elapsed = 00:03:36 . Memory (MB): peak = 3813.941 ; gain = 2069.215
---------------------------------------------------------------------------------
---------------------------------------------------------------------------------
Start Applying 'set_property' XDC Constraints
---------------------------------------------------------------------------------
---------------------------------------------------------------------------------
Finished applying 'set_property' XDC Constraints : Time (s): cpu = 00:03:30 ; elapsed = 00:03:36 . Memory (MB): peak = 3813.941 ; gain = 2069.215
---------------------------------------------------------------------------------
INFO: [Synth 8-802] inferred FSM for state register 'smpl_cs_reg' in module 'axi_dma_smple_sm'
INFO: [Synth 8-802] inferred FSM for state register 'sig_pcc_sm_state_reg' in module 'axi_datamover_pcc'
INFO: [Synth 8-802] inferred FSM for state register 'gen_fwft.curr_fwft_state_reg' in module 'xpm_fifo_base'
INFO: [Synth 8-802] inferred FSM for state register 'sig_psm_state_reg' in module 'axi_datamover_ibttcc'
INFO: [Synth 8-802] inferred FSM for state register 'sig_csm_state_reg' in module 'axi_datamover_ibttcc'
INFO: [Synth 8-802] inferred FSM for state register 'gen_fwft.curr_fwft_state_reg' in module 'xpm_fifo_base__parameterized0'
INFO: [Synth 8-802] inferred FSM for state register 'sig_cmdcntl_sm_state_reg' in module 'axi_datamover_s2mm_realign'
INFO: [Synth 8-802] inferred FSM for state register 'gen_fwft.curr_fwft_state_reg' in module 'xpm_fifo_base__parameterized1'
INFO: [Synth 8-802] inferred FSM for state register 'gen_fwft.curr_fwft_state_reg' in module 'xpm_fifo_base__parameterized2'
INFO: [Synth 8-802] inferred FSM for state register 'state_reg' in module 'slave_attachment'
INFO: [Synth 8-802] inferred FSM for state register 'gen_axi.gen_write.write_cs_reg' in module 'sc_mmu_v1_0_16_decerr_slave'
INFO: [Synth 8-802] inferred FSM for state register 'gen_endpoint.w_state_reg' in module 'sc_mmu_v1_0_16_top'
INFO: [Synth 8-802] inferred FSM for state register 'gen_endpoint.r_state_reg' in module 'sc_mmu_v1_0_16_top'
INFO: [Synth 8-802] inferred FSM for state register 'w_state_reg' in module 'sc_si_converter_v1_0_16_axilite_conv'
INFO: [Synth 8-802] inferred FSM for state register 'r_state_reg' in module 'sc_si_converter_v1_0_16_axilite_conv'
INFO: [Synth 8-802] inferred FSM for state register 'gen_endpoint.w_state_reg' in module 'sc_mmu_v1_0_16_top__parameterized0'
INFO: [Synth 8-802] inferred FSM for state register 'gen_endpoint.r_state_reg' in module 'sc_mmu_v1_0_16_top__parameterized0'
INFO: [Synth 8-4490] FSM extraction disabled for register 'gen_pipelined.state_reg' through user attribute
INFO: [Synth 8-4490] FSM extraction disabled for register 'gen_pipelined.state_reg' through user attribute
INFO: [Synth 8-4490] FSM extraction disabled for register 'gen_pipelined.state_reg' through user attribute
INFO: [Synth 8-4490] FSM extraction disabled for register 'gen_pipelined.state_reg' through user attribute
INFO: [Synth 8-4490] FSM extraction disabled for register 'gen_pipelined.state_reg' through user attribute
INFO: [Synth 8-4490] FSM extraction disabled for register 'gen_pipelined.state_reg' through user attribute
INFO: [Synth 8-4490] FSM extraction disabled for register 'gen_AB_reg_slice.state_reg' through user attribute
INFO: [Synth 8-4490] FSM extraction disabled for register 'gen_AB_reg_slice.state_reg' through user attribute
INFO: [Synth 8-802] inferred FSM for state register 'gen_axi.gen_write.write_cs_reg' in module 'sc_mmu_v1_0_16_decerr_slave__parameterized0'
INFO: [Synth 8-802] inferred FSM for state register 'gen_endpoint.w_state_reg' in module 'sc_mmu_v1_0_16_top__parameterized1'
INFO: [Synth 8-802] inferred FSM for state register 'gen_endpoint.r_state_reg' in module 'sc_mmu_v1_0_16_top__parameterized1'
INFO: [Synth 8-4490] FSM extraction disabled for register 'gen_pipelined.state_reg' through user attribute
INFO: [Synth 8-4490] FSM extraction disabled for register 'gen_pipelined.state_reg' through user attribute
INFO: [Synth 8-4490] FSM extraction disabled for register 'gen_AB_reg_slice.state_reg' through user attribute
INFO: [Synth 8-4490] FSM extraction disabled for register 'gen_AB_reg_slice.state_reg' through user attribute
INFO: [Synth 8-802] inferred FSM for state register 'gen_endpoint.w_state_reg' in module 'sc_mmu_v1_0_16_top__parameterized2'
INFO: [Synth 8-802] inferred FSM for state register 'gen_endpoint.r_state_reg' in module 'sc_mmu_v1_0_16_top__parameterized2'
INFO: [Synth 8-802] inferred FSM for state register 'state_reg' in module 'systolic_dataflow_ctrl'
INFO: [Synth 8-802] inferred FSM for state register 'gen_fwft.curr_fwft_state_reg' in module 'xpm_fifo_base__parameterized3'
---------------------------------------------------------------------------------------------------
                   State |                     New Encoding |                Previous Encoding 
---------------------------------------------------------------------------------------------------
                    idle |                               00 |                               00
            execute_xfer |                               01 |                               01
             wait_status |                               10 |                               10
---------------------------------------------------------------------------------------------------
INFO: [Synth 8-3354] encoded FSM with state register 'smpl_cs_reg' using encoding 'sequential' in module 'axi_dma_smple_sm'
---------------------------------------------------------------------------------------------------
                   State |                     New Encoding |                Previous Encoding 
---------------------------------------------------------------------------------------------------
                    init |                         00000001 |                              000
            wait_for_cmd |                         00000010 |                              001
                  calc_1 |                         00000100 |                              010
                  calc_2 |                         00001000 |                              011
                  calc_3 |                         00010000 |                              100
       wait_on_xfer_push |                         00100000 |                              101
             chk_if_done |                         01000000 |                              110
              error_trap |                         10000000 |                              111
---------------------------------------------------------------------------------------------------
INFO: [Synth 8-3354] encoded FSM with state register 'sig_pcc_sm_state_reg' using encoding 'one-hot' in module 'axi_datamover_pcc'
INFO: [Synth 8-5775] Found 'rw_addr_collision' attribute set to 'no' on SDP RAM gen_wr_a.gen_word_narrow.mem_reg. Setting write mode to NO_CHANGE 
---------------------------------------------------------------------------------------------------
                   State |                     New Encoding |                Previous Encoding 
---------------------------------------------------------------------------------------------------
                 invalid |                               00 |                               00
            stage1_valid |                               01 |                               10
       both_stages_valid |                               10 |                               11
            stage2_valid |                               11 |                               01
---------------------------------------------------------------------------------------------------
INFO: [Synth 8-3354] encoded FSM with state register 'gen_fwft.curr_fwft_state_reg' using encoding 'sequential' in module 'xpm_fifo_base'
---------------------------------------------------------------------------------------------------
                   State |                     New Encoding |                Previous Encoding 
---------------------------------------------------------------------------------------------------
                 ch_init |                          0000001 |                              000
           wait_for_pcmd |                          0000010 |                              001
          ch_error_trap1 |                          0000100 |                              101
          ch_error_trap2 |                          0001000 |                              110
      ch_wait_for_sf_cmd |                          0010000 |                              010
         ch_ld_child_cmd |                          0100000 |                              011
          ch_chk_if_done |                          1000000 |                              100
---------------------------------------------------------------------------------------------------
INFO: [Synth 8-3354] encoded FSM with state register 'sig_csm_state_reg' using encoding 'one-hot' in module 'axi_datamover_ibttcc'
---------------------------------------------------------------------------------------------------
                   State |                     New Encoding |                Previous Encoding 
---------------------------------------------------------------------------------------------------
                  p_init |                              000 |                              000
          p_wait_for_cmd |                              001 |                              001
          p_ld_first_cmd |                              010 |                              010
          p_ld_child_cmd |                              011 |                              011
            p_error_trap |                              100 |                              111
           p_ld_last_cmd |                              101 |                              100
---------------------------------------------------------------------------------------------------
INFO: [Synth 8-3354] encoded FSM with state register 'sig_psm_state_reg' using encoding 'sequential' in module 'axi_datamover_ibttcc'
INFO: [Synth 8-6904] The RAM "xpm_memory_base__parameterized0:/gen_wr_a.gen_word_narrow.mem_reg" of size (depth=16 x width=23) is automatically implemented using LUTRAM. BRAM implementation would be inefficient 
---------------------------------------------------------------------------------------------------
                   State |                     New Encoding |                Previous Encoding 
---------------------------------------------------------------------------------------------------
                 invalid |                               00 |                               00
            stage1_valid |                               01 |                               10
       both_stages_valid |                               10 |                               11
            stage2_valid |                               11 |                               01
---------------------------------------------------------------------------------------------------
INFO: [Synth 8-3354] encoded FSM with state register 'gen_fwft.curr_fwft_state_reg' using encoding 'sequential' in module 'xpm_fifo_base__parameterized0'
---------------------------------------------------------------------------------------------------
                   State |                     New Encoding |                Previous Encoding 
---------------------------------------------------------------------------------------------------
                    init |                              000 |                              000
    ld_dre_scatter_first |                              001 |                              001
           chk_pop_first |                              010 |                              010
   ld_dre_scatter_second |                              011 |                              011
              error_trap |                              100 |                              101
          chk_pop_second |                              101 |                              100
---------------------------------------------------------------------------------------------------
INFO: [Synth 8-3354] encoded FSM with state register 'sig_cmdcntl_sm_state_reg' using encoding 'sequential' in module 'axi_datamover_s2mm_realign'
INFO: [Synth 8-6904] The RAM "xpm_memory_base__parameterized1:/gen_wr_a.gen_word_narrow.mem_reg" of size (depth=16 x width=13) is automatically implemented using LUTRAM. BRAM implementation would be inefficient 
---------------------------------------------------------------------------------------------------
                   State |                     New Encoding |                Previous Encoding 
---------------------------------------------------------------------------------------------------
                 invalid |                               00 |                               00
            stage1_valid |                               01 |                               10
       both_stages_valid |                               10 |                               11
            stage2_valid |                               11 |                               01
---------------------------------------------------------------------------------------------------
INFO: [Synth 8-3354] encoded FSM with state register 'gen_fwft.curr_fwft_state_reg' using encoding 'sequential' in module 'xpm_fifo_base__parameterized1'
INFO: [Synth 8-5775] Found 'rw_addr_collision' attribute set to 'no' on SDP RAM gen_wr_a.gen_word_narrow.mem_reg. Setting write mode to NO_CHANGE 
---------------------------------------------------------------------------------------------------
                   State |                     New Encoding |                Previous Encoding 
---------------------------------------------------------------------------------------------------
                 invalid |                               00 |                               00
            stage1_valid |                               01 |                               10
       both_stages_valid |                               10 |                               11
            stage2_valid |                               11 |                               01
---------------------------------------------------------------------------------------------------
INFO: [Synth 8-3354] encoded FSM with state register 'gen_fwft.curr_fwft_state_reg' using encoding 'sequential' in module 'xpm_fifo_base__parameterized2'
---------------------------------------------------------------------------------------------------
                   State |                     New Encoding |                Previous Encoding 
---------------------------------------------------------------------------------------------------
                 iSTATE2 |                             0001 |                               00
                  iSTATE |                             0010 |                               01
                 iSTATE0 |                             0100 |                               10
                 iSTATE1 |                             1000 |                               11
---------------------------------------------------------------------------------------------------
INFO: [Synth 8-3354] encoded FSM with state register 'state_reg' using encoding 'one-hot' in module 'slave_attachment'
---------------------------------------------------------------------------------------------------
                   State |                     New Encoding |                Previous Encoding 
---------------------------------------------------------------------------------------------------
            P_WRITE_IDLE |                              001 |                               00
            P_WRITE_DATA |                              010 |                               01
            P_WRITE_RESP |                              100 |                               10
---------------------------------------------------------------------------------------------------
INFO: [Synth 8-3354] encoded FSM with state register 'gen_axi.gen_write.write_cs_reg' using encoding 'one-hot' in module 'sc_mmu_v1_0_16_decerr_slave'
---------------------------------------------------------------------------------------------------
                   State |                     New Encoding |                Previous Encoding 
---------------------------------------------------------------------------------------------------
                  iSTATE |                               00 | 00000000000000000000000000000000
*
                 W_STALL |                               01 | 00000000000000000000000000000001
               W_PENDING |                               10 | 00000000000000000000000000000010
                W_DECERR |                               11 | 00000000000000000000000000000011
---------------------------------------------------------------------------------------------------
INFO: [Synth 8-3354] encoded FSM with state register 'gen_endpoint.w_state_reg' using encoding 'sequential' in module 'sc_mmu_v1_0_16_top'
---------------------------------------------------------------------------------------------------
                   State |                     New Encoding |                Previous Encoding 
---------------------------------------------------------------------------------------------------
                  iSTATE |                             0001 | 00000000000000000000000000000000
*
                 R_STALL |                             0010 | 00000000000000000000000000000001
               R_PENDING |                             0100 | 00000000000000000000000000000010
                R_DECERR |                             1000 | 00000000000000000000000000000011
---------------------------------------------------------------------------------------------------
INFO: [Synth 8-3354] encoded FSM with state register 'gen_endpoint.r_state_reg' using encoding 'one-hot' in module 'sc_mmu_v1_0_16_top'
---------------------------------------------------------------------------------------------------
                   State |                     New Encoding |                Previous Encoding 
---------------------------------------------------------------------------------------------------
                  W_IDLE |                              000 | 00000000000000000000000000000000
                    W_RX |                              001 | 00000000000000000000000000000001
                    W_TX |                              010 | 00000000000000000000000000000010
              W_COMPLETE |                              011 | 00000000000000000000000000000100
               W_RECOVER |                              100 | 00000000000000000000000000000011
---------------------------------------------------------------------------------------------------
INFO: [Synth 8-3354] encoded FSM with state register 'w_state_reg' using encoding 'sequential' in module 'sc_si_converter_v1_0_16_axilite_conv'
---------------------------------------------------------------------------------------------------
                   State |                     New Encoding |                Previous Encoding 
---------------------------------------------------------------------------------------------------
                  R_IDLE |                               00 | 00000000000000000000000000000000
               R_PENDING |                               01 | 00000000000000000000000000000001
                    R_RX |                               10 | 00000000000000000000000000000010
                    R_TX |                               11 | 00000000000000000000000000000011
---------------------------------------------------------------------------------------------------
INFO: [Synth 8-3354] encoded FSM with state register 'r_state_reg' using encoding 'sequential' in module 'sc_si_converter_v1_0_16_axilite_conv'
---------------------------------------------------------------------------------------------------
                   State |                     New Encoding |                Previous Encoding 
---------------------------------------------------------------------------------------------------
                  iSTATE |                               00 | 00000000000000000000000000000000
*
                 W_STALL |                               01 | 00000000000000000000000000000001
               W_PENDING |                               10 | 00000000000000000000000000000010
                W_DECERR |                               11 | 00000000000000000000000000000011
---------------------------------------------------------------------------------------------------
INFO: [Synth 8-3354] encoded FSM with state register 'gen_endpoint.w_state_reg' using encoding 'sequential' in module 'sc_mmu_v1_0_16_top__parameterized0'
---------------------------------------------------------------------------------------------------
                   State |                     New Encoding |                Previous Encoding 
---------------------------------------------------------------------------------------------------
                  iSTATE |                             0001 | 00000000000000000000000000000000
*
                 R_STALL |                             0010 | 00000000000000000000000000000001
               R_PENDING |                             0100 | 00000000000000000000000000000010
                R_DECERR |                             1000 | 00000000000000000000000000000011
---------------------------------------------------------------------------------------------------
INFO: [Synth 8-3354] encoded FSM with state register 'gen_endpoint.r_state_reg' using encoding 'one-hot' in module 'sc_mmu_v1_0_16_top__parameterized0'
---------------------------------------------------------------------------------------------------
                   State |                     New Encoding |                Previous Encoding 
---------------------------------------------------------------------------------------------------
            P_WRITE_IDLE |                              001 |                               00
            P_WRITE_DATA |                              010 |                               01
            P_WRITE_RESP |                              100 |                               10
---------------------------------------------------------------------------------------------------
INFO: [Synth 8-3354] encoded FSM with state register 'gen_axi.gen_write.write_cs_reg' using encoding 'one-hot' in module 'sc_mmu_v1_0_16_decerr_slave__parameterized0'
---------------------------------------------------------------------------------------------------
                   State |                     New Encoding |                Previous Encoding 
---------------------------------------------------------------------------------------------------
                  iSTATE |                               00 | 00000000000000000000000000000000
*
                 W_STALL |                               01 | 00000000000000000000000000000001
               W_PENDING |                               10 | 00000000000000000000000000000010
                W_DECERR |                               11 | 00000000000000000000000000000011
---------------------------------------------------------------------------------------------------
INFO: [Synth 8-3354] encoded FSM with state register 'gen_endpoint.w_state_reg' using encoding 'sequential' in module 'sc_mmu_v1_0_16_top__parameterized1'
---------------------------------------------------------------------------------------------------
                   State |                     New Encoding |                Previous Encoding 
---------------------------------------------------------------------------------------------------
                  iSTATE |                             0001 | 00000000000000000000000000000000
*
                 R_STALL |                             0010 | 00000000000000000000000000000001
               R_PENDING |                             0100 | 00000000000000000000000000000010
                R_DECERR |                             1000 | 00000000000000000000000000000011
---------------------------------------------------------------------------------------------------
INFO: [Synth 8-3354] encoded FSM with state register 'gen_endpoint.r_state_reg' using encoding 'one-hot' in module 'sc_mmu_v1_0_16_top__parameterized1'
---------------------------------------------------------------------------------------------------
                   State |                     New Encoding |                Previous Encoding 
---------------------------------------------------------------------------------------------------
                  iSTATE |                               00 | 00000000000000000000000000000000
*
                 W_STALL |                               01 | 00000000000000000000000000000001
               W_PENDING |                               10 | 00000000000000000000000000000010
                W_DECERR |                               11 | 00000000000000000000000000000011
---------------------------------------------------------------------------------------------------
INFO: [Synth 8-3354] encoded FSM with state register 'gen_endpoint.w_state_reg' using encoding 'sequential' in module 'sc_mmu_v1_0_16_top__parameterized2'
---------------------------------------------------------------------------------------------------
                   State |                     New Encoding |                Previous Encoding 
---------------------------------------------------------------------------------------------------
                  iSTATE |                             0001 | 00000000000000000000000000000000
*
                 R_STALL |                             0010 | 00000000000000000000000000000001
               R_PENDING |                             0100 | 00000000000000000000000000000010
                R_DECERR |                             1000 | 00000000000000000000000000000011
---------------------------------------------------------------------------------------------------
INFO: [Synth 8-3354] encoded FSM with state register 'gen_endpoint.r_state_reg' using encoding 'one-hot' in module 'sc_mmu_v1_0_16_top__parameterized2'
---------------------------------------------------------------------------------------------------
                   State |                     New Encoding |                Previous Encoding 
---------------------------------------------------------------------------------------------------
                    IDLE |                            00001 |                              000
                     RUN |                            00010 |                              001
                    DONE |                            00100 |                              010
           WAIT_SER_HIGH |                            01000 |                              011
            WAIT_SER_LOW |                            10000 |                              100
---------------------------------------------------------------------------------------------------
INFO: [Synth 8-3354] encoded FSM with state register 'state_reg' using encoding 'one-hot' in module 'systolic_dataflow_ctrl'
INFO: [Synth 8-5775] Found 'rw_addr_collision' attribute set to 'no' on SDP RAM gen_wr_a.gen_word_narrow.mem_reg. Setting write mode to NO_CHANGE 
---------------------------------------------------------------------------------------------------
                   State |                     New Encoding |                Previous Encoding 
---------------------------------------------------------------------------------------------------
                 invalid |                               00 |                               00
            stage1_valid |                               01 |                               10
       both_stages_valid |                               10 |                               11
            stage2_valid |                               11 |                               01
---------------------------------------------------------------------------------------------------
INFO: [Synth 8-3354] encoded FSM with state register 'gen_fwft.curr_fwft_state_reg' using encoding 'sequential' in module 'xpm_fifo_base__parameterized3'
---------------------------------------------------------------------------------
Finished RTL Optimization Phase 2 : Time (s): cpu = 00:03:49 ; elapsed = 00:03:57 . Memory (MB): peak = 3813.941 ; gain = 2069.215
---------------------------------------------------------------------------------
INFO: [Synth 8-5775] Found 'rw_addr_collision' attribute set to 'no' on SDP RAM gen_wr_a.gen_word_narrow.mem_reg. Setting write mode to NO_CHANGE 
INFO: [Synth 8-5775] Found 'rw_addr_collision' attribute set to 'no' on SDP RAM gen_wr_a.gen_word_narrow.mem_reg. Setting write mode to NO_CHANGE 
INFO: [Synth 8-5775] Found 'rw_addr_collision' attribute set to 'no' on SDP RAM gen_wr_a.gen_word_narrow.mem_reg. Setting write mode to NO_CHANGE 
INFO: [Synth 8-5775] Found 'rw_addr_collision' attribute set to 'no' on SDP RAM gen_wr_a.gen_word_narrow.mem_reg. Setting write mode to NO_CHANGE 
---------------------------------------------------------------------------------
Start RTL Component Statistics 
---------------------------------------------------------------------------------
---------------------------------------------------------------------------------
Finished RTL Component Statistics 
---------------------------------------------------------------------------------
---------------------------------------------------------------------------------
Start Part Resource Summary
---------------------------------------------------------------------------------
Part Resources:
DSPs: 1248 (col length:96)
BRAMs: 288 (col length: RAMB18 96 RAMB36 48)
---------------------------------------------------------------------------------
Finished Part Resource Summary
---------------------------------------------------------------------------------
---------------------------------------------------------------------------------
Start Cross Boundary and Area Optimization
---------------------------------------------------------------------------------
INFO: [Synth 8-6904] The RAM "i_0/axi_dma_1/U0/I_PRMRY_DATAMOVER/\GEN_S2MM_FULL.I_S2MM_FULL_WRAPPER /\GEN_INCLUDE_REALIGNER.I_S2MM_REALIGNER /\GEN_INCLUDE_SCATTER.I_S2MM_SCATTER/I_TSTRB_FIFO/USE_SYNC_FIFO.I_SYNC_FIFO/NON_BLK_MEM.I_SYNC_FIFOGEN_FIFO /xpm_fifo_base_inst/\gen_sdpram.xpm_memory_base_inst /gen_wr_a.gen_word_narrow.mem_reg" of size (depth=16 x width=23) is automatically implemented using LUTRAM. BRAM implementation would be inefficient 
INFO: [Synth 8-6904] The RAM "i_0/axi_dma_1/U0/I_PRMRY_DATAMOVER/\GEN_S2MM_FULL.I_S2MM_FULL_WRAPPER /\GEN_ENABLE_INDET_BTT_SF.I_INDET_BTT /\I_XD_FIFO/NON_BLK_MEM.I_SYNC_FIFOGEN_FIFO /xpm_fifo_base_inst/\gen_sdpram.xpm_memory_base_inst /gen_wr_a.gen_word_narrow.mem_reg" of size (depth=16 x width=13) is automatically implemented using LUTRAM. BRAM implementation would be inefficient 
WARNING: [Synth 8-13161] RAM (axi_smc_1/inst/i_0/\m00_nodes/m00_ar_node/inst /\inst_mi_handler/gen_normal_area.gen_node_prog_full.inst_node_prog_full/gen_xpm_memory_fifo.inst_fifo/gen_mem_rep[0].inst_xpm_memory /xpm_memory_base_inst/i_0) is optimized away because it doesn't have any load.
WARNING: [Synth 8-13161] RAM (axi_smc_1/inst/i_0/\m00_nodes/m00_aw_node/inst /\inst_mi_handler/gen_normal_area.gen_node_prog_full.inst_node_prog_full/gen_xpm_memory_fifo.inst_fifo/gen_mem_rep[0].inst_xpm_memory /xpm_memory_base_inst/i_0) is optimized away because it doesn't have any load.
WARNING: [Synth 8-13161] RAM (axi_smc_1/inst/i_0/\m00_nodes/m00_w_node/inst /\inst_mi_handler/gen_normal_area.gen_node_prog_full.inst_node_prog_full/gen_xpm_memory_fifo.inst_fifo/gen_mem_rep[0].inst_xpm_memory /xpm_memory_base_inst/i_0) is optimized away because it doesn't have any load.
WARNING: [Synth 8-13161] RAM (axi_smc_1/inst/i_0/\s00_nodes/s00_ar_node/inst /\inst_mi_handler/gen_normal_area.gen_fifo_req.inst_fifo_req/gen_xpm_memory_fifo.inst_fifo/gen_mem_rep[0].inst_xpm_memory /xpm_memory_base_inst/i_0) is optimized away because it doesn't have any load.
WARNING: [Synth 8-13161] RAM (axi_smc_1/inst/i_0/\s00_nodes/s00_r_node/inst /\inst_mi_handler/gen_normal_area.gen_node_prog_full.inst_node_prog_full/gen_xpm_memory_fifo.inst_fifo/gen_mem_rep[0].inst_xpm_memory /xpm_memory_base_inst/i_0) is optimized away because it doesn't have any load.
WARNING: [Synth 8-13161] RAM (axi_smc_1/inst/i_0/\s02_nodes/s02_ar_node/inst /\inst_mi_handler/gen_normal_area.gen_fifo_req.inst_fifo_req/gen_xpm_memory_fifo.inst_fifo/gen_mem_rep[0].inst_xpm_memory /xpm_memory_base_inst/i_0) is optimized away because it doesn't have any load.
WARNING: [Synth 8-13161] RAM (axi_smc_1/inst/i_0/\s02_nodes/s02_r_node/inst /\inst_mi_handler/gen_normal_area.gen_node_prog_full.inst_node_prog_full/gen_xpm_memory_fifo.inst_fifo/gen_mem_rep[0].inst_xpm_memory /xpm_memory_base_inst/i_0) is optimized away because it doesn't have any load.
WARNING: [Synth 8-13161] RAM (axi_smc_1/inst/i_0/\s03_nodes/s03_aw_node/inst /\inst_mi_handler/gen_normal_area.gen_fifo_req.inst_fifo_req/gen_xpm_memory_fifo.inst_fifo/gen_mem_rep[0].inst_xpm_memory /xpm_memory_base_inst/i_0) is optimized away because it doesn't have any load.
WARNING: [Synth 8-13161] RAM (axi_smc_1/inst/i_0/\s03_nodes/s03_b_node/inst /\inst_mi_handler/gen_normal_area.gen_node_prog_full.inst_node_prog_full/gen_xpm_memory_fifo.inst_fifo/gen_mem_rep[0].inst_xpm_memory /xpm_memory_base_inst/i_0) is optimized away because it doesn't have any load.
INFO: [Synth 8-5775] Found 'rw_addr_collision' attribute set to 'no' on SDP RAM gen_wr_a.gen_word_narrow.mem_reg. Setting write mode to NO_CHANGE 
INFO: [Synth 8-5775] Found 'rw_addr_collision' attribute set to 'no' on SDP RAM gen_wr_a.gen_word_narrow.mem_reg. Setting write mode to NO_CHANGE 
INFO: [Synth 8-5775] Found 'rw_addr_collision' attribute set to 'no' on SDP RAM gen_wr_a.gen_word_narrow.mem_reg. Setting write mode to NO_CHANGE 
INFO: [Synth 8-5775] Found 'rw_addr_collision' attribute set to 'no' on SDP RAM gen_wr_a.gen_word_narrow.mem_reg. Setting write mode to NO_CHANGE 
INFO: [Synth 8-5775] Found 'rw_addr_collision' attribute set to 'no' on SDP RAM gen_wr_a.gen_word_narrow.mem_reg. Setting write mode to NO_CHANGE 
INFO: [Synth 8-5775] Found 'rw_addr_collision' attribute set to 'no' on SDP RAM gen_wr_a.gen_word_narrow.mem_reg. Setting write mode to NO_CHANGE 
INFO: [Synth 8-5775] Found 'rw_addr_collision' attribute set to 'no' on SDP RAM gen_wr_a.gen_word_narrow.mem_reg. Setting write mode to NO_CHANGE 
INFO: [Synth 8-5775] Found 'rw_addr_collision' attribute set to 'no' on SDP RAM gen_wr_a.gen_word_narrow.mem_reg. Setting write mode to NO_CHANGE 
INFO: [Synth 8-5775] Found 'rw_addr_collision' attribute set to 'no' on SDP RAM gen_wr_a.gen_word_narrow.mem_reg. Setting write mode to NO_CHANGE 
INFO: [Synth 8-5775] Found 'rw_addr_collision' attribute set to 'no' on SDP RAM gen_wr_a.gen_word_narrow.mem_reg. Setting write mode to NO_CHANGE 
INFO: [Synth 8-5784] Optimized 1 bits of RAM "gen_wr_a.gen_word_narrow.mem_reg" due to constant propagation. Old ram width 147 bits, new ram width 146 bits.
INFO: [Synth 8-5775] Found 'rw_addr_collision' attribute set to 'no' on SDP RAM gen_wr_a.gen_word_narrow.mem_reg. Setting write mode to NO_CHANGE 
INFO: [Synth 8-5775] Found 'rw_addr_collision' attribute set to 'no' on SDP RAM gen_wr_a.gen_word_narrow.mem_reg. Setting write mode to NO_CHANGE 
INFO: [Synth 8-5775] Found 'rw_addr_collision' attribute set to 'no' on SDP RAM gen_wr_a.gen_word_narrow.mem_reg. Setting write mode to NO_CHANGE 
INFO: [Synth 8-5775] Found 'rw_addr_collision' attribute set to 'no' on SDP RAM gen_wr_a.gen_word_narrow.mem_reg. Setting write mode to NO_CHANGE 
INFO: [Synth 8-5775] Found 'rw_addr_collision' attribute set to 'no' on SDP RAM gen_wr_a.gen_word_narrow.mem_reg. Setting write mode to NO_CHANGE 
INFO: [Synth 8-5775] Found 'rw_addr_collision' attribute set to 'no' on SDP RAM gen_wr_a.gen_word_narrow.mem_reg. Setting write mode to NO_CHANGE 
INFO: [Synth 8-5784] Optimized 1 bits of RAM "gen_wr_a.gen_word_narrow.mem_reg" due to constant propagation. Old ram width 147 bits, new ram width 146 bits.
INFO: [Synth 8-5775] Found 'rw_addr_collision' attribute set to 'no' on SDP RAM gen_wr_a.gen_word_narrow.mem_reg. Setting write mode to NO_CHANGE 
INFO: [Synth 8-5775] Found 'rw_addr_collision' attribute set to 'no' on SDP RAM gen_wr_a.gen_word_narrow.mem_reg. Setting write mode to NO_CHANGE 
INFO: [Synth 8-6904] The RAM "i_0/axi_dma_1/U0/I_PRMRY_DATAMOVER/\GEN_S2MM_FULL.I_S2MM_FULL_WRAPPER /\GEN_INCLUDE_REALIGNER.I_S2MM_REALIGNER/GEN_INCLUDE_SCATTER.I_S2MM_SCATTER/I_TSTRB_FIFO/USE_SYNC_FIFO.I_SYNC_FIFO/NON_BLK_MEM.I_SYNC_FIFOGEN_FIFO /xpm_fifo_base_inst/\gen_sdpram.xpm_memory_base_inst /gen_wr_a.gen_word_narrow.mem_reg" of size (depth=16 x width=23) is automatically implemented using LUTRAM. BRAM implementation would be inefficient 
INFO: [Synth 8-6904] The RAM "i_0/axi_dma_1/U0/I_PRMRY_DATAMOVER/\GEN_S2MM_FULL.I_S2MM_FULL_WRAPPER /\GEN_ENABLE_INDET_BTT_SF.I_INDET_BTT/I_XD_FIFO/NON_BLK_MEM.I_SYNC_FIFOGEN_FIFO /xpm_fifo_base_inst/\gen_sdpram.xpm_memory_base_inst /gen_wr_a.gen_word_narrow.mem_reg" of size (depth=16 x width=13) is automatically implemented using LUTRAM. BRAM implementation would be inefficient 
INFO: [Synth 8-5775] Found 'rw_addr_collision' attribute set to 'no' on SDP RAM gen_wr_a.gen_word_narrow.mem_reg. Setting write mode to NO_CHANGE 
INFO: [Synth 8-5775] Found 'rw_addr_collision' attribute set to 'no' on SDP RAM gen_wr_a.gen_word_narrow.mem_reg. Setting write mode to NO_CHANGE 
INFO: [Synth 8-5775] Found 'rw_addr_collision' attribute set to 'no' on SDP RAM gen_wr_a.gen_word_narrow.mem_reg. Setting write mode to NO_CHANGE 
INFO: [Synth 8-5775] Found 'rw_addr_collision' attribute set to 'no' on SDP RAM gen_wr_a.gen_word_narrow.mem_reg. Setting write mode to NO_CHANGE 
INFO: [Synth 8-5775] Found 'rw_addr_collision' attribute set to 'no' on SDP RAM gen_wr_a.gen_word_narrow.mem_reg. Setting write mode to NO_CHANGE 
INFO: [Synth 8-5775] Found 'rw_addr_collision' attribute set to 'no' on SDP RAM gen_wr_a.gen_word_narrow.mem_reg. Setting write mode to NO_CHANGE 
INFO: [Synth 8-5775] Found 'rw_addr_collision' attribute set to 'no' on SDP RAM gen_wr_a.gen_word_narrow.mem_reg. Setting write mode to NO_CHANGE 
INFO: [Synth 8-5775] Found 'rw_addr_collision' attribute set to 'no' on SDP RAM gen_wr_a.gen_word_narrow.mem_reg. Setting write mode to NO_CHANGE 
INFO: [Synth 8-5775] Found 'rw_addr_collision' attribute set to 'no' on SDP RAM gen_wr_a.gen_word_narrow.mem_reg. Setting write mode to NO_CHANGE 
INFO: [Synth 8-5775] Found 'rw_addr_collision' attribute set to 'no' on SDP RAM gen_wr_a.gen_word_narrow.mem_reg. Setting write mode to NO_CHANGE 
INFO: [Synth 8-5775] Found 'rw_addr_collision' attribute set to 'no' on SDP RAM gen_wr_a.gen_word_narrow.mem_reg. Setting write mode to NO_CHANGE 
INFO: [Synth 8-5775] Found 'rw_addr_collision' attribute set to 'no' on SDP RAM gen_wr_a.gen_word_narrow.mem_reg. Setting write mode to NO_CHANGE 
INFO: [Synth 8-5775] Found 'rw_addr_collision' attribute set to 'no' on SDP RAM gen_wr_a.gen_word_narrow.mem_reg. Setting write mode to NO_CHANGE 
INFO: [Synth 8-5775] Found 'rw_addr_collision' attribute set to 'no' on SDP RAM gen_wr_a.gen_word_narrow.mem_reg. Setting write mode to NO_CHANGE 
INFO: [Synth 8-5775] Found 'rw_addr_collision' attribute set to 'no' on SDP RAM gen_wr_a.gen_word_narrow.mem_reg. Setting write mode to NO_CHANGE 
INFO: [Synth 8-5775] Found 'rw_addr_collision' attribute set to 'no' on SDP RAM gen_wr_a.gen_word_narrow.mem_reg. Setting write mode to NO_CHANGE 
INFO: [Synth 8-3332] Sequential element (GEN_INCLUDE_IBTTCC.I_S2MM_MSTR_IBTTCC/FSM_onehot_sig_csm_state_reg[3]) is unused and will be removed from module axi_datamover_s2mm_full_wrap.
WARNING: [Synth 8-3332] Sequential element (FDRE_inst) is unused and will be removed from module proc_sys_reset__parameterized2.
WARNING: [Synth 8-3332] Sequential element (BSR_OUT_DFF[0].FDRE_BSR) is unused and will be removed from module proc_sys_reset__parameterized2.
WARNING: [Synth 8-3332] Sequential element (ACTIVE_LOW_BSR_OUT_DFF[0].FDRE_BSR_N) is unused and will be removed from module proc_sys_reset__parameterized2.
WARNING: [Synth 8-3332] Sequential element (PR_OUT_DFF[0].FDRE_PER) is unused and will be removed from module proc_sys_reset__parameterized2.
---------------------------------------------------------------------------------
Finished Cross Boundary and Area Optimization : Time (s): cpu = 00:08:38 ; elapsed = 00:09:08 . Memory (MB): peak = 3813.941 ; gain = 2069.215
---------------------------------------------------------------------------------
 Sort Area is systolic_array_os p_reg_reg_0 : 0 0 : 662 662 : Used 1 time 100
 Sort Area is systolic_array_os p_reg_reg_10 : 0 0 : 662 662 : Used 1 time 100
 Sort Area is systolic_array_os p_reg_reg_100 : 0 0 : 662 662 : Used 1 time 100
 Sort Area is systolic_array_os p_reg_reg_11 : 0 0 : 662 662 : Used 1 time 100
 Sort Area is systolic_array_os p_reg_reg_12 : 0 0 : 662 662 : Used 1 time 100
 Sort Area is systolic_array_os p_reg_reg_13 : 0 0 : 662 662 : Used 1 time 100
 Sort Area is systolic_array_os p_reg_reg_14 : 0 0 : 662 662 : Used 1 time 100
 Sort Area is systolic_array_os p_reg_reg_15 : 0 0 : 662 662 : Used 1 time 100
 Sort Area is systolic_array_os p_reg_reg_16 : 0 0 : 662 662 : Used 1 time 100
 Sort Area is systolic_array_os p_reg_reg_17 : 0 0 : 662 662 : Used 1 time 100
 Sort Area is systolic_array_os p_reg_reg_18 : 0 0 : 662 662 : Used 1 time 100
 Sort Area is systolic_array_os p_reg_reg_19 : 0 0 : 662 662 : Used 1 time 100
 Sort Area is systolic_array_os p_reg_reg_1a : 0 0 : 662 662 : Used 1 time 100
 Sort Area is systolic_array_os p_reg_reg_1b : 0 0 : 662 662 : Used 1 time 100
 Sort Area is systolic_array_os p_reg_reg_1c : 0 0 : 662 662 : Used 1 time 100
 Sort Area is systolic_array_os p_reg_reg_1d : 0 0 : 662 662 : Used 1 time 100
 Sort Area is systolic_array_os p_reg_reg_1e : 0 0 : 662 662 : Used 1 time 100
 Sort Area is systolic_array_os p_reg_reg_1f : 0 0 : 662 662 : Used 1 time 100
 Sort Area is systolic_array_os p_reg_reg_2 : 0 0 : 662 662 : Used 1 time 100
 Sort Area is systolic_array_os p_reg_reg_20 : 0 0 : 662 662 : Used 1 time 100
 Sort Area is systolic_array_os p_reg_reg_21 : 0 0 : 662 662 : Used 1 time 100
 Sort Area is systolic_array_os p_reg_reg_22 : 0 0 : 662 662 : Used 1 time 100
 Sort Area is systolic_array_os p_reg_reg_23 : 0 0 : 662 662 : Used 1 time 100
 Sort Area is systolic_array_os p_reg_reg_24 : 0 0 : 662 662 : Used 1 time 100
 Sort Area is systolic_array_os p_reg_reg_25 : 0 0 : 662 662 : Used 1 time 100
 Sort Area is systolic_array_os p_reg_reg_26 : 0 0 : 662 662 : Used 1 time 100
 Sort Area is systolic_array_os p_reg_reg_27 : 0 0 : 662 662 : Used 1 time 100
 Sort Area is systolic_array_os p_reg_reg_28 : 0 0 : 662 662 : Used 1 time 100
 Sort Area is systolic_array_os p_reg_reg_29 : 0 0 : 662 662 : Used 1 time 100
 Sort Area is systolic_array_os p_reg_reg_2a : 0 0 : 662 662 : Used 1 time 100
 Sort Area is systolic_array_os p_reg_reg_2b : 0 0 : 662 662 : Used 1 time 100
 Sort Area is systolic_array_os p_reg_reg_2c : 0 0 : 662 662 : Used 1 time 100
 Sort Area is systolic_array_os p_reg_reg_2d : 0 0 : 662 662 : Used 1 time 100
 Sort Area is systolic_array_os p_reg_reg_2e : 0 0 : 662 662 : Used 1 time 100
 Sort Area is systolic_array_os p_reg_reg_2f : 0 0 : 662 662 : Used 1 time 100
 Sort Area is systolic_array_os p_reg_reg_3 : 0 0 : 662 662 : Used 1 time 100
 Sort Area is systolic_array_os p_reg_reg_30 : 0 0 : 662 662 : Used 1 time 100
 Sort Area is systolic_array_os p_reg_reg_31 : 0 0 : 662 662 : Used 1 time 100
 Sort Area is systolic_array_os p_reg_reg_32 : 0 0 : 662 662 : Used 1 time 100
 Sort Area is systolic_array_os p_reg_reg_33 : 0 0 : 662 662 : Used 1 time 100
 Sort Area is systolic_array_os p_reg_reg_34 : 0 0 : 662 662 : Used 1 time 100
 Sort Area is systolic_array_os p_reg_reg_35 : 0 0 : 662 662 : Used 1 time 100
 Sort Area is systolic_array_os p_reg_reg_36 : 0 0 : 662 662 : Used 1 time 100
 Sort Area is systolic_array_os p_reg_reg_37 : 0 0 : 662 662 : Used 1 time 100
 Sort Area is systolic_array_os p_reg_reg_38 : 0 0 : 662 662 : Used 1 time 100
 Sort Area is systolic_array_os p_reg_reg_39 : 0 0 : 662 662 : Used 1 time 100
 Sort Area is systolic_array_os p_reg_reg_3a : 0 0 : 662 662 : Used 1 time 100
 Sort Area is systolic_array_os p_reg_reg_3b : 0 0 : 662 662 : Used 1 time 100
 Sort Area is systolic_array_os p_reg_reg_3c : 0 0 : 662 662 : Used 1 time 100
 Sort Area is systolic_array_os p_reg_reg_3d : 0 0 : 662 662 : Used 1 time 100
 Sort Area is systolic_array_os p_reg_reg_3e : 0 0 : 662 662 : Used 1 time 100
 Sort Area is systolic_array_os p_reg_reg_3f : 0 0 : 662 662 : Used 1 time 100
 Sort Area is systolic_array_os p_reg_reg_4 : 0 0 : 662 662 : Used 1 time 100
 Sort Area is systolic_array_os p_reg_reg_40 : 0 0 : 662 662 : Used 1 time 100
 Sort Area is systolic_array_os p_reg_reg_41 : 0 0 : 662 662 : Used 1 time 100
 Sort Area is systolic_array_os p_reg_reg_42 : 0 0 : 662 662 : Used 1 time 100
 Sort Area is systolic_array_os p_reg_reg_43 : 0 0 : 662 662 : Used 1 time 100
 Sort Area is systolic_array_os p_reg_reg_44 : 0 0 : 662 662 : Used 1 time 100
 Sort Area is systolic_array_os p_reg_reg_45 : 0 0 : 662 662 : Used 1 time 100
 Sort Area is systolic_array_os p_reg_reg_46 : 0 0 : 662 662 : Used 1 time 100
 Sort Area is systolic_array_os p_reg_reg_47 : 0 0 : 662 662 : Used 1 time 100
 Sort Area is systolic_array_os p_reg_reg_48 : 0 0 : 662 662 : Used 1 time 100
 Sort Area is systolic_array_os p_reg_reg_49 : 0 0 : 662 662 : Used 1 time 100
 Sort Area is systolic_array_os p_reg_reg_4a : 0 0 : 662 662 : Used 1 time 100
 Sort Area is systolic_array_os p_reg_reg_4b : 0 0 : 662 662 : Used 1 time 100
 Sort Area is systolic_array_os p_reg_reg_4c : 0 0 : 662 662 : Used 1 time 100
 Sort Area is systolic_array_os p_reg_reg_4d : 0 0 : 662 662 : Used 1 time 100
 Sort Area is systolic_array_os p_reg_reg_4e : 0 0 : 662 662 : Used 1 time 100
 Sort Area is systolic_array_os p_reg_reg_4f : 0 0 : 662 662 : Used 1 time 100
 Sort Area is systolic_array_os p_reg_reg_5 : 0 0 : 662 662 : Used 1 time 100
 Sort Area is systolic_array_os p_reg_reg_50 : 0 0 : 662 662 : Used 1 time 100
 Sort Area is systolic_array_os p_reg_reg_51 : 0 0 : 662 662 : Used 1 time 100
 Sort Area is systolic_array_os p_reg_reg_52 : 0 0 : 662 662 : Used 1 time 100
 Sort Area is systolic_array_os p_reg_reg_53 : 0 0 : 662 662 : Used 1 time 100
 Sort Area is systolic_array_os p_reg_reg_54 : 0 0 : 662 662 : Used 1 time 100
 Sort Area is systolic_array_os p_reg_reg_55 : 0 0 : 662 662 : Used 1 time 100
 Sort Area is systolic_array_os p_reg_reg_56 : 0 0 : 662 662 : Used 1 time 100
 Sort Area is systolic_array_os p_reg_reg_57 : 0 0 : 662 662 : Used 1 time 100
 Sort Area is systolic_array_os p_reg_reg_58 : 0 0 : 662 662 : Used 1 time 100
 Sort Area is systolic_array_os p_reg_reg_59 : 0 0 : 662 662 : Used 1 time 100
 Sort Area is systolic_array_os p_reg_reg_5a : 0 0 : 662 662 : Used 1 time 100
 Sort Area is systolic_array_os p_reg_reg_5b : 0 0 : 662 662 : Used 1 time 100
 Sort Area is systolic_array_os p_reg_reg_5c : 0 0 : 662 662 : Used 1 time 100
 Sort Area is systolic_array_os p_reg_reg_5d : 0 0 : 662 662 : Used 1 time 100
 Sort Area is systolic_array_os p_reg_reg_5e : 0 0 : 662 662 : Used 1 time 100
 Sort Area is systolic_array_os p_reg_reg_5f : 0 0 : 662 662 : Used 1 time 100
 Sort Area is systolic_array_os p_reg_reg_6 : 0 0 : 662 662 : Used 1 time 100
 Sort Area is systolic_array_os p_reg_reg_60 : 0 0 : 662 662 : Used 1 time 100
 Sort Area is systolic_array_os p_reg_reg_61 : 0 0 : 662 662 : Used 1 time 100
 Sort Area is systolic_array_os p_reg_reg_62 : 0 0 : 662 662 : Used 1 time 100
 Sort Area is systolic_array_os p_reg_reg_63 : 0 0 : 662 662 : Used 1 time 100
 Sort Area is systolic_array_os p_reg_reg_64 : 0 0 : 662 662 : Used 1 time 100
 Sort Area is systolic_array_os p_reg_reg_65 : 0 0 : 662 662 : Used 1 time 100
 Sort Area is systolic_array_os p_reg_reg_66 : 0 0 : 662 662 : Used 1 time 100
 Sort Area is systolic_array_os p_reg_reg_67 : 0 0 : 662 662 : Used 1 time 100
 Sort Area is systolic_array_os p_reg_reg_68 : 0 0 : 662 662 : Used 1 time 100
 Sort Area is systolic_array_os p_reg_reg_69 : 0 0 : 662 662 : Used 1 time 100
 Sort Area is systolic_array_os p_reg_reg_6a : 0 0 : 662 662 : Used 1 time 100
 Sort Area is systolic_array_os p_reg_reg_6b : 0 0 : 662 662 : Used 1 time 100
 Sort Area is systolic_array_os p_reg_reg_6c : 0 0 : 662 662 : Used 1 time 100
 Sort Area is systolic_array_os p_reg_reg_6d : 0 0 : 662 662 : Used 1 time 100
 Sort Area is systolic_array_os p_reg_reg_6e : 0 0 : 662 662 : Used 1 time 100
 Sort Area is systolic_array_os p_reg_reg_6f : 0 0 : 662 662 : Used 1 time 100
 Sort Area is systolic_array_os p_reg_reg_7 : 0 0 : 662 662 : Used 1 time 100
 Sort Area is systolic_array_os p_reg_reg_70 : 0 0 : 662 662 : Used 1 time 100
 Sort Area is systolic_array_os p_reg_reg_71 : 0 0 : 662 662 : Used 1 time 100
 Sort Area is systolic_array_os p_reg_reg_72 : 0 0 : 662 662 : Used 1 time 100
 Sort Area is systolic_array_os p_reg_reg_73 : 0 0 : 662 662 : Used 1 time 100
 Sort Area is systolic_array_os p_reg_reg_74 : 0 0 : 662 662 : Used 1 time 100
 Sort Area is systolic_array_os p_reg_reg_75 : 0 0 : 662 662 : Used 1 time 100
 Sort Area is systolic_array_os p_reg_reg_76 : 0 0 : 662 662 : Used 1 time 100
 Sort Area is systolic_array_os p_reg_reg_77 : 0 0 : 662 662 : Used 1 time 100
 Sort Area is systolic_array_os p_reg_reg_78 : 0 0 : 662 662 : Used 1 time 100
 Sort Area is systolic_array_os p_reg_reg_79 : 0 0 : 662 662 : Used 1 time 100
 Sort Area is systolic_array_os p_reg_reg_7a : 0 0 : 662 662 : Used 1 time 100
 Sort Area is systolic_array_os p_reg_reg_7b : 0 0 : 662 662 : Used 1 time 100
 Sort Area is systolic_array_os p_reg_reg_7c : 0 0 : 662 662 : Used 1 time 100
 Sort Area is systolic_array_os p_reg_reg_7d : 0 0 : 662 662 : Used 1 time 100
 Sort Area is systolic_array_os p_reg_reg_7e : 0 0 : 662 662 : Used 1 time 100
 Sort Area is systolic_array_os p_reg_reg_7f : 0 0 : 662 662 : Used 1 time 100
 Sort Area is systolic_array_os p_reg_reg_8 : 0 0 : 662 662 : Used 1 time 100
 Sort Area is systolic_array_os p_reg_reg_80 : 0 0 : 662 662 : Used 1 time 100
 Sort Area is systolic_array_os p_reg_reg_81 : 0 0 : 662 662 : Used 1 time 100
 Sort Area is systolic_array_os p_reg_reg_82 : 0 0 : 662 662 : Used 1 time 100
 Sort Area is systolic_array_os p_reg_reg_83 : 0 0 : 662 662 : Used 1 time 100
 Sort Area is systolic_array_os p_reg_reg_84 : 0 0 : 662 662 : Used 1 time 100
 Sort Area is systolic_array_os p_reg_reg_85 : 0 0 : 662 662 : Used 1 time 100
 Sort Area is systolic_array_os p_reg_reg_86 : 0 0 : 662 662 : Used 1 time 100
 Sort Area is systolic_array_os p_reg_reg_87 : 0 0 : 662 662 : Used 1 time 100
 Sort Area is systolic_array_os p_reg_reg_88 : 0 0 : 662 662 : Used 1 time 100
 Sort Area is systolic_array_os p_reg_reg_89 : 0 0 : 662 662 : Used 1 time 100
 Sort Area is systolic_array_os p_reg_reg_8a : 0 0 : 662 662 : Used 1 time 100
 Sort Area is systolic_array_os p_reg_reg_8b : 0 0 : 662 662 : Used 1 time 100
 Sort Area is systolic_array_os p_reg_reg_8c : 0 0 : 662 662 : Used 1 time 100
 Sort Area is systolic_array_os p_reg_reg_8d : 0 0 : 662 662 : Used 1 time 100
 Sort Area is systolic_array_os p_reg_reg_8e : 0 0 : 662 662 : Used 1 time 100
 Sort Area is systolic_array_os p_reg_reg_8f : 0 0 : 662 662 : Used 1 time 100
 Sort Area is systolic_array_os p_reg_reg_9 : 0 0 : 662 662 : Used 1 time 100
 Sort Area is systolic_array_os p_reg_reg_90 : 0 0 : 662 662 : Used 1 time 100
 Sort Area is systolic_array_os p_reg_reg_91 : 0 0 : 662 662 : Used 1 time 100
 Sort Area is systolic_array_os p_reg_reg_92 : 0 0 : 662 662 : Used 1 time 100
 Sort Area is systolic_array_os p_reg_reg_93 : 0 0 : 662 662 : Used 1 time 100
 Sort Area is systolic_array_os p_reg_reg_94 : 0 0 : 662 662 : Used 1 time 100
 Sort Area is systolic_array_os p_reg_reg_95 : 0 0 : 662 662 : Used 1 time 100
 Sort Area is systolic_array_os p_reg_reg_96 : 0 0 : 662 662 : Used 1 time 100
 Sort Area is systolic_array_os p_reg_reg_97 : 0 0 : 662 662 : Used 1 time 100
 Sort Area is systolic_array_os p_reg_reg_98 : 0 0 : 662 662 : Used 1 time 100
 Sort Area is systolic_array_os p_reg_reg_99 : 0 0 : 662 662 : Used 1 time 100
 Sort Area is systolic_array_os p_reg_reg_9a : 0 0 : 662 662 : Used 1 time 100
 Sort Area is systolic_array_os p_reg_reg_9b : 0 0 : 662 662 : Used 1 time 100
 Sort Area is systolic_array_os p_reg_reg_9c : 0 0 : 662 662 : Used 1 time 100
 Sort Area is systolic_array_os p_reg_reg_9d : 0 0 : 662 662 : Used 1 time 100
 Sort Area is systolic_array_os p_reg_reg_9e : 0 0 : 662 662 : Used 1 time 100
 Sort Area is systolic_array_os p_reg_reg_9f : 0 0 : 662 662 : Used 1 time 100
 Sort Area is systolic_array_os p_reg_reg_a : 0 0 : 662 662 : Used 1 time 100
 Sort Area is systolic_array_os p_reg_reg_a0 : 0 0 : 662 662 : Used 1 time 100
 Sort Area is systolic_array_os p_reg_reg_a1 : 0 0 : 662 662 : Used 1 time 100
 Sort Area is systolic_array_os p_reg_reg_a2 : 0 0 : 662 662 : Used 1 time 100
 Sort Area is systolic_array_os p_reg_reg_a3 : 0 0 : 662 662 : Used 1 time 100
 Sort Area is systolic_array_os p_reg_reg_a4 : 0 0 : 662 662 : Used 1 time 100
 Sort Area is systolic_array_os p_reg_reg_a5 : 0 0 : 662 662 : Used 1 time 100
 Sort Area is systolic_array_os p_reg_reg_a6 : 0 0 : 662 662 : Used 1 time 100
 Sort Area is systolic_array_os p_reg_reg_a7 : 0 0 : 662 662 : Used 1 time 100
 Sort Area is systolic_array_os p_reg_reg_a8 : 0 0 : 662 662 : Used 1 time 100
 Sort Area is systolic_array_os p_reg_reg_a9 : 0 0 : 662 662 : Used 1 time 100
 Sort Area is systolic_array_os p_reg_reg_aa : 0 0 : 662 662 : Used 1 time 100
 Sort Area is systolic_array_os p_reg_reg_ab : 0 0 : 662 662 : Used 1 time 100
 Sort Area is systolic_array_os p_reg_reg_ac : 0 0 : 662 662 : Used 1 time 100
 Sort Area is systolic_array_os p_reg_reg_ad : 0 0 : 662 662 : Used 1 time 100
 Sort Area is systolic_array_os p_reg_reg_ae : 0 0 : 662 662 : Used 1 time 100
 Sort Area is systolic_array_os p_reg_reg_af : 0 0 : 662 662 : Used 1 time 100
 Sort Area is systolic_array_os p_reg_reg_b : 0 0 : 662 662 : Used 1 time 100
 Sort Area is systolic_array_os p_reg_reg_b0 : 0 0 : 662 662 : Used 1 time 100
 Sort Area is systolic_array_os p_reg_reg_b1 : 0 0 : 662 662 : Used 1 time 100
 Sort Area is systolic_array_os p_reg_reg_b2 : 0 0 : 662 662 : Used 1 time 100
 Sort Area is systolic_array_os p_reg_reg_b3 : 0 0 : 662 662 : Used 1 time 100
 Sort Area is systolic_array_os p_reg_reg_b4 : 0 0 : 662 662 : Used 1 time 100
 Sort Area is systolic_array_os p_reg_reg_b5 : 0 0 : 662 662 : Used 1 time 100
 Sort Area is systolic_array_os p_reg_reg_b6 : 0 0 : 662 662 : Used 1 time 100
 Sort Area is systolic_array_os p_reg_reg_b7 : 0 0 : 662 662 : Used 1 time 100
 Sort Area is systolic_array_os p_reg_reg_b8 : 0 0 : 662 662 : Used 1 time 100
 Sort Area is systolic_array_os p_reg_reg_b9 : 0 0 : 662 662 : Used 1 time 100
 Sort Area is systolic_array_os p_reg_reg_ba : 0 0 : 662 662 : Used 1 time 100
 Sort Area is systolic_array_os p_reg_reg_bb : 0 0 : 662 662 : Used 1 time 100
 Sort Area is systolic_array_os p_reg_reg_bc : 0 0 : 662 662 : Used 1 time 100
 Sort Area is systolic_array_os p_reg_reg_bd : 0 0 : 662 662 : Used 1 time 100
 Sort Area is systolic_array_os p_reg_reg_be : 0 0 : 662 662 : Used 1 time 100
 Sort Area is systolic_array_os p_reg_reg_bf : 0 0 : 662 662 : Used 1 time 100
 Sort Area is systolic_array_os p_reg_reg_c : 0 0 : 662 662 : Used 1 time 100
 Sort Area is systolic_array_os p_reg_reg_c0 : 0 0 : 662 662 : Used 1 time 100
 Sort Area is systolic_array_os p_reg_reg_c1 : 0 0 : 662 662 : Used 1 time 100
 Sort Area is systolic_array_os p_reg_reg_c2 : 0 0 : 662 662 : Used 1 time 100
 Sort Area is systolic_array_os p_reg_reg_c3 : 0 0 : 662 662 : Used 1 time 100
 Sort Area is systolic_array_os p_reg_reg_c4 : 0 0 : 662 662 : Used 1 time 100
 Sort Area is systolic_array_os p_reg_reg_c5 : 0 0 : 662 662 : Used 1 time 100
 Sort Area is systolic_array_os p_reg_reg_c6 : 0 0 : 662 662 : Used 1 time 100
 Sort Area is systolic_array_os p_reg_reg_c7 : 0 0 : 662 662 : Used 1 time 100
 Sort Area is systolic_array_os p_reg_reg_c8 : 0 0 : 662 662 : Used 1 time 100
 Sort Area is systolic_array_os p_reg_reg_c9 : 0 0 : 662 662 : Used 1 time 100
 Sort Area is systolic_array_os p_reg_reg_ca : 0 0 : 662 662 : Used 1 time 100
 Sort Area is systolic_array_os p_reg_reg_cb : 0 0 : 662 662 : Used 1 time 100
 Sort Area is systolic_array_os p_reg_reg_cc : 0 0 : 662 662 : Used 1 time 100
 Sort Area is systolic_array_os p_reg_reg_cd : 0 0 : 662 662 : Used 1 time 100
 Sort Area is systolic_array_os p_reg_reg_ce : 0 0 : 662 662 : Used 1 time 100
 Sort Area is systolic_array_os p_reg_reg_cf : 0 0 : 662 662 : Used 1 time 100
 Sort Area is systolic_array_os p_reg_reg_d : 0 0 : 662 662 : Used 1 time 100
 Sort Area is systolic_array_os p_reg_reg_d0 : 0 0 : 662 662 : Used 1 time 100
 Sort Area is systolic_array_os p_reg_reg_d1 : 0 0 : 662 662 : Used 1 time 100
 Sort Area is systolic_array_os p_reg_reg_d2 : 0 0 : 662 662 : Used 1 time 100
 Sort Area is systolic_array_os p_reg_reg_d3 : 0 0 : 662 662 : Used 1 time 100
 Sort Area is systolic_array_os p_reg_reg_d4 : 0 0 : 662 662 : Used 1 time 100
 Sort Area is systolic_array_os p_reg_reg_d5 : 0 0 : 662 662 : Used 1 time 100
 Sort Area is systolic_array_os p_reg_reg_d6 : 0 0 : 662 662 : Used 1 time 100
 Sort Area is systolic_array_os p_reg_reg_d7 : 0 0 : 662 662 : Used 1 time 100
 Sort Area is systolic_array_os p_reg_reg_d8 : 0 0 : 662 662 : Used 1 time 100
 Sort Area is systolic_array_os p_reg_reg_d9 : 0 0 : 662 662 : Used 1 time 100
 Sort Area is systolic_array_os p_reg_reg_da : 0 0 : 662 662 : Used 1 time 100
 Sort Area is systolic_array_os p_reg_reg_db : 0 0 : 662 662 : Used 1 time 100
 Sort Area is systolic_array_os p_reg_reg_dc : 0 0 : 662 662 : Used 1 time 100
 Sort Area is systolic_array_os p_reg_reg_dd : 0 0 : 662 662 : Used 1 time 100
 Sort Area is systolic_array_os p_reg_reg_de : 0 0 : 662 662 : Used 1 time 100
 Sort Area is systolic_array_os p_reg_reg_df : 0 0 : 662 662 : Used 1 time 100
 Sort Area is systolic_array_os p_reg_reg_e : 0 0 : 662 662 : Used 1 time 100
 Sort Area is systolic_array_os p_reg_reg_e0 : 0 0 : 662 662 : Used 1 time 100
 Sort Area is systolic_array_os p_reg_reg_e1 : 0 0 : 662 662 : Used 1 time 100
 Sort Area is systolic_array_os p_reg_reg_e2 : 0 0 : 662 662 : Used 1 time 100
 Sort Area is systolic_array_os p_reg_reg_e3 : 0 0 : 662 662 : Used 1 time 100
 Sort Area is systolic_array_os p_reg_reg_e4 : 0 0 : 662 662 : Used 1 time 100
 Sort Area is systolic_array_os p_reg_reg_e5 : 0 0 : 662 662 : Used 1 time 100
 Sort Area is systolic_array_os p_reg_reg_e6 : 0 0 : 662 662 : Used 1 time 100
 Sort Area is systolic_array_os p_reg_reg_e7 : 0 0 : 662 662 : Used 1 time 100
 Sort Area is systolic_array_os p_reg_reg_e8 : 0 0 : 662 662 : Used 1 time 100
 Sort Area is systolic_array_os p_reg_reg_e9 : 0 0 : 662 662 : Used 1 time 100
 Sort Area is systolic_array_os p_reg_reg_ea : 0 0 : 662 662 : Used 1 time 100
 Sort Area is systolic_array_os p_reg_reg_eb : 0 0 : 662 662 : Used 1 time 100
 Sort Area is systolic_array_os p_reg_reg_ec : 0 0 : 662 662 : Used 1 time 100
 Sort Area is systolic_array_os p_reg_reg_ed : 0 0 : 662 662 : Used 1 time 100
 Sort Area is systolic_array_os p_reg_reg_ee : 0 0 : 662 662 : Used 1 time 100
 Sort Area is systolic_array_os p_reg_reg_ef : 0 0 : 662 662 : Used 1 time 100
 Sort Area is systolic_array_os p_reg_reg_f : 0 0 : 662 662 : Used 1 time 100
 Sort Area is systolic_array_os p_reg_reg_f0 : 0 0 : 662 662 : Used 1 time 100
 Sort Area is systolic_array_os p_reg_reg_f1 : 0 0 : 662 662 : Used 1 time 100
 Sort Area is systolic_array_os p_reg_reg_f2 : 0 0 : 662 662 : Used 1 time 100
 Sort Area is systolic_array_os p_reg_reg_f3 : 0 0 : 662 662 : Used 1 time 100
 Sort Area is systolic_array_os p_reg_reg_f4 : 0 0 : 662 662 : Used 1 time 100
 Sort Area is systolic_array_os p_reg_reg_f5 : 0 0 : 662 662 : Used 1 time 100
 Sort Area is systolic_array_os p_reg_reg_f6 : 0 0 : 662 662 : Used 1 time 100
 Sort Area is systolic_array_os p_reg_reg_f7 : 0 0 : 662 662 : Used 1 time 100
 Sort Area is systolic_array_os p_reg_reg_f8 : 0 0 : 662 662 : Used 1 time 100
 Sort Area is systolic_array_os p_reg_reg_f9 : 0 0 : 662 662 : Used 1 time 100
 Sort Area is systolic_array_os p_reg_reg_fa : 0 0 : 662 662 : Used 1 time 100
 Sort Area is systolic_array_os p_reg_reg_fb : 0 0 : 662 662 : Used 1 time 100
 Sort Area is systolic_array_os p_reg_reg_fc : 0 0 : 662 662 : Used 1 time 100
 Sort Area is systolic_array_os p_reg_reg_fd : 0 0 : 662 662 : Used 1 time 100
 Sort Area is systolic_array_os p_reg_reg_fe : 0 0 : 662 662 : Used 1 time 100
 Sort Area is systolic_array_os p_reg_reg_ff : 0 0 : 662 662 : Used 1 time 100
INFO: [Synth 8-5775] Found 'rw_addr_collision' attribute set to 'no' on SDP RAM gen_wr_a.gen_word_narrow.mem_reg. Setting write mode to NO_CHANGE 
INFO: [Synth 8-5775] Found 'rw_addr_collision' attribute set to 'no' on SDP RAM gen_wr_a.gen_word_narrow.mem_reg. Setting write mode to NO_CHANGE 
INFO: [Synth 8-5775] Found 'rw_addr_collision' attribute set to 'no' on SDP RAM gen_wr_a.gen_word_narrow.mem_reg. Setting write mode to NO_CHANGE 
INFO: [Synth 8-5775] Found 'rw_addr_collision' attribute set to 'no' on SDP RAM gen_wr_a.gen_word_narrow.mem_reg. Setting write mode to NO_CHANGE 
INFO: [Synth 8-5775] Found 'rw_addr_collision' attribute set to 'no' on SDP RAM gen_wr_a.gen_word_narrow.mem_reg. Setting write mode to NO_CHANGE 
INFO: [Synth 8-5775] Found 'rw_addr_collision' attribute set to 'no' on SDP RAM gen_wr_a.gen_word_narrow.mem_reg. Setting write mode to NO_CHANGE 
INFO: [Synth 8-5775] Found 'rw_addr_collision' attribute set to 'no' on SDP RAM gen_wr_a.gen_word_narrow.mem_reg. Setting write mode to NO_CHANGE 
INFO: [Synth 8-5775] Found 'rw_addr_collision' attribute set to 'no' on SDP RAM gen_wr_a.gen_word_narrow.mem_reg. Setting write mode to NO_CHANGE 
INFO: [Synth 8-5775] Found 'rw_addr_collision' attribute set to 'no' on SDP RAM gen_wr_a.gen_word_narrow.mem_reg. Setting write mode to NO_CHANGE 
INFO: [Synth 8-5775] Found 'rw_addr_collision' attribute set to 'no' on SDP RAM gen_wr_a.gen_word_narrow.mem_reg. Setting write mode to NO_CHANGE 
INFO: [Synth 8-5775] Found 'rw_addr_collision' attribute set to 'no' on SDP RAM gen_wr_a.gen_word_narrow.mem_reg. Setting write mode to NO_CHANGE 
INFO: [Synth 8-5775] Found 'rw_addr_collision' attribute set to 'no' on SDP RAM gen_wr_a.gen_word_narrow.mem_reg. Setting write mode to NO_CHANGE 
---------------------------------------------------------------------------------
Start Applying XDC Timing Constraints
---------------------------------------------------------------------------------
---------------------------------------------------------------------------------
Finished Applying XDC Timing Constraints : Time (s): cpu = 00:09:06 ; elapsed = 00:09:44 . Memory (MB): peak = 4700.625 ; gain = 2955.898
---------------------------------------------------------------------------------
---------------------------------------------------------------------------------
Start Timing Optimization
---------------------------------------------------------------------------------
INFO: [Synth 8-5775] Found 'rw_addr_collision' attribute set to 'no' on SDP RAM gen_wr_a.gen_word_narrow.mem_reg. Setting write mode to NO_CHANGE 
INFO: [Synth 8-5775] Found 'rw_addr_collision' attribute set to 'no' on SDP RAM gen_wr_a.gen_word_narrow.mem_reg. Setting write mode to NO_CHANGE 
INFO: [Synth 8-5775] Found 'rw_addr_collision' attribute set to 'no' on SDP RAM gen_wr_a.gen_word_narrow.mem_reg. Setting write mode to NO_CHANGE 
INFO: [Synth 8-5775] Found 'rw_addr_collision' attribute set to 'no' on SDP RAM gen_wr_a.gen_word_narrow.mem_reg. Setting write mode to NO_CHANGE 
INFO: [Synth 8-5775] Found 'rw_addr_collision' attribute set to 'no' on SDP RAM gen_wr_a.gen_word_narrow.mem_reg. Setting write mode to NO_CHANGE 
INFO: [Synth 8-5775] Found 'rw_addr_collision' attribute set to 'no' on SDP RAM gen_wr_a.gen_word_narrow.mem_reg. Setting write mode to NO_CHANGE 
INFO: [Synth 8-5775] Found 'rw_addr_collision' attribute set to 'no' on SDP RAM gen_wr_a.gen_word_narrow.mem_reg. Setting write mode to NO_CHANGE 
INFO: [Synth 8-5775] Found 'rw_addr_collision' attribute set to 'no' on SDP RAM gen_wr_a.gen_word_narrow.mem_reg. Setting write mode to NO_CHANGE 
INFO: [Synth 8-5775] Found 'rw_addr_collision' attribute set to 'no' on SDP RAM gen_wr_a.gen_word_narrow.mem_reg. Setting write mode to NO_CHANGE 
INFO: [Synth 8-5775] Found 'rw_addr_collision' attribute set to 'no' on SDP RAM gen_wr_a.gen_word_narrow.mem_reg. Setting write mode to NO_CHANGE 
INFO: [Synth 8-5775] Found 'rw_addr_collision' attribute set to 'no' on SDP RAM gen_wr_a.gen_word_narrow.mem_reg. Setting write mode to NO_CHANGE 
INFO: [Synth 8-5775] Found 'rw_addr_collision' attribute set to 'no' on SDP RAM gen_wr_a.gen_word_narrow.mem_reg. Setting write mode to NO_CHANGE 
INFO: [Synth 8-5775] Found 'rw_addr_collision' attribute set to 'no' on SDP RAM gen_wr_a.gen_word_narrow.mem_reg. Setting write mode to NO_CHANGE 
INFO: [Synth 8-5775] Found 'rw_addr_collision' attribute set to 'no' on SDP RAM gen_wr_a.gen_word_narrow.mem_reg. Setting write mode to NO_CHANGE 
---------------------------------------------------------------------------------
Finished Timing Optimization : Time (s): cpu = 00:09:46 ; elapsed = 00:10:26 . Memory (MB): peak = 5214.160 ; gain = 3469.434
---------------------------------------------------------------------------------
---------------------------------------------------------------------------------
Start Technology Mapping
---------------------------------------------------------------------------------
INFO: [Synth 8-3332] Sequential element (gen_endpoint.decerr_slave_inst/FSM_onehot_gen_axi.gen_write.write_cs_reg[2]) is unused and will be removed from module sc_mmu_v1_0_16_top__parameterized1__1.
INFO: [Synth 8-3332] Sequential element (gen_endpoint.decerr_slave_inst/FSM_onehot_gen_axi.gen_write.write_cs_reg[1]) is unused and will be removed from module sc_mmu_v1_0_16_top__parameterized1__1.
INFO: [Synth 8-3332] Sequential element (gen_endpoint.decerr_slave_inst/FSM_onehot_gen_axi.gen_write.write_cs_reg[0]) is unused and will be removed from module sc_mmu_v1_0_16_top__parameterized1__1.
INFO: [Synth 8-3332] Sequential element (FSM_sequential_gen_endpoint.w_state_reg[1]) is unused and will be removed from module sc_mmu_v1_0_16_top__parameterized1__1.
INFO: [Synth 8-3332] Sequential element (FSM_sequential_gen_endpoint.w_state_reg[0]) is unused and will be removed from module sc_mmu_v1_0_16_top__parameterized1__1.
INFO: [Synth 8-3332] Sequential element (gen_endpoint.decerr_slave_inst/FSM_onehot_gen_axi.gen_write.write_cs_reg[2]) is unused and will be removed from module sc_mmu_v1_0_16_top__parameterized1.
INFO: [Synth 8-3332] Sequential element (gen_endpoint.decerr_slave_inst/FSM_onehot_gen_axi.gen_write.write_cs_reg[1]) is unused and will be removed from module sc_mmu_v1_0_16_top__parameterized1.
INFO: [Synth 8-3332] Sequential element (gen_endpoint.decerr_slave_inst/FSM_onehot_gen_axi.gen_write.write_cs_reg[0]) is unused and will be removed from module sc_mmu_v1_0_16_top__parameterized1.
INFO: [Synth 8-3332] Sequential element (FSM_sequential_gen_endpoint.w_state_reg[1]) is unused and will be removed from module sc_mmu_v1_0_16_top__parameterized1.
INFO: [Synth 8-3332] Sequential element (FSM_sequential_gen_endpoint.w_state_reg[0]) is unused and will be removed from module sc_mmu_v1_0_16_top__parameterized1.
INFO: [Synth 8-3332] Sequential element (FSM_onehot_gen_endpoint.r_state_reg[3]) is unused and will be removed from module sc_mmu_v1_0_16_top__parameterized2.
INFO: [Synth 8-3332] Sequential element (FSM_onehot_gen_endpoint.r_state_reg[2]) is unused and will be removed from module sc_mmu_v1_0_16_top__parameterized2.
INFO: [Synth 8-3332] Sequential element (FSM_onehot_gen_endpoint.r_state_reg[1]) is unused and will be removed from module sc_mmu_v1_0_16_top__parameterized2.
INFO: [Synth 8-3332] Sequential element (FSM_onehot_gen_endpoint.r_state_reg[0]) is unused and will be removed from module sc_mmu_v1_0_16_top__parameterized2.
INFO: [Synth 8-7052] The timing for the instance gemm_accelerator_0/inst/bram_B/ram_1_reg_bram_0 (implemented as a Block RAM) might be sub-optimal as no optional output register could be merged into the ram block. Providing additional output register may help in improving timing.
INFO: [Synth 8-7052] The timing for the instance gemm_accelerator_0/inst/bram_B/ram_1_reg_bram_1 (implemented as a Block RAM) might be sub-optimal as no optional output register could be merged into the ram block. Providing additional output register may help in improving timing.
INFO: [Synth 8-7052] The timing for the instance gemm_accelerator_0/inst/bram_B/ram_1_reg_bram_2 (implemented as a Block RAM) might be sub-optimal as no optional output register could be merged into the ram block. Providing additional output register may help in improving timing.
INFO: [Synth 8-7052] The timing for the instance gemm_accelerator_0/inst/bram_B/ram_1_reg_bram_3 (implemented as a Block RAM) might be sub-optimal as no optional output register could be merged into the ram block. Providing additional output register may help in improving timing.
INFO: [Synth 8-7052] The timing for the instance gemm_accelerator_0/inst/bram_B/ram_0_reg_bram_0 (implemented as a Block RAM) might be sub-optimal as no optional output register could be merged into the ram block. Providing additional output register may help in improving timing.
INFO: [Synth 8-7052] The timing for the instance gemm_accelerator_0/inst/bram_B/ram_0_reg_bram_1 (implemented as a Block RAM) might be sub-optimal as no optional output register could be merged into the ram block. Providing additional output register may help in improving timing.
INFO: [Synth 8-7052] The timing for the instance gemm_accelerator_0/inst/bram_B/ram_0_reg_bram_2 (implemented as a Block RAM) might be sub-optimal as no optional output register could be merged into the ram block. Providing additional output register may help in improving timing.
INFO: [Synth 8-7052] The timing for the instance gemm_accelerator_0/inst/bram_B/ram_0_reg_bram_3 (implemented as a Block RAM) might be sub-optimal as no optional output register could be merged into the ram block. Providing additional output register may help in improving timing.
INFO: [Synth 8-7052] The timing for the instance gemm_accelerator_0/inst/bram_A/ram_1_reg_bram_0 (implemented as a Block RAM) might be sub-optimal as no optional output register could be merged into the ram block. Providing additional output register may help in improving timing.
INFO: [Synth 8-7052] The timing for the instance gemm_accelerator_0/inst/bram_A/ram_1_reg_bram_1 (implemented as a Block RAM) might be sub-optimal as no optional output register could be merged into the ram block. Providing additional output register may help in improving timing.
INFO: [Synth 8-7052] The timing for the instance gemm_accelerator_0/inst/bram_A/ram_1_reg_bram_2 (implemented as a Block RAM) might be sub-optimal as no optional output register could be merged into the ram block. Providing additional output register may help in improving timing.
INFO: [Synth 8-7052] The timing for the instance gemm_accelerator_0/inst/bram_A/ram_1_reg_bram_3 (implemented as a Block RAM) might be sub-optimal as no optional output register could be merged into the ram block. Providing additional output register may help in improving timing.
INFO: [Synth 8-7052] The timing for the instance gemm_accelerator_0/inst/bram_A/ram_0_reg_bram_0 (implemented as a Block RAM) might be sub-optimal as no optional output register could be merged into the ram block. Providing additional output register may help in improving timing.
INFO: [Synth 8-7052] The timing for the instance gemm_accelerator_0/inst/bram_A/ram_0_reg_bram_1 (implemented as a Block RAM) might be sub-optimal as no optional output register could be merged into the ram block. Providing additional output register may help in improving timing.
INFO: [Synth 8-7052] The timing for the instance gemm_accelerator_0/inst/bram_A/ram_0_reg_bram_2 (implemented as a Block RAM) might be sub-optimal as no optional output register could be merged into the ram block. Providing additional output register may help in improving timing.
INFO: [Synth 8-7052] The timing for the instance gemm_accelerator_0/inst/bram_A/ram_0_reg_bram_3 (implemented as a Block RAM) might be sub-optimal as no optional output register could be merged into the ram block. Providing additional output register may help in improving timing.
---------------------------------------------------------------------------------
Finished Technology Mapping : Time (s): cpu = 00:10:41 ; elapsed = 00:11:26 . Memory (MB): peak = 5233.770 ; gain = 3489.043
---------------------------------------------------------------------------------
---------------------------------------------------------------------------------
Start IO Insertion
---------------------------------------------------------------------------------
---------------------------------------------------------------------------------
Start Flattening Before IO Insertion
---------------------------------------------------------------------------------
---------------------------------------------------------------------------------
Finished Flattening Before IO Insertion
---------------------------------------------------------------------------------
---------------------------------------------------------------------------------
Start Final Netlist Cleanup
---------------------------------------------------------------------------------
---------------------------------------------------------------------------------
Finished Final Netlist Cleanup
---------------------------------------------------------------------------------
---------------------------------------------------------------------------------
Finished IO Insertion : Time (s): cpu = 00:10:51 ; elapsed = 00:11:38 . Memory (MB): peak = 5233.770 ; gain = 3489.043
---------------------------------------------------------------------------------
---------------------------------------------------------------------------------
Start Renaming Generated Instances
---------------------------------------------------------------------------------
---------------------------------------------------------------------------------
Finished Renaming Generated Instances : Time (s): cpu = 00:10:51 ; elapsed = 00:11:39 . Memory (MB): peak = 5233.770 ; gain = 3489.043
---------------------------------------------------------------------------------
---------------------------------------------------------------------------------
Start Rebuilding User Hierarchy
---------------------------------------------------------------------------------
---------------------------------------------------------------------------------
Finished Rebuilding User Hierarchy : Time (s): cpu = 00:11:14 ; elapsed = 00:12:02 . Memory (MB): peak = 5233.770 ; gain = 3489.043
---------------------------------------------------------------------------------
---------------------------------------------------------------------------------
Start Renaming Generated Ports
---------------------------------------------------------------------------------
---------------------------------------------------------------------------------
Finished Renaming Generated Ports : Time (s): cpu = 00:11:14 ; elapsed = 00:12:03 . Memory (MB): peak = 5233.770 ; gain = 3489.043
---------------------------------------------------------------------------------
---------------------------------------------------------------------------------
Start Handling Custom Attributes
---------------------------------------------------------------------------------
---------------------------------------------------------------------------------
Finished Handling Custom Attributes : Time (s): cpu = 00:11:17 ; elapsed = 00:12:06 . Memory (MB): peak = 5233.770 ; gain = 3489.043
---------------------------------------------------------------------------------
---------------------------------------------------------------------------------
Start Renaming Generated Nets
---------------------------------------------------------------------------------
---------------------------------------------------------------------------------
Finished Renaming Generated Nets : Time (s): cpu = 00:11:17 ; elapsed = 00:12:06 . Memory (MB): peak = 5233.770 ; gain = 3489.043
---------------------------------------------------------------------------------
---------------------------------------------------------------------------------
Start Writing Synthesis Report
---------------------------------------------------------------------------------

DSP Final Report (the ' indicates corresponding REG is set)
+------------+-------------+--------+--------+--------+--------+--------+------+------+------+------+-------+------+------+
|Module Name | DSP Mapping | A Size | B Size | C Size | D Size | P Size | AREG | BREG | CREG | DREG | ADREG | MREG | PREG | 
+------------+-------------+--------+--------+--------+--------+--------+------+------+------+------+-------+------+------+
|mac_core    | Dynamic     | -      | -      | -      | -      | 32     | -    | -    | -    | -    | -     | 1    | 1    | 
|mac_core    | Dynamic     | -      | -      | -      | -      | 32     | -    | -    | -    | -    | -     | 1    | 1    | 
|mac_core    | Dynamic     | -      | -      | -      | -      | 32     | -    | -    | -    | -    | -     | 1    | 1    | 
|mac_core    | Dynamic     | -      | -      | -      | -      | 32     | -    | -    | -    | -    | -     | 1    | 1    | 
|mac_core    | Dynamic     | -      | -      | -      | -      | 32     | -    | -    | -    | -    | -     | 1    | 1    | 
|mac_core    | Dynamic     | -      | -      | -      | -      | 32     | -    | -    | -    | -    | -     | 1    | 1    | 
|mac_core    | Dynamic     | -      | -      | -      | -      | 32     | -    | -    | -    | -    | -     | 1    | 1    | 
|mac_core    | Dynamic     | -      | -      | -      | -      | 32     | -    | -    | -    | -    | -     | 1    | 1    | 
|mac_core    | Dynamic     | -      | -      | -      | -      | 32     | -    | -    | -    | -    | -     | 1    | 1    | 
|mac_core    | Dynamic     | -      | -      | -      | -      | 32     | -    | -    | -    | -    | -     | 1    | 1    | 
|mac_core    | Dynamic     | -      | -      | -      | -      | 32     | -    | -    | -    | -    | -     | 1    | 1    | 
|mac_core    | Dynamic     | -      | -      | -      | -      | 32     | -    | -    | -    | -    | -     | 1    | 1    | 
|mac_core    | Dynamic     | -      | -      | -      | -      | 32     | -    | -    | -    | -    | -     | 1    | 1    | 
|mac_core    | Dynamic     | -      | -      | -      | -      | 32     | -    | -    | -    | -    | -     | 1    | 1    | 
|mac_core    | Dynamic     | -      | -      | -      | -      | 32     | -    | -    | -    | -    | -     | 1    | 1    | 
|mac_core    | Dynamic     | -      | -      | -      | -      | 32     | -    | -    | -    | -    | -     | 1    | 1    | 
|mac_core    | Dynamic     | -      | -      | -      | -      | 32     | -    | -    | -    | -    | -     | 1    | 1    | 
|mac_core    | Dynamic     | -      | -      | -      | -      | 32     | -    | -    | -    | -    | -     | 1    | 1    | 
|mac_core    | Dynamic     | -      | -      | -      | -      | 32     | -    | -    | -    | -    | -     | 1    | 1    | 
|mac_core    | Dynamic     | -      | -      | -      | -      | 32     | -    | -    | -    | -    | -     | 1    | 1    | 
|mac_core    | Dynamic     | -      | -      | -      | -      | 32     | -    | -    | -    | -    | -     | 1    | 1    | 
|mac_core    | Dynamic     | -      | -      | -      | -      | 32     | -    | -    | -    | -    | -     | 1    | 1    | 
|mac_core    | Dynamic     | -      | -      | -      | -      | 32     | -    | -    | -    | -    | -     | 1    | 1    | 
|mac_core    | Dynamic     | -      | -      | -      | -      | 32     | -    | -    | -    | -    | -     | 1    | 1    | 
|mac_core    | Dynamic     | -      | -      | -      | -      | 32     | -    | -    | -    | -    | -     | 1    | 1    | 
|mac_core    | Dynamic     | -      | -      | -      | -      | 32     | -    | -    | -    | -    | -     | 1    | 1    | 
|mac_core    | Dynamic     | -      | -      | -      | -      | 32     | -    | -    | -    | -    | -     | 1    | 1    | 
|mac_core    | Dynamic     | -      | -      | -      | -      | 32     | -    | -    | -    | -    | -     | 1    | 1    | 
|mac_core    | Dynamic     | -      | -      | -      | -      | 32     | -    | -    | -    | -    | -     | 1    | 1    | 
|mac_core    | Dynamic     | -      | -      | -      | -      | 32     | -    | -    | -    | -    | -     | 1    | 1    | 
|mac_core    | Dynamic     | -      | -      | -      | -      | 32     | -    | -    | -    | -    | -     | 1    | 1    | 
|mac_core    | Dynamic     | -      | -      | -      | -      | 32     | -    | -    | -    | -    | -     | 1    | 1    | 
|mac_core    | Dynamic     | -      | -      | -      | -      | 32     | -    | -    | -    | -    | -     | 1    | 1    | 
|mac_core    | Dynamic     | -      | -      | -      | -      | 32     | -    | -    | -    | -    | -     | 1    | 1    | 
|mac_core    | Dynamic     | -      | -      | -      | -      | 32     | -    | -    | -    | -    | -     | 1    | 1    | 
|mac_core    | Dynamic     | -      | -      | -      | -      | 32     | -    | -    | -    | -    | -     | 1    | 1    | 
|mac_core    | Dynamic     | -      | -      | -      | -      | 32     | -    | -    | -    | -    | -     | 1    | 1    | 
|mac_core    | Dynamic     | -      | -      | -      | -      | 32     | -    | -    | -    | -    | -     | 1    | 1    | 
|mac_core    | Dynamic     | -      | -      | -      | -      | 32     | -    | -    | -    | -    | -     | 1    | 1    | 
|mac_core    | Dynamic     | -      | -      | -      | -      | 32     | -    | -    | -    | -    | -     | 1    | 1    | 
|mac_core    | Dynamic     | -      | -      | -      | -      | 32     | -    | -    | -    | -    | -     | 1    | 1    | 
|mac_core    | Dynamic     | -      | -      | -      | -      | 32     | -    | -    | -    | -    | -     | 1    | 1    | 
|mac_core    | Dynamic     | -      | -      | -      | -      | 32     | -    | -    | -    | -    | -     | 1    | 1    | 
|mac_core    | Dynamic     | -      | -      | -      | -      | 32     | -    | -    | -    | -    | -     | 1    | 1    | 
|mac_core    | Dynamic     | -      | -      | -      | -      | 32     | -    | -    | -    | -    | -     | 1    | 1    | 
|mac_core    | Dynamic     | -      | -      | -      | -      | 32     | -    | -    | -    | -    | -     | 1    | 1    | 
|mac_core    | Dynamic     | -      | -      | -      | -      | 32     | -    | -    | -    | -    | -     | 1    | 1    | 
|mac_core    | Dynamic     | -      | -      | -      | -      | 32     | -    | -    | -    | -    | -     | 1    | 1    | 
|mac_core    | Dynamic     | -      | -      | -      | -      | 32     | -    | -    | -    | -    | -     | 1    | 1    | 
|mac_core    | Dynamic     | -      | -      | -      | -      | 32     | -    | -    | -    | -    | -     | 1    | 1    | 
|mac_core    | Dynamic     | -      | -      | -      | -      | 32     | -    | -    | -    | -    | -     | 1    | 1    | 
|mac_core    | Dynamic     | -      | -      | -      | -      | 32     | -    | -    | -    | -    | -     | 1    | 1    | 
|mac_core    | Dynamic     | -      | -      | -      | -      | 32     | -    | -    | -    | -    | -     | 1    | 1    | 
|mac_core    | Dynamic     | -      | -      | -      | -      | 32     | -    | -    | -    | -    | -     | 1    | 1    | 
|mac_core    | Dynamic     | -      | -      | -      | -      | 32     | -    | -    | -    | -    | -     | 1    | 1    | 
|mac_core    | Dynamic     | -      | -      | -      | -      | 32     | -    | -    | -    | -    | -     | 1    | 1    | 
|mac_core    | Dynamic     | -      | -      | -      | -      | 32     | -    | -    | -    | -    | -     | 1    | 1    | 
|mac_core    | Dynamic     | -      | -      | -      | -      | 32     | -    | -    | -    | -    | -     | 1    | 1    | 
|mac_core    | Dynamic     | -      | -      | -      | -      | 32     | -    | -    | -    | -    | -     | 1    | 1    | 
|mac_core    | Dynamic     | -      | -      | -      | -      | 32     | -    | -    | -    | -    | -     | 1    | 1    | 
|mac_core    | Dynamic     | -      | -      | -      | -      | 32     | -    | -    | -    | -    | -     | 1    | 1    | 
|mac_core    | Dynamic     | -      | -      | -      | -      | 32     | -    | -    | -    | -    | -     | 1    | 1    | 
|mac_core    | Dynamic     | -      | -      | -      | -      | 32     | -    | -    | -    | -    | -     | 1    | 1    | 
|mac_core    | Dynamic     | -      | -      | -      | -      | 32     | -    | -    | -    | -    | -     | 1    | 1    | 
|mac_core    | Dynamic     | -      | -      | -      | -      | 32     | -    | -    | -    | -    | -     | 1    | 1    | 
|mac_core    | Dynamic     | -      | -      | -      | -      | 32     | -    | -    | -    | -    | -     | 1    | 1    | 
|mac_core    | Dynamic     | -      | -      | -      | -      | 32     | -    | -    | -    | -    | -     | 1    | 1    | 
|mac_core    | Dynamic     | -      | -      | -      | -      | 32     | -    | -    | -    | -    | -     | 1    | 1    | 
|mac_core    | Dynamic     | -      | -      | -      | -      | 32     | -    | -    | -    | -    | -     | 1    | 1    | 
|mac_core    | Dynamic     | -      | -      | -      | -      | 32     | -    | -    | -    | -    | -     | 1    | 1    | 
|mac_core    | Dynamic     | -      | -      | -      | -      | 32     | -    | -    | -    | -    | -     | 1    | 1    | 
|mac_core    | Dynamic     | -      | -      | -      | -      | 32     | -    | -    | -    | -    | -     | 1    | 1    | 
|mac_core    | Dynamic     | -      | -      | -      | -      | 32     | -    | -    | -    | -    | -     | 1    | 1    | 
|mac_core    | Dynamic     | -      | -      | -      | -      | 32     | -    | -    | -    | -    | -     | 1    | 1    | 
|mac_core    | Dynamic     | -      | -      | -      | -      | 32     | -    | -    | -    | -    | -     | 1    | 1    | 
|mac_core    | Dynamic     | -      | -      | -      | -      | 32     | -    | -    | -    | -    | -     | 1    | 1    | 
|mac_core    | Dynamic     | -      | -      | -      | -      | 32     | -    | -    | -    | -    | -     | 1    | 1    | 
|mac_core    | Dynamic     | -      | -      | -      | -      | 32     | -    | -    | -    | -    | -     | 1    | 1    | 
|mac_core    | Dynamic     | -      | -      | -      | -      | 32     | -    | -    | -    | -    | -     | 1    | 1    | 
|mac_core    | Dynamic     | -      | -      | -      | -      | 32     | -    | -    | -    | -    | -     | 1    | 1    | 
|mac_core    | Dynamic     | -      | -      | -      | -      | 32     | -    | -    | -    | -    | -     | 1    | 1    | 
|mac_core    | Dynamic     | -      | -      | -      | -      | 32     | -    | -    | -    | -    | -     | 1    | 1    | 
|mac_core    | Dynamic     | -      | -      | -      | -      | 32     | -    | -    | -    | -    | -     | 1    | 1    | 
|mac_core    | Dynamic     | -      | -      | -      | -      | 32     | -    | -    | -    | -    | -     | 1    | 1    | 
|mac_core    | Dynamic     | -      | -      | -      | -      | 32     | -    | -    | -    | -    | -     | 1    | 1    | 
|mac_core    | Dynamic     | -      | -      | -      | -      | 32     | -    | -    | -    | -    | -     | 1    | 1    | 
|mac_core    | Dynamic     | -      | -      | -      | -      | 32     | -    | -    | -    | -    | -     | 1    | 1    | 
|mac_core    | Dynamic     | -      | -      | -      | -      | 32     | -    | -    | -    | -    | -     | 1    | 1    | 
|mac_core    | Dynamic     | -      | -      | -      | -      | 32     | -    | -    | -    | -    | -     | 1    | 1    | 
|mac_core    | Dynamic     | -      | -      | -      | -      | 32     | -    | -    | -    | -    | -     | 1    | 1    | 
|mac_core    | Dynamic     | -      | -      | -      | -      | 32     | -    | -    | -    | -    | -     | 1    | 1    | 
|mac_core    | Dynamic     | -      | -      | -      | -      | 32     | -    | -    | -    | -    | -     | 1    | 1    | 
|mac_core    | Dynamic     | -      | -      | -      | -      | 32     | -    | -    | -    | -    | -     | 1    | 1    | 
|mac_core    | Dynamic     | -      | -      | -      | -      | 32     | -    | -    | -    | -    | -     | 1    | 1    | 
|mac_core    | Dynamic     | -      | -      | -      | -      | 32     | -    | -    | -    | -    | -     | 1    | 1    | 
|mac_core    | Dynamic     | -      | -      | -      | -      | 32     | -    | -    | -    | -    | -     | 1    | 1    | 
|mac_core    | Dynamic     | -      | -      | -      | -      | 32     | -    | -    | -    | -    | -     | 1    | 1    | 
|mac_core    | Dynamic     | -      | -      | -      | -      | 32     | -    | -    | -    | -    | -     | 1    | 1    | 
|mac_core    | Dynamic     | -      | -      | -      | -      | 32     | -    | -    | -    | -    | -     | 1    | 1    | 
|mac_core    | Dynamic     | -      | -      | -      | -      | 32     | -    | -    | -    | -    | -     | 1    | 1    | 
|mac_core    | Dynamic     | -      | -      | -      | -      | 32     | -    | -    | -    | -    | -     | 1    | 1    | 
|mac_core    | Dynamic     | -      | -      | -      | -      | 32     | -    | -    | -    | -    | -     | 1    | 1    | 
|mac_core    | Dynamic     | -      | -      | -      | -      | 32     | -    | -    | -    | -    | -     | 1    | 1    | 
|mac_core    | Dynamic     | -      | -      | -      | -      | 32     | -    | -    | -    | -    | -     | 1    | 1    | 
|mac_core    | Dynamic     | -      | -      | -      | -      | 32     | -    | -    | -    | -    | -     | 1    | 1    | 
|mac_core    | Dynamic     | -      | -      | -      | -      | 32     | -    | -    | -    | -    | -     | 1    | 1    | 
|mac_core    | Dynamic     | -      | -      | -      | -      | 32     | -    | -    | -    | -    | -     | 1    | 1    | 
|mac_core    | Dynamic     | -      | -      | -      | -      | 32     | -    | -    | -    | -    | -     | 1    | 1    | 
|mac_core    | Dynamic     | -      | -      | -      | -      | 32     | -    | -    | -    | -    | -     | 1    | 1    | 
|mac_core    | Dynamic     | -      | -      | -      | -      | 32     | -    | -    | -    | -    | -     | 1    | 1    | 
|mac_core    | Dynamic     | -      | -      | -      | -      | 32     | -    | -    | -    | -    | -     | 1    | 1    | 
|mac_core    | Dynamic     | -      | -      | -      | -      | 32     | -    | -    | -    | -    | -     | 1    | 1    | 
|mac_core    | Dynamic     | -      | -      | -      | -      | 32     | -    | -    | -    | -    | -     | 1    | 1    | 
|mac_core    | Dynamic     | -      | -      | -      | -      | 32     | -    | -    | -    | -    | -     | 1    | 1    | 
|mac_core    | Dynamic     | -      | -      | -      | -      | 32     | -    | -    | -    | -    | -     | 1    | 1    | 
|mac_core    | Dynamic     | -      | -      | -      | -      | 32     | -    | -    | -    | -    | -     | 1    | 1    | 
|mac_core    | Dynamic     | -      | -      | -      | -      | 32     | -    | -    | -    | -    | -     | 1    | 1    | 
|mac_core    | Dynamic     | -      | -      | -      | -      | 32     | -    | -    | -    | -    | -     | 1    | 1    | 
|mac_core    | Dynamic     | -      | -      | -      | -      | 32     | -    | -    | -    | -    | -     | 1    | 1    | 
|mac_core    | Dynamic     | -      | -      | -      | -      | 32     | -    | -    | -    | -    | -     | 1    | 1    | 
|mac_core    | Dynamic     | -      | -      | -      | -      | 32     | -    | -    | -    | -    | -     | 1    | 1    | 
|mac_core    | Dynamic     | -      | -      | -      | -      | 32     | -    | -    | -    | -    | -     | 1    | 1    | 
|mac_core    | Dynamic     | -      | -      | -      | -      | 32     | -    | -    | -    | -    | -     | 1    | 1    | 
|mac_core    | Dynamic     | -      | -      | -      | -      | 32     | -    | -    | -    | -    | -     | 1    | 1    | 
|mac_core    | Dynamic     | -      | -      | -      | -      | 32     | -    | -    | -    | -    | -     | 1    | 1    | 
|mac_core    | Dynamic     | -      | -      | -      | -      | 32     | -    | -    | -    | -    | -     | 1    | 1    | 
|mac_core    | Dynamic     | -      | -      | -      | -      | 32     | -    | -    | -    | -    | -     | 1    | 1    | 
|mac_core    | Dynamic     | -      | -      | -      | -      | 32     | -    | -    | -    | -    | -     | 1    | 1    | 
|mac_core    | Dynamic     | -      | -      | -      | -      | 32     | -    | -    | -    | -    | -     | 1    | 1    | 
|mac_core    | Dynamic     | -      | -      | -      | -      | 32     | -    | -    | -    | -    | -     | 1    | 1    | 
|mac_core    | Dynamic     | -      | -      | -      | -      | 32     | -    | -    | -    | -    | -     | 1    | 1    | 
|mac_core    | Dynamic     | -      | -      | -      | -      | 32     | -    | -    | -    | -    | -     | 1    | 1    | 
|mac_core    | Dynamic     | -      | -      | -      | -      | 32     | -    | -    | -    | -    | -     | 1    | 1    | 
|mac_core    | Dynamic     | -      | -      | -      | -      | 32     | -    | -    | -    | -    | -     | 1    | 1    | 
|mac_core    | Dynamic     | -      | -      | -      | -      | 32     | -    | -    | -    | -    | -     | 1    | 1    | 
|mac_core    | Dynamic     | -      | -      | -      | -      | 32     | -    | -    | -    | -    | -     | 1    | 1    | 
|mac_core    | Dynamic     | -      | -      | -      | -      | 32     | -    | -    | -    | -    | -     | 1    | 1    | 
|mac_core    | Dynamic     | -      | -      | -      | -      | 32     | -    | -    | -    | -    | -     | 1    | 1    | 
|mac_core    | Dynamic     | -      | -      | -      | -      | 32     | -    | -    | -    | -    | -     | 1    | 1    | 
|mac_core    | Dynamic     | -      | -      | -      | -      | 32     | -    | -    | -    | -    | -     | 1    | 1    | 
|mac_core    | Dynamic     | -      | -      | -      | -      | 32     | -    | -    | -    | -    | -     | 1    | 1    | 
|mac_core    | Dynamic     | -      | -      | -      | -      | 32     | -    | -    | -    | -    | -     | 1    | 1    | 
|mac_core    | Dynamic     | -      | -      | -      | -      | 32     | -    | -    | -    | -    | -     | 1    | 1    | 
|mac_core    | Dynamic     | -      | -      | -      | -      | 32     | -    | -    | -    | -    | -     | 1    | 1    | 
|mac_core    | Dynamic     | -      | -      | -      | -      | 32     | -    | -    | -    | -    | -     | 1    | 1    | 
|mac_core    | Dynamic     | -      | -      | -      | -      | 32     | -    | -    | -    | -    | -     | 1    | 1    | 
|mac_core    | Dynamic     | -      | -      | -      | -      | 32     | -    | -    | -    | -    | -     | 1    | 1    | 
|mac_core    | Dynamic     | -      | -      | -      | -      | 32     | -    | -    | -    | -    | -     | 1    | 1    | 
|mac_core    | Dynamic     | -      | -      | -      | -      | 32     | -    | -    | -    | -    | -     | 1    | 1    | 
|mac_core    | Dynamic     | -      | -      | -      | -      | 32     | -    | -    | -    | -    | -     | 1    | 1    | 
|mac_core    | Dynamic     | -      | -      | -      | -      | 32     | -    | -    | -    | -    | -     | 1    | 1    | 
|mac_core    | Dynamic     | -      | -      | -      | -      | 32     | -    | -    | -    | -    | -     | 1    | 1    | 
|mac_core    | Dynamic     | -      | -      | -      | -      | 32     | -    | -    | -    | -    | -     | 1    | 1    | 
|mac_core    | Dynamic     | -      | -      | -      | -      | 32     | -    | -    | -    | -    | -     | 1    | 1    | 
|mac_core    | Dynamic     | -      | -      | -      | -      | 32     | -    | -    | -    | -    | -     | 1    | 1    | 
|mac_core    | Dynamic     | -      | -      | -      | -      | 32     | -    | -    | -    | -    | -     | 1    | 1    | 
|mac_core    | Dynamic     | -      | -      | -      | -      | 32     | -    | -    | -    | -    | -     | 1    | 1    | 
|mac_core    | Dynamic     | -      | -      | -      | -      | 32     | -    | -    | -    | -    | -     | 1    | 1    | 
|mac_core    | Dynamic     | -      | -      | -      | -      | 32     | -    | -    | -    | -    | -     | 1    | 1    | 
|mac_core    | Dynamic     | -      | -      | -      | -      | 32     | -    | -    | -    | -    | -     | 1    | 1    | 
|mac_core    | Dynamic     | -      | -      | -      | -      | 32     | -    | -    | -    | -    | -     | 1    | 1    | 
|mac_core    | Dynamic     | -      | -      | -      | -      | 32     | -    | -    | -    | -    | -     | 1    | 1    | 
|mac_core    | Dynamic     | -      | -      | -      | -      | 32     | -    | -    | -    | -    | -     | 1    | 1    | 
|mac_core    | Dynamic     | -      | -      | -      | -      | 32     | -    | -    | -    | -    | -     | 1    | 1    | 
|mac_core    | Dynamic     | -      | -      | -      | -      | 32     | -    | -    | -    | -    | -     | 1    | 1    | 
|mac_core    | Dynamic     | -      | -      | -      | -      | 32     | -    | -    | -    | -    | -     | 1    | 1    | 
|mac_core    | Dynamic     | -      | -      | -      | -      | 32     | -    | -    | -    | -    | -     | 1    | 1    | 
|mac_core    | Dynamic     | -      | -      | -      | -      | 32     | -    | -    | -    | -    | -     | 1    | 1    | 
|mac_core    | Dynamic     | -      | -      | -      | -      | 32     | -    | -    | -    | -    | -     | 1    | 1    | 
|mac_core    | Dynamic     | -      | -      | -      | -      | 32     | -    | -    | -    | -    | -     | 1    | 1    | 
|mac_core    | Dynamic     | -      | -      | -      | -      | 32     | -    | -    | -    | -    | -     | 1    | 1    | 
|mac_core    | Dynamic     | -      | -      | -      | -      | 32     | -    | -    | -    | -    | -     | 1    | 1    | 
|mac_core    | Dynamic     | -      | -      | -      | -      | 32     | -    | -    | -    | -    | -     | 1    | 1    | 
|mac_core    | Dynamic     | -      | -      | -      | -      | 32     | -    | -    | -    | -    | -     | 1    | 1    | 
|mac_core    | Dynamic     | -      | -      | -      | -      | 32     | -    | -    | -    | -    | -     | 1    | 1    | 
|mac_core    | Dynamic     | -      | -      | -      | -      | 32     | -    | -    | -    | -    | -     | 1    | 1    | 
|mac_core    | Dynamic     | -      | -      | -      | -      | 32     | -    | -    | -    | -    | -     | 1    | 1    | 
|mac_core    | Dynamic     | -      | -      | -      | -      | 32     | -    | -    | -    | -    | -     | 1    | 1    | 
|mac_core    | Dynamic     | -      | -      | -      | -      | 32     | -    | -    | -    | -    | -     | 1    | 1    | 
|mac_core    | Dynamic     | -      | -      | -      | -      | 32     | -    | -    | -    | -    | -     | 1    | 1    | 
|mac_core    | Dynamic     | -      | -      | -      | -      | 32     | -    | -    | -    | -    | -     | 1    | 1    | 
|mac_core    | Dynamic     | -      | -      | -      | -      | 32     | -    | -    | -    | -    | -     | 1    | 1    | 
|mac_core    | Dynamic     | -      | -      | -      | -      | 32     | -    | -    | -    | -    | -     | 1    | 1    | 
|mac_core    | Dynamic     | -      | -      | -      | -      | 32     | -    | -    | -    | -    | -     | 1    | 1    | 
|mac_core    | Dynamic     | -      | -      | -      | -      | 32     | -    | -    | -    | -    | -     | 1    | 1    | 
|mac_core    | Dynamic     | -      | -      | -      | -      | 32     | -    | -    | -    | -    | -     | 1    | 1    | 
|mac_core    | Dynamic     | -      | -      | -      | -      | 32     | -    | -    | -    | -    | -     | 1    | 1    | 
|mac_core    | Dynamic     | -      | -      | -      | -      | 32     | -    | -    | -    | -    | -     | 1    | 1    | 
|mac_core    | Dynamic     | -      | -      | -      | -      | 32     | -    | -    | -    | -    | -     | 1    | 1    | 
|mac_core    | Dynamic     | -      | -      | -      | -      | 32     | -    | -    | -    | -    | -     | 1    | 1    | 
|mac_core    | Dynamic     | -      | -      | -      | -      | 32     | -    | -    | -    | -    | -     | 1    | 1    | 
|mac_core    | Dynamic     | -      | -      | -      | -      | 32     | -    | -    | -    | -    | -     | 1    | 1    | 
|mac_core    | Dynamic     | -      | -      | -      | -      | 32     | -    | -    | -    | -    | -     | 1    | 1    | 
|mac_core    | Dynamic     | -      | -      | -      | -      | 32     | -    | -    | -    | -    | -     | 1    | 1    | 
|mac_core    | Dynamic     | -      | -      | -      | -      | 32     | -    | -    | -    | -    | -     | 1    | 1    | 
|mac_core    | Dynamic     | -      | -      | -      | -      | 32     | -    | -    | -    | -    | -     | 1    | 1    | 
|mac_core    | Dynamic     | -      | -      | -      | -      | 32     | -    | -    | -    | -    | -     | 1    | 1    | 
|mac_core    | Dynamic     | -      | -      | -      | -      | 32     | -    | -    | -    | -    | -     | 1    | 1    | 
|mac_core    | Dynamic     | -      | -      | -      | -      | 32     | -    | -    | -    | -    | -     | 1    | 1    | 
|mac_core    | Dynamic     | -      | -      | -      | -      | 32     | -    | -    | -    | -    | -     | 1    | 1    | 
|mac_core    | Dynamic     | -      | -      | -      | -      | 32     | -    | -    | -    | -    | -     | 1    | 1    | 
|mac_core    | Dynamic     | -      | -      | -      | -      | 32     | -    | -    | -    | -    | -     | 1    | 1    | 
|mac_core    | Dynamic     | -      | -      | -      | -      | 32     | -    | -    | -    | -    | -     | 1    | 1    | 
|mac_core    | Dynamic     | -      | -      | -      | -      | 32     | -    | -    | -    | -    | -     | 1    | 1    | 
|mac_core    | Dynamic     | -      | -      | -      | -      | 32     | -    | -    | -    | -    | -     | 1    | 1    | 
|mac_core    | Dynamic     | -      | -      | -      | -      | 32     | -    | -    | -    | -    | -     | 1    | 1    | 
|mac_core    | Dynamic     | -      | -      | -      | -      | 32     | -    | -    | -    | -    | -     | 1    | 1    | 
|mac_core    | Dynamic     | -      | -      | -      | -      | 32     | -    | -    | -    | -    | -     | 1    | 1    | 
|mac_core    | Dynamic     | -      | -      | -      | -      | 32     | -    | -    | -    | -    | -     | 1    | 1    | 
|mac_core    | Dynamic     | -      | -      | -      | -      | 32     | -    | -    | -    | -    | -     | 1    | 1    | 
|mac_core    | Dynamic     | -      | -      | -      | -      | 32     | -    | -    | -    | -    | -     | 1    | 1    | 
|mac_core    | Dynamic     | -      | -      | -      | -      | 32     | -    | -    | -    | -    | -     | 1    | 1    | 
|mac_core    | Dynamic     | -      | -      | -      | -      | 32     | -    | -    | -    | -    | -     | 1    | 1    | 
|mac_core    | Dynamic     | -      | -      | -      | -      | 32     | -    | -    | -    | -    | -     | 1    | 1    | 
|mac_core    | Dynamic     | -      | -      | -      | -      | 32     | -    | -    | -    | -    | -     | 1    | 1    | 
|mac_core    | Dynamic     | -      | -      | -      | -      | 32     | -    | -    | -    | -    | -     | 1    | 1    | 
|mac_core    | Dynamic     | -      | -      | -      | -      | 32     | -    | -    | -    | -    | -     | 1    | 1    | 
|mac_core    | Dynamic     | -      | -      | -      | -      | 32     | -    | -    | -    | -    | -     | 1    | 1    | 
|mac_core    | Dynamic     | -      | -      | -      | -      | 32     | -    | -    | -    | -    | -     | 1    | 1    | 
|mac_core    | Dynamic     | -      | -      | -      | -      | 32     | -    | -    | -    | -    | -     | 1    | 1    | 
|mac_core    | Dynamic     | -      | -      | -      | -      | 32     | -    | -    | -    | -    | -     | 1    | 1    | 
|mac_core    | Dynamic     | -      | -      | -      | -      | 32     | -    | -    | -    | -    | -     | 1    | 1    | 
|mac_core    | Dynamic     | -      | -      | -      | -      | 32     | -    | -    | -    | -    | -     | 1    | 1    | 
|mac_core    | Dynamic     | -      | -      | -      | -      | 32     | -    | -    | -    | -    | -     | 1    | 1    | 
|mac_core    | Dynamic     | -      | -      | -      | -      | 32     | -    | -    | -    | -    | -     | 1    | 1    | 
|mac_core    | Dynamic     | -      | -      | -      | -      | 32     | -    | -    | -    | -    | -     | 1    | 1    | 
|mac_core    | Dynamic     | -      | -      | -      | -      | 32     | -    | -    | -    | -    | -     | 1    | 1    | 
|mac_core    | Dynamic     | -      | -      | -      | -      | 32     | -    | -    | -    | -    | -     | 1    | 1    | 
|mac_core    | Dynamic     | -      | -      | -      | -      | 32     | -    | -    | -    | -    | -     | 1    | 1    | 
|mac_core    | Dynamic     | -      | -      | -      | -      | 32     | -    | -    | -    | -    | -     | 1    | 1    | 
|mac_core    | Dynamic     | -      | -      | -      | -      | 32     | -    | -    | -    | -    | -     | 1    | 1    | 
|mac_core    | Dynamic     | -      | -      | -      | -      | 32     | -    | -    | -    | -    | -     | 1    | 1    | 
|mac_core    | Dynamic     | -      | -      | -      | -      | 32     | -    | -    | -    | -    | -     | 1    | 1    | 
|mac_core    | Dynamic     | -      | -      | -      | -      | 32     | -    | -    | -    | -    | -     | 1    | 1    | 
|mac_core    | Dynamic     | -      | -      | -      | -      | 32     | -    | -    | -    | -    | -     | 1    | 1    | 
|mac_core    | Dynamic     | -      | -      | -      | -      | 32     | -    | -    | -    | -    | -     | 1    | 1    | 
|mac_core    | Dynamic     | -      | -      | -      | -      | 32     | -    | -    | -    | -    | -     | 1    | 1    | 
|mac_core    | Dynamic     | -      | -      | -      | -      | 32     | -    | -    | -    | -    | -     | 1    | 1    | 
|mac_core    | Dynamic     | -      | -      | -      | -      | 32     | -    | -    | -    | -    | -     | 1    | 1    | 
|mac_core    | Dynamic     | -      | -      | -      | -      | 32     | -    | -    | -    | -    | -     | 1    | 1    | 
|mac_core    | Dynamic     | -      | -      | -      | -      | 32     | -    | -    | -    | -    | -     | 1    | 1    | 
|mac_core    | Dynamic     | -      | -      | -      | -      | 32     | -    | -    | -    | -    | -     | 1    | 1    | 
|mac_core    | Dynamic     | -      | -      | -      | -      | 32     | -    | -    | -    | -    | -     | 1    | 1    | 
|mac_core    | Dynamic     | -      | -      | -      | -      | 32     | -    | -    | -    | -    | -     | 1    | 1    | 
|mac_core    | Dynamic     | -      | -      | -      | -      | 32     | -    | -    | -    | -    | -     | 1    | 1    | 
|mac_core    | Dynamic     | -      | -      | -      | -      | 32     | -    | -    | -    | -    | -     | 1    | 1    | 
|mac_core    | Dynamic     | -      | -      | -      | -      | 32     | -    | -    | -    | -    | -     | 1    | 1    | 
|mac_core    | Dynamic     | -      | -      | -      | -      | 32     | -    | -    | -    | -    | -     | 1    | 1    | 
|mac_core    | Dynamic     | -      | -      | -      | -      | 32     | -    | -    | -    | -    | -     | 1    | 1    | 
|mac_core    | Dynamic     | -      | -      | -      | -      | 32     | -    | -    | -    | -    | -     | 1    | 1    | 
|mac_core    | Dynamic     | -      | -      | -      | -      | 32     | -    | -    | -    | -    | -     | 1    | 1    | 
|mac_core    | Dynamic     | -      | -      | -      | -      | 32     | -    | -    | -    | -    | -     | 1    | 1    | 
|mac_core    | Dynamic     | -      | -      | -      | -      | 32     | -    | -    | -    | -    | -     | 1    | 1    | 
|mac_core    | Dynamic     | -      | -      | -      | -      | 32     | -    | -    | -    | -    | -     | 1    | 1    | 
|mac_core    | Dynamic     | -      | -      | -      | -      | 32     | -    | -    | -    | -    | -     | 1    | 1    | 
|mac_core    | Dynamic     | -      | -      | -      | -      | 32     | -    | -    | -    | -    | -     | 1    | 1    | 
+------------+-------------+--------+--------+--------+--------+--------+------+------+------+------+-------+------+------+


Report BlackBoxes: 
+-+--------------+----------+
| |BlackBox name |Instances |
+-+--------------+----------+
+-+--------------+----------+

Report Cell Usage: 
+------+----------------+------+
|      |Cell            |Count |
+------+----------------+------+
|1     |BUFG_PS         |     2|
|2     |CARRY8          |   358|
|3     |DSP_ALU         |   256|
|4     |DSP_A_B_DATA    |   256|
|6     |DSP_C_DATA      |   256|
|7     |DSP_MULTIPLIER  |   256|
|8     |DSP_M_DATA      |   256|
|9     |DSP_OUTPUT      |   256|
|10    |DSP_PREADD      |   256|
|11    |DSP_PREADD_DATA |   256|
|12    |LUT1            |  1192|
|13    |LUT2            |  4092|
|14    |LUT3            | 11298|
|15    |LUT4            |  1852|
|16    |LUT5            |  1544|
|17    |LUT6            |  3810|
|18    |MUXF7           |     2|
|19    |PS8             |     1|
|20    |RAM16X1D        |   515|
|21    |RAM32M          |     5|
|22    |RAM32M16        |    82|
|23    |RAM32X1D        |     8|
|24    |RAMB18E2        |     4|
|27    |RAMB36E2        |    48|
|32    |SRL16           |     3|
|33    |SRL16E          |   597|
|34    |FDCE            |   342|
|35    |FDRE            | 35448|
|36    |FDSE            |   336|
+------+----------------+------+
---------------------------------------------------------------------------------
Finished Writing Synthesis Report : Time (s): cpu = 00:11:18 ; elapsed = 00:12:07 . Memory (MB): peak = 5233.770 ; gain = 3489.043
---------------------------------------------------------------------------------
Synthesis finished with 0 errors, 0 critical warnings and 8659 warnings.
Synthesis Optimization Runtime : Time (s): cpu = 00:08:02 ; elapsed = 00:09:45 . Memory (MB): peak = 5233.770 ; gain = 2307.164
Synthesis Optimization Complete : Time (s): cpu = 00:11:18 ; elapsed = 00:12:09 . Memory (MB): peak = 5233.770 ; gain = 3489.043
INFO: [Project 1-571] Translating synthesized netlist
Netlist sorting complete. Time (s): cpu = 00:00:03 ; elapsed = 00:00:03 . Memory (MB): peak = 5233.770 ; gain = 0.000
INFO: [Netlist 29-17] Analyzing 1229 Unisim elements for replacement
INFO: [Netlist 29-28] Unisim Transformation completed in 8 CPU seconds
INFO: [Project 1-570] Preparing netlist for logic optimization
INFO: [Opt 31-138] Pushed 0 inverter(s) to 0 load pin(s).
Netlist sorting complete. Time (s): cpu = 00:00:00 ; elapsed = 00:00:00.049 . Memory (MB): peak = 5233.770 ; gain = 0.000
INFO: [Project 1-111] Unisim Transformation Summary:
  A total of 869 instances were transformed.
  DSP48E2 => DSP48E2 (DSP_ALU, DSP_A_B_DATA, DSP_C_DATA, DSP_MULTIPLIER, DSP_M_DATA, DSP_OUTPUT, DSP_PREADD, DSP_PREADD_DATA): 256 instances
  RAM16X1D => RAM32X1D (RAMD32(x2)): 515 instances
  RAM32M => RAM32M (RAMD32(x6), RAMS32(x2)): 5 instances
  RAM32M16 => RAM32M16 (RAMD32(x14), RAMS32(x2)): 82 instances
  RAM32X1D => RAM32X1D (RAMD32(x2)): 8 instances
  SRL16 => SRL16E: 3 instances

Synth Design complete | Checksum: 19e9d9f6
INFO: [Common 17-83] Releasing license: Synthesis
754 Infos, 282 Warnings, 1 Critical Warnings and 0 Errors encountered.
synth_design completed successfully
synth_design: Time (s): cpu = 00:12:22 ; elapsed = 00:13:20 . Memory (MB): peak = 5233.770 ; gain = 4599.691
INFO: [Coretcl 2-1174] Renamed 1508 cell refs.
INFO: [Timing 38-35] Done setting XDC timing constraints.
Write ShapeDB Complete: Time (s): cpu = 00:00:00 ; elapsed = 00:00:00.170 . Memory (MB): peak = 5233.770 ; gain = 0.000
INFO: [Common 17-1381] The checkpoint 'D:/int8-matmul-accelerator/matmul/matmul.runs/gemm_block_synth_1/gemm_block.dcp' has been generated.
write_checkpoint: Time (s): cpu = 00:01:13 ; elapsed = 00:00:54 . Memory (MB): peak = 5233.770 ; gain = 0.000
INFO: [Vivado 12-24828] Executing command : report_utilization -file gemm_block_utilization_synth.rpt -pb gemm_block_utilization_synth.pb
write_verilog: Time (s): cpu = 00:00:12 ; elapsed = 00:00:12 . Memory (MB): peak = 5233.770 ; gain = 0.000
write_vhdl: Time (s): cpu = 00:00:16 ; elapsed = 00:00:17 . Memory (MB): peak = 5233.770 ; gain = 0.000
INFO: [Common 17-206] Exiting Vivado at Tue Jun 16 21:41:13 2026...
