Copyright 1986-2022 Xilinx, Inc. All Rights Reserved. Copyright 2022-2025 Advanced Micro Devices, Inc. All Rights Reserved.
--------------------------------------------------------------------------------------------------------------------------------------------------------------------------------------------------------------------------------------------
| Tool Version      : Vivado v.2025.2 (win64) Build 6299465 Fri Nov 14 19:35:11 GMT 2025
| Date              : Tue Apr  7 16:30:41 2026
| Host              : ZUYYYY running 64-bit major release  (build 9200)
| Command           : report_timing_summary -max_paths 10 -routable_nets -report_unconstrained -file array_top_timing_summary_routed.rpt -pb array_top_timing_summary_routed.pb -rpx array_top_timing_summary_routed.rpx -warn_on_violation
| Design            : array_top
| Device            : xck26-sfvc784
| Speed File        : -2LV  PRODUCTION 1.30 05-15-2022
| Design State      : Routed
| Temperature Grade : C
--------------------------------------------------------------------------------------------------------------------------------------------------------------------------------------------------------------------------------------------

Timing Summary Report

------------------------------------------------------------------------------------------------
| Timer Settings
| --------------
------------------------------------------------------------------------------------------------

  Enable Multi Corner Analysis               :  Yes
  Enable Pessimism Removal                   :  Yes
  Pessimism Removal Resolution               :  Nearest Common Node
  Enable Input Delay Default Clock           :  No
  Enable Preset / Clear Arcs                 :  No
  Disable Flight Delays                      :  No
  Ignore I/O Paths                           :  No
  Timing Early Launch at Borrowing Latches   :  No
  Borrow Time for Max Delay Exceptions       :  Yes
  Merge Timing Exceptions                    :  Yes
  Inter-SLR Compensation                     :  Conservative

  Corner  Analyze    Analyze    
  Name    Max Paths  Min Paths  
  ------  ---------  ---------  
  Slow    Yes        Yes        
  Fast    Yes        Yes        


------------------------------------------------------------------------------------------------
| Report Methodology
| ------------------
------------------------------------------------------------------------------------------------

Rule       Severity  Description                    Violations  
---------  --------  -----------------------------  ----------  
TIMING-18  Warning   Missing input or output delay  244         

Note: This report is based on the most recent report_methodology run and may not be up-to-date. Run report_methodology on the current design for the latest report.



check_timing report

Table of Contents
-----------------
1. checking no_clock (0)
2. checking constant_clock (0)
3. checking pulse_width_clock (0)
4. checking unconstrained_internal_endpoints (0)
5. checking no_input_delay (114)
6. checking no_output_delay (128)
7. checking multiple_clock (0)
8. checking generated_clocks (0)
9. checking loops (0)
10. checking partial_input_delay (0)
11. checking partial_output_delay (0)
12. checking latch_loops (0)

1. checking no_clock (0)
------------------------
 There are 0 register/latch pins with no clock.


2. checking constant_clock (0)
------------------------------
 There are 0 register/latch pins with constant_clock.


3. checking pulse_width_clock (0)
---------------------------------
 There are 0 register/latch pins which need pulse_width check


4. checking unconstrained_internal_endpoints (0)
------------------------------------------------
 There are 0 pins that are not constrained for maximum delay.

 There are 0 pins that are not constrained for maximum delay due to constant clock.


5. checking no_input_delay (114)
--------------------------------
 There are 114 input ports with no input delay specified. (HIGH)

 There are 0 input ports with no input delay but user has a false path constraint.


6. checking no_output_delay (128)
---------------------------------
 There are 128 ports with no output delay specified. (HIGH)

 There are 0 ports with no output delay but user has a false path constraint

 There are 0 ports with no output delay but with a timing clock defined on it or propagating through it


7. checking multiple_clock (0)
------------------------------
 There are 0 register/latch pins with multiple clocks.


8. checking generated_clocks (0)
--------------------------------
 There are 0 generated clocks that are not connected to a clock source.


9. checking loops (0)
---------------------
 There are 0 combinational loops in the design.


10. checking partial_input_delay (0)
------------------------------------
 There are 0 input ports with partial input delay specified.


11. checking partial_output_delay (0)
-------------------------------------
 There are 0 ports with partial output delay specified.


12. checking latch_loops (0)
----------------------------
 There are 0 combinational latch loops in the design through latch input



------------------------------------------------------------------------------------------------
| Design Timing Summary
| ---------------------
------------------------------------------------------------------------------------------------

    WNS(ns)      TNS(ns)  TNS Failing Endpoints  TNS Total Endpoints      WHS(ns)      THS(ns)  THS Failing Endpoints  THS Total Endpoints     WPWS(ns)     TPWS(ns)  TPWS Failing Endpoints  TPWS Total Endpoints  
    -------      -------  ---------------------  -------------------      -------      -------  ---------------------  -------------------     --------     --------  ----------------------  --------------------  
      6.227        0.000                      0                 4578        0.062        0.000                      0                 4578        4.725        0.000                       0                   975  


All user specified timing constraints are met.


------------------------------------------------------------------------------------------------
| Clock Summary
| -------------
------------------------------------------------------------------------------------------------

Clock    Waveform(ns)       Period(ns)      Frequency(MHz)
-----    ------------       ----------      --------------
sys_clk  {0.000 5.000}      10.000          100.000         


------------------------------------------------------------------------------------------------
| Intra Clock Table
| -----------------
------------------------------------------------------------------------------------------------

Clock             WNS(ns)      TNS(ns)  TNS Failing Endpoints  TNS Total Endpoints      WHS(ns)      THS(ns)  THS Failing Endpoints  THS Total Endpoints     WPWS(ns)     TPWS(ns)  TPWS Failing Endpoints  TPWS Total Endpoints  
-----             -------      -------  ---------------------  -------------------      -------      -------  ---------------------  -------------------     --------     --------  ----------------------  --------------------  
sys_clk             6.227        0.000                      0                 4578        0.062        0.000                      0                 4578        4.725        0.000                       0                   975  


------------------------------------------------------------------------------------------------
| Inter Clock Table
| -----------------
------------------------------------------------------------------------------------------------

From Clock    To Clock          WNS(ns)      TNS(ns)  TNS Failing Endpoints  TNS Total Endpoints      WHS(ns)      THS(ns)  THS Failing Endpoints  THS Total Endpoints  
----------    --------          -------      -------  ---------------------  -------------------      -------      -------  ---------------------  -------------------  


------------------------------------------------------------------------------------------------
| Other Path Groups Table
| -----------------------
------------------------------------------------------------------------------------------------

Path Group    From Clock    To Clock          WNS(ns)      TNS(ns)  TNS Failing Endpoints  TNS Total Endpoints      WHS(ns)      THS(ns)  THS Failing Endpoints  THS Total Endpoints  
----------    ----------    --------          -------      -------  ---------------------  -------------------      -------      -------  ---------------------  -------------------  


------------------------------------------------------------------------------------------------
| User Ignored Path Table
| -----------------------
------------------------------------------------------------------------------------------------

Path Group    From Clock    To Clock    
----------    ----------    --------    


------------------------------------------------------------------------------------------------
| Unconstrained Path Table
| ------------------------
------------------------------------------------------------------------------------------------

Path Group    From Clock    To Clock    
----------    ----------    --------    
(none)        sys_clk                     
(none)                      sys_clk       


------------------------------------------------------------------------------------------------
| Timing Details
| --------------
------------------------------------------------------------------------------------------------


---------------------------------------------------------------------------------------------------
From Clock:  sys_clk
  To Clock:  sys_clk

Setup :            0  Failing Endpoints,  Worst Slack        6.227ns,  Total Violation        0.000ns
Hold  :            0  Failing Endpoints,  Worst Slack        0.062ns,  Total Violation        0.000ns
PW    :            0  Failing Endpoints,  Worst Slack        4.725ns,  Total Violation        0.000ns
---------------------------------------------------------------------------------------------------


Max Delay Paths
--------------------------------------------------------------------------------------
Slack (MET) :             6.227ns  (required time - arrival time)
  Source:                 u_matmul/ROW[2].COL[2].u_pe/u_mac/u_mult/clear_acc_out_reg/C
                            (rising edge-triggered cell FDRE clocked by sys_clk  {rise@0.000ns fall@5.000ns period=10.000ns})
  Destination:            u_matmul/ROW[2].COL[2].u_pe/u_mac/u_acc//DSP_C_DATA_INST/C[43]
                            (rising edge-triggered cell DSP_C_DATA clocked by sys_clk  {rise@0.000ns fall@5.000ns period=10.000ns})
  Path Group:             sys_clk
  Path Type:              Setup (Max at Slow Process Corner)
  Requirement:            10.000ns  (sys_clk rise@10.000ns - sys_clk rise@0.000ns)
  Data Path Delay:        3.383ns  (logic 1.307ns (38.632%)  route 2.076ns (61.368%))
  Logic Levels:           2  (DSP_ALU=1 DSP_OUTPUT=1)
  Clock Path Skew:        0.012ns (DCD - SCD + CPR)
    Destination Clock Delay (DCD):    0.055ns = ( 10.055 - 10.000 ) 
    Source Clock Delay      (SCD):    0.043ns
    Clock Pessimism Removal (CPR):    0.000ns
  Clock Uncertainty:      0.035ns  ((TSJ^2 + TIJ^2)^1/2 + DJ) / 2 + PE
    Total System Jitter     (TSJ):    0.071ns
    Total Input Jitter      (TIJ):    0.000ns
    Discrete Jitter          (DJ):    0.000ns
    Phase Error              (PE):    0.000ns

    Location             Delay type                Incr(ns)  Path(ns)    Netlist Resource(s)
  -------------------------------------------------------------------    -------------------
                         (clock sys_clk rise edge)    0.000     0.000 r  
                                                      0.000     0.000 r  clk (IN)
                         net (fo=1070, unset)         0.043     0.043    u_matmul/ROW[2].COL[2].u_pe/u_mac/u_mult/clk
    SLICE_X12Y55         FDRE                                         r  u_matmul/ROW[2].COL[2].u_pe/u_mac/u_mult/clear_acc_out_reg/C
  -------------------------------------------------------------------    -------------------
    SLICE_X12Y55         FDRE (Prop_EFF_SLICEM_C_Q)
                                                      0.113     0.156 f  u_matmul/ROW[2].COL[2].u_pe/u_mac/u_mult/clear_acc_out_reg/Q
                         net (fo=3, routed)           0.774     0.930    u_matmul/ROW[2].COL[2].u_pe/u_mac/u_acc//OPMODE[5]
    DSP48E2_X3Y20        DSP_ALU (Prop_DSP_ALU_DSP48E2_OPMODE[5]_ALU_OUT[31])
                                                      1.048     1.978 f  u_matmul/ROW[2].COL[2].u_pe/u_mac/u_acc//DSP_ALU_INST/ALU_OUT[31]
                         net (fo=1, routed)           0.000     1.978    u_matmul/ROW[2].COL[2].u_pe/u_mac/u_acc//DSP_ALU.ALU_OUT<31>
    DSP48E2_X3Y20        DSP_OUTPUT (Prop_DSP_OUTPUT_DSP48E2_ALU_OUT[31]_P[31])
                                                      0.146     2.124 r  u_matmul/ROW[2].COL[2].u_pe/u_mac/u_acc//DSP_OUTPUT_INST/P[31]
                         net (fo=18, routed)          1.302     3.426    u_matmul/ROW[2].COL[2].u_pe/u_mac/u_acc//C[43]
    DSP48E2_X3Y20        DSP_C_DATA                                   r  u_matmul/ROW[2].COL[2].u_pe/u_mac/u_acc//DSP_C_DATA_INST/C[43]
  -------------------------------------------------------------------    -------------------

                         (clock sys_clk rise edge)   10.000    10.000 r  
                                                      0.000    10.000 r  clk (IN)
                         net (fo=1070, unset)         0.055    10.055    u_matmul/ROW[2].COL[2].u_pe/u_mac/u_acc//CLK
    DSP48E2_X3Y20        DSP_C_DATA                                   r  u_matmul/ROW[2].COL[2].u_pe/u_mac/u_acc//DSP_C_DATA_INST/CLK
                         clock pessimism              0.000    10.055    
                         clock uncertainty           -0.035    10.020    
    DSP48E2_X3Y20        DSP_C_DATA (Setup_DSP_C_DATA_DSP48E2_CLK_C[43])
                                                     -0.366     9.654    u_matmul/ROW[2].COL[2].u_pe/u_mac/u_acc//DSP_C_DATA_INST
  -------------------------------------------------------------------
                         required time                          9.654    
                         arrival time                          -3.426    
  -------------------------------------------------------------------
                         slack                                  6.227    

Slack (MET) :             6.262ns  (required time - arrival time)
  Source:                 u_matmul/ROW[2].COL[2].u_pe/u_mac/u_mult/clear_acc_out_reg/C
                            (rising edge-triggered cell FDRE clocked by sys_clk  {rise@0.000ns fall@5.000ns period=10.000ns})
  Destination:            u_matmul/ROW[2].COL[2].u_pe/u_mac/u_acc//DSP_C_DATA_INST/C[45]
                            (rising edge-triggered cell DSP_C_DATA clocked by sys_clk  {rise@0.000ns fall@5.000ns period=10.000ns})
  Path Group:             sys_clk
  Path Type:              Setup (Max at Slow Process Corner)
  Requirement:            10.000ns  (sys_clk rise@10.000ns - sys_clk rise@0.000ns)
  Data Path Delay:        3.344ns  (logic 1.307ns (39.083%)  route 2.037ns (60.917%))
  Logic Levels:           2  (DSP_ALU=1 DSP_OUTPUT=1)
  Clock Path Skew:        0.012ns (DCD - SCD + CPR)
    Destination Clock Delay (DCD):    0.055ns = ( 10.055 - 10.000 ) 
    Source Clock Delay      (SCD):    0.043ns
    Clock Pessimism Removal (CPR):    0.000ns
  Clock Uncertainty:      0.035ns  ((TSJ^2 + TIJ^2)^1/2 + DJ) / 2 + PE
    Total System Jitter     (TSJ):    0.071ns
    Total Input Jitter      (TIJ):    0.000ns
    Discrete Jitter          (DJ):    0.000ns
    Phase Error              (PE):    0.000ns

    Location             Delay type                Incr(ns)  Path(ns)    Netlist Resource(s)
  -------------------------------------------------------------------    -------------------
                         (clock sys_clk rise edge)    0.000     0.000 r  
                                                      0.000     0.000 r  clk (IN)
                         net (fo=1070, unset)         0.043     0.043    u_matmul/ROW[2].COL[2].u_pe/u_mac/u_mult/clk
    SLICE_X12Y55         FDRE                                         r  u_matmul/ROW[2].COL[2].u_pe/u_mac/u_mult/clear_acc_out_reg/C
  -------------------------------------------------------------------    -------------------
    SLICE_X12Y55         FDRE (Prop_EFF_SLICEM_C_Q)
                                                      0.113     0.156 f  u_matmul/ROW[2].COL[2].u_pe/u_mac/u_mult/clear_acc_out_reg/Q
                         net (fo=3, routed)           0.774     0.930    u_matmul/ROW[2].COL[2].u_pe/u_mac/u_acc//OPMODE[5]
    DSP48E2_X3Y20        DSP_ALU (Prop_DSP_ALU_DSP48E2_OPMODE[5]_ALU_OUT[31])
                                                      1.048     1.978 f  u_matmul/ROW[2].COL[2].u_pe/u_mac/u_acc//DSP_ALU_INST/ALU_OUT[31]
                         net (fo=1, routed)           0.000     1.978    u_matmul/ROW[2].COL[2].u_pe/u_mac/u_acc//DSP_ALU.ALU_OUT<31>
    DSP48E2_X3Y20        DSP_OUTPUT (Prop_DSP_OUTPUT_DSP48E2_ALU_OUT[31]_P[31])
                                                      0.146     2.124 r  u_matmul/ROW[2].COL[2].u_pe/u_mac/u_acc//DSP_OUTPUT_INST/P[31]
                         net (fo=18, routed)          1.263     3.387    u_matmul/ROW[2].COL[2].u_pe/u_mac/u_acc//C[45]
    DSP48E2_X3Y20        DSP_C_DATA                                   r  u_matmul/ROW[2].COL[2].u_pe/u_mac/u_acc//DSP_C_DATA_INST/C[45]
  -------------------------------------------------------------------    -------------------

                         (clock sys_clk rise edge)   10.000    10.000 r  
                                                      0.000    10.000 r  clk (IN)
                         net (fo=1070, unset)         0.055    10.055    u_matmul/ROW[2].COL[2].u_pe/u_mac/u_acc//CLK
    DSP48E2_X3Y20        DSP_C_DATA                                   r  u_matmul/ROW[2].COL[2].u_pe/u_mac/u_acc//DSP_C_DATA_INST/CLK
                         clock pessimism              0.000    10.055    
                         clock uncertainty           -0.035    10.020    
    DSP48E2_X3Y20        DSP_C_DATA (Setup_DSP_C_DATA_DSP48E2_CLK_C[45])
                                                     -0.370     9.650    u_matmul/ROW[2].COL[2].u_pe/u_mac/u_acc//DSP_C_DATA_INST
  -------------------------------------------------------------------
                         required time                          9.650    
                         arrival time                          -3.387    
  -------------------------------------------------------------------
                         slack                                  6.262    

Slack (MET) :             6.333ns  (required time - arrival time)
  Source:                 u_matmul/ROW[2].COL[2].u_pe/u_mac/u_mult/clear_acc_out_reg/C
                            (rising edge-triggered cell FDRE clocked by sys_clk  {rise@0.000ns fall@5.000ns period=10.000ns})
  Destination:            u_matmul/ROW[2].COL[2].u_pe/u_mac/u_acc//DSP_C_DATA_INST/C[33]
                            (rising edge-triggered cell DSP_C_DATA clocked by sys_clk  {rise@0.000ns fall@5.000ns period=10.000ns})
  Path Group:             sys_clk
  Path Type:              Setup (Max at Slow Process Corner)
  Requirement:            10.000ns  (sys_clk rise@10.000ns - sys_clk rise@0.000ns)
  Data Path Delay:        3.232ns  (logic 1.307ns (40.437%)  route 1.925ns (59.563%))
  Logic Levels:           2  (DSP_ALU=1 DSP_OUTPUT=1)
  Clock Path Skew:        0.012ns (DCD - SCD + CPR)
    Destination Clock Delay (DCD):    0.055ns = ( 10.055 - 10.000 ) 
    Source Clock Delay      (SCD):    0.043ns
    Clock Pessimism Removal (CPR):    0.000ns
  Clock Uncertainty:      0.035ns  ((TSJ^2 + TIJ^2)^1/2 + DJ) / 2 + PE
    Total System Jitter     (TSJ):    0.071ns
    Total Input Jitter      (TIJ):    0.000ns
    Discrete Jitter          (DJ):    0.000ns
    Phase Error              (PE):    0.000ns

    Location             Delay type                Incr(ns)  Path(ns)    Netlist Resource(s)
  -------------------------------------------------------------------    -------------------
                         (clock sys_clk rise edge)    0.000     0.000 r  
                                                      0.000     0.000 r  clk (IN)
                         net (fo=1070, unset)         0.043     0.043    u_matmul/ROW[2].COL[2].u_pe/u_mac/u_mult/clk
    SLICE_X12Y55         FDRE                                         r  u_matmul/ROW[2].COL[2].u_pe/u_mac/u_mult/clear_acc_out_reg/C
  -------------------------------------------------------------------    -------------------
    SLICE_X12Y55         FDRE (Prop_EFF_SLICEM_C_Q)
                                                      0.113     0.156 f  u_matmul/ROW[2].COL[2].u_pe/u_mac/u_mult/clear_acc_out_reg/Q
                         net (fo=3, routed)           0.774     0.930    u_matmul/ROW[2].COL[2].u_pe/u_mac/u_acc//OPMODE[5]
    DSP48E2_X3Y20        DSP_ALU (Prop_DSP_ALU_DSP48E2_OPMODE[5]_ALU_OUT[31])
                                                      1.048     1.978 f  u_matmul/ROW[2].COL[2].u_pe/u_mac/u_acc//DSP_ALU_INST/ALU_OUT[31]
                         net (fo=1, routed)           0.000     1.978    u_matmul/ROW[2].COL[2].u_pe/u_mac/u_acc//DSP_ALU.ALU_OUT<31>
    DSP48E2_X3Y20        DSP_OUTPUT (Prop_DSP_OUTPUT_DSP48E2_ALU_OUT[31]_P[31])
                                                      0.146     2.124 r  u_matmul/ROW[2].COL[2].u_pe/u_mac/u_acc//DSP_OUTPUT_INST/P[31]
                         net (fo=18, routed)          1.151     3.275    u_matmul/ROW[2].COL[2].u_pe/u_mac/u_acc//C[33]
    DSP48E2_X3Y20        DSP_C_DATA                                   r  u_matmul/ROW[2].COL[2].u_pe/u_mac/u_acc//DSP_C_DATA_INST/C[33]
  -------------------------------------------------------------------    -------------------

                         (clock sys_clk rise edge)   10.000    10.000 r  
                                                      0.000    10.000 r  clk (IN)
                         net (fo=1070, unset)         0.055    10.055    u_matmul/ROW[2].COL[2].u_pe/u_mac/u_acc//CLK
    DSP48E2_X3Y20        DSP_C_DATA                                   r  u_matmul/ROW[2].COL[2].u_pe/u_mac/u_acc//DSP_C_DATA_INST/CLK
                         clock pessimism              0.000    10.055    
                         clock uncertainty           -0.035    10.020    
    DSP48E2_X3Y20        DSP_C_DATA (Setup_DSP_C_DATA_DSP48E2_CLK_C[33])
                                                     -0.411     9.609    u_matmul/ROW[2].COL[2].u_pe/u_mac/u_acc//DSP_C_DATA_INST
  -------------------------------------------------------------------
                         required time                          9.609    
                         arrival time                          -3.275    
  -------------------------------------------------------------------
                         slack                                  6.333    

Slack (MET) :             6.426ns  (required time - arrival time)
  Source:                 u_matmul/ROW[2].COL[2].u_pe/u_mac/u_mult/clear_acc_out_reg/C
                            (rising edge-triggered cell FDRE clocked by sys_clk  {rise@0.000ns fall@5.000ns period=10.000ns})
  Destination:            u_matmul/ROW[2].COL[2].u_pe/u_mac/u_acc//DSP_C_DATA_INST/C[35]
                            (rising edge-triggered cell DSP_C_DATA clocked by sys_clk  {rise@0.000ns fall@5.000ns period=10.000ns})
  Path Group:             sys_clk
  Path Type:              Setup (Max at Slow Process Corner)
  Requirement:            10.000ns  (sys_clk rise@10.000ns - sys_clk rise@0.000ns)
  Data Path Delay:        3.157ns  (logic 1.307ns (41.397%)  route 1.850ns (58.603%))
  Logic Levels:           2  (DSP_ALU=1 DSP_OUTPUT=1)
  Clock Path Skew:        0.012ns (DCD - SCD + CPR)
    Destination Clock Delay (DCD):    0.055ns = ( 10.055 - 10.000 ) 
    Source Clock Delay      (SCD):    0.043ns
    Clock Pessimism Removal (CPR):    0.000ns
  Clock Uncertainty:      0.035ns  ((TSJ^2 + TIJ^2)^1/2 + DJ) / 2 + PE
    Total System Jitter     (TSJ):    0.071ns
    Total Input Jitter      (TIJ):    0.000ns
    Discrete Jitter          (DJ):    0.000ns
    Phase Error              (PE):    0.000ns

    Location             Delay type                Incr(ns)  Path(ns)    Netlist Resource(s)
  -------------------------------------------------------------------    -------------------
                         (clock sys_clk rise edge)    0.000     0.000 r  
                                                      0.000     0.000 r  clk (IN)
                         net (fo=1070, unset)         0.043     0.043    u_matmul/ROW[2].COL[2].u_pe/u_mac/u_mult/clk
    SLICE_X12Y55         FDRE                                         r  u_matmul/ROW[2].COL[2].u_pe/u_mac/u_mult/clear_acc_out_reg/C
  -------------------------------------------------------------------    -------------------
    SLICE_X12Y55         FDRE (Prop_EFF_SLICEM_C_Q)
                                                      0.113     0.156 f  u_matmul/ROW[2].COL[2].u_pe/u_mac/u_mult/clear_acc_out_reg/Q
                         net (fo=3, routed)           0.774     0.930    u_matmul/ROW[2].COL[2].u_pe/u_mac/u_acc//OPMODE[5]
    DSP48E2_X3Y20        DSP_ALU (Prop_DSP_ALU_DSP48E2_OPMODE[5]_ALU_OUT[31])
                                                      1.048     1.978 f  u_matmul/ROW[2].COL[2].u_pe/u_mac/u_acc//DSP_ALU_INST/ALU_OUT[31]
                         net (fo=1, routed)           0.000     1.978    u_matmul/ROW[2].COL[2].u_pe/u_mac/u_acc//DSP_ALU.ALU_OUT<31>
    DSP48E2_X3Y20        DSP_OUTPUT (Prop_DSP_OUTPUT_DSP48E2_ALU_OUT[31]_P[31])
                                                      0.146     2.124 r  u_matmul/ROW[2].COL[2].u_pe/u_mac/u_acc//DSP_OUTPUT_INST/P[31]
                         net (fo=18, routed)          1.076     3.200    u_matmul/ROW[2].COL[2].u_pe/u_mac/u_acc//C[35]
    DSP48E2_X3Y20        DSP_C_DATA                                   r  u_matmul/ROW[2].COL[2].u_pe/u_mac/u_acc//DSP_C_DATA_INST/C[35]
  -------------------------------------------------------------------    -------------------

                         (clock sys_clk rise edge)   10.000    10.000 r  
                                                      0.000    10.000 r  clk (IN)
                         net (fo=1070, unset)         0.055    10.055    u_matmul/ROW[2].COL[2].u_pe/u_mac/u_acc//CLK
    DSP48E2_X3Y20        DSP_C_DATA                                   r  u_matmul/ROW[2].COL[2].u_pe/u_mac/u_acc//DSP_C_DATA_INST/CLK
                         clock pessimism              0.000    10.055    
                         clock uncertainty           -0.035    10.020    
    DSP48E2_X3Y20        DSP_C_DATA (Setup_DSP_C_DATA_DSP48E2_CLK_C[35])
                                                     -0.393     9.627    u_matmul/ROW[2].COL[2].u_pe/u_mac/u_acc//DSP_C_DATA_INST
  -------------------------------------------------------------------
                         required time                          9.627    
                         arrival time                          -3.200    
  -------------------------------------------------------------------
                         slack                                  6.426    

Slack (MET) :             6.435ns  (required time - arrival time)
  Source:                 u_matmul/ROW[1].COL[3].u_pe/u_mac/u_mult/clear_acc_out_reg/C
                            (rising edge-triggered cell FDRE clocked by sys_clk  {rise@0.000ns fall@5.000ns period=10.000ns})
  Destination:            u_matmul/ROW[1].COL[3].u_pe/u_mac/u_acc//DSP_C_DATA_INST/C[42]
                            (rising edge-triggered cell DSP_C_DATA clocked by sys_clk  {rise@0.000ns fall@5.000ns period=10.000ns})
  Path Group:             sys_clk
  Path Type:              Setup (Max at Slow Process Corner)
  Requirement:            10.000ns  (sys_clk rise@10.000ns - sys_clk rise@0.000ns)
  Data Path Delay:        3.183ns  (logic 1.310ns (41.162%)  route 1.873ns (58.838%))
  Logic Levels:           2  (DSP_ALU=1 DSP_OUTPUT=1)
  Clock Path Skew:        0.013ns (DCD - SCD + CPR)
    Destination Clock Delay (DCD):    0.055ns = ( 10.055 - 10.000 ) 
    Source Clock Delay      (SCD):    0.042ns
    Clock Pessimism Removal (CPR):    0.000ns
  Clock Uncertainty:      0.035ns  ((TSJ^2 + TIJ^2)^1/2 + DJ) / 2 + PE
    Total System Jitter     (TSJ):    0.071ns
    Total Input Jitter      (TIJ):    0.000ns
    Discrete Jitter          (DJ):    0.000ns
    Phase Error              (PE):    0.000ns

    Location             Delay type                Incr(ns)  Path(ns)    Netlist Resource(s)
  -------------------------------------------------------------------    -------------------
                         (clock sys_clk rise edge)    0.000     0.000 r  
                                                      0.000     0.000 r  clk (IN)
                         net (fo=1070, unset)         0.042     0.042    u_matmul/ROW[1].COL[3].u_pe/u_mac/u_mult/clk
    SLICE_X14Y62         FDRE                                         r  u_matmul/ROW[1].COL[3].u_pe/u_mac/u_mult/clear_acc_out_reg/C
  -------------------------------------------------------------------    -------------------
    SLICE_X14Y62         FDRE (Prop_EFF2_SLICEL_C_Q)
                                                      0.116     0.158 f  u_matmul/ROW[1].COL[3].u_pe/u_mac/u_mult/clear_acc_out_reg/Q
                         net (fo=2, routed)           0.757     0.915    u_matmul/ROW[1].COL[3].u_pe/u_mac/u_acc//OPMODE[5]
    DSP48E2_X3Y24        DSP_ALU (Prop_DSP_ALU_DSP48E2_OPMODE[5]_ALU_OUT[31])
                                                      1.048     1.963 f  u_matmul/ROW[1].COL[3].u_pe/u_mac/u_acc//DSP_ALU_INST/ALU_OUT[31]
                         net (fo=1, routed)           0.000     1.963    u_matmul/ROW[1].COL[3].u_pe/u_mac/u_acc//DSP_ALU.ALU_OUT<31>
    DSP48E2_X3Y24        DSP_OUTPUT (Prop_DSP_OUTPUT_DSP48E2_ALU_OUT[31]_P[31])
                                                      0.146     2.109 r  u_matmul/ROW[1].COL[3].u_pe/u_mac/u_acc//DSP_OUTPUT_INST/P[31]
                         net (fo=18, routed)          1.116     3.225    u_matmul/ROW[1].COL[3].u_pe/u_mac/u_acc//C[42]
    DSP48E2_X3Y24        DSP_C_DATA                                   r  u_matmul/ROW[1].COL[3].u_pe/u_mac/u_acc//DSP_C_DATA_INST/C[42]
  -------------------------------------------------------------------    -------------------

                         (clock sys_clk rise edge)   10.000    10.000 r  
                                                      0.000    10.000 r  clk (IN)
                         net (fo=1070, unset)         0.055    10.055    u_matmul/ROW[1].COL[3].u_pe/u_mac/u_acc//CLK
    DSP48E2_X3Y24        DSP_C_DATA                                   r  u_matmul/ROW[1].COL[3].u_pe/u_mac/u_acc//DSP_C_DATA_INST/CLK
                         clock pessimism              0.000    10.055    
                         clock uncertainty           -0.035    10.020    
    DSP48E2_X3Y24        DSP_C_DATA (Setup_DSP_C_DATA_DSP48E2_CLK_C[42])
                                                     -0.360     9.660    u_matmul/ROW[1].COL[3].u_pe/u_mac/u_acc//DSP_C_DATA_INST
  -------------------------------------------------------------------
                         required time                          9.660    
                         arrival time                          -3.225    
  -------------------------------------------------------------------
                         slack                                  6.435    

Slack (MET) :             6.439ns  (required time - arrival time)
  Source:                 u_matmul/ROW[2].COL[1].u_pe/u_mac/u_mult/clear_acc_out_reg/C
                            (rising edge-triggered cell FDRE clocked by sys_clk  {rise@0.000ns fall@5.000ns period=10.000ns})
  Destination:            u_matmul/ROW[2].COL[1].u_pe/u_mac/u_acc//DSP_C_DATA_INST/C[40]
                            (rising edge-triggered cell DSP_C_DATA clocked by sys_clk  {rise@0.000ns fall@5.000ns period=10.000ns})
  Path Group:             sys_clk
  Path Type:              Setup (Max at Slow Process Corner)
  Requirement:            10.000ns  (sys_clk rise@10.000ns - sys_clk rise@0.000ns)
  Data Path Delay:        3.176ns  (logic 1.310ns (41.245%)  route 1.866ns (58.755%))
  Logic Levels:           2  (DSP_ALU=1 DSP_OUTPUT=1)
  Clock Path Skew:        0.012ns (DCD - SCD + CPR)
    Destination Clock Delay (DCD):    0.055ns = ( 10.055 - 10.000 ) 
    Source Clock Delay      (SCD):    0.043ns
    Clock Pessimism Removal (CPR):    0.000ns
  Clock Uncertainty:      0.035ns  ((TSJ^2 + TIJ^2)^1/2 + DJ) / 2 + PE
    Total System Jitter     (TSJ):    0.071ns
    Total Input Jitter      (TIJ):    0.000ns
    Discrete Jitter          (DJ):    0.000ns
    Phase Error              (PE):    0.000ns

    Location             Delay type                Incr(ns)  Path(ns)    Netlist Resource(s)
  -------------------------------------------------------------------    -------------------
                         (clock sys_clk rise edge)    0.000     0.000 r  
                                                      0.000     0.000 r  clk (IN)
                         net (fo=1070, unset)         0.043     0.043    u_matmul/ROW[2].COL[1].u_pe/u_mac/u_mult/clk
    SLICE_X12Y59         FDRE                                         r  u_matmul/ROW[2].COL[1].u_pe/u_mac/u_mult/clear_acc_out_reg/C
  -------------------------------------------------------------------    -------------------
    SLICE_X12Y59         FDRE (Prop_FFF2_SLICEM_C_Q)
                                                      0.116     0.159 f  u_matmul/ROW[2].COL[1].u_pe/u_mac/u_mult/clear_acc_out_reg/Q
                         net (fo=3, routed)           0.736     0.895    u_matmul/ROW[2].COL[1].u_pe/u_mac/u_acc//OPMODE[5]
    DSP48E2_X3Y22        DSP_ALU (Prop_DSP_ALU_DSP48E2_OPMODE[5]_ALU_OUT[31])
                                                      1.048     1.943 f  u_matmul/ROW[2].COL[1].u_pe/u_mac/u_acc//DSP_ALU_INST/ALU_OUT[31]
                         net (fo=1, routed)           0.000     1.943    u_matmul/ROW[2].COL[1].u_pe/u_mac/u_acc//DSP_ALU.ALU_OUT<31>
    DSP48E2_X3Y22        DSP_OUTPUT (Prop_DSP_OUTPUT_DSP48E2_ALU_OUT[31]_P[31])
                                                      0.146     2.089 r  u_matmul/ROW[2].COL[1].u_pe/u_mac/u_acc//DSP_OUTPUT_INST/P[31]
                         net (fo=18, routed)          1.131     3.219    u_matmul/ROW[2].COL[1].u_pe/u_mac/u_acc//C[40]
    DSP48E2_X3Y22        DSP_C_DATA                                   r  u_matmul/ROW[2].COL[1].u_pe/u_mac/u_acc//DSP_C_DATA_INST/C[40]
  -------------------------------------------------------------------    -------------------

                         (clock sys_clk rise edge)   10.000    10.000 r  
                                                      0.000    10.000 r  clk (IN)
                         net (fo=1070, unset)         0.055    10.055    u_matmul/ROW[2].COL[1].u_pe/u_mac/u_acc//CLK
    DSP48E2_X3Y22        DSP_C_DATA                                   r  u_matmul/ROW[2].COL[1].u_pe/u_mac/u_acc//DSP_C_DATA_INST/CLK
                         clock pessimism              0.000    10.055    
                         clock uncertainty           -0.035    10.020    
    DSP48E2_X3Y22        DSP_C_DATA (Setup_DSP_C_DATA_DSP48E2_CLK_C[40])
                                                     -0.361     9.659    u_matmul/ROW[2].COL[1].u_pe/u_mac/u_acc//DSP_C_DATA_INST
  -------------------------------------------------------------------
                         required time                          9.659    
                         arrival time                          -3.219    
  -------------------------------------------------------------------
                         slack                                  6.439    

Slack (MET) :             6.460ns  (required time - arrival time)
  Source:                 u_matmul/ROW[2].COL[2].u_pe/u_mac/u_mult/clear_acc_out_reg/C
                            (rising edge-triggered cell FDRE clocked by sys_clk  {rise@0.000ns fall@5.000ns period=10.000ns})
  Destination:            u_matmul/ROW[2].COL[2].u_pe/u_mac/u_acc//DSP_C_DATA_INST/C[34]
                            (rising edge-triggered cell DSP_C_DATA clocked by sys_clk  {rise@0.000ns fall@5.000ns period=10.000ns})
  Path Group:             sys_clk
  Path Type:              Setup (Max at Slow Process Corner)
  Requirement:            10.000ns  (sys_clk rise@10.000ns - sys_clk rise@0.000ns)
  Data Path Delay:        3.114ns  (logic 1.307ns (41.975%)  route 1.807ns (58.025%))
  Logic Levels:           2  (DSP_ALU=1 DSP_OUTPUT=1)
  Clock Path Skew:        0.012ns (DCD - SCD + CPR)
    Destination Clock Delay (DCD):    0.055ns = ( 10.055 - 10.000 ) 
    Source Clock Delay      (SCD):    0.043ns
    Clock Pessimism Removal (CPR):    0.000ns
  Clock Uncertainty:      0.035ns  ((TSJ^2 + TIJ^2)^1/2 + DJ) / 2 + PE
    Total System Jitter     (TSJ):    0.071ns
    Total Input Jitter      (TIJ):    0.000ns
    Discrete Jitter          (DJ):    0.000ns
    Phase Error              (PE):    0.000ns

    Location             Delay type                Incr(ns)  Path(ns)    Netlist Resource(s)
  -------------------------------------------------------------------    -------------------
                         (clock sys_clk rise edge)    0.000     0.000 r  
                                                      0.000     0.000 r  clk (IN)
                         net (fo=1070, unset)         0.043     0.043    u_matmul/ROW[2].COL[2].u_pe/u_mac/u_mult/clk
    SLICE_X12Y55         FDRE                                         r  u_matmul/ROW[2].COL[2].u_pe/u_mac/u_mult/clear_acc_out_reg/C
  -------------------------------------------------------------------    -------------------
    SLICE_X12Y55         FDRE (Prop_EFF_SLICEM_C_Q)
                                                      0.113     0.156 f  u_matmul/ROW[2].COL[2].u_pe/u_mac/u_mult/clear_acc_out_reg/Q
                         net (fo=3, routed)           0.774     0.930    u_matmul/ROW[2].COL[2].u_pe/u_mac/u_acc//OPMODE[5]
    DSP48E2_X3Y20        DSP_ALU (Prop_DSP_ALU_DSP48E2_OPMODE[5]_ALU_OUT[31])
                                                      1.048     1.978 f  u_matmul/ROW[2].COL[2].u_pe/u_mac/u_acc//DSP_ALU_INST/ALU_OUT[31]
                         net (fo=1, routed)           0.000     1.978    u_matmul/ROW[2].COL[2].u_pe/u_mac/u_acc//DSP_ALU.ALU_OUT<31>
    DSP48E2_X3Y20        DSP_OUTPUT (Prop_DSP_OUTPUT_DSP48E2_ALU_OUT[31]_P[31])
                                                      0.146     2.124 r  u_matmul/ROW[2].COL[2].u_pe/u_mac/u_acc//DSP_OUTPUT_INST/P[31]
                         net (fo=18, routed)          1.032     3.157    u_matmul/ROW[2].COL[2].u_pe/u_mac/u_acc//C[34]
    DSP48E2_X3Y20        DSP_C_DATA                                   r  u_matmul/ROW[2].COL[2].u_pe/u_mac/u_acc//DSP_C_DATA_INST/C[34]
  -------------------------------------------------------------------    -------------------

                         (clock sys_clk rise edge)   10.000    10.000 r  
                                                      0.000    10.000 r  clk (IN)
                         net (fo=1070, unset)         0.055    10.055    u_matmul/ROW[2].COL[2].u_pe/u_mac/u_acc//CLK
    DSP48E2_X3Y20        DSP_C_DATA                                   r  u_matmul/ROW[2].COL[2].u_pe/u_mac/u_acc//DSP_C_DATA_INST/CLK
                         clock pessimism              0.000    10.055    
                         clock uncertainty           -0.035    10.020    
    DSP48E2_X3Y20        DSP_C_DATA (Setup_DSP_C_DATA_DSP48E2_CLK_C[34])
                                                     -0.403     9.617    u_matmul/ROW[2].COL[2].u_pe/u_mac/u_acc//DSP_C_DATA_INST
  -------------------------------------------------------------------
                         required time                          9.617    
                         arrival time                          -3.157    
  -------------------------------------------------------------------
                         slack                                  6.460    

Slack (MET) :             6.483ns  (required time - arrival time)
  Source:                 u_matmul/ROW[2].COL[2].u_pe/u_mac/u_mult/clear_acc_out_reg/C
                            (rising edge-triggered cell FDRE clocked by sys_clk  {rise@0.000ns fall@5.000ns period=10.000ns})
  Destination:            u_matmul/ROW[2].COL[2].u_pe/u_mac/u_acc//DSP_C_DATA_INST/C[42]
                            (rising edge-triggered cell DSP_C_DATA clocked by sys_clk  {rise@0.000ns fall@5.000ns period=10.000ns})
  Path Group:             sys_clk
  Path Type:              Setup (Max at Slow Process Corner)
  Requirement:            10.000ns  (sys_clk rise@10.000ns - sys_clk rise@0.000ns)
  Data Path Delay:        3.134ns  (logic 1.307ns (41.710%)  route 1.827ns (58.290%))
  Logic Levels:           2  (DSP_ALU=1 DSP_OUTPUT=1)
  Clock Path Skew:        0.012ns (DCD - SCD + CPR)
    Destination Clock Delay (DCD):    0.055ns = ( 10.055 - 10.000 ) 
    Source Clock Delay      (SCD):    0.043ns
    Clock Pessimism Removal (CPR):    0.000ns
  Clock Uncertainty:      0.035ns  ((TSJ^2 + TIJ^2)^1/2 + DJ) / 2 + PE
    Total System Jitter     (TSJ):    0.071ns
    Total Input Jitter      (TIJ):    0.000ns
    Discrete Jitter          (DJ):    0.000ns
    Phase Error              (PE):    0.000ns

    Location             Delay type                Incr(ns)  Path(ns)    Netlist Resource(s)
  -------------------------------------------------------------------    -------------------
                         (clock sys_clk rise edge)    0.000     0.000 r  
                                                      0.000     0.000 r  clk (IN)
                         net (fo=1070, unset)         0.043     0.043    u_matmul/ROW[2].COL[2].u_pe/u_mac/u_mult/clk
    SLICE_X12Y55         FDRE                                         r  u_matmul/ROW[2].COL[2].u_pe/u_mac/u_mult/clear_acc_out_reg/C
  -------------------------------------------------------------------    -------------------
    SLICE_X12Y55         FDRE (Prop_EFF_SLICEM_C_Q)
                                                      0.113     0.156 f  u_matmul/ROW[2].COL[2].u_pe/u_mac/u_mult/clear_acc_out_reg/Q
                         net (fo=3, routed)           0.774     0.930    u_matmul/ROW[2].COL[2].u_pe/u_mac/u_acc//OPMODE[5]
    DSP48E2_X3Y20        DSP_ALU (Prop_DSP_ALU_DSP48E2_OPMODE[5]_ALU_OUT[31])
                                                      1.048     1.978 f  u_matmul/ROW[2].COL[2].u_pe/u_mac/u_acc//DSP_ALU_INST/ALU_OUT[31]
                         net (fo=1, routed)           0.000     1.978    u_matmul/ROW[2].COL[2].u_pe/u_mac/u_acc//DSP_ALU.ALU_OUT<31>
    DSP48E2_X3Y20        DSP_OUTPUT (Prop_DSP_OUTPUT_DSP48E2_ALU_OUT[31]_P[31])
                                                      0.146     2.124 r  u_matmul/ROW[2].COL[2].u_pe/u_mac/u_acc//DSP_OUTPUT_INST/P[31]
                         net (fo=18, routed)          1.052     3.177    u_matmul/ROW[2].COL[2].u_pe/u_mac/u_acc//C[42]
    DSP48E2_X3Y20        DSP_C_DATA                                   r  u_matmul/ROW[2].COL[2].u_pe/u_mac/u_acc//DSP_C_DATA_INST/C[42]
  -------------------------------------------------------------------    -------------------

                         (clock sys_clk rise edge)   10.000    10.000 r  
                                                      0.000    10.000 r  clk (IN)
                         net (fo=1070, unset)         0.055    10.055    u_matmul/ROW[2].COL[2].u_pe/u_mac/u_acc//CLK
    DSP48E2_X3Y20        DSP_C_DATA                                   r  u_matmul/ROW[2].COL[2].u_pe/u_mac/u_acc//DSP_C_DATA_INST/CLK
                         clock pessimism              0.000    10.055    
                         clock uncertainty           -0.035    10.020    
    DSP48E2_X3Y20        DSP_C_DATA (Setup_DSP_C_DATA_DSP48E2_CLK_C[42])
                                                     -0.360     9.660    u_matmul/ROW[2].COL[2].u_pe/u_mac/u_acc//DSP_C_DATA_INST
  -------------------------------------------------------------------
                         required time                          9.660    
                         arrival time                          -3.177    
  -------------------------------------------------------------------
                         slack                                  6.483    

Slack (MET) :             6.484ns  (required time - arrival time)
  Source:                 u_matmul/ROW[2].COL[2].u_pe/u_mac/u_mult/clear_acc_out_reg/C
                            (rising edge-triggered cell FDRE clocked by sys_clk  {rise@0.000ns fall@5.000ns period=10.000ns})
  Destination:            u_matmul/ROW[2].COL[2].u_pe/u_mac/u_acc//DSP_C_DATA_INST/C[36]
                            (rising edge-triggered cell DSP_C_DATA clocked by sys_clk  {rise@0.000ns fall@5.000ns period=10.000ns})
  Path Group:             sys_clk
  Path Type:              Setup (Max at Slow Process Corner)
  Requirement:            10.000ns  (sys_clk rise@10.000ns - sys_clk rise@0.000ns)
  Data Path Delay:        3.082ns  (logic 1.307ns (42.410%)  route 1.775ns (57.590%))
  Logic Levels:           2  (DSP_ALU=1 DSP_OUTPUT=1)
  Clock Path Skew:        0.012ns (DCD - SCD + CPR)
    Destination Clock Delay (DCD):    0.055ns = ( 10.055 - 10.000 ) 
    Source Clock Delay      (SCD):    0.043ns
    Clock Pessimism Removal (CPR):    0.000ns
  Clock Uncertainty:      0.035ns  ((TSJ^2 + TIJ^2)^1/2 + DJ) / 2 + PE
    Total System Jitter     (TSJ):    0.071ns
    Total Input Jitter      (TIJ):    0.000ns
    Discrete Jitter          (DJ):    0.000ns
    Phase Error              (PE):    0.000ns

    Location             Delay type                Incr(ns)  Path(ns)    Netlist Resource(s)
  -------------------------------------------------------------------    -------------------
                         (clock sys_clk rise edge)    0.000     0.000 r  
                                                      0.000     0.000 r  clk (IN)
                         net (fo=1070, unset)         0.043     0.043    u_matmul/ROW[2].COL[2].u_pe/u_mac/u_mult/clk
    SLICE_X12Y55         FDRE                                         r  u_matmul/ROW[2].COL[2].u_pe/u_mac/u_mult/clear_acc_out_reg/C
  -------------------------------------------------------------------    -------------------
    SLICE_X12Y55         FDRE (Prop_EFF_SLICEM_C_Q)
                                                      0.113     0.156 f  u_matmul/ROW[2].COL[2].u_pe/u_mac/u_mult/clear_acc_out_reg/Q
                         net (fo=3, routed)           0.774     0.930    u_matmul/ROW[2].COL[2].u_pe/u_mac/u_acc//OPMODE[5]
    DSP48E2_X3Y20        DSP_ALU (Prop_DSP_ALU_DSP48E2_OPMODE[5]_ALU_OUT[31])
                                                      1.048     1.978 f  u_matmul/ROW[2].COL[2].u_pe/u_mac/u_acc//DSP_ALU_INST/ALU_OUT[31]
                         net (fo=1, routed)           0.000     1.978    u_matmul/ROW[2].COL[2].u_pe/u_mac/u_acc//DSP_ALU.ALU_OUT<31>
    DSP48E2_X3Y20        DSP_OUTPUT (Prop_DSP_OUTPUT_DSP48E2_ALU_OUT[31]_P[31])
                                                      0.146     2.124 r  u_matmul/ROW[2].COL[2].u_pe/u_mac/u_acc//DSP_OUTPUT_INST/P[31]
                         net (fo=18, routed)          1.000     3.125    u_matmul/ROW[2].COL[2].u_pe/u_mac/u_acc//C[36]
    DSP48E2_X3Y20        DSP_C_DATA                                   r  u_matmul/ROW[2].COL[2].u_pe/u_mac/u_acc//DSP_C_DATA_INST/C[36]
  -------------------------------------------------------------------    -------------------

                         (clock sys_clk rise edge)   10.000    10.000 r  
                                                      0.000    10.000 r  clk (IN)
                         net (fo=1070, unset)         0.055    10.055    u_matmul/ROW[2].COL[2].u_pe/u_mac/u_acc//CLK
    DSP48E2_X3Y20        DSP_C_DATA                                   r  u_matmul/ROW[2].COL[2].u_pe/u_mac/u_acc//DSP_C_DATA_INST/CLK
                         clock pessimism              0.000    10.055    
                         clock uncertainty           -0.035    10.020    
    DSP48E2_X3Y20        DSP_C_DATA (Setup_DSP_C_DATA_DSP48E2_CLK_C[36])
                                                     -0.411     9.609    u_matmul/ROW[2].COL[2].u_pe/u_mac/u_acc//DSP_C_DATA_INST
  -------------------------------------------------------------------
                         required time                          9.609    
                         arrival time                          -3.125    
  -------------------------------------------------------------------
                         slack                                  6.484    

Slack (MET) :             6.512ns  (required time - arrival time)
  Source:                 u_matmul/ROW[1].COL[3].u_pe/u_mac/u_mult/clear_acc_out_reg/C
                            (rising edge-triggered cell FDRE clocked by sys_clk  {rise@0.000ns fall@5.000ns period=10.000ns})
  Destination:            u_matmul/ROW[1].COL[3].u_pe/u_mac/u_acc//DSP_C_DATA_INST/C[40]
                            (rising edge-triggered cell DSP_C_DATA clocked by sys_clk  {rise@0.000ns fall@5.000ns period=10.000ns})
  Path Group:             sys_clk
  Path Type:              Setup (Max at Slow Process Corner)
  Requirement:            10.000ns  (sys_clk rise@10.000ns - sys_clk rise@0.000ns)
  Data Path Delay:        3.105ns  (logic 1.310ns (42.190%)  route 1.795ns (57.810%))
  Logic Levels:           2  (DSP_ALU=1 DSP_OUTPUT=1)
  Clock Path Skew:        0.013ns (DCD - SCD + CPR)
    Destination Clock Delay (DCD):    0.055ns = ( 10.055 - 10.000 ) 
    Source Clock Delay      (SCD):    0.042ns
    Clock Pessimism Removal (CPR):    0.000ns
  Clock Uncertainty:      0.035ns  ((TSJ^2 + TIJ^2)^1/2 + DJ) / 2 + PE
    Total System Jitter     (TSJ):    0.071ns
    Total Input Jitter      (TIJ):    0.000ns
    Discrete Jitter          (DJ):    0.000ns
    Phase Error              (PE):    0.000ns

    Location             Delay type                Incr(ns)  Path(ns)    Netlist Resource(s)
  -------------------------------------------------------------------    -------------------
                         (clock sys_clk rise edge)    0.000     0.000 r  
                                                      0.000     0.000 r  clk (IN)
                         net (fo=1070, unset)         0.042     0.042    u_matmul/ROW[1].COL[3].u_pe/u_mac/u_mult/clk
    SLICE_X14Y62         FDRE                                         r  u_matmul/ROW[1].COL[3].u_pe/u_mac/u_mult/clear_acc_out_reg/C
  -------------------------------------------------------------------    -------------------
    SLICE_X14Y62         FDRE (Prop_EFF2_SLICEL_C_Q)
                                                      0.116     0.158 f  u_matmul/ROW[1].COL[3].u_pe/u_mac/u_mult/clear_acc_out_reg/Q
                         net (fo=2, routed)           0.757     0.915    u_matmul/ROW[1].COL[3].u_pe/u_mac/u_acc//OPMODE[5]
    DSP48E2_X3Y24        DSP_ALU (Prop_DSP_ALU_DSP48E2_OPMODE[5]_ALU_OUT[31])
                                                      1.048     1.963 f  u_matmul/ROW[1].COL[3].u_pe/u_mac/u_acc//DSP_ALU_INST/ALU_OUT[31]
                         net (fo=1, routed)           0.000     1.963    u_matmul/ROW[1].COL[3].u_pe/u_mac/u_acc//DSP_ALU.ALU_OUT<31>
    DSP48E2_X3Y24        DSP_OUTPUT (Prop_DSP_OUTPUT_DSP48E2_ALU_OUT[31]_P[31])
                                                      0.146     2.109 r  u_matmul/ROW[1].COL[3].u_pe/u_mac/u_acc//DSP_OUTPUT_INST/P[31]
                         net (fo=18, routed)          1.038     3.147    u_matmul/ROW[1].COL[3].u_pe/u_mac/u_acc//C[40]
    DSP48E2_X3Y24        DSP_C_DATA                                   r  u_matmul/ROW[1].COL[3].u_pe/u_mac/u_acc//DSP_C_DATA_INST/C[40]
  -------------------------------------------------------------------    -------------------

                         (clock sys_clk rise edge)   10.000    10.000 r  
                                                      0.000    10.000 r  clk (IN)
                         net (fo=1070, unset)         0.055    10.055    u_matmul/ROW[1].COL[3].u_pe/u_mac/u_acc//CLK
    DSP48E2_X3Y24        DSP_C_DATA                                   r  u_matmul/ROW[1].COL[3].u_pe/u_mac/u_acc//DSP_C_DATA_INST/CLK
                         clock pessimism              0.000    10.055    
                         clock uncertainty           -0.035    10.020    
    DSP48E2_X3Y24        DSP_C_DATA (Setup_DSP_C_DATA_DSP48E2_CLK_C[40])
                                                     -0.361     9.659    u_matmul/ROW[1].COL[3].u_pe/u_mac/u_acc//DSP_C_DATA_INST
  -------------------------------------------------------------------
                         required time                          9.659    
                         arrival time                          -3.147    
  -------------------------------------------------------------------
                         slack                                  6.512    





Min Delay Paths
--------------------------------------------------------------------------------------
Slack (MET) :             0.062ns  (arrival time - required time)
  Source:                 u_matmul/ROW[1].COL[0].u_pe/u_mac/u_mult/x_reg_reg[2]/C
                            (rising edge-triggered cell FDRE clocked by sys_clk  {rise@0.000ns fall@5.000ns period=10.000ns})
  Destination:            u_matmul/ROW[1].COL[1].u_pe/u_mac/u_mult/x_reg_reg[2]/D
                            (rising edge-triggered cell FDRE clocked by sys_clk  {rise@0.000ns fall@5.000ns period=10.000ns})
  Path Group:             sys_clk
  Path Type:              Hold (Min at Slow Process Corner)
  Requirement:            0.000ns  (sys_clk rise@0.000ns - sys_clk rise@0.000ns)
  Data Path Delay:        0.177ns  (logic 0.112ns (63.169%)  route 0.065ns (36.831%))
  Logic Levels:           0  
  Clock Path Skew:        0.012ns (DCD - SCD - CPR)
    Destination Clock Delay (DCD):    0.041ns
    Source Clock Delay      (SCD):    0.029ns
    Clock Pessimism Removal (CPR):    -0.000ns

    Location             Delay type                Incr(ns)  Path(ns)    Netlist Resource(s)
  -------------------------------------------------------------------    -------------------
                         (clock sys_clk rise edge)    0.000     0.000 r  
                                                      0.000     0.000 r  clk (IN)
                         net (fo=1070, unset)         0.029     0.029    u_matmul/ROW[1].COL[0].u_pe/u_mac/u_mult/clk
    SLICE_X14Y61         FDRE                                         r  u_matmul/ROW[1].COL[0].u_pe/u_mac/u_mult/x_reg_reg[2]/C
  -------------------------------------------------------------------    -------------------
    SLICE_X14Y61         FDRE (Prop_BFF_SLICEL_C_Q)
                                                      0.112     0.141 r  u_matmul/ROW[1].COL[0].u_pe/u_mac/u_mult/x_reg_reg[2]/Q
                         net (fo=2, routed)           0.065     0.206    u_matmul/ROW[1].COL[1].u_pe/u_mac/u_mult/x_reg_reg[7]_1[2]
    SLICE_X14Y61         FDRE                                         r  u_matmul/ROW[1].COL[1].u_pe/u_mac/u_mult/x_reg_reg[2]/D
  -------------------------------------------------------------------    -------------------

                         (clock sys_clk rise edge)    0.000     0.000 r  
                                                      0.000     0.000 r  clk (IN)
                         net (fo=1070, unset)         0.041     0.041    u_matmul/ROW[1].COL[1].u_pe/u_mac/u_mult/clk
    SLICE_X14Y61         FDRE                                         r  u_matmul/ROW[1].COL[1].u_pe/u_mac/u_mult/x_reg_reg[2]/C
                         clock pessimism              0.000     0.041    
    SLICE_X14Y61         FDRE (Hold_CFF2_SLICEL_C_D)
                                                      0.103     0.144    u_matmul/ROW[1].COL[1].u_pe/u_mac/u_mult/x_reg_reg[2]
  -------------------------------------------------------------------
                         required time                         -0.144    
                         arrival time                           0.206    
  -------------------------------------------------------------------
                         slack                                  0.062    

Slack (MET) :             0.064ns  (arrival time - required time)
  Source:                 u_matmul/ROW[3].COL[0].u_pe/u_mac/u_mult/c_s1_reg/C
                            (rising edge-triggered cell FDRE clocked by sys_clk  {rise@0.000ns fall@5.000ns period=10.000ns})
  Destination:            u_matmul/ROW[3].COL[0].u_pe/u_mac/u_mult/clear_acc_out_reg/D
                            (rising edge-triggered cell FDRE clocked by sys_clk  {rise@0.000ns fall@5.000ns period=10.000ns})
  Path Group:             sys_clk
  Path Type:              Hold (Min at Slow Process Corner)
  Requirement:            0.000ns  (sys_clk rise@0.000ns - sys_clk rise@0.000ns)
  Data Path Delay:        0.179ns  (logic 0.112ns (62.570%)  route 0.067ns (37.430%))
  Logic Levels:           0  
  Clock Path Skew:        0.012ns (DCD - SCD - CPR)
    Destination Clock Delay (DCD):    0.043ns
    Source Clock Delay      (SCD):    0.031ns
    Clock Pessimism Removal (CPR):    -0.000ns

    Location             Delay type                Incr(ns)  Path(ns)    Netlist Resource(s)
  -------------------------------------------------------------------    -------------------
                         (clock sys_clk rise edge)    0.000     0.000 r  
                                                      0.000     0.000 r  clk (IN)
                         net (fo=1070, unset)         0.031     0.031    u_matmul/ROW[3].COL[0].u_pe/u_mac/u_mult/clk
    SLICE_X10Y57         FDRE                                         r  u_matmul/ROW[3].COL[0].u_pe/u_mac/u_mult/c_s1_reg/C
  -------------------------------------------------------------------    -------------------
    SLICE_X10Y57         FDRE (Prop_HFF_SLICEM_C_Q)
                                                      0.112     0.143 r  u_matmul/ROW[3].COL[0].u_pe/u_mac/u_mult/c_s1_reg/Q
                         net (fo=1, routed)           0.067     0.210    u_matmul/ROW[3].COL[0].u_pe/u_mac/u_mult/clr_wire[3][1]
    SLICE_X10Y57         FDRE                                         r  u_matmul/ROW[3].COL[0].u_pe/u_mac/u_mult/clear_acc_out_reg/D
  -------------------------------------------------------------------    -------------------

                         (clock sys_clk rise edge)    0.000     0.000 r  
                                                      0.000     0.000 r  clk (IN)
                         net (fo=1070, unset)         0.043     0.043    u_matmul/ROW[3].COL[0].u_pe/u_mac/u_mult/clk
    SLICE_X10Y57         FDRE                                         r  u_matmul/ROW[3].COL[0].u_pe/u_mac/u_mult/clear_acc_out_reg/C
                         clock pessimism              0.000     0.043    
    SLICE_X10Y57         FDRE (Hold_HFF2_SLICEM_C_D)
                                                      0.103     0.146    u_matmul/ROW[3].COL[0].u_pe/u_mac/u_mult/clear_acc_out_reg
  -------------------------------------------------------------------
                         required time                         -0.146    
                         arrival time                           0.210    
  -------------------------------------------------------------------
                         slack                                  0.064    

Slack (MET) :             0.072ns  (arrival time - required time)
  Source:                 u_matmul/ROW[0].COL[0].u_pe/u_mac/u_mult/x_reg_reg[5]/C
                            (rising edge-triggered cell FDRE clocked by sys_clk  {rise@0.000ns fall@5.000ns period=10.000ns})
  Destination:            u_matmul/ROW[0].COL[1].u_pe/u_mac/u_mult/x_reg_reg[5]/D
                            (rising edge-triggered cell FDRE clocked by sys_clk  {rise@0.000ns fall@5.000ns period=10.000ns})
  Path Group:             sys_clk
  Path Type:              Hold (Min at Slow Process Corner)
  Requirement:            0.000ns  (sys_clk rise@0.000ns - sys_clk rise@0.000ns)
  Data Path Delay:        0.185ns  (logic 0.112ns (60.442%)  route 0.073ns (39.558%))
  Logic Levels:           0  
  Clock Path Skew:        0.012ns (DCD - SCD - CPR)
    Destination Clock Delay (DCD):    0.041ns
    Source Clock Delay      (SCD):    0.029ns
    Clock Pessimism Removal (CPR):    -0.000ns

    Location             Delay type                Incr(ns)  Path(ns)    Netlist Resource(s)
  -------------------------------------------------------------------    -------------------
                         (clock sys_clk rise edge)    0.000     0.000 r  
                                                      0.000     0.000 r  clk (IN)
                         net (fo=1070, unset)         0.029     0.029    u_matmul/ROW[0].COL[0].u_pe/u_mac/u_mult/clk
    SLICE_X14Y63         FDRE                                         r  u_matmul/ROW[0].COL[0].u_pe/u_mac/u_mult/x_reg_reg[5]/C
  -------------------------------------------------------------------    -------------------
    SLICE_X14Y63         FDRE (Prop_BFF_SLICEL_C_Q)
                                                      0.112     0.141 r  u_matmul/ROW[0].COL[0].u_pe/u_mac/u_mult/x_reg_reg[5]/Q
                         net (fo=2, routed)           0.073     0.214    u_matmul/ROW[0].COL[1].u_pe/u_mac/u_mult/x_reg_reg[7]_1[5]
    SLICE_X14Y63         FDRE                                         r  u_matmul/ROW[0].COL[1].u_pe/u_mac/u_mult/x_reg_reg[5]/D
  -------------------------------------------------------------------    -------------------

                         (clock sys_clk rise edge)    0.000     0.000 r  
                                                      0.000     0.000 r  clk (IN)
                         net (fo=1070, unset)         0.041     0.041    u_matmul/ROW[0].COL[1].u_pe/u_mac/u_mult/clk
    SLICE_X14Y63         FDRE                                         r  u_matmul/ROW[0].COL[1].u_pe/u_mac/u_mult/x_reg_reg[5]/C
                         clock pessimism              0.000     0.041    
    SLICE_X14Y63         FDRE (Hold_DFF_SLICEL_C_D)
                                                      0.101     0.142    u_matmul/ROW[0].COL[1].u_pe/u_mac/u_mult/x_reg_reg[5]
  -------------------------------------------------------------------
                         required time                         -0.142    
                         arrival time                           0.214    
  -------------------------------------------------------------------
                         slack                                  0.072    

Slack (MET) :             0.073ns  (arrival time - required time)
  Source:                 u_ctrl/skew[3].u_wgt/pipe_reg[2][2]/C
                            (rising edge-triggered cell FDRE clocked by sys_clk  {rise@0.000ns fall@5.000ns period=10.000ns})
  Destination:            u_matmul/ROW[0].COL[3].u_pe/weight_out_reg[2]/D
                            (rising edge-triggered cell FDRE clocked by sys_clk  {rise@0.000ns fall@5.000ns period=10.000ns})
  Path Group:             sys_clk
  Path Type:              Hold (Min at Slow Process Corner)
  Requirement:            0.000ns  (sys_clk rise@0.000ns - sys_clk rise@0.000ns)
  Data Path Delay:        0.186ns  (logic 0.112ns (60.117%)  route 0.074ns (39.883%))
  Logic Levels:           0  
  Clock Path Skew:        0.012ns (DCD - SCD - CPR)
    Destination Clock Delay (DCD):    0.041ns
    Source Clock Delay      (SCD):    0.029ns
    Clock Pessimism Removal (CPR):    -0.000ns

    Location             Delay type                Incr(ns)  Path(ns)    Netlist Resource(s)
  -------------------------------------------------------------------    -------------------
                         (clock sys_clk rise edge)    0.000     0.000 r  
                                                      0.000     0.000 r  clk (IN)
                         net (fo=1070, unset)         0.029     0.029    u_ctrl/skew[3].u_wgt/clk
    SLICE_X14Y50         FDRE                                         r  u_ctrl/skew[3].u_wgt/pipe_reg[2][2]/C
  -------------------------------------------------------------------    -------------------
    SLICE_X14Y50         FDRE (Prop_BFF_SLICEL_C_Q)
                                                      0.112     0.141 r  u_ctrl/skew[3].u_wgt/pipe_reg[2][2]/Q
                         net (fo=3, routed)           0.074     0.215    u_matmul/ROW[0].COL[3].u_pe/weight_in_top[2]
    SLICE_X14Y50         FDRE                                         r  u_matmul/ROW[0].COL[3].u_pe/weight_out_reg[2]/D
  -------------------------------------------------------------------    -------------------

                         (clock sys_clk rise edge)    0.000     0.000 r  
                                                      0.000     0.000 r  clk (IN)
                         net (fo=1070, unset)         0.041     0.041    u_matmul/ROW[0].COL[3].u_pe/clk
    SLICE_X14Y50         FDRE                                         r  u_matmul/ROW[0].COL[3].u_pe/weight_out_reg[2]/C
                         clock pessimism              0.000     0.041    
    SLICE_X14Y50         FDRE (Hold_CFF_SLICEL_C_D)
                                                      0.101     0.142    u_matmul/ROW[0].COL[3].u_pe/weight_out_reg[2]
  -------------------------------------------------------------------
                         required time                         -0.142    
                         arrival time                           0.215    
  -------------------------------------------------------------------
                         slack                                  0.073    

Slack (MET) :             0.075ns  (arrival time - required time)
  Source:                 u_matmul/ROW[0].COL[3].u_pe/weight_out_reg[2]/C
                            (rising edge-triggered cell FDRE clocked by sys_clk  {rise@0.000ns fall@5.000ns period=10.000ns})
  Destination:            u_matmul/ROW[1].COL[3].u_pe/weight_out_reg[2]/D
                            (rising edge-triggered cell FDRE clocked by sys_clk  {rise@0.000ns fall@5.000ns period=10.000ns})
  Path Group:             sys_clk
  Path Type:              Hold (Min at Slow Process Corner)
  Requirement:            0.000ns  (sys_clk rise@0.000ns - sys_clk rise@0.000ns)
  Data Path Delay:        0.188ns  (logic 0.112ns (59.479%)  route 0.076ns (40.521%))
  Logic Levels:           0  
  Clock Path Skew:        0.012ns (DCD - SCD - CPR)
    Destination Clock Delay (DCD):    0.041ns
    Source Clock Delay      (SCD):    0.029ns
    Clock Pessimism Removal (CPR):    -0.000ns

    Location             Delay type                Incr(ns)  Path(ns)    Netlist Resource(s)
  -------------------------------------------------------------------    -------------------
                         (clock sys_clk rise edge)    0.000     0.000 r  
                                                      0.000     0.000 r  clk (IN)
                         net (fo=1070, unset)         0.029     0.029    u_matmul/ROW[0].COL[3].u_pe/clk
    SLICE_X14Y50         FDRE                                         r  u_matmul/ROW[0].COL[3].u_pe/weight_out_reg[2]/C
  -------------------------------------------------------------------    -------------------
    SLICE_X14Y50         FDRE (Prop_CFF_SLICEL_C_Q)
                                                      0.112     0.141 r  u_matmul/ROW[0].COL[3].u_pe/weight_out_reg[2]/Q
                         net (fo=2, routed)           0.076     0.217    u_matmul/ROW[1].COL[3].u_pe/weight_out_reg[7]_0[2]
    SLICE_X14Y50         FDRE                                         r  u_matmul/ROW[1].COL[3].u_pe/weight_out_reg[2]/D
  -------------------------------------------------------------------    -------------------

                         (clock sys_clk rise edge)    0.000     0.000 r  
                                                      0.000     0.000 r  clk (IN)
                         net (fo=1070, unset)         0.041     0.041    u_matmul/ROW[1].COL[3].u_pe/clk
    SLICE_X14Y50         FDRE                                         r  u_matmul/ROW[1].COL[3].u_pe/weight_out_reg[2]/C
                         clock pessimism              0.000     0.041    
    SLICE_X14Y50         FDRE (Hold_DFF_SLICEL_C_D)
                                                      0.101     0.142    u_matmul/ROW[1].COL[3].u_pe/weight_out_reg[2]
  -------------------------------------------------------------------
                         required time                         -0.142    
                         arrival time                           0.217    
  -------------------------------------------------------------------
                         slack                                  0.075    

Slack (MET) :             0.092ns  (arrival time - required time)
  Source:                 u_ctrl/k_inner_cnt_reg[7]/C
                            (rising edge-triggered cell FDRE clocked by sys_clk  {rise@0.000ns fall@5.000ns period=10.000ns})
  Destination:            u_ctrl/k_inner_cnt_reg[8]/D
                            (rising edge-triggered cell FDRE clocked by sys_clk  {rise@0.000ns fall@5.000ns period=10.000ns})
  Path Group:             sys_clk
  Path Type:              Hold (Min at Fast Process Corner)
  Requirement:            0.000ns  (sys_clk rise@0.000ns - sys_clk rise@0.000ns)
  Data Path Delay:        0.142ns  (logic 0.107ns (75.546%)  route 0.035ns (24.454%))
  Logic Levels:           1  (LUT5=1)
  Clock Path Skew:        0.005ns (DCD - SCD - CPR)
    Destination Clock Delay (DCD):    0.019ns
    Source Clock Delay      (SCD):    0.014ns
    Clock Pessimism Removal (CPR):    -0.000ns

    Location             Delay type                Incr(ns)  Path(ns)    Netlist Resource(s)
  -------------------------------------------------------------------    -------------------
                         (clock sys_clk rise edge)    0.000     0.000 r  
                                                      0.000     0.000 r  clk (IN)
                         net (fo=1070, unset)         0.014     0.014    u_ctrl/clk
    SLICE_X11Y71         FDRE                                         r  u_ctrl/k_inner_cnt_reg[7]/C
  -------------------------------------------------------------------    -------------------
    SLICE_X11Y71         FDRE (Prop_BFF_SLICEL_C_Q)
                                                      0.084     0.098 r  u_ctrl/k_inner_cnt_reg[7]/Q
                         net (fo=11, routed)          0.027     0.125    u_ctrl/k_inner_cnt[7]
    SLICE_X11Y71         LUT5 (Prop_B5LUT_SLICEL_I2_O)
                                                      0.023     0.148 r  u_ctrl/k_inner_cnt[8]_i_1/O
                         net (fo=1, routed)           0.008     0.156    u_ctrl/k_inner_cnt[8]_i_1_n_0
    SLICE_X11Y71         FDRE                                         r  u_ctrl/k_inner_cnt_reg[8]/D
  -------------------------------------------------------------------    -------------------

                         (clock sys_clk rise edge)    0.000     0.000 r  
                                                      0.000     0.000 r  clk (IN)
                         net (fo=1070, unset)         0.019     0.019    u_ctrl/clk
    SLICE_X11Y71         FDRE                                         r  u_ctrl/k_inner_cnt_reg[8]/C
                         clock pessimism              0.000     0.019    
    SLICE_X11Y71         FDRE (Hold_BFF2_SLICEL_C_D)
                                                      0.045     0.064    u_ctrl/k_inner_cnt_reg[8]
  -------------------------------------------------------------------
                         required time                         -0.064    
                         arrival time                           0.156    
  -------------------------------------------------------------------
                         slack                                  0.092    

Slack (MET) :             0.092ns  (arrival time - required time)
  Source:                 u_ctrl/skew[3].u_act/pipe_reg[1][5]/C
                            (rising edge-triggered cell FDRE clocked by sys_clk  {rise@0.000ns fall@5.000ns period=10.000ns})
  Destination:            u_ctrl/skew[3].u_act/pipe_reg[2][5]/D
                            (rising edge-triggered cell FDRE clocked by sys_clk  {rise@0.000ns fall@5.000ns period=10.000ns})
  Path Group:             sys_clk
  Path Type:              Hold (Min at Slow Process Corner)
  Requirement:            0.000ns  (sys_clk rise@0.000ns - sys_clk rise@0.000ns)
  Data Path Delay:        0.208ns  (logic 0.115ns (55.288%)  route 0.093ns (44.712%))
  Logic Levels:           0  
  Clock Path Skew:        0.013ns (DCD - SCD - CPR)
    Destination Clock Delay (DCD):    0.042ns
    Source Clock Delay      (SCD):    0.029ns
    Clock Pessimism Removal (CPR):    -0.000ns

    Location             Delay type                Incr(ns)  Path(ns)    Netlist Resource(s)
  -------------------------------------------------------------------    -------------------
                         (clock sys_clk rise edge)    0.000     0.000 r  
                                                      0.000     0.000 r  clk (IN)
                         net (fo=1070, unset)         0.029     0.029    u_ctrl/skew[3].u_act/clk
    SLICE_X9Y50          FDRE                                         r  u_ctrl/skew[3].u_act/pipe_reg[1][5]/C
  -------------------------------------------------------------------    -------------------
    SLICE_X9Y50          FDRE (Prop_FFF2_SLICEL_C_Q)
                                                      0.115     0.144 r  u_ctrl/skew[3].u_act/pipe_reg[1][5]/Q
                         net (fo=1, routed)           0.093     0.237    u_ctrl/skew[3].u_act/pipe_reg_n_0_[1][5]
    SLICE_X9Y50          FDRE                                         r  u_ctrl/skew[3].u_act/pipe_reg[2][5]/D
  -------------------------------------------------------------------    -------------------

                         (clock sys_clk rise edge)    0.000     0.000 r  
                                                      0.000     0.000 r  clk (IN)
                         net (fo=1070, unset)         0.042     0.042    u_ctrl/skew[3].u_act/clk
    SLICE_X9Y50          FDRE                                         r  u_ctrl/skew[3].u_act/pipe_reg[2][5]/C
                         clock pessimism              0.000     0.042    
    SLICE_X9Y50          FDRE (Hold_HFF2_SLICEL_C_D)
                                                      0.103     0.145    u_ctrl/skew[3].u_act/pipe_reg[2][5]
  -------------------------------------------------------------------
                         required time                         -0.145    
                         arrival time                           0.237    
  -------------------------------------------------------------------
                         slack                                  0.092    

Slack (MET) :             0.092ns  (arrival time - required time)
  Source:                 u_matmul/ROW[1].COL[0].u_pe/u_mac/u_mult/v_s1_reg/C
                            (rising edge-triggered cell FDRE clocked by sys_clk  {rise@0.000ns fall@5.000ns period=10.000ns})
  Destination:            u_matmul/ROW[1].COL[0].u_pe/u_mac/u_mult/valid_out_reg/D
                            (rising edge-triggered cell FDRE clocked by sys_clk  {rise@0.000ns fall@5.000ns period=10.000ns})
  Path Group:             sys_clk
  Path Type:              Hold (Min at Fast Process Corner)
  Requirement:            0.000ns  (sys_clk rise@0.000ns - sys_clk rise@0.000ns)
  Data Path Delay:        0.142ns  (logic 0.084ns (59.155%)  route 0.058ns (40.845%))
  Logic Levels:           0  
  Clock Path Skew:        0.005ns (DCD - SCD - CPR)
    Destination Clock Delay (DCD):    0.019ns
    Source Clock Delay      (SCD):    0.014ns
    Clock Pessimism Removal (CPR):    -0.000ns

    Location             Delay type                Incr(ns)  Path(ns)    Netlist Resource(s)
  -------------------------------------------------------------------    -------------------
                         (clock sys_clk rise edge)    0.000     0.000 r  
                                                      0.000     0.000 r  clk (IN)
                         net (fo=1070, unset)         0.014     0.014    u_matmul/ROW[1].COL[0].u_pe/u_mac/u_mult/clk
    SLICE_X14Y56         FDRE                                         r  u_matmul/ROW[1].COL[0].u_pe/u_mac/u_mult/v_s1_reg/C
  -------------------------------------------------------------------    -------------------
    SLICE_X14Y56         FDRE (Prop_BFF_SLICEL_C_Q)
                                                      0.084     0.098 r  u_matmul/ROW[1].COL[0].u_pe/u_mac/u_mult/v_s1_reg/Q
                         net (fo=1, routed)           0.058     0.156    u_matmul/ROW[1].COL[0].u_pe/u_mac/u_mult/vld_wire[1][1]
    SLICE_X14Y56         FDRE                                         r  u_matmul/ROW[1].COL[0].u_pe/u_mac/u_mult/valid_out_reg/D
  -------------------------------------------------------------------    -------------------

                         (clock sys_clk rise edge)    0.000     0.000 r  
                                                      0.000     0.000 r  clk (IN)
                         net (fo=1070, unset)         0.019     0.019    u_matmul/ROW[1].COL[0].u_pe/u_mac/u_mult/clk
    SLICE_X14Y56         FDRE                                         r  u_matmul/ROW[1].COL[0].u_pe/u_mac/u_mult/valid_out_reg/C
                         clock pessimism              0.000     0.019    
    SLICE_X14Y56         FDRE (Hold_BFF2_SLICEL_C_D)
                                                      0.045     0.064    u_matmul/ROW[1].COL[0].u_pe/u_mac/u_mult/valid_out_reg
  -------------------------------------------------------------------
                         required time                         -0.064    
                         arrival time                           0.156    
  -------------------------------------------------------------------
                         slack                                  0.092    

Slack (MET) :             0.096ns  (arrival time - required time)
  Source:                 u_matmul/ROW[0].COL[0].u_pe/u_mac/u_mult/v_s1_reg/C
                            (rising edge-triggered cell FDRE clocked by sys_clk  {rise@0.000ns fall@5.000ns period=10.000ns})
  Destination:            u_matmul/ROW[0].COL[0].u_pe/u_mac/u_mult/valid_out_reg/D
                            (rising edge-triggered cell FDRE clocked by sys_clk  {rise@0.000ns fall@5.000ns period=10.000ns})
  Path Group:             sys_clk
  Path Type:              Hold (Min at Fast Process Corner)
  Requirement:            0.000ns  (sys_clk rise@0.000ns - sys_clk rise@0.000ns)
  Data Path Delay:        0.148ns  (logic 0.082ns (55.405%)  route 0.066ns (44.595%))
  Logic Levels:           0  
  Clock Path Skew:        0.007ns (DCD - SCD - CPR)
    Destination Clock Delay (DCD):    0.021ns
    Source Clock Delay      (SCD):    0.014ns
    Clock Pessimism Removal (CPR):    -0.000ns

    Location             Delay type                Incr(ns)  Path(ns)    Netlist Resource(s)
  -------------------------------------------------------------------    -------------------
                         (clock sys_clk rise edge)    0.000     0.000 r  
                                                      0.000     0.000 r  clk (IN)
                         net (fo=1070, unset)         0.014     0.014    u_matmul/ROW[0].COL[0].u_pe/u_mac/u_mult/clk
    SLICE_X13Y62         FDRE                                         r  u_matmul/ROW[0].COL[0].u_pe/u_mac/u_mult/v_s1_reg/C
  -------------------------------------------------------------------    -------------------
    SLICE_X13Y62         FDRE (Prop_AFF_SLICEM_C_Q)
                                                      0.082     0.096 r  u_matmul/ROW[0].COL[0].u_pe/u_mac/u_mult/v_s1_reg/Q
                         net (fo=1, routed)           0.066     0.162    u_matmul/ROW[0].COL[0].u_pe/u_mac/u_mult/vld_wire[0][1]
    SLICE_X13Y62         FDRE                                         r  u_matmul/ROW[0].COL[0].u_pe/u_mac/u_mult/valid_out_reg/D
  -------------------------------------------------------------------    -------------------

                         (clock sys_clk rise edge)    0.000     0.000 r  
                                                      0.000     0.000 r  clk (IN)
                         net (fo=1070, unset)         0.021     0.021    u_matmul/ROW[0].COL[0].u_pe/u_mac/u_mult/clk
    SLICE_X13Y62         FDRE                                         r  u_matmul/ROW[0].COL[0].u_pe/u_mac/u_mult/valid_out_reg/C
                         clock pessimism              0.000     0.021    
    SLICE_X13Y62         FDRE (Hold_AFF2_SLICEM_C_D)
                                                      0.045     0.066    u_matmul/ROW[0].COL[0].u_pe/u_mac/u_mult/valid_out_reg
  -------------------------------------------------------------------
                         required time                         -0.066    
                         arrival time                           0.162    
  -------------------------------------------------------------------
                         slack                                  0.096    

Slack (MET) :             0.096ns  (arrival time - required time)
  Source:                 u_ctrl/skew[2].u_lst/pipe_reg[1][0]/C
                            (rising edge-triggered cell FDRE clocked by sys_clk  {rise@0.000ns fall@5.000ns period=10.000ns})
  Destination:            u_ctrl/skew[3].u_lst/pipe_reg[2][0]/D
                            (rising edge-triggered cell FDRE clocked by sys_clk  {rise@0.000ns fall@5.000ns period=10.000ns})
  Path Group:             sys_clk
  Path Type:              Hold (Min at Fast Process Corner)
  Requirement:            0.000ns  (sys_clk rise@0.000ns - sys_clk rise@0.000ns)
  Data Path Delay:        0.147ns  (logic 0.084ns (57.143%)  route 0.063ns (42.857%))
  Logic Levels:           0  
  Clock Path Skew:        0.006ns (DCD - SCD - CPR)
    Destination Clock Delay (DCD):    0.020ns
    Source Clock Delay      (SCD):    0.014ns
    Clock Pessimism Removal (CPR):    -0.000ns

    Location             Delay type                Incr(ns)  Path(ns)    Netlist Resource(s)
  -------------------------------------------------------------------    -------------------
                         (clock sys_clk rise edge)    0.000     0.000 r  
                                                      0.000     0.000 r  clk (IN)
                         net (fo=1070, unset)         0.014     0.014    u_ctrl/skew[2].u_lst/clk
    SLICE_X14Y53         FDRE                                         r  u_ctrl/skew[2].u_lst/pipe_reg[1][0]/C
  -------------------------------------------------------------------    -------------------
    SLICE_X14Y53         FDRE (Prop_EFF_SLICEL_C_Q)
                                                      0.084     0.098 r  u_ctrl/skew[2].u_lst/pipe_reg[1][0]/Q
                         net (fo=2, routed)           0.063     0.161    u_ctrl/skew[3].u_lst/pipe_reg[2][0]_0[0]
    SLICE_X14Y53         FDRE                                         r  u_ctrl/skew[3].u_lst/pipe_reg[2][0]/D
  -------------------------------------------------------------------    -------------------

                         (clock sys_clk rise edge)    0.000     0.000 r  
                                                      0.000     0.000 r  clk (IN)
                         net (fo=1070, unset)         0.020     0.020    u_ctrl/skew[3].u_lst/clk
    SLICE_X14Y53         FDRE                                         r  u_ctrl/skew[3].u_lst/pipe_reg[2][0]/C
                         clock pessimism              0.000     0.020    
    SLICE_X14Y53         FDRE (Hold_EFF2_SLICEL_C_D)
                                                      0.045     0.065    u_ctrl/skew[3].u_lst/pipe_reg[2][0]
  -------------------------------------------------------------------
                         required time                         -0.065    
                         arrival time                           0.161    
  -------------------------------------------------------------------
                         slack                                  0.096    





Pulse Width Checks
--------------------------------------------------------------------------------------
Clock Name:         sys_clk
Waveform(ns):       { 0.000 5.000 }
Period(ns):         10.000
Sources:            { clk }

Check Type        Corner  Lib Pin           Reference Pin  Required(ns)  Actual(ns)  Slack(ns)  Location       Pin
Min Period        n/a     DSP_OUTPUT/CLK    n/a            0.850         10.000      9.150      DSP48E2_X3Y28  u_ctrl/addr_A_reg/DSP_OUTPUT_INST/CLK
Min Period        n/a     DSP_OUTPUT/CLK    n/a            0.850         10.000      9.150      DSP48E2_X3Y29  u_ctrl/addr_B_reg/DSP_OUTPUT_INST/CLK
Min Period        n/a     DSP_OUTPUT/CLK    n/a            0.850         10.000      9.150      DSP48E2_X3Y27  u_ctrl/addr_C_reg/DSP_OUTPUT_INST/CLK
Min Period        n/a     DSP_A_B_DATA/CLK  n/a            0.700         10.000      9.300      DSP48E2_X2Y26  u_matmul/ROW[0].COL[1].u_pe/u_mac/u_acc//DSP_A_B_DATA_INST/CLK
Min Period        n/a     DSP_A_B_DATA/CLK  n/a            0.700         10.000      9.300      DSP48E2_X4Y24  u_matmul/ROW[0].COL[2].u_pe/u_mac/u_acc//DSP_A_B_DATA_INST/CLK
Min Period        n/a     DSP_A_B_DATA/CLK  n/a            0.700         10.000      9.300      DSP48E2_X3Y26  u_matmul/ROW[0].COL[3].u_pe/u_mac/u_acc//DSP_A_B_DATA_INST/CLK
Min Period        n/a     DSP_A_B_DATA/CLK  n/a            0.700         10.000      9.300      DSP48E2_X4Y25  u_matmul/ROW[1].COL[0].u_pe/u_mac/u_acc//DSP_A_B_DATA_INST/CLK
Min Period        n/a     DSP_A_B_DATA/CLK  n/a            0.700         10.000      9.300      DSP48E2_X2Y27  u_matmul/ROW[1].COL[1].u_pe/u_mac/u_acc//DSP_A_B_DATA_INST/CLK
Min Period        n/a     DSP_A_B_DATA/CLK  n/a            0.700         10.000      9.300      DSP48E2_X5Y24  u_matmul/ROW[1].COL[2].u_pe/u_mac/u_acc//DSP_A_B_DATA_INST/CLK
Min Period        n/a     DSP_A_B_DATA/CLK  n/a            0.700         10.000      9.300      DSP48E2_X3Y24  u_matmul/ROW[1].COL[3].u_pe/u_mac/u_acc//DSP_A_B_DATA_INST/CLK
Low Pulse Width   Slow    FDRE/C            n/a            0.275         5.000       4.725      SLICE_X13Y73   u_ctrl/base_clear_reg/C
Low Pulse Width   Fast    FDRE/C            n/a            0.275         5.000       4.725      SLICE_X13Y73   u_ctrl/base_clear_reg/C
Low Pulse Width   Slow    FDRE/C            n/a            0.275         5.000       4.725      SLICE_X14Y71   u_ctrl/base_last_reg/C
Low Pulse Width   Fast    FDRE/C            n/a            0.275         5.000       4.725      SLICE_X14Y71   u_ctrl/base_last_reg/C
Low Pulse Width   Slow    FDRE/C            n/a            0.275         5.000       4.725      SLICE_X13Y70   u_ctrl/base_valid_reg/C
Low Pulse Width   Fast    FDRE/C            n/a            0.275         5.000       4.725      SLICE_X13Y70   u_ctrl/base_valid_reg/C
Low Pulse Width   Slow    FDRE/C            n/a            0.275         5.000       4.725      SLICE_X13Y57   u_ctrl/data_C_reg[0]/C
Low Pulse Width   Fast    FDRE/C            n/a            0.275         5.000       4.725      SLICE_X13Y57   u_ctrl/data_C_reg[0]/C
Low Pulse Width   Slow    FDRE/C            n/a            0.275         5.000       4.725      SLICE_X11Y61   u_ctrl/data_C_reg[10]/C
Low Pulse Width   Fast    FDRE/C            n/a            0.275         5.000       4.725      SLICE_X11Y61   u_ctrl/data_C_reg[10]/C
High Pulse Width  Slow    FDRE/C            n/a            0.275         5.000       4.725      SLICE_X13Y73   u_ctrl/base_clear_reg/C
High Pulse Width  Fast    FDRE/C            n/a            0.275         5.000       4.725      SLICE_X13Y73   u_ctrl/base_clear_reg/C
High Pulse Width  Slow    FDRE/C            n/a            0.275         5.000       4.725      SLICE_X14Y71   u_ctrl/base_last_reg/C
High Pulse Width  Fast    FDRE/C            n/a            0.275         5.000       4.725      SLICE_X14Y71   u_ctrl/base_last_reg/C
High Pulse Width  Slow    FDRE/C            n/a            0.275         5.000       4.725      SLICE_X13Y70   u_ctrl/base_valid_reg/C
High Pulse Width  Fast    FDRE/C            n/a            0.275         5.000       4.725      SLICE_X13Y70   u_ctrl/base_valid_reg/C
High Pulse Width  Slow    FDRE/C            n/a            0.275         5.000       4.725      SLICE_X13Y57   u_ctrl/data_C_reg[0]/C
High Pulse Width  Fast    FDRE/C            n/a            0.275         5.000       4.725      SLICE_X13Y57   u_ctrl/data_C_reg[0]/C
High Pulse Width  Slow    FDRE/C            n/a            0.275         5.000       4.725      SLICE_X11Y61   u_ctrl/data_C_reg[10]/C
High Pulse Width  Fast    FDRE/C            n/a            0.275         5.000       4.725      SLICE_X11Y61   u_ctrl/data_C_reg[10]/C



--------------------------------------------------------------------------------------
Path Group:  (none)
From Clock:  sys_clk
  To Clock:  

Max Delay           128 Endpoints
Min Delay           128 Endpoints
--------------------------------------------------------------------------------------


Max Delay Paths
--------------------------------------------------------------------------------------
Slack:                    inf
  Source:                 u_ctrl/addr_A_reg/DSP_OUTPUT_INST/CLK
                            (rising edge-triggered cell DSP_OUTPUT clocked by sys_clk  {rise@0.000ns fall@5.000ns period=10.000ns})
  Destination:            addr_A[21]
                            (output port)
  Path Group:             (none)
  Path Type:              Max at Slow Process Corner
  Data Path Delay:        0.304ns  (logic 0.304ns (100.000%)  route 0.000ns (0.000%))
  Logic Levels:           0  
  Clock Uncertainty:      0.025ns  ((TSJ^2 + TIJ^2)^1/2 + DJ) / 2 + PE
    Total System Jitter     (TSJ):    0.050ns
    Total Input Jitter      (TIJ):    0.000ns
    Discrete Jitter          (DJ):    0.000ns
    Phase Error              (PE):    0.000ns

    Location             Delay type                Incr(ns)  Path(ns)    Netlist Resource(s)
  -------------------------------------------------------------------    -------------------
                         (clock sys_clk rise edge)    0.000     0.000 r  
                                                      0.000     0.000 r  clk (IN)
                         net (fo=1070, unset)         0.077     0.077    u_ctrl/addr_A_reg/CLK
    DSP48E2_X3Y28        DSP_OUTPUT                                   r  u_ctrl/addr_A_reg/DSP_OUTPUT_INST/CLK
  -------------------------------------------------------------------    -------------------
    DSP48E2_X3Y28        DSP_OUTPUT (Prop_DSP_OUTPUT_DSP48E2_CLK_P[21])
                                                      0.304     0.381 r  u_ctrl/addr_A_reg/DSP_OUTPUT_INST/P[21]
                         net (fo=0)                   0.000     0.381    addr_A[21]
                                                                      r  addr_A[21] (OUT)
  -------------------------------------------------------------------    -------------------

Slack:                    inf
  Source:                 u_ctrl/addr_B_reg/DSP_OUTPUT_INST/CLK
                            (rising edge-triggered cell DSP_OUTPUT clocked by sys_clk  {rise@0.000ns fall@5.000ns period=10.000ns})
  Destination:            addr_B[21]
                            (output port)
  Path Group:             (none)
  Path Type:              Max at Slow Process Corner
  Data Path Delay:        0.304ns  (logic 0.304ns (100.000%)  route 0.000ns (0.000%))
  Logic Levels:           0  
  Clock Uncertainty:      0.025ns  ((TSJ^2 + TIJ^2)^1/2 + DJ) / 2 + PE
    Total System Jitter     (TSJ):    0.050ns
    Total Input Jitter      (TIJ):    0.000ns
    Discrete Jitter          (DJ):    0.000ns
    Phase Error              (PE):    0.000ns

    Location             Delay type                Incr(ns)  Path(ns)    Netlist Resource(s)
  -------------------------------------------------------------------    -------------------
                         (clock sys_clk rise edge)    0.000     0.000 r  
                                                      0.000     0.000 r  clk (IN)
                         net (fo=1070, unset)         0.077     0.077    u_ctrl/addr_B_reg/CLK
    DSP48E2_X3Y29        DSP_OUTPUT                                   r  u_ctrl/addr_B_reg/DSP_OUTPUT_INST/CLK
  -------------------------------------------------------------------    -------------------
    DSP48E2_X3Y29        DSP_OUTPUT (Prop_DSP_OUTPUT_DSP48E2_CLK_P[21])
                                                      0.304     0.381 r  u_ctrl/addr_B_reg/DSP_OUTPUT_INST/P[21]
                         net (fo=0)                   0.000     0.381    addr_B[21]
                                                                      r  addr_B[21] (OUT)
  -------------------------------------------------------------------    -------------------

Slack:                    inf
  Source:                 u_ctrl/addr_C_reg/DSP_OUTPUT_INST/CLK
                            (rising edge-triggered cell DSP_OUTPUT clocked by sys_clk  {rise@0.000ns fall@5.000ns period=10.000ns})
  Destination:            addr_C[23]
                            (output port)
  Path Group:             (none)
  Path Type:              Max at Slow Process Corner
  Data Path Delay:        0.304ns  (logic 0.304ns (100.000%)  route 0.000ns (0.000%))
  Logic Levels:           0  
  Clock Uncertainty:      0.025ns  ((TSJ^2 + TIJ^2)^1/2 + DJ) / 2 + PE
    Total System Jitter     (TSJ):    0.050ns
    Total Input Jitter      (TIJ):    0.000ns
    Discrete Jitter          (DJ):    0.000ns
    Phase Error              (PE):    0.000ns

    Location             Delay type                Incr(ns)  Path(ns)    Netlist Resource(s)
  -------------------------------------------------------------------    -------------------
                         (clock sys_clk rise edge)    0.000     0.000 r  
                                                      0.000     0.000 r  clk (IN)
                         net (fo=1070, unset)         0.077     0.077    u_ctrl/addr_C_reg/CLK
    DSP48E2_X3Y27        DSP_OUTPUT                                   r  u_ctrl/addr_C_reg/DSP_OUTPUT_INST/CLK
  -------------------------------------------------------------------    -------------------
    DSP48E2_X3Y27        DSP_OUTPUT (Prop_DSP_OUTPUT_DSP48E2_CLK_P[21])
                                                      0.304     0.381 r  u_ctrl/addr_C_reg/DSP_OUTPUT_INST/P[21]
                         net (fo=0)                   0.000     0.381    addr_C[23]
                                                                      r  addr_C[23] (OUT)
  -------------------------------------------------------------------    -------------------

Slack:                    inf
  Source:                 u_ctrl/addr_A_reg/DSP_OUTPUT_INST/CLK
                            (rising edge-triggered cell DSP_OUTPUT clocked by sys_clk  {rise@0.000ns fall@5.000ns period=10.000ns})
  Destination:            addr_A[27]
                            (output port)
  Path Group:             (none)
  Path Type:              Max at Slow Process Corner
  Data Path Delay:        0.297ns  (logic 0.297ns (100.000%)  route 0.000ns (0.000%))
  Logic Levels:           0  
  Clock Uncertainty:      0.025ns  ((TSJ^2 + TIJ^2)^1/2 + DJ) / 2 + PE
    Total System Jitter     (TSJ):    0.050ns
    Total Input Jitter      (TIJ):    0.000ns
    Discrete Jitter          (DJ):    0.000ns
    Phase Error              (PE):    0.000ns

    Location             Delay type                Incr(ns)  Path(ns)    Netlist Resource(s)
  -------------------------------------------------------------------    -------------------
                         (clock sys_clk rise edge)    0.000     0.000 r  
                                                      0.000     0.000 r  clk (IN)
                         net (fo=1070, unset)         0.077     0.077    u_ctrl/addr_A_reg/CLK
    DSP48E2_X3Y28        DSP_OUTPUT                                   r  u_ctrl/addr_A_reg/DSP_OUTPUT_INST/CLK
  -------------------------------------------------------------------    -------------------
    DSP48E2_X3Y28        DSP_OUTPUT (Prop_DSP_OUTPUT_DSP48E2_CLK_P[27])
                                                      0.297     0.374 r  u_ctrl/addr_A_reg/DSP_OUTPUT_INST/P[27]
                         net (fo=0)                   0.000     0.374    addr_A[27]
                                                                      r  addr_A[27] (OUT)
  -------------------------------------------------------------------    -------------------

Slack:                    inf
  Source:                 u_ctrl/addr_B_reg/DSP_OUTPUT_INST/CLK
                            (rising edge-triggered cell DSP_OUTPUT clocked by sys_clk  {rise@0.000ns fall@5.000ns period=10.000ns})
  Destination:            addr_B[27]
                            (output port)
  Path Group:             (none)
  Path Type:              Max at Slow Process Corner
  Data Path Delay:        0.297ns  (logic 0.297ns (100.000%)  route 0.000ns (0.000%))
  Logic Levels:           0  
  Clock Uncertainty:      0.025ns  ((TSJ^2 + TIJ^2)^1/2 + DJ) / 2 + PE
    Total System Jitter     (TSJ):    0.050ns
    Total Input Jitter      (TIJ):    0.000ns
    Discrete Jitter          (DJ):    0.000ns
    Phase Error              (PE):    0.000ns

    Location             Delay type                Incr(ns)  Path(ns)    Netlist Resource(s)
  -------------------------------------------------------------------    -------------------
                         (clock sys_clk rise edge)    0.000     0.000 r  
                                                      0.000     0.000 r  clk (IN)
                         net (fo=1070, unset)         0.077     0.077    u_ctrl/addr_B_reg/CLK
    DSP48E2_X3Y29        DSP_OUTPUT                                   r  u_ctrl/addr_B_reg/DSP_OUTPUT_INST/CLK
  -------------------------------------------------------------------    -------------------
    DSP48E2_X3Y29        DSP_OUTPUT (Prop_DSP_OUTPUT_DSP48E2_CLK_P[27])
                                                      0.297     0.374 r  u_ctrl/addr_B_reg/DSP_OUTPUT_INST/P[27]
                         net (fo=0)                   0.000     0.374    addr_B[27]
                                                                      r  addr_B[27] (OUT)
  -------------------------------------------------------------------    -------------------

Slack:                    inf
  Source:                 u_ctrl/addr_C_reg/DSP_OUTPUT_INST/CLK
                            (rising edge-triggered cell DSP_OUTPUT clocked by sys_clk  {rise@0.000ns fall@5.000ns period=10.000ns})
  Destination:            addr_C[29]
                            (output port)
  Path Group:             (none)
  Path Type:              Max at Slow Process Corner
  Data Path Delay:        0.297ns  (logic 0.297ns (100.000%)  route 0.000ns (0.000%))
  Logic Levels:           0  
  Clock Uncertainty:      0.025ns  ((TSJ^2 + TIJ^2)^1/2 + DJ) / 2 + PE
    Total System Jitter     (TSJ):    0.050ns
    Total Input Jitter      (TIJ):    0.000ns
    Discrete Jitter          (DJ):    0.000ns
    Phase Error              (PE):    0.000ns

    Location             Delay type                Incr(ns)  Path(ns)    Netlist Resource(s)
  -------------------------------------------------------------------    -------------------
                         (clock sys_clk rise edge)    0.000     0.000 r  
                                                      0.000     0.000 r  clk (IN)
                         net (fo=1070, unset)         0.077     0.077    u_ctrl/addr_C_reg/CLK
    DSP48E2_X3Y27        DSP_OUTPUT                                   r  u_ctrl/addr_C_reg/DSP_OUTPUT_INST/CLK
  -------------------------------------------------------------------    -------------------
    DSP48E2_X3Y27        DSP_OUTPUT (Prop_DSP_OUTPUT_DSP48E2_CLK_P[27])
                                                      0.297     0.374 r  u_ctrl/addr_C_reg/DSP_OUTPUT_INST/P[27]
                         net (fo=0)                   0.000     0.374    addr_C[29]
                                                                      r  addr_C[29] (OUT)
  -------------------------------------------------------------------    -------------------

Slack:                    inf
  Source:                 u_ctrl/addr_A_reg/DSP_OUTPUT_INST/CLK
                            (rising edge-triggered cell DSP_OUTPUT clocked by sys_clk  {rise@0.000ns fall@5.000ns period=10.000ns})
  Destination:            addr_A[29]
                            (output port)
  Path Group:             (none)
  Path Type:              Max at Slow Process Corner
  Data Path Delay:        0.291ns  (logic 0.291ns (100.000%)  route 0.000ns (0.000%))
  Logic Levels:           0  
  Clock Uncertainty:      0.025ns  ((TSJ^2 + TIJ^2)^1/2 + DJ) / 2 + PE
    Total System Jitter     (TSJ):    0.050ns
    Total Input Jitter      (TIJ):    0.000ns
    Discrete Jitter          (DJ):    0.000ns
    Phase Error              (PE):    0.000ns

    Location             Delay type                Incr(ns)  Path(ns)    Netlist Resource(s)
  -------------------------------------------------------------------    -------------------
                         (clock sys_clk rise edge)    0.000     0.000 r  
                                                      0.000     0.000 r  clk (IN)
                         net (fo=1070, unset)         0.077     0.077    u_ctrl/addr_A_reg/CLK
    DSP48E2_X3Y28        DSP_OUTPUT                                   r  u_ctrl/addr_A_reg/DSP_OUTPUT_INST/CLK
  -------------------------------------------------------------------    -------------------
    DSP48E2_X3Y28        DSP_OUTPUT (Prop_DSP_OUTPUT_DSP48E2_CLK_P[29])
                                                      0.291     0.368 r  u_ctrl/addr_A_reg/DSP_OUTPUT_INST/P[29]
                         net (fo=0)                   0.000     0.368    addr_A[29]
                                                                      r  addr_A[29] (OUT)
  -------------------------------------------------------------------    -------------------

Slack:                    inf
  Source:                 u_ctrl/addr_B_reg/DSP_OUTPUT_INST/CLK
                            (rising edge-triggered cell DSP_OUTPUT clocked by sys_clk  {rise@0.000ns fall@5.000ns period=10.000ns})
  Destination:            addr_B[29]
                            (output port)
  Path Group:             (none)
  Path Type:              Max at Slow Process Corner
  Data Path Delay:        0.291ns  (logic 0.291ns (100.000%)  route 0.000ns (0.000%))
  Logic Levels:           0  
  Clock Uncertainty:      0.025ns  ((TSJ^2 + TIJ^2)^1/2 + DJ) / 2 + PE
    Total System Jitter     (TSJ):    0.050ns
    Total Input Jitter      (TIJ):    0.000ns
    Discrete Jitter          (DJ):    0.000ns
    Phase Error              (PE):    0.000ns

    Location             Delay type                Incr(ns)  Path(ns)    Netlist Resource(s)
  -------------------------------------------------------------------    -------------------
                         (clock sys_clk rise edge)    0.000     0.000 r  
                                                      0.000     0.000 r  clk (IN)
                         net (fo=1070, unset)         0.077     0.077    u_ctrl/addr_B_reg/CLK
    DSP48E2_X3Y29        DSP_OUTPUT                                   r  u_ctrl/addr_B_reg/DSP_OUTPUT_INST/CLK
  -------------------------------------------------------------------    -------------------
    DSP48E2_X3Y29        DSP_OUTPUT (Prop_DSP_OUTPUT_DSP48E2_CLK_P[29])
                                                      0.291     0.368 r  u_ctrl/addr_B_reg/DSP_OUTPUT_INST/P[29]
                         net (fo=0)                   0.000     0.368    addr_B[29]
                                                                      r  addr_B[29] (OUT)
  -------------------------------------------------------------------    -------------------

Slack:                    inf
  Source:                 u_ctrl/addr_C_reg/DSP_OUTPUT_INST/CLK
                            (rising edge-triggered cell DSP_OUTPUT clocked by sys_clk  {rise@0.000ns fall@5.000ns period=10.000ns})
  Destination:            addr_C[31]
                            (output port)
  Path Group:             (none)
  Path Type:              Max at Slow Process Corner
  Data Path Delay:        0.291ns  (logic 0.291ns (100.000%)  route 0.000ns (0.000%))
  Logic Levels:           0  
  Clock Uncertainty:      0.025ns  ((TSJ^2 + TIJ^2)^1/2 + DJ) / 2 + PE
    Total System Jitter     (TSJ):    0.050ns
    Total Input Jitter      (TIJ):    0.000ns
    Discrete Jitter          (DJ):    0.000ns
    Phase Error              (PE):    0.000ns

    Location             Delay type                Incr(ns)  Path(ns)    Netlist Resource(s)
  -------------------------------------------------------------------    -------------------
                         (clock sys_clk rise edge)    0.000     0.000 r  
                                                      0.000     0.000 r  clk (IN)
                         net (fo=1070, unset)         0.077     0.077    u_ctrl/addr_C_reg/CLK
    DSP48E2_X3Y27        DSP_OUTPUT                                   r  u_ctrl/addr_C_reg/DSP_OUTPUT_INST/CLK
  -------------------------------------------------------------------    -------------------
    DSP48E2_X3Y27        DSP_OUTPUT (Prop_DSP_OUTPUT_DSP48E2_CLK_P[29])
                                                      0.291     0.368 r  u_ctrl/addr_C_reg/DSP_OUTPUT_INST/P[29]
                         net (fo=0)                   0.000     0.368    addr_C[31]
                                                                      r  addr_C[31] (OUT)
  -------------------------------------------------------------------    -------------------

Slack:                    inf
  Source:                 u_ctrl/addr_A_reg/DSP_OUTPUT_INST/CLK
                            (rising edge-triggered cell DSP_OUTPUT clocked by sys_clk  {rise@0.000ns fall@5.000ns period=10.000ns})
  Destination:            addr_A[17]
                            (output port)
  Path Group:             (none)
  Path Type:              Max at Slow Process Corner
  Data Path Delay:        0.288ns  (logic 0.288ns (100.000%)  route 0.000ns (0.000%))
  Logic Levels:           0  
  Clock Uncertainty:      0.025ns  ((TSJ^2 + TIJ^2)^1/2 + DJ) / 2 + PE
    Total System Jitter     (TSJ):    0.050ns
    Total Input Jitter      (TIJ):    0.000ns
    Discrete Jitter          (DJ):    0.000ns
    Phase Error              (PE):    0.000ns

    Location             Delay type                Incr(ns)  Path(ns)    Netlist Resource(s)
  -------------------------------------------------------------------    -------------------
                         (clock sys_clk rise edge)    0.000     0.000 r  
                                                      0.000     0.000 r  clk (IN)
                         net (fo=1070, unset)         0.077     0.077    u_ctrl/addr_A_reg/CLK
    DSP48E2_X3Y28        DSP_OUTPUT                                   r  u_ctrl/addr_A_reg/DSP_OUTPUT_INST/CLK
  -------------------------------------------------------------------    -------------------
    DSP48E2_X3Y28        DSP_OUTPUT (Prop_DSP_OUTPUT_DSP48E2_CLK_P[17])
                                                      0.288     0.365 r  u_ctrl/addr_A_reg/DSP_OUTPUT_INST/P[17]
                         net (fo=0)                   0.000     0.365    addr_A[17]
                                                                      r  addr_A[17] (OUT)
  -------------------------------------------------------------------    -------------------





Min Delay Paths
--------------------------------------------------------------------------------------
Slack:                    inf
  Source:                 u_ctrl/data_C_reg[11]/C
                            (rising edge-triggered cell FDRE clocked by sys_clk  {rise@0.000ns fall@5.000ns period=10.000ns})
  Destination:            data_C[11]
                            (output port)
  Path Group:             (none)
  Path Type:              Min at Fast Process Corner
  Data Path Delay:        0.082ns  (logic 0.082ns (100.000%)  route 0.000ns (0.000%))
  Logic Levels:           0  
  Clock Uncertainty:      0.025ns  ((TSJ^2 + TIJ^2)^1/2 + DJ) / 2 + PE
    Total System Jitter     (TSJ):    0.050ns
    Total Input Jitter      (TIJ):    0.000ns
    Discrete Jitter          (DJ):    0.000ns
    Phase Error              (PE):    0.000ns

    Location             Delay type                Incr(ns)  Path(ns)    Netlist Resource(s)
  -------------------------------------------------------------------    -------------------
                         (clock sys_clk rise edge)    0.000     0.000 r  
                                                      0.000     0.000 r  clk (IN)
                         net (fo=1070, unset)         0.014     0.014    u_ctrl/clk
    SLICE_X12Y60         FDRE                                         r  u_ctrl/data_C_reg[11]/C
  -------------------------------------------------------------------    -------------------
    SLICE_X12Y60         FDRE (Prop_BFF_SLICEM_C_Q)
                                                      0.082     0.096 r  u_ctrl/data_C_reg[11]/Q
                         net (fo=0)                   0.000     0.096    data_C[11]
                                                                      r  data_C[11] (OUT)
  -------------------------------------------------------------------    -------------------

Slack:                    inf
  Source:                 u_ctrl/data_C_reg[28]/C
                            (rising edge-triggered cell FDRE clocked by sys_clk  {rise@0.000ns fall@5.000ns period=10.000ns})
  Destination:            data_C[28]
                            (output port)
  Path Group:             (none)
  Path Type:              Min at Fast Process Corner
  Data Path Delay:        0.082ns  (logic 0.082ns (100.000%)  route 0.000ns (0.000%))
  Logic Levels:           0  
  Clock Uncertainty:      0.025ns  ((TSJ^2 + TIJ^2)^1/2 + DJ) / 2 + PE
    Total System Jitter     (TSJ):    0.050ns
    Total Input Jitter      (TIJ):    0.000ns
    Discrete Jitter          (DJ):    0.000ns
    Phase Error              (PE):    0.000ns

    Location             Delay type                Incr(ns)  Path(ns)    Netlist Resource(s)
  -------------------------------------------------------------------    -------------------
                         (clock sys_clk rise edge)    0.000     0.000 r  
                                                      0.000     0.000 r  clk (IN)
                         net (fo=1070, unset)         0.014     0.014    u_ctrl/clk
    SLICE_X12Y62         FDRE                                         r  u_ctrl/data_C_reg[28]/C
  -------------------------------------------------------------------    -------------------
    SLICE_X12Y62         FDRE (Prop_BFF_SLICEM_C_Q)
                                                      0.082     0.096 r  u_ctrl/data_C_reg[28]/Q
                         net (fo=0)                   0.000     0.096    data_C[28]
                                                                      r  data_C[28] (OUT)
  -------------------------------------------------------------------    -------------------

Slack:                    inf
  Source:                 u_ctrl/data_C_reg[31]/C
                            (rising edge-triggered cell FDRE clocked by sys_clk  {rise@0.000ns fall@5.000ns period=10.000ns})
  Destination:            data_C[31]
                            (output port)
  Path Group:             (none)
  Path Type:              Min at Fast Process Corner
  Data Path Delay:        0.082ns  (logic 0.082ns (100.000%)  route 0.000ns (0.000%))
  Logic Levels:           0  
  Clock Uncertainty:      0.025ns  ((TSJ^2 + TIJ^2)^1/2 + DJ) / 2 + PE
    Total System Jitter     (TSJ):    0.050ns
    Total Input Jitter      (TIJ):    0.000ns
    Discrete Jitter          (DJ):    0.000ns
    Phase Error              (PE):    0.000ns

    Location             Delay type                Incr(ns)  Path(ns)    Netlist Resource(s)
  -------------------------------------------------------------------    -------------------
                         (clock sys_clk rise edge)    0.000     0.000 r  
                                                      0.000     0.000 r  clk (IN)
                         net (fo=1070, unset)         0.014     0.014    u_ctrl/clk
    SLICE_X12Y56         FDRE                                         r  u_ctrl/data_C_reg[31]/C
  -------------------------------------------------------------------    -------------------
    SLICE_X12Y56         FDRE (Prop_BFF_SLICEM_C_Q)
                                                      0.082     0.096 r  u_ctrl/data_C_reg[31]/Q
                         net (fo=0)                   0.000     0.096    data_C[31]
                                                                      r  data_C[31] (OUT)
  -------------------------------------------------------------------    -------------------

Slack:                    inf
  Source:                 u_ctrl/data_C_reg[3]/C
                            (rising edge-triggered cell FDRE clocked by sys_clk  {rise@0.000ns fall@5.000ns period=10.000ns})
  Destination:            data_C[3]
                            (output port)
  Path Group:             (none)
  Path Type:              Min at Fast Process Corner
  Data Path Delay:        0.082ns  (logic 0.082ns (100.000%)  route 0.000ns (0.000%))
  Logic Levels:           0  
  Clock Uncertainty:      0.025ns  ((TSJ^2 + TIJ^2)^1/2 + DJ) / 2 + PE
    Total System Jitter     (TSJ):    0.050ns
    Total Input Jitter      (TIJ):    0.000ns
    Discrete Jitter          (DJ):    0.000ns
    Phase Error              (PE):    0.000ns

    Location             Delay type                Incr(ns)  Path(ns)    Netlist Resource(s)
  -------------------------------------------------------------------    -------------------
                         (clock sys_clk rise edge)    0.000     0.000 r  
                                                      0.000     0.000 r  clk (IN)
                         net (fo=1070, unset)         0.014     0.014    u_ctrl/clk
    SLICE_X12Y60         FDRE                                         r  u_ctrl/data_C_reg[3]/C
  -------------------------------------------------------------------    -------------------
    SLICE_X12Y60         FDRE (Prop_AFF_SLICEM_C_Q)
                                                      0.082     0.096 r  u_ctrl/data_C_reg[3]/Q
                         net (fo=0)                   0.000     0.096    data_C[3]
                                                                      r  data_C[3] (OUT)
  -------------------------------------------------------------------    -------------------

Slack:                    inf
  Source:                 u_ctrl/data_C_reg[7]/C
                            (rising edge-triggered cell FDRE clocked by sys_clk  {rise@0.000ns fall@5.000ns period=10.000ns})
  Destination:            data_C[7]
                            (output port)
  Path Group:             (none)
  Path Type:              Min at Fast Process Corner
  Data Path Delay:        0.082ns  (logic 0.082ns (100.000%)  route 0.000ns (0.000%))
  Logic Levels:           0  
  Clock Uncertainty:      0.025ns  ((TSJ^2 + TIJ^2)^1/2 + DJ) / 2 + PE
    Total System Jitter     (TSJ):    0.050ns
    Total Input Jitter      (TIJ):    0.000ns
    Discrete Jitter          (DJ):    0.000ns
    Phase Error              (PE):    0.000ns

    Location             Delay type                Incr(ns)  Path(ns)    Netlist Resource(s)
  -------------------------------------------------------------------    -------------------
                         (clock sys_clk rise edge)    0.000     0.000 r  
                                                      0.000     0.000 r  clk (IN)
                         net (fo=1070, unset)         0.014     0.014    u_ctrl/clk
    SLICE_X12Y59         FDRE                                         r  u_ctrl/data_C_reg[7]/C
  -------------------------------------------------------------------    -------------------
    SLICE_X12Y59         FDRE (Prop_FFF_SLICEM_C_Q)
                                                      0.082     0.096 r  u_ctrl/data_C_reg[7]/Q
                         net (fo=0)                   0.000     0.096    data_C[7]
                                                                      r  data_C[7] (OUT)
  -------------------------------------------------------------------    -------------------

Slack:                    inf
  Source:                 u_ctrl/data_C_reg[8]/C
                            (rising edge-triggered cell FDRE clocked by sys_clk  {rise@0.000ns fall@5.000ns period=10.000ns})
  Destination:            data_C[8]
                            (output port)
  Path Group:             (none)
  Path Type:              Min at Fast Process Corner
  Data Path Delay:        0.082ns  (logic 0.082ns (100.000%)  route 0.000ns (0.000%))
  Logic Levels:           0  
  Clock Uncertainty:      0.025ns  ((TSJ^2 + TIJ^2)^1/2 + DJ) / 2 + PE
    Total System Jitter     (TSJ):    0.050ns
    Total Input Jitter      (TIJ):    0.000ns
    Discrete Jitter          (DJ):    0.000ns
    Phase Error              (PE):    0.000ns

    Location             Delay type                Incr(ns)  Path(ns)    Netlist Resource(s)
  -------------------------------------------------------------------    -------------------
                         (clock sys_clk rise edge)    0.000     0.000 r  
                                                      0.000     0.000 r  clk (IN)
                         net (fo=1070, unset)         0.014     0.014    u_ctrl/clk
    SLICE_X12Y61         FDRE                                         r  u_ctrl/data_C_reg[8]/C
  -------------------------------------------------------------------    -------------------
    SLICE_X12Y61         FDRE (Prop_BFF_SLICEM_C_Q)
                                                      0.082     0.096 r  u_ctrl/data_C_reg[8]/Q
                         net (fo=0)                   0.000     0.096    data_C[8]
                                                                      r  data_C[8] (OUT)
  -------------------------------------------------------------------    -------------------

Slack:                    inf
  Source:                 u_ctrl/we_C_reg/C
                            (rising edge-triggered cell FDRE clocked by sys_clk  {rise@0.000ns fall@5.000ns period=10.000ns})
  Destination:            we_C
                            (output port)
  Path Group:             (none)
  Path Type:              Min at Fast Process Corner
  Data Path Delay:        0.082ns  (logic 0.082ns (100.000%)  route 0.000ns (0.000%))
  Logic Levels:           0  
  Clock Uncertainty:      0.025ns  ((TSJ^2 + TIJ^2)^1/2 + DJ) / 2 + PE
    Total System Jitter     (TSJ):    0.050ns
    Total Input Jitter      (TIJ):    0.000ns
    Discrete Jitter          (DJ):    0.000ns
    Phase Error              (PE):    0.000ns

    Location             Delay type                Incr(ns)  Path(ns)    Netlist Resource(s)
  -------------------------------------------------------------------    -------------------
                         (clock sys_clk rise edge)    0.000     0.000 r  
                                                      0.000     0.000 r  clk (IN)
                         net (fo=1070, unset)         0.014     0.014    u_ctrl/clk
    SLICE_X13Y69         FDRE                                         r  u_ctrl/we_C_reg/C
  -------------------------------------------------------------------    -------------------
    SLICE_X13Y69         FDRE (Prop_AFF_SLICEM_C_Q)
                                                      0.082     0.096 r  u_ctrl/we_C_reg/Q
                         net (fo=0)                   0.000     0.096    we_C
                                                                      r  we_C (OUT)
  -------------------------------------------------------------------    -------------------

Slack:                    inf
  Source:                 u_ctrl/data_C_reg[0]/C
                            (rising edge-triggered cell FDRE clocked by sys_clk  {rise@0.000ns fall@5.000ns period=10.000ns})
  Destination:            data_C[0]
                            (output port)
  Path Group:             (none)
  Path Type:              Min at Fast Process Corner
  Data Path Delay:        0.083ns  (logic 0.083ns (100.000%)  route 0.000ns (0.000%))
  Logic Levels:           0  
  Clock Uncertainty:      0.025ns  ((TSJ^2 + TIJ^2)^1/2 + DJ) / 2 + PE
    Total System Jitter     (TSJ):    0.050ns
    Total Input Jitter      (TIJ):    0.000ns
    Discrete Jitter          (DJ):    0.000ns
    Phase Error              (PE):    0.000ns

    Location             Delay type                Incr(ns)  Path(ns)    Netlist Resource(s)
  -------------------------------------------------------------------    -------------------
                         (clock sys_clk rise edge)    0.000     0.000 r  
                                                      0.000     0.000 r  clk (IN)
                         net (fo=1070, unset)         0.014     0.014    u_ctrl/clk
    SLICE_X13Y57         FDRE                                         r  u_ctrl/data_C_reg[0]/C
  -------------------------------------------------------------------    -------------------
    SLICE_X13Y57         FDRE (Prop_CFF_SLICEM_C_Q)
                                                      0.083     0.097 r  u_ctrl/data_C_reg[0]/Q
                         net (fo=0)                   0.000     0.097    data_C[0]
                                                                      r  data_C[0] (OUT)
  -------------------------------------------------------------------    -------------------

Slack:                    inf
  Source:                 u_ctrl/data_C_reg[14]/C
                            (rising edge-triggered cell FDRE clocked by sys_clk  {rise@0.000ns fall@5.000ns period=10.000ns})
  Destination:            data_C[14]
                            (output port)
  Path Group:             (none)
  Path Type:              Min at Fast Process Corner
  Data Path Delay:        0.083ns  (logic 0.083ns (100.000%)  route 0.000ns (0.000%))
  Logic Levels:           0  
  Clock Uncertainty:      0.025ns  ((TSJ^2 + TIJ^2)^1/2 + DJ) / 2 + PE
    Total System Jitter     (TSJ):    0.050ns
    Total Input Jitter      (TIJ):    0.000ns
    Discrete Jitter          (DJ):    0.000ns
    Phase Error              (PE):    0.000ns

    Location             Delay type                Incr(ns)  Path(ns)    Netlist Resource(s)
  -------------------------------------------------------------------    -------------------
                         (clock sys_clk rise edge)    0.000     0.000 r  
                                                      0.000     0.000 r  clk (IN)
                         net (fo=1070, unset)         0.014     0.014    u_ctrl/clk
    SLICE_X12Y61         FDRE                                         r  u_ctrl/data_C_reg[14]/C
  -------------------------------------------------------------------    -------------------
    SLICE_X12Y61         FDRE (Prop_DFF_SLICEM_C_Q)
                                                      0.083     0.097 r  u_ctrl/data_C_reg[14]/Q
                         net (fo=0)                   0.000     0.097    data_C[14]
                                                                      r  data_C[14] (OUT)
  -------------------------------------------------------------------    -------------------

Slack:                    inf
  Source:                 u_ctrl/data_C_reg[15]/C
                            (rising edge-triggered cell FDRE clocked by sys_clk  {rise@0.000ns fall@5.000ns period=10.000ns})
  Destination:            data_C[15]
                            (output port)
  Path Group:             (none)
  Path Type:              Min at Fast Process Corner
  Data Path Delay:        0.083ns  (logic 0.083ns (100.000%)  route 0.000ns (0.000%))
  Logic Levels:           0  
  Clock Uncertainty:      0.025ns  ((TSJ^2 + TIJ^2)^1/2 + DJ) / 2 + PE
    Total System Jitter     (TSJ):    0.050ns
    Total Input Jitter      (TIJ):    0.000ns
    Discrete Jitter          (DJ):    0.000ns
    Phase Error              (PE):    0.000ns

    Location             Delay type                Incr(ns)  Path(ns)    Netlist Resource(s)
  -------------------------------------------------------------------    -------------------
                         (clock sys_clk rise edge)    0.000     0.000 r  
                                                      0.000     0.000 r  clk (IN)
                         net (fo=1070, unset)         0.014     0.014    u_ctrl/clk
    SLICE_X12Y56         FDRE                                         r  u_ctrl/data_C_reg[15]/C
  -------------------------------------------------------------------    -------------------
    SLICE_X12Y56         FDRE (Prop_DFF_SLICEM_C_Q)
                                                      0.083     0.097 r  u_ctrl/data_C_reg[15]/Q
                         net (fo=0)                   0.000     0.097    data_C[15]
                                                                      r  data_C[15] (OUT)
  -------------------------------------------------------------------    -------------------





--------------------------------------------------------------------------------------
Path Group:  (none)
From Clock:  
  To Clock:  sys_clk

Max Delay           149 Endpoints
Min Delay           149 Endpoints
--------------------------------------------------------------------------------------


Max Delay Paths
--------------------------------------------------------------------------------------
Slack:                    inf
  Source:                 N_size[5]
                            (input port)
  Destination:            u_ctrl/state_reg[0]/D
                            (rising edge-triggered cell FDRE clocked by sys_clk  {rise@0.000ns fall@5.000ns period=10.000ns})
  Path Group:             (none)
  Path Type:              Setup (Max at Slow Process Corner)
  Data Path Delay:        3.664ns  (logic 1.546ns (42.195%)  route 2.118ns (57.805%))
  Logic Levels:           9  (CARRY8=2 LUT5=2 LUT6=5)
  Clock Path Skew:        0.031ns (DCD - SCD + CPR)
    Destination Clock Delay (DCD):    0.031ns
    Source Clock Delay      (SCD):    0.000ns
    Clock Pessimism Removal (CPR):    0.000ns
  Clock Uncertainty:      0.025ns  ((TSJ^2 + TIJ^2)^1/2 + DJ) / 2 + PE
    Total System Jitter     (TSJ):    0.050ns
    Total Input Jitter      (TIJ):    0.000ns
    Discrete Jitter          (DJ):    0.000ns
    Phase Error              (PE):    0.000ns

    Location             Delay type                Incr(ns)  Path(ns)    Netlist Resource(s)
  -------------------------------------------------------------------    -------------------
                                                      0.000     0.000 r  N_size[5] (IN)
                         net (fo=8, unset)            0.000     0.000    u_ctrl/N_size[5]
    SLICE_X11Y67         LUT6 (Prop_D6LUT_SLICEL_I0_O)
                                                      0.221     0.221 r  u_ctrl/addr_A_reg_i_121/O
                         net (fo=8, routed)           0.182     0.403    u_ctrl/addr_A_reg_i_121_n_0
    SLICE_X11Y69         LUT5 (Prop_D5LUT_SLICEL_I2_O)
                                                      0.152     0.555 r  u_ctrl/addr_A_reg_i_144/O
                         net (fo=2, routed)           0.472     1.028    u_ctrl/addr_A_reg_i_144_n_0
    SLICE_X11Y69         LUT6 (Prop_G6LUT_SLICEL_I3_O)
                                                      0.226     1.254 r  u_ctrl/addr_A_reg_i_111/O
                         net (fo=3, routed)           0.254     1.508    u_ctrl/addr_A_reg_i_111_n_0
    SLICE_X11Y69         LUT6 (Prop_C6LUT_SLICEL_I1_O)
                                                      0.221     1.729 r  u_ctrl/addr_A_reg_i_110/O
                         net (fo=1, routed)           0.300     2.029    u_ctrl/addr_A_reg_i_110_n_0
    SLICE_X12Y68         LUT6 (Prop_E6LUT_SLICEM_I0_O)
                                                      0.138     2.167 r  u_ctrl/addr_A_reg_i_78/O
                         net (fo=1, routed)           0.018     2.185    u_ctrl/addr_A_reg_i_78_n_0
    SLICE_X12Y68         CARRY8 (Prop_CARRY8_SLICEM_S[4]_CO[7])
                                                      0.236     2.421 f  u_ctrl/addr_A_reg_i_54/CO[7]
                         net (fo=1, routed)           0.030     2.451    u_ctrl/addr_A_reg_i_54_n_0
    SLICE_X12Y69         CARRY8 (Prop_CARRY8_SLICEM_CI_CO[2])
                                                      0.079     2.530 f  u_ctrl/addr_A_reg_i_25/CO[2]
                         net (fo=19, routed)          0.271     2.801    u_ctrl/last_n_tile
    SLICE_X13Y70         LUT6 (Prop_A6LUT_SLICEM_I0_O)
                                                      0.083     2.884 r  u_ctrl/state[2]_i_2/O
                         net (fo=2, routed)           0.113     2.997    u_ctrl/state[2]_i_2_n_0
    SLICE_X13Y70         LUT5 (Prop_D5LUT_SLICEM_I1_O)
                                                      0.190     3.187 r  u_ctrl/state[0]_i_1/O
                         net (fo=1, routed)           0.477     3.664    u_ctrl/next_state[0]
    SLICE_X13Y70         FDRE                                         r  u_ctrl/state_reg[0]/D
  -------------------------------------------------------------------    -------------------

                         (clock sys_clk rise edge)    0.000     0.000 r  
                                                      0.000     0.000 r  clk (IN)
                         net (fo=1070, unset)         0.031     0.031    u_ctrl/clk
    SLICE_X13Y70         FDRE                                         r  u_ctrl/state_reg[0]/C

Slack:                    inf
  Source:                 N_size[5]
                            (input port)
  Destination:            u_ctrl/state_reg[1]/D
                            (rising edge-triggered cell FDRE clocked by sys_clk  {rise@0.000ns fall@5.000ns period=10.000ns})
  Path Group:             (none)
  Path Type:              Setup (Max at Slow Process Corner)
  Data Path Delay:        3.571ns  (logic 1.647ns (46.123%)  route 1.924ns (53.877%))
  Logic Levels:           9  (CARRY8=2 LUT3=1 LUT5=2 LUT6=4)
  Clock Path Skew:        0.031ns (DCD - SCD + CPR)
    Destination Clock Delay (DCD):    0.031ns
    Source Clock Delay      (SCD):    0.000ns
    Clock Pessimism Removal (CPR):    0.000ns
  Clock Uncertainty:      0.025ns  ((TSJ^2 + TIJ^2)^1/2 + DJ) / 2 + PE
    Total System Jitter     (TSJ):    0.050ns
    Total Input Jitter      (TIJ):    0.000ns
    Discrete Jitter          (DJ):    0.000ns
    Phase Error              (PE):    0.000ns

    Location             Delay type                Incr(ns)  Path(ns)    Netlist Resource(s)
  -------------------------------------------------------------------    -------------------
                                                      0.000     0.000 r  N_size[5] (IN)
                         net (fo=8, unset)            0.000     0.000    u_ctrl/N_size[5]
    SLICE_X11Y67         LUT6 (Prop_D6LUT_SLICEL_I0_O)
                                                      0.221     0.221 r  u_ctrl/addr_A_reg_i_121/O
                         net (fo=8, routed)           0.182     0.403    u_ctrl/addr_A_reg_i_121_n_0
    SLICE_X11Y69         LUT5 (Prop_D5LUT_SLICEL_I2_O)
                                                      0.152     0.555 r  u_ctrl/addr_A_reg_i_144/O
                         net (fo=2, routed)           0.472     1.028    u_ctrl/addr_A_reg_i_144_n_0
    SLICE_X11Y69         LUT6 (Prop_G6LUT_SLICEL_I3_O)
                                                      0.226     1.254 r  u_ctrl/addr_A_reg_i_111/O
                         net (fo=3, routed)           0.254     1.508    u_ctrl/addr_A_reg_i_111_n_0
    SLICE_X11Y69         LUT6 (Prop_C6LUT_SLICEL_I1_O)
                                                      0.221     1.729 r  u_ctrl/addr_A_reg_i_110/O
                         net (fo=1, routed)           0.300     2.029    u_ctrl/addr_A_reg_i_110_n_0
    SLICE_X12Y68         LUT6 (Prop_E6LUT_SLICEM_I0_O)
                                                      0.138     2.167 r  u_ctrl/addr_A_reg_i_78/O
                         net (fo=1, routed)           0.018     2.185    u_ctrl/addr_A_reg_i_78_n_0
    SLICE_X12Y68         CARRY8 (Prop_CARRY8_SLICEM_S[4]_CO[7])
                                                      0.236     2.421 r  u_ctrl/addr_A_reg_i_54/CO[7]
                         net (fo=1, routed)           0.030     2.451    u_ctrl/addr_A_reg_i_54_n_0
    SLICE_X12Y69         CARRY8 (Prop_CARRY8_SLICEM_CI_CO[2])
                                                      0.079     2.530 r  u_ctrl/addr_A_reg_i_25/CO[2]
                         net (fo=19, routed)          0.319     2.849    u_ctrl/last_n_tile
    SLICE_X13Y71         LUT3 (Prop_F6LUT_SLICEM_I2_O)
                                                      0.149     2.998 r  u_ctrl/state[1]_i_2/O
                         net (fo=1, routed)           0.073     3.071    u_ctrl/state[1]_i_2_n_0
    SLICE_X13Y71         LUT5 (Prop_B6LUT_SLICEM_I2_O)
                                                      0.225     3.296 r  u_ctrl/state[1]_i_1/O
                         net (fo=1, routed)           0.275     3.571    u_ctrl/next_state[1]
    SLICE_X13Y71         FDRE                                         r  u_ctrl/state_reg[1]/D
  -------------------------------------------------------------------    -------------------

                         (clock sys_clk rise edge)    0.000     0.000 r  
                                                      0.000     0.000 r  clk (IN)
                         net (fo=1070, unset)         0.031     0.031    u_ctrl/clk
    SLICE_X13Y71         FDRE                                         r  u_ctrl/state_reg[1]/C

Slack:                    inf
  Source:                 N_size[5]
                            (input port)
  Destination:            u_ctrl/n_tile_cnt_reg[1]/D
                            (rising edge-triggered cell FDRE clocked by sys_clk  {rise@0.000ns fall@5.000ns period=10.000ns})
  Path Group:             (none)
  Path Type:              Setup (Max at Slow Process Corner)
  Data Path Delay:        3.441ns  (logic 1.466ns (42.603%)  route 1.975ns (57.397%))
  Logic Levels:           8  (CARRY8=2 LUT4=1 LUT5=1 LUT6=4)
  Clock Path Skew:        0.031ns (DCD - SCD + CPR)
    Destination Clock Delay (DCD):    0.031ns
    Source Clock Delay      (SCD):    0.000ns
    Clock Pessimism Removal (CPR):    0.000ns
  Clock Uncertainty:      0.025ns  ((TSJ^2 + TIJ^2)^1/2 + DJ) / 2 + PE
    Total System Jitter     (TSJ):    0.050ns
    Total Input Jitter      (TIJ):    0.000ns
    Discrete Jitter          (DJ):    0.000ns
    Phase Error              (PE):    0.000ns

    Location             Delay type                Incr(ns)  Path(ns)    Netlist Resource(s)
  -------------------------------------------------------------------    -------------------
                                                      0.000     0.000 r  N_size[5] (IN)
                         net (fo=8, unset)            0.000     0.000    u_ctrl/N_size[5]
    SLICE_X11Y67         LUT6 (Prop_D6LUT_SLICEL_I0_O)
                                                      0.221     0.221 r  u_ctrl/addr_A_reg_i_121/O
                         net (fo=8, routed)           0.182     0.403    u_ctrl/addr_A_reg_i_121_n_0
    SLICE_X11Y69         LUT5 (Prop_D5LUT_SLICEL_I2_O)
                                                      0.152     0.555 r  u_ctrl/addr_A_reg_i_144/O
                         net (fo=2, routed)           0.472     1.028    u_ctrl/addr_A_reg_i_144_n_0
    SLICE_X11Y69         LUT6 (Prop_G6LUT_SLICEL_I3_O)
                                                      0.226     1.254 r  u_ctrl/addr_A_reg_i_111/O
                         net (fo=3, routed)           0.254     1.508    u_ctrl/addr_A_reg_i_111_n_0
    SLICE_X11Y69         LUT6 (Prop_C6LUT_SLICEL_I1_O)
                                                      0.221     1.729 r  u_ctrl/addr_A_reg_i_110/O
                         net (fo=1, routed)           0.300     2.029    u_ctrl/addr_A_reg_i_110_n_0
    SLICE_X12Y68         LUT6 (Prop_E6LUT_SLICEM_I0_O)
                                                      0.138     2.167 r  u_ctrl/addr_A_reg_i_78/O
                         net (fo=1, routed)           0.018     2.185    u_ctrl/addr_A_reg_i_78_n_0
    SLICE_X12Y68         CARRY8 (Prop_CARRY8_SLICEM_S[4]_CO[7])
                                                      0.236     2.421 f  u_ctrl/addr_A_reg_i_54/CO[7]
                         net (fo=1, routed)           0.030     2.451    u_ctrl/addr_A_reg_i_54_n_0
    SLICE_X12Y69         CARRY8 (Prop_CARRY8_SLICEM_CI_CO[2])
                                                      0.079     2.530 f  u_ctrl/addr_A_reg_i_25/CO[2]
                         net (fo=19, routed)          0.223     2.753    u_ctrl/last_n_tile
    SLICE_X13Y69         LUT4 (Prop_C5LUT_SLICEM_I3_O)
                                                      0.193     2.946 r  u_ctrl/addr_B_reg_i_16/O
                         net (fo=2, routed)           0.495     3.441    u_ctrl/addr_B_reg_i_16_n_0
    SLICE_X13Y69         FDRE                                         r  u_ctrl/n_tile_cnt_reg[1]/D
  -------------------------------------------------------------------    -------------------

                         (clock sys_clk rise edge)    0.000     0.000 r  
                                                      0.000     0.000 r  clk (IN)
                         net (fo=1070, unset)         0.031     0.031    u_ctrl/clk
    SLICE_X13Y69         FDRE                                         r  u_ctrl/n_tile_cnt_reg[1]/C

Slack:                    inf
  Source:                 N_size[5]
                            (input port)
  Destination:            u_ctrl/m_tile_cnt_reg[0]/CE
                            (rising edge-triggered cell FDRE clocked by sys_clk  {rise@0.000ns fall@5.000ns period=10.000ns})
  Path Group:             (none)
  Path Type:              Setup (Max at Slow Process Corner)
  Data Path Delay:        3.393ns  (logic 1.459ns (42.996%)  route 1.934ns (57.004%))
  Logic Levels:           8  (CARRY8=2 LUT5=2 LUT6=4)
  Clock Path Skew:        0.029ns (DCD - SCD + CPR)
    Destination Clock Delay (DCD):    0.029ns
    Source Clock Delay      (SCD):    0.000ns
    Clock Pessimism Removal (CPR):    0.000ns
  Clock Uncertainty:      0.025ns  ((TSJ^2 + TIJ^2)^1/2 + DJ) / 2 + PE
    Total System Jitter     (TSJ):    0.050ns
    Total Input Jitter      (TIJ):    0.000ns
    Discrete Jitter          (DJ):    0.000ns
    Phase Error              (PE):    0.000ns

    Location             Delay type                Incr(ns)  Path(ns)    Netlist Resource(s)
  -------------------------------------------------------------------    -------------------
                                                      0.000     0.000 r  N_size[5] (IN)
                         net (fo=8, unset)            0.000     0.000    u_ctrl/N_size[5]
    SLICE_X11Y67         LUT6 (Prop_D6LUT_SLICEL_I0_O)
                                                      0.221     0.221 r  u_ctrl/addr_A_reg_i_121/O
                         net (fo=8, routed)           0.182     0.403    u_ctrl/addr_A_reg_i_121_n_0
    SLICE_X11Y69         LUT5 (Prop_D5LUT_SLICEL_I2_O)
                                                      0.152     0.555 r  u_ctrl/addr_A_reg_i_144/O
                         net (fo=2, routed)           0.472     1.028    u_ctrl/addr_A_reg_i_144_n_0
    SLICE_X11Y69         LUT6 (Prop_G6LUT_SLICEL_I3_O)
                                                      0.226     1.254 r  u_ctrl/addr_A_reg_i_111/O
                         net (fo=3, routed)           0.254     1.508    u_ctrl/addr_A_reg_i_111_n_0
    SLICE_X11Y69         LUT6 (Prop_C6LUT_SLICEL_I1_O)
                                                      0.221     1.729 r  u_ctrl/addr_A_reg_i_110/O
                         net (fo=1, routed)           0.300     2.029    u_ctrl/addr_A_reg_i_110_n_0
    SLICE_X12Y68         LUT6 (Prop_E6LUT_SLICEM_I0_O)
                                                      0.138     2.167 r  u_ctrl/addr_A_reg_i_78/O
                         net (fo=1, routed)           0.018     2.185    u_ctrl/addr_A_reg_i_78_n_0
    SLICE_X12Y68         CARRY8 (Prop_CARRY8_SLICEM_S[4]_CO[7])
                                                      0.236     2.421 r  u_ctrl/addr_A_reg_i_54/CO[7]
                         net (fo=1, routed)           0.030     2.451    u_ctrl/addr_A_reg_i_54_n_0
    SLICE_X12Y69         CARRY8 (Prop_CARRY8_SLICEM_CI_CO[2])
                                                      0.079     2.530 r  u_ctrl/addr_A_reg_i_25/CO[2]
                         net (fo=19, routed)          0.327     2.857    u_ctrl/last_n_tile
    SLICE_X13Y71         LUT5 (Prop_G6LUT_SLICEM_I3_O)
                                                      0.186     3.043 r  u_ctrl/addr_A_reg_i_1/O
                         net (fo=17, routed)          0.350     3.393    u_ctrl/CEA2
    SLICE_X15Y69         FDRE                                         r  u_ctrl/m_tile_cnt_reg[0]/CE
  -------------------------------------------------------------------    -------------------

                         (clock sys_clk rise edge)    0.000     0.000 r  
                                                      0.000     0.000 r  clk (IN)
                         net (fo=1070, unset)         0.029     0.029    u_ctrl/clk
    SLICE_X15Y69         FDRE                                         r  u_ctrl/m_tile_cnt_reg[0]/C

Slack:                    inf
  Source:                 N_size[5]
                            (input port)
  Destination:            u_ctrl/n_tile_cnt_reg[11]/D
                            (rising edge-triggered cell FDRE clocked by sys_clk  {rise@0.000ns fall@5.000ns period=10.000ns})
  Path Group:             (none)
  Path Type:              Setup (Max at Slow Process Corner)
  Data Path Delay:        3.366ns  (logic 1.472ns (43.728%)  route 1.894ns (56.272%))
  Logic Levels:           8  (CARRY8=2 LUT4=1 LUT5=1 LUT6=4)
  Clock Path Skew:        0.031ns (DCD - SCD + CPR)
    Destination Clock Delay (DCD):    0.031ns
    Source Clock Delay      (SCD):    0.000ns
    Clock Pessimism Removal (CPR):    0.000ns
  Clock Uncertainty:      0.025ns  ((TSJ^2 + TIJ^2)^1/2 + DJ) / 2 + PE
    Total System Jitter     (TSJ):    0.050ns
    Total Input Jitter      (TIJ):    0.000ns
    Discrete Jitter          (DJ):    0.000ns
    Phase Error              (PE):    0.000ns

    Location             Delay type                Incr(ns)  Path(ns)    Netlist Resource(s)
  -------------------------------------------------------------------    -------------------
                                                      0.000     0.000 r  N_size[5] (IN)
                         net (fo=8, unset)            0.000     0.000    u_ctrl/N_size[5]
    SLICE_X11Y67         LUT6 (Prop_D6LUT_SLICEL_I0_O)
                                                      0.221     0.221 r  u_ctrl/addr_A_reg_i_121/O
                         net (fo=8, routed)           0.182     0.403    u_ctrl/addr_A_reg_i_121_n_0
    SLICE_X11Y69         LUT5 (Prop_D5LUT_SLICEL_I2_O)
                                                      0.152     0.555 r  u_ctrl/addr_A_reg_i_144/O
                         net (fo=2, routed)           0.472     1.028    u_ctrl/addr_A_reg_i_144_n_0
    SLICE_X11Y69         LUT6 (Prop_G6LUT_SLICEL_I3_O)
                                                      0.226     1.254 r  u_ctrl/addr_A_reg_i_111/O
                         net (fo=3, routed)           0.254     1.508    u_ctrl/addr_A_reg_i_111_n_0
    SLICE_X11Y69         LUT6 (Prop_C6LUT_SLICEL_I1_O)
                                                      0.221     1.729 r  u_ctrl/addr_A_reg_i_110/O
                         net (fo=1, routed)           0.300     2.029    u_ctrl/addr_A_reg_i_110_n_0
    SLICE_X12Y68         LUT6 (Prop_E6LUT_SLICEM_I0_O)
                                                      0.138     2.167 r  u_ctrl/addr_A_reg_i_78/O
                         net (fo=1, routed)           0.018     2.185    u_ctrl/addr_A_reg_i_78_n_0
    SLICE_X12Y68         CARRY8 (Prop_CARRY8_SLICEM_S[4]_CO[7])
                                                      0.236     2.421 f  u_ctrl/addr_A_reg_i_54/CO[7]
                         net (fo=1, routed)           0.030     2.451    u_ctrl/addr_A_reg_i_54_n_0
    SLICE_X12Y69         CARRY8 (Prop_CARRY8_SLICEM_CI_CO[2])
                                                      0.079     2.530 f  u_ctrl/addr_A_reg_i_25/CO[2]
                         net (fo=19, routed)          0.304     2.833    u_ctrl/last_n_tile
    SLICE_X12Y70         LUT4 (Prop_B5LUT_SLICEM_I3_O)
                                                      0.199     3.032 r  u_ctrl/addr_B_reg_i_6/O
                         net (fo=2, routed)           0.334     3.366    u_ctrl/addr_B_reg_i_6_n_0
    SLICE_X12Y70         FDRE                                         r  u_ctrl/n_tile_cnt_reg[11]/D
  -------------------------------------------------------------------    -------------------

                         (clock sys_clk rise edge)    0.000     0.000 r  
                                                      0.000     0.000 r  clk (IN)
                         net (fo=1070, unset)         0.031     0.031    u_ctrl/clk
    SLICE_X12Y70         FDRE                                         r  u_ctrl/n_tile_cnt_reg[11]/C

Slack:                    inf
  Source:                 N_size[5]
                            (input port)
  Destination:            u_ctrl/m_tile_cnt_reg[10]/CE
                            (rising edge-triggered cell FDRE clocked by sys_clk  {rise@0.000ns fall@5.000ns period=10.000ns})
  Path Group:             (none)
  Path Type:              Setup (Max at Slow Process Corner)
  Data Path Delay:        3.359ns  (logic 1.459ns (43.436%)  route 1.900ns (56.564%))
  Logic Levels:           8  (CARRY8=2 LUT5=2 LUT6=4)
  Clock Path Skew:        0.031ns (DCD - SCD + CPR)
    Destination Clock Delay (DCD):    0.031ns
    Source Clock Delay      (SCD):    0.000ns
    Clock Pessimism Removal (CPR):    0.000ns
  Clock Uncertainty:      0.025ns  ((TSJ^2 + TIJ^2)^1/2 + DJ) / 2 + PE
    Total System Jitter     (TSJ):    0.050ns
    Total Input Jitter      (TIJ):    0.000ns
    Discrete Jitter          (DJ):    0.000ns
    Phase Error              (PE):    0.000ns

    Location             Delay type                Incr(ns)  Path(ns)    Netlist Resource(s)
  -------------------------------------------------------------------    -------------------
                                                      0.000     0.000 r  N_size[5] (IN)
                         net (fo=8, unset)            0.000     0.000    u_ctrl/N_size[5]
    SLICE_X11Y67         LUT6 (Prop_D6LUT_SLICEL_I0_O)
                                                      0.221     0.221 r  u_ctrl/addr_A_reg_i_121/O
                         net (fo=8, routed)           0.182     0.403    u_ctrl/addr_A_reg_i_121_n_0
    SLICE_X11Y69         LUT5 (Prop_D5LUT_SLICEL_I2_O)
                                                      0.152     0.555 r  u_ctrl/addr_A_reg_i_144/O
                         net (fo=2, routed)           0.472     1.028    u_ctrl/addr_A_reg_i_144_n_0
    SLICE_X11Y69         LUT6 (Prop_G6LUT_SLICEL_I3_O)
                                                      0.226     1.254 r  u_ctrl/addr_A_reg_i_111/O
                         net (fo=3, routed)           0.254     1.508    u_ctrl/addr_A_reg_i_111_n_0
    SLICE_X11Y69         LUT6 (Prop_C6LUT_SLICEL_I1_O)
                                                      0.221     1.729 r  u_ctrl/addr_A_reg_i_110/O
                         net (fo=1, routed)           0.300     2.029    u_ctrl/addr_A_reg_i_110_n_0
    SLICE_X12Y68         LUT6 (Prop_E6LUT_SLICEM_I0_O)
                                                      0.138     2.167 r  u_ctrl/addr_A_reg_i_78/O
                         net (fo=1, routed)           0.018     2.185    u_ctrl/addr_A_reg_i_78_n_0
    SLICE_X12Y68         CARRY8 (Prop_CARRY8_SLICEM_S[4]_CO[7])
                                                      0.236     2.421 r  u_ctrl/addr_A_reg_i_54/CO[7]
                         net (fo=1, routed)           0.030     2.451    u_ctrl/addr_A_reg_i_54_n_0
    SLICE_X12Y69         CARRY8 (Prop_CARRY8_SLICEM_CI_CO[2])
                                                      0.079     2.530 r  u_ctrl/addr_A_reg_i_25/CO[2]
                         net (fo=19, routed)          0.327     2.857    u_ctrl/last_n_tile
    SLICE_X13Y71         LUT5 (Prop_G6LUT_SLICEM_I3_O)
                                                      0.186     3.043 r  u_ctrl/addr_A_reg_i_1/O
                         net (fo=17, routed)          0.316     3.359    u_ctrl/CEA2
    SLICE_X13Y69         FDRE                                         r  u_ctrl/m_tile_cnt_reg[10]/CE
  -------------------------------------------------------------------    -------------------

                         (clock sys_clk rise edge)    0.000     0.000 r  
                                                      0.000     0.000 r  clk (IN)
                         net (fo=1070, unset)         0.031     0.031    u_ctrl/clk
    SLICE_X13Y69         FDRE                                         r  u_ctrl/m_tile_cnt_reg[10]/C

Slack:                    inf
  Source:                 N_size[5]
                            (input port)
  Destination:            u_ctrl/m_tile_cnt_reg[3]/CE
                            (rising edge-triggered cell FDRE clocked by sys_clk  {rise@0.000ns fall@5.000ns period=10.000ns})
  Path Group:             (none)
  Path Type:              Setup (Max at Slow Process Corner)
  Data Path Delay:        3.359ns  (logic 1.459ns (43.436%)  route 1.900ns (56.564%))
  Logic Levels:           8  (CARRY8=2 LUT5=2 LUT6=4)
  Clock Path Skew:        0.029ns (DCD - SCD + CPR)
    Destination Clock Delay (DCD):    0.029ns
    Source Clock Delay      (SCD):    0.000ns
    Clock Pessimism Removal (CPR):    0.000ns
  Clock Uncertainty:      0.025ns  ((TSJ^2 + TIJ^2)^1/2 + DJ) / 2 + PE
    Total System Jitter     (TSJ):    0.050ns
    Total Input Jitter      (TIJ):    0.000ns
    Discrete Jitter          (DJ):    0.000ns
    Phase Error              (PE):    0.000ns

    Location             Delay type                Incr(ns)  Path(ns)    Netlist Resource(s)
  -------------------------------------------------------------------    -------------------
                                                      0.000     0.000 r  N_size[5] (IN)
                         net (fo=8, unset)            0.000     0.000    u_ctrl/N_size[5]
    SLICE_X11Y67         LUT6 (Prop_D6LUT_SLICEL_I0_O)
                                                      0.221     0.221 r  u_ctrl/addr_A_reg_i_121/O
                         net (fo=8, routed)           0.182     0.403    u_ctrl/addr_A_reg_i_121_n_0
    SLICE_X11Y69         LUT5 (Prop_D5LUT_SLICEL_I2_O)
                                                      0.152     0.555 r  u_ctrl/addr_A_reg_i_144/O
                         net (fo=2, routed)           0.472     1.028    u_ctrl/addr_A_reg_i_144_n_0
    SLICE_X11Y69         LUT6 (Prop_G6LUT_SLICEL_I3_O)
                                                      0.226     1.254 r  u_ctrl/addr_A_reg_i_111/O
                         net (fo=3, routed)           0.254     1.508    u_ctrl/addr_A_reg_i_111_n_0
    SLICE_X11Y69         LUT6 (Prop_C6LUT_SLICEL_I1_O)
                                                      0.221     1.729 r  u_ctrl/addr_A_reg_i_110/O
                         net (fo=1, routed)           0.300     2.029    u_ctrl/addr_A_reg_i_110_n_0
    SLICE_X12Y68         LUT6 (Prop_E6LUT_SLICEM_I0_O)
                                                      0.138     2.167 r  u_ctrl/addr_A_reg_i_78/O
                         net (fo=1, routed)           0.018     2.185    u_ctrl/addr_A_reg_i_78_n_0
    SLICE_X12Y68         CARRY8 (Prop_CARRY8_SLICEM_S[4]_CO[7])
                                                      0.236     2.421 r  u_ctrl/addr_A_reg_i_54/CO[7]
                         net (fo=1, routed)           0.030     2.451    u_ctrl/addr_A_reg_i_54_n_0
    SLICE_X12Y69         CARRY8 (Prop_CARRY8_SLICEM_CI_CO[2])
                                                      0.079     2.530 r  u_ctrl/addr_A_reg_i_25/CO[2]
                         net (fo=19, routed)          0.327     2.857    u_ctrl/last_n_tile
    SLICE_X13Y71         LUT5 (Prop_G6LUT_SLICEM_I3_O)
                                                      0.186     3.043 r  u_ctrl/addr_A_reg_i_1/O
                         net (fo=17, routed)          0.316     3.359    u_ctrl/CEA2
    SLICE_X14Y69         FDRE                                         r  u_ctrl/m_tile_cnt_reg[3]/CE
  -------------------------------------------------------------------    -------------------

                         (clock sys_clk rise edge)    0.000     0.000 r  
                                                      0.000     0.000 r  clk (IN)
                         net (fo=1070, unset)         0.029     0.029    u_ctrl/clk
    SLICE_X14Y69         FDRE                                         r  u_ctrl/m_tile_cnt_reg[3]/C

Slack:                    inf
  Source:                 N_size[5]
                            (input port)
  Destination:            u_ctrl/m_tile_cnt_reg[5]/CE
                            (rising edge-triggered cell FDRE clocked by sys_clk  {rise@0.000ns fall@5.000ns period=10.000ns})
  Path Group:             (none)
  Path Type:              Setup (Max at Slow Process Corner)
  Data Path Delay:        3.359ns  (logic 1.459ns (43.436%)  route 1.900ns (56.564%))
  Logic Levels:           8  (CARRY8=2 LUT5=2 LUT6=4)
  Clock Path Skew:        0.029ns (DCD - SCD + CPR)
    Destination Clock Delay (DCD):    0.029ns
    Source Clock Delay      (SCD):    0.000ns
    Clock Pessimism Removal (CPR):    0.000ns
  Clock Uncertainty:      0.025ns  ((TSJ^2 + TIJ^2)^1/2 + DJ) / 2 + PE
    Total System Jitter     (TSJ):    0.050ns
    Total Input Jitter      (TIJ):    0.000ns
    Discrete Jitter          (DJ):    0.000ns
    Phase Error              (PE):    0.000ns

    Location             Delay type                Incr(ns)  Path(ns)    Netlist Resource(s)
  -------------------------------------------------------------------    -------------------
                                                      0.000     0.000 r  N_size[5] (IN)
                         net (fo=8, unset)            0.000     0.000    u_ctrl/N_size[5]
    SLICE_X11Y67         LUT6 (Prop_D6LUT_SLICEL_I0_O)
                                                      0.221     0.221 r  u_ctrl/addr_A_reg_i_121/O
                         net (fo=8, routed)           0.182     0.403    u_ctrl/addr_A_reg_i_121_n_0
    SLICE_X11Y69         LUT5 (Prop_D5LUT_SLICEL_I2_O)
                                                      0.152     0.555 r  u_ctrl/addr_A_reg_i_144/O
                         net (fo=2, routed)           0.472     1.028    u_ctrl/addr_A_reg_i_144_n_0
    SLICE_X11Y69         LUT6 (Prop_G6LUT_SLICEL_I3_O)
                                                      0.226     1.254 r  u_ctrl/addr_A_reg_i_111/O
                         net (fo=3, routed)           0.254     1.508    u_ctrl/addr_A_reg_i_111_n_0
    SLICE_X11Y69         LUT6 (Prop_C6LUT_SLICEL_I1_O)
                                                      0.221     1.729 r  u_ctrl/addr_A_reg_i_110/O
                         net (fo=1, routed)           0.300     2.029    u_ctrl/addr_A_reg_i_110_n_0
    SLICE_X12Y68         LUT6 (Prop_E6LUT_SLICEM_I0_O)
                                                      0.138     2.167 r  u_ctrl/addr_A_reg_i_78/O
                         net (fo=1, routed)           0.018     2.185    u_ctrl/addr_A_reg_i_78_n_0
    SLICE_X12Y68         CARRY8 (Prop_CARRY8_SLICEM_S[4]_CO[7])
                                                      0.236     2.421 r  u_ctrl/addr_A_reg_i_54/CO[7]
                         net (fo=1, routed)           0.030     2.451    u_ctrl/addr_A_reg_i_54_n_0
    SLICE_X12Y69         CARRY8 (Prop_CARRY8_SLICEM_CI_CO[2])
                                                      0.079     2.530 r  u_ctrl/addr_A_reg_i_25/CO[2]
                         net (fo=19, routed)          0.327     2.857    u_ctrl/last_n_tile
    SLICE_X13Y71         LUT5 (Prop_G6LUT_SLICEM_I3_O)
                                                      0.186     3.043 r  u_ctrl/addr_A_reg_i_1/O
                         net (fo=17, routed)          0.316     3.359    u_ctrl/CEA2
    SLICE_X14Y69         FDRE                                         r  u_ctrl/m_tile_cnt_reg[5]/CE
  -------------------------------------------------------------------    -------------------

                         (clock sys_clk rise edge)    0.000     0.000 r  
                                                      0.000     0.000 r  clk (IN)
                         net (fo=1070, unset)         0.029     0.029    u_ctrl/clk
    SLICE_X14Y69         FDRE                                         r  u_ctrl/m_tile_cnt_reg[5]/C

Slack:                    inf
  Source:                 N_size[5]
                            (input port)
  Destination:            u_ctrl/m_tile_cnt_reg[9]/CE
                            (rising edge-triggered cell FDRE clocked by sys_clk  {rise@0.000ns fall@5.000ns period=10.000ns})
  Path Group:             (none)
  Path Type:              Setup (Max at Slow Process Corner)
  Data Path Delay:        3.359ns  (logic 1.459ns (43.436%)  route 1.900ns (56.564%))
  Logic Levels:           8  (CARRY8=2 LUT5=2 LUT6=4)
  Clock Path Skew:        0.029ns (DCD - SCD + CPR)
    Destination Clock Delay (DCD):    0.029ns
    Source Clock Delay      (SCD):    0.000ns
    Clock Pessimism Removal (CPR):    0.000ns
  Clock Uncertainty:      0.025ns  ((TSJ^2 + TIJ^2)^1/2 + DJ) / 2 + PE
    Total System Jitter     (TSJ):    0.050ns
    Total Input Jitter      (TIJ):    0.000ns
    Discrete Jitter          (DJ):    0.000ns
    Phase Error              (PE):    0.000ns

    Location             Delay type                Incr(ns)  Path(ns)    Netlist Resource(s)
  -------------------------------------------------------------------    -------------------
                                                      0.000     0.000 r  N_size[5] (IN)
                         net (fo=8, unset)            0.000     0.000    u_ctrl/N_size[5]
    SLICE_X11Y67         LUT6 (Prop_D6LUT_SLICEL_I0_O)
                                                      0.221     0.221 r  u_ctrl/addr_A_reg_i_121/O
                         net (fo=8, routed)           0.182     0.403    u_ctrl/addr_A_reg_i_121_n_0
    SLICE_X11Y69         LUT5 (Prop_D5LUT_SLICEL_I2_O)
                                                      0.152     0.555 r  u_ctrl/addr_A_reg_i_144/O
                         net (fo=2, routed)           0.472     1.028    u_ctrl/addr_A_reg_i_144_n_0
    SLICE_X11Y69         LUT6 (Prop_G6LUT_SLICEL_I3_O)
                                                      0.226     1.254 r  u_ctrl/addr_A_reg_i_111/O
                         net (fo=3, routed)           0.254     1.508    u_ctrl/addr_A_reg_i_111_n_0
    SLICE_X11Y69         LUT6 (Prop_C6LUT_SLICEL_I1_O)
                                                      0.221     1.729 r  u_ctrl/addr_A_reg_i_110/O
                         net (fo=1, routed)           0.300     2.029    u_ctrl/addr_A_reg_i_110_n_0
    SLICE_X12Y68         LUT6 (Prop_E6LUT_SLICEM_I0_O)
                                                      0.138     2.167 r  u_ctrl/addr_A_reg_i_78/O
                         net (fo=1, routed)           0.018     2.185    u_ctrl/addr_A_reg_i_78_n_0
    SLICE_X12Y68         CARRY8 (Prop_CARRY8_SLICEM_S[4]_CO[7])
                                                      0.236     2.421 r  u_ctrl/addr_A_reg_i_54/CO[7]
                         net (fo=1, routed)           0.030     2.451    u_ctrl/addr_A_reg_i_54_n_0
    SLICE_X12Y69         CARRY8 (Prop_CARRY8_SLICEM_CI_CO[2])
                                                      0.079     2.530 r  u_ctrl/addr_A_reg_i_25/CO[2]
                         net (fo=19, routed)          0.327     2.857    u_ctrl/last_n_tile
    SLICE_X13Y71         LUT5 (Prop_G6LUT_SLICEM_I3_O)
                                                      0.186     3.043 r  u_ctrl/addr_A_reg_i_1/O
                         net (fo=17, routed)          0.316     3.359    u_ctrl/CEA2
    SLICE_X14Y69         FDRE                                         r  u_ctrl/m_tile_cnt_reg[9]/CE
  -------------------------------------------------------------------    -------------------

                         (clock sys_clk rise edge)    0.000     0.000 r  
                                                      0.000     0.000 r  clk (IN)
                         net (fo=1070, unset)         0.029     0.029    u_ctrl/clk
    SLICE_X14Y69         FDRE                                         r  u_ctrl/m_tile_cnt_reg[9]/C

Slack:                    inf
  Source:                 N_size[5]
                            (input port)
  Destination:            u_ctrl/m_tile_cnt_reg[2]/CE
                            (rising edge-triggered cell FDRE clocked by sys_clk  {rise@0.000ns fall@5.000ns period=10.000ns})
  Path Group:             (none)
  Path Type:              Setup (Max at Slow Process Corner)
  Data Path Delay:        3.357ns  (logic 1.459ns (43.462%)  route 1.898ns (56.538%))
  Logic Levels:           8  (CARRY8=2 LUT5=2 LUT6=4)
  Clock Path Skew:        0.029ns (DCD - SCD + CPR)
    Destination Clock Delay (DCD):    0.029ns
    Source Clock Delay      (SCD):    0.000ns
    Clock Pessimism Removal (CPR):    0.000ns
  Clock Uncertainty:      0.025ns  ((TSJ^2 + TIJ^2)^1/2 + DJ) / 2 + PE
    Total System Jitter     (TSJ):    0.050ns
    Total Input Jitter      (TIJ):    0.000ns
    Discrete Jitter          (DJ):    0.000ns
    Phase Error              (PE):    0.000ns

    Location             Delay type                Incr(ns)  Path(ns)    Netlist Resource(s)
  -------------------------------------------------------------------    -------------------
                                                      0.000     0.000 r  N_size[5] (IN)
                         net (fo=8, unset)            0.000     0.000    u_ctrl/N_size[5]
    SLICE_X11Y67         LUT6 (Prop_D6LUT_SLICEL_I0_O)
                                                      0.221     0.221 r  u_ctrl/addr_A_reg_i_121/O
                         net (fo=8, routed)           0.182     0.403    u_ctrl/addr_A_reg_i_121_n_0
    SLICE_X11Y69         LUT5 (Prop_D5LUT_SLICEL_I2_O)
                                                      0.152     0.555 r  u_ctrl/addr_A_reg_i_144/O
                         net (fo=2, routed)           0.472     1.028    u_ctrl/addr_A_reg_i_144_n_0
    SLICE_X11Y69         LUT6 (Prop_G6LUT_SLICEL_I3_O)
                                                      0.226     1.254 r  u_ctrl/addr_A_reg_i_111/O
                         net (fo=3, routed)           0.254     1.508    u_ctrl/addr_A_reg_i_111_n_0
    SLICE_X11Y69         LUT6 (Prop_C6LUT_SLICEL_I1_O)
                                                      0.221     1.729 r  u_ctrl/addr_A_reg_i_110/O
                         net (fo=1, routed)           0.300     2.029    u_ctrl/addr_A_reg_i_110_n_0
    SLICE_X12Y68         LUT6 (Prop_E6LUT_SLICEM_I0_O)
                                                      0.138     2.167 r  u_ctrl/addr_A_reg_i_78/O
                         net (fo=1, routed)           0.018     2.185    u_ctrl/addr_A_reg_i_78_n_0
    SLICE_X12Y68         CARRY8 (Prop_CARRY8_SLICEM_S[4]_CO[7])
                                                      0.236     2.421 r  u_ctrl/addr_A_reg_i_54/CO[7]
                         net (fo=1, routed)           0.030     2.451    u_ctrl/addr_A_reg_i_54_n_0
    SLICE_X12Y69         CARRY8 (Prop_CARRY8_SLICEM_CI_CO[2])
                                                      0.079     2.530 r  u_ctrl/addr_A_reg_i_25/CO[2]
                         net (fo=19, routed)          0.327     2.857    u_ctrl/last_n_tile
    SLICE_X13Y71         LUT5 (Prop_G6LUT_SLICEM_I3_O)
                                                      0.186     3.043 r  u_ctrl/addr_A_reg_i_1/O
                         net (fo=17, routed)          0.314     3.357    u_ctrl/CEA2
    SLICE_X14Y69         FDRE                                         r  u_ctrl/m_tile_cnt_reg[2]/CE
  -------------------------------------------------------------------    -------------------

                         (clock sys_clk rise edge)    0.000     0.000 r  
                                                      0.000     0.000 r  clk (IN)
                         net (fo=1070, unset)         0.029     0.029    u_ctrl/clk
    SLICE_X14Y69         FDRE                                         r  u_ctrl/m_tile_cnt_reg[2]/C





Min Delay Paths
--------------------------------------------------------------------------------------
Slack:                    inf
  Source:                 data_A[11]
                            (input port)
  Destination:            u_ctrl/skew[1].u_act/pipe_reg[0][3]/D
                            (rising edge-triggered cell FDRE clocked by sys_clk  {rise@0.000ns fall@5.000ns period=10.000ns})
  Path Group:             (none)
  Path Type:              Hold (Min at Fast Process Corner)
  Data Path Delay:        0.050ns  (logic 0.043ns (86.000%)  route 0.007ns (14.000%))
  Logic Levels:           1  (LUT2=1)
  Clock Path Skew:        0.019ns (DCD - SCD - CPR)
    Destination Clock Delay (DCD):    0.019ns
    Source Clock Delay      (SCD):    0.000ns
    Clock Pessimism Removal (CPR):    -0.000ns

    Location             Delay type                Incr(ns)  Path(ns)    Netlist Resource(s)
  -------------------------------------------------------------------    -------------------
                                                      0.000     0.000 r  data_A[11] (IN)
                         net (fo=0)                   0.000     0.000    u_ctrl/skew[1].u_act/data_A[3]
    SLICE_X15Y61         LUT2 (Prop_D5LUT_SLICEL_I1_O)
                                                      0.043     0.043 r  u_ctrl/skew[1].u_act/pipe[0][3]_i_1/O
                         net (fo=1, routed)           0.007     0.050    u_ctrl/skew[1].u_act/din0[3]
    SLICE_X15Y61         FDRE                                         r  u_ctrl/skew[1].u_act/pipe_reg[0][3]/D
  -------------------------------------------------------------------    -------------------

                         (clock sys_clk rise edge)    0.000     0.000 r  
                                                      0.000     0.000 r  clk (IN)
                         net (fo=1070, unset)         0.019     0.019    u_ctrl/skew[1].u_act/clk
    SLICE_X15Y61         FDRE                                         r  u_ctrl/skew[1].u_act/pipe_reg[0][3]/C

Slack:                    inf
  Source:                 data_A[13]
                            (input port)
  Destination:            u_ctrl/skew[1].u_act/pipe_reg[0][5]/D
                            (rising edge-triggered cell FDRE clocked by sys_clk  {rise@0.000ns fall@5.000ns period=10.000ns})
  Path Group:             (none)
  Path Type:              Hold (Min at Fast Process Corner)
  Data Path Delay:        0.050ns  (logic 0.043ns (86.000%)  route 0.007ns (14.000%))
  Logic Levels:           1  (LUT2=1)
  Clock Path Skew:        0.019ns (DCD - SCD - CPR)
    Destination Clock Delay (DCD):    0.019ns
    Source Clock Delay      (SCD):    0.000ns
    Clock Pessimism Removal (CPR):    -0.000ns

    Location             Delay type                Incr(ns)  Path(ns)    Netlist Resource(s)
  -------------------------------------------------------------------    -------------------
                                                      0.000     0.000 r  data_A[13] (IN)
                         net (fo=0)                   0.000     0.000    u_ctrl/skew[1].u_act/data_A[5]
    SLICE_X15Y62         LUT2 (Prop_D5LUT_SLICEL_I1_O)
                                                      0.043     0.043 r  u_ctrl/skew[1].u_act/pipe[0][5]_i_1/O
                         net (fo=1, routed)           0.007     0.050    u_ctrl/skew[1].u_act/din0[5]
    SLICE_X15Y62         FDRE                                         r  u_ctrl/skew[1].u_act/pipe_reg[0][5]/D
  -------------------------------------------------------------------    -------------------

                         (clock sys_clk rise edge)    0.000     0.000 r  
                                                      0.000     0.000 r  clk (IN)
                         net (fo=1070, unset)         0.019     0.019    u_ctrl/skew[1].u_act/clk
    SLICE_X15Y62         FDRE                                         r  u_ctrl/skew[1].u_act/pipe_reg[0][5]/C

Slack:                    inf
  Source:                 data_A[15]
                            (input port)
  Destination:            u_ctrl/skew[1].u_act/pipe_reg[0][7]/D
                            (rising edge-triggered cell FDRE clocked by sys_clk  {rise@0.000ns fall@5.000ns period=10.000ns})
  Path Group:             (none)
  Path Type:              Hold (Min at Fast Process Corner)
  Data Path Delay:        0.050ns  (logic 0.043ns (86.000%)  route 0.007ns (14.000%))
  Logic Levels:           1  (LUT2=1)
  Clock Path Skew:        0.019ns (DCD - SCD - CPR)
    Destination Clock Delay (DCD):    0.019ns
    Source Clock Delay      (SCD):    0.000ns
    Clock Pessimism Removal (CPR):    -0.000ns

    Location             Delay type                Incr(ns)  Path(ns)    Netlist Resource(s)
  -------------------------------------------------------------------    -------------------
                                                      0.000     0.000 r  data_A[15] (IN)
                         net (fo=0)                   0.000     0.000    u_ctrl/skew[1].u_act/data_A[7]
    SLICE_X15Y62         LUT2 (Prop_C5LUT_SLICEL_I1_O)
                                                      0.043     0.043 r  u_ctrl/skew[1].u_act/pipe[0][7]_i_1/O
                         net (fo=1, routed)           0.007     0.050    u_ctrl/skew[1].u_act/din0[7]
    SLICE_X15Y62         FDRE                                         r  u_ctrl/skew[1].u_act/pipe_reg[0][7]/D
  -------------------------------------------------------------------    -------------------

                         (clock sys_clk rise edge)    0.000     0.000 r  
                                                      0.000     0.000 r  clk (IN)
                         net (fo=1070, unset)         0.019     0.019    u_ctrl/skew[1].u_act/clk
    SLICE_X15Y62         FDRE                                         r  u_ctrl/skew[1].u_act/pipe_reg[0][7]/C

Slack:                    inf
  Source:                 data_A[19]
                            (input port)
  Destination:            u_ctrl/skew[2].u_act/pipe_reg[0][3]/D
                            (rising edge-triggered cell FDRE clocked by sys_clk  {rise@0.000ns fall@5.000ns period=10.000ns})
  Path Group:             (none)
  Path Type:              Hold (Min at Fast Process Corner)
  Data Path Delay:        0.050ns  (logic 0.043ns (86.000%)  route 0.007ns (14.000%))
  Logic Levels:           1  (LUT2=1)
  Clock Path Skew:        0.019ns (DCD - SCD - CPR)
    Destination Clock Delay (DCD):    0.019ns
    Source Clock Delay      (SCD):    0.000ns
    Clock Pessimism Removal (CPR):    -0.000ns

    Location             Delay type                Incr(ns)  Path(ns)    Netlist Resource(s)
  -------------------------------------------------------------------    -------------------
                                                      0.000     0.000 r  data_A[19] (IN)
                         net (fo=0)                   0.000     0.000    u_ctrl/skew[2].u_act/data_A[3]
    SLICE_X14Y54         LUT2 (Prop_D5LUT_SLICEL_I1_O)
                                                      0.043     0.043 r  u_ctrl/skew[2].u_act/pipe[0][3]_i_1__0/O
                         net (fo=1, routed)           0.007     0.050    u_ctrl/skew[2].u_act/pipe[0][3]_i_1__0_n_0
    SLICE_X14Y54         FDRE                                         r  u_ctrl/skew[2].u_act/pipe_reg[0][3]/D
  -------------------------------------------------------------------    -------------------

                         (clock sys_clk rise edge)    0.000     0.000 r  
                                                      0.000     0.000 r  clk (IN)
                         net (fo=1070, unset)         0.019     0.019    u_ctrl/skew[2].u_act/clk
    SLICE_X14Y54         FDRE                                         r  u_ctrl/skew[2].u_act/pipe_reg[0][3]/C

Slack:                    inf
  Source:                 data_A[23]
                            (input port)
  Destination:            u_ctrl/skew[2].u_act/pipe_reg[0][7]/D
                            (rising edge-triggered cell FDRE clocked by sys_clk  {rise@0.000ns fall@5.000ns period=10.000ns})
  Path Group:             (none)
  Path Type:              Hold (Min at Fast Process Corner)
  Data Path Delay:        0.050ns  (logic 0.043ns (86.000%)  route 0.007ns (14.000%))
  Logic Levels:           1  (LUT2=1)
  Clock Path Skew:        0.019ns (DCD - SCD - CPR)
    Destination Clock Delay (DCD):    0.019ns
    Source Clock Delay      (SCD):    0.000ns
    Clock Pessimism Removal (CPR):    -0.000ns

    Location             Delay type                Incr(ns)  Path(ns)    Netlist Resource(s)
  -------------------------------------------------------------------    -------------------
                                                      0.000     0.000 r  data_A[23] (IN)
                         net (fo=0)                   0.000     0.000    u_ctrl/skew[2].u_act/data_A[7]
    SLICE_X14Y54         LUT2 (Prop_C5LUT_SLICEL_I1_O)
                                                      0.043     0.043 r  u_ctrl/skew[2].u_act/pipe[0][7]_i_1__0/O
                         net (fo=1, routed)           0.007     0.050    u_ctrl/skew[2].u_act/pipe[0][7]_i_1__0_n_0
    SLICE_X14Y54         FDRE                                         r  u_ctrl/skew[2].u_act/pipe_reg[0][7]/D
  -------------------------------------------------------------------    -------------------

                         (clock sys_clk rise edge)    0.000     0.000 r  
                                                      0.000     0.000 r  clk (IN)
                         net (fo=1070, unset)         0.019     0.019    u_ctrl/skew[2].u_act/clk
    SLICE_X14Y54         FDRE                                         r  u_ctrl/skew[2].u_act/pipe_reg[0][7]/C

Slack:                    inf
  Source:                 data_A[27]
                            (input port)
  Destination:            u_ctrl/skew[3].u_act/pipe_reg[0][3]/D
                            (rising edge-triggered cell FDRE clocked by sys_clk  {rise@0.000ns fall@5.000ns period=10.000ns})
  Path Group:             (none)
  Path Type:              Hold (Min at Fast Process Corner)
  Data Path Delay:        0.050ns  (logic 0.043ns (86.000%)  route 0.007ns (14.000%))
  Logic Levels:           1  (LUT2=1)
  Clock Path Skew:        0.019ns (DCD - SCD - CPR)
    Destination Clock Delay (DCD):    0.019ns
    Source Clock Delay      (SCD):    0.000ns
    Clock Pessimism Removal (CPR):    -0.000ns

    Location             Delay type                Incr(ns)  Path(ns)    Netlist Resource(s)
  -------------------------------------------------------------------    -------------------
                                                      0.000     0.000 r  data_A[27] (IN)
                         net (fo=0)                   0.000     0.000    u_ctrl/skew[3].u_act/data_A[3]
    SLICE_X9Y50          LUT2 (Prop_D5LUT_SLICEL_I1_O)
                                                      0.043     0.043 r  u_ctrl/skew[3].u_act/pipe[0][3]_i_1__1/O
                         net (fo=1, routed)           0.007     0.050    u_ctrl/skew[3].u_act/pipe[0][3]_i_1__1_n_0
    SLICE_X9Y50          FDRE                                         r  u_ctrl/skew[3].u_act/pipe_reg[0][3]/D
  -------------------------------------------------------------------    -------------------

                         (clock sys_clk rise edge)    0.000     0.000 r  
                                                      0.000     0.000 r  clk (IN)
                         net (fo=1070, unset)         0.019     0.019    u_ctrl/skew[3].u_act/clk
    SLICE_X9Y50          FDRE                                         r  u_ctrl/skew[3].u_act/pipe_reg[0][3]/C

Slack:                    inf
  Source:                 data_A[29]
                            (input port)
  Destination:            u_ctrl/skew[3].u_act/pipe_reg[0][5]/D
                            (rising edge-triggered cell FDRE clocked by sys_clk  {rise@0.000ns fall@5.000ns period=10.000ns})
  Path Group:             (none)
  Path Type:              Hold (Min at Fast Process Corner)
  Data Path Delay:        0.050ns  (logic 0.043ns (86.000%)  route 0.007ns (14.000%))
  Logic Levels:           1  (LUT2=1)
  Clock Path Skew:        0.019ns (DCD - SCD - CPR)
    Destination Clock Delay (DCD):    0.019ns
    Source Clock Delay      (SCD):    0.000ns
    Clock Pessimism Removal (CPR):    -0.000ns

    Location             Delay type                Incr(ns)  Path(ns)    Netlist Resource(s)
  -------------------------------------------------------------------    -------------------
                                                      0.000     0.000 r  data_A[29] (IN)
                         net (fo=0)                   0.000     0.000    u_ctrl/skew[3].u_act/data_A[5]
    SLICE_X9Y50          LUT2 (Prop_C5LUT_SLICEL_I1_O)
                                                      0.043     0.043 r  u_ctrl/skew[3].u_act/pipe[0][5]_i_1__1/O
                         net (fo=1, routed)           0.007     0.050    u_ctrl/skew[3].u_act/pipe[0][5]_i_1__1_n_0
    SLICE_X9Y50          FDRE                                         r  u_ctrl/skew[3].u_act/pipe_reg[0][5]/D
  -------------------------------------------------------------------    -------------------

                         (clock sys_clk rise edge)    0.000     0.000 r  
                                                      0.000     0.000 r  clk (IN)
                         net (fo=1070, unset)         0.019     0.019    u_ctrl/skew[3].u_act/clk
    SLICE_X9Y50          FDRE                                         r  u_ctrl/skew[3].u_act/pipe_reg[0][5]/C

Slack:                    inf
  Source:                 data_B[27]
                            (input port)
  Destination:            u_ctrl/skew[3].u_wgt/pipe_reg[0][3]/D
                            (rising edge-triggered cell FDRE clocked by sys_clk  {rise@0.000ns fall@5.000ns period=10.000ns})
  Path Group:             (none)
  Path Type:              Hold (Min at Fast Process Corner)
  Data Path Delay:        0.050ns  (logic 0.043ns (86.000%)  route 0.007ns (14.000%))
  Logic Levels:           1  (LUT2=1)
  Clock Path Skew:        0.020ns (DCD - SCD - CPR)
    Destination Clock Delay (DCD):    0.020ns
    Source Clock Delay      (SCD):    0.000ns
    Clock Pessimism Removal (CPR):    -0.000ns

    Location             Delay type                Incr(ns)  Path(ns)    Netlist Resource(s)
  -------------------------------------------------------------------    -------------------
                                                      0.000     0.000 r  data_B[27] (IN)
                         net (fo=0)                   0.000     0.000    u_ctrl/skew[3].u_wgt/data_B[3]
    SLICE_X14Y50         LUT2 (Prop_H5LUT_SLICEL_I1_O)
                                                      0.043     0.043 r  u_ctrl/skew[3].u_wgt/pipe[0][3]_i_1__4/O
                         net (fo=1, routed)           0.007     0.050    u_ctrl/skew[3].u_wgt/pipe[0][3]_i_1__4_n_0
    SLICE_X14Y50         FDRE                                         r  u_ctrl/skew[3].u_wgt/pipe_reg[0][3]/D
  -------------------------------------------------------------------    -------------------

                         (clock sys_clk rise edge)    0.000     0.000 r  
                                                      0.000     0.000 r  clk (IN)
                         net (fo=1070, unset)         0.020     0.020    u_ctrl/skew[3].u_wgt/clk
    SLICE_X14Y50         FDRE                                         r  u_ctrl/skew[3].u_wgt/pipe_reg[0][3]/C

Slack:                    inf
  Source:                 data_A[21]
                            (input port)
  Destination:            u_ctrl/skew[2].u_act/pipe_reg[0][5]/D
                            (rising edge-triggered cell FDRE clocked by sys_clk  {rise@0.000ns fall@5.000ns period=10.000ns})
  Path Group:             (none)
  Path Type:              Hold (Min at Fast Process Corner)
  Data Path Delay:        0.051ns  (logic 0.044ns (86.275%)  route 0.007ns (13.725%))
  Logic Levels:           1  (LUT2=1)
  Clock Path Skew:        0.021ns (DCD - SCD - CPR)
    Destination Clock Delay (DCD):    0.021ns
    Source Clock Delay      (SCD):    0.000ns
    Clock Pessimism Removal (CPR):    -0.000ns

    Location             Delay type                Incr(ns)  Path(ns)    Netlist Resource(s)
  -------------------------------------------------------------------    -------------------
                                                      0.000     0.000 r  data_A[21] (IN)
                         net (fo=0)                   0.000     0.000    u_ctrl/skew[2].u_act/data_A[5]
    SLICE_X13Y49         LUT2 (Prop_H5LUT_SLICEM_I1_O)
                                                      0.044     0.044 r  u_ctrl/skew[2].u_act/pipe[0][5]_i_1__0/O
                         net (fo=1, routed)           0.007     0.051    u_ctrl/skew[2].u_act/pipe[0][5]_i_1__0_n_0
    SLICE_X13Y49         FDRE                                         r  u_ctrl/skew[2].u_act/pipe_reg[0][5]/D
  -------------------------------------------------------------------    -------------------

                         (clock sys_clk rise edge)    0.000     0.000 r  
                                                      0.000     0.000 r  clk (IN)
                         net (fo=1070, unset)         0.021     0.021    u_ctrl/skew[2].u_act/clk
    SLICE_X13Y49         FDRE                                         r  u_ctrl/skew[2].u_act/pipe_reg[0][5]/C

Slack:                    inf
  Source:                 data_B[13]
                            (input port)
  Destination:            u_ctrl/skew[1].u_wgt/pipe_reg[0][5]/D
                            (rising edge-triggered cell FDRE clocked by sys_clk  {rise@0.000ns fall@5.000ns period=10.000ns})
  Path Group:             (none)
  Path Type:              Hold (Min at Fast Process Corner)
  Data Path Delay:        0.054ns  (logic 0.045ns (83.333%)  route 0.009ns (16.667%))
  Logic Levels:           1  (LUT2=1)
  Clock Path Skew:        0.021ns (DCD - SCD - CPR)
    Destination Clock Delay (DCD):    0.021ns
    Source Clock Delay      (SCD):    0.000ns
    Clock Pessimism Removal (CPR):    -0.000ns

    Location             Delay type                Incr(ns)  Path(ns)    Netlist Resource(s)
  -------------------------------------------------------------------    -------------------
                                                      0.000     0.000 r  data_B[13] (IN)
                         net (fo=0)                   0.000     0.000    u_ctrl/skew[1].u_wgt/data_B[5]
    SLICE_X10Y57         LUT2 (Prop_B5LUT_SLICEM_I1_O)
                                                      0.045     0.045 r  u_ctrl/skew[1].u_wgt/pipe[0][5]_i_1__2/O
                         net (fo=1, routed)           0.009     0.054    u_ctrl/skew[1].u_wgt/pipe[0][5]_i_1__2_n_0
    SLICE_X10Y57         FDRE                                         r  u_ctrl/skew[1].u_wgt/pipe_reg[0][5]/D
  -------------------------------------------------------------------    -------------------

                         (clock sys_clk rise edge)    0.000     0.000 r  
                                                      0.000     0.000 r  clk (IN)
                         net (fo=1070, unset)         0.021     0.021    u_ctrl/skew[1].u_wgt/clk
    SLICE_X10Y57         FDRE                                         r  u_ctrl/skew[1].u_wgt/pipe_reg[0][5]/C





