Copyright 1986-2022 Xilinx, Inc. All Rights Reserved. Copyright 2022-2025 Advanced Micro Devices, Inc. All Rights Reserved.
-----------------------------------------------------------------------------------------------------------------------------------------------------------------------------------------------------------------------------------------------------------------------
| Tool Version      : Vivado v.2025.2 (win64) Build 6299465 Fri Nov 14 19:35:11 GMT 2025
| Date              : Tue Jun 16 22:08:21 2026
| Host              : VuDuong-32 running 64-bit major release  (build 9200)
| Command           : report_timing_summary -max_paths 10 -routable_nets -report_unconstrained -file gemm_block_wrapper_timing_summary_routed.rpt -pb gemm_block_wrapper_timing_summary_routed.pb -rpx gemm_block_wrapper_timing_summary_routed.rpx -warn_on_violation
| Design            : gemm_block_wrapper
| Device            : xck26-sfvc784
| Speed File        : -2LV  PRODUCTION 1.30 05-15-2022
| Design State      : Routed
| Temperature Grade : C
-----------------------------------------------------------------------------------------------------------------------------------------------------------------------------------------------------------------------------------------------------------------------

Timing Summary Report

------------------------------------------------------------------------------------------------
| Timer Settings
| --------------
------------------------------------------------------------------------------------------------

  Enable Multi Corner Analysis               :  Yes
  Enable Pessimism Removal                   :  Yes
  Pessimism Removal Resolution               :  Nearest Common Node
  Enable Input Delay Default Clock           :  No
  Enable Preset / Clear Arcs                 :  No
  Disable Flight Delays                      :  No
  Ignore I/O Paths                           :  No
  Timing Early Launch at Borrowing Latches   :  No
  Borrow Time for Max Delay Exceptions       :  Yes
  Merge Timing Exceptions                    :  Yes
  Inter-SLR Compensation                     :  Conservative

  Corner  Analyze    Analyze    
  Name    Max Paths  Min Paths  
  ------  ---------  ---------  
  Slow    Yes        Yes        
  Fast    Yes        Yes        


------------------------------------------------------------------------------------------------
| Report Methodology
| ------------------
------------------------------------------------------------------------------------------------

No report available as report_methodology has not been run prior. Run report_methodology on the current design for the summary of methodology violations.



check_timing report

Table of Contents
-----------------
1. checking no_clock (0)
2. checking constant_clock (0)
3. checking pulse_width_clock (0)
4. checking unconstrained_internal_endpoints (0)
5. checking no_input_delay (0)
6. checking no_output_delay (0)
7. checking multiple_clock (0)
8. checking generated_clocks (0)
9. checking loops (0)
10. checking partial_input_delay (0)
11. checking partial_output_delay (0)
12. checking latch_loops (0)

1. checking no_clock (0)
------------------------
 There are 0 register/latch pins with no clock.


2. checking constant_clock (0)
------------------------------
 There are 0 register/latch pins with constant_clock.


3. checking pulse_width_clock (0)
---------------------------------
 There are 0 register/latch pins which need pulse_width check


4. checking unconstrained_internal_endpoints (0)
------------------------------------------------
 There are 0 pins that are not constrained for maximum delay.

 There are 0 pins that are not constrained for maximum delay due to constant clock.


5. checking no_input_delay (0)
------------------------------
 There are 0 input ports with no input delay specified.

 There are 0 input ports with no input delay but user has a false path constraint.


6. checking no_output_delay (0)
-------------------------------
 There are 0 ports with no output delay specified.

 There are 0 ports with no output delay but user has a false path constraint

 There are 0 ports with no output delay but with a timing clock defined on it or propagating through it


7. checking multiple_clock (0)
------------------------------
 There are 0 register/latch pins with multiple clocks.


8. checking generated_clocks (0)
--------------------------------
 There are 0 generated clocks that are not connected to a clock source.


9. checking loops (0)
---------------------
 There are 0 combinational loops in the design.


10. checking partial_input_delay (0)
------------------------------------
 There are 0 input ports with partial input delay specified.


11. checking partial_output_delay (0)
-------------------------------------
 There are 0 ports with partial output delay specified.


12. checking latch_loops (0)
----------------------------
 There are 0 combinational latch loops in the design through latch input



------------------------------------------------------------------------------------------------
| Design Timing Summary
| ---------------------
------------------------------------------------------------------------------------------------

    WNS(ns)      TNS(ns)  TNS Failing Endpoints  TNS Total Endpoints      WHS(ns)      THS(ns)  THS Failing Endpoints  THS Total Endpoints     WPWS(ns)     TPWS(ns)  TPWS Failing Endpoints  TPWS Total Endpoints  
    -------      -------  ---------------------  -------------------      -------      -------  ---------------------  -------------------     --------     --------  ----------------------  --------------------  
      2.240        0.000                      0               160837        0.010        0.000                      0               160837        3.500        0.000                       0                 38918  


All user specified timing constraints are met.


------------------------------------------------------------------------------------------------
| Clock Summary
| -------------
------------------------------------------------------------------------------------------------

Clock     Waveform(ns)       Period(ns)      Frequency(MHz)
-----     ------------       ----------      --------------
clk_pl_0  {0.000 5.000}      10.000          100.000         
clk_pl_1  {0.000 5.000}      10.000          100.000         


------------------------------------------------------------------------------------------------
| Intra Clock Table
| -----------------
------------------------------------------------------------------------------------------------

Clock             WNS(ns)      TNS(ns)  TNS Failing Endpoints  TNS Total Endpoints      WHS(ns)      THS(ns)  THS Failing Endpoints  THS Total Endpoints     WPWS(ns)     TPWS(ns)  TPWS Failing Endpoints  TPWS Total Endpoints  
-----             -------      -------  ---------------------  -------------------      -------      -------  ---------------------  -------------------     --------     --------  ----------------------  --------------------  
clk_pl_0            2.240        0.000                      0               160837        0.010        0.000                      0               160837        3.500        0.000                       0                 38918  


------------------------------------------------------------------------------------------------
| Inter Clock Table
| -----------------
------------------------------------------------------------------------------------------------

From Clock    To Clock          WNS(ns)      TNS(ns)  TNS Failing Endpoints  TNS Total Endpoints      WHS(ns)      THS(ns)  THS Failing Endpoints  THS Total Endpoints  
----------    --------          -------      -------  ---------------------  -------------------      -------      -------  ---------------------  -------------------  


------------------------------------------------------------------------------------------------
| Other Path Groups Table
| -----------------------
------------------------------------------------------------------------------------------------

Path Group    From Clock    To Clock          WNS(ns)      TNS(ns)  TNS Failing Endpoints  TNS Total Endpoints      WHS(ns)      THS(ns)  THS Failing Endpoints  THS Total Endpoints  
----------    ----------    --------          -------      -------  ---------------------  -------------------      -------      -------  ---------------------  -------------------  


------------------------------------------------------------------------------------------------
| User Ignored Path Table
| -----------------------
------------------------------------------------------------------------------------------------

Path Group    From Clock    To Clock    
----------    ----------    --------    
(none)                      clk_pl_0      
(none)        clk_pl_0      clk_pl_0      


------------------------------------------------------------------------------------------------
| Unconstrained Path Table
| ------------------------
------------------------------------------------------------------------------------------------

Path Group    From Clock    To Clock    
----------    ----------    --------    


------------------------------------------------------------------------------------------------
| Timing Details
| --------------
------------------------------------------------------------------------------------------------


---------------------------------------------------------------------------------------------------
From Clock:  clk_pl_0
  To Clock:  clk_pl_0

Setup :            0  Failing Endpoints,  Worst Slack        2.240ns,  Total Violation        0.000ns
Hold  :            0  Failing Endpoints,  Worst Slack        0.010ns,  Total Violation        0.000ns
PW    :            0  Failing Endpoints,  Worst Slack        3.500ns,  Total Violation        0.000ns
---------------------------------------------------------------------------------------------------


Max Delay Paths
--------------------------------------------------------------------------------------
Slack (MET) :             2.240ns  (required time - arrival time)
  Source:                 gemm_block_i/axi_gpio_1/U0/gpio_core_1/Dual.gpio_Data_Out_reg[0]/C
                            (rising edge-triggered cell FDRE clocked by clk_pl_0  {rise@0.000ns fall@5.000ns period=10.000ns})
  Destination:            gemm_block_i/gemm_accelerator_0/inst/rescale_inst/m_axis_tdata_reg[92]/D
                            (rising edge-triggered cell FDRE clocked by clk_pl_0  {rise@0.000ns fall@5.000ns period=10.000ns})
  Path Group:             clk_pl_0
  Path Type:              Setup (Max at Slow Process Corner)
  Requirement:            10.000ns  (clk_pl_0 rise@10.000ns - clk_pl_0 rise@0.000ns)
  Data Path Delay:        7.313ns  (logic 2.057ns (28.126%)  route 5.256ns (71.874%))
  Logic Levels:           12  (CARRY8=6 LUT2=1 LUT3=3 LUT6=2)
  Clock Path Skew:        -0.330ns (DCD - SCD + CPR)
    Destination Clock Delay (DCD):    2.852ns = ( 12.852 - 10.000 ) 
    Source Clock Delay      (SCD):    3.371ns
    Clock Pessimism Removal (CPR):    0.188ns
  Clock Uncertainty:      0.160ns  ((TSJ^2 + DJ^2)^1/2) / 2 + PE
    Total System Jitter     (TSJ):    0.071ns
    Discrete Jitter          (DJ):    0.312ns
    Phase Error              (PE):    0.000ns
  Clock Net Delay (Source):      3.104ns (routing 1.584ns, distribution 1.520ns)
  Clock Net Delay (Destination): 2.636ns (routing 1.450ns, distribution 1.186ns)

    Location             Delay type                Incr(ns)  Path(ns)    Netlist Resource(s)
  -------------------------------------------------------------------    -------------------
                         (clock clk_pl_0 rise edge)
                                                      0.000     0.000 r  
    PS8_X0Y0             PS8                          0.000     0.000 r  gemm_block_i/zynq_ultra_ps_e_0/inst/PS8_i/PLCLK[0]
                         net (fo=1, routed)           0.229     0.229    gemm_block_i/zynq_ultra_ps_e_0/inst/pl_clk_unbuffered[0]
    BUFG_PS_X0Y80        BUFG_PS (Prop_BUFG_PS_I_O)
                                                      0.038     0.267 r  gemm_block_i/zynq_ultra_ps_e_0/inst/buffer_pl_clk_0.PL_CLK_0_BUFG/O
    X1Y1 (CLOCK_ROOT)    net (fo=40197, routed)       3.104     3.371    gemm_block_i/axi_gpio_1/U0/gpio_core_1/s_axi_aclk
    SLICE_X14Y94         FDRE                                         r  gemm_block_i/axi_gpio_1/U0/gpio_core_1/Dual.gpio_Data_Out_reg[0]/C
  -------------------------------------------------------------------    -------------------
    SLICE_X14Y94         FDRE (Prop_HFF_SLICEL_C_Q)
                                                      0.113     3.484 r  gemm_block_i/axi_gpio_1/U0/gpio_core_1/Dual.gpio_Data_Out_reg[0]/Q
                         net (fo=1185, routed)        2.312     5.795    gemm_block_i/gemm_accelerator_0/inst/post_acc_inst/scale_shift[4]
    SLICE_X29Y20         LUT6 (Prop_A6LUT_SLICEM_I2_O)
                                                      0.189     5.984 r  gemm_block_i/gemm_accelerator_0/inst/post_acc_inst/m_axis_tdata[95]_i_216/O
                         net (fo=1, routed)           0.017     6.001    gemm_block_i/gemm_accelerator_0/inst/post_acc_inst/m_axis_tdata[95]_i_216_n_0
    SLICE_X29Y20         CARRY8 (Prop_CARRY8_SLICEM_S[0]_CO[7])
                                                      0.281     6.282 r  gemm_block_i/gemm_accelerator_0/inst/post_acc_inst/m_axis_tdata_reg[95]_i_138/CO[7]
                         net (fo=1, routed)           0.030     6.312    gemm_block_i/gemm_accelerator_0/inst/post_acc_inst/m_axis_tdata_reg[95]_i_138_n_0
    SLICE_X29Y21         CARRY8 (Prop_CARRY8_SLICEM_CI_CO[7])
                                                      0.065     6.377 r  gemm_block_i/gemm_accelerator_0/inst/post_acc_inst/m_axis_tdata_reg[95]_i_137/CO[7]
                         net (fo=1, routed)           0.030     6.407    gemm_block_i/gemm_accelerator_0/inst/post_acc_inst/m_axis_tdata_reg[95]_i_137_n_0
    SLICE_X29Y22         CARRY8 (Prop_CARRY8_SLICEM_CI_CO[7])
                                                      0.065     6.472 r  gemm_block_i/gemm_accelerator_0/inst/post_acc_inst/m_axis_tdata_reg[95]_i_135/CO[7]
                         net (fo=1, routed)           0.030     6.502    gemm_block_i/gemm_accelerator_0/inst/post_acc_inst/m_axis_tdata_reg[95]_i_135_n_0
    SLICE_X29Y23         CARRY8 (Prop_CARRY8_SLICEM_CI_O[7])
                                                      0.171     6.673 r  gemm_block_i/gemm_accelerator_0/inst/post_acc_inst/m_axis_tdata_reg[95]_i_136/O[7]
                         net (fo=6, routed)           0.526     7.200    gemm_block_i/gemm_accelerator_0/inst/post_acc_inst/rescale_inst/w_rnd[11]_1467[31]
    SLICE_X23Y24         LUT6 (Prop_G6LUT_SLICEL_I0_O)
                                                      0.226     7.426 r  gemm_block_i/gemm_accelerator_0/inst/post_acc_inst/m_axis_tdata[95]_i_162/O
                         net (fo=5, routed)           0.487     7.912    gemm_block_i/gemm_accelerator_0/inst/post_acc_inst/m_axis_tdata[95]_i_162_n_0
    SLICE_X29Y25         LUT3 (Prop_D5LUT_SLICEM_I0_O)
                                                      0.091     8.003 r  gemm_block_i/gemm_accelerator_0/inst/post_acc_inst/m_axis_tdata[95]_i_165/O
                         net (fo=2, routed)           0.481     8.484    gemm_block_i/gemm_accelerator_0/inst/post_acc_inst/m_axis_tdata[95]_i_165_n_0
    SLICE_X24Y24         LUT3 (Prop_A5LUT_SLICEM_I0_O)
                                                      0.138     8.622 r  gemm_block_i/gemm_accelerator_0/inst/post_acc_inst/m_axis_tdata[95]_i_108/O
                         net (fo=1, routed)           0.440     9.062    gemm_block_i/gemm_accelerator_0/inst/post_acc_inst/rescale_inst/w_shr[11]_1435[24]
    SLICE_X26Y24         CARRY8 (Prop_CARRY8_SLICEL_DI[1]_O[4])
                                                      0.267     9.329 r  gemm_block_i/gemm_accelerator_0/inst/post_acc_inst/m_axis_tdata_reg[95]_i_66/O[4]
                         net (fo=4, routed)           0.314     9.643    gemm_block_i/gemm_accelerator_0/inst/post_acc_inst/m_axis_tdata_reg[95]_i_66_n_11
    SLICE_X25Y24         LUT2 (Prop_D6LUT_SLICEM_I0_O)
                                                      0.151     9.794 r  gemm_block_i/gemm_accelerator_0/inst/post_acc_inst/m_axis_tdata[95]_i_22/O
                         net (fo=1, routed)           0.032     9.826    gemm_block_i/gemm_accelerator_0/inst/post_acc_inst/m_axis_tdata[95]_i_22_n_0
    SLICE_X25Y24         CARRY8 (Prop_CARRY8_SLICEM_S[3]_CO[5])
                                                      0.219    10.045 f  gemm_block_i/gemm_accelerator_0/inst/post_acc_inst/m_axis_tdata_reg[95]_i_3/CO[5]
                         net (fo=8, routed)           0.491    10.536    gemm_block_i/gemm_accelerator_0/inst/post_acc_inst/rescale_inst/w_clamp[11]2
    SLICE_X23Y15         LUT3 (Prop_D6LUT_SLICEL_I1_O)
                                                      0.081    10.617 r  gemm_block_i/gemm_accelerator_0/inst/post_acc_inst/m_axis_tdata[92]_i_1/O
                         net (fo=1, routed)           0.067    10.684    gemm_block_i/gemm_accelerator_0/inst/rescale_inst/w_clamp[11]_1451[4]
    SLICE_X23Y15         FDRE                                         r  gemm_block_i/gemm_accelerator_0/inst/rescale_inst/m_axis_tdata_reg[92]/D
  -------------------------------------------------------------------    -------------------

                         (clock clk_pl_0 rise edge)
                                                     10.000    10.000 r  
    PS8_X0Y0             PS8                          0.000    10.000 r  gemm_block_i/zynq_ultra_ps_e_0/inst/PS8_i/PLCLK[0]
                         net (fo=1, routed)           0.181    10.181    gemm_block_i/zynq_ultra_ps_e_0/inst/pl_clk_unbuffered[0]
    BUFG_PS_X0Y80        BUFG_PS (Prop_BUFG_PS_I_O)
                                                      0.035    10.216 r  gemm_block_i/zynq_ultra_ps_e_0/inst/buffer_pl_clk_0.PL_CLK_0_BUFG/O
    X1Y1 (CLOCK_ROOT)    net (fo=40197, routed)       2.636    12.852    gemm_block_i/gemm_accelerator_0/inst/rescale_inst/aclk
    SLICE_X23Y15         FDRE                                         r  gemm_block_i/gemm_accelerator_0/inst/rescale_inst/m_axis_tdata_reg[92]/C
                         clock pessimism              0.188    13.040    
                         clock uncertainty           -0.160    12.880    
    SLICE_X23Y15         FDRE (Setup_DFF_SLICEL_C_D)
                                                      0.044    12.924    gemm_block_i/gemm_accelerator_0/inst/rescale_inst/m_axis_tdata_reg[92]
  -------------------------------------------------------------------
                         required time                         12.924    
                         arrival time                         -10.684    
  -------------------------------------------------------------------
                         slack                                  2.240    

Slack (MET) :             2.278ns  (required time - arrival time)
  Source:                 gemm_block_i/axi_gpio_1/U0/gpio_core_1/Dual.gpio_Data_Out_reg[0]/C
                            (rising edge-triggered cell FDRE clocked by clk_pl_0  {rise@0.000ns fall@5.000ns period=10.000ns})
  Destination:            gemm_block_i/gemm_accelerator_0/inst/rescale_inst/m_axis_tdata_reg[93]/D
                            (rising edge-triggered cell FDRE clocked by clk_pl_0  {rise@0.000ns fall@5.000ns period=10.000ns})
  Path Group:             clk_pl_0
  Path Type:              Setup (Max at Slow Process Corner)
  Requirement:            10.000ns  (clk_pl_0 rise@10.000ns - clk_pl_0 rise@0.000ns)
  Data Path Delay:        7.277ns  (logic 2.064ns (28.362%)  route 5.213ns (71.638%))
  Logic Levels:           12  (CARRY8=6 LUT2=1 LUT3=3 LUT6=2)
  Clock Path Skew:        -0.330ns (DCD - SCD + CPR)
    Destination Clock Delay (DCD):    2.852ns = ( 12.852 - 10.000 ) 
    Source Clock Delay      (SCD):    3.371ns
    Clock Pessimism Removal (CPR):    0.188ns
  Clock Uncertainty:      0.160ns  ((TSJ^2 + DJ^2)^1/2) / 2 + PE
    Total System Jitter     (TSJ):    0.071ns
    Discrete Jitter          (DJ):    0.312ns
    Phase Error              (PE):    0.000ns
  Clock Net Delay (Source):      3.104ns (routing 1.584ns, distribution 1.520ns)
  Clock Net Delay (Destination): 2.636ns (routing 1.450ns, distribution 1.186ns)

    Location             Delay type                Incr(ns)  Path(ns)    Netlist Resource(s)
  -------------------------------------------------------------------    -------------------
                         (clock clk_pl_0 rise edge)
                                                      0.000     0.000 r  
    PS8_X0Y0             PS8                          0.000     0.000 r  gemm_block_i/zynq_ultra_ps_e_0/inst/PS8_i/PLCLK[0]
                         net (fo=1, routed)           0.229     0.229    gemm_block_i/zynq_ultra_ps_e_0/inst/pl_clk_unbuffered[0]
    BUFG_PS_X0Y80        BUFG_PS (Prop_BUFG_PS_I_O)
                                                      0.038     0.267 r  gemm_block_i/zynq_ultra_ps_e_0/inst/buffer_pl_clk_0.PL_CLK_0_BUFG/O
    X1Y1 (CLOCK_ROOT)    net (fo=40197, routed)       3.104     3.371    gemm_block_i/axi_gpio_1/U0/gpio_core_1/s_axi_aclk
    SLICE_X14Y94         FDRE                                         r  gemm_block_i/axi_gpio_1/U0/gpio_core_1/Dual.gpio_Data_Out_reg[0]/C
  -------------------------------------------------------------------    -------------------
    SLICE_X14Y94         FDRE (Prop_HFF_SLICEL_C_Q)
                                                      0.113     3.484 r  gemm_block_i/axi_gpio_1/U0/gpio_core_1/Dual.gpio_Data_Out_reg[0]/Q
                         net (fo=1185, routed)        2.312     5.795    gemm_block_i/gemm_accelerator_0/inst/post_acc_inst/scale_shift[4]
    SLICE_X29Y20         LUT6 (Prop_A6LUT_SLICEM_I2_O)
                                                      0.189     5.984 r  gemm_block_i/gemm_accelerator_0/inst/post_acc_inst/m_axis_tdata[95]_i_216/O
                         net (fo=1, routed)           0.017     6.001    gemm_block_i/gemm_accelerator_0/inst/post_acc_inst/m_axis_tdata[95]_i_216_n_0
    SLICE_X29Y20         CARRY8 (Prop_CARRY8_SLICEM_S[0]_CO[7])
                                                      0.281     6.282 r  gemm_block_i/gemm_accelerator_0/inst/post_acc_inst/m_axis_tdata_reg[95]_i_138/CO[7]
                         net (fo=1, routed)           0.030     6.312    gemm_block_i/gemm_accelerator_0/inst/post_acc_inst/m_axis_tdata_reg[95]_i_138_n_0
    SLICE_X29Y21         CARRY8 (Prop_CARRY8_SLICEM_CI_CO[7])
                                                      0.065     6.377 r  gemm_block_i/gemm_accelerator_0/inst/post_acc_inst/m_axis_tdata_reg[95]_i_137/CO[7]
                         net (fo=1, routed)           0.030     6.407    gemm_block_i/gemm_accelerator_0/inst/post_acc_inst/m_axis_tdata_reg[95]_i_137_n_0
    SLICE_X29Y22         CARRY8 (Prop_CARRY8_SLICEM_CI_CO[7])
                                                      0.065     6.472 r  gemm_block_i/gemm_accelerator_0/inst/post_acc_inst/m_axis_tdata_reg[95]_i_135/CO[7]
                         net (fo=1, routed)           0.030     6.502    gemm_block_i/gemm_accelerator_0/inst/post_acc_inst/m_axis_tdata_reg[95]_i_135_n_0
    SLICE_X29Y23         CARRY8 (Prop_CARRY8_SLICEM_CI_O[7])
                                                      0.171     6.673 r  gemm_block_i/gemm_accelerator_0/inst/post_acc_inst/m_axis_tdata_reg[95]_i_136/O[7]
                         net (fo=6, routed)           0.526     7.200    gemm_block_i/gemm_accelerator_0/inst/post_acc_inst/rescale_inst/w_rnd[11]_1467[31]
    SLICE_X23Y24         LUT6 (Prop_G6LUT_SLICEL_I0_O)
                                                      0.226     7.426 r  gemm_block_i/gemm_accelerator_0/inst/post_acc_inst/m_axis_tdata[95]_i_162/O
                         net (fo=5, routed)           0.487     7.912    gemm_block_i/gemm_accelerator_0/inst/post_acc_inst/m_axis_tdata[95]_i_162_n_0
    SLICE_X29Y25         LUT3 (Prop_D5LUT_SLICEM_I0_O)
                                                      0.091     8.003 r  gemm_block_i/gemm_accelerator_0/inst/post_acc_inst/m_axis_tdata[95]_i_165/O
                         net (fo=2, routed)           0.481     8.484    gemm_block_i/gemm_accelerator_0/inst/post_acc_inst/m_axis_tdata[95]_i_165_n_0
    SLICE_X24Y24         LUT3 (Prop_A5LUT_SLICEM_I0_O)
                                                      0.138     8.622 r  gemm_block_i/gemm_accelerator_0/inst/post_acc_inst/m_axis_tdata[95]_i_108/O
                         net (fo=1, routed)           0.440     9.062    gemm_block_i/gemm_accelerator_0/inst/post_acc_inst/rescale_inst/w_shr[11]_1435[24]
    SLICE_X26Y24         CARRY8 (Prop_CARRY8_SLICEL_DI[1]_O[4])
                                                      0.267     9.329 r  gemm_block_i/gemm_accelerator_0/inst/post_acc_inst/m_axis_tdata_reg[95]_i_66/O[4]
                         net (fo=4, routed)           0.314     9.643    gemm_block_i/gemm_accelerator_0/inst/post_acc_inst/m_axis_tdata_reg[95]_i_66_n_11
    SLICE_X25Y24         LUT2 (Prop_D6LUT_SLICEM_I0_O)
                                                      0.151     9.794 r  gemm_block_i/gemm_accelerator_0/inst/post_acc_inst/m_axis_tdata[95]_i_22/O
                         net (fo=1, routed)           0.032     9.826    gemm_block_i/gemm_accelerator_0/inst/post_acc_inst/m_axis_tdata[95]_i_22_n_0
    SLICE_X25Y24         CARRY8 (Prop_CARRY8_SLICEM_S[3]_CO[5])
                                                      0.219    10.045 f  gemm_block_i/gemm_accelerator_0/inst/post_acc_inst/m_axis_tdata_reg[95]_i_3/CO[5]
                         net (fo=8, routed)           0.491    10.536    gemm_block_i/gemm_accelerator_0/inst/post_acc_inst/rescale_inst/w_clamp[11]2
    SLICE_X23Y15         LUT3 (Prop_D5LUT_SLICEL_I1_O)
                                                      0.088    10.624 r  gemm_block_i/gemm_accelerator_0/inst/post_acc_inst/m_axis_tdata[93]_i_1/O
                         net (fo=1, routed)           0.024    10.648    gemm_block_i/gemm_accelerator_0/inst/rescale_inst/w_clamp[11]_1451[5]
    SLICE_X23Y15         FDRE                                         r  gemm_block_i/gemm_accelerator_0/inst/rescale_inst/m_axis_tdata_reg[93]/D
  -------------------------------------------------------------------    -------------------

                         (clock clk_pl_0 rise edge)
                                                     10.000    10.000 r  
    PS8_X0Y0             PS8                          0.000    10.000 r  gemm_block_i/zynq_ultra_ps_e_0/inst/PS8_i/PLCLK[0]
                         net (fo=1, routed)           0.181    10.181    gemm_block_i/zynq_ultra_ps_e_0/inst/pl_clk_unbuffered[0]
    BUFG_PS_X0Y80        BUFG_PS (Prop_BUFG_PS_I_O)
                                                      0.035    10.216 r  gemm_block_i/zynq_ultra_ps_e_0/inst/buffer_pl_clk_0.PL_CLK_0_BUFG/O
    X1Y1 (CLOCK_ROOT)    net (fo=40197, routed)       2.636    12.852    gemm_block_i/gemm_accelerator_0/inst/rescale_inst/aclk
    SLICE_X23Y15         FDRE                                         r  gemm_block_i/gemm_accelerator_0/inst/rescale_inst/m_axis_tdata_reg[93]/C
                         clock pessimism              0.188    13.040    
                         clock uncertainty           -0.160    12.880    
    SLICE_X23Y15         FDRE (Setup_DFF2_SLICEL_C_D)
                                                      0.046    12.926    gemm_block_i/gemm_accelerator_0/inst/rescale_inst/m_axis_tdata_reg[93]
  -------------------------------------------------------------------
                         required time                         12.926    
                         arrival time                         -10.648    
  -------------------------------------------------------------------
                         slack                                  2.278    

Slack (MET) :             2.298ns  (required time - arrival time)
  Source:                 gemm_block_i/axi_gpio_1/U0/gpio_core_1/Dual.gpio_Data_Out_reg[1]/C
                            (rising edge-triggered cell FDRE clocked by clk_pl_0  {rise@0.000ns fall@5.000ns period=10.000ns})
  Destination:            gemm_block_i/gemm_accelerator_0/inst/rescale_inst/m_axis_tdata_reg[76]/D
                            (rising edge-triggered cell FDRE clocked by clk_pl_0  {rise@0.000ns fall@5.000ns period=10.000ns})
  Path Group:             clk_pl_0
  Path Type:              Setup (Max at Slow Process Corner)
  Requirement:            10.000ns  (clk_pl_0 rise@10.000ns - clk_pl_0 rise@0.000ns)
  Data Path Delay:        7.238ns  (logic 2.103ns (29.056%)  route 5.135ns (70.944%))
  Logic Levels:           14  (CARRY8=8 LUT2=1 LUT3=2 LUT4=1 LUT6=2)
  Clock Path Skew:        -0.347ns (DCD - SCD + CPR)
    Destination Clock Delay (DCD):    2.835ns = ( 12.835 - 10.000 ) 
    Source Clock Delay      (SCD):    3.371ns
    Clock Pessimism Removal (CPR):    0.188ns
  Clock Uncertainty:      0.160ns  ((TSJ^2 + DJ^2)^1/2) / 2 + PE
    Total System Jitter     (TSJ):    0.071ns
    Discrete Jitter          (DJ):    0.312ns
    Phase Error              (PE):    0.000ns
  Clock Net Delay (Source):      3.104ns (routing 1.584ns, distribution 1.520ns)
  Clock Net Delay (Destination): 2.619ns (routing 1.450ns, distribution 1.169ns)

    Location             Delay type                Incr(ns)  Path(ns)    Netlist Resource(s)
  -------------------------------------------------------------------    -------------------
                         (clock clk_pl_0 rise edge)
                                                      0.000     0.000 r  
    PS8_X0Y0             PS8                          0.000     0.000 r  gemm_block_i/zynq_ultra_ps_e_0/inst/PS8_i/PLCLK[0]
                         net (fo=1, routed)           0.229     0.229    gemm_block_i/zynq_ultra_ps_e_0/inst/pl_clk_unbuffered[0]
    BUFG_PS_X0Y80        BUFG_PS (Prop_BUFG_PS_I_O)
                                                      0.038     0.267 r  gemm_block_i/zynq_ultra_ps_e_0/inst/buffer_pl_clk_0.PL_CLK_0_BUFG/O
    X1Y1 (CLOCK_ROOT)    net (fo=40197, routed)       3.104     3.371    gemm_block_i/axi_gpio_1/U0/gpio_core_1/s_axi_aclk
    SLICE_X14Y94         FDRE                                         r  gemm_block_i/axi_gpio_1/U0/gpio_core_1/Dual.gpio_Data_Out_reg[1]/C
  -------------------------------------------------------------------    -------------------
    SLICE_X14Y94         FDRE (Prop_GFF_SLICEL_C_Q)
                                                      0.114     3.485 r  gemm_block_i/axi_gpio_1/U0/gpio_core_1/Dual.gpio_Data_Out_reg[1]/Q
                         net (fo=1185, routed)        2.486     5.970    gemm_block_i/gemm_accelerator_0/inst/post_acc_inst/scale_shift[3]
    SLICE_X29Y26         LUT6 (Prop_E6LUT_SLICEM_I1_O)
                                                      0.083     6.053 r  gemm_block_i/gemm_accelerator_0/inst/post_acc_inst/m_axis_tdata[79]_i_212/O
                         net (fo=1, routed)           0.018     6.071    gemm_block_i/gemm_accelerator_0/inst/post_acc_inst/m_axis_tdata[79]_i_212_n_0
    SLICE_X29Y26         CARRY8 (Prop_CARRY8_SLICEM_S[4]_CO[7])
                                                      0.236     6.307 f  gemm_block_i/gemm_accelerator_0/inst/post_acc_inst/m_axis_tdata_reg[79]_i_138/CO[7]
                         net (fo=1, routed)           0.030     6.337    gemm_block_i/gemm_accelerator_0/inst/post_acc_inst/m_axis_tdata_reg[79]_i_138_n_0
    SLICE_X29Y27         CARRY8 (Prop_CARRY8_SLICEM_CI_CO[7])
                                                      0.065     6.402 f  gemm_block_i/gemm_accelerator_0/inst/post_acc_inst/m_axis_tdata_reg[79]_i_137/CO[7]
                         net (fo=1, routed)           0.030     6.432    gemm_block_i/gemm_accelerator_0/inst/post_acc_inst/m_axis_tdata_reg[79]_i_137_n_0
    SLICE_X29Y28         CARRY8 (Prop_CARRY8_SLICEM_CI_CO[7])
                                                      0.065     6.497 f  gemm_block_i/gemm_accelerator_0/inst/post_acc_inst/m_axis_tdata_reg[79]_i_135/CO[7]
                         net (fo=1, routed)           0.030     6.527    gemm_block_i/gemm_accelerator_0/inst/post_acc_inst/m_axis_tdata_reg[79]_i_135_n_0
    SLICE_X29Y29         CARRY8 (Prop_CARRY8_SLICEM_CI_CO[7])
                                                      0.065     6.592 f  gemm_block_i/gemm_accelerator_0/inst/post_acc_inst/m_axis_tdata_reg[79]_i_136/CO[7]
                         net (fo=1, routed)           0.062     6.654    gemm_block_i/gemm_accelerator_0/inst/post_acc_inst/m_axis_tdata_reg[79]_i_136_n_0
    SLICE_X29Y30         CARRY8 (Prop_CARRY8_SLICEM_CI_CO[0])
                                                      0.074     6.728 f  gemm_block_i/gemm_accelerator_0/inst/post_acc_inst/m_axis_tdata_reg[79]_i_134/CO[0]
                         net (fo=36, routed)          0.486     7.214    gemm_block_i/gemm_accelerator_0/inst/post_acc_inst/m_axis_tdata_reg[79]_i_134_n_7
    SLICE_X26Y28         LUT4 (Prop_G6LUT_SLICEL_I1_O)
                                                      0.137     7.351 r  gemm_block_i/gemm_accelerator_0/inst/post_acc_inst/m_axis_tdata[79]_i_229/O
                         net (fo=2, routed)           0.372     7.723    gemm_block_i/gemm_accelerator_0/inst/post_acc_inst/m_axis_tdata[79]_i_229_n_0
    SLICE_X24Y26         LUT6 (Prop_G6LUT_SLICEM_I0_O)
                                                      0.152     7.875 r  gemm_block_i/gemm_accelerator_0/inst/post_acc_inst/m_axis_tdata[79]_i_173/O
                         net (fo=3, routed)           0.258     8.133    gemm_block_i/gemm_accelerator_0/inst/post_acc_inst/m_axis_tdata[79]_i_173_n_0
    SLICE_X24Y32         LUT3 (Prop_A5LUT_SLICEM_I0_O)
                                                      0.225     8.358 r  gemm_block_i/gemm_accelerator_0/inst/post_acc_inst/m_axis_tdata[79]_i_122/O
                         net (fo=1, routed)           0.442     8.800    gemm_block_i/gemm_accelerator_0/inst/post_acc_inst/rescale_inst/w_shr[9]_1433[18]
    SLICE_X27Y32         CARRY8 (Prop_CARRY8_SLICEL_DI[3]_CO[7])
                                                      0.153     8.953 r  gemm_block_i/gemm_accelerator_0/inst/post_acc_inst/m_axis_tdata_reg[79]_i_67/CO[7]
                         net (fo=1, routed)           0.030     8.983    gemm_block_i/gemm_accelerator_0/inst/post_acc_inst/m_axis_tdata_reg[79]_i_67_n_0
    SLICE_X27Y33         CARRY8 (Prop_CARRY8_SLICEL_CI_O[0])
                                                      0.078     9.061 f  gemm_block_i/gemm_accelerator_0/inst/post_acc_inst/m_axis_tdata_reg[79]_i_66/O[0]
                         net (fo=4, routed)           0.324     9.384    gemm_block_i/gemm_accelerator_0/inst/post_acc_inst/m_axis_tdata_reg[79]_i_66_n_15
    SLICE_X29Y32         LUT2 (Prop_B6LUT_SLICEM_I0_O)
                                                      0.225     9.609 r  gemm_block_i/gemm_accelerator_0/inst/post_acc_inst/m_axis_tdata[79]_i_37/O
                         net (fo=1, routed)           0.022     9.631    gemm_block_i/gemm_accelerator_0/inst/post_acc_inst/m_axis_tdata[79]_i_37_n_0
    SLICE_X29Y32         CARRY8 (Prop_CARRY8_SLICEM_S[1]_CO[5])
                                                      0.279     9.910 r  gemm_block_i/gemm_accelerator_0/inst/post_acc_inst/m_axis_tdata_reg[79]_i_4/CO[5]
                         net (fo=8, routed)           0.465    10.375    gemm_block_i/gemm_accelerator_0/inst/post_acc_inst/rescale_inst/w_clamp[9]1
    SLICE_X24Y30         LUT3 (Prop_B6LUT_SLICEM_I0_O)
                                                      0.152    10.527 r  gemm_block_i/gemm_accelerator_0/inst/post_acc_inst/m_axis_tdata[76]_i_1/O
                         net (fo=1, routed)           0.081    10.608    gemm_block_i/gemm_accelerator_0/inst/rescale_inst/w_clamp[9]_1449[4]
    SLICE_X24Y30         FDRE                                         r  gemm_block_i/gemm_accelerator_0/inst/rescale_inst/m_axis_tdata_reg[76]/D
  -------------------------------------------------------------------    -------------------

                         (clock clk_pl_0 rise edge)
                                                     10.000    10.000 r  
    PS8_X0Y0             PS8                          0.000    10.000 r  gemm_block_i/zynq_ultra_ps_e_0/inst/PS8_i/PLCLK[0]
                         net (fo=1, routed)           0.181    10.181    gemm_block_i/zynq_ultra_ps_e_0/inst/pl_clk_unbuffered[0]
    BUFG_PS_X0Y80        BUFG_PS (Prop_BUFG_PS_I_O)
                                                      0.035    10.216 r  gemm_block_i/zynq_ultra_ps_e_0/inst/buffer_pl_clk_0.PL_CLK_0_BUFG/O
    X1Y1 (CLOCK_ROOT)    net (fo=40197, routed)       2.619    12.835    gemm_block_i/gemm_accelerator_0/inst/rescale_inst/aclk
    SLICE_X24Y30         FDRE                                         r  gemm_block_i/gemm_accelerator_0/inst/rescale_inst/m_axis_tdata_reg[76]/C
                         clock pessimism              0.188    13.023    
                         clock uncertainty           -0.160    12.863    
    SLICE_X24Y30         FDRE (Setup_BFF_SLICEM_C_D)
                                                      0.043    12.906    gemm_block_i/gemm_accelerator_0/inst/rescale_inst/m_axis_tdata_reg[76]
  -------------------------------------------------------------------
                         required time                         12.906    
                         arrival time                         -10.608    
  -------------------------------------------------------------------
                         slack                                  2.298    

Slack (MET) :             2.304ns  (required time - arrival time)
  Source:                 gemm_block_i/axi_gpio_1/U0/gpio_core_1/Dual.gpio_Data_Out_reg[1]/C
                            (rising edge-triggered cell FDRE clocked by clk_pl_0  {rise@0.000ns fall@5.000ns period=10.000ns})
  Destination:            gemm_block_i/gemm_accelerator_0/inst/rescale_inst/m_axis_tdata_reg[78]/D
                            (rising edge-triggered cell FDRE clocked by clk_pl_0  {rise@0.000ns fall@5.000ns period=10.000ns})
  Path Group:             clk_pl_0
  Path Type:              Setup (Max at Slow Process Corner)
  Requirement:            10.000ns  (clk_pl_0 rise@10.000ns - clk_pl_0 rise@0.000ns)
  Data Path Delay:        7.233ns  (logic 2.103ns (29.077%)  route 5.130ns (70.923%))
  Logic Levels:           14  (CARRY8=8 LUT2=1 LUT3=2 LUT4=1 LUT6=2)
  Clock Path Skew:        -0.347ns (DCD - SCD + CPR)
    Destination Clock Delay (DCD):    2.835ns = ( 12.835 - 10.000 ) 
    Source Clock Delay      (SCD):    3.371ns
    Clock Pessimism Removal (CPR):    0.188ns
  Clock Uncertainty:      0.160ns  ((TSJ^2 + DJ^2)^1/2) / 2 + PE
    Total System Jitter     (TSJ):    0.071ns
    Discrete Jitter          (DJ):    0.312ns
    Phase Error              (PE):    0.000ns
  Clock Net Delay (Source):      3.104ns (routing 1.584ns, distribution 1.520ns)
  Clock Net Delay (Destination): 2.619ns (routing 1.450ns, distribution 1.169ns)

    Location             Delay type                Incr(ns)  Path(ns)    Netlist Resource(s)
  -------------------------------------------------------------------    -------------------
                         (clock clk_pl_0 rise edge)
                                                      0.000     0.000 r  
    PS8_X0Y0             PS8                          0.000     0.000 r  gemm_block_i/zynq_ultra_ps_e_0/inst/PS8_i/PLCLK[0]
                         net (fo=1, routed)           0.229     0.229    gemm_block_i/zynq_ultra_ps_e_0/inst/pl_clk_unbuffered[0]
    BUFG_PS_X0Y80        BUFG_PS (Prop_BUFG_PS_I_O)
                                                      0.038     0.267 r  gemm_block_i/zynq_ultra_ps_e_0/inst/buffer_pl_clk_0.PL_CLK_0_BUFG/O
    X1Y1 (CLOCK_ROOT)    net (fo=40197, routed)       3.104     3.371    gemm_block_i/axi_gpio_1/U0/gpio_core_1/s_axi_aclk
    SLICE_X14Y94         FDRE                                         r  gemm_block_i/axi_gpio_1/U0/gpio_core_1/Dual.gpio_Data_Out_reg[1]/C
  -------------------------------------------------------------------    -------------------
    SLICE_X14Y94         FDRE (Prop_GFF_SLICEL_C_Q)
                                                      0.114     3.485 r  gemm_block_i/axi_gpio_1/U0/gpio_core_1/Dual.gpio_Data_Out_reg[1]/Q
                         net (fo=1185, routed)        2.486     5.970    gemm_block_i/gemm_accelerator_0/inst/post_acc_inst/scale_shift[3]
    SLICE_X29Y26         LUT6 (Prop_E6LUT_SLICEM_I1_O)
                                                      0.083     6.053 r  gemm_block_i/gemm_accelerator_0/inst/post_acc_inst/m_axis_tdata[79]_i_212/O
                         net (fo=1, routed)           0.018     6.071    gemm_block_i/gemm_accelerator_0/inst/post_acc_inst/m_axis_tdata[79]_i_212_n_0
    SLICE_X29Y26         CARRY8 (Prop_CARRY8_SLICEM_S[4]_CO[7])
                                                      0.236     6.307 f  gemm_block_i/gemm_accelerator_0/inst/post_acc_inst/m_axis_tdata_reg[79]_i_138/CO[7]
                         net (fo=1, routed)           0.030     6.337    gemm_block_i/gemm_accelerator_0/inst/post_acc_inst/m_axis_tdata_reg[79]_i_138_n_0
    SLICE_X29Y27         CARRY8 (Prop_CARRY8_SLICEM_CI_CO[7])
                                                      0.065     6.402 f  gemm_block_i/gemm_accelerator_0/inst/post_acc_inst/m_axis_tdata_reg[79]_i_137/CO[7]
                         net (fo=1, routed)           0.030     6.432    gemm_block_i/gemm_accelerator_0/inst/post_acc_inst/m_axis_tdata_reg[79]_i_137_n_0
    SLICE_X29Y28         CARRY8 (Prop_CARRY8_SLICEM_CI_CO[7])
                                                      0.065     6.497 f  gemm_block_i/gemm_accelerator_0/inst/post_acc_inst/m_axis_tdata_reg[79]_i_135/CO[7]
                         net (fo=1, routed)           0.030     6.527    gemm_block_i/gemm_accelerator_0/inst/post_acc_inst/m_axis_tdata_reg[79]_i_135_n_0
    SLICE_X29Y29         CARRY8 (Prop_CARRY8_SLICEM_CI_CO[7])
                                                      0.065     6.592 f  gemm_block_i/gemm_accelerator_0/inst/post_acc_inst/m_axis_tdata_reg[79]_i_136/CO[7]
                         net (fo=1, routed)           0.062     6.654    gemm_block_i/gemm_accelerator_0/inst/post_acc_inst/m_axis_tdata_reg[79]_i_136_n_0
    SLICE_X29Y30         CARRY8 (Prop_CARRY8_SLICEM_CI_CO[0])
                                                      0.074     6.728 f  gemm_block_i/gemm_accelerator_0/inst/post_acc_inst/m_axis_tdata_reg[79]_i_134/CO[0]
                         net (fo=36, routed)          0.486     7.214    gemm_block_i/gemm_accelerator_0/inst/post_acc_inst/m_axis_tdata_reg[79]_i_134_n_7
    SLICE_X26Y28         LUT4 (Prop_G6LUT_SLICEL_I1_O)
                                                      0.137     7.351 r  gemm_block_i/gemm_accelerator_0/inst/post_acc_inst/m_axis_tdata[79]_i_229/O
                         net (fo=2, routed)           0.372     7.723    gemm_block_i/gemm_accelerator_0/inst/post_acc_inst/m_axis_tdata[79]_i_229_n_0
    SLICE_X24Y26         LUT6 (Prop_G6LUT_SLICEM_I0_O)
                                                      0.152     7.875 r  gemm_block_i/gemm_accelerator_0/inst/post_acc_inst/m_axis_tdata[79]_i_173/O
                         net (fo=3, routed)           0.258     8.133    gemm_block_i/gemm_accelerator_0/inst/post_acc_inst/m_axis_tdata[79]_i_173_n_0
    SLICE_X24Y32         LUT3 (Prop_A5LUT_SLICEM_I0_O)
                                                      0.225     8.358 r  gemm_block_i/gemm_accelerator_0/inst/post_acc_inst/m_axis_tdata[79]_i_122/O
                         net (fo=1, routed)           0.442     8.800    gemm_block_i/gemm_accelerator_0/inst/post_acc_inst/rescale_inst/w_shr[9]_1433[18]
    SLICE_X27Y32         CARRY8 (Prop_CARRY8_SLICEL_DI[3]_CO[7])
                                                      0.153     8.953 r  gemm_block_i/gemm_accelerator_0/inst/post_acc_inst/m_axis_tdata_reg[79]_i_67/CO[7]
                         net (fo=1, routed)           0.030     8.983    gemm_block_i/gemm_accelerator_0/inst/post_acc_inst/m_axis_tdata_reg[79]_i_67_n_0
    SLICE_X27Y33         CARRY8 (Prop_CARRY8_SLICEL_CI_O[0])
                                                      0.078     9.061 f  gemm_block_i/gemm_accelerator_0/inst/post_acc_inst/m_axis_tdata_reg[79]_i_66/O[0]
                         net (fo=4, routed)           0.324     9.384    gemm_block_i/gemm_accelerator_0/inst/post_acc_inst/m_axis_tdata_reg[79]_i_66_n_15
    SLICE_X29Y32         LUT2 (Prop_B6LUT_SLICEM_I0_O)
                                                      0.225     9.609 r  gemm_block_i/gemm_accelerator_0/inst/post_acc_inst/m_axis_tdata[79]_i_37/O
                         net (fo=1, routed)           0.022     9.631    gemm_block_i/gemm_accelerator_0/inst/post_acc_inst/m_axis_tdata[79]_i_37_n_0
    SLICE_X29Y32         CARRY8 (Prop_CARRY8_SLICEM_S[1]_CO[5])
                                                      0.279     9.910 r  gemm_block_i/gemm_accelerator_0/inst/post_acc_inst/m_axis_tdata_reg[79]_i_4/CO[5]
                         net (fo=8, routed)           0.468    10.378    gemm_block_i/gemm_accelerator_0/inst/post_acc_inst/rescale_inst/w_clamp[9]1
    SLICE_X24Y30         LUT3 (Prop_A6LUT_SLICEM_I0_O)
                                                      0.152    10.530 r  gemm_block_i/gemm_accelerator_0/inst/post_acc_inst/m_axis_tdata[78]_i_1/O
                         net (fo=1, routed)           0.073    10.603    gemm_block_i/gemm_accelerator_0/inst/rescale_inst/w_clamp[9]_1449[6]
    SLICE_X24Y30         FDRE                                         r  gemm_block_i/gemm_accelerator_0/inst/rescale_inst/m_axis_tdata_reg[78]/D
  -------------------------------------------------------------------    -------------------

                         (clock clk_pl_0 rise edge)
                                                     10.000    10.000 r  
    PS8_X0Y0             PS8                          0.000    10.000 r  gemm_block_i/zynq_ultra_ps_e_0/inst/PS8_i/PLCLK[0]
                         net (fo=1, routed)           0.181    10.181    gemm_block_i/zynq_ultra_ps_e_0/inst/pl_clk_unbuffered[0]
    BUFG_PS_X0Y80        BUFG_PS (Prop_BUFG_PS_I_O)
                                                      0.035    10.216 r  gemm_block_i/zynq_ultra_ps_e_0/inst/buffer_pl_clk_0.PL_CLK_0_BUFG/O
    X1Y1 (CLOCK_ROOT)    net (fo=40197, routed)       2.619    12.835    gemm_block_i/gemm_accelerator_0/inst/rescale_inst/aclk
    SLICE_X24Y30         FDRE                                         r  gemm_block_i/gemm_accelerator_0/inst/rescale_inst/m_axis_tdata_reg[78]/C
                         clock pessimism              0.188    13.023    
                         clock uncertainty           -0.160    12.863    
    SLICE_X24Y30         FDRE (Setup_AFF_SLICEM_C_D)
                                                      0.044    12.907    gemm_block_i/gemm_accelerator_0/inst/rescale_inst/m_axis_tdata_reg[78]
  -------------------------------------------------------------------
                         required time                         12.907    
                         arrival time                         -10.603    
  -------------------------------------------------------------------
                         slack                                  2.304    

Slack (MET) :             2.306ns  (required time - arrival time)
  Source:                 gemm_block_i/axi_gpio_1/U0/gpio_core_1/Dual.gpio_Data_Out_reg[1]/C
                            (rising edge-triggered cell FDRE clocked by clk_pl_0  {rise@0.000ns fall@5.000ns period=10.000ns})
  Destination:            gemm_block_i/gemm_accelerator_0/inst/rescale_inst/m_axis_tdata_reg[72]/D
                            (rising edge-triggered cell FDRE clocked by clk_pl_0  {rise@0.000ns fall@5.000ns period=10.000ns})
  Path Group:             clk_pl_0
  Path Type:              Setup (Max at Slow Process Corner)
  Requirement:            10.000ns  (clk_pl_0 rise@10.000ns - clk_pl_0 rise@0.000ns)
  Data Path Delay:        7.230ns  (logic 2.031ns (28.093%)  route 5.199ns (71.907%))
  Logic Levels:           14  (CARRY8=8 LUT2=1 LUT3=2 LUT4=1 LUT6=2)
  Clock Path Skew:        -0.347ns (DCD - SCD + CPR)
    Destination Clock Delay (DCD):    2.835ns = ( 12.835 - 10.000 ) 
    Source Clock Delay      (SCD):    3.371ns
    Clock Pessimism Removal (CPR):    0.188ns
  Clock Uncertainty:      0.160ns  ((TSJ^2 + DJ^2)^1/2) / 2 + PE
    Total System Jitter     (TSJ):    0.071ns
    Discrete Jitter          (DJ):    0.312ns
    Phase Error              (PE):    0.000ns
  Clock Net Delay (Source):      3.104ns (routing 1.584ns, distribution 1.520ns)
  Clock Net Delay (Destination): 2.619ns (routing 1.450ns, distribution 1.169ns)

    Location             Delay type                Incr(ns)  Path(ns)    Netlist Resource(s)
  -------------------------------------------------------------------    -------------------
                         (clock clk_pl_0 rise edge)
                                                      0.000     0.000 r  
    PS8_X0Y0             PS8                          0.000     0.000 r  gemm_block_i/zynq_ultra_ps_e_0/inst/PS8_i/PLCLK[0]
                         net (fo=1, routed)           0.229     0.229    gemm_block_i/zynq_ultra_ps_e_0/inst/pl_clk_unbuffered[0]
    BUFG_PS_X0Y80        BUFG_PS (Prop_BUFG_PS_I_O)
                                                      0.038     0.267 r  gemm_block_i/zynq_ultra_ps_e_0/inst/buffer_pl_clk_0.PL_CLK_0_BUFG/O
    X1Y1 (CLOCK_ROOT)    net (fo=40197, routed)       3.104     3.371    gemm_block_i/axi_gpio_1/U0/gpio_core_1/s_axi_aclk
    SLICE_X14Y94         FDRE                                         r  gemm_block_i/axi_gpio_1/U0/gpio_core_1/Dual.gpio_Data_Out_reg[1]/C
  -------------------------------------------------------------------    -------------------
    SLICE_X14Y94         FDRE (Prop_GFF_SLICEL_C_Q)
                                                      0.114     3.485 r  gemm_block_i/axi_gpio_1/U0/gpio_core_1/Dual.gpio_Data_Out_reg[1]/Q
                         net (fo=1185, routed)        2.486     5.970    gemm_block_i/gemm_accelerator_0/inst/post_acc_inst/scale_shift[3]
    SLICE_X29Y26         LUT6 (Prop_E6LUT_SLICEM_I1_O)
                                                      0.083     6.053 r  gemm_block_i/gemm_accelerator_0/inst/post_acc_inst/m_axis_tdata[79]_i_212/O
                         net (fo=1, routed)           0.018     6.071    gemm_block_i/gemm_accelerator_0/inst/post_acc_inst/m_axis_tdata[79]_i_212_n_0
    SLICE_X29Y26         CARRY8 (Prop_CARRY8_SLICEM_S[4]_CO[7])
                                                      0.236     6.307 f  gemm_block_i/gemm_accelerator_0/inst/post_acc_inst/m_axis_tdata_reg[79]_i_138/CO[7]
                         net (fo=1, routed)           0.030     6.337    gemm_block_i/gemm_accelerator_0/inst/post_acc_inst/m_axis_tdata_reg[79]_i_138_n_0
    SLICE_X29Y27         CARRY8 (Prop_CARRY8_SLICEM_CI_CO[7])
                                                      0.065     6.402 f  gemm_block_i/gemm_accelerator_0/inst/post_acc_inst/m_axis_tdata_reg[79]_i_137/CO[7]
                         net (fo=1, routed)           0.030     6.432    gemm_block_i/gemm_accelerator_0/inst/post_acc_inst/m_axis_tdata_reg[79]_i_137_n_0
    SLICE_X29Y28         CARRY8 (Prop_CARRY8_SLICEM_CI_CO[7])
                                                      0.065     6.497 f  gemm_block_i/gemm_accelerator_0/inst/post_acc_inst/m_axis_tdata_reg[79]_i_135/CO[7]
                         net (fo=1, routed)           0.030     6.527    gemm_block_i/gemm_accelerator_0/inst/post_acc_inst/m_axis_tdata_reg[79]_i_135_n_0
    SLICE_X29Y29         CARRY8 (Prop_CARRY8_SLICEM_CI_CO[7])
                                                      0.065     6.592 f  gemm_block_i/gemm_accelerator_0/inst/post_acc_inst/m_axis_tdata_reg[79]_i_136/CO[7]
                         net (fo=1, routed)           0.062     6.654    gemm_block_i/gemm_accelerator_0/inst/post_acc_inst/m_axis_tdata_reg[79]_i_136_n_0
    SLICE_X29Y30         CARRY8 (Prop_CARRY8_SLICEM_CI_CO[0])
                                                      0.074     6.728 f  gemm_block_i/gemm_accelerator_0/inst/post_acc_inst/m_axis_tdata_reg[79]_i_134/CO[0]
                         net (fo=36, routed)          0.486     7.214    gemm_block_i/gemm_accelerator_0/inst/post_acc_inst/m_axis_tdata_reg[79]_i_134_n_7
    SLICE_X26Y28         LUT4 (Prop_G6LUT_SLICEL_I1_O)
                                                      0.137     7.351 r  gemm_block_i/gemm_accelerator_0/inst/post_acc_inst/m_axis_tdata[79]_i_229/O
                         net (fo=2, routed)           0.372     7.723    gemm_block_i/gemm_accelerator_0/inst/post_acc_inst/m_axis_tdata[79]_i_229_n_0
    SLICE_X24Y26         LUT6 (Prop_G6LUT_SLICEM_I0_O)
                                                      0.152     7.875 r  gemm_block_i/gemm_accelerator_0/inst/post_acc_inst/m_axis_tdata[79]_i_173/O
                         net (fo=3, routed)           0.258     8.133    gemm_block_i/gemm_accelerator_0/inst/post_acc_inst/m_axis_tdata[79]_i_173_n_0
    SLICE_X24Y32         LUT3 (Prop_A5LUT_SLICEM_I0_O)
                                                      0.225     8.358 r  gemm_block_i/gemm_accelerator_0/inst/post_acc_inst/m_axis_tdata[79]_i_122/O
                         net (fo=1, routed)           0.442     8.800    gemm_block_i/gemm_accelerator_0/inst/post_acc_inst/rescale_inst/w_shr[9]_1433[18]
    SLICE_X27Y32         CARRY8 (Prop_CARRY8_SLICEL_DI[3]_CO[7])
                                                      0.153     8.953 r  gemm_block_i/gemm_accelerator_0/inst/post_acc_inst/m_axis_tdata_reg[79]_i_67/CO[7]
                         net (fo=1, routed)           0.030     8.983    gemm_block_i/gemm_accelerator_0/inst/post_acc_inst/m_axis_tdata_reg[79]_i_67_n_0
    SLICE_X27Y33         CARRY8 (Prop_CARRY8_SLICEL_CI_O[0])
                                                      0.078     9.061 f  gemm_block_i/gemm_accelerator_0/inst/post_acc_inst/m_axis_tdata_reg[79]_i_66/O[0]
                         net (fo=4, routed)           0.324     9.384    gemm_block_i/gemm_accelerator_0/inst/post_acc_inst/m_axis_tdata_reg[79]_i_66_n_15
    SLICE_X29Y32         LUT2 (Prop_B6LUT_SLICEM_I0_O)
                                                      0.225     9.609 r  gemm_block_i/gemm_accelerator_0/inst/post_acc_inst/m_axis_tdata[79]_i_37/O
                         net (fo=1, routed)           0.022     9.631    gemm_block_i/gemm_accelerator_0/inst/post_acc_inst/m_axis_tdata[79]_i_37_n_0
    SLICE_X29Y32         CARRY8 (Prop_CARRY8_SLICEM_S[1]_CO[5])
                                                      0.279     9.910 r  gemm_block_i/gemm_accelerator_0/inst/post_acc_inst/m_axis_tdata_reg[79]_i_4/CO[5]
                         net (fo=8, routed)           0.514    10.424    gemm_block_i/gemm_accelerator_0/inst/post_acc_inst/rescale_inst/w_clamp[9]1
    SLICE_X24Y30         LUT3 (Prop_D6LUT_SLICEM_I0_O)
                                                      0.080    10.504 r  gemm_block_i/gemm_accelerator_0/inst/post_acc_inst/m_axis_tdata[72]_i_1/O
                         net (fo=1, routed)           0.096    10.600    gemm_block_i/gemm_accelerator_0/inst/rescale_inst/w_clamp[9]_1449[0]
    SLICE_X24Y30         FDRE                                         r  gemm_block_i/gemm_accelerator_0/inst/rescale_inst/m_axis_tdata_reg[72]/D
  -------------------------------------------------------------------    -------------------

                         (clock clk_pl_0 rise edge)
                                                     10.000    10.000 r  
    PS8_X0Y0             PS8                          0.000    10.000 r  gemm_block_i/zynq_ultra_ps_e_0/inst/PS8_i/PLCLK[0]
                         net (fo=1, routed)           0.181    10.181    gemm_block_i/zynq_ultra_ps_e_0/inst/pl_clk_unbuffered[0]
    BUFG_PS_X0Y80        BUFG_PS (Prop_BUFG_PS_I_O)
                                                      0.035    10.216 r  gemm_block_i/zynq_ultra_ps_e_0/inst/buffer_pl_clk_0.PL_CLK_0_BUFG/O
    X1Y1 (CLOCK_ROOT)    net (fo=40197, routed)       2.619    12.835    gemm_block_i/gemm_accelerator_0/inst/rescale_inst/aclk
    SLICE_X24Y30         FDRE                                         r  gemm_block_i/gemm_accelerator_0/inst/rescale_inst/m_axis_tdata_reg[72]/C
                         clock pessimism              0.188    13.023    
                         clock uncertainty           -0.160    12.863    
    SLICE_X24Y30         FDRE (Setup_DFF_SLICEM_C_D)
                                                      0.043    12.906    gemm_block_i/gemm_accelerator_0/inst/rescale_inst/m_axis_tdata_reg[72]
  -------------------------------------------------------------------
                         required time                         12.906    
                         arrival time                         -10.600    
  -------------------------------------------------------------------
                         slack                                  2.306    

Slack (MET) :             2.314ns  (required time - arrival time)
  Source:                 gemm_block_i/axi_gpio_1/U0/gpio_core_1/Dual.gpio_Data_Out_reg[1]/C
                            (rising edge-triggered cell FDRE clocked by clk_pl_0  {rise@0.000ns fall@5.000ns period=10.000ns})
  Destination:            gemm_block_i/gemm_accelerator_0/inst/rescale_inst/m_axis_tdata_reg[74]/D
                            (rising edge-triggered cell FDRE clocked by clk_pl_0  {rise@0.000ns fall@5.000ns period=10.000ns})
  Path Group:             clk_pl_0
  Path Type:              Setup (Max at Slow Process Corner)
  Requirement:            10.000ns  (clk_pl_0 rise@10.000ns - clk_pl_0 rise@0.000ns)
  Data Path Delay:        7.221ns  (logic 2.100ns (29.080%)  route 5.121ns (70.920%))
  Logic Levels:           14  (CARRY8=8 LUT2=1 LUT3=2 LUT4=1 LUT6=2)
  Clock Path Skew:        -0.347ns (DCD - SCD + CPR)
    Destination Clock Delay (DCD):    2.835ns = ( 12.835 - 10.000 ) 
    Source Clock Delay      (SCD):    3.371ns
    Clock Pessimism Removal (CPR):    0.188ns
  Clock Uncertainty:      0.160ns  ((TSJ^2 + DJ^2)^1/2) / 2 + PE
    Total System Jitter     (TSJ):    0.071ns
    Discrete Jitter          (DJ):    0.312ns
    Phase Error              (PE):    0.000ns
  Clock Net Delay (Source):      3.104ns (routing 1.584ns, distribution 1.520ns)
  Clock Net Delay (Destination): 2.619ns (routing 1.450ns, distribution 1.169ns)

    Location             Delay type                Incr(ns)  Path(ns)    Netlist Resource(s)
  -------------------------------------------------------------------    -------------------
                         (clock clk_pl_0 rise edge)
                                                      0.000     0.000 r  
    PS8_X0Y0             PS8                          0.000     0.000 r  gemm_block_i/zynq_ultra_ps_e_0/inst/PS8_i/PLCLK[0]
                         net (fo=1, routed)           0.229     0.229    gemm_block_i/zynq_ultra_ps_e_0/inst/pl_clk_unbuffered[0]
    BUFG_PS_X0Y80        BUFG_PS (Prop_BUFG_PS_I_O)
                                                      0.038     0.267 r  gemm_block_i/zynq_ultra_ps_e_0/inst/buffer_pl_clk_0.PL_CLK_0_BUFG/O
    X1Y1 (CLOCK_ROOT)    net (fo=40197, routed)       3.104     3.371    gemm_block_i/axi_gpio_1/U0/gpio_core_1/s_axi_aclk
    SLICE_X14Y94         FDRE                                         r  gemm_block_i/axi_gpio_1/U0/gpio_core_1/Dual.gpio_Data_Out_reg[1]/C
  -------------------------------------------------------------------    -------------------
    SLICE_X14Y94         FDRE (Prop_GFF_SLICEL_C_Q)
                                                      0.114     3.485 r  gemm_block_i/axi_gpio_1/U0/gpio_core_1/Dual.gpio_Data_Out_reg[1]/Q
                         net (fo=1185, routed)        2.486     5.970    gemm_block_i/gemm_accelerator_0/inst/post_acc_inst/scale_shift[3]
    SLICE_X29Y26         LUT6 (Prop_E6LUT_SLICEM_I1_O)
                                                      0.083     6.053 r  gemm_block_i/gemm_accelerator_0/inst/post_acc_inst/m_axis_tdata[79]_i_212/O
                         net (fo=1, routed)           0.018     6.071    gemm_block_i/gemm_accelerator_0/inst/post_acc_inst/m_axis_tdata[79]_i_212_n_0
    SLICE_X29Y26         CARRY8 (Prop_CARRY8_SLICEM_S[4]_CO[7])
                                                      0.236     6.307 f  gemm_block_i/gemm_accelerator_0/inst/post_acc_inst/m_axis_tdata_reg[79]_i_138/CO[7]
                         net (fo=1, routed)           0.030     6.337    gemm_block_i/gemm_accelerator_0/inst/post_acc_inst/m_axis_tdata_reg[79]_i_138_n_0
    SLICE_X29Y27         CARRY8 (Prop_CARRY8_SLICEM_CI_CO[7])
                                                      0.065     6.402 f  gemm_block_i/gemm_accelerator_0/inst/post_acc_inst/m_axis_tdata_reg[79]_i_137/CO[7]
                         net (fo=1, routed)           0.030     6.432    gemm_block_i/gemm_accelerator_0/inst/post_acc_inst/m_axis_tdata_reg[79]_i_137_n_0
    SLICE_X29Y28         CARRY8 (Prop_CARRY8_SLICEM_CI_CO[7])
                                                      0.065     6.497 f  gemm_block_i/gemm_accelerator_0/inst/post_acc_inst/m_axis_tdata_reg[79]_i_135/CO[7]
                         net (fo=1, routed)           0.030     6.527    gemm_block_i/gemm_accelerator_0/inst/post_acc_inst/m_axis_tdata_reg[79]_i_135_n_0
    SLICE_X29Y29         CARRY8 (Prop_CARRY8_SLICEM_CI_CO[7])
                                                      0.065     6.592 f  gemm_block_i/gemm_accelerator_0/inst/post_acc_inst/m_axis_tdata_reg[79]_i_136/CO[7]
                         net (fo=1, routed)           0.062     6.654    gemm_block_i/gemm_accelerator_0/inst/post_acc_inst/m_axis_tdata_reg[79]_i_136_n_0
    SLICE_X29Y30         CARRY8 (Prop_CARRY8_SLICEM_CI_CO[0])
                                                      0.074     6.728 f  gemm_block_i/gemm_accelerator_0/inst/post_acc_inst/m_axis_tdata_reg[79]_i_134/CO[0]
                         net (fo=36, routed)          0.486     7.214    gemm_block_i/gemm_accelerator_0/inst/post_acc_inst/m_axis_tdata_reg[79]_i_134_n_7
    SLICE_X26Y28         LUT4 (Prop_G6LUT_SLICEL_I1_O)
                                                      0.137     7.351 r  gemm_block_i/gemm_accelerator_0/inst/post_acc_inst/m_axis_tdata[79]_i_229/O
                         net (fo=2, routed)           0.372     7.723    gemm_block_i/gemm_accelerator_0/inst/post_acc_inst/m_axis_tdata[79]_i_229_n_0
    SLICE_X24Y26         LUT6 (Prop_G6LUT_SLICEM_I0_O)
                                                      0.152     7.875 r  gemm_block_i/gemm_accelerator_0/inst/post_acc_inst/m_axis_tdata[79]_i_173/O
                         net (fo=3, routed)           0.258     8.133    gemm_block_i/gemm_accelerator_0/inst/post_acc_inst/m_axis_tdata[79]_i_173_n_0
    SLICE_X24Y32         LUT3 (Prop_A5LUT_SLICEM_I0_O)
                                                      0.225     8.358 r  gemm_block_i/gemm_accelerator_0/inst/post_acc_inst/m_axis_tdata[79]_i_122/O
                         net (fo=1, routed)           0.442     8.800    gemm_block_i/gemm_accelerator_0/inst/post_acc_inst/rescale_inst/w_shr[9]_1433[18]
    SLICE_X27Y32         CARRY8 (Prop_CARRY8_SLICEL_DI[3]_CO[7])
                                                      0.153     8.953 r  gemm_block_i/gemm_accelerator_0/inst/post_acc_inst/m_axis_tdata_reg[79]_i_67/CO[7]
                         net (fo=1, routed)           0.030     8.983    gemm_block_i/gemm_accelerator_0/inst/post_acc_inst/m_axis_tdata_reg[79]_i_67_n_0
    SLICE_X27Y33         CARRY8 (Prop_CARRY8_SLICEL_CI_O[0])
                                                      0.078     9.061 f  gemm_block_i/gemm_accelerator_0/inst/post_acc_inst/m_axis_tdata_reg[79]_i_66/O[0]
                         net (fo=4, routed)           0.324     9.384    gemm_block_i/gemm_accelerator_0/inst/post_acc_inst/m_axis_tdata_reg[79]_i_66_n_15
    SLICE_X29Y32         LUT2 (Prop_B6LUT_SLICEM_I0_O)
                                                      0.225     9.609 r  gemm_block_i/gemm_accelerator_0/inst/post_acc_inst/m_axis_tdata[79]_i_37/O
                         net (fo=1, routed)           0.022     9.631    gemm_block_i/gemm_accelerator_0/inst/post_acc_inst/m_axis_tdata[79]_i_37_n_0
    SLICE_X29Y32         CARRY8 (Prop_CARRY8_SLICEM_S[1]_CO[5])
                                                      0.279     9.910 r  gemm_block_i/gemm_accelerator_0/inst/post_acc_inst/m_axis_tdata_reg[79]_i_4/CO[5]
                         net (fo=8, routed)           0.438    10.348    gemm_block_i/gemm_accelerator_0/inst/post_acc_inst/rescale_inst/w_clamp[9]1
    SLICE_X24Y30         LUT3 (Prop_C6LUT_SLICEM_I0_O)
                                                      0.149    10.497 r  gemm_block_i/gemm_accelerator_0/inst/post_acc_inst/m_axis_tdata[74]_i_1/O
                         net (fo=1, routed)           0.095    10.592    gemm_block_i/gemm_accelerator_0/inst/rescale_inst/w_clamp[9]_1449[2]
    SLICE_X24Y30         FDRE                                         r  gemm_block_i/gemm_accelerator_0/inst/rescale_inst/m_axis_tdata_reg[74]/D
  -------------------------------------------------------------------    -------------------

                         (clock clk_pl_0 rise edge)
                                                     10.000    10.000 r  
    PS8_X0Y0             PS8                          0.000    10.000 r  gemm_block_i/zynq_ultra_ps_e_0/inst/PS8_i/PLCLK[0]
                         net (fo=1, routed)           0.181    10.181    gemm_block_i/zynq_ultra_ps_e_0/inst/pl_clk_unbuffered[0]
    BUFG_PS_X0Y80        BUFG_PS (Prop_BUFG_PS_I_O)
                                                      0.035    10.216 r  gemm_block_i/zynq_ultra_ps_e_0/inst/buffer_pl_clk_0.PL_CLK_0_BUFG/O
    X1Y1 (CLOCK_ROOT)    net (fo=40197, routed)       2.619    12.835    gemm_block_i/gemm_accelerator_0/inst/rescale_inst/aclk
    SLICE_X24Y30         FDRE                                         r  gemm_block_i/gemm_accelerator_0/inst/rescale_inst/m_axis_tdata_reg[74]/C
                         clock pessimism              0.188    13.023    
                         clock uncertainty           -0.160    12.863    
    SLICE_X24Y30         FDRE (Setup_CFF_SLICEM_C_D)
                                                      0.043    12.906    gemm_block_i/gemm_accelerator_0/inst/rescale_inst/m_axis_tdata_reg[74]
  -------------------------------------------------------------------
                         required time                         12.906    
                         arrival time                         -10.592    
  -------------------------------------------------------------------
                         slack                                  2.314    

Slack (MET) :             2.333ns  (required time - arrival time)
  Source:                 gemm_block_i/axi_gpio_1/U0/gpio_core_1/Dual.gpio_Data_Out_reg[0]/C
                            (rising edge-triggered cell FDRE clocked by clk_pl_0  {rise@0.000ns fall@5.000ns period=10.000ns})
  Destination:            gemm_block_i/gemm_accelerator_0/inst/rescale_inst/m_axis_tdata_reg[80]/D
                            (rising edge-triggered cell FDRE clocked by clk_pl_0  {rise@0.000ns fall@5.000ns period=10.000ns})
  Path Group:             clk_pl_0
  Path Type:              Setup (Max at Slow Process Corner)
  Requirement:            10.000ns  (clk_pl_0 rise@10.000ns - clk_pl_0 rise@0.000ns)
  Data Path Delay:        7.224ns  (logic 2.072ns (28.682%)  route 5.152ns (71.318%))
  Logic Levels:           11  (CARRY8=5 LUT2=1 LUT3=2 LUT5=1 LUT6=2)
  Clock Path Skew:        -0.327ns (DCD - SCD + CPR)
    Destination Clock Delay (DCD):    2.856ns = ( 12.856 - 10.000 ) 
    Source Clock Delay      (SCD):    3.371ns
    Clock Pessimism Removal (CPR):    0.188ns
  Clock Uncertainty:      0.160ns  ((TSJ^2 + DJ^2)^1/2) / 2 + PE
    Total System Jitter     (TSJ):    0.071ns
    Discrete Jitter          (DJ):    0.312ns
    Phase Error              (PE):    0.000ns
  Clock Net Delay (Source):      3.104ns (routing 1.584ns, distribution 1.520ns)
  Clock Net Delay (Destination): 2.640ns (routing 1.450ns, distribution 1.190ns)

    Location             Delay type                Incr(ns)  Path(ns)    Netlist Resource(s)
  -------------------------------------------------------------------    -------------------
                         (clock clk_pl_0 rise edge)
                                                      0.000     0.000 r  
    PS8_X0Y0             PS8                          0.000     0.000 r  gemm_block_i/zynq_ultra_ps_e_0/inst/PS8_i/PLCLK[0]
                         net (fo=1, routed)           0.229     0.229    gemm_block_i/zynq_ultra_ps_e_0/inst/pl_clk_unbuffered[0]
    BUFG_PS_X0Y80        BUFG_PS (Prop_BUFG_PS_I_O)
                                                      0.038     0.267 r  gemm_block_i/zynq_ultra_ps_e_0/inst/buffer_pl_clk_0.PL_CLK_0_BUFG/O
    X1Y1 (CLOCK_ROOT)    net (fo=40197, routed)       3.104     3.371    gemm_block_i/axi_gpio_1/U0/gpio_core_1/s_axi_aclk
    SLICE_X14Y94         FDRE                                         r  gemm_block_i/axi_gpio_1/U0/gpio_core_1/Dual.gpio_Data_Out_reg[0]/C
  -------------------------------------------------------------------    -------------------
    SLICE_X14Y94         FDRE (Prop_HFF_SLICEL_C_Q)
                                                      0.113     3.484 r  gemm_block_i/axi_gpio_1/U0/gpio_core_1/Dual.gpio_Data_Out_reg[0]/Q
                         net (fo=1185, routed)        2.711     6.195    gemm_block_i/gemm_accelerator_0/inst/post_acc_inst/scale_shift[4]
    SLICE_X30Y23         LUT6 (Prop_A6LUT_SLICEL_I2_O)
                                                      0.058     6.253 r  gemm_block_i/gemm_accelerator_0/inst/post_acc_inst/m_axis_tdata[87]_i_208/O
                         net (fo=1, routed)           0.014     6.267    gemm_block_i/gemm_accelerator_0/inst/post_acc_inst/m_axis_tdata[87]_i_208_n_0
    SLICE_X30Y23         CARRY8 (Prop_CARRY8_SLICEL_S[0]_CO[7])
                                                      0.278     6.545 r  gemm_block_i/gemm_accelerator_0/inst/post_acc_inst/m_axis_tdata_reg[87]_i_137/CO[7]
                         net (fo=1, routed)           0.030     6.575    gemm_block_i/gemm_accelerator_0/inst/post_acc_inst/m_axis_tdata_reg[87]_i_137_n_0
    SLICE_X30Y24         CARRY8 (Prop_CARRY8_SLICEL_CI_CO[7])
                                                      0.065     6.640 r  gemm_block_i/gemm_accelerator_0/inst/post_acc_inst/m_axis_tdata_reg[87]_i_135/CO[7]
                         net (fo=1, routed)           0.030     6.670    gemm_block_i/gemm_accelerator_0/inst/post_acc_inst/m_axis_tdata_reg[87]_i_135_n_0
    SLICE_X30Y25         CARRY8 (Prop_CARRY8_SLICEL_CI_O[7])
                                                      0.171     6.841 r  gemm_block_i/gemm_accelerator_0/inst/post_acc_inst/m_axis_tdata_reg[87]_i_136/O[7]
                         net (fo=6, routed)           0.476     7.317    gemm_block_i/gemm_accelerator_0/inst/post_acc_inst/rescale_inst/w_rnd[10]_1466[31]
    SLICE_X37Y23         LUT5 (Prop_G6LUT_SLICEM_I0_O)
                                                      0.226     7.543 r  gemm_block_i/gemm_accelerator_0/inst/post_acc_inst/m_axis_tdata[87]_i_226/O
                         net (fo=6, routed)           0.242     7.784    gemm_block_i/gemm_accelerator_0/inst/post_acc_inst/m_axis_tdata[87]_i_226_n_0
    SLICE_X35Y22         LUT6 (Prop_H6LUT_SLICEM_I3_O)
                                                      0.138     7.922 r  gemm_block_i/gemm_accelerator_0/inst/post_acc_inst/m_axis_tdata[87]_i_173/O
                         net (fo=3, routed)           0.462     8.384    gemm_block_i/gemm_accelerator_0/inst/post_acc_inst/m_axis_tdata[87]_i_173_n_0
    SLICE_X31Y28         LUT3 (Prop_H5LUT_SLICEM_I0_O)
                                                      0.189     8.573 r  gemm_block_i/gemm_accelerator_0/inst/post_acc_inst/m_axis_tdata[87]_i_122/O
                         net (fo=1, routed)           0.241     8.814    gemm_block_i/gemm_accelerator_0/inst/post_acc_inst/rescale_inst/w_shr[10]_1434[18]
    SLICE_X31Y25         CARRY8 (Prop_CARRY8_SLICEM_DI[3]_O[6])
                                                      0.249     9.063 f  gemm_block_i/gemm_accelerator_0/inst/post_acc_inst/m_axis_tdata_reg[87]_i_67/O[6]
                         net (fo=4, routed)           0.553     9.616    gemm_block_i/gemm_accelerator_0/inst/post_acc_inst/m_axis_tdata_reg[87]_i_67_n_9
    SLICE_X25Y26         LUT2 (Prop_A6LUT_SLICEM_I0_O)
                                                      0.152     9.768 r  gemm_block_i/gemm_accelerator_0/inst/post_acc_inst/m_axis_tdata[87]_i_38/O
                         net (fo=1, routed)           0.017     9.785    gemm_block_i/gemm_accelerator_0/inst/post_acc_inst/m_axis_tdata[87]_i_38_n_0
    SLICE_X25Y26         CARRY8 (Prop_CARRY8_SLICEM_S[0]_CO[5])
                                                      0.281    10.066 r  gemm_block_i/gemm_accelerator_0/inst/post_acc_inst/m_axis_tdata_reg[87]_i_4/CO[5]
                         net (fo=8, routed)           0.310    10.376    gemm_block_i/gemm_accelerator_0/inst/post_acc_inst/rescale_inst/w_clamp[10]1
    SLICE_X26Y20         LUT3 (Prop_D6LUT_SLICEL_I0_O)
                                                      0.152    10.528 r  gemm_block_i/gemm_accelerator_0/inst/post_acc_inst/m_axis_tdata[80]_i_1/O
                         net (fo=1, routed)           0.067    10.595    gemm_block_i/gemm_accelerator_0/inst/rescale_inst/w_clamp[10]_1450[0]
    SLICE_X26Y20         FDRE                                         r  gemm_block_i/gemm_accelerator_0/inst/rescale_inst/m_axis_tdata_reg[80]/D
  -------------------------------------------------------------------    -------------------

                         (clock clk_pl_0 rise edge)
                                                     10.000    10.000 r  
    PS8_X0Y0             PS8                          0.000    10.000 r  gemm_block_i/zynq_ultra_ps_e_0/inst/PS8_i/PLCLK[0]
                         net (fo=1, routed)           0.181    10.181    gemm_block_i/zynq_ultra_ps_e_0/inst/pl_clk_unbuffered[0]
    BUFG_PS_X0Y80        BUFG_PS (Prop_BUFG_PS_I_O)
                                                      0.035    10.216 r  gemm_block_i/zynq_ultra_ps_e_0/inst/buffer_pl_clk_0.PL_CLK_0_BUFG/O
    X1Y1 (CLOCK_ROOT)    net (fo=40197, routed)       2.640    12.856    gemm_block_i/gemm_accelerator_0/inst/rescale_inst/aclk
    SLICE_X26Y20         FDRE                                         r  gemm_block_i/gemm_accelerator_0/inst/rescale_inst/m_axis_tdata_reg[80]/C
                         clock pessimism              0.188    13.044    
                         clock uncertainty           -0.160    12.884    
    SLICE_X26Y20         FDRE (Setup_DFF_SLICEL_C_D)
                                                      0.044    12.928    gemm_block_i/gemm_accelerator_0/inst/rescale_inst/m_axis_tdata_reg[80]
  -------------------------------------------------------------------
                         required time                         12.928    
                         arrival time                         -10.595    
  -------------------------------------------------------------------
                         slack                                  2.333    

Slack (MET) :             2.335ns  (required time - arrival time)
  Source:                 gemm_block_i/axi_gpio_1/U0/gpio_core_1/Dual.gpio_Data_Out_reg[1]/C
                            (rising edge-triggered cell FDRE clocked by clk_pl_0  {rise@0.000ns fall@5.000ns period=10.000ns})
  Destination:            gemm_block_i/gemm_accelerator_0/inst/rescale_inst/m_axis_tdata_reg[77]/D
                            (rising edge-triggered cell FDRE clocked by clk_pl_0  {rise@0.000ns fall@5.000ns period=10.000ns})
  Path Group:             clk_pl_0
  Path Type:              Setup (Max at Slow Process Corner)
  Requirement:            10.000ns  (clk_pl_0 rise@10.000ns - clk_pl_0 rise@0.000ns)
  Data Path Delay:        7.203ns  (logic 2.111ns (29.309%)  route 5.092ns (70.691%))
  Logic Levels:           14  (CARRY8=8 LUT2=1 LUT3=2 LUT4=1 LUT6=2)
  Clock Path Skew:        -0.347ns (DCD - SCD + CPR)
    Destination Clock Delay (DCD):    2.835ns = ( 12.835 - 10.000 ) 
    Source Clock Delay      (SCD):    3.371ns
    Clock Pessimism Removal (CPR):    0.188ns
  Clock Uncertainty:      0.160ns  ((TSJ^2 + DJ^2)^1/2) / 2 + PE
    Total System Jitter     (TSJ):    0.071ns
    Discrete Jitter          (DJ):    0.312ns
    Phase Error              (PE):    0.000ns
  Clock Net Delay (Source):      3.104ns (routing 1.584ns, distribution 1.520ns)
  Clock Net Delay (Destination): 2.619ns (routing 1.450ns, distribution 1.169ns)

    Location             Delay type                Incr(ns)  Path(ns)    Netlist Resource(s)
  -------------------------------------------------------------------    -------------------
                         (clock clk_pl_0 rise edge)
                                                      0.000     0.000 r  
    PS8_X0Y0             PS8                          0.000     0.000 r  gemm_block_i/zynq_ultra_ps_e_0/inst/PS8_i/PLCLK[0]
                         net (fo=1, routed)           0.229     0.229    gemm_block_i/zynq_ultra_ps_e_0/inst/pl_clk_unbuffered[0]
    BUFG_PS_X0Y80        BUFG_PS (Prop_BUFG_PS_I_O)
                                                      0.038     0.267 r  gemm_block_i/zynq_ultra_ps_e_0/inst/buffer_pl_clk_0.PL_CLK_0_BUFG/O
    X1Y1 (CLOCK_ROOT)    net (fo=40197, routed)       3.104     3.371    gemm_block_i/axi_gpio_1/U0/gpio_core_1/s_axi_aclk
    SLICE_X14Y94         FDRE                                         r  gemm_block_i/axi_gpio_1/U0/gpio_core_1/Dual.gpio_Data_Out_reg[1]/C
  -------------------------------------------------------------------    -------------------
    SLICE_X14Y94         FDRE (Prop_GFF_SLICEL_C_Q)
                                                      0.114     3.485 r  gemm_block_i/axi_gpio_1/U0/gpio_core_1/Dual.gpio_Data_Out_reg[1]/Q
                         net (fo=1185, routed)        2.486     5.970    gemm_block_i/gemm_accelerator_0/inst/post_acc_inst/scale_shift[3]
    SLICE_X29Y26         LUT6 (Prop_E6LUT_SLICEM_I1_O)
                                                      0.083     6.053 r  gemm_block_i/gemm_accelerator_0/inst/post_acc_inst/m_axis_tdata[79]_i_212/O
                         net (fo=1, routed)           0.018     6.071    gemm_block_i/gemm_accelerator_0/inst/post_acc_inst/m_axis_tdata[79]_i_212_n_0
    SLICE_X29Y26         CARRY8 (Prop_CARRY8_SLICEM_S[4]_CO[7])
                                                      0.236     6.307 f  gemm_block_i/gemm_accelerator_0/inst/post_acc_inst/m_axis_tdata_reg[79]_i_138/CO[7]
                         net (fo=1, routed)           0.030     6.337    gemm_block_i/gemm_accelerator_0/inst/post_acc_inst/m_axis_tdata_reg[79]_i_138_n_0
    SLICE_X29Y27         CARRY8 (Prop_CARRY8_SLICEM_CI_CO[7])
                                                      0.065     6.402 f  gemm_block_i/gemm_accelerator_0/inst/post_acc_inst/m_axis_tdata_reg[79]_i_137/CO[7]
                         net (fo=1, routed)           0.030     6.432    gemm_block_i/gemm_accelerator_0/inst/post_acc_inst/m_axis_tdata_reg[79]_i_137_n_0
    SLICE_X29Y28         CARRY8 (Prop_CARRY8_SLICEM_CI_CO[7])
                                                      0.065     6.497 f  gemm_block_i/gemm_accelerator_0/inst/post_acc_inst/m_axis_tdata_reg[79]_i_135/CO[7]
                         net (fo=1, routed)           0.030     6.527    gemm_block_i/gemm_accelerator_0/inst/post_acc_inst/m_axis_tdata_reg[79]_i_135_n_0
    SLICE_X29Y29         CARRY8 (Prop_CARRY8_SLICEM_CI_CO[7])
                                                      0.065     6.592 f  gemm_block_i/gemm_accelerator_0/inst/post_acc_inst/m_axis_tdata_reg[79]_i_136/CO[7]
                         net (fo=1, routed)           0.062     6.654    gemm_block_i/gemm_accelerator_0/inst/post_acc_inst/m_axis_tdata_reg[79]_i_136_n_0
    SLICE_X29Y30         CARRY8 (Prop_CARRY8_SLICEM_CI_CO[0])
                                                      0.074     6.728 f  gemm_block_i/gemm_accelerator_0/inst/post_acc_inst/m_axis_tdata_reg[79]_i_134/CO[0]
                         net (fo=36, routed)          0.486     7.214    gemm_block_i/gemm_accelerator_0/inst/post_acc_inst/m_axis_tdata_reg[79]_i_134_n_7
    SLICE_X26Y28         LUT4 (Prop_G6LUT_SLICEL_I1_O)
                                                      0.137     7.351 r  gemm_block_i/gemm_accelerator_0/inst/post_acc_inst/m_axis_tdata[79]_i_229/O
                         net (fo=2, routed)           0.372     7.723    gemm_block_i/gemm_accelerator_0/inst/post_acc_inst/m_axis_tdata[79]_i_229_n_0
    SLICE_X24Y26         LUT6 (Prop_G6LUT_SLICEM_I0_O)
                                                      0.152     7.875 r  gemm_block_i/gemm_accelerator_0/inst/post_acc_inst/m_axis_tdata[79]_i_173/O
                         net (fo=3, routed)           0.258     8.133    gemm_block_i/gemm_accelerator_0/inst/post_acc_inst/m_axis_tdata[79]_i_173_n_0
    SLICE_X24Y32         LUT3 (Prop_A5LUT_SLICEM_I0_O)
                                                      0.225     8.358 r  gemm_block_i/gemm_accelerator_0/inst/post_acc_inst/m_axis_tdata[79]_i_122/O
                         net (fo=1, routed)           0.442     8.800    gemm_block_i/gemm_accelerator_0/inst/post_acc_inst/rescale_inst/w_shr[9]_1433[18]
    SLICE_X27Y32         CARRY8 (Prop_CARRY8_SLICEL_DI[3]_CO[7])
                                                      0.153     8.953 r  gemm_block_i/gemm_accelerator_0/inst/post_acc_inst/m_axis_tdata_reg[79]_i_67/CO[7]
                         net (fo=1, routed)           0.030     8.983    gemm_block_i/gemm_accelerator_0/inst/post_acc_inst/m_axis_tdata_reg[79]_i_67_n_0
    SLICE_X27Y33         CARRY8 (Prop_CARRY8_SLICEL_CI_O[0])
                                                      0.078     9.061 f  gemm_block_i/gemm_accelerator_0/inst/post_acc_inst/m_axis_tdata_reg[79]_i_66/O[0]
                         net (fo=4, routed)           0.324     9.384    gemm_block_i/gemm_accelerator_0/inst/post_acc_inst/m_axis_tdata_reg[79]_i_66_n_15
    SLICE_X29Y32         LUT2 (Prop_B6LUT_SLICEM_I0_O)
                                                      0.225     9.609 r  gemm_block_i/gemm_accelerator_0/inst/post_acc_inst/m_axis_tdata[79]_i_37/O
                         net (fo=1, routed)           0.022     9.631    gemm_block_i/gemm_accelerator_0/inst/post_acc_inst/m_axis_tdata[79]_i_37_n_0
    SLICE_X29Y32         CARRY8 (Prop_CARRY8_SLICEM_S[1]_CO[5])
                                                      0.279     9.910 r  gemm_block_i/gemm_accelerator_0/inst/post_acc_inst/m_axis_tdata_reg[79]_i_4/CO[5]
                         net (fo=8, routed)           0.465    10.375    gemm_block_i/gemm_accelerator_0/inst/post_acc_inst/rescale_inst/w_clamp[9]1
    SLICE_X24Y30         LUT3 (Prop_B5LUT_SLICEM_I0_O)
                                                      0.160    10.535 r  gemm_block_i/gemm_accelerator_0/inst/post_acc_inst/m_axis_tdata[77]_i_1/O
                         net (fo=1, routed)           0.038    10.573    gemm_block_i/gemm_accelerator_0/inst/rescale_inst/w_clamp[9]_1449[5]
    SLICE_X24Y30         FDRE                                         r  gemm_block_i/gemm_accelerator_0/inst/rescale_inst/m_axis_tdata_reg[77]/D
  -------------------------------------------------------------------    -------------------

                         (clock clk_pl_0 rise edge)
                                                     10.000    10.000 r  
    PS8_X0Y0             PS8                          0.000    10.000 r  gemm_block_i/zynq_ultra_ps_e_0/inst/PS8_i/PLCLK[0]
                         net (fo=1, routed)           0.181    10.181    gemm_block_i/zynq_ultra_ps_e_0/inst/pl_clk_unbuffered[0]
    BUFG_PS_X0Y80        BUFG_PS (Prop_BUFG_PS_I_O)
                                                      0.035    10.216 r  gemm_block_i/zynq_ultra_ps_e_0/inst/buffer_pl_clk_0.PL_CLK_0_BUFG/O
    X1Y1 (CLOCK_ROOT)    net (fo=40197, routed)       2.619    12.835    gemm_block_i/gemm_accelerator_0/inst/rescale_inst/aclk
    SLICE_X24Y30         FDRE                                         r  gemm_block_i/gemm_accelerator_0/inst/rescale_inst/m_axis_tdata_reg[77]/C
                         clock pessimism              0.188    13.023    
                         clock uncertainty           -0.160    12.863    
    SLICE_X24Y30         FDRE (Setup_BFF2_SLICEM_C_D)
                                                      0.045    12.908    gemm_block_i/gemm_accelerator_0/inst/rescale_inst/m_axis_tdata_reg[77]
  -------------------------------------------------------------------
                         required time                         12.908    
                         arrival time                         -10.573    
  -------------------------------------------------------------------
                         slack                                  2.335    

Slack (MET) :             2.336ns  (required time - arrival time)
  Source:                 gemm_block_i/axi_gpio_1/U0/gpio_core_1/Dual.gpio_Data_Out_reg[0]/C
                            (rising edge-triggered cell FDRE clocked by clk_pl_0  {rise@0.000ns fall@5.000ns period=10.000ns})
  Destination:            gemm_block_i/gemm_accelerator_0/inst/rescale_inst/m_axis_tdata_reg[82]/D
                            (rising edge-triggered cell FDRE clocked by clk_pl_0  {rise@0.000ns fall@5.000ns period=10.000ns})
  Path Group:             clk_pl_0
  Path Type:              Setup (Max at Slow Process Corner)
  Requirement:            10.000ns  (clk_pl_0 rise@10.000ns - clk_pl_0 rise@0.000ns)
  Data Path Delay:        7.221ns  (logic 2.070ns (28.666%)  route 5.151ns (71.334%))
  Logic Levels:           11  (CARRY8=5 LUT2=1 LUT3=2 LUT5=1 LUT6=2)
  Clock Path Skew:        -0.327ns (DCD - SCD + CPR)
    Destination Clock Delay (DCD):    2.856ns = ( 12.856 - 10.000 ) 
    Source Clock Delay      (SCD):    3.371ns
    Clock Pessimism Removal (CPR):    0.188ns
  Clock Uncertainty:      0.160ns  ((TSJ^2 + DJ^2)^1/2) / 2 + PE
    Total System Jitter     (TSJ):    0.071ns
    Discrete Jitter          (DJ):    0.312ns
    Phase Error              (PE):    0.000ns
  Clock Net Delay (Source):      3.104ns (routing 1.584ns, distribution 1.520ns)
  Clock Net Delay (Destination): 2.640ns (routing 1.450ns, distribution 1.190ns)

    Location             Delay type                Incr(ns)  Path(ns)    Netlist Resource(s)
  -------------------------------------------------------------------    -------------------
                         (clock clk_pl_0 rise edge)
                                                      0.000     0.000 r  
    PS8_X0Y0             PS8                          0.000     0.000 r  gemm_block_i/zynq_ultra_ps_e_0/inst/PS8_i/PLCLK[0]
                         net (fo=1, routed)           0.229     0.229    gemm_block_i/zynq_ultra_ps_e_0/inst/pl_clk_unbuffered[0]
    BUFG_PS_X0Y80        BUFG_PS (Prop_BUFG_PS_I_O)
                                                      0.038     0.267 r  gemm_block_i/zynq_ultra_ps_e_0/inst/buffer_pl_clk_0.PL_CLK_0_BUFG/O
    X1Y1 (CLOCK_ROOT)    net (fo=40197, routed)       3.104     3.371    gemm_block_i/axi_gpio_1/U0/gpio_core_1/s_axi_aclk
    SLICE_X14Y94         FDRE                                         r  gemm_block_i/axi_gpio_1/U0/gpio_core_1/Dual.gpio_Data_Out_reg[0]/C
  -------------------------------------------------------------------    -------------------
    SLICE_X14Y94         FDRE (Prop_HFF_SLICEL_C_Q)
                                                      0.113     3.484 r  gemm_block_i/axi_gpio_1/U0/gpio_core_1/Dual.gpio_Data_Out_reg[0]/Q
                         net (fo=1185, routed)        2.711     6.195    gemm_block_i/gemm_accelerator_0/inst/post_acc_inst/scale_shift[4]
    SLICE_X30Y23         LUT6 (Prop_A6LUT_SLICEL_I2_O)
                                                      0.058     6.253 r  gemm_block_i/gemm_accelerator_0/inst/post_acc_inst/m_axis_tdata[87]_i_208/O
                         net (fo=1, routed)           0.014     6.267    gemm_block_i/gemm_accelerator_0/inst/post_acc_inst/m_axis_tdata[87]_i_208_n_0
    SLICE_X30Y23         CARRY8 (Prop_CARRY8_SLICEL_S[0]_CO[7])
                                                      0.278     6.545 r  gemm_block_i/gemm_accelerator_0/inst/post_acc_inst/m_axis_tdata_reg[87]_i_137/CO[7]
                         net (fo=1, routed)           0.030     6.575    gemm_block_i/gemm_accelerator_0/inst/post_acc_inst/m_axis_tdata_reg[87]_i_137_n_0
    SLICE_X30Y24         CARRY8 (Prop_CARRY8_SLICEL_CI_CO[7])
                                                      0.065     6.640 r  gemm_block_i/gemm_accelerator_0/inst/post_acc_inst/m_axis_tdata_reg[87]_i_135/CO[7]
                         net (fo=1, routed)           0.030     6.670    gemm_block_i/gemm_accelerator_0/inst/post_acc_inst/m_axis_tdata_reg[87]_i_135_n_0
    SLICE_X30Y25         CARRY8 (Prop_CARRY8_SLICEL_CI_O[7])
                                                      0.171     6.841 r  gemm_block_i/gemm_accelerator_0/inst/post_acc_inst/m_axis_tdata_reg[87]_i_136/O[7]
                         net (fo=6, routed)           0.476     7.317    gemm_block_i/gemm_accelerator_0/inst/post_acc_inst/rescale_inst/w_rnd[10]_1466[31]
    SLICE_X37Y23         LUT5 (Prop_G6LUT_SLICEM_I0_O)
                                                      0.226     7.543 r  gemm_block_i/gemm_accelerator_0/inst/post_acc_inst/m_axis_tdata[87]_i_226/O
                         net (fo=6, routed)           0.242     7.784    gemm_block_i/gemm_accelerator_0/inst/post_acc_inst/m_axis_tdata[87]_i_226_n_0
    SLICE_X35Y22         LUT6 (Prop_H6LUT_SLICEM_I3_O)
                                                      0.138     7.922 r  gemm_block_i/gemm_accelerator_0/inst/post_acc_inst/m_axis_tdata[87]_i_173/O
                         net (fo=3, routed)           0.462     8.384    gemm_block_i/gemm_accelerator_0/inst/post_acc_inst/m_axis_tdata[87]_i_173_n_0
    SLICE_X31Y28         LUT3 (Prop_H5LUT_SLICEM_I0_O)
                                                      0.189     8.573 r  gemm_block_i/gemm_accelerator_0/inst/post_acc_inst/m_axis_tdata[87]_i_122/O
                         net (fo=1, routed)           0.241     8.814    gemm_block_i/gemm_accelerator_0/inst/post_acc_inst/rescale_inst/w_shr[10]_1434[18]
    SLICE_X31Y25         CARRY8 (Prop_CARRY8_SLICEM_DI[3]_O[6])
                                                      0.249     9.063 f  gemm_block_i/gemm_accelerator_0/inst/post_acc_inst/m_axis_tdata_reg[87]_i_67/O[6]
                         net (fo=4, routed)           0.553     9.616    gemm_block_i/gemm_accelerator_0/inst/post_acc_inst/m_axis_tdata_reg[87]_i_67_n_9
    SLICE_X25Y26         LUT2 (Prop_A6LUT_SLICEM_I0_O)
                                                      0.152     9.768 r  gemm_block_i/gemm_accelerator_0/inst/post_acc_inst/m_axis_tdata[87]_i_38/O
                         net (fo=1, routed)           0.017     9.785    gemm_block_i/gemm_accelerator_0/inst/post_acc_inst/m_axis_tdata[87]_i_38_n_0
    SLICE_X25Y26         CARRY8 (Prop_CARRY8_SLICEM_S[0]_CO[5])
                                                      0.281    10.066 r  gemm_block_i/gemm_accelerator_0/inst/post_acc_inst/m_axis_tdata_reg[87]_i_4/CO[5]
                         net (fo=8, routed)           0.307    10.373    gemm_block_i/gemm_accelerator_0/inst/post_acc_inst/rescale_inst/w_clamp[10]1
    SLICE_X26Y20         LUT3 (Prop_C6LUT_SLICEL_I0_O)
                                                      0.150    10.523 r  gemm_block_i/gemm_accelerator_0/inst/post_acc_inst/m_axis_tdata[82]_i_1/O
                         net (fo=1, routed)           0.069    10.592    gemm_block_i/gemm_accelerator_0/inst/rescale_inst/w_clamp[10]_1450[2]
    SLICE_X26Y20         FDRE                                         r  gemm_block_i/gemm_accelerator_0/inst/rescale_inst/m_axis_tdata_reg[82]/D
  -------------------------------------------------------------------    -------------------

                         (clock clk_pl_0 rise edge)
                                                     10.000    10.000 r  
    PS8_X0Y0             PS8                          0.000    10.000 r  gemm_block_i/zynq_ultra_ps_e_0/inst/PS8_i/PLCLK[0]
                         net (fo=1, routed)           0.181    10.181    gemm_block_i/zynq_ultra_ps_e_0/inst/pl_clk_unbuffered[0]
    BUFG_PS_X0Y80        BUFG_PS (Prop_BUFG_PS_I_O)
                                                      0.035    10.216 r  gemm_block_i/zynq_ultra_ps_e_0/inst/buffer_pl_clk_0.PL_CLK_0_BUFG/O
    X1Y1 (CLOCK_ROOT)    net (fo=40197, routed)       2.640    12.856    gemm_block_i/gemm_accelerator_0/inst/rescale_inst/aclk
    SLICE_X26Y20         FDRE                                         r  gemm_block_i/gemm_accelerator_0/inst/rescale_inst/m_axis_tdata_reg[82]/C
                         clock pessimism              0.188    13.044    
                         clock uncertainty           -0.160    12.884    
    SLICE_X26Y20         FDRE (Setup_CFF_SLICEL_C_D)
                                                      0.044    12.928    gemm_block_i/gemm_accelerator_0/inst/rescale_inst/m_axis_tdata_reg[82]
  -------------------------------------------------------------------
                         required time                         12.928    
                         arrival time                         -10.592    
  -------------------------------------------------------------------
                         slack                                  2.336    

Slack (MET) :             2.340ns  (required time - arrival time)
  Source:                 gemm_block_i/axi_gpio_1/U0/gpio_core_1/Dual.gpio_Data_Out_reg[1]/C
                            (rising edge-triggered cell FDRE clocked by clk_pl_0  {rise@0.000ns fall@5.000ns period=10.000ns})
  Destination:            gemm_block_i/gemm_accelerator_0/inst/rescale_inst/m_axis_tdata_reg[79]/D
                            (rising edge-triggered cell FDRE clocked by clk_pl_0  {rise@0.000ns fall@5.000ns period=10.000ns})
  Path Group:             clk_pl_0
  Path Type:              Setup (Max at Slow Process Corner)
  Requirement:            10.000ns  (clk_pl_0 rise@10.000ns - clk_pl_0 rise@0.000ns)
  Data Path Delay:        7.198ns  (logic 2.107ns (29.273%)  route 5.091ns (70.727%))
  Logic Levels:           14  (CARRY8=8 LUT2=1 LUT3=2 LUT4=1 LUT6=2)
  Clock Path Skew:        -0.347ns (DCD - SCD + CPR)
    Destination Clock Delay (DCD):    2.835ns = ( 12.835 - 10.000 ) 
    Source Clock Delay      (SCD):    3.371ns
    Clock Pessimism Removal (CPR):    0.188ns
  Clock Uncertainty:      0.160ns  ((TSJ^2 + DJ^2)^1/2) / 2 + PE
    Total System Jitter     (TSJ):    0.071ns
    Discrete Jitter          (DJ):    0.312ns
    Phase Error              (PE):    0.000ns
  Clock Net Delay (Source):      3.104ns (routing 1.584ns, distribution 1.520ns)
  Clock Net Delay (Destination): 2.619ns (routing 1.450ns, distribution 1.169ns)

    Location             Delay type                Incr(ns)  Path(ns)    Netlist Resource(s)
  -------------------------------------------------------------------    -------------------
                         (clock clk_pl_0 rise edge)
                                                      0.000     0.000 r  
    PS8_X0Y0             PS8                          0.000     0.000 r  gemm_block_i/zynq_ultra_ps_e_0/inst/PS8_i/PLCLK[0]
                         net (fo=1, routed)           0.229     0.229    gemm_block_i/zynq_ultra_ps_e_0/inst/pl_clk_unbuffered[0]
    BUFG_PS_X0Y80        BUFG_PS (Prop_BUFG_PS_I_O)
                                                      0.038     0.267 r  gemm_block_i/zynq_ultra_ps_e_0/inst/buffer_pl_clk_0.PL_CLK_0_BUFG/O
    X1Y1 (CLOCK_ROOT)    net (fo=40197, routed)       3.104     3.371    gemm_block_i/axi_gpio_1/U0/gpio_core_1/s_axi_aclk
    SLICE_X14Y94         FDRE                                         r  gemm_block_i/axi_gpio_1/U0/gpio_core_1/Dual.gpio_Data_Out_reg[1]/C
  -------------------------------------------------------------------    -------------------
    SLICE_X14Y94         FDRE (Prop_GFF_SLICEL_C_Q)
                                                      0.114     3.485 r  gemm_block_i/axi_gpio_1/U0/gpio_core_1/Dual.gpio_Data_Out_reg[1]/Q
                         net (fo=1185, routed)        2.486     5.970    gemm_block_i/gemm_accelerator_0/inst/post_acc_inst/scale_shift[3]
    SLICE_X29Y26         LUT6 (Prop_E6LUT_SLICEM_I1_O)
                                                      0.083     6.053 r  gemm_block_i/gemm_accelerator_0/inst/post_acc_inst/m_axis_tdata[79]_i_212/O
                         net (fo=1, routed)           0.018     6.071    gemm_block_i/gemm_accelerator_0/inst/post_acc_inst/m_axis_tdata[79]_i_212_n_0
    SLICE_X29Y26         CARRY8 (Prop_CARRY8_SLICEM_S[4]_CO[7])
                                                      0.236     6.307 f  gemm_block_i/gemm_accelerator_0/inst/post_acc_inst/m_axis_tdata_reg[79]_i_138/CO[7]
                         net (fo=1, routed)           0.030     6.337    gemm_block_i/gemm_accelerator_0/inst/post_acc_inst/m_axis_tdata_reg[79]_i_138_n_0
    SLICE_X29Y27         CARRY8 (Prop_CARRY8_SLICEM_CI_CO[7])
                                                      0.065     6.402 f  gemm_block_i/gemm_accelerator_0/inst/post_acc_inst/m_axis_tdata_reg[79]_i_137/CO[7]
                         net (fo=1, routed)           0.030     6.432    gemm_block_i/gemm_accelerator_0/inst/post_acc_inst/m_axis_tdata_reg[79]_i_137_n_0
    SLICE_X29Y28         CARRY8 (Prop_CARRY8_SLICEM_CI_CO[7])
                                                      0.065     6.497 f  gemm_block_i/gemm_accelerator_0/inst/post_acc_inst/m_axis_tdata_reg[79]_i_135/CO[7]
                         net (fo=1, routed)           0.030     6.527    gemm_block_i/gemm_accelerator_0/inst/post_acc_inst/m_axis_tdata_reg[79]_i_135_n_0
    SLICE_X29Y29         CARRY8 (Prop_CARRY8_SLICEM_CI_CO[7])
                                                      0.065     6.592 f  gemm_block_i/gemm_accelerator_0/inst/post_acc_inst/m_axis_tdata_reg[79]_i_136/CO[7]
                         net (fo=1, routed)           0.062     6.654    gemm_block_i/gemm_accelerator_0/inst/post_acc_inst/m_axis_tdata_reg[79]_i_136_n_0
    SLICE_X29Y30         CARRY8 (Prop_CARRY8_SLICEM_CI_CO[0])
                                                      0.074     6.728 f  gemm_block_i/gemm_accelerator_0/inst/post_acc_inst/m_axis_tdata_reg[79]_i_134/CO[0]
                         net (fo=36, routed)          0.486     7.214    gemm_block_i/gemm_accelerator_0/inst/post_acc_inst/m_axis_tdata_reg[79]_i_134_n_7
    SLICE_X26Y28         LUT4 (Prop_G6LUT_SLICEL_I1_O)
                                                      0.137     7.351 r  gemm_block_i/gemm_accelerator_0/inst/post_acc_inst/m_axis_tdata[79]_i_229/O
                         net (fo=2, routed)           0.372     7.723    gemm_block_i/gemm_accelerator_0/inst/post_acc_inst/m_axis_tdata[79]_i_229_n_0
    SLICE_X24Y26         LUT6 (Prop_G6LUT_SLICEM_I0_O)
                                                      0.152     7.875 r  gemm_block_i/gemm_accelerator_0/inst/post_acc_inst/m_axis_tdata[79]_i_173/O
                         net (fo=3, routed)           0.258     8.133    gemm_block_i/gemm_accelerator_0/inst/post_acc_inst/m_axis_tdata[79]_i_173_n_0
    SLICE_X24Y32         LUT3 (Prop_A5LUT_SLICEM_I0_O)
                                                      0.225     8.358 r  gemm_block_i/gemm_accelerator_0/inst/post_acc_inst/m_axis_tdata[79]_i_122/O
                         net (fo=1, routed)           0.442     8.800    gemm_block_i/gemm_accelerator_0/inst/post_acc_inst/rescale_inst/w_shr[9]_1433[18]
    SLICE_X27Y32         CARRY8 (Prop_CARRY8_SLICEL_DI[3]_CO[7])
                                                      0.153     8.953 r  gemm_block_i/gemm_accelerator_0/inst/post_acc_inst/m_axis_tdata_reg[79]_i_67/CO[7]
                         net (fo=1, routed)           0.030     8.983    gemm_block_i/gemm_accelerator_0/inst/post_acc_inst/m_axis_tdata_reg[79]_i_67_n_0
    SLICE_X27Y33         CARRY8 (Prop_CARRY8_SLICEL_CI_O[0])
                                                      0.078     9.061 f  gemm_block_i/gemm_accelerator_0/inst/post_acc_inst/m_axis_tdata_reg[79]_i_66/O[0]
                         net (fo=4, routed)           0.324     9.384    gemm_block_i/gemm_accelerator_0/inst/post_acc_inst/m_axis_tdata_reg[79]_i_66_n_15
    SLICE_X29Y32         LUT2 (Prop_B6LUT_SLICEM_I0_O)
                                                      0.225     9.609 r  gemm_block_i/gemm_accelerator_0/inst/post_acc_inst/m_axis_tdata[79]_i_37/O
                         net (fo=1, routed)           0.022     9.631    gemm_block_i/gemm_accelerator_0/inst/post_acc_inst/m_axis_tdata[79]_i_37_n_0
    SLICE_X29Y32         CARRY8 (Prop_CARRY8_SLICEM_S[1]_CO[5])
                                                      0.279     9.910 f  gemm_block_i/gemm_accelerator_0/inst/post_acc_inst/m_axis_tdata_reg[79]_i_4/CO[5]
                         net (fo=8, routed)           0.468    10.378    gemm_block_i/gemm_accelerator_0/inst/post_acc_inst/rescale_inst/w_clamp[9]1
    SLICE_X24Y30         LUT3 (Prop_A5LUT_SLICEM_I2_O)
                                                      0.156    10.534 r  gemm_block_i/gemm_accelerator_0/inst/post_acc_inst/m_axis_tdata[79]_i_1/O
                         net (fo=1, routed)           0.034    10.568    gemm_block_i/gemm_accelerator_0/inst/rescale_inst/m_axis_tdata_reg[79]_0
    SLICE_X24Y30         FDRE                                         r  gemm_block_i/gemm_accelerator_0/inst/rescale_inst/m_axis_tdata_reg[79]/D
  -------------------------------------------------------------------    -------------------

                         (clock clk_pl_0 rise edge)
                                                     10.000    10.000 r  
    PS8_X0Y0             PS8                          0.000    10.000 r  gemm_block_i/zynq_ultra_ps_e_0/inst/PS8_i/PLCLK[0]
                         net (fo=1, routed)           0.181    10.181    gemm_block_i/zynq_ultra_ps_e_0/inst/pl_clk_unbuffered[0]
    BUFG_PS_X0Y80        BUFG_PS (Prop_BUFG_PS_I_O)
                                                      0.035    10.216 r  gemm_block_i/zynq_ultra_ps_e_0/inst/buffer_pl_clk_0.PL_CLK_0_BUFG/O
    X1Y1 (CLOCK_ROOT)    net (fo=40197, routed)       2.619    12.835    gemm_block_i/gemm_accelerator_0/inst/rescale_inst/aclk
    SLICE_X24Y30         FDRE                                         r  gemm_block_i/gemm_accelerator_0/inst/rescale_inst/m_axis_tdata_reg[79]/C
                         clock pessimism              0.188    13.023    
                         clock uncertainty           -0.160    12.863    
    SLICE_X24Y30         FDRE (Setup_AFF2_SLICEM_C_D)
                                                      0.045    12.908    gemm_block_i/gemm_accelerator_0/inst/rescale_inst/m_axis_tdata_reg[79]
  -------------------------------------------------------------------
                         required time                         12.908    
                         arrival time                         -10.568    
  -------------------------------------------------------------------
                         slack                                  2.340    





Min Delay Paths
--------------------------------------------------------------------------------------
Slack (MET) :             0.010ns  (arrival time - required time)
  Source:                 gemm_block_i/gemm_accelerator_0/inst/systolic_array_inst/ROW[11].COL[11].u_pe/u_mac/c_reg1_reg/C
                            (rising edge-triggered cell FDRE clocked by clk_pl_0  {rise@0.000ns fall@5.000ns period=10.000ns})
  Destination:            gemm_block_i/gemm_accelerator_0/inst/systolic_array_inst/ROW[11].COL[11].u_pe/u_mac/c_reg2_reg/D
                            (rising edge-triggered cell FDRE clocked by clk_pl_0  {rise@0.000ns fall@5.000ns period=10.000ns})
  Path Group:             clk_pl_0
  Path Type:              Hold (Min at Slow Process Corner)
  Requirement:            0.000ns  (clk_pl_0 rise@0.000ns - clk_pl_0 rise@0.000ns)
  Data Path Delay:        0.388ns  (logic 0.112ns (28.866%)  route 0.276ns (71.134%))
  Logic Levels:           0  
  Clock Path Skew:        0.275ns (DCD - SCD - CPR)
    Destination Clock Delay (DCD):    3.365ns
    Source Clock Delay      (SCD):    2.856ns
    Clock Pessimism Removal (CPR):    0.233ns
  Clock Net Delay (Source):      2.640ns (routing 1.450ns, distribution 1.190ns)
  Clock Net Delay (Destination): 3.098ns (routing 1.584ns, distribution 1.514ns)

    Location             Delay type                Incr(ns)  Path(ns)    Netlist Resource(s)
  -------------------------------------------------------------------    -------------------
                         (clock clk_pl_0 rise edge)
                                                      0.000     0.000 r  
    PS8_X0Y0             PS8                          0.000     0.000 r  gemm_block_i/zynq_ultra_ps_e_0/inst/PS8_i/PLCLK[0]
                         net (fo=1, routed)           0.181     0.181    gemm_block_i/zynq_ultra_ps_e_0/inst/pl_clk_unbuffered[0]
    BUFG_PS_X0Y80        BUFG_PS (Prop_BUFG_PS_I_O)
                                                      0.035     0.216 r  gemm_block_i/zynq_ultra_ps_e_0/inst/buffer_pl_clk_0.PL_CLK_0_BUFG/O
    X1Y1 (CLOCK_ROOT)    net (fo=40197, routed)       2.640     2.856    gemm_block_i/gemm_accelerator_0/inst/systolic_array_inst/ROW[11].COL[11].u_pe/u_mac/aclk
    SLICE_X23Y14         FDRE                                         r  gemm_block_i/gemm_accelerator_0/inst/systolic_array_inst/ROW[11].COL[11].u_pe/u_mac/c_reg1_reg/C
  -------------------------------------------------------------------    -------------------
    SLICE_X23Y14         FDRE (Prop_GFF_SLICEL_C_Q)
                                                      0.112     2.968 r  gemm_block_i/gemm_accelerator_0/inst/systolic_array_inst/ROW[11].COL[11].u_pe/u_mac/c_reg1_reg/Q
                         net (fo=1, routed)           0.276     3.244    gemm_block_i/gemm_accelerator_0/inst/systolic_array_inst/ROW[11].COL[11].u_pe/u_mac/c_reg1
    SLICE_X22Y14         FDRE                                         r  gemm_block_i/gemm_accelerator_0/inst/systolic_array_inst/ROW[11].COL[11].u_pe/u_mac/c_reg2_reg/D
  -------------------------------------------------------------------    -------------------

                         (clock clk_pl_0 rise edge)
                                                      0.000     0.000 r  
    PS8_X0Y0             PS8                          0.000     0.000 r  gemm_block_i/zynq_ultra_ps_e_0/inst/PS8_i/PLCLK[0]
                         net (fo=1, routed)           0.229     0.229    gemm_block_i/zynq_ultra_ps_e_0/inst/pl_clk_unbuffered[0]
    BUFG_PS_X0Y80        BUFG_PS (Prop_BUFG_PS_I_O)
                                                      0.038     0.267 r  gemm_block_i/zynq_ultra_ps_e_0/inst/buffer_pl_clk_0.PL_CLK_0_BUFG/O
    X1Y1 (CLOCK_ROOT)    net (fo=40197, routed)       3.098     3.365    gemm_block_i/gemm_accelerator_0/inst/systolic_array_inst/ROW[11].COL[11].u_pe/u_mac/aclk
    SLICE_X22Y14         FDRE                                         r  gemm_block_i/gemm_accelerator_0/inst/systolic_array_inst/ROW[11].COL[11].u_pe/u_mac/c_reg2_reg/C
                         clock pessimism             -0.233     3.131    
    SLICE_X22Y14         FDRE (Hold_FFF2_SLICEL_C_D)
                                                      0.103     3.234    gemm_block_i/gemm_accelerator_0/inst/systolic_array_inst/ROW[11].COL[11].u_pe/u_mac/c_reg2_reg
  -------------------------------------------------------------------
                         required time                         -3.234    
                         arrival time                           3.244    
  -------------------------------------------------------------------
                         slack                                  0.010    

Slack (MET) :             0.010ns  (arrival time - required time)
  Source:                 gemm_block_i/axi_smc_1/inst/s03_nodes/s03_aw_node/inst/inst_mi_handler/gen_normal_area.inst_fifo_node_payld/gen_xpm_memory_fifo.inst_fifo/gen_mem_rep[0].inst_wr_addra/count_r_reg[0]/C
                            (rising edge-triggered cell FDRE clocked by clk_pl_0  {rise@0.000ns fall@5.000ns period=10.000ns})
  Destination:            gemm_block_i/axi_smc_1/inst/s03_nodes/s03_aw_node/inst/inst_mi_handler/gen_normal_area.inst_fifo_node_payld/gen_xpm_memory_fifo.inst_fifo/gen_mem_rep[0].inst_xpm_memory/xpm_memory_base_inst/gen_wr_a.gen_word_narrow.mem_reg_0_31_112_125/RAMA/WADR0
                            (rising edge-triggered cell RAMD32 clocked by clk_pl_0  {rise@0.000ns fall@5.000ns period=10.000ns})
  Path Group:             clk_pl_0
  Path Type:              Hold (Min at Slow Process Corner)
  Requirement:            0.000ns  (clk_pl_0 rise@0.000ns - clk_pl_0 rise@0.000ns)
  Data Path Delay:        0.249ns  (logic 0.113ns (45.322%)  route 0.136ns (54.678%))
  Logic Levels:           0  
  Clock Path Skew:        0.123ns (DCD - SCD - CPR)
    Destination Clock Delay (DCD):    3.481ns
    Source Clock Delay      (SCD):    3.056ns
    Clock Pessimism Removal (CPR):    0.302ns
  Clock Net Delay (Source):      2.840ns (routing 1.450ns, distribution 1.390ns)
  Clock Net Delay (Destination): 3.214ns (routing 1.584ns, distribution 1.630ns)

    Location             Delay type                Incr(ns)  Path(ns)    Netlist Resource(s)
  -------------------------------------------------------------------    -------------------
                         (clock clk_pl_0 rise edge)
                                                      0.000     0.000 r  
    PS8_X0Y0             PS8                          0.000     0.000 r  gemm_block_i/zynq_ultra_ps_e_0/inst/PS8_i/PLCLK[0]
                         net (fo=1, routed)           0.181     0.181    gemm_block_i/zynq_ultra_ps_e_0/inst/pl_clk_unbuffered[0]
    BUFG_PS_X0Y80        BUFG_PS (Prop_BUFG_PS_I_O)
                                                      0.035     0.216 r  gemm_block_i/zynq_ultra_ps_e_0/inst/buffer_pl_clk_0.PL_CLK_0_BUFG/O
    X1Y1 (CLOCK_ROOT)    net (fo=40197, routed)       2.840     3.056    gemm_block_i/axi_smc_1/inst/s03_nodes/s03_aw_node/inst/inst_mi_handler/gen_normal_area.inst_fifo_node_payld/gen_xpm_memory_fifo.inst_fifo/gen_mem_rep[0].inst_wr_addra/s_sc_aclk
    SLICE_X3Y74          FDRE                                         r  gemm_block_i/axi_smc_1/inst/s03_nodes/s03_aw_node/inst/inst_mi_handler/gen_normal_area.inst_fifo_node_payld/gen_xpm_memory_fifo.inst_fifo/gen_mem_rep[0].inst_wr_addra/count_r_reg[0]/C
  -------------------------------------------------------------------    -------------------
    SLICE_X3Y74          FDRE (Prop_HFF2_SLICEL_C_Q)
                                                      0.113     3.169 r  gemm_block_i/axi_smc_1/inst/s03_nodes/s03_aw_node/inst/inst_mi_handler/gen_normal_area.inst_fifo_node_payld/gen_xpm_memory_fifo.inst_fifo/gen_mem_rep[0].inst_wr_addra/count_r_reg[0]/Q
                         net (fo=109, routed)         0.136     3.305    gemm_block_i/axi_smc_1/inst/s03_nodes/s03_aw_node/inst/inst_mi_handler/gen_normal_area.inst_fifo_node_payld/gen_xpm_memory_fifo.inst_fifo/gen_mem_rep[0].inst_xpm_memory/xpm_memory_base_inst/gen_wr_a.gen_word_narrow.mem_reg_0_31_112_125/ADDRH0
    SLICE_X2Y75          RAMD32                                       r  gemm_block_i/axi_smc_1/inst/s03_nodes/s03_aw_node/inst/inst_mi_handler/gen_normal_area.inst_fifo_node_payld/gen_xpm_memory_fifo.inst_fifo/gen_mem_rep[0].inst_xpm_memory/xpm_memory_base_inst/gen_wr_a.gen_word_narrow.mem_reg_0_31_112_125/RAMA/WADR0
  -------------------------------------------------------------------    -------------------

                         (clock clk_pl_0 rise edge)
                                                      0.000     0.000 r  
    PS8_X0Y0             PS8                          0.000     0.000 r  gemm_block_i/zynq_ultra_ps_e_0/inst/PS8_i/PLCLK[0]
                         net (fo=1, routed)           0.229     0.229    gemm_block_i/zynq_ultra_ps_e_0/inst/pl_clk_unbuffered[0]
    BUFG_PS_X0Y80        BUFG_PS (Prop_BUFG_PS_I_O)
                                                      0.038     0.267 r  gemm_block_i/zynq_ultra_ps_e_0/inst/buffer_pl_clk_0.PL_CLK_0_BUFG/O
    X1Y1 (CLOCK_ROOT)    net (fo=40197, routed)       3.214     3.481    gemm_block_i/axi_smc_1/inst/s03_nodes/s03_aw_node/inst/inst_mi_handler/gen_normal_area.inst_fifo_node_payld/gen_xpm_memory_fifo.inst_fifo/gen_mem_rep[0].inst_xpm_memory/xpm_memory_base_inst/gen_wr_a.gen_word_narrow.mem_reg_0_31_112_125/WCLK
    SLICE_X2Y75          RAMD32                                       r  gemm_block_i/axi_smc_1/inst/s03_nodes/s03_aw_node/inst/inst_mi_handler/gen_normal_area.inst_fifo_node_payld/gen_xpm_memory_fifo.inst_fifo/gen_mem_rep[0].inst_xpm_memory/xpm_memory_base_inst/gen_wr_a.gen_word_narrow.mem_reg_0_31_112_125/RAMA/CLK
                         clock pessimism             -0.302     3.179    
    SLICE_X2Y75          RAMD32 (Hold_A5LUT_SLICEM_CLK_WADR0)
                                                      0.116     3.295    gemm_block_i/axi_smc_1/inst/s03_nodes/s03_aw_node/inst/inst_mi_handler/gen_normal_area.inst_fifo_node_payld/gen_xpm_memory_fifo.inst_fifo/gen_mem_rep[0].inst_xpm_memory/xpm_memory_base_inst/gen_wr_a.gen_word_narrow.mem_reg_0_31_112_125/RAMA
  -------------------------------------------------------------------
                         required time                         -3.295    
                         arrival time                           3.305    
  -------------------------------------------------------------------
                         slack                                  0.010    

Slack (MET) :             0.010ns  (arrival time - required time)
  Source:                 gemm_block_i/axi_smc_1/inst/s03_nodes/s03_aw_node/inst/inst_mi_handler/gen_normal_area.inst_fifo_node_payld/gen_xpm_memory_fifo.inst_fifo/gen_mem_rep[0].inst_wr_addra/count_r_reg[0]/C
                            (rising edge-triggered cell FDRE clocked by clk_pl_0  {rise@0.000ns fall@5.000ns period=10.000ns})
  Destination:            gemm_block_i/axi_smc_1/inst/s03_nodes/s03_aw_node/inst/inst_mi_handler/gen_normal_area.inst_fifo_node_payld/gen_xpm_memory_fifo.inst_fifo/gen_mem_rep[0].inst_xpm_memory/xpm_memory_base_inst/gen_wr_a.gen_word_narrow.mem_reg_0_31_112_125/RAMA_D1/WADR0
                            (rising edge-triggered cell RAMD32 clocked by clk_pl_0  {rise@0.000ns fall@5.000ns period=10.000ns})
  Path Group:             clk_pl_0
  Path Type:              Hold (Min at Slow Process Corner)
  Requirement:            0.000ns  (clk_pl_0 rise@0.000ns - clk_pl_0 rise@0.000ns)
  Data Path Delay:        0.249ns  (logic 0.113ns (45.322%)  route 0.136ns (54.678%))
  Logic Levels:           0  
  Clock Path Skew:        0.123ns (DCD - SCD - CPR)
    Destination Clock Delay (DCD):    3.481ns
    Source Clock Delay      (SCD):    3.056ns
    Clock Pessimism Removal (CPR):    0.302ns
  Clock Net Delay (Source):      2.840ns (routing 1.450ns, distribution 1.390ns)
  Clock Net Delay (Destination): 3.214ns (routing 1.584ns, distribution 1.630ns)

    Location             Delay type                Incr(ns)  Path(ns)    Netlist Resource(s)
  -------------------------------------------------------------------    -------------------
                         (clock clk_pl_0 rise edge)
                                                      0.000     0.000 r  
    PS8_X0Y0             PS8                          0.000     0.000 r  gemm_block_i/zynq_ultra_ps_e_0/inst/PS8_i/PLCLK[0]
                         net (fo=1, routed)           0.181     0.181    gemm_block_i/zynq_ultra_ps_e_0/inst/pl_clk_unbuffered[0]
    BUFG_PS_X0Y80        BUFG_PS (Prop_BUFG_PS_I_O)
                                                      0.035     0.216 r  gemm_block_i/zynq_ultra_ps_e_0/inst/buffer_pl_clk_0.PL_CLK_0_BUFG/O
    X1Y1 (CLOCK_ROOT)    net (fo=40197, routed)       2.840     3.056    gemm_block_i/axi_smc_1/inst/s03_nodes/s03_aw_node/inst/inst_mi_handler/gen_normal_area.inst_fifo_node_payld/gen_xpm_memory_fifo.inst_fifo/gen_mem_rep[0].inst_wr_addra/s_sc_aclk
    SLICE_X3Y74          FDRE                                         r  gemm_block_i/axi_smc_1/inst/s03_nodes/s03_aw_node/inst/inst_mi_handler/gen_normal_area.inst_fifo_node_payld/gen_xpm_memory_fifo.inst_fifo/gen_mem_rep[0].inst_wr_addra/count_r_reg[0]/C
  -------------------------------------------------------------------    -------------------
    SLICE_X3Y74          FDRE (Prop_HFF2_SLICEL_C_Q)
                                                      0.113     3.169 r  gemm_block_i/axi_smc_1/inst/s03_nodes/s03_aw_node/inst/inst_mi_handler/gen_normal_area.inst_fifo_node_payld/gen_xpm_memory_fifo.inst_fifo/gen_mem_rep[0].inst_wr_addra/count_r_reg[0]/Q
                         net (fo=109, routed)         0.136     3.305    gemm_block_i/axi_smc_1/inst/s03_nodes/s03_aw_node/inst/inst_mi_handler/gen_normal_area.inst_fifo_node_payld/gen_xpm_memory_fifo.inst_fifo/gen_mem_rep[0].inst_xpm_memory/xpm_memory_base_inst/gen_wr_a.gen_word_narrow.mem_reg_0_31_112_125/ADDRH0
    SLICE_X2Y75          RAMD32                                       r  gemm_block_i/axi_smc_1/inst/s03_nodes/s03_aw_node/inst/inst_mi_handler/gen_normal_area.inst_fifo_node_payld/gen_xpm_memory_fifo.inst_fifo/gen_mem_rep[0].inst_xpm_memory/xpm_memory_base_inst/gen_wr_a.gen_word_narrow.mem_reg_0_31_112_125/RAMA_D1/WADR0
  -------------------------------------------------------------------    -------------------

                         (clock clk_pl_0 rise edge)
                                                      0.000     0.000 r  
    PS8_X0Y0             PS8                          0.000     0.000 r  gemm_block_i/zynq_ultra_ps_e_0/inst/PS8_i/PLCLK[0]
                         net (fo=1, routed)           0.229     0.229    gemm_block_i/zynq_ultra_ps_e_0/inst/pl_clk_unbuffered[0]
    BUFG_PS_X0Y80        BUFG_PS (Prop_BUFG_PS_I_O)
                                                      0.038     0.267 r  gemm_block_i/zynq_ultra_ps_e_0/inst/buffer_pl_clk_0.PL_CLK_0_BUFG/O
    X1Y1 (CLOCK_ROOT)    net (fo=40197, routed)       3.214     3.481    gemm_block_i/axi_smc_1/inst/s03_nodes/s03_aw_node/inst/inst_mi_handler/gen_normal_area.inst_fifo_node_payld/gen_xpm_memory_fifo.inst_fifo/gen_mem_rep[0].inst_xpm_memory/xpm_memory_base_inst/gen_wr_a.gen_word_narrow.mem_reg_0_31_112_125/WCLK
    SLICE_X2Y75          RAMD32                                       r  gemm_block_i/axi_smc_1/inst/s03_nodes/s03_aw_node/inst/inst_mi_handler/gen_normal_area.inst_fifo_node_payld/gen_xpm_memory_fifo.inst_fifo/gen_mem_rep[0].inst_xpm_memory/xpm_memory_base_inst/gen_wr_a.gen_word_narrow.mem_reg_0_31_112_125/RAMA_D1/CLK
                         clock pessimism             -0.302     3.179    
    SLICE_X2Y75          RAMD32 (Hold_A6LUT_SLICEM_CLK_WADR0)
                                                      0.116     3.295    gemm_block_i/axi_smc_1/inst/s03_nodes/s03_aw_node/inst/inst_mi_handler/gen_normal_area.inst_fifo_node_payld/gen_xpm_memory_fifo.inst_fifo/gen_mem_rep[0].inst_xpm_memory/xpm_memory_base_inst/gen_wr_a.gen_word_narrow.mem_reg_0_31_112_125/RAMA_D1
  -------------------------------------------------------------------
                         required time                         -3.295    
                         arrival time                           3.305    
  -------------------------------------------------------------------
                         slack                                  0.010    

Slack (MET) :             0.010ns  (arrival time - required time)
  Source:                 gemm_block_i/axi_smc_1/inst/s03_nodes/s03_aw_node/inst/inst_mi_handler/gen_normal_area.inst_fifo_node_payld/gen_xpm_memory_fifo.inst_fifo/gen_mem_rep[0].inst_wr_addra/count_r_reg[0]/C
                            (rising edge-triggered cell FDRE clocked by clk_pl_0  {rise@0.000ns fall@5.000ns period=10.000ns})
  Destination:            gemm_block_i/axi_smc_1/inst/s03_nodes/s03_aw_node/inst/inst_mi_handler/gen_normal_area.inst_fifo_node_payld/gen_xpm_memory_fifo.inst_fifo/gen_mem_rep[0].inst_xpm_memory/xpm_memory_base_inst/gen_wr_a.gen_word_narrow.mem_reg_0_31_112_125/RAMB/WADR0
                            (rising edge-triggered cell RAMD32 clocked by clk_pl_0  {rise@0.000ns fall@5.000ns period=10.000ns})
  Path Group:             clk_pl_0
  Path Type:              Hold (Min at Slow Process Corner)
  Requirement:            0.000ns  (clk_pl_0 rise@0.000ns - clk_pl_0 rise@0.000ns)
  Data Path Delay:        0.249ns  (logic 0.113ns (45.322%)  route 0.136ns (54.678%))
  Logic Levels:           0  
  Clock Path Skew:        0.123ns (DCD - SCD - CPR)
    Destination Clock Delay (DCD):    3.481ns
    Source Clock Delay      (SCD):    3.056ns
    Clock Pessimism Removal (CPR):    0.302ns
  Clock Net Delay (Source):      2.840ns (routing 1.450ns, distribution 1.390ns)
  Clock Net Delay (Destination): 3.214ns (routing 1.584ns, distribution 1.630ns)

    Location             Delay type                Incr(ns)  Path(ns)    Netlist Resource(s)
  -------------------------------------------------------------------    -------------------
                         (clock clk_pl_0 rise edge)
                                                      0.000     0.000 r  
    PS8_X0Y0             PS8                          0.000     0.000 r  gemm_block_i/zynq_ultra_ps_e_0/inst/PS8_i/PLCLK[0]
                         net (fo=1, routed)           0.181     0.181    gemm_block_i/zynq_ultra_ps_e_0/inst/pl_clk_unbuffered[0]
    BUFG_PS_X0Y80        BUFG_PS (Prop_BUFG_PS_I_O)
                                                      0.035     0.216 r  gemm_block_i/zynq_ultra_ps_e_0/inst/buffer_pl_clk_0.PL_CLK_0_BUFG/O
    X1Y1 (CLOCK_ROOT)    net (fo=40197, routed)       2.840     3.056    gemm_block_i/axi_smc_1/inst/s03_nodes/s03_aw_node/inst/inst_mi_handler/gen_normal_area.inst_fifo_node_payld/gen_xpm_memory_fifo.inst_fifo/gen_mem_rep[0].inst_wr_addra/s_sc_aclk
    SLICE_X3Y74          FDRE                                         r  gemm_block_i/axi_smc_1/inst/s03_nodes/s03_aw_node/inst/inst_mi_handler/gen_normal_area.inst_fifo_node_payld/gen_xpm_memory_fifo.inst_fifo/gen_mem_rep[0].inst_wr_addra/count_r_reg[0]/C
  -------------------------------------------------------------------    -------------------
    SLICE_X3Y74          FDRE (Prop_HFF2_SLICEL_C_Q)
                                                      0.113     3.169 r  gemm_block_i/axi_smc_1/inst/s03_nodes/s03_aw_node/inst/inst_mi_handler/gen_normal_area.inst_fifo_node_payld/gen_xpm_memory_fifo.inst_fifo/gen_mem_rep[0].inst_wr_addra/count_r_reg[0]/Q
                         net (fo=109, routed)         0.136     3.305    gemm_block_i/axi_smc_1/inst/s03_nodes/s03_aw_node/inst/inst_mi_handler/gen_normal_area.inst_fifo_node_payld/gen_xpm_memory_fifo.inst_fifo/gen_mem_rep[0].inst_xpm_memory/xpm_memory_base_inst/gen_wr_a.gen_word_narrow.mem_reg_0_31_112_125/ADDRH0
    SLICE_X2Y75          RAMD32                                       r  gemm_block_i/axi_smc_1/inst/s03_nodes/s03_aw_node/inst/inst_mi_handler/gen_normal_area.inst_fifo_node_payld/gen_xpm_memory_fifo.inst_fifo/gen_mem_rep[0].inst_xpm_memory/xpm_memory_base_inst/gen_wr_a.gen_word_narrow.mem_reg_0_31_112_125/RAMB/WADR0
  -------------------------------------------------------------------    -------------------

                         (clock clk_pl_0 rise edge)
                                                      0.000     0.000 r  
    PS8_X0Y0             PS8                          0.000     0.000 r  gemm_block_i/zynq_ultra_ps_e_0/inst/PS8_i/PLCLK[0]
                         net (fo=1, routed)           0.229     0.229    gemm_block_i/zynq_ultra_ps_e_0/inst/pl_clk_unbuffered[0]
    BUFG_PS_X0Y80        BUFG_PS (Prop_BUFG_PS_I_O)
                                                      0.038     0.267 r  gemm_block_i/zynq_ultra_ps_e_0/inst/buffer_pl_clk_0.PL_CLK_0_BUFG/O
    X1Y1 (CLOCK_ROOT)    net (fo=40197, routed)       3.214     3.481    gemm_block_i/axi_smc_1/inst/s03_nodes/s03_aw_node/inst/inst_mi_handler/gen_normal_area.inst_fifo_node_payld/gen_xpm_memory_fifo.inst_fifo/gen_mem_rep[0].inst_xpm_memory/xpm_memory_base_inst/gen_wr_a.gen_word_narrow.mem_reg_0_31_112_125/WCLK
    SLICE_X2Y75          RAMD32                                       r  gemm_block_i/axi_smc_1/inst/s03_nodes/s03_aw_node/inst/inst_mi_handler/gen_normal_area.inst_fifo_node_payld/gen_xpm_memory_fifo.inst_fifo/gen_mem_rep[0].inst_xpm_memory/xpm_memory_base_inst/gen_wr_a.gen_word_narrow.mem_reg_0_31_112_125/RAMB/CLK
                         clock pessimism             -0.302     3.179    
    SLICE_X2Y75          RAMD32 (Hold_B5LUT_SLICEM_CLK_WADR0)
                                                      0.116     3.295    gemm_block_i/axi_smc_1/inst/s03_nodes/s03_aw_node/inst/inst_mi_handler/gen_normal_area.inst_fifo_node_payld/gen_xpm_memory_fifo.inst_fifo/gen_mem_rep[0].inst_xpm_memory/xpm_memory_base_inst/gen_wr_a.gen_word_narrow.mem_reg_0_31_112_125/RAMB
  -------------------------------------------------------------------
                         required time                         -3.295    
                         arrival time                           3.305    
  -------------------------------------------------------------------
                         slack                                  0.010    

Slack (MET) :             0.010ns  (arrival time - required time)
  Source:                 gemm_block_i/axi_smc_1/inst/s03_nodes/s03_aw_node/inst/inst_mi_handler/gen_normal_area.inst_fifo_node_payld/gen_xpm_memory_fifo.inst_fifo/gen_mem_rep[0].inst_wr_addra/count_r_reg[0]/C
                            (rising edge-triggered cell FDRE clocked by clk_pl_0  {rise@0.000ns fall@5.000ns period=10.000ns})
  Destination:            gemm_block_i/axi_smc_1/inst/s03_nodes/s03_aw_node/inst/inst_mi_handler/gen_normal_area.inst_fifo_node_payld/gen_xpm_memory_fifo.inst_fifo/gen_mem_rep[0].inst_xpm_memory/xpm_memory_base_inst/gen_wr_a.gen_word_narrow.mem_reg_0_31_112_125/RAMB_D1/WADR0
                            (rising edge-triggered cell RAMD32 clocked by clk_pl_0  {rise@0.000ns fall@5.000ns period=10.000ns})
  Path Group:             clk_pl_0
  Path Type:              Hold (Min at Slow Process Corner)
  Requirement:            0.000ns  (clk_pl_0 rise@0.000ns - clk_pl_0 rise@0.000ns)
  Data Path Delay:        0.249ns  (logic 0.113ns (45.322%)  route 0.136ns (54.678%))
  Logic Levels:           0  
  Clock Path Skew:        0.123ns (DCD - SCD - CPR)
    Destination Clock Delay (DCD):    3.481ns
    Source Clock Delay      (SCD):    3.056ns
    Clock Pessimism Removal (CPR):    0.302ns
  Clock Net Delay (Source):      2.840ns (routing 1.450ns, distribution 1.390ns)
  Clock Net Delay (Destination): 3.214ns (routing 1.584ns, distribution 1.630ns)

    Location             Delay type                Incr(ns)  Path(ns)    Netlist Resource(s)
  -------------------------------------------------------------------    -------------------
                         (clock clk_pl_0 rise edge)
                                                      0.000     0.000 r  
    PS8_X0Y0             PS8                          0.000     0.000 r  gemm_block_i/zynq_ultra_ps_e_0/inst/PS8_i/PLCLK[0]
                         net (fo=1, routed)           0.181     0.181    gemm_block_i/zynq_ultra_ps_e_0/inst/pl_clk_unbuffered[0]
    BUFG_PS_X0Y80        BUFG_PS (Prop_BUFG_PS_I_O)
                                                      0.035     0.216 r  gemm_block_i/zynq_ultra_ps_e_0/inst/buffer_pl_clk_0.PL_CLK_0_BUFG/O
    X1Y1 (CLOCK_ROOT)    net (fo=40197, routed)       2.840     3.056    gemm_block_i/axi_smc_1/inst/s03_nodes/s03_aw_node/inst/inst_mi_handler/gen_normal_area.inst_fifo_node_payld/gen_xpm_memory_fifo.inst_fifo/gen_mem_rep[0].inst_wr_addra/s_sc_aclk
    SLICE_X3Y74          FDRE                                         r  gemm_block_i/axi_smc_1/inst/s03_nodes/s03_aw_node/inst/inst_mi_handler/gen_normal_area.inst_fifo_node_payld/gen_xpm_memory_fifo.inst_fifo/gen_mem_rep[0].inst_wr_addra/count_r_reg[0]/C
  -------------------------------------------------------------------    -------------------
    SLICE_X3Y74          FDRE (Prop_HFF2_SLICEL_C_Q)
                                                      0.113     3.169 r  gemm_block_i/axi_smc_1/inst/s03_nodes/s03_aw_node/inst/inst_mi_handler/gen_normal_area.inst_fifo_node_payld/gen_xpm_memory_fifo.inst_fifo/gen_mem_rep[0].inst_wr_addra/count_r_reg[0]/Q
                         net (fo=109, routed)         0.136     3.305    gemm_block_i/axi_smc_1/inst/s03_nodes/s03_aw_node/inst/inst_mi_handler/gen_normal_area.inst_fifo_node_payld/gen_xpm_memory_fifo.inst_fifo/gen_mem_rep[0].inst_xpm_memory/xpm_memory_base_inst/gen_wr_a.gen_word_narrow.mem_reg_0_31_112_125/ADDRH0
    SLICE_X2Y75          RAMD32                                       r  gemm_block_i/axi_smc_1/inst/s03_nodes/s03_aw_node/inst/inst_mi_handler/gen_normal_area.inst_fifo_node_payld/gen_xpm_memory_fifo.inst_fifo/gen_mem_rep[0].inst_xpm_memory/xpm_memory_base_inst/gen_wr_a.gen_word_narrow.mem_reg_0_31_112_125/RAMB_D1/WADR0
  -------------------------------------------------------------------    -------------------

                         (clock clk_pl_0 rise edge)
                                                      0.000     0.000 r  
    PS8_X0Y0             PS8                          0.000     0.000 r  gemm_block_i/zynq_ultra_ps_e_0/inst/PS8_i/PLCLK[0]
                         net (fo=1, routed)           0.229     0.229    gemm_block_i/zynq_ultra_ps_e_0/inst/pl_clk_unbuffered[0]
    BUFG_PS_X0Y80        BUFG_PS (Prop_BUFG_PS_I_O)
                                                      0.038     0.267 r  gemm_block_i/zynq_ultra_ps_e_0/inst/buffer_pl_clk_0.PL_CLK_0_BUFG/O
    X1Y1 (CLOCK_ROOT)    net (fo=40197, routed)       3.214     3.481    gemm_block_i/axi_smc_1/inst/s03_nodes/s03_aw_node/inst/inst_mi_handler/gen_normal_area.inst_fifo_node_payld/gen_xpm_memory_fifo.inst_fifo/gen_mem_rep[0].inst_xpm_memory/xpm_memory_base_inst/gen_wr_a.gen_word_narrow.mem_reg_0_31_112_125/WCLK
    SLICE_X2Y75          RAMD32                                       r  gemm_block_i/axi_smc_1/inst/s03_nodes/s03_aw_node/inst/inst_mi_handler/gen_normal_area.inst_fifo_node_payld/gen_xpm_memory_fifo.inst_fifo/gen_mem_rep[0].inst_xpm_memory/xpm_memory_base_inst/gen_wr_a.gen_word_narrow.mem_reg_0_31_112_125/RAMB_D1/CLK
                         clock pessimism             -0.302     3.179    
    SLICE_X2Y75          RAMD32 (Hold_B6LUT_SLICEM_CLK_WADR0)
                                                      0.116     3.295    gemm_block_i/axi_smc_1/inst/s03_nodes/s03_aw_node/inst/inst_mi_handler/gen_normal_area.inst_fifo_node_payld/gen_xpm_memory_fifo.inst_fifo/gen_mem_rep[0].inst_xpm_memory/xpm_memory_base_inst/gen_wr_a.gen_word_narrow.mem_reg_0_31_112_125/RAMB_D1
  -------------------------------------------------------------------
                         required time                         -3.295    
                         arrival time                           3.305    
  -------------------------------------------------------------------
                         slack                                  0.010    

Slack (MET) :             0.010ns  (arrival time - required time)
  Source:                 gemm_block_i/axi_smc_1/inst/s03_nodes/s03_aw_node/inst/inst_mi_handler/gen_normal_area.inst_fifo_node_payld/gen_xpm_memory_fifo.inst_fifo/gen_mem_rep[0].inst_wr_addra/count_r_reg[0]/C
                            (rising edge-triggered cell FDRE clocked by clk_pl_0  {rise@0.000ns fall@5.000ns period=10.000ns})
  Destination:            gemm_block_i/axi_smc_1/inst/s03_nodes/s03_aw_node/inst/inst_mi_handler/gen_normal_area.inst_fifo_node_payld/gen_xpm_memory_fifo.inst_fifo/gen_mem_rep[0].inst_xpm_memory/xpm_memory_base_inst/gen_wr_a.gen_word_narrow.mem_reg_0_31_112_125/RAMC/WADR0
                            (rising edge-triggered cell RAMD32 clocked by clk_pl_0  {rise@0.000ns fall@5.000ns period=10.000ns})
  Path Group:             clk_pl_0
  Path Type:              Hold (Min at Slow Process Corner)
  Requirement:            0.000ns  (clk_pl_0 rise@0.000ns - clk_pl_0 rise@0.000ns)
  Data Path Delay:        0.249ns  (logic 0.113ns (45.322%)  route 0.136ns (54.678%))
  Logic Levels:           0  
  Clock Path Skew:        0.123ns (DCD - SCD - CPR)
    Destination Clock Delay (DCD):    3.481ns
    Source Clock Delay      (SCD):    3.056ns
    Clock Pessimism Removal (CPR):    0.302ns
  Clock Net Delay (Source):      2.840ns (routing 1.450ns, distribution 1.390ns)
  Clock Net Delay (Destination): 3.214ns (routing 1.584ns, distribution 1.630ns)

    Location             Delay type                Incr(ns)  Path(ns)    Netlist Resource(s)
  -------------------------------------------------------------------    -------------------
                         (clock clk_pl_0 rise edge)
                                                      0.000     0.000 r  
    PS8_X0Y0             PS8                          0.000     0.000 r  gemm_block_i/zynq_ultra_ps_e_0/inst/PS8_i/PLCLK[0]
                         net (fo=1, routed)           0.181     0.181    gemm_block_i/zynq_ultra_ps_e_0/inst/pl_clk_unbuffered[0]
    BUFG_PS_X0Y80        BUFG_PS (Prop_BUFG_PS_I_O)
                                                      0.035     0.216 r  gemm_block_i/zynq_ultra_ps_e_0/inst/buffer_pl_clk_0.PL_CLK_0_BUFG/O
    X1Y1 (CLOCK_ROOT)    net (fo=40197, routed)       2.840     3.056    gemm_block_i/axi_smc_1/inst/s03_nodes/s03_aw_node/inst/inst_mi_handler/gen_normal_area.inst_fifo_node_payld/gen_xpm_memory_fifo.inst_fifo/gen_mem_rep[0].inst_wr_addra/s_sc_aclk
    SLICE_X3Y74          FDRE                                         r  gemm_block_i/axi_smc_1/inst/s03_nodes/s03_aw_node/inst/inst_mi_handler/gen_normal_area.inst_fifo_node_payld/gen_xpm_memory_fifo.inst_fifo/gen_mem_rep[0].inst_wr_addra/count_r_reg[0]/C
  -------------------------------------------------------------------    -------------------
    SLICE_X3Y74          FDRE (Prop_HFF2_SLICEL_C_Q)
                                                      0.113     3.169 r  gemm_block_i/axi_smc_1/inst/s03_nodes/s03_aw_node/inst/inst_mi_handler/gen_normal_area.inst_fifo_node_payld/gen_xpm_memory_fifo.inst_fifo/gen_mem_rep[0].inst_wr_addra/count_r_reg[0]/Q
                         net (fo=109, routed)         0.136     3.305    gemm_block_i/axi_smc_1/inst/s03_nodes/s03_aw_node/inst/inst_mi_handler/gen_normal_area.inst_fifo_node_payld/gen_xpm_memory_fifo.inst_fifo/gen_mem_rep[0].inst_xpm_memory/xpm_memory_base_inst/gen_wr_a.gen_word_narrow.mem_reg_0_31_112_125/ADDRH0
    SLICE_X2Y75          RAMD32                                       r  gemm_block_i/axi_smc_1/inst/s03_nodes/s03_aw_node/inst/inst_mi_handler/gen_normal_area.inst_fifo_node_payld/gen_xpm_memory_fifo.inst_fifo/gen_mem_rep[0].inst_xpm_memory/xpm_memory_base_inst/gen_wr_a.gen_word_narrow.mem_reg_0_31_112_125/RAMC/WADR0
  -------------------------------------------------------------------    -------------------

                         (clock clk_pl_0 rise edge)
                                                      0.000     0.000 r  
    PS8_X0Y0             PS8                          0.000     0.000 r  gemm_block_i/zynq_ultra_ps_e_0/inst/PS8_i/PLCLK[0]
                         net (fo=1, routed)           0.229     0.229    gemm_block_i/zynq_ultra_ps_e_0/inst/pl_clk_unbuffered[0]
    BUFG_PS_X0Y80        BUFG_PS (Prop_BUFG_PS_I_O)
                                                      0.038     0.267 r  gemm_block_i/zynq_ultra_ps_e_0/inst/buffer_pl_clk_0.PL_CLK_0_BUFG/O
    X1Y1 (CLOCK_ROOT)    net (fo=40197, routed)       3.214     3.481    gemm_block_i/axi_smc_1/inst/s03_nodes/s03_aw_node/inst/inst_mi_handler/gen_normal_area.inst_fifo_node_payld/gen_xpm_memory_fifo.inst_fifo/gen_mem_rep[0].inst_xpm_memory/xpm_memory_base_inst/gen_wr_a.gen_word_narrow.mem_reg_0_31_112_125/WCLK
    SLICE_X2Y75          RAMD32                                       r  gemm_block_i/axi_smc_1/inst/s03_nodes/s03_aw_node/inst/inst_mi_handler/gen_normal_area.inst_fifo_node_payld/gen_xpm_memory_fifo.inst_fifo/gen_mem_rep[0].inst_xpm_memory/xpm_memory_base_inst/gen_wr_a.gen_word_narrow.mem_reg_0_31_112_125/RAMC/CLK
                         clock pessimism             -0.302     3.179    
    SLICE_X2Y75          RAMD32 (Hold_C5LUT_SLICEM_CLK_WADR0)
                                                      0.116     3.295    gemm_block_i/axi_smc_1/inst/s03_nodes/s03_aw_node/inst/inst_mi_handler/gen_normal_area.inst_fifo_node_payld/gen_xpm_memory_fifo.inst_fifo/gen_mem_rep[0].inst_xpm_memory/xpm_memory_base_inst/gen_wr_a.gen_word_narrow.mem_reg_0_31_112_125/RAMC
  -------------------------------------------------------------------
                         required time                         -3.295    
                         arrival time                           3.305    
  -------------------------------------------------------------------
                         slack                                  0.010    

Slack (MET) :             0.010ns  (arrival time - required time)
  Source:                 gemm_block_i/axi_smc_1/inst/s03_nodes/s03_aw_node/inst/inst_mi_handler/gen_normal_area.inst_fifo_node_payld/gen_xpm_memory_fifo.inst_fifo/gen_mem_rep[0].inst_wr_addra/count_r_reg[0]/C
                            (rising edge-triggered cell FDRE clocked by clk_pl_0  {rise@0.000ns fall@5.000ns period=10.000ns})
  Destination:            gemm_block_i/axi_smc_1/inst/s03_nodes/s03_aw_node/inst/inst_mi_handler/gen_normal_area.inst_fifo_node_payld/gen_xpm_memory_fifo.inst_fifo/gen_mem_rep[0].inst_xpm_memory/xpm_memory_base_inst/gen_wr_a.gen_word_narrow.mem_reg_0_31_112_125/RAMC_D1/WADR0
                            (rising edge-triggered cell RAMD32 clocked by clk_pl_0  {rise@0.000ns fall@5.000ns period=10.000ns})
  Path Group:             clk_pl_0
  Path Type:              Hold (Min at Slow Process Corner)
  Requirement:            0.000ns  (clk_pl_0 rise@0.000ns - clk_pl_0 rise@0.000ns)
  Data Path Delay:        0.249ns  (logic 0.113ns (45.322%)  route 0.136ns (54.678%))
  Logic Levels:           0  
  Clock Path Skew:        0.123ns (DCD - SCD - CPR)
    Destination Clock Delay (DCD):    3.481ns
    Source Clock Delay      (SCD):    3.056ns
    Clock Pessimism Removal (CPR):    0.302ns
  Clock Net Delay (Source):      2.840ns (routing 1.450ns, distribution 1.390ns)
  Clock Net Delay (Destination): 3.214ns (routing 1.584ns, distribution 1.630ns)

    Location             Delay type                Incr(ns)  Path(ns)    Netlist Resource(s)
  -------------------------------------------------------------------    -------------------
                         (clock clk_pl_0 rise edge)
                                                      0.000     0.000 r  
    PS8_X0Y0             PS8                          0.000     0.000 r  gemm_block_i/zynq_ultra_ps_e_0/inst/PS8_i/PLCLK[0]
                         net (fo=1, routed)           0.181     0.181    gemm_block_i/zynq_ultra_ps_e_0/inst/pl_clk_unbuffered[0]
    BUFG_PS_X0Y80        BUFG_PS (Prop_BUFG_PS_I_O)
                                                      0.035     0.216 r  gemm_block_i/zynq_ultra_ps_e_0/inst/buffer_pl_clk_0.PL_CLK_0_BUFG/O
    X1Y1 (CLOCK_ROOT)    net (fo=40197, routed)       2.840     3.056    gemm_block_i/axi_smc_1/inst/s03_nodes/s03_aw_node/inst/inst_mi_handler/gen_normal_area.inst_fifo_node_payld/gen_xpm_memory_fifo.inst_fifo/gen_mem_rep[0].inst_wr_addra/s_sc_aclk
    SLICE_X3Y74          FDRE                                         r  gemm_block_i/axi_smc_1/inst/s03_nodes/s03_aw_node/inst/inst_mi_handler/gen_normal_area.inst_fifo_node_payld/gen_xpm_memory_fifo.inst_fifo/gen_mem_rep[0].inst_wr_addra/count_r_reg[0]/C
  -------------------------------------------------------------------    -------------------
    SLICE_X3Y74          FDRE (Prop_HFF2_SLICEL_C_Q)
                                                      0.113     3.169 r  gemm_block_i/axi_smc_1/inst/s03_nodes/s03_aw_node/inst/inst_mi_handler/gen_normal_area.inst_fifo_node_payld/gen_xpm_memory_fifo.inst_fifo/gen_mem_rep[0].inst_wr_addra/count_r_reg[0]/Q
                         net (fo=109, routed)         0.136     3.305    gemm_block_i/axi_smc_1/inst/s03_nodes/s03_aw_node/inst/inst_mi_handler/gen_normal_area.inst_fifo_node_payld/gen_xpm_memory_fifo.inst_fifo/gen_mem_rep[0].inst_xpm_memory/xpm_memory_base_inst/gen_wr_a.gen_word_narrow.mem_reg_0_31_112_125/ADDRH0
    SLICE_X2Y75          RAMD32                                       r  gemm_block_i/axi_smc_1/inst/s03_nodes/s03_aw_node/inst/inst_mi_handler/gen_normal_area.inst_fifo_node_payld/gen_xpm_memory_fifo.inst_fifo/gen_mem_rep[0].inst_xpm_memory/xpm_memory_base_inst/gen_wr_a.gen_word_narrow.mem_reg_0_31_112_125/RAMC_D1/WADR0
  -------------------------------------------------------------------    -------------------

                         (clock clk_pl_0 rise edge)
                                                      0.000     0.000 r  
    PS8_X0Y0             PS8                          0.000     0.000 r  gemm_block_i/zynq_ultra_ps_e_0/inst/PS8_i/PLCLK[0]
                         net (fo=1, routed)           0.229     0.229    gemm_block_i/zynq_ultra_ps_e_0/inst/pl_clk_unbuffered[0]
    BUFG_PS_X0Y80        BUFG_PS (Prop_BUFG_PS_I_O)
                                                      0.038     0.267 r  gemm_block_i/zynq_ultra_ps_e_0/inst/buffer_pl_clk_0.PL_CLK_0_BUFG/O
    X1Y1 (CLOCK_ROOT)    net (fo=40197, routed)       3.214     3.481    gemm_block_i/axi_smc_1/inst/s03_nodes/s03_aw_node/inst/inst_mi_handler/gen_normal_area.inst_fifo_node_payld/gen_xpm_memory_fifo.inst_fifo/gen_mem_rep[0].inst_xpm_memory/xpm_memory_base_inst/gen_wr_a.gen_word_narrow.mem_reg_0_31_112_125/WCLK
    SLICE_X2Y75          RAMD32                                       r  gemm_block_i/axi_smc_1/inst/s03_nodes/s03_aw_node/inst/inst_mi_handler/gen_normal_area.inst_fifo_node_payld/gen_xpm_memory_fifo.inst_fifo/gen_mem_rep[0].inst_xpm_memory/xpm_memory_base_inst/gen_wr_a.gen_word_narrow.mem_reg_0_31_112_125/RAMC_D1/CLK
                         clock pessimism             -0.302     3.179    
    SLICE_X2Y75          RAMD32 (Hold_C6LUT_SLICEM_CLK_WADR0)
                                                      0.116     3.295    gemm_block_i/axi_smc_1/inst/s03_nodes/s03_aw_node/inst/inst_mi_handler/gen_normal_area.inst_fifo_node_payld/gen_xpm_memory_fifo.inst_fifo/gen_mem_rep[0].inst_xpm_memory/xpm_memory_base_inst/gen_wr_a.gen_word_narrow.mem_reg_0_31_112_125/RAMC_D1
  -------------------------------------------------------------------
                         required time                         -3.295    
                         arrival time                           3.305    
  -------------------------------------------------------------------
                         slack                                  0.010    

Slack (MET) :             0.010ns  (arrival time - required time)
  Source:                 gemm_block_i/axi_smc_1/inst/s03_nodes/s03_aw_node/inst/inst_mi_handler/gen_normal_area.inst_fifo_node_payld/gen_xpm_memory_fifo.inst_fifo/gen_mem_rep[0].inst_wr_addra/count_r_reg[0]/C
                            (rising edge-triggered cell FDRE clocked by clk_pl_0  {rise@0.000ns fall@5.000ns period=10.000ns})
  Destination:            gemm_block_i/axi_smc_1/inst/s03_nodes/s03_aw_node/inst/inst_mi_handler/gen_normal_area.inst_fifo_node_payld/gen_xpm_memory_fifo.inst_fifo/gen_mem_rep[0].inst_xpm_memory/xpm_memory_base_inst/gen_wr_a.gen_word_narrow.mem_reg_0_31_112_125/RAMD/WADR0
                            (rising edge-triggered cell RAMD32 clocked by clk_pl_0  {rise@0.000ns fall@5.000ns period=10.000ns})
  Path Group:             clk_pl_0
  Path Type:              Hold (Min at Slow Process Corner)
  Requirement:            0.000ns  (clk_pl_0 rise@0.000ns - clk_pl_0 rise@0.000ns)
  Data Path Delay:        0.249ns  (logic 0.113ns (45.322%)  route 0.136ns (54.678%))
  Logic Levels:           0  
  Clock Path Skew:        0.123ns (DCD - SCD - CPR)
    Destination Clock Delay (DCD):    3.481ns
    Source Clock Delay      (SCD):    3.056ns
    Clock Pessimism Removal (CPR):    0.302ns
  Clock Net Delay (Source):      2.840ns (routing 1.450ns, distribution 1.390ns)
  Clock Net Delay (Destination): 3.214ns (routing 1.584ns, distribution 1.630ns)

    Location             Delay type                Incr(ns)  Path(ns)    Netlist Resource(s)
  -------------------------------------------------------------------    -------------------
                         (clock clk_pl_0 rise edge)
                                                      0.000     0.000 r  
    PS8_X0Y0             PS8                          0.000     0.000 r  gemm_block_i/zynq_ultra_ps_e_0/inst/PS8_i/PLCLK[0]
                         net (fo=1, routed)           0.181     0.181    gemm_block_i/zynq_ultra_ps_e_0/inst/pl_clk_unbuffered[0]
    BUFG_PS_X0Y80        BUFG_PS (Prop_BUFG_PS_I_O)
                                                      0.035     0.216 r  gemm_block_i/zynq_ultra_ps_e_0/inst/buffer_pl_clk_0.PL_CLK_0_BUFG/O
    X1Y1 (CLOCK_ROOT)    net (fo=40197, routed)       2.840     3.056    gemm_block_i/axi_smc_1/inst/s03_nodes/s03_aw_node/inst/inst_mi_handler/gen_normal_area.inst_fifo_node_payld/gen_xpm_memory_fifo.inst_fifo/gen_mem_rep[0].inst_wr_addra/s_sc_aclk
    SLICE_X3Y74          FDRE                                         r  gemm_block_i/axi_smc_1/inst/s03_nodes/s03_aw_node/inst/inst_mi_handler/gen_normal_area.inst_fifo_node_payld/gen_xpm_memory_fifo.inst_fifo/gen_mem_rep[0].inst_wr_addra/count_r_reg[0]/C
  -------------------------------------------------------------------    -------------------
    SLICE_X3Y74          FDRE (Prop_HFF2_SLICEL_C_Q)
                                                      0.113     3.169 r  gemm_block_i/axi_smc_1/inst/s03_nodes/s03_aw_node/inst/inst_mi_handler/gen_normal_area.inst_fifo_node_payld/gen_xpm_memory_fifo.inst_fifo/gen_mem_rep[0].inst_wr_addra/count_r_reg[0]/Q
                         net (fo=109, routed)         0.136     3.305    gemm_block_i/axi_smc_1/inst/s03_nodes/s03_aw_node/inst/inst_mi_handler/gen_normal_area.inst_fifo_node_payld/gen_xpm_memory_fifo.inst_fifo/gen_mem_rep[0].inst_xpm_memory/xpm_memory_base_inst/gen_wr_a.gen_word_narrow.mem_reg_0_31_112_125/ADDRH0
    SLICE_X2Y75          RAMD32                                       r  gemm_block_i/axi_smc_1/inst/s03_nodes/s03_aw_node/inst/inst_mi_handler/gen_normal_area.inst_fifo_node_payld/gen_xpm_memory_fifo.inst_fifo/gen_mem_rep[0].inst_xpm_memory/xpm_memory_base_inst/gen_wr_a.gen_word_narrow.mem_reg_0_31_112_125/RAMD/WADR0
  -------------------------------------------------------------------    -------------------

                         (clock clk_pl_0 rise edge)
                                                      0.000     0.000 r  
    PS8_X0Y0             PS8                          0.000     0.000 r  gemm_block_i/zynq_ultra_ps_e_0/inst/PS8_i/PLCLK[0]
                         net (fo=1, routed)           0.229     0.229    gemm_block_i/zynq_ultra_ps_e_0/inst/pl_clk_unbuffered[0]
    BUFG_PS_X0Y80        BUFG_PS (Prop_BUFG_PS_I_O)
                                                      0.038     0.267 r  gemm_block_i/zynq_ultra_ps_e_0/inst/buffer_pl_clk_0.PL_CLK_0_BUFG/O
    X1Y1 (CLOCK_ROOT)    net (fo=40197, routed)       3.214     3.481    gemm_block_i/axi_smc_1/inst/s03_nodes/s03_aw_node/inst/inst_mi_handler/gen_normal_area.inst_fifo_node_payld/gen_xpm_memory_fifo.inst_fifo/gen_mem_rep[0].inst_xpm_memory/xpm_memory_base_inst/gen_wr_a.gen_word_narrow.mem_reg_0_31_112_125/WCLK
    SLICE_X2Y75          RAMD32                                       r  gemm_block_i/axi_smc_1/inst/s03_nodes/s03_aw_node/inst/inst_mi_handler/gen_normal_area.inst_fifo_node_payld/gen_xpm_memory_fifo.inst_fifo/gen_mem_rep[0].inst_xpm_memory/xpm_memory_base_inst/gen_wr_a.gen_word_narrow.mem_reg_0_31_112_125/RAMD/CLK
                         clock pessimism             -0.302     3.179    
    SLICE_X2Y75          RAMD32 (Hold_D5LUT_SLICEM_CLK_WADR0)
                                                      0.116     3.295    gemm_block_i/axi_smc_1/inst/s03_nodes/s03_aw_node/inst/inst_mi_handler/gen_normal_area.inst_fifo_node_payld/gen_xpm_memory_fifo.inst_fifo/gen_mem_rep[0].inst_xpm_memory/xpm_memory_base_inst/gen_wr_a.gen_word_narrow.mem_reg_0_31_112_125/RAMD
  -------------------------------------------------------------------
                         required time                         -3.295    
                         arrival time                           3.305    
  -------------------------------------------------------------------
                         slack                                  0.010    

Slack (MET) :             0.010ns  (arrival time - required time)
  Source:                 gemm_block_i/axi_smc_1/inst/s03_nodes/s03_aw_node/inst/inst_mi_handler/gen_normal_area.inst_fifo_node_payld/gen_xpm_memory_fifo.inst_fifo/gen_mem_rep[0].inst_wr_addra/count_r_reg[0]/C
                            (rising edge-triggered cell FDRE clocked by clk_pl_0  {rise@0.000ns fall@5.000ns period=10.000ns})
  Destination:            gemm_block_i/axi_smc_1/inst/s03_nodes/s03_aw_node/inst/inst_mi_handler/gen_normal_area.inst_fifo_node_payld/gen_xpm_memory_fifo.inst_fifo/gen_mem_rep[0].inst_xpm_memory/xpm_memory_base_inst/gen_wr_a.gen_word_narrow.mem_reg_0_31_112_125/RAMD_D1/WADR0
                            (rising edge-triggered cell RAMD32 clocked by clk_pl_0  {rise@0.000ns fall@5.000ns period=10.000ns})
  Path Group:             clk_pl_0
  Path Type:              Hold (Min at Slow Process Corner)
  Requirement:            0.000ns  (clk_pl_0 rise@0.000ns - clk_pl_0 rise@0.000ns)
  Data Path Delay:        0.249ns  (logic 0.113ns (45.322%)  route 0.136ns (54.678%))
  Logic Levels:           0  
  Clock Path Skew:        0.123ns (DCD - SCD - CPR)
    Destination Clock Delay (DCD):    3.481ns
    Source Clock Delay      (SCD):    3.056ns
    Clock Pessimism Removal (CPR):    0.302ns
  Clock Net Delay (Source):      2.840ns (routing 1.450ns, distribution 1.390ns)
  Clock Net Delay (Destination): 3.214ns (routing 1.584ns, distribution 1.630ns)

    Location             Delay type                Incr(ns)  Path(ns)    Netlist Resource(s)
  -------------------------------------------------------------------    -------------------
                         (clock clk_pl_0 rise edge)
                                                      0.000     0.000 r  
    PS8_X0Y0             PS8                          0.000     0.000 r  gemm_block_i/zynq_ultra_ps_e_0/inst/PS8_i/PLCLK[0]
                         net (fo=1, routed)           0.181     0.181    gemm_block_i/zynq_ultra_ps_e_0/inst/pl_clk_unbuffered[0]
    BUFG_PS_X0Y80        BUFG_PS (Prop_BUFG_PS_I_O)
                                                      0.035     0.216 r  gemm_block_i/zynq_ultra_ps_e_0/inst/buffer_pl_clk_0.PL_CLK_0_BUFG/O
    X1Y1 (CLOCK_ROOT)    net (fo=40197, routed)       2.840     3.056    gemm_block_i/axi_smc_1/inst/s03_nodes/s03_aw_node/inst/inst_mi_handler/gen_normal_area.inst_fifo_node_payld/gen_xpm_memory_fifo.inst_fifo/gen_mem_rep[0].inst_wr_addra/s_sc_aclk
    SLICE_X3Y74          FDRE                                         r  gemm_block_i/axi_smc_1/inst/s03_nodes/s03_aw_node/inst/inst_mi_handler/gen_normal_area.inst_fifo_node_payld/gen_xpm_memory_fifo.inst_fifo/gen_mem_rep[0].inst_wr_addra/count_r_reg[0]/C
  -------------------------------------------------------------------    -------------------
    SLICE_X3Y74          FDRE (Prop_HFF2_SLICEL_C_Q)
                                                      0.113     3.169 r  gemm_block_i/axi_smc_1/inst/s03_nodes/s03_aw_node/inst/inst_mi_handler/gen_normal_area.inst_fifo_node_payld/gen_xpm_memory_fifo.inst_fifo/gen_mem_rep[0].inst_wr_addra/count_r_reg[0]/Q
                         net (fo=109, routed)         0.136     3.305    gemm_block_i/axi_smc_1/inst/s03_nodes/s03_aw_node/inst/inst_mi_handler/gen_normal_area.inst_fifo_node_payld/gen_xpm_memory_fifo.inst_fifo/gen_mem_rep[0].inst_xpm_memory/xpm_memory_base_inst/gen_wr_a.gen_word_narrow.mem_reg_0_31_112_125/ADDRH0
    SLICE_X2Y75          RAMD32                                       r  gemm_block_i/axi_smc_1/inst/s03_nodes/s03_aw_node/inst/inst_mi_handler/gen_normal_area.inst_fifo_node_payld/gen_xpm_memory_fifo.inst_fifo/gen_mem_rep[0].inst_xpm_memory/xpm_memory_base_inst/gen_wr_a.gen_word_narrow.mem_reg_0_31_112_125/RAMD_D1/WADR0
  -------------------------------------------------------------------    -------------------

                         (clock clk_pl_0 rise edge)
                                                      0.000     0.000 r  
    PS8_X0Y0             PS8                          0.000     0.000 r  gemm_block_i/zynq_ultra_ps_e_0/inst/PS8_i/PLCLK[0]
                         net (fo=1, routed)           0.229     0.229    gemm_block_i/zynq_ultra_ps_e_0/inst/pl_clk_unbuffered[0]
    BUFG_PS_X0Y80        BUFG_PS (Prop_BUFG_PS_I_O)
                                                      0.038     0.267 r  gemm_block_i/zynq_ultra_ps_e_0/inst/buffer_pl_clk_0.PL_CLK_0_BUFG/O
    X1Y1 (CLOCK_ROOT)    net (fo=40197, routed)       3.214     3.481    gemm_block_i/axi_smc_1/inst/s03_nodes/s03_aw_node/inst/inst_mi_handler/gen_normal_area.inst_fifo_node_payld/gen_xpm_memory_fifo.inst_fifo/gen_mem_rep[0].inst_xpm_memory/xpm_memory_base_inst/gen_wr_a.gen_word_narrow.mem_reg_0_31_112_125/WCLK
    SLICE_X2Y75          RAMD32                                       r  gemm_block_i/axi_smc_1/inst/s03_nodes/s03_aw_node/inst/inst_mi_handler/gen_normal_area.inst_fifo_node_payld/gen_xpm_memory_fifo.inst_fifo/gen_mem_rep[0].inst_xpm_memory/xpm_memory_base_inst/gen_wr_a.gen_word_narrow.mem_reg_0_31_112_125/RAMD_D1/CLK
                         clock pessimism             -0.302     3.179    
    SLICE_X2Y75          RAMD32 (Hold_D6LUT_SLICEM_CLK_WADR0)
                                                      0.116     3.295    gemm_block_i/axi_smc_1/inst/s03_nodes/s03_aw_node/inst/inst_mi_handler/gen_normal_area.inst_fifo_node_payld/gen_xpm_memory_fifo.inst_fifo/gen_mem_rep[0].inst_xpm_memory/xpm_memory_base_inst/gen_wr_a.gen_word_narrow.mem_reg_0_31_112_125/RAMD_D1
  -------------------------------------------------------------------
                         required time                         -3.295    
                         arrival time                           3.305    
  -------------------------------------------------------------------
                         slack                                  0.010    

Slack (MET) :             0.010ns  (arrival time - required time)
  Source:                 gemm_block_i/axi_smc_1/inst/s03_nodes/s03_aw_node/inst/inst_mi_handler/gen_normal_area.inst_fifo_node_payld/gen_xpm_memory_fifo.inst_fifo/gen_mem_rep[0].inst_wr_addra/count_r_reg[0]/C
                            (rising edge-triggered cell FDRE clocked by clk_pl_0  {rise@0.000ns fall@5.000ns period=10.000ns})
  Destination:            gemm_block_i/axi_smc_1/inst/s03_nodes/s03_aw_node/inst/inst_mi_handler/gen_normal_area.inst_fifo_node_payld/gen_xpm_memory_fifo.inst_fifo/gen_mem_rep[0].inst_xpm_memory/xpm_memory_base_inst/gen_wr_a.gen_word_narrow.mem_reg_0_31_112_125/RAME/WADR0
                            (rising edge-triggered cell RAMD32 clocked by clk_pl_0  {rise@0.000ns fall@5.000ns period=10.000ns})
  Path Group:             clk_pl_0
  Path Type:              Hold (Min at Slow Process Corner)
  Requirement:            0.000ns  (clk_pl_0 rise@0.000ns - clk_pl_0 rise@0.000ns)
  Data Path Delay:        0.249ns  (logic 0.113ns (45.322%)  route 0.136ns (54.678%))
  Logic Levels:           0  
  Clock Path Skew:        0.123ns (DCD - SCD - CPR)
    Destination Clock Delay (DCD):    3.481ns
    Source Clock Delay      (SCD):    3.056ns
    Clock Pessimism Removal (CPR):    0.302ns
  Clock Net Delay (Source):      2.840ns (routing 1.450ns, distribution 1.390ns)
  Clock Net Delay (Destination): 3.214ns (routing 1.584ns, distribution 1.630ns)

    Location             Delay type                Incr(ns)  Path(ns)    Netlist Resource(s)
  -------------------------------------------------------------------    -------------------
                         (clock clk_pl_0 rise edge)
                                                      0.000     0.000 r  
    PS8_X0Y0             PS8                          0.000     0.000 r  gemm_block_i/zynq_ultra_ps_e_0/inst/PS8_i/PLCLK[0]
                         net (fo=1, routed)           0.181     0.181    gemm_block_i/zynq_ultra_ps_e_0/inst/pl_clk_unbuffered[0]
    BUFG_PS_X0Y80        BUFG_PS (Prop_BUFG_PS_I_O)
                                                      0.035     0.216 r  gemm_block_i/zynq_ultra_ps_e_0/inst/buffer_pl_clk_0.PL_CLK_0_BUFG/O
    X1Y1 (CLOCK_ROOT)    net (fo=40197, routed)       2.840     3.056    gemm_block_i/axi_smc_1/inst/s03_nodes/s03_aw_node/inst/inst_mi_handler/gen_normal_area.inst_fifo_node_payld/gen_xpm_memory_fifo.inst_fifo/gen_mem_rep[0].inst_wr_addra/s_sc_aclk
    SLICE_X3Y74          FDRE                                         r  gemm_block_i/axi_smc_1/inst/s03_nodes/s03_aw_node/inst/inst_mi_handler/gen_normal_area.inst_fifo_node_payld/gen_xpm_memory_fifo.inst_fifo/gen_mem_rep[0].inst_wr_addra/count_r_reg[0]/C
  -------------------------------------------------------------------    -------------------
    SLICE_X3Y74          FDRE (Prop_HFF2_SLICEL_C_Q)
                                                      0.113     3.169 r  gemm_block_i/axi_smc_1/inst/s03_nodes/s03_aw_node/inst/inst_mi_handler/gen_normal_area.inst_fifo_node_payld/gen_xpm_memory_fifo.inst_fifo/gen_mem_rep[0].inst_wr_addra/count_r_reg[0]/Q
                         net (fo=109, routed)         0.136     3.305    gemm_block_i/axi_smc_1/inst/s03_nodes/s03_aw_node/inst/inst_mi_handler/gen_normal_area.inst_fifo_node_payld/gen_xpm_memory_fifo.inst_fifo/gen_mem_rep[0].inst_xpm_memory/xpm_memory_base_inst/gen_wr_a.gen_word_narrow.mem_reg_0_31_112_125/ADDRH0
    SLICE_X2Y75          RAMD32                                       r  gemm_block_i/axi_smc_1/inst/s03_nodes/s03_aw_node/inst/inst_mi_handler/gen_normal_area.inst_fifo_node_payld/gen_xpm_memory_fifo.inst_fifo/gen_mem_rep[0].inst_xpm_memory/xpm_memory_base_inst/gen_wr_a.gen_word_narrow.mem_reg_0_31_112_125/RAME/WADR0
  -------------------------------------------------------------------    -------------------

                         (clock clk_pl_0 rise edge)
                                                      0.000     0.000 r  
    PS8_X0Y0             PS8                          0.000     0.000 r  gemm_block_i/zynq_ultra_ps_e_0/inst/PS8_i/PLCLK[0]
                         net (fo=1, routed)           0.229     0.229    gemm_block_i/zynq_ultra_ps_e_0/inst/pl_clk_unbuffered[0]
    BUFG_PS_X0Y80        BUFG_PS (Prop_BUFG_PS_I_O)
                                                      0.038     0.267 r  gemm_block_i/zynq_ultra_ps_e_0/inst/buffer_pl_clk_0.PL_CLK_0_BUFG/O
    X1Y1 (CLOCK_ROOT)    net (fo=40197, routed)       3.214     3.481    gemm_block_i/axi_smc_1/inst/s03_nodes/s03_aw_node/inst/inst_mi_handler/gen_normal_area.inst_fifo_node_payld/gen_xpm_memory_fifo.inst_fifo/gen_mem_rep[0].inst_xpm_memory/xpm_memory_base_inst/gen_wr_a.gen_word_narrow.mem_reg_0_31_112_125/WCLK
    SLICE_X2Y75          RAMD32                                       r  gemm_block_i/axi_smc_1/inst/s03_nodes/s03_aw_node/inst/inst_mi_handler/gen_normal_area.inst_fifo_node_payld/gen_xpm_memory_fifo.inst_fifo/gen_mem_rep[0].inst_xpm_memory/xpm_memory_base_inst/gen_wr_a.gen_word_narrow.mem_reg_0_31_112_125/RAME/CLK
                         clock pessimism             -0.302     3.179    
    SLICE_X2Y75          RAMD32 (Hold_E5LUT_SLICEM_CLK_WADR0)
                                                      0.116     3.295    gemm_block_i/axi_smc_1/inst/s03_nodes/s03_aw_node/inst/inst_mi_handler/gen_normal_area.inst_fifo_node_payld/gen_xpm_memory_fifo.inst_fifo/gen_mem_rep[0].inst_xpm_memory/xpm_memory_base_inst/gen_wr_a.gen_word_narrow.mem_reg_0_31_112_125/RAME
  -------------------------------------------------------------------
                         required time                         -3.295    
                         arrival time                           3.305    
  -------------------------------------------------------------------
                         slack                                  0.010    





Pulse Width Checks
--------------------------------------------------------------------------------------
Clock Name:         clk_pl_0
Waveform(ns):       { 0.000 5.000 }
Period(ns):         10.000
Sources:            { gemm_block_i/zynq_ultra_ps_e_0/inst/PS8_i/PLCLK[0] }

Check Type        Corner  Lib Pin             Reference Pin  Required(ns)  Actual(ns)  Slack(ns)  Location      Pin
Min Period        n/a     PS8/MAXIGP0ACLK     n/a            3.000         10.000      7.000      PS8_X0Y0      gemm_block_i/zynq_ultra_ps_e_0/inst/PS8_i/MAXIGP0ACLK
Min Period        n/a     PS8/MAXIGP1ACLK     n/a            3.000         10.000      7.000      PS8_X0Y0      gemm_block_i/zynq_ultra_ps_e_0/inst/PS8_i/MAXIGP1ACLK
Min Period        n/a     PS8/SAXIGP0RCLK     n/a            3.000         10.000      7.000      PS8_X0Y0      gemm_block_i/zynq_ultra_ps_e_0/inst/PS8_i/SAXIGP0RCLK
Min Period        n/a     PS8/SAXIGP0WCLK     n/a            3.000         10.000      7.000      PS8_X0Y0      gemm_block_i/zynq_ultra_ps_e_0/inst/PS8_i/SAXIGP0WCLK
Min Period        n/a     RAMB36E2/CLKARDCLK  n/a            1.960         10.000      8.040      RAMB36_X1Y18  gemm_block_i/gemm_accelerator_0/inst/bram_A/ram_0_reg_bram_0/CLKARDCLK
Min Period        n/a     RAMB36E2/CLKARDCLK  n/a            1.960         10.000      8.040      RAMB36_X1Y21  gemm_block_i/gemm_accelerator_0/inst/bram_A/ram_0_reg_bram_1/CLKARDCLK
Min Period        n/a     RAMB36E2/CLKARDCLK  n/a            1.960         10.000      8.040      RAMB36_X0Y22  gemm_block_i/gemm_accelerator_0/inst/bram_A/ram_0_reg_bram_2/CLKARDCLK
Min Period        n/a     RAMB36E2/CLKARDCLK  n/a            1.960         10.000      8.040      RAMB36_X0Y24  gemm_block_i/gemm_accelerator_0/inst/bram_A/ram_0_reg_bram_3/CLKARDCLK
Min Period        n/a     RAMB36E2/CLKARDCLK  n/a            1.960         10.000      8.040      RAMB36_X1Y19  gemm_block_i/gemm_accelerator_0/inst/bram_A/ram_1_reg_bram_0/CLKARDCLK
Min Period        n/a     RAMB36E2/CLKARDCLK  n/a            1.960         10.000      8.040      RAMB36_X1Y20  gemm_block_i/gemm_accelerator_0/inst/bram_A/ram_1_reg_bram_1/CLKARDCLK
Low Pulse Width   Slow    PS8/MAXIGP0ACLK     n/a            1.500         5.000       3.500      PS8_X0Y0      gemm_block_i/zynq_ultra_ps_e_0/inst/PS8_i/MAXIGP0ACLK
Low Pulse Width   Fast    PS8/MAXIGP0ACLK     n/a            1.500         5.000       3.500      PS8_X0Y0      gemm_block_i/zynq_ultra_ps_e_0/inst/PS8_i/MAXIGP0ACLK
Low Pulse Width   Slow    PS8/MAXIGP1ACLK     n/a            1.500         5.000       3.500      PS8_X0Y0      gemm_block_i/zynq_ultra_ps_e_0/inst/PS8_i/MAXIGP1ACLK
Low Pulse Width   Fast    PS8/MAXIGP1ACLK     n/a            1.500         5.000       3.500      PS8_X0Y0      gemm_block_i/zynq_ultra_ps_e_0/inst/PS8_i/MAXIGP1ACLK
Low Pulse Width   Slow    PS8/SAXIGP0RCLK     n/a            1.500         5.000       3.500      PS8_X0Y0      gemm_block_i/zynq_ultra_ps_e_0/inst/PS8_i/SAXIGP0RCLK
Low Pulse Width   Fast    PS8/SAXIGP0RCLK     n/a            1.500         5.000       3.500      PS8_X0Y0      gemm_block_i/zynq_ultra_ps_e_0/inst/PS8_i/SAXIGP0RCLK
Low Pulse Width   Slow    PS8/SAXIGP0WCLK     n/a            1.500         5.000       3.500      PS8_X0Y0      gemm_block_i/zynq_ultra_ps_e_0/inst/PS8_i/SAXIGP0WCLK
Low Pulse Width   Fast    PS8/SAXIGP0WCLK     n/a            1.500         5.000       3.500      PS8_X0Y0      gemm_block_i/zynq_ultra_ps_e_0/inst/PS8_i/SAXIGP0WCLK
Low Pulse Width   Slow    SRL16E/CLK          n/a            0.762         5.000       4.238      SLICE_X18Y79  gemm_block_i/axi_dma_0/U0/I_PRMRY_DATAMOVER/GEN_MM2S_FULL.I_MM2S_FULL_WRAPPER/I_ADDR_CNTL/GEN_ADDR_FIFO.I_ADDR_QUAL_FIFO/USE_SRL_FIFO.I_SYNC_FIFO/data_reg[3][11]_srl4/CLK
Low Pulse Width   Fast    SRL16E/CLK          n/a            0.762         5.000       4.238      SLICE_X18Y79  gemm_block_i/axi_dma_0/U0/I_PRMRY_DATAMOVER/GEN_MM2S_FULL.I_MM2S_FULL_WRAPPER/I_ADDR_CNTL/GEN_ADDR_FIFO.I_ADDR_QUAL_FIFO/USE_SRL_FIFO.I_SYNC_FIFO/data_reg[3][11]_srl4/CLK
High Pulse Width  Slow    PS8/MAXIGP0ACLK     n/a            1.500         5.000       3.500      PS8_X0Y0      gemm_block_i/zynq_ultra_ps_e_0/inst/PS8_i/MAXIGP0ACLK
High Pulse Width  Fast    PS8/MAXIGP0ACLK     n/a            1.500         5.000       3.500      PS8_X0Y0      gemm_block_i/zynq_ultra_ps_e_0/inst/PS8_i/MAXIGP0ACLK
High Pulse Width  Slow    PS8/MAXIGP1ACLK     n/a            1.500         5.000       3.500      PS8_X0Y0      gemm_block_i/zynq_ultra_ps_e_0/inst/PS8_i/MAXIGP1ACLK
High Pulse Width  Fast    PS8/MAXIGP1ACLK     n/a            1.500         5.000       3.500      PS8_X0Y0      gemm_block_i/zynq_ultra_ps_e_0/inst/PS8_i/MAXIGP1ACLK
High Pulse Width  Slow    PS8/SAXIGP0RCLK     n/a            1.500         5.000       3.500      PS8_X0Y0      gemm_block_i/zynq_ultra_ps_e_0/inst/PS8_i/SAXIGP0RCLK
High Pulse Width  Fast    PS8/SAXIGP0RCLK     n/a            1.500         5.000       3.500      PS8_X0Y0      gemm_block_i/zynq_ultra_ps_e_0/inst/PS8_i/SAXIGP0RCLK
High Pulse Width  Slow    PS8/SAXIGP0WCLK     n/a            1.500         5.000       3.500      PS8_X0Y0      gemm_block_i/zynq_ultra_ps_e_0/inst/PS8_i/SAXIGP0WCLK
High Pulse Width  Fast    PS8/SAXIGP0WCLK     n/a            1.500         5.000       3.500      PS8_X0Y0      gemm_block_i/zynq_ultra_ps_e_0/inst/PS8_i/SAXIGP0WCLK
High Pulse Width  Slow    SRL16E/CLK          n/a            0.762         5.000       4.238      SLICE_X18Y79  gemm_block_i/axi_dma_0/U0/I_PRMRY_DATAMOVER/GEN_MM2S_FULL.I_MM2S_FULL_WRAPPER/I_ADDR_CNTL/GEN_ADDR_FIFO.I_ADDR_QUAL_FIFO/USE_SRL_FIFO.I_SYNC_FIFO/data_reg[3][11]_srl4/CLK
High Pulse Width  Fast    SRL16E/CLK          n/a            0.762         5.000       4.238      SLICE_X18Y79  gemm_block_i/axi_dma_0/U0/I_PRMRY_DATAMOVER/GEN_MM2S_FULL.I_MM2S_FULL_WRAPPER/I_ADDR_CNTL/GEN_ADDR_FIFO.I_ADDR_QUAL_FIFO/USE_SRL_FIFO.I_SYNC_FIFO/data_reg[3][11]_srl4/CLK



--------------------------------------------------------------------------------------
Path Group:  (none)
From Clock:  
  To Clock:  clk_pl_0

Max Delay             1 Endpoint
Min Delay             1 Endpoint
--------------------------------------------------------------------------------------


Max Delay Paths
--------------------------------------------------------------------------------------
Slack:                    inf
  Source:                 gemm_block_i/zynq_ultra_ps_e_0/inst/PS8_i/EMIOGPIOO[95]
                            (internal pin)
  Destination:            gemm_block_i/rst_ps8_0_99M/U0/EXT_LPF/ACTIVE_LOW_EXT.ACT_LO_EXT/syncstages_ff_reg[0]/D
                            (rising edge-triggered cell FDRE clocked by clk_pl_0  {rise@0.000ns fall@5.000ns period=10.000ns})
  Path Group:             (none)
  Path Type:              Setup (Max at Slow Process Corner)
  Data Path Delay:        2.072ns  (logic 0.226ns (10.907%)  route 1.846ns (89.093%))
  Logic Levels:           1  (LUT1=1)
  Clock Uncertainty:      0.158ns  ((TSJ^2 + DJ^2)^1/2) / 2 + PE
    Total System Jitter     (TSJ):    0.050ns
    Discrete Jitter          (DJ):    0.312ns
    Phase Error              (PE):    0.000ns
  Clock Net Delay (Destination): 2.882ns (routing 1.450ns, distribution 1.432ns)
  Timing Exception:       False Path

    Location             Delay type                Incr(ns)  Path(ns)    Netlist Resource(s)
  -------------------------------------------------------------------    -------------------
    PS8_X0Y0             PS8                          0.000     0.000 f  gemm_block_i/zynq_ultra_ps_e_0/inst/PS8_i/EMIOGPIOO[95]
                         net (fo=1, routed)           1.473     1.473    gemm_block_i/rst_ps8_0_99M/U0/EXT_LPF/ext_reset_in
    SLICE_X7Y132         LUT1 (Prop_G6LUT_SLICEM_I0_O)
                                                      0.226     1.699 r  gemm_block_i/rst_ps8_0_99M/U0/EXT_LPF/ACTIVE_LOW_EXT.ACT_LO_EXT_i_1/O
                         net (fo=1, routed)           0.373     2.072    gemm_block_i/rst_ps8_0_99M/U0/EXT_LPF/ACTIVE_LOW_EXT.ACT_LO_EXT/src_in
    SLICE_X7Y132         FDRE                                         r  gemm_block_i/rst_ps8_0_99M/U0/EXT_LPF/ACTIVE_LOW_EXT.ACT_LO_EXT/syncstages_ff_reg[0]/D
  -------------------------------------------------------------------    -------------------

                         (clock clk_pl_0 rise edge)
                                                      0.000     0.000 r  
    PS8_X0Y0             PS8                          0.000     0.000 r  gemm_block_i/zynq_ultra_ps_e_0/inst/PS8_i/PLCLK[0]
                         net (fo=1, routed)           0.181     0.181    gemm_block_i/zynq_ultra_ps_e_0/inst/pl_clk_unbuffered[0]
    BUFG_PS_X0Y80        BUFG_PS (Prop_BUFG_PS_I_O)
                                                      0.035     0.216 r  gemm_block_i/zynq_ultra_ps_e_0/inst/buffer_pl_clk_0.PL_CLK_0_BUFG/O
    X1Y1 (CLOCK_ROOT)    net (fo=40197, routed)       2.882     3.098    gemm_block_i/rst_ps8_0_99M/U0/EXT_LPF/ACTIVE_LOW_EXT.ACT_LO_EXT/dest_clk
    SLICE_X7Y132         FDRE                                         r  gemm_block_i/rst_ps8_0_99M/U0/EXT_LPF/ACTIVE_LOW_EXT.ACT_LO_EXT/syncstages_ff_reg[0]/C





Min Delay Paths
--------------------------------------------------------------------------------------
Slack:                    inf
  Source:                 gemm_block_i/zynq_ultra_ps_e_0/inst/PS8_i/EMIOGPIOO[95]
                            (internal pin)
  Destination:            gemm_block_i/rst_ps8_0_99M/U0/EXT_LPF/ACTIVE_LOW_EXT.ACT_LO_EXT/syncstages_ff_reg[0]/D
                            (rising edge-triggered cell FDRE clocked by clk_pl_0  {rise@0.000ns fall@5.000ns period=10.000ns})
  Path Group:             (none)
  Path Type:              Hold (Min at Fast Process Corner)
  Data Path Delay:        0.793ns  (logic 0.104ns (13.115%)  route 0.689ns (86.885%))
  Logic Levels:           1  (LUT1=1)
  Clock Uncertainty:      0.158ns  ((TSJ^2 + DJ^2)^1/2) / 2 + PE
    Total System Jitter     (TSJ):    0.050ns
    Discrete Jitter          (DJ):    0.312ns
    Phase Error              (PE):    0.000ns
  Clock Net Delay (Destination): 1.923ns (routing 0.971ns, distribution 0.952ns)
  Timing Exception:       False Path

    Location             Delay type                Incr(ns)  Path(ns)    Netlist Resource(s)
  -------------------------------------------------------------------    -------------------
    PS8_X0Y0             PS8                          0.000     0.000 f  gemm_block_i/zynq_ultra_ps_e_0/inst/PS8_i/EMIOGPIOO[95]
                         net (fo=1, routed)           0.573     0.573    gemm_block_i/rst_ps8_0_99M/U0/EXT_LPF/ext_reset_in
    SLICE_X7Y132         LUT1 (Prop_G6LUT_SLICEM_I0_O)
                                                      0.104     0.677 r  gemm_block_i/rst_ps8_0_99M/U0/EXT_LPF/ACTIVE_LOW_EXT.ACT_LO_EXT_i_1/O
                         net (fo=1, routed)           0.116     0.793    gemm_block_i/rst_ps8_0_99M/U0/EXT_LPF/ACTIVE_LOW_EXT.ACT_LO_EXT/src_in
    SLICE_X7Y132         FDRE                                         r  gemm_block_i/rst_ps8_0_99M/U0/EXT_LPF/ACTIVE_LOW_EXT.ACT_LO_EXT/syncstages_ff_reg[0]/D
  -------------------------------------------------------------------    -------------------

                         (clock clk_pl_0 rise edge)
                                                      0.000     0.000 r  
    PS8_X0Y0             PS8                          0.000     0.000 r  gemm_block_i/zynq_ultra_ps_e_0/inst/PS8_i/PLCLK[0]
                         net (fo=1, routed)           0.164     0.164    gemm_block_i/zynq_ultra_ps_e_0/inst/pl_clk_unbuffered[0]
    BUFG_PS_X0Y80        BUFG_PS (Prop_BUFG_PS_I_O)
                                                      0.023     0.187 r  gemm_block_i/zynq_ultra_ps_e_0/inst/buffer_pl_clk_0.PL_CLK_0_BUFG/O
    X1Y1 (CLOCK_ROOT)    net (fo=40197, routed)       1.923     2.110    gemm_block_i/rst_ps8_0_99M/U0/EXT_LPF/ACTIVE_LOW_EXT.ACT_LO_EXT/dest_clk
    SLICE_X7Y132         FDRE                                         r  gemm_block_i/rst_ps8_0_99M/U0/EXT_LPF/ACTIVE_LOW_EXT.ACT_LO_EXT/syncstages_ff_reg[0]/C





--------------------------------------------------------------------------------------
Path Group:  (none)
From Clock:  clk_pl_0
  To Clock:  clk_pl_0

Max Delay           207 Endpoints
Min Delay           207 Endpoints
--------------------------------------------------------------------------------------


Max Delay Paths
--------------------------------------------------------------------------------------
Slack:                    inf
  Source:                 gemm_block_i/rst_ps8_0_99M/U0/ACTIVE_LOW_PR_OUT_DFF[0].FDRE_PER_N/C
                            (rising edge-triggered cell FDRE clocked by clk_pl_0  {rise@0.000ns fall@5.000ns period=10.000ns})
  Destination:            gemm_block_i/axi_smc_1/inst/clk_map/psr_aclk/U0/EXT_LPF/ACTIVE_LOW_AUX.ACT_LO_AUX/syncstages_ff_reg[0]/D
                            (rising edge-triggered cell FDRE clocked by clk_pl_0  {rise@0.000ns fall@5.000ns period=10.000ns})
  Path Group:             (none)
  Path Type:              Setup (Max at Slow Process Corner)
  Data Path Delay:        3.124ns  (logic 0.341ns (10.915%)  route 2.783ns (89.085%))
  Logic Levels:           1  (LUT1=1)
  Clock Path Skew:        -0.382ns (DCD - SCD + CPR)
    Destination Clock Delay (DCD):    3.047ns
    Source Clock Delay      (SCD):    3.429ns
    Clock Pessimism Removal (CPR):    0.000ns
  Clock Uncertainty:      0.160ns  ((TSJ^2 + DJ^2)^1/2) / 2 + PE
    Total System Jitter     (TSJ):    0.071ns
    Discrete Jitter          (DJ):    0.312ns
    Phase Error              (PE):    0.000ns
  Clock Net Delay (Source):      3.162ns (routing 1.584ns, distribution 1.578ns)
  Clock Net Delay (Destination): 2.831ns (routing 1.450ns, distribution 1.381ns)
  Timing Exception:       False Path

    Location             Delay type                Incr(ns)  Path(ns)    Netlist Resource(s)
  -------------------------------------------------------------------    -------------------
                         (clock clk_pl_0 rise edge)
                                                      0.000     0.000 r  
    PS8_X0Y0             PS8                          0.000     0.000 r  gemm_block_i/zynq_ultra_ps_e_0/inst/PS8_i/PLCLK[0]
                         net (fo=1, routed)           0.229     0.229    gemm_block_i/zynq_ultra_ps_e_0/inst/pl_clk_unbuffered[0]
    BUFG_PS_X0Y80        BUFG_PS (Prop_BUFG_PS_I_O)
                                                      0.038     0.267 r  gemm_block_i/zynq_ultra_ps_e_0/inst/buffer_pl_clk_0.PL_CLK_0_BUFG/O
    X1Y1 (CLOCK_ROOT)    net (fo=40197, routed)       3.162     3.429    gemm_block_i/rst_ps8_0_99M/U0/slowest_sync_clk
    SLICE_X7Y124         FDRE                                         r  gemm_block_i/rst_ps8_0_99M/U0/ACTIVE_LOW_PR_OUT_DFF[0].FDRE_PER_N/C
  -------------------------------------------------------------------    -------------------
    SLICE_X7Y124         FDRE (Prop_EFF_SLICEM_C_Q)
                                                      0.113     3.542 f  gemm_block_i/rst_ps8_0_99M/U0/ACTIVE_LOW_PR_OUT_DFF[0].FDRE_PER_N/Q
                         net (fo=25235, routed)       2.546     6.088    gemm_block_i/axi_smc_1/inst/clk_map/psr_aclk/U0/EXT_LPF/aresetn
    SLICE_X1Y42          LUT1 (Prop_H6LUT_SLICEM_I0_O)
                                                      0.228     6.316 r  gemm_block_i/axi_smc_1/inst/clk_map/psr_aclk/U0/EXT_LPF/ACTIVE_LOW_AUX.ACT_LO_AUX_i_1/O
                         net (fo=1, routed)           0.237     6.553    gemm_block_i/axi_smc_1/inst/clk_map/psr_aclk/U0/EXT_LPF/ACTIVE_LOW_AUX.ACT_LO_AUX/src_in
    SLICE_X1Y42          FDRE                                         r  gemm_block_i/axi_smc_1/inst/clk_map/psr_aclk/U0/EXT_LPF/ACTIVE_LOW_AUX.ACT_LO_AUX/syncstages_ff_reg[0]/D
  -------------------------------------------------------------------    -------------------

                         (clock clk_pl_0 rise edge)
                                                      0.000     0.000 r  
    PS8_X0Y0             PS8                          0.000     0.000 r  gemm_block_i/zynq_ultra_ps_e_0/inst/PS8_i/PLCLK[0]
                         net (fo=1, routed)           0.181     0.181    gemm_block_i/zynq_ultra_ps_e_0/inst/pl_clk_unbuffered[0]
    BUFG_PS_X0Y80        BUFG_PS (Prop_BUFG_PS_I_O)
                                                      0.035     0.216 r  gemm_block_i/zynq_ultra_ps_e_0/inst/buffer_pl_clk_0.PL_CLK_0_BUFG/O
    X1Y1 (CLOCK_ROOT)    net (fo=40197, routed)       2.831     3.047    gemm_block_i/axi_smc_1/inst/clk_map/psr_aclk/U0/EXT_LPF/ACTIVE_LOW_AUX.ACT_LO_AUX/dest_clk
    SLICE_X1Y42          FDRE                                         r  gemm_block_i/axi_smc_1/inst/clk_map/psr_aclk/U0/EXT_LPF/ACTIVE_LOW_AUX.ACT_LO_AUX/syncstages_ff_reg[0]/C

Slack:                    inf
  Source:                 gemm_block_i/axi_smc_1/inst/clk_map/psr_aclk/U0/ACTIVE_LOW_BSR_OUT_DFF[0].FDRE_BSR_N/C
                            (rising edge-triggered cell FDRE clocked by clk_pl_0  {rise@0.000ns fall@5.000ns period=10.000ns})
  Destination:            gemm_block_i/axi_smc_1/inst/s00_entry_pipeline/s00_mmu/inst/xpm_cdc_async_rst_inst/arststages_ff_reg[0]/CLR
                            (recovery check against rising-edge clock clk_pl_0  {rise@0.000ns fall@5.000ns period=10.000ns})
  Path Group:             (none)
  Path Type:              Recovery (Max at Slow Process Corner)
  Data Path Delay:        2.452ns  (logic 0.114ns (4.649%)  route 2.338ns (95.351%))
  Logic Levels:           0  
  Clock Path Skew:        -0.353ns (DCD - SCD + CPR)
    Destination Clock Delay (DCD):    3.014ns
    Source Clock Delay      (SCD):    3.367ns
    Clock Pessimism Removal (CPR):    0.000ns
  Clock Uncertainty:      0.160ns  ((TSJ^2 + DJ^2)^1/2) / 2 + PE
    Total System Jitter     (TSJ):    0.071ns
    Discrete Jitter          (DJ):    0.312ns
    Phase Error              (PE):    0.000ns
  Clock Net Delay (Source):      3.100ns (routing 1.584ns, distribution 1.516ns)
  Clock Net Delay (Destination): 2.798ns (routing 1.450ns, distribution 1.348ns)
  Timing Exception:       False Path

    Location             Delay type                Incr(ns)  Path(ns)    Netlist Resource(s)
  -------------------------------------------------------------------    -------------------
                         (clock clk_pl_0 rise edge)
                                                      0.000     0.000 r  
    PS8_X0Y0             PS8                          0.000     0.000 r  gemm_block_i/zynq_ultra_ps_e_0/inst/PS8_i/PLCLK[0]
                         net (fo=1, routed)           0.229     0.229    gemm_block_i/zynq_ultra_ps_e_0/inst/pl_clk_unbuffered[0]
    BUFG_PS_X0Y80        BUFG_PS (Prop_BUFG_PS_I_O)
                                                      0.038     0.267 r  gemm_block_i/zynq_ultra_ps_e_0/inst/buffer_pl_clk_0.PL_CLK_0_BUFG/O
    X1Y1 (CLOCK_ROOT)    net (fo=40197, routed)       3.100     3.367    gemm_block_i/axi_smc_1/inst/clk_map/psr_aclk/U0/aclk
    SLICE_X0Y47          FDRE                                         r  gemm_block_i/axi_smc_1/inst/clk_map/psr_aclk/U0/ACTIVE_LOW_BSR_OUT_DFF[0].FDRE_BSR_N/C
  -------------------------------------------------------------------    -------------------
    SLICE_X0Y47          FDRE (Prop_DFF_SLICEL_C_Q)
                                                      0.114     3.481 r  gemm_block_i/axi_smc_1/inst/clk_map/psr_aclk/U0/ACTIVE_LOW_BSR_OUT_DFF[0].FDRE_BSR_N/Q
                         net (fo=66, routed)          2.338     5.819    gemm_block_i/axi_smc_1/inst/s00_entry_pipeline/s00_mmu/inst/xpm_cdc_async_rst_inst/src_arst
    SLICE_X19Y75         FDCE                                         f  gemm_block_i/axi_smc_1/inst/s00_entry_pipeline/s00_mmu/inst/xpm_cdc_async_rst_inst/arststages_ff_reg[0]/CLR  (IS_INVERTED)
  -------------------------------------------------------------------    -------------------

                         (clock clk_pl_0 rise edge)
                                                      0.000     0.000 r  
    PS8_X0Y0             PS8                          0.000     0.000 r  gemm_block_i/zynq_ultra_ps_e_0/inst/PS8_i/PLCLK[0]
                         net (fo=1, routed)           0.181     0.181    gemm_block_i/zynq_ultra_ps_e_0/inst/pl_clk_unbuffered[0]
    BUFG_PS_X0Y80        BUFG_PS (Prop_BUFG_PS_I_O)
                                                      0.035     0.216 r  gemm_block_i/zynq_ultra_ps_e_0/inst/buffer_pl_clk_0.PL_CLK_0_BUFG/O
    X1Y1 (CLOCK_ROOT)    net (fo=40197, routed)       2.798     3.014    gemm_block_i/axi_smc_1/inst/s00_entry_pipeline/s00_mmu/inst/xpm_cdc_async_rst_inst/dest_clk
    SLICE_X19Y75         FDCE                                         r  gemm_block_i/axi_smc_1/inst/s00_entry_pipeline/s00_mmu/inst/xpm_cdc_async_rst_inst/arststages_ff_reg[0]/C

Slack:                    inf
  Source:                 gemm_block_i/axi_smc_1/inst/clk_map/psr_aclk/U0/ACTIVE_LOW_BSR_OUT_DFF[0].FDRE_BSR_N/C
                            (rising edge-triggered cell FDRE clocked by clk_pl_0  {rise@0.000ns fall@5.000ns period=10.000ns})
  Destination:            gemm_block_i/axi_smc_1/inst/s00_entry_pipeline/s00_mmu/inst/xpm_cdc_async_rst_inst/arststages_ff_reg[1]/CLR
                            (recovery check against rising-edge clock clk_pl_0  {rise@0.000ns fall@5.000ns period=10.000ns})
  Path Group:             (none)
  Path Type:              Recovery (Max at Slow Process Corner)
  Data Path Delay:        2.452ns  (logic 0.114ns (4.649%)  route 2.338ns (95.351%))
  Logic Levels:           0  
  Clock Path Skew:        -0.353ns (DCD - SCD + CPR)
    Destination Clock Delay (DCD):    3.014ns
    Source Clock Delay      (SCD):    3.367ns
    Clock Pessimism Removal (CPR):    0.000ns
  Clock Uncertainty:      0.160ns  ((TSJ^2 + DJ^2)^1/2) / 2 + PE
    Total System Jitter     (TSJ):    0.071ns
    Discrete Jitter          (DJ):    0.312ns
    Phase Error              (PE):    0.000ns
  Clock Net Delay (Source):      3.100ns (routing 1.584ns, distribution 1.516ns)
  Clock Net Delay (Destination): 2.798ns (routing 1.450ns, distribution 1.348ns)
  Timing Exception:       False Path

    Location             Delay type                Incr(ns)  Path(ns)    Netlist Resource(s)
  -------------------------------------------------------------------    -------------------
                         (clock clk_pl_0 rise edge)
                                                      0.000     0.000 r  
    PS8_X0Y0             PS8                          0.000     0.000 r  gemm_block_i/zynq_ultra_ps_e_0/inst/PS8_i/PLCLK[0]
                         net (fo=1, routed)           0.229     0.229    gemm_block_i/zynq_ultra_ps_e_0/inst/pl_clk_unbuffered[0]
    BUFG_PS_X0Y80        BUFG_PS (Prop_BUFG_PS_I_O)
                                                      0.038     0.267 r  gemm_block_i/zynq_ultra_ps_e_0/inst/buffer_pl_clk_0.PL_CLK_0_BUFG/O
    X1Y1 (CLOCK_ROOT)    net (fo=40197, routed)       3.100     3.367    gemm_block_i/axi_smc_1/inst/clk_map/psr_aclk/U0/aclk
    SLICE_X0Y47          FDRE                                         r  gemm_block_i/axi_smc_1/inst/clk_map/psr_aclk/U0/ACTIVE_LOW_BSR_OUT_DFF[0].FDRE_BSR_N/C
  -------------------------------------------------------------------    -------------------
    SLICE_X0Y47          FDRE (Prop_DFF_SLICEL_C_Q)
                                                      0.114     3.481 r  gemm_block_i/axi_smc_1/inst/clk_map/psr_aclk/U0/ACTIVE_LOW_BSR_OUT_DFF[0].FDRE_BSR_N/Q
                         net (fo=66, routed)          2.338     5.819    gemm_block_i/axi_smc_1/inst/s00_entry_pipeline/s00_mmu/inst/xpm_cdc_async_rst_inst/src_arst
    SLICE_X19Y75         FDCE                                         f  gemm_block_i/axi_smc_1/inst/s00_entry_pipeline/s00_mmu/inst/xpm_cdc_async_rst_inst/arststages_ff_reg[1]/CLR  (IS_INVERTED)
  -------------------------------------------------------------------    -------------------

                         (clock clk_pl_0 rise edge)
                                                      0.000     0.000 r  
    PS8_X0Y0             PS8                          0.000     0.000 r  gemm_block_i/zynq_ultra_ps_e_0/inst/PS8_i/PLCLK[0]
                         net (fo=1, routed)           0.181     0.181    gemm_block_i/zynq_ultra_ps_e_0/inst/pl_clk_unbuffered[0]
    BUFG_PS_X0Y80        BUFG_PS (Prop_BUFG_PS_I_O)
                                                      0.035     0.216 r  gemm_block_i/zynq_ultra_ps_e_0/inst/buffer_pl_clk_0.PL_CLK_0_BUFG/O
    X1Y1 (CLOCK_ROOT)    net (fo=40197, routed)       2.798     3.014    gemm_block_i/axi_smc_1/inst/s00_entry_pipeline/s00_mmu/inst/xpm_cdc_async_rst_inst/dest_clk
    SLICE_X19Y75         FDCE                                         r  gemm_block_i/axi_smc_1/inst/s00_entry_pipeline/s00_mmu/inst/xpm_cdc_async_rst_inst/arststages_ff_reg[1]/C

Slack:                    inf
  Source:                 gemm_block_i/axi_smc_1/inst/clk_map/psr_aclk/U0/ACTIVE_LOW_BSR_OUT_DFF[0].FDRE_BSR_N/C
                            (rising edge-triggered cell FDRE clocked by clk_pl_0  {rise@0.000ns fall@5.000ns period=10.000ns})
  Destination:            gemm_block_i/axi_smc_1/inst/s00_entry_pipeline/s00_mmu/inst/xpm_cdc_async_rst_inst/arststages_ff_reg[2]/CLR
                            (recovery check against rising-edge clock clk_pl_0  {rise@0.000ns fall@5.000ns period=10.000ns})
  Path Group:             (none)
  Path Type:              Recovery (Max at Slow Process Corner)
  Data Path Delay:        2.452ns  (logic 0.114ns (4.649%)  route 2.338ns (95.351%))
  Logic Levels:           0  
  Clock Path Skew:        -0.353ns (DCD - SCD + CPR)
    Destination Clock Delay (DCD):    3.014ns
    Source Clock Delay      (SCD):    3.367ns
    Clock Pessimism Removal (CPR):    0.000ns
  Clock Uncertainty:      0.160ns  ((TSJ^2 + DJ^2)^1/2) / 2 + PE
    Total System Jitter     (TSJ):    0.071ns
    Discrete Jitter          (DJ):    0.312ns
    Phase Error              (PE):    0.000ns
  Clock Net Delay (Source):      3.100ns (routing 1.584ns, distribution 1.516ns)
  Clock Net Delay (Destination): 2.798ns (routing 1.450ns, distribution 1.348ns)
  Timing Exception:       False Path

    Location             Delay type                Incr(ns)  Path(ns)    Netlist Resource(s)
  -------------------------------------------------------------------    -------------------
                         (clock clk_pl_0 rise edge)
                                                      0.000     0.000 r  
    PS8_X0Y0             PS8                          0.000     0.000 r  gemm_block_i/zynq_ultra_ps_e_0/inst/PS8_i/PLCLK[0]
                         net (fo=1, routed)           0.229     0.229    gemm_block_i/zynq_ultra_ps_e_0/inst/pl_clk_unbuffered[0]
    BUFG_PS_X0Y80        BUFG_PS (Prop_BUFG_PS_I_O)
                                                      0.038     0.267 r  gemm_block_i/zynq_ultra_ps_e_0/inst/buffer_pl_clk_0.PL_CLK_0_BUFG/O
    X1Y1 (CLOCK_ROOT)    net (fo=40197, routed)       3.100     3.367    gemm_block_i/axi_smc_1/inst/clk_map/psr_aclk/U0/aclk
    SLICE_X0Y47          FDRE                                         r  gemm_block_i/axi_smc_1/inst/clk_map/psr_aclk/U0/ACTIVE_LOW_BSR_OUT_DFF[0].FDRE_BSR_N/C
  -------------------------------------------------------------------    -------------------
    SLICE_X0Y47          FDRE (Prop_DFF_SLICEL_C_Q)
                                                      0.114     3.481 r  gemm_block_i/axi_smc_1/inst/clk_map/psr_aclk/U0/ACTIVE_LOW_BSR_OUT_DFF[0].FDRE_BSR_N/Q
                         net (fo=66, routed)          2.338     5.819    gemm_block_i/axi_smc_1/inst/s00_entry_pipeline/s00_mmu/inst/xpm_cdc_async_rst_inst/src_arst
    SLICE_X19Y75         FDCE                                         f  gemm_block_i/axi_smc_1/inst/s00_entry_pipeline/s00_mmu/inst/xpm_cdc_async_rst_inst/arststages_ff_reg[2]/CLR  (IS_INVERTED)
  -------------------------------------------------------------------    -------------------

                         (clock clk_pl_0 rise edge)
                                                      0.000     0.000 r  
    PS8_X0Y0             PS8                          0.000     0.000 r  gemm_block_i/zynq_ultra_ps_e_0/inst/PS8_i/PLCLK[0]
                         net (fo=1, routed)           0.181     0.181    gemm_block_i/zynq_ultra_ps_e_0/inst/pl_clk_unbuffered[0]
    BUFG_PS_X0Y80        BUFG_PS (Prop_BUFG_PS_I_O)
                                                      0.035     0.216 r  gemm_block_i/zynq_ultra_ps_e_0/inst/buffer_pl_clk_0.PL_CLK_0_BUFG/O
    X1Y1 (CLOCK_ROOT)    net (fo=40197, routed)       2.798     3.014    gemm_block_i/axi_smc_1/inst/s00_entry_pipeline/s00_mmu/inst/xpm_cdc_async_rst_inst/dest_clk
    SLICE_X19Y75         FDCE                                         r  gemm_block_i/axi_smc_1/inst/s00_entry_pipeline/s00_mmu/inst/xpm_cdc_async_rst_inst/arststages_ff_reg[2]/C

Slack:                    inf
  Source:                 gemm_block_i/axi_smc_1/inst/clk_map/psr_aclk/U0/ACTIVE_LOW_BSR_OUT_DFF[0].FDRE_BSR_N/C
                            (rising edge-triggered cell FDRE clocked by clk_pl_0  {rise@0.000ns fall@5.000ns period=10.000ns})
  Destination:            gemm_block_i/axi_smc_1/inst/s00_nodes/s00_ar_node/inst/s_sc_xpm_cdc_async_rst_inst/arststages_ff_reg[0]/CLR
                            (recovery check against rising-edge clock clk_pl_0  {rise@0.000ns fall@5.000ns period=10.000ns})
  Path Group:             (none)
  Path Type:              Recovery (Max at Slow Process Corner)
  Data Path Delay:        2.203ns  (logic 0.114ns (5.174%)  route 2.089ns (94.826%))
  Logic Levels:           0  
  Clock Path Skew:        -0.363ns (DCD - SCD + CPR)
    Destination Clock Delay (DCD):    3.004ns
    Source Clock Delay      (SCD):    3.367ns
    Clock Pessimism Removal (CPR):    0.000ns
  Clock Uncertainty:      0.160ns  ((TSJ^2 + DJ^2)^1/2) / 2 + PE
    Total System Jitter     (TSJ):    0.071ns
    Discrete Jitter          (DJ):    0.312ns
    Phase Error              (PE):    0.000ns
  Clock Net Delay (Source):      3.100ns (routing 1.584ns, distribution 1.516ns)
  Clock Net Delay (Destination): 2.788ns (routing 1.450ns, distribution 1.338ns)
  Timing Exception:       False Path

    Location             Delay type                Incr(ns)  Path(ns)    Netlist Resource(s)
  -------------------------------------------------------------------    -------------------
                         (clock clk_pl_0 rise edge)
                                                      0.000     0.000 r  
    PS8_X0Y0             PS8                          0.000     0.000 r  gemm_block_i/zynq_ultra_ps_e_0/inst/PS8_i/PLCLK[0]
                         net (fo=1, routed)           0.229     0.229    gemm_block_i/zynq_ultra_ps_e_0/inst/pl_clk_unbuffered[0]
    BUFG_PS_X0Y80        BUFG_PS (Prop_BUFG_PS_I_O)
                                                      0.038     0.267 r  gemm_block_i/zynq_ultra_ps_e_0/inst/buffer_pl_clk_0.PL_CLK_0_BUFG/O
    X1Y1 (CLOCK_ROOT)    net (fo=40197, routed)       3.100     3.367    gemm_block_i/axi_smc_1/inst/clk_map/psr_aclk/U0/aclk
    SLICE_X0Y47          FDRE                                         r  gemm_block_i/axi_smc_1/inst/clk_map/psr_aclk/U0/ACTIVE_LOW_BSR_OUT_DFF[0].FDRE_BSR_N/C
  -------------------------------------------------------------------    -------------------
    SLICE_X0Y47          FDRE (Prop_DFF_SLICEL_C_Q)
                                                      0.114     3.481 r  gemm_block_i/axi_smc_1/inst/clk_map/psr_aclk/U0/ACTIVE_LOW_BSR_OUT_DFF[0].FDRE_BSR_N/Q
                         net (fo=66, routed)          2.089     5.570    gemm_block_i/axi_smc_1/inst/s00_nodes/s00_ar_node/inst/s_sc_xpm_cdc_async_rst_inst/src_arst
    SLICE_X22Y67         FDCE                                         f  gemm_block_i/axi_smc_1/inst/s00_nodes/s00_ar_node/inst/s_sc_xpm_cdc_async_rst_inst/arststages_ff_reg[0]/CLR  (IS_INVERTED)
  -------------------------------------------------------------------    -------------------

                         (clock clk_pl_0 rise edge)
                                                      0.000     0.000 r  
    PS8_X0Y0             PS8                          0.000     0.000 r  gemm_block_i/zynq_ultra_ps_e_0/inst/PS8_i/PLCLK[0]
                         net (fo=1, routed)           0.181     0.181    gemm_block_i/zynq_ultra_ps_e_0/inst/pl_clk_unbuffered[0]
    BUFG_PS_X0Y80        BUFG_PS (Prop_BUFG_PS_I_O)
                                                      0.035     0.216 r  gemm_block_i/zynq_ultra_ps_e_0/inst/buffer_pl_clk_0.PL_CLK_0_BUFG/O
    X1Y1 (CLOCK_ROOT)    net (fo=40197, routed)       2.788     3.004    gemm_block_i/axi_smc_1/inst/s00_nodes/s00_ar_node/inst/s_sc_xpm_cdc_async_rst_inst/dest_clk
    SLICE_X22Y67         FDCE                                         r  gemm_block_i/axi_smc_1/inst/s00_nodes/s00_ar_node/inst/s_sc_xpm_cdc_async_rst_inst/arststages_ff_reg[0]/C

Slack:                    inf
  Source:                 gemm_block_i/axi_smc_1/inst/clk_map/psr_aclk/U0/ACTIVE_LOW_BSR_OUT_DFF[0].FDRE_BSR_N/C
                            (rising edge-triggered cell FDRE clocked by clk_pl_0  {rise@0.000ns fall@5.000ns period=10.000ns})
  Destination:            gemm_block_i/axi_smc_1/inst/s00_nodes/s00_ar_node/inst/s_sc_xpm_cdc_async_rst_inst/arststages_ff_reg[1]/CLR
                            (recovery check against rising-edge clock clk_pl_0  {rise@0.000ns fall@5.000ns period=10.000ns})
  Path Group:             (none)
  Path Type:              Recovery (Max at Slow Process Corner)
  Data Path Delay:        2.203ns  (logic 0.114ns (5.174%)  route 2.089ns (94.826%))
  Logic Levels:           0  
  Clock Path Skew:        -0.363ns (DCD - SCD + CPR)
    Destination Clock Delay (DCD):    3.004ns
    Source Clock Delay      (SCD):    3.367ns
    Clock Pessimism Removal (CPR):    0.000ns
  Clock Uncertainty:      0.160ns  ((TSJ^2 + DJ^2)^1/2) / 2 + PE
    Total System Jitter     (TSJ):    0.071ns
    Discrete Jitter          (DJ):    0.312ns
    Phase Error              (PE):    0.000ns
  Clock Net Delay (Source):      3.100ns (routing 1.584ns, distribution 1.516ns)
  Clock Net Delay (Destination): 2.788ns (routing 1.450ns, distribution 1.338ns)
  Timing Exception:       False Path

    Location             Delay type                Incr(ns)  Path(ns)    Netlist Resource(s)
  -------------------------------------------------------------------    -------------------
                         (clock clk_pl_0 rise edge)
                                                      0.000     0.000 r  
    PS8_X0Y0             PS8                          0.000     0.000 r  gemm_block_i/zynq_ultra_ps_e_0/inst/PS8_i/PLCLK[0]
                         net (fo=1, routed)           0.229     0.229    gemm_block_i/zynq_ultra_ps_e_0/inst/pl_clk_unbuffered[0]
    BUFG_PS_X0Y80        BUFG_PS (Prop_BUFG_PS_I_O)
                                                      0.038     0.267 r  gemm_block_i/zynq_ultra_ps_e_0/inst/buffer_pl_clk_0.PL_CLK_0_BUFG/O
    X1Y1 (CLOCK_ROOT)    net (fo=40197, routed)       3.100     3.367    gemm_block_i/axi_smc_1/inst/clk_map/psr_aclk/U0/aclk
    SLICE_X0Y47          FDRE                                         r  gemm_block_i/axi_smc_1/inst/clk_map/psr_aclk/U0/ACTIVE_LOW_BSR_OUT_DFF[0].FDRE_BSR_N/C
  -------------------------------------------------------------------    -------------------
    SLICE_X0Y47          FDRE (Prop_DFF_SLICEL_C_Q)
                                                      0.114     3.481 r  gemm_block_i/axi_smc_1/inst/clk_map/psr_aclk/U0/ACTIVE_LOW_BSR_OUT_DFF[0].FDRE_BSR_N/Q
                         net (fo=66, routed)          2.089     5.570    gemm_block_i/axi_smc_1/inst/s00_nodes/s00_ar_node/inst/s_sc_xpm_cdc_async_rst_inst/src_arst
    SLICE_X22Y67         FDCE                                         f  gemm_block_i/axi_smc_1/inst/s00_nodes/s00_ar_node/inst/s_sc_xpm_cdc_async_rst_inst/arststages_ff_reg[1]/CLR  (IS_INVERTED)
  -------------------------------------------------------------------    -------------------

                         (clock clk_pl_0 rise edge)
                                                      0.000     0.000 r  
    PS8_X0Y0             PS8                          0.000     0.000 r  gemm_block_i/zynq_ultra_ps_e_0/inst/PS8_i/PLCLK[0]
                         net (fo=1, routed)           0.181     0.181    gemm_block_i/zynq_ultra_ps_e_0/inst/pl_clk_unbuffered[0]
    BUFG_PS_X0Y80        BUFG_PS (Prop_BUFG_PS_I_O)
                                                      0.035     0.216 r  gemm_block_i/zynq_ultra_ps_e_0/inst/buffer_pl_clk_0.PL_CLK_0_BUFG/O
    X1Y1 (CLOCK_ROOT)    net (fo=40197, routed)       2.788     3.004    gemm_block_i/axi_smc_1/inst/s00_nodes/s00_ar_node/inst/s_sc_xpm_cdc_async_rst_inst/dest_clk
    SLICE_X22Y67         FDCE                                         r  gemm_block_i/axi_smc_1/inst/s00_nodes/s00_ar_node/inst/s_sc_xpm_cdc_async_rst_inst/arststages_ff_reg[1]/C

Slack:                    inf
  Source:                 gemm_block_i/axi_smc_1/inst/clk_map/psr_aclk/U0/ACTIVE_LOW_BSR_OUT_DFF[0].FDRE_BSR_N/C
                            (rising edge-triggered cell FDRE clocked by clk_pl_0  {rise@0.000ns fall@5.000ns period=10.000ns})
  Destination:            gemm_block_i/axi_smc_1/inst/s00_nodes/s00_ar_node/inst/s_sc_xpm_cdc_async_rst_inst/arststages_ff_reg[2]/CLR
                            (recovery check against rising-edge clock clk_pl_0  {rise@0.000ns fall@5.000ns period=10.000ns})
  Path Group:             (none)
  Path Type:              Recovery (Max at Slow Process Corner)
  Data Path Delay:        2.203ns  (logic 0.114ns (5.174%)  route 2.089ns (94.826%))
  Logic Levels:           0  
  Clock Path Skew:        -0.363ns (DCD - SCD + CPR)
    Destination Clock Delay (DCD):    3.004ns
    Source Clock Delay      (SCD):    3.367ns
    Clock Pessimism Removal (CPR):    0.000ns
  Clock Uncertainty:      0.160ns  ((TSJ^2 + DJ^2)^1/2) / 2 + PE
    Total System Jitter     (TSJ):    0.071ns
    Discrete Jitter          (DJ):    0.312ns
    Phase Error              (PE):    0.000ns
  Clock Net Delay (Source):      3.100ns (routing 1.584ns, distribution 1.516ns)
  Clock Net Delay (Destination): 2.788ns (routing 1.450ns, distribution 1.338ns)
  Timing Exception:       False Path

    Location             Delay type                Incr(ns)  Path(ns)    Netlist Resource(s)
  -------------------------------------------------------------------    -------------------
                         (clock clk_pl_0 rise edge)
                                                      0.000     0.000 r  
    PS8_X0Y0             PS8                          0.000     0.000 r  gemm_block_i/zynq_ultra_ps_e_0/inst/PS8_i/PLCLK[0]
                         net (fo=1, routed)           0.229     0.229    gemm_block_i/zynq_ultra_ps_e_0/inst/pl_clk_unbuffered[0]
    BUFG_PS_X0Y80        BUFG_PS (Prop_BUFG_PS_I_O)
                                                      0.038     0.267 r  gemm_block_i/zynq_ultra_ps_e_0/inst/buffer_pl_clk_0.PL_CLK_0_BUFG/O
    X1Y1 (CLOCK_ROOT)    net (fo=40197, routed)       3.100     3.367    gemm_block_i/axi_smc_1/inst/clk_map/psr_aclk/U0/aclk
    SLICE_X0Y47          FDRE                                         r  gemm_block_i/axi_smc_1/inst/clk_map/psr_aclk/U0/ACTIVE_LOW_BSR_OUT_DFF[0].FDRE_BSR_N/C
  -------------------------------------------------------------------    -------------------
    SLICE_X0Y47          FDRE (Prop_DFF_SLICEL_C_Q)
                                                      0.114     3.481 r  gemm_block_i/axi_smc_1/inst/clk_map/psr_aclk/U0/ACTIVE_LOW_BSR_OUT_DFF[0].FDRE_BSR_N/Q
                         net (fo=66, routed)          2.089     5.570    gemm_block_i/axi_smc_1/inst/s00_nodes/s00_ar_node/inst/s_sc_xpm_cdc_async_rst_inst/src_arst
    SLICE_X22Y67         FDCE                                         f  gemm_block_i/axi_smc_1/inst/s00_nodes/s00_ar_node/inst/s_sc_xpm_cdc_async_rst_inst/arststages_ff_reg[2]/CLR  (IS_INVERTED)
  -------------------------------------------------------------------    -------------------

                         (clock clk_pl_0 rise edge)
                                                      0.000     0.000 r  
    PS8_X0Y0             PS8                          0.000     0.000 r  gemm_block_i/zynq_ultra_ps_e_0/inst/PS8_i/PLCLK[0]
                         net (fo=1, routed)           0.181     0.181    gemm_block_i/zynq_ultra_ps_e_0/inst/pl_clk_unbuffered[0]
    BUFG_PS_X0Y80        BUFG_PS (Prop_BUFG_PS_I_O)
                                                      0.035     0.216 r  gemm_block_i/zynq_ultra_ps_e_0/inst/buffer_pl_clk_0.PL_CLK_0_BUFG/O
    X1Y1 (CLOCK_ROOT)    net (fo=40197, routed)       2.788     3.004    gemm_block_i/axi_smc_1/inst/s00_nodes/s00_ar_node/inst/s_sc_xpm_cdc_async_rst_inst/dest_clk
    SLICE_X22Y67         FDCE                                         r  gemm_block_i/axi_smc_1/inst/s00_nodes/s00_ar_node/inst/s_sc_xpm_cdc_async_rst_inst/arststages_ff_reg[2]/C

Slack:                    inf
  Source:                 gemm_block_i/axi_smc_1/inst/clk_map/psr_aclk/U0/ACTIVE_LOW_BSR_OUT_DFF[0].FDRE_BSR_N/C
                            (rising edge-triggered cell FDRE clocked by clk_pl_0  {rise@0.000ns fall@5.000ns period=10.000ns})
  Destination:            gemm_block_i/axi_smc_1/inst/s02_nodes/s02_r_node/inst/s_sc_xpm_cdc_async_rst_inst/arststages_ff_reg[0]/CLR
                            (recovery check against rising-edge clock clk_pl_0  {rise@0.000ns fall@5.000ns period=10.000ns})
  Path Group:             (none)
  Path Type:              Recovery (Max at Slow Process Corner)
  Data Path Delay:        2.139ns  (logic 0.114ns (5.330%)  route 2.025ns (94.670%))
  Logic Levels:           0  
  Clock Path Skew:        -0.540ns (DCD - SCD + CPR)
    Destination Clock Delay (DCD):    2.827ns
    Source Clock Delay      (SCD):    3.367ns
    Clock Pessimism Removal (CPR):    0.000ns
  Clock Uncertainty:      0.160ns  ((TSJ^2 + DJ^2)^1/2) / 2 + PE
    Total System Jitter     (TSJ):    0.071ns
    Discrete Jitter          (DJ):    0.312ns
    Phase Error              (PE):    0.000ns
  Clock Net Delay (Source):      3.100ns (routing 1.584ns, distribution 1.516ns)
  Clock Net Delay (Destination): 2.611ns (routing 1.450ns, distribution 1.161ns)
  Timing Exception:       False Path

    Location             Delay type                Incr(ns)  Path(ns)    Netlist Resource(s)
  -------------------------------------------------------------------    -------------------
                         (clock clk_pl_0 rise edge)
                                                      0.000     0.000 r  
    PS8_X0Y0             PS8                          0.000     0.000 r  gemm_block_i/zynq_ultra_ps_e_0/inst/PS8_i/PLCLK[0]
                         net (fo=1, routed)           0.229     0.229    gemm_block_i/zynq_ultra_ps_e_0/inst/pl_clk_unbuffered[0]
    BUFG_PS_X0Y80        BUFG_PS (Prop_BUFG_PS_I_O)
                                                      0.038     0.267 r  gemm_block_i/zynq_ultra_ps_e_0/inst/buffer_pl_clk_0.PL_CLK_0_BUFG/O
    X1Y1 (CLOCK_ROOT)    net (fo=40197, routed)       3.100     3.367    gemm_block_i/axi_smc_1/inst/clk_map/psr_aclk/U0/aclk
    SLICE_X0Y47          FDRE                                         r  gemm_block_i/axi_smc_1/inst/clk_map/psr_aclk/U0/ACTIVE_LOW_BSR_OUT_DFF[0].FDRE_BSR_N/C
  -------------------------------------------------------------------    -------------------
    SLICE_X0Y47          FDRE (Prop_DFF_SLICEL_C_Q)
                                                      0.114     3.481 r  gemm_block_i/axi_smc_1/inst/clk_map/psr_aclk/U0/ACTIVE_LOW_BSR_OUT_DFF[0].FDRE_BSR_N/Q
                         net (fo=66, routed)          2.025     5.506    gemm_block_i/axi_smc_1/inst/s02_nodes/s02_r_node/inst/s_sc_xpm_cdc_async_rst_inst/src_arst
    SLICE_X27Y82         FDCE                                         f  gemm_block_i/axi_smc_1/inst/s02_nodes/s02_r_node/inst/s_sc_xpm_cdc_async_rst_inst/arststages_ff_reg[0]/CLR  (IS_INVERTED)
  -------------------------------------------------------------------    -------------------

                         (clock clk_pl_0 rise edge)
                                                      0.000     0.000 r  
    PS8_X0Y0             PS8                          0.000     0.000 r  gemm_block_i/zynq_ultra_ps_e_0/inst/PS8_i/PLCLK[0]
                         net (fo=1, routed)           0.181     0.181    gemm_block_i/zynq_ultra_ps_e_0/inst/pl_clk_unbuffered[0]
    BUFG_PS_X0Y80        BUFG_PS (Prop_BUFG_PS_I_O)
                                                      0.035     0.216 r  gemm_block_i/zynq_ultra_ps_e_0/inst/buffer_pl_clk_0.PL_CLK_0_BUFG/O
    X1Y1 (CLOCK_ROOT)    net (fo=40197, routed)       2.611     2.827    gemm_block_i/axi_smc_1/inst/s02_nodes/s02_r_node/inst/s_sc_xpm_cdc_async_rst_inst/dest_clk
    SLICE_X27Y82         FDCE                                         r  gemm_block_i/axi_smc_1/inst/s02_nodes/s02_r_node/inst/s_sc_xpm_cdc_async_rst_inst/arststages_ff_reg[0]/C

Slack:                    inf
  Source:                 gemm_block_i/axi_smc_1/inst/clk_map/psr_aclk/U0/ACTIVE_LOW_BSR_OUT_DFF[0].FDRE_BSR_N/C
                            (rising edge-triggered cell FDRE clocked by clk_pl_0  {rise@0.000ns fall@5.000ns period=10.000ns})
  Destination:            gemm_block_i/axi_smc_1/inst/s02_nodes/s02_r_node/inst/s_sc_xpm_cdc_async_rst_inst/arststages_ff_reg[1]/CLR
                            (recovery check against rising-edge clock clk_pl_0  {rise@0.000ns fall@5.000ns period=10.000ns})
  Path Group:             (none)
  Path Type:              Recovery (Max at Slow Process Corner)
  Data Path Delay:        2.139ns  (logic 0.114ns (5.330%)  route 2.025ns (94.670%))
  Logic Levels:           0  
  Clock Path Skew:        -0.540ns (DCD - SCD + CPR)
    Destination Clock Delay (DCD):    2.827ns
    Source Clock Delay      (SCD):    3.367ns
    Clock Pessimism Removal (CPR):    0.000ns
  Clock Uncertainty:      0.160ns  ((TSJ^2 + DJ^2)^1/2) / 2 + PE
    Total System Jitter     (TSJ):    0.071ns
    Discrete Jitter          (DJ):    0.312ns
    Phase Error              (PE):    0.000ns
  Clock Net Delay (Source):      3.100ns (routing 1.584ns, distribution 1.516ns)
  Clock Net Delay (Destination): 2.611ns (routing 1.450ns, distribution 1.161ns)
  Timing Exception:       False Path

    Location             Delay type                Incr(ns)  Path(ns)    Netlist Resource(s)
  -------------------------------------------------------------------    -------------------
                         (clock clk_pl_0 rise edge)
                                                      0.000     0.000 r  
    PS8_X0Y0             PS8                          0.000     0.000 r  gemm_block_i/zynq_ultra_ps_e_0/inst/PS8_i/PLCLK[0]
                         net (fo=1, routed)           0.229     0.229    gemm_block_i/zynq_ultra_ps_e_0/inst/pl_clk_unbuffered[0]
    BUFG_PS_X0Y80        BUFG_PS (Prop_BUFG_PS_I_O)
                                                      0.038     0.267 r  gemm_block_i/zynq_ultra_ps_e_0/inst/buffer_pl_clk_0.PL_CLK_0_BUFG/O
    X1Y1 (CLOCK_ROOT)    net (fo=40197, routed)       3.100     3.367    gemm_block_i/axi_smc_1/inst/clk_map/psr_aclk/U0/aclk
    SLICE_X0Y47          FDRE                                         r  gemm_block_i/axi_smc_1/inst/clk_map/psr_aclk/U0/ACTIVE_LOW_BSR_OUT_DFF[0].FDRE_BSR_N/C
  -------------------------------------------------------------------    -------------------
    SLICE_X0Y47          FDRE (Prop_DFF_SLICEL_C_Q)
                                                      0.114     3.481 r  gemm_block_i/axi_smc_1/inst/clk_map/psr_aclk/U0/ACTIVE_LOW_BSR_OUT_DFF[0].FDRE_BSR_N/Q
                         net (fo=66, routed)          2.025     5.506    gemm_block_i/axi_smc_1/inst/s02_nodes/s02_r_node/inst/s_sc_xpm_cdc_async_rst_inst/src_arst
    SLICE_X27Y82         FDCE                                         f  gemm_block_i/axi_smc_1/inst/s02_nodes/s02_r_node/inst/s_sc_xpm_cdc_async_rst_inst/arststages_ff_reg[1]/CLR  (IS_INVERTED)
  -------------------------------------------------------------------    -------------------

                         (clock clk_pl_0 rise edge)
                                                      0.000     0.000 r  
    PS8_X0Y0             PS8                          0.000     0.000 r  gemm_block_i/zynq_ultra_ps_e_0/inst/PS8_i/PLCLK[0]
                         net (fo=1, routed)           0.181     0.181    gemm_block_i/zynq_ultra_ps_e_0/inst/pl_clk_unbuffered[0]
    BUFG_PS_X0Y80        BUFG_PS (Prop_BUFG_PS_I_O)
                                                      0.035     0.216 r  gemm_block_i/zynq_ultra_ps_e_0/inst/buffer_pl_clk_0.PL_CLK_0_BUFG/O
    X1Y1 (CLOCK_ROOT)    net (fo=40197, routed)       2.611     2.827    gemm_block_i/axi_smc_1/inst/s02_nodes/s02_r_node/inst/s_sc_xpm_cdc_async_rst_inst/dest_clk
    SLICE_X27Y82         FDCE                                         r  gemm_block_i/axi_smc_1/inst/s02_nodes/s02_r_node/inst/s_sc_xpm_cdc_async_rst_inst/arststages_ff_reg[1]/C

Slack:                    inf
  Source:                 gemm_block_i/axi_smc_1/inst/clk_map/psr_aclk/U0/ACTIVE_LOW_BSR_OUT_DFF[0].FDRE_BSR_N/C
                            (rising edge-triggered cell FDRE clocked by clk_pl_0  {rise@0.000ns fall@5.000ns period=10.000ns})
  Destination:            gemm_block_i/axi_smc_1/inst/s02_nodes/s02_r_node/inst/s_sc_xpm_cdc_async_rst_inst/arststages_ff_reg[2]/CLR
                            (recovery check against rising-edge clock clk_pl_0  {rise@0.000ns fall@5.000ns period=10.000ns})
  Path Group:             (none)
  Path Type:              Recovery (Max at Slow Process Corner)
  Data Path Delay:        2.139ns  (logic 0.114ns (5.330%)  route 2.025ns (94.670%))
  Logic Levels:           0  
  Clock Path Skew:        -0.540ns (DCD - SCD + CPR)
    Destination Clock Delay (DCD):    2.827ns
    Source Clock Delay      (SCD):    3.367ns
    Clock Pessimism Removal (CPR):    0.000ns
  Clock Uncertainty:      0.160ns  ((TSJ^2 + DJ^2)^1/2) / 2 + PE
    Total System Jitter     (TSJ):    0.071ns
    Discrete Jitter          (DJ):    0.312ns
    Phase Error              (PE):    0.000ns
  Clock Net Delay (Source):      3.100ns (routing 1.584ns, distribution 1.516ns)
  Clock Net Delay (Destination): 2.611ns (routing 1.450ns, distribution 1.161ns)
  Timing Exception:       False Path

    Location             Delay type                Incr(ns)  Path(ns)    Netlist Resource(s)
  -------------------------------------------------------------------    -------------------
                         (clock clk_pl_0 rise edge)
                                                      0.000     0.000 r  
    PS8_X0Y0             PS8                          0.000     0.000 r  gemm_block_i/zynq_ultra_ps_e_0/inst/PS8_i/PLCLK[0]
                         net (fo=1, routed)           0.229     0.229    gemm_block_i/zynq_ultra_ps_e_0/inst/pl_clk_unbuffered[0]
    BUFG_PS_X0Y80        BUFG_PS (Prop_BUFG_PS_I_O)
                                                      0.038     0.267 r  gemm_block_i/zynq_ultra_ps_e_0/inst/buffer_pl_clk_0.PL_CLK_0_BUFG/O
    X1Y1 (CLOCK_ROOT)    net (fo=40197, routed)       3.100     3.367    gemm_block_i/axi_smc_1/inst/clk_map/psr_aclk/U0/aclk
    SLICE_X0Y47          FDRE                                         r  gemm_block_i/axi_smc_1/inst/clk_map/psr_aclk/U0/ACTIVE_LOW_BSR_OUT_DFF[0].FDRE_BSR_N/C
  -------------------------------------------------------------------    -------------------
    SLICE_X0Y47          FDRE (Prop_DFF_SLICEL_C_Q)
                                                      0.114     3.481 r  gemm_block_i/axi_smc_1/inst/clk_map/psr_aclk/U0/ACTIVE_LOW_BSR_OUT_DFF[0].FDRE_BSR_N/Q
                         net (fo=66, routed)          2.025     5.506    gemm_block_i/axi_smc_1/inst/s02_nodes/s02_r_node/inst/s_sc_xpm_cdc_async_rst_inst/src_arst
    SLICE_X27Y82         FDCE                                         f  gemm_block_i/axi_smc_1/inst/s02_nodes/s02_r_node/inst/s_sc_xpm_cdc_async_rst_inst/arststages_ff_reg[2]/CLR  (IS_INVERTED)
  -------------------------------------------------------------------    -------------------

                         (clock clk_pl_0 rise edge)
                                                      0.000     0.000 r  
    PS8_X0Y0             PS8                          0.000     0.000 r  gemm_block_i/zynq_ultra_ps_e_0/inst/PS8_i/PLCLK[0]
                         net (fo=1, routed)           0.181     0.181    gemm_block_i/zynq_ultra_ps_e_0/inst/pl_clk_unbuffered[0]
    BUFG_PS_X0Y80        BUFG_PS (Prop_BUFG_PS_I_O)
                                                      0.035     0.216 r  gemm_block_i/zynq_ultra_ps_e_0/inst/buffer_pl_clk_0.PL_CLK_0_BUFG/O
    X1Y1 (CLOCK_ROOT)    net (fo=40197, routed)       2.611     2.827    gemm_block_i/axi_smc_1/inst/s02_nodes/s02_r_node/inst/s_sc_xpm_cdc_async_rst_inst/dest_clk
    SLICE_X27Y82         FDCE                                         r  gemm_block_i/axi_smc_1/inst/s02_nodes/s02_r_node/inst/s_sc_xpm_cdc_async_rst_inst/arststages_ff_reg[2]/C





Min Delay Paths
--------------------------------------------------------------------------------------
Slack:                    inf
  Source:                 gemm_block_i/axi_smc/inst/clk_map/psr_aclk/U0/ACTIVE_LOW_BSR_OUT_DFF[0].FDRE_BSR_N/C
                            (rising edge-triggered cell FDRE clocked by clk_pl_0  {rise@0.000ns fall@5.000ns period=10.000ns})
  Destination:            gemm_block_i/axi_smc/inst/s00_entry_pipeline/s00_si_converter/inst/xpm_cdc_async_rst_inst/arststages_ff_reg[0]/CLR
                            (removal check against rising-edge clock clk_pl_0  {rise@0.000ns fall@5.000ns period=10.000ns})
  Path Group:             (none)
  Path Type:              Removal (Min at Fast Process Corner)
  Data Path Delay:        0.196ns  (logic 0.084ns (42.816%)  route 0.112ns (57.184%))
  Logic Levels:           0  
  Clock Path Skew:        0.204ns (DCD - SCD - CPR)
    Destination Clock Delay (DCD):    2.104ns
    Source Clock Delay      (SCD):    1.901ns
    Clock Pessimism Removal (CPR):    -0.000ns
  Clock Uncertainty:      0.160ns  ((TSJ^2 + DJ^2)^1/2) / 2 + PE
    Total System Jitter     (TSJ):    0.071ns
    Discrete Jitter          (DJ):    0.312ns
    Phase Error              (PE):    0.000ns
  Clock Net Delay (Source):      1.750ns (routing 0.886ns, distribution 0.864ns)
  Clock Net Delay (Destination): 1.917ns (routing 0.971ns, distribution 0.946ns)
  Timing Exception:       False Path

    Location             Delay type                Incr(ns)  Path(ns)    Netlist Resource(s)
  -------------------------------------------------------------------    -------------------
                         (clock clk_pl_0 rise edge)
                                                      0.000     0.000 r  
    PS8_X0Y0             PS8                          0.000     0.000 r  gemm_block_i/zynq_ultra_ps_e_0/inst/PS8_i/PLCLK[0]
                         net (fo=1, routed)           0.129     0.129    gemm_block_i/zynq_ultra_ps_e_0/inst/pl_clk_unbuffered[0]
    BUFG_PS_X0Y80        BUFG_PS (Prop_BUFG_PS_I_O)
                                                      0.022     0.151 r  gemm_block_i/zynq_ultra_ps_e_0/inst/buffer_pl_clk_0.PL_CLK_0_BUFG/O
    X1Y1 (CLOCK_ROOT)    net (fo=40197, routed)       1.750     1.901    gemm_block_i/axi_smc/inst/clk_map/psr_aclk/U0/aclk
    SLICE_X6Y121         FDRE                                         r  gemm_block_i/axi_smc/inst/clk_map/psr_aclk/U0/ACTIVE_LOW_BSR_OUT_DFF[0].FDRE_BSR_N/C
  -------------------------------------------------------------------    -------------------
    SLICE_X6Y121         FDRE (Prop_AFF_SLICEL_C_Q)
                                                      0.084     1.985 r  gemm_block_i/axi_smc/inst/clk_map/psr_aclk/U0/ACTIVE_LOW_BSR_OUT_DFF[0].FDRE_BSR_N/Q
                         net (fo=135, routed)         0.112     2.097    gemm_block_i/axi_smc/inst/s00_entry_pipeline/s00_si_converter/inst/xpm_cdc_async_rst_inst/src_arst
    SLICE_X6Y124         FDCE                                         f  gemm_block_i/axi_smc/inst/s00_entry_pipeline/s00_si_converter/inst/xpm_cdc_async_rst_inst/arststages_ff_reg[0]/CLR  (IS_INVERTED)
  -------------------------------------------------------------------    -------------------

                         (clock clk_pl_0 rise edge)
                                                      0.000     0.000 r  
    PS8_X0Y0             PS8                          0.000     0.000 r  gemm_block_i/zynq_ultra_ps_e_0/inst/PS8_i/PLCLK[0]
                         net (fo=1, routed)           0.164     0.164    gemm_block_i/zynq_ultra_ps_e_0/inst/pl_clk_unbuffered[0]
    BUFG_PS_X0Y80        BUFG_PS (Prop_BUFG_PS_I_O)
                                                      0.023     0.187 r  gemm_block_i/zynq_ultra_ps_e_0/inst/buffer_pl_clk_0.PL_CLK_0_BUFG/O
    X1Y1 (CLOCK_ROOT)    net (fo=40197, routed)       1.917     2.104    gemm_block_i/axi_smc/inst/s00_entry_pipeline/s00_si_converter/inst/xpm_cdc_async_rst_inst/dest_clk
    SLICE_X6Y124         FDCE                                         r  gemm_block_i/axi_smc/inst/s00_entry_pipeline/s00_si_converter/inst/xpm_cdc_async_rst_inst/arststages_ff_reg[0]/C

Slack:                    inf
  Source:                 gemm_block_i/axi_smc/inst/clk_map/psr_aclk/U0/ACTIVE_LOW_BSR_OUT_DFF[0].FDRE_BSR_N/C
                            (rising edge-triggered cell FDRE clocked by clk_pl_0  {rise@0.000ns fall@5.000ns period=10.000ns})
  Destination:            gemm_block_i/axi_smc/inst/s00_entry_pipeline/s00_si_converter/inst/xpm_cdc_async_rst_inst/arststages_ff_reg[1]/CLR
                            (removal check against rising-edge clock clk_pl_0  {rise@0.000ns fall@5.000ns period=10.000ns})
  Path Group:             (none)
  Path Type:              Removal (Min at Fast Process Corner)
  Data Path Delay:        0.196ns  (logic 0.084ns (42.816%)  route 0.112ns (57.184%))
  Logic Levels:           0  
  Clock Path Skew:        0.204ns (DCD - SCD - CPR)
    Destination Clock Delay (DCD):    2.104ns
    Source Clock Delay      (SCD):    1.901ns
    Clock Pessimism Removal (CPR):    -0.000ns
  Clock Uncertainty:      0.160ns  ((TSJ^2 + DJ^2)^1/2) / 2 + PE
    Total System Jitter     (TSJ):    0.071ns
    Discrete Jitter          (DJ):    0.312ns
    Phase Error              (PE):    0.000ns
  Clock Net Delay (Source):      1.750ns (routing 0.886ns, distribution 0.864ns)
  Clock Net Delay (Destination): 1.917ns (routing 0.971ns, distribution 0.946ns)
  Timing Exception:       False Path

    Location             Delay type                Incr(ns)  Path(ns)    Netlist Resource(s)
  -------------------------------------------------------------------    -------------------
                         (clock clk_pl_0 rise edge)
                                                      0.000     0.000 r  
    PS8_X0Y0             PS8                          0.000     0.000 r  gemm_block_i/zynq_ultra_ps_e_0/inst/PS8_i/PLCLK[0]
                         net (fo=1, routed)           0.129     0.129    gemm_block_i/zynq_ultra_ps_e_0/inst/pl_clk_unbuffered[0]
    BUFG_PS_X0Y80        BUFG_PS (Prop_BUFG_PS_I_O)
                                                      0.022     0.151 r  gemm_block_i/zynq_ultra_ps_e_0/inst/buffer_pl_clk_0.PL_CLK_0_BUFG/O
    X1Y1 (CLOCK_ROOT)    net (fo=40197, routed)       1.750     1.901    gemm_block_i/axi_smc/inst/clk_map/psr_aclk/U0/aclk
    SLICE_X6Y121         FDRE                                         r  gemm_block_i/axi_smc/inst/clk_map/psr_aclk/U0/ACTIVE_LOW_BSR_OUT_DFF[0].FDRE_BSR_N/C
  -------------------------------------------------------------------    -------------------
    SLICE_X6Y121         FDRE (Prop_AFF_SLICEL_C_Q)
                                                      0.084     1.985 r  gemm_block_i/axi_smc/inst/clk_map/psr_aclk/U0/ACTIVE_LOW_BSR_OUT_DFF[0].FDRE_BSR_N/Q
                         net (fo=135, routed)         0.112     2.097    gemm_block_i/axi_smc/inst/s00_entry_pipeline/s00_si_converter/inst/xpm_cdc_async_rst_inst/src_arst
    SLICE_X6Y124         FDCE                                         f  gemm_block_i/axi_smc/inst/s00_entry_pipeline/s00_si_converter/inst/xpm_cdc_async_rst_inst/arststages_ff_reg[1]/CLR  (IS_INVERTED)
  -------------------------------------------------------------------    -------------------

                         (clock clk_pl_0 rise edge)
                                                      0.000     0.000 r  
    PS8_X0Y0             PS8                          0.000     0.000 r  gemm_block_i/zynq_ultra_ps_e_0/inst/PS8_i/PLCLK[0]
                         net (fo=1, routed)           0.164     0.164    gemm_block_i/zynq_ultra_ps_e_0/inst/pl_clk_unbuffered[0]
    BUFG_PS_X0Y80        BUFG_PS (Prop_BUFG_PS_I_O)
                                                      0.023     0.187 r  gemm_block_i/zynq_ultra_ps_e_0/inst/buffer_pl_clk_0.PL_CLK_0_BUFG/O
    X1Y1 (CLOCK_ROOT)    net (fo=40197, routed)       1.917     2.104    gemm_block_i/axi_smc/inst/s00_entry_pipeline/s00_si_converter/inst/xpm_cdc_async_rst_inst/dest_clk
    SLICE_X6Y124         FDCE                                         r  gemm_block_i/axi_smc/inst/s00_entry_pipeline/s00_si_converter/inst/xpm_cdc_async_rst_inst/arststages_ff_reg[1]/C

Slack:                    inf
  Source:                 gemm_block_i/axi_smc/inst/clk_map/psr_aclk/U0/ACTIVE_LOW_BSR_OUT_DFF[0].FDRE_BSR_N/C
                            (rising edge-triggered cell FDRE clocked by clk_pl_0  {rise@0.000ns fall@5.000ns period=10.000ns})
  Destination:            gemm_block_i/axi_smc/inst/s00_entry_pipeline/s00_si_converter/inst/xpm_cdc_async_rst_inst/arststages_ff_reg[2]/CLR
                            (removal check against rising-edge clock clk_pl_0  {rise@0.000ns fall@5.000ns period=10.000ns})
  Path Group:             (none)
  Path Type:              Removal (Min at Fast Process Corner)
  Data Path Delay:        0.196ns  (logic 0.084ns (42.816%)  route 0.112ns (57.184%))
  Logic Levels:           0  
  Clock Path Skew:        0.204ns (DCD - SCD - CPR)
    Destination Clock Delay (DCD):    2.104ns
    Source Clock Delay      (SCD):    1.901ns
    Clock Pessimism Removal (CPR):    -0.000ns
  Clock Uncertainty:      0.160ns  ((TSJ^2 + DJ^2)^1/2) / 2 + PE
    Total System Jitter     (TSJ):    0.071ns
    Discrete Jitter          (DJ):    0.312ns
    Phase Error              (PE):    0.000ns
  Clock Net Delay (Source):      1.750ns (routing 0.886ns, distribution 0.864ns)
  Clock Net Delay (Destination): 1.917ns (routing 0.971ns, distribution 0.946ns)
  Timing Exception:       False Path

    Location             Delay type                Incr(ns)  Path(ns)    Netlist Resource(s)
  -------------------------------------------------------------------    -------------------
                         (clock clk_pl_0 rise edge)
                                                      0.000     0.000 r  
    PS8_X0Y0             PS8                          0.000     0.000 r  gemm_block_i/zynq_ultra_ps_e_0/inst/PS8_i/PLCLK[0]
                         net (fo=1, routed)           0.129     0.129    gemm_block_i/zynq_ultra_ps_e_0/inst/pl_clk_unbuffered[0]
    BUFG_PS_X0Y80        BUFG_PS (Prop_BUFG_PS_I_O)
                                                      0.022     0.151 r  gemm_block_i/zynq_ultra_ps_e_0/inst/buffer_pl_clk_0.PL_CLK_0_BUFG/O
    X1Y1 (CLOCK_ROOT)    net (fo=40197, routed)       1.750     1.901    gemm_block_i/axi_smc/inst/clk_map/psr_aclk/U0/aclk
    SLICE_X6Y121         FDRE                                         r  gemm_block_i/axi_smc/inst/clk_map/psr_aclk/U0/ACTIVE_LOW_BSR_OUT_DFF[0].FDRE_BSR_N/C
  -------------------------------------------------------------------    -------------------
    SLICE_X6Y121         FDRE (Prop_AFF_SLICEL_C_Q)
                                                      0.084     1.985 r  gemm_block_i/axi_smc/inst/clk_map/psr_aclk/U0/ACTIVE_LOW_BSR_OUT_DFF[0].FDRE_BSR_N/Q
                         net (fo=135, routed)         0.112     2.097    gemm_block_i/axi_smc/inst/s00_entry_pipeline/s00_si_converter/inst/xpm_cdc_async_rst_inst/src_arst
    SLICE_X6Y124         FDCE                                         f  gemm_block_i/axi_smc/inst/s00_entry_pipeline/s00_si_converter/inst/xpm_cdc_async_rst_inst/arststages_ff_reg[2]/CLR  (IS_INVERTED)
  -------------------------------------------------------------------    -------------------

                         (clock clk_pl_0 rise edge)
                                                      0.000     0.000 r  
    PS8_X0Y0             PS8                          0.000     0.000 r  gemm_block_i/zynq_ultra_ps_e_0/inst/PS8_i/PLCLK[0]
                         net (fo=1, routed)           0.164     0.164    gemm_block_i/zynq_ultra_ps_e_0/inst/pl_clk_unbuffered[0]
    BUFG_PS_X0Y80        BUFG_PS (Prop_BUFG_PS_I_O)
                                                      0.023     0.187 r  gemm_block_i/zynq_ultra_ps_e_0/inst/buffer_pl_clk_0.PL_CLK_0_BUFG/O
    X1Y1 (CLOCK_ROOT)    net (fo=40197, routed)       1.917     2.104    gemm_block_i/axi_smc/inst/s00_entry_pipeline/s00_si_converter/inst/xpm_cdc_async_rst_inst/dest_clk
    SLICE_X6Y124         FDCE                                         r  gemm_block_i/axi_smc/inst/s00_entry_pipeline/s00_si_converter/inst/xpm_cdc_async_rst_inst/arststages_ff_reg[2]/C

Slack:                    inf
  Source:                 gemm_block_i/axi_smc/inst/clk_map/psr_aclk/U0/ACTIVE_LOW_BSR_OUT_DFF[0].FDRE_BSR_N/C
                            (rising edge-triggered cell FDRE clocked by clk_pl_0  {rise@0.000ns fall@5.000ns period=10.000ns})
  Destination:            gemm_block_i/axi_smc/inst/s00_nodes/s00_w_node/inst/s_sc_xpm_cdc_async_rst_inst/arststages_ff_reg[0]/CLR
                            (removal check against rising-edge clock clk_pl_0  {rise@0.000ns fall@5.000ns period=10.000ns})
  Path Group:             (none)
  Path Type:              Removal (Min at Fast Process Corner)
  Data Path Delay:        0.205ns  (logic 0.084ns (40.894%)  route 0.121ns (59.106%))
  Logic Levels:           0  
  Clock Path Skew:        0.162ns (DCD - SCD - CPR)
    Destination Clock Delay (DCD):    2.063ns
    Source Clock Delay      (SCD):    1.901ns
    Clock Pessimism Removal (CPR):    -0.000ns
  Clock Uncertainty:      0.160ns  ((TSJ^2 + DJ^2)^1/2) / 2 + PE
    Total System Jitter     (TSJ):    0.071ns
    Discrete Jitter          (DJ):    0.312ns
    Phase Error              (PE):    0.000ns
  Clock Net Delay (Source):      1.750ns (routing 0.886ns, distribution 0.864ns)
  Clock Net Delay (Destination): 1.876ns (routing 0.971ns, distribution 0.905ns)
  Timing Exception:       False Path

    Location             Delay type                Incr(ns)  Path(ns)    Netlist Resource(s)
  -------------------------------------------------------------------    -------------------
                         (clock clk_pl_0 rise edge)
                                                      0.000     0.000 r  
    PS8_X0Y0             PS8                          0.000     0.000 r  gemm_block_i/zynq_ultra_ps_e_0/inst/PS8_i/PLCLK[0]
                         net (fo=1, routed)           0.129     0.129    gemm_block_i/zynq_ultra_ps_e_0/inst/pl_clk_unbuffered[0]
    BUFG_PS_X0Y80        BUFG_PS (Prop_BUFG_PS_I_O)
                                                      0.022     0.151 r  gemm_block_i/zynq_ultra_ps_e_0/inst/buffer_pl_clk_0.PL_CLK_0_BUFG/O
    X1Y1 (CLOCK_ROOT)    net (fo=40197, routed)       1.750     1.901    gemm_block_i/axi_smc/inst/clk_map/psr_aclk/U0/aclk
    SLICE_X6Y121         FDRE                                         r  gemm_block_i/axi_smc/inst/clk_map/psr_aclk/U0/ACTIVE_LOW_BSR_OUT_DFF[0].FDRE_BSR_N/C
  -------------------------------------------------------------------    -------------------
    SLICE_X6Y121         FDRE (Prop_AFF_SLICEL_C_Q)
                                                      0.084     1.985 r  gemm_block_i/axi_smc/inst/clk_map/psr_aclk/U0/ACTIVE_LOW_BSR_OUT_DFF[0].FDRE_BSR_N/Q
                         net (fo=135, routed)         0.121     2.106    gemm_block_i/axi_smc/inst/s00_nodes/s00_w_node/inst/s_sc_xpm_cdc_async_rst_inst/src_arst
    SLICE_X5Y118         FDCE                                         f  gemm_block_i/axi_smc/inst/s00_nodes/s00_w_node/inst/s_sc_xpm_cdc_async_rst_inst/arststages_ff_reg[0]/CLR  (IS_INVERTED)
  -------------------------------------------------------------------    -------------------

                         (clock clk_pl_0 rise edge)
                                                      0.000     0.000 r  
    PS8_X0Y0             PS8                          0.000     0.000 r  gemm_block_i/zynq_ultra_ps_e_0/inst/PS8_i/PLCLK[0]
                         net (fo=1, routed)           0.164     0.164    gemm_block_i/zynq_ultra_ps_e_0/inst/pl_clk_unbuffered[0]
    BUFG_PS_X0Y80        BUFG_PS (Prop_BUFG_PS_I_O)
                                                      0.023     0.187 r  gemm_block_i/zynq_ultra_ps_e_0/inst/buffer_pl_clk_0.PL_CLK_0_BUFG/O
    X1Y1 (CLOCK_ROOT)    net (fo=40197, routed)       1.876     2.063    gemm_block_i/axi_smc/inst/s00_nodes/s00_w_node/inst/s_sc_xpm_cdc_async_rst_inst/dest_clk
    SLICE_X5Y118         FDCE                                         r  gemm_block_i/axi_smc/inst/s00_nodes/s00_w_node/inst/s_sc_xpm_cdc_async_rst_inst/arststages_ff_reg[0]/C

Slack:                    inf
  Source:                 gemm_block_i/axi_smc/inst/clk_map/psr_aclk/U0/ACTIVE_LOW_BSR_OUT_DFF[0].FDRE_BSR_N/C
                            (rising edge-triggered cell FDRE clocked by clk_pl_0  {rise@0.000ns fall@5.000ns period=10.000ns})
  Destination:            gemm_block_i/axi_smc/inst/s00_nodes/s00_w_node/inst/s_sc_xpm_cdc_async_rst_inst/arststages_ff_reg[1]/CLR
                            (removal check against rising-edge clock clk_pl_0  {rise@0.000ns fall@5.000ns period=10.000ns})
  Path Group:             (none)
  Path Type:              Removal (Min at Fast Process Corner)
  Data Path Delay:        0.205ns  (logic 0.084ns (40.894%)  route 0.121ns (59.106%))
  Logic Levels:           0  
  Clock Path Skew:        0.162ns (DCD - SCD - CPR)
    Destination Clock Delay (DCD):    2.063ns
    Source Clock Delay      (SCD):    1.901ns
    Clock Pessimism Removal (CPR):    -0.000ns
  Clock Uncertainty:      0.160ns  ((TSJ^2 + DJ^2)^1/2) / 2 + PE
    Total System Jitter     (TSJ):    0.071ns
    Discrete Jitter          (DJ):    0.312ns
    Phase Error              (PE):    0.000ns
  Clock Net Delay (Source):      1.750ns (routing 0.886ns, distribution 0.864ns)
  Clock Net Delay (Destination): 1.876ns (routing 0.971ns, distribution 0.905ns)
  Timing Exception:       False Path

    Location             Delay type                Incr(ns)  Path(ns)    Netlist Resource(s)
  -------------------------------------------------------------------    -------------------
                         (clock clk_pl_0 rise edge)
                                                      0.000     0.000 r  
    PS8_X0Y0             PS8                          0.000     0.000 r  gemm_block_i/zynq_ultra_ps_e_0/inst/PS8_i/PLCLK[0]
                         net (fo=1, routed)           0.129     0.129    gemm_block_i/zynq_ultra_ps_e_0/inst/pl_clk_unbuffered[0]
    BUFG_PS_X0Y80        BUFG_PS (Prop_BUFG_PS_I_O)
                                                      0.022     0.151 r  gemm_block_i/zynq_ultra_ps_e_0/inst/buffer_pl_clk_0.PL_CLK_0_BUFG/O
    X1Y1 (CLOCK_ROOT)    net (fo=40197, routed)       1.750     1.901    gemm_block_i/axi_smc/inst/clk_map/psr_aclk/U0/aclk
    SLICE_X6Y121         FDRE                                         r  gemm_block_i/axi_smc/inst/clk_map/psr_aclk/U0/ACTIVE_LOW_BSR_OUT_DFF[0].FDRE_BSR_N/C
  -------------------------------------------------------------------    -------------------
    SLICE_X6Y121         FDRE (Prop_AFF_SLICEL_C_Q)
                                                      0.084     1.985 r  gemm_block_i/axi_smc/inst/clk_map/psr_aclk/U0/ACTIVE_LOW_BSR_OUT_DFF[0].FDRE_BSR_N/Q
                         net (fo=135, routed)         0.121     2.106    gemm_block_i/axi_smc/inst/s00_nodes/s00_w_node/inst/s_sc_xpm_cdc_async_rst_inst/src_arst
    SLICE_X5Y118         FDCE                                         f  gemm_block_i/axi_smc/inst/s00_nodes/s00_w_node/inst/s_sc_xpm_cdc_async_rst_inst/arststages_ff_reg[1]/CLR  (IS_INVERTED)
  -------------------------------------------------------------------    -------------------

                         (clock clk_pl_0 rise edge)
                                                      0.000     0.000 r  
    PS8_X0Y0             PS8                          0.000     0.000 r  gemm_block_i/zynq_ultra_ps_e_0/inst/PS8_i/PLCLK[0]
                         net (fo=1, routed)           0.164     0.164    gemm_block_i/zynq_ultra_ps_e_0/inst/pl_clk_unbuffered[0]
    BUFG_PS_X0Y80        BUFG_PS (Prop_BUFG_PS_I_O)
                                                      0.023     0.187 r  gemm_block_i/zynq_ultra_ps_e_0/inst/buffer_pl_clk_0.PL_CLK_0_BUFG/O
    X1Y1 (CLOCK_ROOT)    net (fo=40197, routed)       1.876     2.063    gemm_block_i/axi_smc/inst/s00_nodes/s00_w_node/inst/s_sc_xpm_cdc_async_rst_inst/dest_clk
    SLICE_X5Y118         FDCE                                         r  gemm_block_i/axi_smc/inst/s00_nodes/s00_w_node/inst/s_sc_xpm_cdc_async_rst_inst/arststages_ff_reg[1]/C

Slack:                    inf
  Source:                 gemm_block_i/axi_smc/inst/clk_map/psr_aclk/U0/ACTIVE_LOW_BSR_OUT_DFF[0].FDRE_BSR_N/C
                            (rising edge-triggered cell FDRE clocked by clk_pl_0  {rise@0.000ns fall@5.000ns period=10.000ns})
  Destination:            gemm_block_i/axi_smc/inst/s00_nodes/s00_w_node/inst/s_sc_xpm_cdc_async_rst_inst/arststages_ff_reg[2]/CLR
                            (removal check against rising-edge clock clk_pl_0  {rise@0.000ns fall@5.000ns period=10.000ns})
  Path Group:             (none)
  Path Type:              Removal (Min at Fast Process Corner)
  Data Path Delay:        0.205ns  (logic 0.084ns (40.894%)  route 0.121ns (59.106%))
  Logic Levels:           0  
  Clock Path Skew:        0.162ns (DCD - SCD - CPR)
    Destination Clock Delay (DCD):    2.063ns
    Source Clock Delay      (SCD):    1.901ns
    Clock Pessimism Removal (CPR):    -0.000ns
  Clock Uncertainty:      0.160ns  ((TSJ^2 + DJ^2)^1/2) / 2 + PE
    Total System Jitter     (TSJ):    0.071ns
    Discrete Jitter          (DJ):    0.312ns
    Phase Error              (PE):    0.000ns
  Clock Net Delay (Source):      1.750ns (routing 0.886ns, distribution 0.864ns)
  Clock Net Delay (Destination): 1.876ns (routing 0.971ns, distribution 0.905ns)
  Timing Exception:       False Path

    Location             Delay type                Incr(ns)  Path(ns)    Netlist Resource(s)
  -------------------------------------------------------------------    -------------------
                         (clock clk_pl_0 rise edge)
                                                      0.000     0.000 r  
    PS8_X0Y0             PS8                          0.000     0.000 r  gemm_block_i/zynq_ultra_ps_e_0/inst/PS8_i/PLCLK[0]
                         net (fo=1, routed)           0.129     0.129    gemm_block_i/zynq_ultra_ps_e_0/inst/pl_clk_unbuffered[0]
    BUFG_PS_X0Y80        BUFG_PS (Prop_BUFG_PS_I_O)
                                                      0.022     0.151 r  gemm_block_i/zynq_ultra_ps_e_0/inst/buffer_pl_clk_0.PL_CLK_0_BUFG/O
    X1Y1 (CLOCK_ROOT)    net (fo=40197, routed)       1.750     1.901    gemm_block_i/axi_smc/inst/clk_map/psr_aclk/U0/aclk
    SLICE_X6Y121         FDRE                                         r  gemm_block_i/axi_smc/inst/clk_map/psr_aclk/U0/ACTIVE_LOW_BSR_OUT_DFF[0].FDRE_BSR_N/C
  -------------------------------------------------------------------    -------------------
    SLICE_X6Y121         FDRE (Prop_AFF_SLICEL_C_Q)
                                                      0.084     1.985 r  gemm_block_i/axi_smc/inst/clk_map/psr_aclk/U0/ACTIVE_LOW_BSR_OUT_DFF[0].FDRE_BSR_N/Q
                         net (fo=135, routed)         0.121     2.106    gemm_block_i/axi_smc/inst/s00_nodes/s00_w_node/inst/s_sc_xpm_cdc_async_rst_inst/src_arst
    SLICE_X5Y118         FDCE                                         f  gemm_block_i/axi_smc/inst/s00_nodes/s00_w_node/inst/s_sc_xpm_cdc_async_rst_inst/arststages_ff_reg[2]/CLR  (IS_INVERTED)
  -------------------------------------------------------------------    -------------------

                         (clock clk_pl_0 rise edge)
                                                      0.000     0.000 r  
    PS8_X0Y0             PS8                          0.000     0.000 r  gemm_block_i/zynq_ultra_ps_e_0/inst/PS8_i/PLCLK[0]
                         net (fo=1, routed)           0.164     0.164    gemm_block_i/zynq_ultra_ps_e_0/inst/pl_clk_unbuffered[0]
    BUFG_PS_X0Y80        BUFG_PS (Prop_BUFG_PS_I_O)
                                                      0.023     0.187 r  gemm_block_i/zynq_ultra_ps_e_0/inst/buffer_pl_clk_0.PL_CLK_0_BUFG/O
    X1Y1 (CLOCK_ROOT)    net (fo=40197, routed)       1.876     2.063    gemm_block_i/axi_smc/inst/s00_nodes/s00_w_node/inst/s_sc_xpm_cdc_async_rst_inst/dest_clk
    SLICE_X5Y118         FDCE                                         r  gemm_block_i/axi_smc/inst/s00_nodes/s00_w_node/inst/s_sc_xpm_cdc_async_rst_inst/arststages_ff_reg[2]/C

Slack:                    inf
  Source:                 gemm_block_i/axi_smc/inst/clk_map/psr_aclk/U0/ACTIVE_LOW_BSR_OUT_DFF[0].FDRE_BSR_N/C
                            (rising edge-triggered cell FDRE clocked by clk_pl_0  {rise@0.000ns fall@5.000ns period=10.000ns})
  Destination:            gemm_block_i/axi_smc/inst/s00_nodes/s00_r_node/inst/s_sc_xpm_cdc_async_rst_inst/arststages_ff_reg[0]/CLR
                            (removal check against rising-edge clock clk_pl_0  {rise@0.000ns fall@5.000ns period=10.000ns})
  Path Group:             (none)
  Path Type:              Removal (Min at Fast Process Corner)
  Data Path Delay:        0.221ns  (logic 0.084ns (37.964%)  route 0.137ns (62.036%))
  Logic Levels:           0  
  Clock Path Skew:        0.163ns (DCD - SCD - CPR)
    Destination Clock Delay (DCD):    2.064ns
    Source Clock Delay      (SCD):    1.901ns
    Clock Pessimism Removal (CPR):    -0.000ns
  Clock Uncertainty:      0.160ns  ((TSJ^2 + DJ^2)^1/2) / 2 + PE
    Total System Jitter     (TSJ):    0.071ns
    Discrete Jitter          (DJ):    0.312ns
    Phase Error              (PE):    0.000ns
  Clock Net Delay (Source):      1.750ns (routing 0.886ns, distribution 0.864ns)
  Clock Net Delay (Destination): 1.877ns (routing 0.971ns, distribution 0.906ns)
  Timing Exception:       False Path

    Location             Delay type                Incr(ns)  Path(ns)    Netlist Resource(s)
  -------------------------------------------------------------------    -------------------
                         (clock clk_pl_0 rise edge)
                                                      0.000     0.000 r  
    PS8_X0Y0             PS8                          0.000     0.000 r  gemm_block_i/zynq_ultra_ps_e_0/inst/PS8_i/PLCLK[0]
                         net (fo=1, routed)           0.129     0.129    gemm_block_i/zynq_ultra_ps_e_0/inst/pl_clk_unbuffered[0]
    BUFG_PS_X0Y80        BUFG_PS (Prop_BUFG_PS_I_O)
                                                      0.022     0.151 r  gemm_block_i/zynq_ultra_ps_e_0/inst/buffer_pl_clk_0.PL_CLK_0_BUFG/O
    X1Y1 (CLOCK_ROOT)    net (fo=40197, routed)       1.750     1.901    gemm_block_i/axi_smc/inst/clk_map/psr_aclk/U0/aclk
    SLICE_X6Y121         FDRE                                         r  gemm_block_i/axi_smc/inst/clk_map/psr_aclk/U0/ACTIVE_LOW_BSR_OUT_DFF[0].FDRE_BSR_N/C
  -------------------------------------------------------------------    -------------------
    SLICE_X6Y121         FDRE (Prop_AFF_SLICEL_C_Q)
                                                      0.084     1.985 r  gemm_block_i/axi_smc/inst/clk_map/psr_aclk/U0/ACTIVE_LOW_BSR_OUT_DFF[0].FDRE_BSR_N/Q
                         net (fo=135, routed)         0.137     2.122    gemm_block_i/axi_smc/inst/s00_nodes/s00_r_node/inst/s_sc_xpm_cdc_async_rst_inst/src_arst
    SLICE_X4Y117         FDCE                                         f  gemm_block_i/axi_smc/inst/s00_nodes/s00_r_node/inst/s_sc_xpm_cdc_async_rst_inst/arststages_ff_reg[0]/CLR  (IS_INVERTED)
  -------------------------------------------------------------------    -------------------

                         (clock clk_pl_0 rise edge)
                                                      0.000     0.000 r  
    PS8_X0Y0             PS8                          0.000     0.000 r  gemm_block_i/zynq_ultra_ps_e_0/inst/PS8_i/PLCLK[0]
                         net (fo=1, routed)           0.164     0.164    gemm_block_i/zynq_ultra_ps_e_0/inst/pl_clk_unbuffered[0]
    BUFG_PS_X0Y80        BUFG_PS (Prop_BUFG_PS_I_O)
                                                      0.023     0.187 r  gemm_block_i/zynq_ultra_ps_e_0/inst/buffer_pl_clk_0.PL_CLK_0_BUFG/O
    X1Y1 (CLOCK_ROOT)    net (fo=40197, routed)       1.877     2.064    gemm_block_i/axi_smc/inst/s00_nodes/s00_r_node/inst/s_sc_xpm_cdc_async_rst_inst/dest_clk
    SLICE_X4Y117         FDCE                                         r  gemm_block_i/axi_smc/inst/s00_nodes/s00_r_node/inst/s_sc_xpm_cdc_async_rst_inst/arststages_ff_reg[0]/C

Slack:                    inf
  Source:                 gemm_block_i/axi_smc/inst/clk_map/psr_aclk/U0/ACTIVE_LOW_BSR_OUT_DFF[0].FDRE_BSR_N/C
                            (rising edge-triggered cell FDRE clocked by clk_pl_0  {rise@0.000ns fall@5.000ns period=10.000ns})
  Destination:            gemm_block_i/axi_smc/inst/s00_nodes/s00_r_node/inst/s_sc_xpm_cdc_async_rst_inst/arststages_ff_reg[1]/CLR
                            (removal check against rising-edge clock clk_pl_0  {rise@0.000ns fall@5.000ns period=10.000ns})
  Path Group:             (none)
  Path Type:              Removal (Min at Fast Process Corner)
  Data Path Delay:        0.221ns  (logic 0.084ns (37.964%)  route 0.137ns (62.036%))
  Logic Levels:           0  
  Clock Path Skew:        0.163ns (DCD - SCD - CPR)
    Destination Clock Delay (DCD):    2.064ns
    Source Clock Delay      (SCD):    1.901ns
    Clock Pessimism Removal (CPR):    -0.000ns
  Clock Uncertainty:      0.160ns  ((TSJ^2 + DJ^2)^1/2) / 2 + PE
    Total System Jitter     (TSJ):    0.071ns
    Discrete Jitter          (DJ):    0.312ns
    Phase Error              (PE):    0.000ns
  Clock Net Delay (Source):      1.750ns (routing 0.886ns, distribution 0.864ns)
  Clock Net Delay (Destination): 1.877ns (routing 0.971ns, distribution 0.906ns)
  Timing Exception:       False Path

    Location             Delay type                Incr(ns)  Path(ns)    Netlist Resource(s)
  -------------------------------------------------------------------    -------------------
                         (clock clk_pl_0 rise edge)
                                                      0.000     0.000 r  
    PS8_X0Y0             PS8                          0.000     0.000 r  gemm_block_i/zynq_ultra_ps_e_0/inst/PS8_i/PLCLK[0]
                         net (fo=1, routed)           0.129     0.129    gemm_block_i/zynq_ultra_ps_e_0/inst/pl_clk_unbuffered[0]
    BUFG_PS_X0Y80        BUFG_PS (Prop_BUFG_PS_I_O)
                                                      0.022     0.151 r  gemm_block_i/zynq_ultra_ps_e_0/inst/buffer_pl_clk_0.PL_CLK_0_BUFG/O
    X1Y1 (CLOCK_ROOT)    net (fo=40197, routed)       1.750     1.901    gemm_block_i/axi_smc/inst/clk_map/psr_aclk/U0/aclk
    SLICE_X6Y121         FDRE                                         r  gemm_block_i/axi_smc/inst/clk_map/psr_aclk/U0/ACTIVE_LOW_BSR_OUT_DFF[0].FDRE_BSR_N/C
  -------------------------------------------------------------------    -------------------
    SLICE_X6Y121         FDRE (Prop_AFF_SLICEL_C_Q)
                                                      0.084     1.985 r  gemm_block_i/axi_smc/inst/clk_map/psr_aclk/U0/ACTIVE_LOW_BSR_OUT_DFF[0].FDRE_BSR_N/Q
                         net (fo=135, routed)         0.137     2.122    gemm_block_i/axi_smc/inst/s00_nodes/s00_r_node/inst/s_sc_xpm_cdc_async_rst_inst/src_arst
    SLICE_X4Y117         FDCE                                         f  gemm_block_i/axi_smc/inst/s00_nodes/s00_r_node/inst/s_sc_xpm_cdc_async_rst_inst/arststages_ff_reg[1]/CLR  (IS_INVERTED)
  -------------------------------------------------------------------    -------------------

                         (clock clk_pl_0 rise edge)
                                                      0.000     0.000 r  
    PS8_X0Y0             PS8                          0.000     0.000 r  gemm_block_i/zynq_ultra_ps_e_0/inst/PS8_i/PLCLK[0]
                         net (fo=1, routed)           0.164     0.164    gemm_block_i/zynq_ultra_ps_e_0/inst/pl_clk_unbuffered[0]
    BUFG_PS_X0Y80        BUFG_PS (Prop_BUFG_PS_I_O)
                                                      0.023     0.187 r  gemm_block_i/zynq_ultra_ps_e_0/inst/buffer_pl_clk_0.PL_CLK_0_BUFG/O
    X1Y1 (CLOCK_ROOT)    net (fo=40197, routed)       1.877     2.064    gemm_block_i/axi_smc/inst/s00_nodes/s00_r_node/inst/s_sc_xpm_cdc_async_rst_inst/dest_clk
    SLICE_X4Y117         FDCE                                         r  gemm_block_i/axi_smc/inst/s00_nodes/s00_r_node/inst/s_sc_xpm_cdc_async_rst_inst/arststages_ff_reg[1]/C

Slack:                    inf
  Source:                 gemm_block_i/axi_smc/inst/clk_map/psr_aclk/U0/ACTIVE_LOW_BSR_OUT_DFF[0].FDRE_BSR_N/C
                            (rising edge-triggered cell FDRE clocked by clk_pl_0  {rise@0.000ns fall@5.000ns period=10.000ns})
  Destination:            gemm_block_i/axi_smc/inst/s00_nodes/s00_r_node/inst/s_sc_xpm_cdc_async_rst_inst/arststages_ff_reg[2]/CLR
                            (removal check against rising-edge clock clk_pl_0  {rise@0.000ns fall@5.000ns period=10.000ns})
  Path Group:             (none)
  Path Type:              Removal (Min at Fast Process Corner)
  Data Path Delay:        0.221ns  (logic 0.084ns (37.964%)  route 0.137ns (62.036%))
  Logic Levels:           0  
  Clock Path Skew:        0.163ns (DCD - SCD - CPR)
    Destination Clock Delay (DCD):    2.064ns
    Source Clock Delay      (SCD):    1.901ns
    Clock Pessimism Removal (CPR):    -0.000ns
  Clock Uncertainty:      0.160ns  ((TSJ^2 + DJ^2)^1/2) / 2 + PE
    Total System Jitter     (TSJ):    0.071ns
    Discrete Jitter          (DJ):    0.312ns
    Phase Error              (PE):    0.000ns
  Clock Net Delay (Source):      1.750ns (routing 0.886ns, distribution 0.864ns)
  Clock Net Delay (Destination): 1.877ns (routing 0.971ns, distribution 0.906ns)
  Timing Exception:       False Path

    Location             Delay type                Incr(ns)  Path(ns)    Netlist Resource(s)
  -------------------------------------------------------------------    -------------------
                         (clock clk_pl_0 rise edge)
                                                      0.000     0.000 r  
    PS8_X0Y0             PS8                          0.000     0.000 r  gemm_block_i/zynq_ultra_ps_e_0/inst/PS8_i/PLCLK[0]
                         net (fo=1, routed)           0.129     0.129    gemm_block_i/zynq_ultra_ps_e_0/inst/pl_clk_unbuffered[0]
    BUFG_PS_X0Y80        BUFG_PS (Prop_BUFG_PS_I_O)
                                                      0.022     0.151 r  gemm_block_i/zynq_ultra_ps_e_0/inst/buffer_pl_clk_0.PL_CLK_0_BUFG/O
    X1Y1 (CLOCK_ROOT)    net (fo=40197, routed)       1.750     1.901    gemm_block_i/axi_smc/inst/clk_map/psr_aclk/U0/aclk
    SLICE_X6Y121         FDRE                                         r  gemm_block_i/axi_smc/inst/clk_map/psr_aclk/U0/ACTIVE_LOW_BSR_OUT_DFF[0].FDRE_BSR_N/C
  -------------------------------------------------------------------    -------------------
    SLICE_X6Y121         FDRE (Prop_AFF_SLICEL_C_Q)
                                                      0.084     1.985 r  gemm_block_i/axi_smc/inst/clk_map/psr_aclk/U0/ACTIVE_LOW_BSR_OUT_DFF[0].FDRE_BSR_N/Q
                         net (fo=135, routed)         0.137     2.122    gemm_block_i/axi_smc/inst/s00_nodes/s00_r_node/inst/s_sc_xpm_cdc_async_rst_inst/src_arst
    SLICE_X4Y117         FDCE                                         f  gemm_block_i/axi_smc/inst/s00_nodes/s00_r_node/inst/s_sc_xpm_cdc_async_rst_inst/arststages_ff_reg[2]/CLR  (IS_INVERTED)
  -------------------------------------------------------------------    -------------------

                         (clock clk_pl_0 rise edge)
                                                      0.000     0.000 r  
    PS8_X0Y0             PS8                          0.000     0.000 r  gemm_block_i/zynq_ultra_ps_e_0/inst/PS8_i/PLCLK[0]
                         net (fo=1, routed)           0.164     0.164    gemm_block_i/zynq_ultra_ps_e_0/inst/pl_clk_unbuffered[0]
    BUFG_PS_X0Y80        BUFG_PS (Prop_BUFG_PS_I_O)
                                                      0.023     0.187 r  gemm_block_i/zynq_ultra_ps_e_0/inst/buffer_pl_clk_0.PL_CLK_0_BUFG/O
    X1Y1 (CLOCK_ROOT)    net (fo=40197, routed)       1.877     2.064    gemm_block_i/axi_smc/inst/s00_nodes/s00_r_node/inst/s_sc_xpm_cdc_async_rst_inst/dest_clk
    SLICE_X4Y117         FDCE                                         r  gemm_block_i/axi_smc/inst/s00_nodes/s00_r_node/inst/s_sc_xpm_cdc_async_rst_inst/arststages_ff_reg[2]/C

Slack:                    inf
  Source:                 gemm_block_i/axi_smc/inst/clk_map/psr_aclk/U0/ACTIVE_LOW_BSR_OUT_DFF[0].FDRE_BSR_N/C
                            (rising edge-triggered cell FDRE clocked by clk_pl_0  {rise@0.000ns fall@5.000ns period=10.000ns})
  Destination:            gemm_block_i/axi_smc/inst/m01_exit_pipeline/m01_exit/inst/xpm_cdc_async_rst_inst/arststages_ff_reg[0]/CLR
                            (removal check against rising-edge clock clk_pl_0  {rise@0.000ns fall@5.000ns period=10.000ns})
  Path Group:             (none)
  Path Type:              Removal (Min at Fast Process Corner)
  Data Path Delay:        0.233ns  (logic 0.084ns (36.076%)  route 0.149ns (63.924%))
  Logic Levels:           0  
  Clock Path Skew:        0.169ns (DCD - SCD - CPR)
    Destination Clock Delay (DCD):    2.070ns
    Source Clock Delay      (SCD):    1.901ns
    Clock Pessimism Removal (CPR):    -0.000ns
  Clock Uncertainty:      0.160ns  ((TSJ^2 + DJ^2)^1/2) / 2 + PE
    Total System Jitter     (TSJ):    0.071ns
    Discrete Jitter          (DJ):    0.312ns
    Phase Error              (PE):    0.000ns
  Clock Net Delay (Source):      1.750ns (routing 0.886ns, distribution 0.864ns)
  Clock Net Delay (Destination): 1.883ns (routing 0.971ns, distribution 0.912ns)
  Timing Exception:       False Path

    Location             Delay type                Incr(ns)  Path(ns)    Netlist Resource(s)
  -------------------------------------------------------------------    -------------------
                         (clock clk_pl_0 rise edge)
                                                      0.000     0.000 r  
    PS8_X0Y0             PS8                          0.000     0.000 r  gemm_block_i/zynq_ultra_ps_e_0/inst/PS8_i/PLCLK[0]
                         net (fo=1, routed)           0.129     0.129    gemm_block_i/zynq_ultra_ps_e_0/inst/pl_clk_unbuffered[0]
    BUFG_PS_X0Y80        BUFG_PS (Prop_BUFG_PS_I_O)
                                                      0.022     0.151 r  gemm_block_i/zynq_ultra_ps_e_0/inst/buffer_pl_clk_0.PL_CLK_0_BUFG/O
    X1Y1 (CLOCK_ROOT)    net (fo=40197, routed)       1.750     1.901    gemm_block_i/axi_smc/inst/clk_map/psr_aclk/U0/aclk
    SLICE_X6Y121         FDRE                                         r  gemm_block_i/axi_smc/inst/clk_map/psr_aclk/U0/ACTIVE_LOW_BSR_OUT_DFF[0].FDRE_BSR_N/C
  -------------------------------------------------------------------    -------------------
    SLICE_X6Y121         FDRE (Prop_AFF_SLICEL_C_Q)
                                                      0.084     1.985 r  gemm_block_i/axi_smc/inst/clk_map/psr_aclk/U0/ACTIVE_LOW_BSR_OUT_DFF[0].FDRE_BSR_N/Q
                         net (fo=135, routed)         0.149     2.133    gemm_block_i/axi_smc/inst/m01_exit_pipeline/m01_exit/inst/xpm_cdc_async_rst_inst/src_arst
    SLICE_X6Y105         FDCE                                         f  gemm_block_i/axi_smc/inst/m01_exit_pipeline/m01_exit/inst/xpm_cdc_async_rst_inst/arststages_ff_reg[0]/CLR  (IS_INVERTED)
  -------------------------------------------------------------------    -------------------

                         (clock clk_pl_0 rise edge)
                                                      0.000     0.000 r  
    PS8_X0Y0             PS8                          0.000     0.000 r  gemm_block_i/zynq_ultra_ps_e_0/inst/PS8_i/PLCLK[0]
                         net (fo=1, routed)           0.164     0.164    gemm_block_i/zynq_ultra_ps_e_0/inst/pl_clk_unbuffered[0]
    BUFG_PS_X0Y80        BUFG_PS (Prop_BUFG_PS_I_O)
                                                      0.023     0.187 r  gemm_block_i/zynq_ultra_ps_e_0/inst/buffer_pl_clk_0.PL_CLK_0_BUFG/O
    X1Y1 (CLOCK_ROOT)    net (fo=40197, routed)       1.883     2.070    gemm_block_i/axi_smc/inst/m01_exit_pipeline/m01_exit/inst/xpm_cdc_async_rst_inst/dest_clk
    SLICE_X6Y105         FDCE                                         r  gemm_block_i/axi_smc/inst/m01_exit_pipeline/m01_exit/inst/xpm_cdc_async_rst_inst/arststages_ff_reg[0]/C





