
*** Running vivado
    with args -log gemm_block_v1_gemm_accelerator_0_0.vds -m64 -product Vivado -mode batch -messageDb vivado.pb -notrace -source gemm_block_v1_gemm_accelerator_0_0.tcl



****** Vivado v2025.2 (64-bit)
  **** SW Build 6299465 on Fri Nov 14 19:35:11 GMT 2025
  **** IP Build 6300035 on Fri Nov 14 10:48:45 MST 2025
  **** SharedData Build 6298862 on Thu Nov 13 04:50:51 MST 2025
  **** Start of session at: Tue Apr 14 01:24:28 2026
    ** Copyright 1986-2022 Xilinx, Inc. All Rights Reserved.
    ** Copyright 2022-2025 Advanced Micro Devices, Inc. All Rights Reserved.

source gemm_block_v1_gemm_accelerator_0_0.tcl -notrace
INFO: [IP_Flow 19-234] Refreshing IP repositories
INFO: [IP_Flow 19-1704] No user IP repositories specified
INFO: [IP_Flow 19-2313] Loaded Vivado IP repository 'E:/vivado/2025.2/Vivado/data/ip'.
Command: synth_design -top gemm_block_v1_gemm_accelerator_0_0 -part xck26-sfvc784-2LV-c -incremental_mode off -mode out_of_context
Starting synth_design
Attempting to get a license for feature 'Synthesis' and/or device 'xck26'
INFO: [Common 17-349] Got license for feature 'Synthesis' and/or device 'xck26'
INFO: [Device 21-403] Loading part xck26-sfvc784-2LV-c
INFO: [Synth 8-7079] Multithreading enabled for synth_design using a maximum of 2 processes.
INFO: [Synth 8-7078] Launching helper process for spawning children vivado processes
INFO: [Synth 8-7075] Helper process launched with PID 16932
---------------------------------------------------------------------------------
Starting RTL Elaboration : Time (s): cpu = 00:00:04 ; elapsed = 00:00:04 . Memory (MB): peak = 1844.504 ; gain = 208.934
---------------------------------------------------------------------------------
INFO: [Synth 8-6157] synthesizing module 'gemm_block_v1_gemm_accelerator_0_0' [d:/E/1subject/HK6/doan1/ver1/matmul/matmul.gen/sources_1/bd/gemm_block_v1/ip/gemm_block_v1_gemm_accelerator_0_0/synth/gemm_block_v1_gemm_accelerator_0_0.v:53]
INFO: [Synth 8-6157] synthesizing module 'gemm_accelerator' [D:/E/1subject/HK6/doan1/ver1/matmul/matmul.srcs/sources_1/new/gemm_accelerator.v:22]
	Parameter N bound to: 16 - type: integer 
	Parameter DATA_WIDTH bound to: 8 - type: integer 
	Parameter FIFO_DEPTH bound to: 1024 - type: integer 
	Parameter BRAM_DEPTH bound to: 1024 - type: integer 
INFO: [Synth 8-6157] synthesizing module 'bram_input_buffer' [D:/E/1subject/HK6/doan1/ver1/matmul/matmul.srcs/sources_1/new/bram_input_buffer.v:25]
	Parameter DATA_WIDTH bound to: 128 - type: integer 
	Parameter DEPTH bound to: 1024 - type: integer 
INFO: [Synth 8-6155] done synthesizing module 'bram_input_buffer' (0#1) [D:/E/1subject/HK6/doan1/ver1/matmul/matmul.srcs/sources_1/new/bram_input_buffer.v:25]
INFO: [Synth 8-6157] synthesizing module 'systolic_dataflow_ctrl' [D:/E/1subject/HK6/doan1/ver1/matmul/matmul.srcs/sources_1/new/systolic_dataflow_ctrl.v:22]
	Parameter N bound to: 16 - type: integer 
	Parameter DATA_WIDTH bound to: 8 - type: integer 
	Parameter BRAM_DEPTH bound to: 1024 - type: integer 
INFO: [Synth 8-6155] done synthesizing module 'systolic_dataflow_ctrl' (0#1) [D:/E/1subject/HK6/doan1/ver1/matmul/matmul.srcs/sources_1/new/systolic_dataflow_ctrl.v:22]
INFO: [Synth 8-6157] synthesizing module 'skew_network' [D:/E/1subject/HK6/doan1/ver1/matmul/matmul.srcs/sources_1/new/skew_network.v:22]
	Parameter N bound to: 16 - type: integer 
	Parameter DATA_WIDTH bound to: 8 - type: integer 
INFO: [Synth 8-6157] synthesizing module 'shift_register_delay' [D:/E/1subject/HK6/doan1/ver1/matmul/matmul.srcs/sources_1/new/shift_register_delay.v:22]
	Parameter DATA_WIDTH bound to: 8 - type: integer 
	Parameter DELAY_CYCLES bound to: 0 - type: integer 
INFO: [Synth 8-6155] done synthesizing module 'shift_register_delay' (0#1) [D:/E/1subject/HK6/doan1/ver1/matmul/matmul.srcs/sources_1/new/shift_register_delay.v:22]
INFO: [Synth 8-6157] synthesizing module 'shift_register_delay__parameterized0' [D:/E/1subject/HK6/doan1/ver1/matmul/matmul.srcs/sources_1/new/shift_register_delay.v:22]
	Parameter DATA_WIDTH bound to: 1 - type: integer 
	Parameter DELAY_CYCLES bound to: 0 - type: integer 
INFO: [Synth 8-6155] done synthesizing module 'shift_register_delay__parameterized0' (0#1) [D:/E/1subject/HK6/doan1/ver1/matmul/matmul.srcs/sources_1/new/shift_register_delay.v:22]
INFO: [Synth 8-6157] synthesizing module 'shift_register_delay__parameterized1' [D:/E/1subject/HK6/doan1/ver1/matmul/matmul.srcs/sources_1/new/shift_register_delay.v:22]
	Parameter DATA_WIDTH bound to: 8 - type: integer 
	Parameter DELAY_CYCLES bound to: 1 - type: integer 
INFO: [Synth 8-6155] done synthesizing module 'shift_register_delay__parameterized1' (0#1) [D:/E/1subject/HK6/doan1/ver1/matmul/matmul.srcs/sources_1/new/shift_register_delay.v:22]
INFO: [Synth 8-6157] synthesizing module 'shift_register_delay__parameterized2' [D:/E/1subject/HK6/doan1/ver1/matmul/matmul.srcs/sources_1/new/shift_register_delay.v:22]
	Parameter DATA_WIDTH bound to: 1 - type: integer 
	Parameter DELAY_CYCLES bound to: 1 - type: integer 
INFO: [Synth 8-6155] done synthesizing module 'shift_register_delay__parameterized2' (0#1) [D:/E/1subject/HK6/doan1/ver1/matmul/matmul.srcs/sources_1/new/shift_register_delay.v:22]
INFO: [Synth 8-6157] synthesizing module 'shift_register_delay__parameterized3' [D:/E/1subject/HK6/doan1/ver1/matmul/matmul.srcs/sources_1/new/shift_register_delay.v:22]
	Parameter DATA_WIDTH bound to: 8 - type: integer 
	Parameter DELAY_CYCLES bound to: 2 - type: integer 
INFO: [Synth 8-6155] done synthesizing module 'shift_register_delay__parameterized3' (0#1) [D:/E/1subject/HK6/doan1/ver1/matmul/matmul.srcs/sources_1/new/shift_register_delay.v:22]
INFO: [Synth 8-6157] synthesizing module 'shift_register_delay__parameterized4' [D:/E/1subject/HK6/doan1/ver1/matmul/matmul.srcs/sources_1/new/shift_register_delay.v:22]
	Parameter DATA_WIDTH bound to: 1 - type: integer 
	Parameter DELAY_CYCLES bound to: 2 - type: integer 
INFO: [Synth 8-6155] done synthesizing module 'shift_register_delay__parameterized4' (0#1) [D:/E/1subject/HK6/doan1/ver1/matmul/matmul.srcs/sources_1/new/shift_register_delay.v:22]
INFO: [Synth 8-6157] synthesizing module 'shift_register_delay__parameterized5' [D:/E/1subject/HK6/doan1/ver1/matmul/matmul.srcs/sources_1/new/shift_register_delay.v:22]
	Parameter DATA_WIDTH bound to: 8 - type: integer 
	Parameter DELAY_CYCLES bound to: 3 - type: integer 
INFO: [Synth 8-6155] done synthesizing module 'shift_register_delay__parameterized5' (0#1) [D:/E/1subject/HK6/doan1/ver1/matmul/matmul.srcs/sources_1/new/shift_register_delay.v:22]
INFO: [Synth 8-6157] synthesizing module 'shift_register_delay__parameterized6' [D:/E/1subject/HK6/doan1/ver1/matmul/matmul.srcs/sources_1/new/shift_register_delay.v:22]
	Parameter DATA_WIDTH bound to: 1 - type: integer 
	Parameter DELAY_CYCLES bound to: 3 - type: integer 
INFO: [Synth 8-6155] done synthesizing module 'shift_register_delay__parameterized6' (0#1) [D:/E/1subject/HK6/doan1/ver1/matmul/matmul.srcs/sources_1/new/shift_register_delay.v:22]
INFO: [Synth 8-6157] synthesizing module 'shift_register_delay__parameterized7' [D:/E/1subject/HK6/doan1/ver1/matmul/matmul.srcs/sources_1/new/shift_register_delay.v:22]
	Parameter DATA_WIDTH bound to: 8 - type: integer 
	Parameter DELAY_CYCLES bound to: 4 - type: integer 
INFO: [Synth 8-6155] done synthesizing module 'shift_register_delay__parameterized7' (0#1) [D:/E/1subject/HK6/doan1/ver1/matmul/matmul.srcs/sources_1/new/shift_register_delay.v:22]
INFO: [Synth 8-6157] synthesizing module 'shift_register_delay__parameterized8' [D:/E/1subject/HK6/doan1/ver1/matmul/matmul.srcs/sources_1/new/shift_register_delay.v:22]
	Parameter DATA_WIDTH bound to: 1 - type: integer 
	Parameter DELAY_CYCLES bound to: 4 - type: integer 
INFO: [Synth 8-6155] done synthesizing module 'shift_register_delay__parameterized8' (0#1) [D:/E/1subject/HK6/doan1/ver1/matmul/matmul.srcs/sources_1/new/shift_register_delay.v:22]
INFO: [Synth 8-6157] synthesizing module 'shift_register_delay__parameterized9' [D:/E/1subject/HK6/doan1/ver1/matmul/matmul.srcs/sources_1/new/shift_register_delay.v:22]
	Parameter DATA_WIDTH bound to: 8 - type: integer 
	Parameter DELAY_CYCLES bound to: 5 - type: integer 
INFO: [Synth 8-6155] done synthesizing module 'shift_register_delay__parameterized9' (0#1) [D:/E/1subject/HK6/doan1/ver1/matmul/matmul.srcs/sources_1/new/shift_register_delay.v:22]
INFO: [Synth 8-6157] synthesizing module 'shift_register_delay__parameterized10' [D:/E/1subject/HK6/doan1/ver1/matmul/matmul.srcs/sources_1/new/shift_register_delay.v:22]
	Parameter DATA_WIDTH bound to: 1 - type: integer 
	Parameter DELAY_CYCLES bound to: 5 - type: integer 
INFO: [Synth 8-6155] done synthesizing module 'shift_register_delay__parameterized10' (0#1) [D:/E/1subject/HK6/doan1/ver1/matmul/matmul.srcs/sources_1/new/shift_register_delay.v:22]
INFO: [Synth 8-6157] synthesizing module 'shift_register_delay__parameterized11' [D:/E/1subject/HK6/doan1/ver1/matmul/matmul.srcs/sources_1/new/shift_register_delay.v:22]
	Parameter DATA_WIDTH bound to: 8 - type: integer 
	Parameter DELAY_CYCLES bound to: 6 - type: integer 
INFO: [Synth 8-6155] done synthesizing module 'shift_register_delay__parameterized11' (0#1) [D:/E/1subject/HK6/doan1/ver1/matmul/matmul.srcs/sources_1/new/shift_register_delay.v:22]
INFO: [Synth 8-6157] synthesizing module 'shift_register_delay__parameterized12' [D:/E/1subject/HK6/doan1/ver1/matmul/matmul.srcs/sources_1/new/shift_register_delay.v:22]
	Parameter DATA_WIDTH bound to: 1 - type: integer 
	Parameter DELAY_CYCLES bound to: 6 - type: integer 
INFO: [Synth 8-6155] done synthesizing module 'shift_register_delay__parameterized12' (0#1) [D:/E/1subject/HK6/doan1/ver1/matmul/matmul.srcs/sources_1/new/shift_register_delay.v:22]
INFO: [Synth 8-6157] synthesizing module 'shift_register_delay__parameterized13' [D:/E/1subject/HK6/doan1/ver1/matmul/matmul.srcs/sources_1/new/shift_register_delay.v:22]
	Parameter DATA_WIDTH bound to: 8 - type: integer 
	Parameter DELAY_CYCLES bound to: 7 - type: integer 
INFO: [Synth 8-6155] done synthesizing module 'shift_register_delay__parameterized13' (0#1) [D:/E/1subject/HK6/doan1/ver1/matmul/matmul.srcs/sources_1/new/shift_register_delay.v:22]
INFO: [Synth 8-6157] synthesizing module 'shift_register_delay__parameterized14' [D:/E/1subject/HK6/doan1/ver1/matmul/matmul.srcs/sources_1/new/shift_register_delay.v:22]
	Parameter DATA_WIDTH bound to: 1 - type: integer 
	Parameter DELAY_CYCLES bound to: 7 - type: integer 
INFO: [Synth 8-6155] done synthesizing module 'shift_register_delay__parameterized14' (0#1) [D:/E/1subject/HK6/doan1/ver1/matmul/matmul.srcs/sources_1/new/shift_register_delay.v:22]
INFO: [Synth 8-6157] synthesizing module 'shift_register_delay__parameterized15' [D:/E/1subject/HK6/doan1/ver1/matmul/matmul.srcs/sources_1/new/shift_register_delay.v:22]
	Parameter DATA_WIDTH bound to: 8 - type: integer 
	Parameter DELAY_CYCLES bound to: 8 - type: integer 
INFO: [Synth 8-6155] done synthesizing module 'shift_register_delay__parameterized15' (0#1) [D:/E/1subject/HK6/doan1/ver1/matmul/matmul.srcs/sources_1/new/shift_register_delay.v:22]
INFO: [Synth 8-6157] synthesizing module 'shift_register_delay__parameterized16' [D:/E/1subject/HK6/doan1/ver1/matmul/matmul.srcs/sources_1/new/shift_register_delay.v:22]
	Parameter DATA_WIDTH bound to: 1 - type: integer 
	Parameter DELAY_CYCLES bound to: 8 - type: integer 
INFO: [Synth 8-6155] done synthesizing module 'shift_register_delay__parameterized16' (0#1) [D:/E/1subject/HK6/doan1/ver1/matmul/matmul.srcs/sources_1/new/shift_register_delay.v:22]
INFO: [Synth 8-6157] synthesizing module 'shift_register_delay__parameterized17' [D:/E/1subject/HK6/doan1/ver1/matmul/matmul.srcs/sources_1/new/shift_register_delay.v:22]
	Parameter DATA_WIDTH bound to: 8 - type: integer 
	Parameter DELAY_CYCLES bound to: 9 - type: integer 
INFO: [Synth 8-6155] done synthesizing module 'shift_register_delay__parameterized17' (0#1) [D:/E/1subject/HK6/doan1/ver1/matmul/matmul.srcs/sources_1/new/shift_register_delay.v:22]
INFO: [Synth 8-6157] synthesizing module 'shift_register_delay__parameterized18' [D:/E/1subject/HK6/doan1/ver1/matmul/matmul.srcs/sources_1/new/shift_register_delay.v:22]
	Parameter DATA_WIDTH bound to: 1 - type: integer 
	Parameter DELAY_CYCLES bound to: 9 - type: integer 
INFO: [Synth 8-6155] done synthesizing module 'shift_register_delay__parameterized18' (0#1) [D:/E/1subject/HK6/doan1/ver1/matmul/matmul.srcs/sources_1/new/shift_register_delay.v:22]
INFO: [Synth 8-6157] synthesizing module 'shift_register_delay__parameterized19' [D:/E/1subject/HK6/doan1/ver1/matmul/matmul.srcs/sources_1/new/shift_register_delay.v:22]
	Parameter DATA_WIDTH bound to: 8 - type: integer 
	Parameter DELAY_CYCLES bound to: 10 - type: integer 
INFO: [Synth 8-6155] done synthesizing module 'shift_register_delay__parameterized19' (0#1) [D:/E/1subject/HK6/doan1/ver1/matmul/matmul.srcs/sources_1/new/shift_register_delay.v:22]
INFO: [Synth 8-6157] synthesizing module 'shift_register_delay__parameterized20' [D:/E/1subject/HK6/doan1/ver1/matmul/matmul.srcs/sources_1/new/shift_register_delay.v:22]
	Parameter DATA_WIDTH bound to: 1 - type: integer 
	Parameter DELAY_CYCLES bound to: 10 - type: integer 
INFO: [Synth 8-6155] done synthesizing module 'shift_register_delay__parameterized20' (0#1) [D:/E/1subject/HK6/doan1/ver1/matmul/matmul.srcs/sources_1/new/shift_register_delay.v:22]
INFO: [Synth 8-6157] synthesizing module 'shift_register_delay__parameterized21' [D:/E/1subject/HK6/doan1/ver1/matmul/matmul.srcs/sources_1/new/shift_register_delay.v:22]
	Parameter DATA_WIDTH bound to: 8 - type: integer 
	Parameter DELAY_CYCLES bound to: 11 - type: integer 
INFO: [Synth 8-6155] done synthesizing module 'shift_register_delay__parameterized21' (0#1) [D:/E/1subject/HK6/doan1/ver1/matmul/matmul.srcs/sources_1/new/shift_register_delay.v:22]
INFO: [Synth 8-6157] synthesizing module 'shift_register_delay__parameterized22' [D:/E/1subject/HK6/doan1/ver1/matmul/matmul.srcs/sources_1/new/shift_register_delay.v:22]
	Parameter DATA_WIDTH bound to: 1 - type: integer 
	Parameter DELAY_CYCLES bound to: 11 - type: integer 
INFO: [Synth 8-6155] done synthesizing module 'shift_register_delay__parameterized22' (0#1) [D:/E/1subject/HK6/doan1/ver1/matmul/matmul.srcs/sources_1/new/shift_register_delay.v:22]
INFO: [Synth 8-6157] synthesizing module 'shift_register_delay__parameterized23' [D:/E/1subject/HK6/doan1/ver1/matmul/matmul.srcs/sources_1/new/shift_register_delay.v:22]
	Parameter DATA_WIDTH bound to: 8 - type: integer 
	Parameter DELAY_CYCLES bound to: 12 - type: integer 
INFO: [Synth 8-6155] done synthesizing module 'shift_register_delay__parameterized23' (0#1) [D:/E/1subject/HK6/doan1/ver1/matmul/matmul.srcs/sources_1/new/shift_register_delay.v:22]
INFO: [Synth 8-6157] synthesizing module 'shift_register_delay__parameterized24' [D:/E/1subject/HK6/doan1/ver1/matmul/matmul.srcs/sources_1/new/shift_register_delay.v:22]
	Parameter DATA_WIDTH bound to: 1 - type: integer 
	Parameter DELAY_CYCLES bound to: 12 - type: integer 
INFO: [Synth 8-6155] done synthesizing module 'shift_register_delay__parameterized24' (0#1) [D:/E/1subject/HK6/doan1/ver1/matmul/matmul.srcs/sources_1/new/shift_register_delay.v:22]
INFO: [Synth 8-6157] synthesizing module 'shift_register_delay__parameterized25' [D:/E/1subject/HK6/doan1/ver1/matmul/matmul.srcs/sources_1/new/shift_register_delay.v:22]
	Parameter DATA_WIDTH bound to: 8 - type: integer 
	Parameter DELAY_CYCLES bound to: 13 - type: integer 
INFO: [Synth 8-6155] done synthesizing module 'shift_register_delay__parameterized25' (0#1) [D:/E/1subject/HK6/doan1/ver1/matmul/matmul.srcs/sources_1/new/shift_register_delay.v:22]
INFO: [Synth 8-6157] synthesizing module 'shift_register_delay__parameterized26' [D:/E/1subject/HK6/doan1/ver1/matmul/matmul.srcs/sources_1/new/shift_register_delay.v:22]
	Parameter DATA_WIDTH bound to: 1 - type: integer 
	Parameter DELAY_CYCLES bound to: 13 - type: integer 
INFO: [Synth 8-6155] done synthesizing module 'shift_register_delay__parameterized26' (0#1) [D:/E/1subject/HK6/doan1/ver1/matmul/matmul.srcs/sources_1/new/shift_register_delay.v:22]
INFO: [Synth 8-6157] synthesizing module 'shift_register_delay__parameterized27' [D:/E/1subject/HK6/doan1/ver1/matmul/matmul.srcs/sources_1/new/shift_register_delay.v:22]
	Parameter DATA_WIDTH bound to: 8 - type: integer 
	Parameter DELAY_CYCLES bound to: 14 - type: integer 
INFO: [Synth 8-6155] done synthesizing module 'shift_register_delay__parameterized27' (0#1) [D:/E/1subject/HK6/doan1/ver1/matmul/matmul.srcs/sources_1/new/shift_register_delay.v:22]
INFO: [Synth 8-6157] synthesizing module 'shift_register_delay__parameterized28' [D:/E/1subject/HK6/doan1/ver1/matmul/matmul.srcs/sources_1/new/shift_register_delay.v:22]
	Parameter DATA_WIDTH bound to: 1 - type: integer 
	Parameter DELAY_CYCLES bound to: 14 - type: integer 
INFO: [Synth 8-6155] done synthesizing module 'shift_register_delay__parameterized28' (0#1) [D:/E/1subject/HK6/doan1/ver1/matmul/matmul.srcs/sources_1/new/shift_register_delay.v:22]
INFO: [Synth 8-6157] synthesizing module 'shift_register_delay__parameterized29' [D:/E/1subject/HK6/doan1/ver1/matmul/matmul.srcs/sources_1/new/shift_register_delay.v:22]
	Parameter DATA_WIDTH bound to: 8 - type: integer 
	Parameter DELAY_CYCLES bound to: 15 - type: integer 
INFO: [Synth 8-6155] done synthesizing module 'shift_register_delay__parameterized29' (0#1) [D:/E/1subject/HK6/doan1/ver1/matmul/matmul.srcs/sources_1/new/shift_register_delay.v:22]
INFO: [Synth 8-6157] synthesizing module 'shift_register_delay__parameterized30' [D:/E/1subject/HK6/doan1/ver1/matmul/matmul.srcs/sources_1/new/shift_register_delay.v:22]
	Parameter DATA_WIDTH bound to: 1 - type: integer 
	Parameter DELAY_CYCLES bound to: 15 - type: integer 
INFO: [Synth 8-6155] done synthesizing module 'shift_register_delay__parameterized30' (0#1) [D:/E/1subject/HK6/doan1/ver1/matmul/matmul.srcs/sources_1/new/shift_register_delay.v:22]
INFO: [Synth 8-6155] done synthesizing module 'skew_network' (0#1) [D:/E/1subject/HK6/doan1/ver1/matmul/matmul.srcs/sources_1/new/skew_network.v:22]
INFO: [Synth 8-6157] synthesizing module 'systolic_array' [D:/E/1subject/HK6/doan1/ver1/matmul/matmul.srcs/sources_1/new/systolic_array.v:23]
	Parameter ARRAY_SIZE bound to: 16 - type: integer 
INFO: [Synth 8-6157] synthesizing module 'pe_wrapper' [D:/E/1subject/HK6/doan1/ver1/matmul/matmul.srcs/sources_1/imports/sources_1/imports/new/pe_wrapper.v:22]
INFO: [Synth 8-6157] synthesizing module 'mac_core' [D:/E/1subject/HK6/doan1/ver1/matmul/matmul.srcs/sources_1/imports/sources_1/imports/new/mac_core.v:15]
INFO: [Synth 8-6155] done synthesizing module 'mac_core' (0#1) [D:/E/1subject/HK6/doan1/ver1/matmul/matmul.srcs/sources_1/imports/sources_1/imports/new/mac_core.v:15]
INFO: [Synth 8-6155] done synthesizing module 'pe_wrapper' (0#1) [D:/E/1subject/HK6/doan1/ver1/matmul/matmul.srcs/sources_1/imports/sources_1/imports/new/pe_wrapper.v:22]
INFO: [Synth 8-6155] done synthesizing module 'systolic_array' (0#1) [D:/E/1subject/HK6/doan1/ver1/matmul/matmul.srcs/sources_1/new/systolic_array.v:23]
INFO: [Synth 8-6157] synthesizing module 'output_serializer' [D:/E/1subject/HK6/doan1/ver1/matmul/matmul.srcs/sources_1/new/output_serializer.v:21]
	Parameter N bound to: 16 - type: integer 
INFO: [Synth 8-155] case statement is not full and has no default [D:/E/1subject/HK6/doan1/ver1/matmul/matmul.srcs/sources_1/new/output_serializer.v:56]
INFO: [Synth 8-6155] done synthesizing module 'output_serializer' (0#1) [D:/E/1subject/HK6/doan1/ver1/matmul/matmul.srcs/sources_1/new/output_serializer.v:21]
INFO: [Synth 8-6157] synthesizing module 'fifo_512_to_128' [D:/E/1subject/HK6/doan1/ver1/matmul/matmul.runs/gemm_block_v1_gemm_accelerator_0_0_synth_1/.Xil/Vivado-18480-ZUYYYY/realtime/fifo_512_to_128_stub.v:6]
INFO: [Synth 8-6155] done synthesizing module 'fifo_512_to_128' (0#1) [D:/E/1subject/HK6/doan1/ver1/matmul/matmul.runs/gemm_block_v1_gemm_accelerator_0_0_synth_1/.Xil/Vivado-18480-ZUYYYY/realtime/fifo_512_to_128_stub.v:6]
WARNING: [Synth 8-7071] port 'wr_rst_busy' of module 'fifo_512_to_128' is unconnected for instance 'fifo_C_inst' [D:/E/1subject/HK6/doan1/ver1/matmul/matmul.srcs/sources_1/new/gemm_accelerator.v:166]
WARNING: [Synth 8-7071] port 'rd_rst_busy' of module 'fifo_512_to_128' is unconnected for instance 'fifo_C_inst' [D:/E/1subject/HK6/doan1/ver1/matmul/matmul.srcs/sources_1/new/gemm_accelerator.v:166]
WARNING: [Synth 8-7023] instance 'fifo_C_inst' of module 'fifo_512_to_128' has 10 connections declared, but only 8 given [D:/E/1subject/HK6/doan1/ver1/matmul/matmul.srcs/sources_1/new/gemm_accelerator.v:166]
INFO: [Synth 8-6155] done synthesizing module 'gemm_accelerator' (0#1) [D:/E/1subject/HK6/doan1/ver1/matmul/matmul.srcs/sources_1/new/gemm_accelerator.v:22]
INFO: [Synth 8-6155] done synthesizing module 'gemm_block_v1_gemm_accelerator_0_0' (0#1) [d:/E/1subject/HK6/doan1/ver1/matmul/matmul.gen/sources_1/bd/gemm_block_v1/ip/gemm_block_v1_gemm_accelerator_0_0/synth/gemm_block_v1_gemm_accelerator_0_0.v:53]
WARNING: [Synth 8-6014] Unused sequential element c_reg3_reg was removed.  [D:/E/1subject/HK6/doan1/ver1/matmul/matmul.srcs/sources_1/imports/sources_1/imports/new/mac_core.v:50]
INFO: [Synth 8-7129] Port rst_n in module shift_register_delay__parameterized30 is either unconnected or has no load
INFO: [Synth 8-7129] Port rst_n in module shift_register_delay__parameterized29 is either unconnected or has no load
INFO: [Synth 8-7129] Port rst_n in module shift_register_delay__parameterized28 is either unconnected or has no load
INFO: [Synth 8-7129] Port rst_n in module shift_register_delay__parameterized27 is either unconnected or has no load
INFO: [Synth 8-7129] Port rst_n in module shift_register_delay__parameterized26 is either unconnected or has no load
INFO: [Synth 8-7129] Port rst_n in module shift_register_delay__parameterized25 is either unconnected or has no load
INFO: [Synth 8-7129] Port rst_n in module shift_register_delay__parameterized24 is either unconnected or has no load
INFO: [Synth 8-7129] Port rst_n in module shift_register_delay__parameterized23 is either unconnected or has no load
INFO: [Synth 8-7129] Port rst_n in module shift_register_delay__parameterized22 is either unconnected or has no load
INFO: [Synth 8-7129] Port rst_n in module shift_register_delay__parameterized21 is either unconnected or has no load
INFO: [Synth 8-7129] Port rst_n in module shift_register_delay__parameterized20 is either unconnected or has no load
INFO: [Synth 8-7129] Port rst_n in module shift_register_delay__parameterized19 is either unconnected or has no load
INFO: [Synth 8-7129] Port rst_n in module shift_register_delay__parameterized18 is either unconnected or has no load
INFO: [Synth 8-7129] Port rst_n in module shift_register_delay__parameterized17 is either unconnected or has no load
INFO: [Synth 8-7129] Port rst_n in module shift_register_delay__parameterized16 is either unconnected or has no load
INFO: [Synth 8-7129] Port rst_n in module shift_register_delay__parameterized15 is either unconnected or has no load
INFO: [Synth 8-7129] Port rst_n in module shift_register_delay__parameterized14 is either unconnected or has no load
INFO: [Synth 8-7129] Port rst_n in module shift_register_delay__parameterized13 is either unconnected or has no load
INFO: [Synth 8-7129] Port rst_n in module shift_register_delay__parameterized12 is either unconnected or has no load
INFO: [Synth 8-7129] Port rst_n in module shift_register_delay__parameterized11 is either unconnected or has no load
INFO: [Synth 8-7129] Port rst_n in module shift_register_delay__parameterized10 is either unconnected or has no load
INFO: [Synth 8-7129] Port rst_n in module shift_register_delay__parameterized9 is either unconnected or has no load
INFO: [Synth 8-7129] Port rst_n in module shift_register_delay__parameterized8 is either unconnected or has no load
INFO: [Synth 8-7129] Port rst_n in module shift_register_delay__parameterized7 is either unconnected or has no load
INFO: [Synth 8-7129] Port rst_n in module shift_register_delay__parameterized6 is either unconnected or has no load
INFO: [Synth 8-7129] Port rst_n in module shift_register_delay__parameterized5 is either unconnected or has no load
INFO: [Synth 8-7129] Port rst_n in module shift_register_delay__parameterized4 is either unconnected or has no load
INFO: [Synth 8-7129] Port rst_n in module shift_register_delay__parameterized3 is either unconnected or has no load
INFO: [Synth 8-7129] Port rst_n in module shift_register_delay__parameterized2 is either unconnected or has no load
INFO: [Synth 8-7129] Port rst_n in module shift_register_delay__parameterized1 is either unconnected or has no load
INFO: [Synth 8-7129] Port clk in module shift_register_delay__parameterized0 is either unconnected or has no load
INFO: [Synth 8-7129] Port rst_n in module shift_register_delay__parameterized0 is either unconnected or has no load
INFO: [Synth 8-7129] Port clk in module shift_register_delay is either unconnected or has no load
INFO: [Synth 8-7129] Port rst_n in module shift_register_delay is either unconnected or has no load
---------------------------------------------------------------------------------
Finished RTL Elaboration : Time (s): cpu = 00:00:06 ; elapsed = 00:00:06 . Memory (MB): peak = 2004.535 ; gain = 368.965
---------------------------------------------------------------------------------
---------------------------------------------------------------------------------
Start Handling Custom Attributes
---------------------------------------------------------------------------------
---------------------------------------------------------------------------------
Finished Handling Custom Attributes : Time (s): cpu = 00:00:06 ; elapsed = 00:00:06 . Memory (MB): peak = 2004.535 ; gain = 368.965
---------------------------------------------------------------------------------
---------------------------------------------------------------------------------
Finished RTL Optimization Phase 1 : Time (s): cpu = 00:00:06 ; elapsed = 00:00:06 . Memory (MB): peak = 2004.535 ; gain = 368.965
---------------------------------------------------------------------------------
Netlist sorting complete. Time (s): cpu = 00:00:01 ; elapsed = 00:00:00.635 . Memory (MB): peak = 2004.535 ; gain = 0.000
INFO: [Project 1-570] Preparing netlist for logic optimization

Processing XDC Constraints
Initializing timing engine
Parsing XDC File [d:/E/1subject/HK6/doan1/ver1/matmul/matmul.gen/sources_1/ip/fifo_512_to_128/fifo_512_to_128/fifo_512_to_128_in_context.xdc] for cell 'inst/fifo_C_inst'
Finished Parsing XDC File [d:/E/1subject/HK6/doan1/ver1/matmul/matmul.gen/sources_1/ip/fifo_512_to_128/fifo_512_to_128/fifo_512_to_128_in_context.xdc] for cell 'inst/fifo_C_inst'
Parsing XDC File [d:/E/1subject/HK6/doan1/ver1/matmul/matmul.gen/sources_1/bd/gemm_block_v1/ip/gemm_block_v1_gemm_accelerator_0_0/gemm_block_v1_gemm_accelerator_0_0_ooc.xdc] for cell 'inst'
Finished Parsing XDC File [d:/E/1subject/HK6/doan1/ver1/matmul/matmul.gen/sources_1/bd/gemm_block_v1/ip/gemm_block_v1_gemm_accelerator_0_0/gemm_block_v1_gemm_accelerator_0_0_ooc.xdc] for cell 'inst'
Parsing XDC File [D:/E/1subject/HK6/doan1/ver1/matmul/matmul.runs/gemm_block_v1_gemm_accelerator_0_0_synth_1/dont_touch.xdc]
Finished Parsing XDC File [D:/E/1subject/HK6/doan1/ver1/matmul/matmul.runs/gemm_block_v1_gemm_accelerator_0_0_synth_1/dont_touch.xdc]
Completed Processing XDC Constraints

Netlist sorting complete. Time (s): cpu = 00:00:00 ; elapsed = 00:00:00.016 . Memory (MB): peak = 2101.188 ; gain = 0.000
INFO: [Project 1-111] Unisim Transformation Summary:
No Unisim elements were transformed.

Constraint Validation Runtime : Time (s): cpu = 00:00:00 ; elapsed = 00:00:00.568 . Memory (MB): peak = 2101.188 ; gain = 0.000
INFO: [Designutils 20-5008] Incremental synthesis strategy off
---------------------------------------------------------------------------------
Finished Constraint Validation : Time (s): cpu = 00:00:21 ; elapsed = 00:00:22 . Memory (MB): peak = 2101.188 ; gain = 465.617
---------------------------------------------------------------------------------
---------------------------------------------------------------------------------
Start Loading Part and Timing Information
---------------------------------------------------------------------------------
Loading part: xck26-sfvc784-2LV-c
INFO: [Synth 8-6742] Reading net delay rules and data
---------------------------------------------------------------------------------
Finished Loading Part and Timing Information : Time (s): cpu = 00:00:21 ; elapsed = 00:00:22 . Memory (MB): peak = 2101.188 ; gain = 465.617
---------------------------------------------------------------------------------
---------------------------------------------------------------------------------
Start Applying 'set_property' XDC Constraints
---------------------------------------------------------------------------------
---------------------------------------------------------------------------------
Finished applying 'set_property' XDC Constraints : Time (s): cpu = 00:00:21 ; elapsed = 00:00:22 . Memory (MB): peak = 2101.188 ; gain = 465.617
---------------------------------------------------------------------------------
INFO: [Synth 8-802] inferred FSM for state register 'state_reg' in module 'systolic_dataflow_ctrl'
INFO: [Synth 8-802] inferred FSM for state register 'state_reg' in module 'output_serializer'
---------------------------------------------------------------------------------------------------
                   State |                     New Encoding |                Previous Encoding 
---------------------------------------------------------------------------------------------------
                    IDLE |                              001 |                               00
                     RUN |                              010 |                               01
               WAIT_FLIP |                              100 |                               10
---------------------------------------------------------------------------------------------------
INFO: [Synth 8-3354] encoded FSM with state register 'state_reg' using encoding 'one-hot' in module 'systolic_dataflow_ctrl'
---------------------------------------------------------------------------------------------------
                   State |                     New Encoding |                Previous Encoding 
---------------------------------------------------------------------------------------------------
                    IDLE |                            00001 |                              000
               LATCH_ROW |                            00010 |                              001
              WRITE_FIFO |                            00100 |                              010
               SHIFT_ROW |                            01000 |                              011
               WAIT_DROP |                            10000 |                              100
---------------------------------------------------------------------------------------------------
INFO: [Synth 8-3354] encoded FSM with state register 'state_reg' using encoding 'one-hot' in module 'output_serializer'
---------------------------------------------------------------------------------
Finished RTL Optimization Phase 2 : Time (s): cpu = 00:00:22 ; elapsed = 00:00:22 . Memory (MB): peak = 2101.188 ; gain = 465.617
---------------------------------------------------------------------------------
---------------------------------------------------------------------------------
Start RTL Component Statistics 
---------------------------------------------------------------------------------
Detailed RTL Component Info : 
+---Adders : 
	   2 Input   32 Bit       Adders := 4     
	   2 Input   10 Bit       Adders := 3     
	   2 Input    7 Bit       Adders := 1     
	   2 Input    5 Bit       Adders := 1     
+---Registers : 
	              512 Bit    Registers := 1     
	              128 Bit    Registers := 2     
	               64 Bit    Registers := 8     
	               32 Bit    Registers := 513   
	               10 Bit    Registers := 3     
	                8 Bit    Registers := 1008  
	                7 Bit    Registers := 1     
	                5 Bit    Registers := 1     
	                1 Bit    Registers := 3451  
+---RAMs : 
	              64K Bit	(1024 X 64 bit)          RAMs := 8     
+---Muxes : 
	   2 Input  128 Bit        Muxes := 2     
	   3 Input   32 Bit        Muxes := 1     
	   2 Input   32 Bit        Muxes := 256   
	   3 Input   10 Bit        Muxes := 1     
	   5 Input    5 Bit        Muxes := 2     
	   2 Input    5 Bit        Muxes := 1     
	   2 Input    1 Bit        Muxes := 277   
	   3 Input    1 Bit        Muxes := 3     
	   5 Input    1 Bit        Muxes := 4     
---------------------------------------------------------------------------------
Finished RTL Component Statistics 
---------------------------------------------------------------------------------
---------------------------------------------------------------------------------
Start Part Resource Summary
---------------------------------------------------------------------------------
Part Resources:
DSPs: 1248 (col length:96)
BRAMs: 288 (col length: RAMB18 96 RAMB36 48)
---------------------------------------------------------------------------------
Finished Part Resource Summary
---------------------------------------------------------------------------------
---------------------------------------------------------------------------------
Start Cross Boundary and Area Optimization
---------------------------------------------------------------------------------
DSP Report: Generating DSP p_reg_reg, operation Mode is: (0 or P)+(A2*B2)'.
DSP Report: register b_reg_reg is absorbed into DSP p_reg_reg.
DSP Report: register a_reg_reg is absorbed into DSP p_reg_reg.
DSP Report: register p_reg_reg is absorbed into DSP p_reg_reg.
DSP Report: register m_reg_reg is absorbed into DSP p_reg_reg.
DSP Report: operator p_reg0 is absorbed into DSP p_reg_reg.
DSP Report: operator m_reg0 is absorbed into DSP p_reg_reg.
DSP Report: Generating DSP p_reg_reg, operation Mode is: (0 or P)+(A2*B2)'.
DSP Report: register b_reg_reg is absorbed into DSP p_reg_reg.
DSP Report: register a_reg_reg is absorbed into DSP p_reg_reg.
DSP Report: register p_reg_reg is absorbed into DSP p_reg_reg.
DSP Report: register m_reg_reg is absorbed into DSP p_reg_reg.
DSP Report: operator p_reg0 is absorbed into DSP p_reg_reg.
DSP Report: operator m_reg0 is absorbed into DSP p_reg_reg.
DSP Report: Generating DSP p_reg_reg, operation Mode is: (0 or P)+(A2*B2)'.
DSP Report: register b_reg_reg is absorbed into DSP p_reg_reg.
DSP Report: register a_reg_reg is absorbed into DSP p_reg_reg.
DSP Report: register p_reg_reg is absorbed into DSP p_reg_reg.
DSP Report: register m_reg_reg is absorbed into DSP p_reg_reg.
DSP Report: operator p_reg0 is absorbed into DSP p_reg_reg.
DSP Report: operator m_reg0 is absorbed into DSP p_reg_reg.
DSP Report: Generating DSP p_reg_reg, operation Mode is: (0 or P)+(A2*B2)'.
DSP Report: register b_reg_reg is absorbed into DSP p_reg_reg.
DSP Report: register a_reg_reg is absorbed into DSP p_reg_reg.
DSP Report: register p_reg_reg is absorbed into DSP p_reg_reg.
DSP Report: register m_reg_reg is absorbed into DSP p_reg_reg.
DSP Report: operator p_reg0 is absorbed into DSP p_reg_reg.
DSP Report: operator m_reg0 is absorbed into DSP p_reg_reg.
DSP Report: Generating DSP p_reg_reg, operation Mode is: (0 or P)+(A2*B2)'.
DSP Report: register b_reg_reg is absorbed into DSP p_reg_reg.
DSP Report: register a_reg_reg is absorbed into DSP p_reg_reg.
DSP Report: register p_reg_reg is absorbed into DSP p_reg_reg.
DSP Report: register m_reg_reg is absorbed into DSP p_reg_reg.
DSP Report: operator p_reg0 is absorbed into DSP p_reg_reg.
DSP Report: operator m_reg0 is absorbed into DSP p_reg_reg.
DSP Report: Generating DSP p_reg_reg, operation Mode is: (0 or P)+(A2*B2)'.
DSP Report: register b_reg_reg is absorbed into DSP p_reg_reg.
DSP Report: register a_reg_reg is absorbed into DSP p_reg_reg.
DSP Report: register p_reg_reg is absorbed into DSP p_reg_reg.
DSP Report: register m_reg_reg is absorbed into DSP p_reg_reg.
DSP Report: operator p_reg0 is absorbed into DSP p_reg_reg.
DSP Report: operator m_reg0 is absorbed into DSP p_reg_reg.
DSP Report: Generating DSP p_reg_reg, operation Mode is: (0 or P)+(A2*B2)'.
DSP Report: register b_reg_reg is absorbed into DSP p_reg_reg.
DSP Report: register a_reg_reg is absorbed into DSP p_reg_reg.
DSP Report: register p_reg_reg is absorbed into DSP p_reg_reg.
DSP Report: register m_reg_reg is absorbed into DSP p_reg_reg.
DSP Report: operator p_reg0 is absorbed into DSP p_reg_reg.
DSP Report: operator m_reg0 is absorbed into DSP p_reg_reg.
DSP Report: Generating DSP p_reg_reg, operation Mode is: (0 or P)+(A2*B2)'.
DSP Report: register b_reg_reg is absorbed into DSP p_reg_reg.
DSP Report: register a_reg_reg is absorbed into DSP p_reg_reg.
DSP Report: register p_reg_reg is absorbed into DSP p_reg_reg.
DSP Report: register m_reg_reg is absorbed into DSP p_reg_reg.
DSP Report: operator p_reg0 is absorbed into DSP p_reg_reg.
DSP Report: operator m_reg0 is absorbed into DSP p_reg_reg.
DSP Report: Generating DSP p_reg_reg, operation Mode is: (0 or P)+(A2*B2)'.
DSP Report: register b_reg_reg is absorbed into DSP p_reg_reg.
DSP Report: register a_reg_reg is absorbed into DSP p_reg_reg.
DSP Report: register p_reg_reg is absorbed into DSP p_reg_reg.
DSP Report: register m_reg_reg is absorbed into DSP p_reg_reg.
DSP Report: operator p_reg0 is absorbed into DSP p_reg_reg.
DSP Report: operator m_reg0 is absorbed into DSP p_reg_reg.
DSP Report: Generating DSP p_reg_reg, operation Mode is: (0 or P)+(A2*B2)'.
DSP Report: register b_reg_reg is absorbed into DSP p_reg_reg.
DSP Report: register a_reg_reg is absorbed into DSP p_reg_reg.
DSP Report: register p_reg_reg is absorbed into DSP p_reg_reg.
DSP Report: register m_reg_reg is absorbed into DSP p_reg_reg.
DSP Report: operator p_reg0 is absorbed into DSP p_reg_reg.
DSP Report: operator m_reg0 is absorbed into DSP p_reg_reg.
DSP Report: Generating DSP p_reg_reg, operation Mode is: (0 or P)+(A2*B2)'.
DSP Report: register b_reg_reg is absorbed into DSP p_reg_reg.
DSP Report: register a_reg_reg is absorbed into DSP p_reg_reg.
DSP Report: register p_reg_reg is absorbed into DSP p_reg_reg.
DSP Report: register m_reg_reg is absorbed into DSP p_reg_reg.
DSP Report: operator p_reg0 is absorbed into DSP p_reg_reg.
DSP Report: operator m_reg0 is absorbed into DSP p_reg_reg.
DSP Report: Generating DSP p_reg_reg, operation Mode is: (0 or P)+(A2*B2)'.
DSP Report: register b_reg_reg is absorbed into DSP p_reg_reg.
DSP Report: register a_reg_reg is absorbed into DSP p_reg_reg.
DSP Report: register p_reg_reg is absorbed into DSP p_reg_reg.
DSP Report: register m_reg_reg is absorbed into DSP p_reg_reg.
DSP Report: operator p_reg0 is absorbed into DSP p_reg_reg.
DSP Report: operator m_reg0 is absorbed into DSP p_reg_reg.
DSP Report: Generating DSP p_reg_reg, operation Mode is: (0 or P)+(A2*B2)'.
DSP Report: register b_reg_reg is absorbed into DSP p_reg_reg.
DSP Report: register a_reg_reg is absorbed into DSP p_reg_reg.
DSP Report: register p_reg_reg is absorbed into DSP p_reg_reg.
DSP Report: register m_reg_reg is absorbed into DSP p_reg_reg.
DSP Report: operator p_reg0 is absorbed into DSP p_reg_reg.
DSP Report: operator m_reg0 is absorbed into DSP p_reg_reg.
DSP Report: Generating DSP p_reg_reg, operation Mode is: (0 or P)+(A2*B2)'.
DSP Report: register b_reg_reg is absorbed into DSP p_reg_reg.
DSP Report: register a_reg_reg is absorbed into DSP p_reg_reg.
DSP Report: register p_reg_reg is absorbed into DSP p_reg_reg.
DSP Report: register m_reg_reg is absorbed into DSP p_reg_reg.
DSP Report: operator p_reg0 is absorbed into DSP p_reg_reg.
DSP Report: operator m_reg0 is absorbed into DSP p_reg_reg.
DSP Report: Generating DSP p_reg_reg, operation Mode is: (0 or P)+(A2*B2)'.
DSP Report: register b_reg_reg is absorbed into DSP p_reg_reg.
DSP Report: register a_reg_reg is absorbed into DSP p_reg_reg.
DSP Report: register p_reg_reg is absorbed into DSP p_reg_reg.
DSP Report: register m_reg_reg is absorbed into DSP p_reg_reg.
DSP Report: operator p_reg0 is absorbed into DSP p_reg_reg.
DSP Report: operator m_reg0 is absorbed into DSP p_reg_reg.
DSP Report: Generating DSP p_reg_reg, operation Mode is: (0 or P)+(A2*B2)'.
DSP Report: register b_reg_reg is absorbed into DSP p_reg_reg.
DSP Report: register a_reg_reg is absorbed into DSP p_reg_reg.
DSP Report: register p_reg_reg is absorbed into DSP p_reg_reg.
DSP Report: register m_reg_reg is absorbed into DSP p_reg_reg.
DSP Report: operator p_reg0 is absorbed into DSP p_reg_reg.
DSP Report: operator m_reg0 is absorbed into DSP p_reg_reg.
DSP Report: Generating DSP p_reg_reg, operation Mode is: (0 or P)+(A2*B2)'.
DSP Report: register b_reg_reg is absorbed into DSP p_reg_reg.
DSP Report: register a_reg_reg is absorbed into DSP p_reg_reg.
DSP Report: register p_reg_reg is absorbed into DSP p_reg_reg.
DSP Report: register m_reg_reg is absorbed into DSP p_reg_reg.
DSP Report: operator p_reg0 is absorbed into DSP p_reg_reg.
DSP Report: operator m_reg0 is absorbed into DSP p_reg_reg.
DSP Report: Generating DSP p_reg_reg, operation Mode is: (0 or P)+(A2*B2)'.
DSP Report: register b_reg_reg is absorbed into DSP p_reg_reg.
DSP Report: register a_reg_reg is absorbed into DSP p_reg_reg.
DSP Report: register p_reg_reg is absorbed into DSP p_reg_reg.
DSP Report: register m_reg_reg is absorbed into DSP p_reg_reg.
DSP Report: operator p_reg0 is absorbed into DSP p_reg_reg.
DSP Report: operator m_reg0 is absorbed into DSP p_reg_reg.
DSP Report: Generating DSP p_reg_reg, operation Mode is: (0 or P)+(A2*B2)'.
DSP Report: register b_reg_reg is absorbed into DSP p_reg_reg.
DSP Report: register a_reg_reg is absorbed into DSP p_reg_reg.
DSP Report: register p_reg_reg is absorbed into DSP p_reg_reg.
DSP Report: register m_reg_reg is absorbed into DSP p_reg_reg.
DSP Report: operator p_reg0 is absorbed into DSP p_reg_reg.
DSP Report: operator m_reg0 is absorbed into DSP p_reg_reg.
DSP Report: Generating DSP p_reg_reg, operation Mode is: (0 or P)+(A2*B2)'.
DSP Report: register b_reg_reg is absorbed into DSP p_reg_reg.
DSP Report: register a_reg_reg is absorbed into DSP p_reg_reg.
DSP Report: register p_reg_reg is absorbed into DSP p_reg_reg.
DSP Report: register m_reg_reg is absorbed into DSP p_reg_reg.
DSP Report: operator p_reg0 is absorbed into DSP p_reg_reg.
DSP Report: operator m_reg0 is absorbed into DSP p_reg_reg.
DSP Report: Generating DSP p_reg_reg, operation Mode is: (0 or P)+(A2*B2)'.
DSP Report: register b_reg_reg is absorbed into DSP p_reg_reg.
DSP Report: register a_reg_reg is absorbed into DSP p_reg_reg.
DSP Report: register p_reg_reg is absorbed into DSP p_reg_reg.
DSP Report: register m_reg_reg is absorbed into DSP p_reg_reg.
DSP Report: operator p_reg0 is absorbed into DSP p_reg_reg.
DSP Report: operator m_reg0 is absorbed into DSP p_reg_reg.
DSP Report: Generating DSP p_reg_reg, operation Mode is: (0 or P)+(A2*B2)'.
DSP Report: register b_reg_reg is absorbed into DSP p_reg_reg.
DSP Report: register a_reg_reg is absorbed into DSP p_reg_reg.
DSP Report: register p_reg_reg is absorbed into DSP p_reg_reg.
DSP Report: register m_reg_reg is absorbed into DSP p_reg_reg.
DSP Report: operator p_reg0 is absorbed into DSP p_reg_reg.
DSP Report: operator m_reg0 is absorbed into DSP p_reg_reg.
DSP Report: Generating DSP p_reg_reg, operation Mode is: (0 or P)+(A2*B2)'.
DSP Report: register b_reg_reg is absorbed into DSP p_reg_reg.
DSP Report: register a_reg_reg is absorbed into DSP p_reg_reg.
DSP Report: register p_reg_reg is absorbed into DSP p_reg_reg.
DSP Report: register m_reg_reg is absorbed into DSP p_reg_reg.
DSP Report: operator p_reg0 is absorbed into DSP p_reg_reg.
DSP Report: operator m_reg0 is absorbed into DSP p_reg_reg.
DSP Report: Generating DSP p_reg_reg, operation Mode is: (0 or P)+(A2*B2)'.
DSP Report: register b_reg_reg is absorbed into DSP p_reg_reg.
DSP Report: register a_reg_reg is absorbed into DSP p_reg_reg.
DSP Report: register p_reg_reg is absorbed into DSP p_reg_reg.
DSP Report: register m_reg_reg is absorbed into DSP p_reg_reg.
DSP Report: operator p_reg0 is absorbed into DSP p_reg_reg.
DSP Report: operator m_reg0 is absorbed into DSP p_reg_reg.
DSP Report: Generating DSP p_reg_reg, operation Mode is: (0 or P)+(A2*B2)'.
DSP Report: register b_reg_reg is absorbed into DSP p_reg_reg.
DSP Report: register a_reg_reg is absorbed into DSP p_reg_reg.
DSP Report: register p_reg_reg is absorbed into DSP p_reg_reg.
DSP Report: register m_reg_reg is absorbed into DSP p_reg_reg.
DSP Report: operator p_reg0 is absorbed into DSP p_reg_reg.
DSP Report: operator m_reg0 is absorbed into DSP p_reg_reg.
DSP Report: Generating DSP p_reg_reg, operation Mode is: (0 or P)+(A2*B2)'.
DSP Report: register b_reg_reg is absorbed into DSP p_reg_reg.
DSP Report: register a_reg_reg is absorbed into DSP p_reg_reg.
DSP Report: register p_reg_reg is absorbed into DSP p_reg_reg.
DSP Report: register m_reg_reg is absorbed into DSP p_reg_reg.
DSP Report: operator p_reg0 is absorbed into DSP p_reg_reg.
DSP Report: operator m_reg0 is absorbed into DSP p_reg_reg.
DSP Report: Generating DSP p_reg_reg, operation Mode is: (0 or P)+(A2*B2)'.
DSP Report: register b_reg_reg is absorbed into DSP p_reg_reg.
DSP Report: register a_reg_reg is absorbed into DSP p_reg_reg.
DSP Report: register p_reg_reg is absorbed into DSP p_reg_reg.
DSP Report: register m_reg_reg is absorbed into DSP p_reg_reg.
DSP Report: operator p_reg0 is absorbed into DSP p_reg_reg.
DSP Report: operator m_reg0 is absorbed into DSP p_reg_reg.
DSP Report: Generating DSP p_reg_reg, operation Mode is: (0 or P)+(A2*B2)'.
DSP Report: register b_reg_reg is absorbed into DSP p_reg_reg.
DSP Report: register a_reg_reg is absorbed into DSP p_reg_reg.
DSP Report: register p_reg_reg is absorbed into DSP p_reg_reg.
DSP Report: register m_reg_reg is absorbed into DSP p_reg_reg.
DSP Report: operator p_reg0 is absorbed into DSP p_reg_reg.
DSP Report: operator m_reg0 is absorbed into DSP p_reg_reg.
DSP Report: Generating DSP p_reg_reg, operation Mode is: (0 or P)+(A2*B2)'.
DSP Report: register b_reg_reg is absorbed into DSP p_reg_reg.
DSP Report: register a_reg_reg is absorbed into DSP p_reg_reg.
DSP Report: register p_reg_reg is absorbed into DSP p_reg_reg.
DSP Report: register m_reg_reg is absorbed into DSP p_reg_reg.
DSP Report: operator p_reg0 is absorbed into DSP p_reg_reg.
DSP Report: operator m_reg0 is absorbed into DSP p_reg_reg.
DSP Report: Generating DSP p_reg_reg, operation Mode is: (0 or P)+(A2*B2)'.
DSP Report: register b_reg_reg is absorbed into DSP p_reg_reg.
DSP Report: register a_reg_reg is absorbed into DSP p_reg_reg.
DSP Report: register p_reg_reg is absorbed into DSP p_reg_reg.
DSP Report: register m_reg_reg is absorbed into DSP p_reg_reg.
DSP Report: operator p_reg0 is absorbed into DSP p_reg_reg.
DSP Report: operator m_reg0 is absorbed into DSP p_reg_reg.
DSP Report: Generating DSP p_reg_reg, operation Mode is: (0 or P)+(A2*B2)'.
DSP Report: register b_reg_reg is absorbed into DSP p_reg_reg.
DSP Report: register a_reg_reg is absorbed into DSP p_reg_reg.
DSP Report: register p_reg_reg is absorbed into DSP p_reg_reg.
DSP Report: register m_reg_reg is absorbed into DSP p_reg_reg.
DSP Report: operator p_reg0 is absorbed into DSP p_reg_reg.
DSP Report: operator m_reg0 is absorbed into DSP p_reg_reg.
DSP Report: Generating DSP p_reg_reg, operation Mode is: (0 or P)+(A2*B2)'.
DSP Report: register b_reg_reg is absorbed into DSP p_reg_reg.
DSP Report: register a_reg_reg is absorbed into DSP p_reg_reg.
DSP Report: register p_reg_reg is absorbed into DSP p_reg_reg.
DSP Report: register m_reg_reg is absorbed into DSP p_reg_reg.
DSP Report: operator p_reg0 is absorbed into DSP p_reg_reg.
DSP Report: operator m_reg0 is absorbed into DSP p_reg_reg.
DSP Report: Generating DSP p_reg_reg, operation Mode is: (0 or P)+(A2*B2)'.
DSP Report: register b_reg_reg is absorbed into DSP p_reg_reg.
DSP Report: register a_reg_reg is absorbed into DSP p_reg_reg.
DSP Report: register p_reg_reg is absorbed into DSP p_reg_reg.
DSP Report: register m_reg_reg is absorbed into DSP p_reg_reg.
DSP Report: operator p_reg0 is absorbed into DSP p_reg_reg.
DSP Report: operator m_reg0 is absorbed into DSP p_reg_reg.
DSP Report: Generating DSP p_reg_reg, operation Mode is: (0 or P)+(A2*B2)'.
DSP Report: register b_reg_reg is absorbed into DSP p_reg_reg.
DSP Report: register a_reg_reg is absorbed into DSP p_reg_reg.
DSP Report: register p_reg_reg is absorbed into DSP p_reg_reg.
DSP Report: register m_reg_reg is absorbed into DSP p_reg_reg.
DSP Report: operator p_reg0 is absorbed into DSP p_reg_reg.
DSP Report: operator m_reg0 is absorbed into DSP p_reg_reg.
DSP Report: Generating DSP p_reg_reg, operation Mode is: (0 or P)+(A2*B2)'.
DSP Report: register b_reg_reg is absorbed into DSP p_reg_reg.
DSP Report: register a_reg_reg is absorbed into DSP p_reg_reg.
DSP Report: register p_reg_reg is absorbed into DSP p_reg_reg.
DSP Report: register m_reg_reg is absorbed into DSP p_reg_reg.
DSP Report: operator p_reg0 is absorbed into DSP p_reg_reg.
DSP Report: operator m_reg0 is absorbed into DSP p_reg_reg.
DSP Report: Generating DSP p_reg_reg, operation Mode is: (0 or P)+(A2*B2)'.
DSP Report: register b_reg_reg is absorbed into DSP p_reg_reg.
DSP Report: register a_reg_reg is absorbed into DSP p_reg_reg.
DSP Report: register p_reg_reg is absorbed into DSP p_reg_reg.
DSP Report: register m_reg_reg is absorbed into DSP p_reg_reg.
DSP Report: operator p_reg0 is absorbed into DSP p_reg_reg.
DSP Report: operator m_reg0 is absorbed into DSP p_reg_reg.
DSP Report: Generating DSP p_reg_reg, operation Mode is: (0 or P)+(A2*B2)'.
DSP Report: register b_reg_reg is absorbed into DSP p_reg_reg.
DSP Report: register a_reg_reg is absorbed into DSP p_reg_reg.
DSP Report: register p_reg_reg is absorbed into DSP p_reg_reg.
DSP Report: register m_reg_reg is absorbed into DSP p_reg_reg.
DSP Report: operator p_reg0 is absorbed into DSP p_reg_reg.
DSP Report: operator m_reg0 is absorbed into DSP p_reg_reg.
DSP Report: Generating DSP p_reg_reg, operation Mode is: (0 or P)+(A2*B2)'.
DSP Report: register b_reg_reg is absorbed into DSP p_reg_reg.
DSP Report: register a_reg_reg is absorbed into DSP p_reg_reg.
DSP Report: register p_reg_reg is absorbed into DSP p_reg_reg.
DSP Report: register m_reg_reg is absorbed into DSP p_reg_reg.
DSP Report: operator p_reg0 is absorbed into DSP p_reg_reg.
DSP Report: operator m_reg0 is absorbed into DSP p_reg_reg.
DSP Report: Generating DSP p_reg_reg, operation Mode is: (0 or P)+(A2*B2)'.
DSP Report: register b_reg_reg is absorbed into DSP p_reg_reg.
DSP Report: register a_reg_reg is absorbed into DSP p_reg_reg.
DSP Report: register p_reg_reg is absorbed into DSP p_reg_reg.
DSP Report: register m_reg_reg is absorbed into DSP p_reg_reg.
DSP Report: operator p_reg0 is absorbed into DSP p_reg_reg.
DSP Report: operator m_reg0 is absorbed into DSP p_reg_reg.
DSP Report: Generating DSP p_reg_reg, operation Mode is: (0 or P)+(A2*B2)'.
DSP Report: register b_reg_reg is absorbed into DSP p_reg_reg.
DSP Report: register a_reg_reg is absorbed into DSP p_reg_reg.
DSP Report: register p_reg_reg is absorbed into DSP p_reg_reg.
DSP Report: register m_reg_reg is absorbed into DSP p_reg_reg.
DSP Report: operator p_reg0 is absorbed into DSP p_reg_reg.
DSP Report: operator m_reg0 is absorbed into DSP p_reg_reg.
DSP Report: Generating DSP p_reg_reg, operation Mode is: (0 or P)+(A2*B2)'.
DSP Report: register b_reg_reg is absorbed into DSP p_reg_reg.
DSP Report: register a_reg_reg is absorbed into DSP p_reg_reg.
DSP Report: register p_reg_reg is absorbed into DSP p_reg_reg.
DSP Report: register m_reg_reg is absorbed into DSP p_reg_reg.
DSP Report: operator p_reg0 is absorbed into DSP p_reg_reg.
DSP Report: operator m_reg0 is absorbed into DSP p_reg_reg.
DSP Report: Generating DSP p_reg_reg, operation Mode is: (0 or P)+(A2*B2)'.
DSP Report: register b_reg_reg is absorbed into DSP p_reg_reg.
DSP Report: register a_reg_reg is absorbed into DSP p_reg_reg.
DSP Report: register p_reg_reg is absorbed into DSP p_reg_reg.
DSP Report: register m_reg_reg is absorbed into DSP p_reg_reg.
DSP Report: operator p_reg0 is absorbed into DSP p_reg_reg.
DSP Report: operator m_reg0 is absorbed into DSP p_reg_reg.
DSP Report: Generating DSP p_reg_reg, operation Mode is: (0 or P)+(A2*B2)'.
DSP Report: register b_reg_reg is absorbed into DSP p_reg_reg.
DSP Report: register a_reg_reg is absorbed into DSP p_reg_reg.
DSP Report: register p_reg_reg is absorbed into DSP p_reg_reg.
DSP Report: register m_reg_reg is absorbed into DSP p_reg_reg.
DSP Report: operator p_reg0 is absorbed into DSP p_reg_reg.
DSP Report: operator m_reg0 is absorbed into DSP p_reg_reg.
DSP Report: Generating DSP p_reg_reg, operation Mode is: (0 or P)+(A2*B2)'.
DSP Report: register b_reg_reg is absorbed into DSP p_reg_reg.
DSP Report: register a_reg_reg is absorbed into DSP p_reg_reg.
DSP Report: register p_reg_reg is absorbed into DSP p_reg_reg.
DSP Report: register m_reg_reg is absorbed into DSP p_reg_reg.
DSP Report: operator p_reg0 is absorbed into DSP p_reg_reg.
DSP Report: operator m_reg0 is absorbed into DSP p_reg_reg.
DSP Report: Generating DSP p_reg_reg, operation Mode is: (0 or P)+(A2*B2)'.
DSP Report: register b_reg_reg is absorbed into DSP p_reg_reg.
DSP Report: register a_reg_reg is absorbed into DSP p_reg_reg.
DSP Report: register p_reg_reg is absorbed into DSP p_reg_reg.
DSP Report: register m_reg_reg is absorbed into DSP p_reg_reg.
DSP Report: operator p_reg0 is absorbed into DSP p_reg_reg.
DSP Report: operator m_reg0 is absorbed into DSP p_reg_reg.
DSP Report: Generating DSP p_reg_reg, operation Mode is: (0 or P)+(A2*B2)'.
DSP Report: register b_reg_reg is absorbed into DSP p_reg_reg.
DSP Report: register a_reg_reg is absorbed into DSP p_reg_reg.
DSP Report: register p_reg_reg is absorbed into DSP p_reg_reg.
DSP Report: register m_reg_reg is absorbed into DSP p_reg_reg.
DSP Report: operator p_reg0 is absorbed into DSP p_reg_reg.
DSP Report: operator m_reg0 is absorbed into DSP p_reg_reg.
DSP Report: Generating DSP p_reg_reg, operation Mode is: (0 or P)+(A2*B2)'.
DSP Report: register b_reg_reg is absorbed into DSP p_reg_reg.
DSP Report: register a_reg_reg is absorbed into DSP p_reg_reg.
DSP Report: register p_reg_reg is absorbed into DSP p_reg_reg.
DSP Report: register m_reg_reg is absorbed into DSP p_reg_reg.
DSP Report: operator p_reg0 is absorbed into DSP p_reg_reg.
DSP Report: operator m_reg0 is absorbed into DSP p_reg_reg.
DSP Report: Generating DSP p_reg_reg, operation Mode is: (0 or P)+(A2*B2)'.
DSP Report: register b_reg_reg is absorbed into DSP p_reg_reg.
DSP Report: register a_reg_reg is absorbed into DSP p_reg_reg.
DSP Report: register p_reg_reg is absorbed into DSP p_reg_reg.
DSP Report: register m_reg_reg is absorbed into DSP p_reg_reg.
DSP Report: operator p_reg0 is absorbed into DSP p_reg_reg.
DSP Report: operator m_reg0 is absorbed into DSP p_reg_reg.
DSP Report: Generating DSP p_reg_reg, operation Mode is: (0 or P)+(A2*B2)'.
DSP Report: register b_reg_reg is absorbed into DSP p_reg_reg.
DSP Report: register a_reg_reg is absorbed into DSP p_reg_reg.
DSP Report: register p_reg_reg is absorbed into DSP p_reg_reg.
DSP Report: register m_reg_reg is absorbed into DSP p_reg_reg.
DSP Report: operator p_reg0 is absorbed into DSP p_reg_reg.
DSP Report: operator m_reg0 is absorbed into DSP p_reg_reg.
DSP Report: Generating DSP p_reg_reg, operation Mode is: (0 or P)+(A2*B2)'.
DSP Report: register b_reg_reg is absorbed into DSP p_reg_reg.
DSP Report: register a_reg_reg is absorbed into DSP p_reg_reg.
DSP Report: register p_reg_reg is absorbed into DSP p_reg_reg.
DSP Report: register m_reg_reg is absorbed into DSP p_reg_reg.
DSP Report: operator p_reg0 is absorbed into DSP p_reg_reg.
DSP Report: operator m_reg0 is absorbed into DSP p_reg_reg.
DSP Report: Generating DSP p_reg_reg, operation Mode is: (0 or P)+(A2*B2)'.
DSP Report: register b_reg_reg is absorbed into DSP p_reg_reg.
DSP Report: register a_reg_reg is absorbed into DSP p_reg_reg.
DSP Report: register p_reg_reg is absorbed into DSP p_reg_reg.
DSP Report: register m_reg_reg is absorbed into DSP p_reg_reg.
DSP Report: operator p_reg0 is absorbed into DSP p_reg_reg.
DSP Report: operator m_reg0 is absorbed into DSP p_reg_reg.
DSP Report: Generating DSP p_reg_reg, operation Mode is: (0 or P)+(A2*B2)'.
DSP Report: register b_reg_reg is absorbed into DSP p_reg_reg.
DSP Report: register a_reg_reg is absorbed into DSP p_reg_reg.
DSP Report: register p_reg_reg is absorbed into DSP p_reg_reg.
DSP Report: register m_reg_reg is absorbed into DSP p_reg_reg.
DSP Report: operator p_reg0 is absorbed into DSP p_reg_reg.
DSP Report: operator m_reg0 is absorbed into DSP p_reg_reg.
DSP Report: Generating DSP p_reg_reg, operation Mode is: (0 or P)+(A2*B2)'.
DSP Report: register b_reg_reg is absorbed into DSP p_reg_reg.
DSP Report: register a_reg_reg is absorbed into DSP p_reg_reg.
DSP Report: register p_reg_reg is absorbed into DSP p_reg_reg.
DSP Report: register m_reg_reg is absorbed into DSP p_reg_reg.
DSP Report: operator p_reg0 is absorbed into DSP p_reg_reg.
DSP Report: operator m_reg0 is absorbed into DSP p_reg_reg.
DSP Report: Generating DSP p_reg_reg, operation Mode is: (0 or P)+(A2*B2)'.
DSP Report: register b_reg_reg is absorbed into DSP p_reg_reg.
DSP Report: register a_reg_reg is absorbed into DSP p_reg_reg.
DSP Report: register p_reg_reg is absorbed into DSP p_reg_reg.
DSP Report: register m_reg_reg is absorbed into DSP p_reg_reg.
DSP Report: operator p_reg0 is absorbed into DSP p_reg_reg.
DSP Report: operator m_reg0 is absorbed into DSP p_reg_reg.
DSP Report: Generating DSP p_reg_reg, operation Mode is: (0 or P)+(A2*B2)'.
DSP Report: register b_reg_reg is absorbed into DSP p_reg_reg.
DSP Report: register a_reg_reg is absorbed into DSP p_reg_reg.
DSP Report: register p_reg_reg is absorbed into DSP p_reg_reg.
DSP Report: register m_reg_reg is absorbed into DSP p_reg_reg.
DSP Report: operator p_reg0 is absorbed into DSP p_reg_reg.
DSP Report: operator m_reg0 is absorbed into DSP p_reg_reg.
DSP Report: Generating DSP p_reg_reg, operation Mode is: (0 or P)+(A2*B2)'.
DSP Report: register b_reg_reg is absorbed into DSP p_reg_reg.
DSP Report: register a_reg_reg is absorbed into DSP p_reg_reg.
DSP Report: register p_reg_reg is absorbed into DSP p_reg_reg.
DSP Report: register m_reg_reg is absorbed into DSP p_reg_reg.
DSP Report: operator p_reg0 is absorbed into DSP p_reg_reg.
DSP Report: operator m_reg0 is absorbed into DSP p_reg_reg.
DSP Report: Generating DSP p_reg_reg, operation Mode is: (0 or P)+(A2*B2)'.
DSP Report: register b_reg_reg is absorbed into DSP p_reg_reg.
DSP Report: register a_reg_reg is absorbed into DSP p_reg_reg.
DSP Report: register p_reg_reg is absorbed into DSP p_reg_reg.
DSP Report: register m_reg_reg is absorbed into DSP p_reg_reg.
DSP Report: operator p_reg0 is absorbed into DSP p_reg_reg.
DSP Report: operator m_reg0 is absorbed into DSP p_reg_reg.
DSP Report: Generating DSP p_reg_reg, operation Mode is: (0 or P)+(A2*B2)'.
DSP Report: register b_reg_reg is absorbed into DSP p_reg_reg.
DSP Report: register a_reg_reg is absorbed into DSP p_reg_reg.
DSP Report: register p_reg_reg is absorbed into DSP p_reg_reg.
DSP Report: register m_reg_reg is absorbed into DSP p_reg_reg.
DSP Report: operator p_reg0 is absorbed into DSP p_reg_reg.
DSP Report: operator m_reg0 is absorbed into DSP p_reg_reg.
DSP Report: Generating DSP p_reg_reg, operation Mode is: (0 or P)+(A2*B2)'.
DSP Report: register b_reg_reg is absorbed into DSP p_reg_reg.
DSP Report: register a_reg_reg is absorbed into DSP p_reg_reg.
DSP Report: register p_reg_reg is absorbed into DSP p_reg_reg.
DSP Report: register m_reg_reg is absorbed into DSP p_reg_reg.
DSP Report: operator p_reg0 is absorbed into DSP p_reg_reg.
DSP Report: operator m_reg0 is absorbed into DSP p_reg_reg.
DSP Report: Generating DSP p_reg_reg, operation Mode is: (0 or P)+(A2*B2)'.
DSP Report: register b_reg_reg is absorbed into DSP p_reg_reg.
DSP Report: register a_reg_reg is absorbed into DSP p_reg_reg.
DSP Report: register p_reg_reg is absorbed into DSP p_reg_reg.
DSP Report: register m_reg_reg is absorbed into DSP p_reg_reg.
DSP Report: operator p_reg0 is absorbed into DSP p_reg_reg.
DSP Report: operator m_reg0 is absorbed into DSP p_reg_reg.
DSP Report: Generating DSP p_reg_reg, operation Mode is: (0 or P)+(A2*B2)'.
DSP Report: register b_reg_reg is absorbed into DSP p_reg_reg.
DSP Report: register a_reg_reg is absorbed into DSP p_reg_reg.
DSP Report: register p_reg_reg is absorbed into DSP p_reg_reg.
DSP Report: register m_reg_reg is absorbed into DSP p_reg_reg.
DSP Report: operator p_reg0 is absorbed into DSP p_reg_reg.
DSP Report: operator m_reg0 is absorbed into DSP p_reg_reg.
DSP Report: Generating DSP p_reg_reg, operation Mode is: (0 or P)+(A2*B2)'.
DSP Report: register b_reg_reg is absorbed into DSP p_reg_reg.
DSP Report: register a_reg_reg is absorbed into DSP p_reg_reg.
DSP Report: register p_reg_reg is absorbed into DSP p_reg_reg.
DSP Report: register m_reg_reg is absorbed into DSP p_reg_reg.
DSP Report: operator p_reg0 is absorbed into DSP p_reg_reg.
DSP Report: operator m_reg0 is absorbed into DSP p_reg_reg.
DSP Report: Generating DSP p_reg_reg, operation Mode is: (0 or P)+(A2*B2)'.
DSP Report: register b_reg_reg is absorbed into DSP p_reg_reg.
DSP Report: register a_reg_reg is absorbed into DSP p_reg_reg.
DSP Report: register p_reg_reg is absorbed into DSP p_reg_reg.
DSP Report: register m_reg_reg is absorbed into DSP p_reg_reg.
DSP Report: operator p_reg0 is absorbed into DSP p_reg_reg.
DSP Report: operator m_reg0 is absorbed into DSP p_reg_reg.
DSP Report: Generating DSP p_reg_reg, operation Mode is: (0 or P)+(A2*B2)'.
DSP Report: register b_reg_reg is absorbed into DSP p_reg_reg.
DSP Report: register a_reg_reg is absorbed into DSP p_reg_reg.
DSP Report: register p_reg_reg is absorbed into DSP p_reg_reg.
DSP Report: register m_reg_reg is absorbed into DSP p_reg_reg.
DSP Report: operator p_reg0 is absorbed into DSP p_reg_reg.
DSP Report: operator m_reg0 is absorbed into DSP p_reg_reg.
DSP Report: Generating DSP p_reg_reg, operation Mode is: (0 or P)+(A2*B2)'.
DSP Report: register b_reg_reg is absorbed into DSP p_reg_reg.
DSP Report: register a_reg_reg is absorbed into DSP p_reg_reg.
DSP Report: register p_reg_reg is absorbed into DSP p_reg_reg.
DSP Report: register m_reg_reg is absorbed into DSP p_reg_reg.
DSP Report: operator p_reg0 is absorbed into DSP p_reg_reg.
DSP Report: operator m_reg0 is absorbed into DSP p_reg_reg.
DSP Report: Generating DSP p_reg_reg, operation Mode is: (0 or P)+(A2*B2)'.
DSP Report: register b_reg_reg is absorbed into DSP p_reg_reg.
DSP Report: register a_reg_reg is absorbed into DSP p_reg_reg.
DSP Report: register p_reg_reg is absorbed into DSP p_reg_reg.
DSP Report: register m_reg_reg is absorbed into DSP p_reg_reg.
DSP Report: operator p_reg0 is absorbed into DSP p_reg_reg.
DSP Report: operator m_reg0 is absorbed into DSP p_reg_reg.
DSP Report: Generating DSP p_reg_reg, operation Mode is: (0 or P)+(A2*B2)'.
DSP Report: register b_reg_reg is absorbed into DSP p_reg_reg.
DSP Report: register a_reg_reg is absorbed into DSP p_reg_reg.
DSP Report: register p_reg_reg is absorbed into DSP p_reg_reg.
DSP Report: register m_reg_reg is absorbed into DSP p_reg_reg.
DSP Report: operator p_reg0 is absorbed into DSP p_reg_reg.
DSP Report: operator m_reg0 is absorbed into DSP p_reg_reg.
DSP Report: Generating DSP p_reg_reg, operation Mode is: (0 or P)+(A2*B2)'.
DSP Report: register b_reg_reg is absorbed into DSP p_reg_reg.
DSP Report: register a_reg_reg is absorbed into DSP p_reg_reg.
DSP Report: register p_reg_reg is absorbed into DSP p_reg_reg.
DSP Report: register m_reg_reg is absorbed into DSP p_reg_reg.
DSP Report: operator p_reg0 is absorbed into DSP p_reg_reg.
DSP Report: operator m_reg0 is absorbed into DSP p_reg_reg.
DSP Report: Generating DSP p_reg_reg, operation Mode is: (0 or P)+(A2*B2)'.
DSP Report: register b_reg_reg is absorbed into DSP p_reg_reg.
DSP Report: register a_reg_reg is absorbed into DSP p_reg_reg.
DSP Report: register p_reg_reg is absorbed into DSP p_reg_reg.
DSP Report: register m_reg_reg is absorbed into DSP p_reg_reg.
DSP Report: operator p_reg0 is absorbed into DSP p_reg_reg.
DSP Report: operator m_reg0 is absorbed into DSP p_reg_reg.
DSP Report: Generating DSP p_reg_reg, operation Mode is: (0 or P)+(A2*B2)'.
DSP Report: register b_reg_reg is absorbed into DSP p_reg_reg.
DSP Report: register a_reg_reg is absorbed into DSP p_reg_reg.
DSP Report: register p_reg_reg is absorbed into DSP p_reg_reg.
DSP Report: register m_reg_reg is absorbed into DSP p_reg_reg.
DSP Report: operator p_reg0 is absorbed into DSP p_reg_reg.
DSP Report: operator m_reg0 is absorbed into DSP p_reg_reg.
DSP Report: Generating DSP p_reg_reg, operation Mode is: (0 or P)+(A2*B2)'.
DSP Report: register b_reg_reg is absorbed into DSP p_reg_reg.
DSP Report: register a_reg_reg is absorbed into DSP p_reg_reg.
DSP Report: register p_reg_reg is absorbed into DSP p_reg_reg.
DSP Report: register m_reg_reg is absorbed into DSP p_reg_reg.
DSP Report: operator p_reg0 is absorbed into DSP p_reg_reg.
DSP Report: operator m_reg0 is absorbed into DSP p_reg_reg.
DSP Report: Generating DSP p_reg_reg, operation Mode is: (0 or P)+(A2*B2)'.
DSP Report: register b_reg_reg is absorbed into DSP p_reg_reg.
DSP Report: register a_reg_reg is absorbed into DSP p_reg_reg.
DSP Report: register p_reg_reg is absorbed into DSP p_reg_reg.
DSP Report: register m_reg_reg is absorbed into DSP p_reg_reg.
DSP Report: operator p_reg0 is absorbed into DSP p_reg_reg.
DSP Report: operator m_reg0 is absorbed into DSP p_reg_reg.
DSP Report: Generating DSP p_reg_reg, operation Mode is: (0 or P)+(A2*B2)'.
DSP Report: register b_reg_reg is absorbed into DSP p_reg_reg.
DSP Report: register a_reg_reg is absorbed into DSP p_reg_reg.
DSP Report: register p_reg_reg is absorbed into DSP p_reg_reg.
DSP Report: register m_reg_reg is absorbed into DSP p_reg_reg.
DSP Report: operator p_reg0 is absorbed into DSP p_reg_reg.
DSP Report: operator m_reg0 is absorbed into DSP p_reg_reg.
DSP Report: Generating DSP p_reg_reg, operation Mode is: (0 or P)+(A2*B2)'.
DSP Report: register b_reg_reg is absorbed into DSP p_reg_reg.
DSP Report: register a_reg_reg is absorbed into DSP p_reg_reg.
DSP Report: register p_reg_reg is absorbed into DSP p_reg_reg.
DSP Report: register m_reg_reg is absorbed into DSP p_reg_reg.
DSP Report: operator p_reg0 is absorbed into DSP p_reg_reg.
DSP Report: operator m_reg0 is absorbed into DSP p_reg_reg.
DSP Report: Generating DSP p_reg_reg, operation Mode is: (0 or P)+(A2*B2)'.
DSP Report: register b_reg_reg is absorbed into DSP p_reg_reg.
DSP Report: register a_reg_reg is absorbed into DSP p_reg_reg.
DSP Report: register p_reg_reg is absorbed into DSP p_reg_reg.
DSP Report: register m_reg_reg is absorbed into DSP p_reg_reg.
DSP Report: operator p_reg0 is absorbed into DSP p_reg_reg.
DSP Report: operator m_reg0 is absorbed into DSP p_reg_reg.
DSP Report: Generating DSP p_reg_reg, operation Mode is: (0 or P)+(A2*B2)'.
DSP Report: register b_reg_reg is absorbed into DSP p_reg_reg.
DSP Report: register a_reg_reg is absorbed into DSP p_reg_reg.
DSP Report: register p_reg_reg is absorbed into DSP p_reg_reg.
DSP Report: register m_reg_reg is absorbed into DSP p_reg_reg.
DSP Report: operator p_reg0 is absorbed into DSP p_reg_reg.
DSP Report: operator m_reg0 is absorbed into DSP p_reg_reg.
DSP Report: Generating DSP p_reg_reg, operation Mode is: (0 or P)+(A2*B2)'.
DSP Report: register b_reg_reg is absorbed into DSP p_reg_reg.
DSP Report: register a_reg_reg is absorbed into DSP p_reg_reg.
DSP Report: register p_reg_reg is absorbed into DSP p_reg_reg.
DSP Report: register m_reg_reg is absorbed into DSP p_reg_reg.
DSP Report: operator p_reg0 is absorbed into DSP p_reg_reg.
DSP Report: operator m_reg0 is absorbed into DSP p_reg_reg.
DSP Report: Generating DSP p_reg_reg, operation Mode is: (0 or P)+(A2*B2)'.
DSP Report: register b_reg_reg is absorbed into DSP p_reg_reg.
DSP Report: register a_reg_reg is absorbed into DSP p_reg_reg.
DSP Report: register p_reg_reg is absorbed into DSP p_reg_reg.
DSP Report: register m_reg_reg is absorbed into DSP p_reg_reg.
DSP Report: operator p_reg0 is absorbed into DSP p_reg_reg.
DSP Report: operator m_reg0 is absorbed into DSP p_reg_reg.
DSP Report: Generating DSP p_reg_reg, operation Mode is: (0 or P)+(A2*B2)'.
DSP Report: register b_reg_reg is absorbed into DSP p_reg_reg.
DSP Report: register a_reg_reg is absorbed into DSP p_reg_reg.
DSP Report: register p_reg_reg is absorbed into DSP p_reg_reg.
DSP Report: register m_reg_reg is absorbed into DSP p_reg_reg.
DSP Report: operator p_reg0 is absorbed into DSP p_reg_reg.
DSP Report: operator m_reg0 is absorbed into DSP p_reg_reg.
DSP Report: Generating DSP p_reg_reg, operation Mode is: (0 or P)+(A2*B2)'.
DSP Report: register b_reg_reg is absorbed into DSP p_reg_reg.
DSP Report: register a_reg_reg is absorbed into DSP p_reg_reg.
DSP Report: register p_reg_reg is absorbed into DSP p_reg_reg.
DSP Report: register m_reg_reg is absorbed into DSP p_reg_reg.
DSP Report: operator p_reg0 is absorbed into DSP p_reg_reg.
DSP Report: operator m_reg0 is absorbed into DSP p_reg_reg.
DSP Report: Generating DSP p_reg_reg, operation Mode is: (0 or P)+(A2*B2)'.
DSP Report: register b_reg_reg is absorbed into DSP p_reg_reg.
DSP Report: register a_reg_reg is absorbed into DSP p_reg_reg.
DSP Report: register p_reg_reg is absorbed into DSP p_reg_reg.
DSP Report: register m_reg_reg is absorbed into DSP p_reg_reg.
DSP Report: operator p_reg0 is absorbed into DSP p_reg_reg.
DSP Report: operator m_reg0 is absorbed into DSP p_reg_reg.
DSP Report: Generating DSP p_reg_reg, operation Mode is: (0 or P)+(A2*B2)'.
DSP Report: register b_reg_reg is absorbed into DSP p_reg_reg.
DSP Report: register a_reg_reg is absorbed into DSP p_reg_reg.
DSP Report: register p_reg_reg is absorbed into DSP p_reg_reg.
DSP Report: register m_reg_reg is absorbed into DSP p_reg_reg.
DSP Report: operator p_reg0 is absorbed into DSP p_reg_reg.
DSP Report: operator m_reg0 is absorbed into DSP p_reg_reg.
DSP Report: Generating DSP p_reg_reg, operation Mode is: (0 or P)+(A2*B2)'.
DSP Report: register b_reg_reg is absorbed into DSP p_reg_reg.
DSP Report: register a_reg_reg is absorbed into DSP p_reg_reg.
DSP Report: register p_reg_reg is absorbed into DSP p_reg_reg.
DSP Report: register m_reg_reg is absorbed into DSP p_reg_reg.
DSP Report: operator p_reg0 is absorbed into DSP p_reg_reg.
DSP Report: operator m_reg0 is absorbed into DSP p_reg_reg.
DSP Report: Generating DSP p_reg_reg, operation Mode is: (0 or P)+(A2*B2)'.
DSP Report: register b_reg_reg is absorbed into DSP p_reg_reg.
DSP Report: register a_reg_reg is absorbed into DSP p_reg_reg.
DSP Report: register p_reg_reg is absorbed into DSP p_reg_reg.
DSP Report: register m_reg_reg is absorbed into DSP p_reg_reg.
DSP Report: operator p_reg0 is absorbed into DSP p_reg_reg.
DSP Report: operator m_reg0 is absorbed into DSP p_reg_reg.
DSP Report: Generating DSP p_reg_reg, operation Mode is: (0 or P)+(A2*B2)'.
DSP Report: register b_reg_reg is absorbed into DSP p_reg_reg.
DSP Report: register a_reg_reg is absorbed into DSP p_reg_reg.
DSP Report: register p_reg_reg is absorbed into DSP p_reg_reg.
DSP Report: register m_reg_reg is absorbed into DSP p_reg_reg.
DSP Report: operator p_reg0 is absorbed into DSP p_reg_reg.
DSP Report: operator m_reg0 is absorbed into DSP p_reg_reg.
DSP Report: Generating DSP p_reg_reg, operation Mode is: (0 or P)+(A2*B2)'.
DSP Report: register b_reg_reg is absorbed into DSP p_reg_reg.
DSP Report: register a_reg_reg is absorbed into DSP p_reg_reg.
DSP Report: register p_reg_reg is absorbed into DSP p_reg_reg.
DSP Report: register m_reg_reg is absorbed into DSP p_reg_reg.
DSP Report: operator p_reg0 is absorbed into DSP p_reg_reg.
DSP Report: operator m_reg0 is absorbed into DSP p_reg_reg.
DSP Report: Generating DSP p_reg_reg, operation Mode is: (0 or P)+(A2*B2)'.
DSP Report: register b_reg_reg is absorbed into DSP p_reg_reg.
DSP Report: register a_reg_reg is absorbed into DSP p_reg_reg.
DSP Report: register p_reg_reg is absorbed into DSP p_reg_reg.
DSP Report: register m_reg_reg is absorbed into DSP p_reg_reg.
DSP Report: operator p_reg0 is absorbed into DSP p_reg_reg.
DSP Report: operator m_reg0 is absorbed into DSP p_reg_reg.
DSP Report: Generating DSP p_reg_reg, operation Mode is: (0 or P)+(A2*B2)'.
DSP Report: register b_reg_reg is absorbed into DSP p_reg_reg.
DSP Report: register a_reg_reg is absorbed into DSP p_reg_reg.
DSP Report: register p_reg_reg is absorbed into DSP p_reg_reg.
DSP Report: register m_reg_reg is absorbed into DSP p_reg_reg.
DSP Report: operator p_reg0 is absorbed into DSP p_reg_reg.
DSP Report: operator m_reg0 is absorbed into DSP p_reg_reg.
DSP Report: Generating DSP p_reg_reg, operation Mode is: (0 or P)+(A2*B2)'.
DSP Report: register b_reg_reg is absorbed into DSP p_reg_reg.
DSP Report: register a_reg_reg is absorbed into DSP p_reg_reg.
DSP Report: register p_reg_reg is absorbed into DSP p_reg_reg.
DSP Report: register m_reg_reg is absorbed into DSP p_reg_reg.
DSP Report: operator p_reg0 is absorbed into DSP p_reg_reg.
DSP Report: operator m_reg0 is absorbed into DSP p_reg_reg.
DSP Report: Generating DSP p_reg_reg, operation Mode is: (0 or P)+(A2*B2)'.
DSP Report: register b_reg_reg is absorbed into DSP p_reg_reg.
DSP Report: register a_reg_reg is absorbed into DSP p_reg_reg.
DSP Report: register p_reg_reg is absorbed into DSP p_reg_reg.
DSP Report: register m_reg_reg is absorbed into DSP p_reg_reg.
DSP Report: operator p_reg0 is absorbed into DSP p_reg_reg.
DSP Report: operator m_reg0 is absorbed into DSP p_reg_reg.
DSP Report: Generating DSP p_reg_reg, operation Mode is: (0 or P)+(A2*B2)'.
DSP Report: register b_reg_reg is absorbed into DSP p_reg_reg.
DSP Report: register a_reg_reg is absorbed into DSP p_reg_reg.
DSP Report: register p_reg_reg is absorbed into DSP p_reg_reg.
DSP Report: register m_reg_reg is absorbed into DSP p_reg_reg.
DSP Report: operator p_reg0 is absorbed into DSP p_reg_reg.
DSP Report: operator m_reg0 is absorbed into DSP p_reg_reg.
DSP Report: Generating DSP p_reg_reg, operation Mode is: (0 or P)+(A2*B2)'.
DSP Report: register b_reg_reg is absorbed into DSP p_reg_reg.
DSP Report: register a_reg_reg is absorbed into DSP p_reg_reg.
DSP Report: register p_reg_reg is absorbed into DSP p_reg_reg.
DSP Report: register m_reg_reg is absorbed into DSP p_reg_reg.
DSP Report: operator p_reg0 is absorbed into DSP p_reg_reg.
DSP Report: operator m_reg0 is absorbed into DSP p_reg_reg.
DSP Report: Generating DSP p_reg_reg, operation Mode is: (0 or P)+(A2*B2)'.
DSP Report: register b_reg_reg is absorbed into DSP p_reg_reg.
DSP Report: register a_reg_reg is absorbed into DSP p_reg_reg.
DSP Report: register p_reg_reg is absorbed into DSP p_reg_reg.
DSP Report: register m_reg_reg is absorbed into DSP p_reg_reg.
DSP Report: operator p_reg0 is absorbed into DSP p_reg_reg.
DSP Report: operator m_reg0 is absorbed into DSP p_reg_reg.
DSP Report: Generating DSP p_reg_reg, operation Mode is: (0 or P)+(A2*B2)'.
DSP Report: register b_reg_reg is absorbed into DSP p_reg_reg.
DSP Report: register a_reg_reg is absorbed into DSP p_reg_reg.
DSP Report: register p_reg_reg is absorbed into DSP p_reg_reg.
DSP Report: register m_reg_reg is absorbed into DSP p_reg_reg.
DSP Report: operator p_reg0 is absorbed into DSP p_reg_reg.
DSP Report: operator m_reg0 is absorbed into DSP p_reg_reg.
DSP Report: Generating DSP p_reg_reg, operation Mode is: (0 or P)+(A2*B2)'.
DSP Report: register b_reg_reg is absorbed into DSP p_reg_reg.
DSP Report: register a_reg_reg is absorbed into DSP p_reg_reg.
DSP Report: register p_reg_reg is absorbed into DSP p_reg_reg.
DSP Report: register m_reg_reg is absorbed into DSP p_reg_reg.
DSP Report: operator p_reg0 is absorbed into DSP p_reg_reg.
DSP Report: operator m_reg0 is absorbed into DSP p_reg_reg.
DSP Report: Generating DSP p_reg_reg, operation Mode is: (0 or P)+(A2*B2)'.
DSP Report: register b_reg_reg is absorbed into DSP p_reg_reg.
DSP Report: register a_reg_reg is absorbed into DSP p_reg_reg.
DSP Report: register p_reg_reg is absorbed into DSP p_reg_reg.
DSP Report: register m_reg_reg is absorbed into DSP p_reg_reg.
DSP Report: operator p_reg0 is absorbed into DSP p_reg_reg.
DSP Report: operator m_reg0 is absorbed into DSP p_reg_reg.
DSP Report: Generating DSP p_reg_reg, operation Mode is: (0 or P)+(A2*B2)'.
DSP Report: register b_reg_reg is absorbed into DSP p_reg_reg.
DSP Report: register a_reg_reg is absorbed into DSP p_reg_reg.
DSP Report: register p_reg_reg is absorbed into DSP p_reg_reg.
DSP Report: register m_reg_reg is absorbed into DSP p_reg_reg.
DSP Report: operator p_reg0 is absorbed into DSP p_reg_reg.
DSP Report: operator m_reg0 is absorbed into DSP p_reg_reg.
DSP Report: Generating DSP p_reg_reg, operation Mode is: (0 or P)+(A2*B2)'.
DSP Report: register b_reg_reg is absorbed into DSP p_reg_reg.
DSP Report: register a_reg_reg is absorbed into DSP p_reg_reg.
DSP Report: register p_reg_reg is absorbed into DSP p_reg_reg.
DSP Report: register m_reg_reg is absorbed into DSP p_reg_reg.
DSP Report: operator p_reg0 is absorbed into DSP p_reg_reg.
DSP Report: operator m_reg0 is absorbed into DSP p_reg_reg.
DSP Report: Generating DSP p_reg_reg, operation Mode is: (0 or P)+(A2*B2)'.
DSP Report: register b_reg_reg is absorbed into DSP p_reg_reg.
DSP Report: register a_reg_reg is absorbed into DSP p_reg_reg.
DSP Report: register p_reg_reg is absorbed into DSP p_reg_reg.
DSP Report: register m_reg_reg is absorbed into DSP p_reg_reg.
DSP Report: operator p_reg0 is absorbed into DSP p_reg_reg.
DSP Report: operator m_reg0 is absorbed into DSP p_reg_reg.
DSP Report: Generating DSP p_reg_reg, operation Mode is: (0 or P)+(A2*B2)'.
DSP Report: register b_reg_reg is absorbed into DSP p_reg_reg.
DSP Report: register a_reg_reg is absorbed into DSP p_reg_reg.
DSP Report: register p_reg_reg is absorbed into DSP p_reg_reg.
DSP Report: register m_reg_reg is absorbed into DSP p_reg_reg.
DSP Report: operator p_reg0 is absorbed into DSP p_reg_reg.
DSP Report: operator m_reg0 is absorbed into DSP p_reg_reg.
DSP Report: Generating DSP p_reg_reg, operation Mode is: (0 or P)+(A2*B2)'.
DSP Report: register b_reg_reg is absorbed into DSP p_reg_reg.
DSP Report: register a_reg_reg is absorbed into DSP p_reg_reg.
DSP Report: register p_reg_reg is absorbed into DSP p_reg_reg.
DSP Report: register m_reg_reg is absorbed into DSP p_reg_reg.
DSP Report: operator p_reg0 is absorbed into DSP p_reg_reg.
DSP Report: operator m_reg0 is absorbed into DSP p_reg_reg.
DSP Report: Generating DSP p_reg_reg, operation Mode is: (0 or P)+(A2*B2)'.
DSP Report: register b_reg_reg is absorbed into DSP p_reg_reg.
DSP Report: register a_reg_reg is absorbed into DSP p_reg_reg.
DSP Report: register p_reg_reg is absorbed into DSP p_reg_reg.
DSP Report: register m_reg_reg is absorbed into DSP p_reg_reg.
DSP Report: operator p_reg0 is absorbed into DSP p_reg_reg.
DSP Report: operator m_reg0 is absorbed into DSP p_reg_reg.
DSP Report: Generating DSP p_reg_reg, operation Mode is: (0 or P)+(A2*B2)'.
DSP Report: register b_reg_reg is absorbed into DSP p_reg_reg.
DSP Report: register a_reg_reg is absorbed into DSP p_reg_reg.
DSP Report: register p_reg_reg is absorbed into DSP p_reg_reg.
DSP Report: register m_reg_reg is absorbed into DSP p_reg_reg.
DSP Report: operator p_reg0 is absorbed into DSP p_reg_reg.
DSP Report: operator m_reg0 is absorbed into DSP p_reg_reg.
DSP Report: Generating DSP p_reg_reg, operation Mode is: (0 or P)+(A2*B2)'.
DSP Report: register b_reg_reg is absorbed into DSP p_reg_reg.
DSP Report: register a_reg_reg is absorbed into DSP p_reg_reg.
DSP Report: register p_reg_reg is absorbed into DSP p_reg_reg.
DSP Report: register m_reg_reg is absorbed into DSP p_reg_reg.
DSP Report: operator p_reg0 is absorbed into DSP p_reg_reg.
DSP Report: operator m_reg0 is absorbed into DSP p_reg_reg.
DSP Report: Generating DSP p_reg_reg, operation Mode is: (0 or P)+(A2*B2)'.
DSP Report: register b_reg_reg is absorbed into DSP p_reg_reg.
DSP Report: register a_reg_reg is absorbed into DSP p_reg_reg.
DSP Report: register p_reg_reg is absorbed into DSP p_reg_reg.
DSP Report: register m_reg_reg is absorbed into DSP p_reg_reg.
DSP Report: operator p_reg0 is absorbed into DSP p_reg_reg.
DSP Report: operator m_reg0 is absorbed into DSP p_reg_reg.
DSP Report: Generating DSP p_reg_reg, operation Mode is: (0 or P)+(A2*B2)'.
DSP Report: register b_reg_reg is absorbed into DSP p_reg_reg.
DSP Report: register a_reg_reg is absorbed into DSP p_reg_reg.
DSP Report: register p_reg_reg is absorbed into DSP p_reg_reg.
DSP Report: register m_reg_reg is absorbed into DSP p_reg_reg.
DSP Report: operator p_reg0 is absorbed into DSP p_reg_reg.
DSP Report: operator m_reg0 is absorbed into DSP p_reg_reg.
DSP Report: Generating DSP p_reg_reg, operation Mode is: (0 or P)+(A2*B2)'.
DSP Report: register b_reg_reg is absorbed into DSP p_reg_reg.
DSP Report: register a_reg_reg is absorbed into DSP p_reg_reg.
DSP Report: register p_reg_reg is absorbed into DSP p_reg_reg.
DSP Report: register m_reg_reg is absorbed into DSP p_reg_reg.
DSP Report: operator p_reg0 is absorbed into DSP p_reg_reg.
DSP Report: operator m_reg0 is absorbed into DSP p_reg_reg.
DSP Report: Generating DSP p_reg_reg, operation Mode is: (0 or P)+(A2*B2)'.
DSP Report: register b_reg_reg is absorbed into DSP p_reg_reg.
DSP Report: register a_reg_reg is absorbed into DSP p_reg_reg.
DSP Report: register p_reg_reg is absorbed into DSP p_reg_reg.
DSP Report: register m_reg_reg is absorbed into DSP p_reg_reg.
DSP Report: operator p_reg0 is absorbed into DSP p_reg_reg.
DSP Report: operator m_reg0 is absorbed into DSP p_reg_reg.
DSP Report: Generating DSP p_reg_reg, operation Mode is: (0 or P)+(A2*B2)'.
DSP Report: register b_reg_reg is absorbed into DSP p_reg_reg.
DSP Report: register a_reg_reg is absorbed into DSP p_reg_reg.
DSP Report: register p_reg_reg is absorbed into DSP p_reg_reg.
DSP Report: register m_reg_reg is absorbed into DSP p_reg_reg.
DSP Report: operator p_reg0 is absorbed into DSP p_reg_reg.
DSP Report: operator m_reg0 is absorbed into DSP p_reg_reg.
DSP Report: Generating DSP p_reg_reg, operation Mode is: (0 or P)+(A2*B2)'.
DSP Report: register b_reg_reg is absorbed into DSP p_reg_reg.
DSP Report: register a_reg_reg is absorbed into DSP p_reg_reg.
DSP Report: register p_reg_reg is absorbed into DSP p_reg_reg.
DSP Report: register m_reg_reg is absorbed into DSP p_reg_reg.
DSP Report: operator p_reg0 is absorbed into DSP p_reg_reg.
DSP Report: operator m_reg0 is absorbed into DSP p_reg_reg.
DSP Report: Generating DSP p_reg_reg, operation Mode is: (0 or P)+(A2*B2)'.
DSP Report: register b_reg_reg is absorbed into DSP p_reg_reg.
DSP Report: register a_reg_reg is absorbed into DSP p_reg_reg.
DSP Report: register p_reg_reg is absorbed into DSP p_reg_reg.
DSP Report: register m_reg_reg is absorbed into DSP p_reg_reg.
DSP Report: operator p_reg0 is absorbed into DSP p_reg_reg.
DSP Report: operator m_reg0 is absorbed into DSP p_reg_reg.
DSP Report: Generating DSP p_reg_reg, operation Mode is: (0 or P)+(A2*B2)'.
DSP Report: register b_reg_reg is absorbed into DSP p_reg_reg.
DSP Report: register a_reg_reg is absorbed into DSP p_reg_reg.
DSP Report: register p_reg_reg is absorbed into DSP p_reg_reg.
DSP Report: register m_reg_reg is absorbed into DSP p_reg_reg.
DSP Report: operator p_reg0 is absorbed into DSP p_reg_reg.
DSP Report: operator m_reg0 is absorbed into DSP p_reg_reg.
DSP Report: Generating DSP p_reg_reg, operation Mode is: (0 or P)+(A2*B2)'.
DSP Report: register b_reg_reg is absorbed into DSP p_reg_reg.
DSP Report: register a_reg_reg is absorbed into DSP p_reg_reg.
DSP Report: register p_reg_reg is absorbed into DSP p_reg_reg.
DSP Report: register m_reg_reg is absorbed into DSP p_reg_reg.
DSP Report: operator p_reg0 is absorbed into DSP p_reg_reg.
DSP Report: operator m_reg0 is absorbed into DSP p_reg_reg.
DSP Report: Generating DSP p_reg_reg, operation Mode is: (0 or P)+(A2*B2)'.
DSP Report: register b_reg_reg is absorbed into DSP p_reg_reg.
DSP Report: register a_reg_reg is absorbed into DSP p_reg_reg.
DSP Report: register p_reg_reg is absorbed into DSP p_reg_reg.
DSP Report: register m_reg_reg is absorbed into DSP p_reg_reg.
DSP Report: operator p_reg0 is absorbed into DSP p_reg_reg.
DSP Report: operator m_reg0 is absorbed into DSP p_reg_reg.
DSP Report: Generating DSP p_reg_reg, operation Mode is: (0 or P)+(A2*B2)'.
DSP Report: register b_reg_reg is absorbed into DSP p_reg_reg.
DSP Report: register a_reg_reg is absorbed into DSP p_reg_reg.
DSP Report: register p_reg_reg is absorbed into DSP p_reg_reg.
DSP Report: register m_reg_reg is absorbed into DSP p_reg_reg.
DSP Report: operator p_reg0 is absorbed into DSP p_reg_reg.
DSP Report: operator m_reg0 is absorbed into DSP p_reg_reg.
DSP Report: Generating DSP p_reg_reg, operation Mode is: (0 or P)+(A2*B2)'.
DSP Report: register b_reg_reg is absorbed into DSP p_reg_reg.
DSP Report: register a_reg_reg is absorbed into DSP p_reg_reg.
DSP Report: register p_reg_reg is absorbed into DSP p_reg_reg.
DSP Report: register m_reg_reg is absorbed into DSP p_reg_reg.
DSP Report: operator p_reg0 is absorbed into DSP p_reg_reg.
DSP Report: operator m_reg0 is absorbed into DSP p_reg_reg.
DSP Report: Generating DSP p_reg_reg, operation Mode is: (0 or P)+(A2*B2)'.
DSP Report: register b_reg_reg is absorbed into DSP p_reg_reg.
DSP Report: register a_reg_reg is absorbed into DSP p_reg_reg.
DSP Report: register p_reg_reg is absorbed into DSP p_reg_reg.
DSP Report: register m_reg_reg is absorbed into DSP p_reg_reg.
DSP Report: operator p_reg0 is absorbed into DSP p_reg_reg.
DSP Report: operator m_reg0 is absorbed into DSP p_reg_reg.
DSP Report: Generating DSP p_reg_reg, operation Mode is: (0 or P)+(A2*B2)'.
DSP Report: register b_reg_reg is absorbed into DSP p_reg_reg.
DSP Report: register a_reg_reg is absorbed into DSP p_reg_reg.
DSP Report: register p_reg_reg is absorbed into DSP p_reg_reg.
DSP Report: register m_reg_reg is absorbed into DSP p_reg_reg.
DSP Report: operator p_reg0 is absorbed into DSP p_reg_reg.
DSP Report: operator m_reg0 is absorbed into DSP p_reg_reg.
DSP Report: Generating DSP p_reg_reg, operation Mode is: (0 or P)+(A2*B2)'.
DSP Report: register b_reg_reg is absorbed into DSP p_reg_reg.
DSP Report: register a_reg_reg is absorbed into DSP p_reg_reg.
DSP Report: register p_reg_reg is absorbed into DSP p_reg_reg.
DSP Report: register m_reg_reg is absorbed into DSP p_reg_reg.
DSP Report: operator p_reg0 is absorbed into DSP p_reg_reg.
DSP Report: operator m_reg0 is absorbed into DSP p_reg_reg.
DSP Report: Generating DSP p_reg_reg, operation Mode is: (0 or P)+(A2*B2)'.
DSP Report: register b_reg_reg is absorbed into DSP p_reg_reg.
DSP Report: register a_reg_reg is absorbed into DSP p_reg_reg.
DSP Report: register p_reg_reg is absorbed into DSP p_reg_reg.
DSP Report: register m_reg_reg is absorbed into DSP p_reg_reg.
DSP Report: operator p_reg0 is absorbed into DSP p_reg_reg.
DSP Report: operator m_reg0 is absorbed into DSP p_reg_reg.
DSP Report: Generating DSP p_reg_reg, operation Mode is: (0 or P)+(A2*B2)'.
DSP Report: register b_reg_reg is absorbed into DSP p_reg_reg.
DSP Report: register a_reg_reg is absorbed into DSP p_reg_reg.
DSP Report: register p_reg_reg is absorbed into DSP p_reg_reg.
DSP Report: register m_reg_reg is absorbed into DSP p_reg_reg.
DSP Report: operator p_reg0 is absorbed into DSP p_reg_reg.
DSP Report: operator m_reg0 is absorbed into DSP p_reg_reg.
DSP Report: Generating DSP p_reg_reg, operation Mode is: (0 or P)+(A2*B2)'.
DSP Report: register b_reg_reg is absorbed into DSP p_reg_reg.
DSP Report: register a_reg_reg is absorbed into DSP p_reg_reg.
DSP Report: register p_reg_reg is absorbed into DSP p_reg_reg.
DSP Report: register m_reg_reg is absorbed into DSP p_reg_reg.
DSP Report: operator p_reg0 is absorbed into DSP p_reg_reg.
DSP Report: operator m_reg0 is absorbed into DSP p_reg_reg.
DSP Report: Generating DSP p_reg_reg, operation Mode is: (0 or P)+(A2*B2)'.
DSP Report: register b_reg_reg is absorbed into DSP p_reg_reg.
DSP Report: register a_reg_reg is absorbed into DSP p_reg_reg.
DSP Report: register p_reg_reg is absorbed into DSP p_reg_reg.
DSP Report: register m_reg_reg is absorbed into DSP p_reg_reg.
DSP Report: operator p_reg0 is absorbed into DSP p_reg_reg.
DSP Report: operator m_reg0 is absorbed into DSP p_reg_reg.
DSP Report: Generating DSP p_reg_reg, operation Mode is: (0 or P)+(A2*B2)'.
DSP Report: register b_reg_reg is absorbed into DSP p_reg_reg.
DSP Report: register a_reg_reg is absorbed into DSP p_reg_reg.
DSP Report: register p_reg_reg is absorbed into DSP p_reg_reg.
DSP Report: register m_reg_reg is absorbed into DSP p_reg_reg.
DSP Report: operator p_reg0 is absorbed into DSP p_reg_reg.
DSP Report: operator m_reg0 is absorbed into DSP p_reg_reg.
DSP Report: Generating DSP p_reg_reg, operation Mode is: (0 or P)+(A2*B2)'.
DSP Report: register b_reg_reg is absorbed into DSP p_reg_reg.
DSP Report: register a_reg_reg is absorbed into DSP p_reg_reg.
DSP Report: register p_reg_reg is absorbed into DSP p_reg_reg.
DSP Report: register m_reg_reg is absorbed into DSP p_reg_reg.
DSP Report: operator p_reg0 is absorbed into DSP p_reg_reg.
DSP Report: operator m_reg0 is absorbed into DSP p_reg_reg.
DSP Report: Generating DSP p_reg_reg, operation Mode is: (0 or P)+(A2*B2)'.
DSP Report: register b_reg_reg is absorbed into DSP p_reg_reg.
DSP Report: register a_reg_reg is absorbed into DSP p_reg_reg.
DSP Report: register p_reg_reg is absorbed into DSP p_reg_reg.
DSP Report: register m_reg_reg is absorbed into DSP p_reg_reg.
DSP Report: operator p_reg0 is absorbed into DSP p_reg_reg.
DSP Report: operator m_reg0 is absorbed into DSP p_reg_reg.
DSP Report: Generating DSP p_reg_reg, operation Mode is: (0 or P)+(A2*B2)'.
DSP Report: register b_reg_reg is absorbed into DSP p_reg_reg.
DSP Report: register a_reg_reg is absorbed into DSP p_reg_reg.
DSP Report: register p_reg_reg is absorbed into DSP p_reg_reg.
DSP Report: register m_reg_reg is absorbed into DSP p_reg_reg.
DSP Report: operator p_reg0 is absorbed into DSP p_reg_reg.
DSP Report: operator m_reg0 is absorbed into DSP p_reg_reg.
DSP Report: Generating DSP p_reg_reg, operation Mode is: (0 or P)+(A2*B2)'.
DSP Report: register b_reg_reg is absorbed into DSP p_reg_reg.
DSP Report: register a_reg_reg is absorbed into DSP p_reg_reg.
DSP Report: register p_reg_reg is absorbed into DSP p_reg_reg.
DSP Report: register m_reg_reg is absorbed into DSP p_reg_reg.
DSP Report: operator p_reg0 is absorbed into DSP p_reg_reg.
DSP Report: operator m_reg0 is absorbed into DSP p_reg_reg.
DSP Report: Generating DSP p_reg_reg, operation Mode is: (0 or P)+(A2*B2)'.
DSP Report: register b_reg_reg is absorbed into DSP p_reg_reg.
DSP Report: register a_reg_reg is absorbed into DSP p_reg_reg.
DSP Report: register p_reg_reg is absorbed into DSP p_reg_reg.
DSP Report: register m_reg_reg is absorbed into DSP p_reg_reg.
DSP Report: operator p_reg0 is absorbed into DSP p_reg_reg.
DSP Report: operator m_reg0 is absorbed into DSP p_reg_reg.
DSP Report: Generating DSP p_reg_reg, operation Mode is: (0 or P)+(A2*B2)'.
DSP Report: register b_reg_reg is absorbed into DSP p_reg_reg.
DSP Report: register a_reg_reg is absorbed into DSP p_reg_reg.
DSP Report: register p_reg_reg is absorbed into DSP p_reg_reg.
DSP Report: register m_reg_reg is absorbed into DSP p_reg_reg.
DSP Report: operator p_reg0 is absorbed into DSP p_reg_reg.
DSP Report: operator m_reg0 is absorbed into DSP p_reg_reg.
DSP Report: Generating DSP p_reg_reg, operation Mode is: (0 or P)+(A2*B2)'.
DSP Report: register b_reg_reg is absorbed into DSP p_reg_reg.
DSP Report: register a_reg_reg is absorbed into DSP p_reg_reg.
DSP Report: register p_reg_reg is absorbed into DSP p_reg_reg.
DSP Report: register m_reg_reg is absorbed into DSP p_reg_reg.
DSP Report: operator p_reg0 is absorbed into DSP p_reg_reg.
DSP Report: operator m_reg0 is absorbed into DSP p_reg_reg.
DSP Report: Generating DSP p_reg_reg, operation Mode is: (0 or P)+(A2*B2)'.
DSP Report: register b_reg_reg is absorbed into DSP p_reg_reg.
DSP Report: register a_reg_reg is absorbed into DSP p_reg_reg.
DSP Report: register p_reg_reg is absorbed into DSP p_reg_reg.
DSP Report: register m_reg_reg is absorbed into DSP p_reg_reg.
DSP Report: operator p_reg0 is absorbed into DSP p_reg_reg.
DSP Report: operator m_reg0 is absorbed into DSP p_reg_reg.
DSP Report: Generating DSP p_reg_reg, operation Mode is: (0 or P)+(A2*B2)'.
DSP Report: register b_reg_reg is absorbed into DSP p_reg_reg.
DSP Report: register a_reg_reg is absorbed into DSP p_reg_reg.
DSP Report: register p_reg_reg is absorbed into DSP p_reg_reg.
DSP Report: register m_reg_reg is absorbed into DSP p_reg_reg.
DSP Report: operator p_reg0 is absorbed into DSP p_reg_reg.
DSP Report: operator m_reg0 is absorbed into DSP p_reg_reg.
DSP Report: Generating DSP p_reg_reg, operation Mode is: (0 or P)+(A2*B2)'.
DSP Report: register b_reg_reg is absorbed into DSP p_reg_reg.
DSP Report: register a_reg_reg is absorbed into DSP p_reg_reg.
DSP Report: register p_reg_reg is absorbed into DSP p_reg_reg.
DSP Report: register m_reg_reg is absorbed into DSP p_reg_reg.
DSP Report: operator p_reg0 is absorbed into DSP p_reg_reg.
DSP Report: operator m_reg0 is absorbed into DSP p_reg_reg.
DSP Report: Generating DSP p_reg_reg, operation Mode is: (0 or P)+(A2*B2)'.
DSP Report: register b_reg_reg is absorbed into DSP p_reg_reg.
DSP Report: register a_reg_reg is absorbed into DSP p_reg_reg.
DSP Report: register p_reg_reg is absorbed into DSP p_reg_reg.
DSP Report: register m_reg_reg is absorbed into DSP p_reg_reg.
DSP Report: operator p_reg0 is absorbed into DSP p_reg_reg.
DSP Report: operator m_reg0 is absorbed into DSP p_reg_reg.
DSP Report: Generating DSP p_reg_reg, operation Mode is: (0 or P)+(A2*B2)'.
DSP Report: register b_reg_reg is absorbed into DSP p_reg_reg.
DSP Report: register a_reg_reg is absorbed into DSP p_reg_reg.
DSP Report: register p_reg_reg is absorbed into DSP p_reg_reg.
DSP Report: register m_reg_reg is absorbed into DSP p_reg_reg.
DSP Report: operator p_reg0 is absorbed into DSP p_reg_reg.
DSP Report: operator m_reg0 is absorbed into DSP p_reg_reg.
DSP Report: Generating DSP p_reg_reg, operation Mode is: (0 or P)+(A2*B2)'.
DSP Report: register b_reg_reg is absorbed into DSP p_reg_reg.
DSP Report: register a_reg_reg is absorbed into DSP p_reg_reg.
DSP Report: register p_reg_reg is absorbed into DSP p_reg_reg.
DSP Report: register m_reg_reg is absorbed into DSP p_reg_reg.
DSP Report: operator p_reg0 is absorbed into DSP p_reg_reg.
DSP Report: operator m_reg0 is absorbed into DSP p_reg_reg.
DSP Report: Generating DSP p_reg_reg, operation Mode is: (0 or P)+(A2*B2)'.
DSP Report: register b_reg_reg is absorbed into DSP p_reg_reg.
DSP Report: register a_reg_reg is absorbed into DSP p_reg_reg.
DSP Report: register p_reg_reg is absorbed into DSP p_reg_reg.
DSP Report: register m_reg_reg is absorbed into DSP p_reg_reg.
DSP Report: operator p_reg0 is absorbed into DSP p_reg_reg.
DSP Report: operator m_reg0 is absorbed into DSP p_reg_reg.
DSP Report: Generating DSP p_reg_reg, operation Mode is: (0 or P)+(A2*B2)'.
DSP Report: register b_reg_reg is absorbed into DSP p_reg_reg.
DSP Report: register a_reg_reg is absorbed into DSP p_reg_reg.
DSP Report: register p_reg_reg is absorbed into DSP p_reg_reg.
DSP Report: register m_reg_reg is absorbed into DSP p_reg_reg.
DSP Report: operator p_reg0 is absorbed into DSP p_reg_reg.
DSP Report: operator m_reg0 is absorbed into DSP p_reg_reg.
DSP Report: Generating DSP p_reg_reg, operation Mode is: (0 or P)+(A2*B2)'.
DSP Report: register b_reg_reg is absorbed into DSP p_reg_reg.
DSP Report: register a_reg_reg is absorbed into DSP p_reg_reg.
DSP Report: register p_reg_reg is absorbed into DSP p_reg_reg.
DSP Report: register m_reg_reg is absorbed into DSP p_reg_reg.
DSP Report: operator p_reg0 is absorbed into DSP p_reg_reg.
DSP Report: operator m_reg0 is absorbed into DSP p_reg_reg.
DSP Report: Generating DSP p_reg_reg, operation Mode is: (0 or P)+(A2*B2)'.
DSP Report: register b_reg_reg is absorbed into DSP p_reg_reg.
DSP Report: register a_reg_reg is absorbed into DSP p_reg_reg.
DSP Report: register p_reg_reg is absorbed into DSP p_reg_reg.
DSP Report: register m_reg_reg is absorbed into DSP p_reg_reg.
DSP Report: operator p_reg0 is absorbed into DSP p_reg_reg.
DSP Report: operator m_reg0 is absorbed into DSP p_reg_reg.
DSP Report: Generating DSP p_reg_reg, operation Mode is: (0 or P)+(A2*B2)'.
DSP Report: register b_reg_reg is absorbed into DSP p_reg_reg.
DSP Report: register a_reg_reg is absorbed into DSP p_reg_reg.
DSP Report: register p_reg_reg is absorbed into DSP p_reg_reg.
DSP Report: register m_reg_reg is absorbed into DSP p_reg_reg.
DSP Report: operator p_reg0 is absorbed into DSP p_reg_reg.
DSP Report: operator m_reg0 is absorbed into DSP p_reg_reg.
DSP Report: Generating DSP p_reg_reg, operation Mode is: (0 or P)+(A2*B2)'.
DSP Report: register b_reg_reg is absorbed into DSP p_reg_reg.
DSP Report: register a_reg_reg is absorbed into DSP p_reg_reg.
DSP Report: register p_reg_reg is absorbed into DSP p_reg_reg.
DSP Report: register m_reg_reg is absorbed into DSP p_reg_reg.
DSP Report: operator p_reg0 is absorbed into DSP p_reg_reg.
DSP Report: operator m_reg0 is absorbed into DSP p_reg_reg.
DSP Report: Generating DSP p_reg_reg, operation Mode is: (0 or P)+(A2*B2)'.
DSP Report: register b_reg_reg is absorbed into DSP p_reg_reg.
DSP Report: register a_reg_reg is absorbed into DSP p_reg_reg.
DSP Report: register p_reg_reg is absorbed into DSP p_reg_reg.
DSP Report: register m_reg_reg is absorbed into DSP p_reg_reg.
DSP Report: operator p_reg0 is absorbed into DSP p_reg_reg.
DSP Report: operator m_reg0 is absorbed into DSP p_reg_reg.
DSP Report: Generating DSP p_reg_reg, operation Mode is: (0 or P)+(A2*B2)'.
DSP Report: register b_reg_reg is absorbed into DSP p_reg_reg.
DSP Report: register a_reg_reg is absorbed into DSP p_reg_reg.
DSP Report: register p_reg_reg is absorbed into DSP p_reg_reg.
DSP Report: register m_reg_reg is absorbed into DSP p_reg_reg.
DSP Report: operator p_reg0 is absorbed into DSP p_reg_reg.
DSP Report: operator m_reg0 is absorbed into DSP p_reg_reg.
DSP Report: Generating DSP p_reg_reg, operation Mode is: (0 or P)+(A2*B2)'.
DSP Report: register b_reg_reg is absorbed into DSP p_reg_reg.
DSP Report: register a_reg_reg is absorbed into DSP p_reg_reg.
DSP Report: register p_reg_reg is absorbed into DSP p_reg_reg.
DSP Report: register m_reg_reg is absorbed into DSP p_reg_reg.
DSP Report: operator p_reg0 is absorbed into DSP p_reg_reg.
DSP Report: operator m_reg0 is absorbed into DSP p_reg_reg.
DSP Report: Generating DSP p_reg_reg, operation Mode is: (0 or P)+(A2*B2)'.
DSP Report: register b_reg_reg is absorbed into DSP p_reg_reg.
DSP Report: register a_reg_reg is absorbed into DSP p_reg_reg.
DSP Report: register p_reg_reg is absorbed into DSP p_reg_reg.
DSP Report: register m_reg_reg is absorbed into DSP p_reg_reg.
DSP Report: operator p_reg0 is absorbed into DSP p_reg_reg.
DSP Report: operator m_reg0 is absorbed into DSP p_reg_reg.
DSP Report: Generating DSP p_reg_reg, operation Mode is: (0 or P)+(A2*B2)'.
DSP Report: register b_reg_reg is absorbed into DSP p_reg_reg.
DSP Report: register a_reg_reg is absorbed into DSP p_reg_reg.
DSP Report: register p_reg_reg is absorbed into DSP p_reg_reg.
DSP Report: register m_reg_reg is absorbed into DSP p_reg_reg.
DSP Report: operator p_reg0 is absorbed into DSP p_reg_reg.
DSP Report: operator m_reg0 is absorbed into DSP p_reg_reg.
DSP Report: Generating DSP p_reg_reg, operation Mode is: (0 or P)+(A2*B2)'.
DSP Report: register b_reg_reg is absorbed into DSP p_reg_reg.
DSP Report: register a_reg_reg is absorbed into DSP p_reg_reg.
DSP Report: register p_reg_reg is absorbed into DSP p_reg_reg.
DSP Report: register m_reg_reg is absorbed into DSP p_reg_reg.
DSP Report: operator p_reg0 is absorbed into DSP p_reg_reg.
DSP Report: operator m_reg0 is absorbed into DSP p_reg_reg.
DSP Report: Generating DSP p_reg_reg, operation Mode is: (0 or P)+(A2*B2)'.
DSP Report: register b_reg_reg is absorbed into DSP p_reg_reg.
DSP Report: register a_reg_reg is absorbed into DSP p_reg_reg.
DSP Report: register p_reg_reg is absorbed into DSP p_reg_reg.
DSP Report: register m_reg_reg is absorbed into DSP p_reg_reg.
DSP Report: operator p_reg0 is absorbed into DSP p_reg_reg.
DSP Report: operator m_reg0 is absorbed into DSP p_reg_reg.
DSP Report: Generating DSP p_reg_reg, operation Mode is: (0 or P)+(A2*B2)'.
DSP Report: register b_reg_reg is absorbed into DSP p_reg_reg.
DSP Report: register a_reg_reg is absorbed into DSP p_reg_reg.
DSP Report: register p_reg_reg is absorbed into DSP p_reg_reg.
DSP Report: register m_reg_reg is absorbed into DSP p_reg_reg.
DSP Report: operator p_reg0 is absorbed into DSP p_reg_reg.
DSP Report: operator m_reg0 is absorbed into DSP p_reg_reg.
DSP Report: Generating DSP p_reg_reg, operation Mode is: (0 or P)+(A2*B2)'.
DSP Report: register b_reg_reg is absorbed into DSP p_reg_reg.
DSP Report: register a_reg_reg is absorbed into DSP p_reg_reg.
DSP Report: register p_reg_reg is absorbed into DSP p_reg_reg.
DSP Report: register m_reg_reg is absorbed into DSP p_reg_reg.
DSP Report: operator p_reg0 is absorbed into DSP p_reg_reg.
DSP Report: operator m_reg0 is absorbed into DSP p_reg_reg.
DSP Report: Generating DSP p_reg_reg, operation Mode is: (0 or P)+(A2*B2)'.
DSP Report: register b_reg_reg is absorbed into DSP p_reg_reg.
DSP Report: register a_reg_reg is absorbed into DSP p_reg_reg.
DSP Report: register p_reg_reg is absorbed into DSP p_reg_reg.
DSP Report: register m_reg_reg is absorbed into DSP p_reg_reg.
DSP Report: operator p_reg0 is absorbed into DSP p_reg_reg.
DSP Report: operator m_reg0 is absorbed into DSP p_reg_reg.
DSP Report: Generating DSP p_reg_reg, operation Mode is: (0 or P)+(A2*B2)'.
DSP Report: register b_reg_reg is absorbed into DSP p_reg_reg.
DSP Report: register a_reg_reg is absorbed into DSP p_reg_reg.
DSP Report: register p_reg_reg is absorbed into DSP p_reg_reg.
DSP Report: register m_reg_reg is absorbed into DSP p_reg_reg.
DSP Report: operator p_reg0 is absorbed into DSP p_reg_reg.
DSP Report: operator m_reg0 is absorbed into DSP p_reg_reg.
DSP Report: Generating DSP p_reg_reg, operation Mode is: (0 or P)+(A2*B2)'.
DSP Report: register b_reg_reg is absorbed into DSP p_reg_reg.
DSP Report: register a_reg_reg is absorbed into DSP p_reg_reg.
DSP Report: register p_reg_reg is absorbed into DSP p_reg_reg.
DSP Report: register m_reg_reg is absorbed into DSP p_reg_reg.
DSP Report: operator p_reg0 is absorbed into DSP p_reg_reg.
DSP Report: operator m_reg0 is absorbed into DSP p_reg_reg.
DSP Report: Generating DSP p_reg_reg, operation Mode is: (0 or P)+(A2*B2)'.
DSP Report: register b_reg_reg is absorbed into DSP p_reg_reg.
DSP Report: register a_reg_reg is absorbed into DSP p_reg_reg.
DSP Report: register p_reg_reg is absorbed into DSP p_reg_reg.
DSP Report: register m_reg_reg is absorbed into DSP p_reg_reg.
DSP Report: operator p_reg0 is absorbed into DSP p_reg_reg.
DSP Report: operator m_reg0 is absorbed into DSP p_reg_reg.
DSP Report: Generating DSP p_reg_reg, operation Mode is: (0 or P)+(A2*B2)'.
DSP Report: register b_reg_reg is absorbed into DSP p_reg_reg.
DSP Report: register a_reg_reg is absorbed into DSP p_reg_reg.
DSP Report: register p_reg_reg is absorbed into DSP p_reg_reg.
DSP Report: register m_reg_reg is absorbed into DSP p_reg_reg.
DSP Report: operator p_reg0 is absorbed into DSP p_reg_reg.
DSP Report: operator m_reg0 is absorbed into DSP p_reg_reg.
DSP Report: Generating DSP p_reg_reg, operation Mode is: (0 or P)+(A2*B2)'.
DSP Report: register b_reg_reg is absorbed into DSP p_reg_reg.
DSP Report: register a_reg_reg is absorbed into DSP p_reg_reg.
DSP Report: register p_reg_reg is absorbed into DSP p_reg_reg.
DSP Report: register m_reg_reg is absorbed into DSP p_reg_reg.
DSP Report: operator p_reg0 is absorbed into DSP p_reg_reg.
DSP Report: operator m_reg0 is absorbed into DSP p_reg_reg.
DSP Report: Generating DSP p_reg_reg, operation Mode is: (0 or P)+(A2*B2)'.
DSP Report: register b_reg_reg is absorbed into DSP p_reg_reg.
DSP Report: register a_reg_reg is absorbed into DSP p_reg_reg.
DSP Report: register p_reg_reg is absorbed into DSP p_reg_reg.
DSP Report: register m_reg_reg is absorbed into DSP p_reg_reg.
DSP Report: operator p_reg0 is absorbed into DSP p_reg_reg.
DSP Report: operator m_reg0 is absorbed into DSP p_reg_reg.
DSP Report: Generating DSP p_reg_reg, operation Mode is: (0 or P)+(A2*B2)'.
DSP Report: register b_reg_reg is absorbed into DSP p_reg_reg.
DSP Report: register a_reg_reg is absorbed into DSP p_reg_reg.
DSP Report: register p_reg_reg is absorbed into DSP p_reg_reg.
DSP Report: register m_reg_reg is absorbed into DSP p_reg_reg.
DSP Report: operator p_reg0 is absorbed into DSP p_reg_reg.
DSP Report: operator m_reg0 is absorbed into DSP p_reg_reg.
DSP Report: Generating DSP p_reg_reg, operation Mode is: (0 or P)+(A2*B2)'.
DSP Report: register b_reg_reg is absorbed into DSP p_reg_reg.
DSP Report: register a_reg_reg is absorbed into DSP p_reg_reg.
DSP Report: register p_reg_reg is absorbed into DSP p_reg_reg.
DSP Report: register m_reg_reg is absorbed into DSP p_reg_reg.
DSP Report: operator p_reg0 is absorbed into DSP p_reg_reg.
DSP Report: operator m_reg0 is absorbed into DSP p_reg_reg.
DSP Report: Generating DSP p_reg_reg, operation Mode is: (0 or P)+(A2*B2)'.
DSP Report: register b_reg_reg is absorbed into DSP p_reg_reg.
DSP Report: register a_reg_reg is absorbed into DSP p_reg_reg.
DSP Report: register p_reg_reg is absorbed into DSP p_reg_reg.
DSP Report: register m_reg_reg is absorbed into DSP p_reg_reg.
DSP Report: operator p_reg0 is absorbed into DSP p_reg_reg.
DSP Report: operator m_reg0 is absorbed into DSP p_reg_reg.
DSP Report: Generating DSP p_reg_reg, operation Mode is: (0 or P)+(A2*B2)'.
DSP Report: register b_reg_reg is absorbed into DSP p_reg_reg.
DSP Report: register a_reg_reg is absorbed into DSP p_reg_reg.
DSP Report: register p_reg_reg is absorbed into DSP p_reg_reg.
DSP Report: register m_reg_reg is absorbed into DSP p_reg_reg.
DSP Report: operator p_reg0 is absorbed into DSP p_reg_reg.
DSP Report: operator m_reg0 is absorbed into DSP p_reg_reg.
DSP Report: Generating DSP p_reg_reg, operation Mode is: (0 or P)+(A2*B2)'.
DSP Report: register b_reg_reg is absorbed into DSP p_reg_reg.
DSP Report: register a_reg_reg is absorbed into DSP p_reg_reg.
DSP Report: register p_reg_reg is absorbed into DSP p_reg_reg.
DSP Report: register m_reg_reg is absorbed into DSP p_reg_reg.
DSP Report: operator p_reg0 is absorbed into DSP p_reg_reg.
DSP Report: operator m_reg0 is absorbed into DSP p_reg_reg.
DSP Report: Generating DSP p_reg_reg, operation Mode is: (0 or P)+(A2*B2)'.
DSP Report: register b_reg_reg is absorbed into DSP p_reg_reg.
DSP Report: register a_reg_reg is absorbed into DSP p_reg_reg.
DSP Report: register p_reg_reg is absorbed into DSP p_reg_reg.
DSP Report: register m_reg_reg is absorbed into DSP p_reg_reg.
DSP Report: operator p_reg0 is absorbed into DSP p_reg_reg.
DSP Report: operator m_reg0 is absorbed into DSP p_reg_reg.
DSP Report: Generating DSP p_reg_reg, operation Mode is: (0 or P)+(A2*B2)'.
DSP Report: register b_reg_reg is absorbed into DSP p_reg_reg.
DSP Report: register a_reg_reg is absorbed into DSP p_reg_reg.
DSP Report: register p_reg_reg is absorbed into DSP p_reg_reg.
DSP Report: register m_reg_reg is absorbed into DSP p_reg_reg.
DSP Report: operator p_reg0 is absorbed into DSP p_reg_reg.
DSP Report: operator m_reg0 is absorbed into DSP p_reg_reg.
DSP Report: Generating DSP p_reg_reg, operation Mode is: (0 or P)+(A2*B2)'.
DSP Report: register b_reg_reg is absorbed into DSP p_reg_reg.
DSP Report: register a_reg_reg is absorbed into DSP p_reg_reg.
DSP Report: register p_reg_reg is absorbed into DSP p_reg_reg.
DSP Report: register m_reg_reg is absorbed into DSP p_reg_reg.
DSP Report: operator p_reg0 is absorbed into DSP p_reg_reg.
DSP Report: operator m_reg0 is absorbed into DSP p_reg_reg.
DSP Report: Generating DSP p_reg_reg, operation Mode is: (0 or P)+(A2*B2)'.
DSP Report: register b_reg_reg is absorbed into DSP p_reg_reg.
DSP Report: register a_reg_reg is absorbed into DSP p_reg_reg.
DSP Report: register p_reg_reg is absorbed into DSP p_reg_reg.
DSP Report: register m_reg_reg is absorbed into DSP p_reg_reg.
DSP Report: operator p_reg0 is absorbed into DSP p_reg_reg.
DSP Report: operator m_reg0 is absorbed into DSP p_reg_reg.
DSP Report: Generating DSP p_reg_reg, operation Mode is: (0 or P)+(A2*B2)'.
DSP Report: register b_reg_reg is absorbed into DSP p_reg_reg.
DSP Report: register a_reg_reg is absorbed into DSP p_reg_reg.
DSP Report: register p_reg_reg is absorbed into DSP p_reg_reg.
DSP Report: register m_reg_reg is absorbed into DSP p_reg_reg.
DSP Report: operator p_reg0 is absorbed into DSP p_reg_reg.
DSP Report: operator m_reg0 is absorbed into DSP p_reg_reg.
DSP Report: Generating DSP p_reg_reg, operation Mode is: (0 or P)+(A2*B2)'.
DSP Report: register b_reg_reg is absorbed into DSP p_reg_reg.
DSP Report: register a_reg_reg is absorbed into DSP p_reg_reg.
DSP Report: register p_reg_reg is absorbed into DSP p_reg_reg.
DSP Report: register m_reg_reg is absorbed into DSP p_reg_reg.
DSP Report: operator p_reg0 is absorbed into DSP p_reg_reg.
DSP Report: operator m_reg0 is absorbed into DSP p_reg_reg.
DSP Report: Generating DSP p_reg_reg, operation Mode is: (0 or P)+(A2*B2)'.
DSP Report: register b_reg_reg is absorbed into DSP p_reg_reg.
DSP Report: register a_reg_reg is absorbed into DSP p_reg_reg.
DSP Report: register p_reg_reg is absorbed into DSP p_reg_reg.
DSP Report: register m_reg_reg is absorbed into DSP p_reg_reg.
DSP Report: operator p_reg0 is absorbed into DSP p_reg_reg.
DSP Report: operator m_reg0 is absorbed into DSP p_reg_reg.
DSP Report: Generating DSP p_reg_reg, operation Mode is: (0 or P)+(A2*B2)'.
DSP Report: register b_reg_reg is absorbed into DSP p_reg_reg.
DSP Report: register a_reg_reg is absorbed into DSP p_reg_reg.
DSP Report: register p_reg_reg is absorbed into DSP p_reg_reg.
DSP Report: register m_reg_reg is absorbed into DSP p_reg_reg.
DSP Report: operator p_reg0 is absorbed into DSP p_reg_reg.
DSP Report: operator m_reg0 is absorbed into DSP p_reg_reg.
DSP Report: Generating DSP p_reg_reg, operation Mode is: (0 or P)+(A2*B2)'.
DSP Report: register b_reg_reg is absorbed into DSP p_reg_reg.
DSP Report: register a_reg_reg is absorbed into DSP p_reg_reg.
DSP Report: register p_reg_reg is absorbed into DSP p_reg_reg.
DSP Report: register m_reg_reg is absorbed into DSP p_reg_reg.
DSP Report: operator p_reg0 is absorbed into DSP p_reg_reg.
DSP Report: operator m_reg0 is absorbed into DSP p_reg_reg.
DSP Report: Generating DSP p_reg_reg, operation Mode is: (0 or P)+(A2*B2)'.
DSP Report: register b_reg_reg is absorbed into DSP p_reg_reg.
DSP Report: register a_reg_reg is absorbed into DSP p_reg_reg.
DSP Report: register p_reg_reg is absorbed into DSP p_reg_reg.
DSP Report: register m_reg_reg is absorbed into DSP p_reg_reg.
DSP Report: operator p_reg0 is absorbed into DSP p_reg_reg.
DSP Report: operator m_reg0 is absorbed into DSP p_reg_reg.
DSP Report: Generating DSP p_reg_reg, operation Mode is: (0 or P)+(A2*B2)'.
DSP Report: register b_reg_reg is absorbed into DSP p_reg_reg.
DSP Report: register a_reg_reg is absorbed into DSP p_reg_reg.
DSP Report: register p_reg_reg is absorbed into DSP p_reg_reg.
DSP Report: register m_reg_reg is absorbed into DSP p_reg_reg.
DSP Report: operator p_reg0 is absorbed into DSP p_reg_reg.
DSP Report: operator m_reg0 is absorbed into DSP p_reg_reg.
DSP Report: Generating DSP p_reg_reg, operation Mode is: (0 or P)+(A2*B2)'.
DSP Report: register b_reg_reg is absorbed into DSP p_reg_reg.
DSP Report: register a_reg_reg is absorbed into DSP p_reg_reg.
DSP Report: register p_reg_reg is absorbed into DSP p_reg_reg.
DSP Report: register m_reg_reg is absorbed into DSP p_reg_reg.
DSP Report: operator p_reg0 is absorbed into DSP p_reg_reg.
DSP Report: operator m_reg0 is absorbed into DSP p_reg_reg.
DSP Report: Generating DSP p_reg_reg, operation Mode is: (0 or P)+(A2*B2)'.
DSP Report: register b_reg_reg is absorbed into DSP p_reg_reg.
DSP Report: register a_reg_reg is absorbed into DSP p_reg_reg.
DSP Report: register p_reg_reg is absorbed into DSP p_reg_reg.
DSP Report: register m_reg_reg is absorbed into DSP p_reg_reg.
DSP Report: operator p_reg0 is absorbed into DSP p_reg_reg.
DSP Report: operator m_reg0 is absorbed into DSP p_reg_reg.
DSP Report: Generating DSP p_reg_reg, operation Mode is: (0 or P)+(A2*B2)'.
DSP Report: register b_reg_reg is absorbed into DSP p_reg_reg.
DSP Report: register a_reg_reg is absorbed into DSP p_reg_reg.
DSP Report: register p_reg_reg is absorbed into DSP p_reg_reg.
DSP Report: register m_reg_reg is absorbed into DSP p_reg_reg.
DSP Report: operator p_reg0 is absorbed into DSP p_reg_reg.
DSP Report: operator m_reg0 is absorbed into DSP p_reg_reg.
DSP Report: Generating DSP p_reg_reg, operation Mode is: (0 or P)+(A2*B2)'.
DSP Report: register b_reg_reg is absorbed into DSP p_reg_reg.
DSP Report: register a_reg_reg is absorbed into DSP p_reg_reg.
DSP Report: register p_reg_reg is absorbed into DSP p_reg_reg.
DSP Report: register m_reg_reg is absorbed into DSP p_reg_reg.
DSP Report: operator p_reg0 is absorbed into DSP p_reg_reg.
DSP Report: operator m_reg0 is absorbed into DSP p_reg_reg.
DSP Report: Generating DSP p_reg_reg, operation Mode is: (0 or P)+(A2*B2)'.
DSP Report: register b_reg_reg is absorbed into DSP p_reg_reg.
DSP Report: register a_reg_reg is absorbed into DSP p_reg_reg.
DSP Report: register p_reg_reg is absorbed into DSP p_reg_reg.
DSP Report: register m_reg_reg is absorbed into DSP p_reg_reg.
DSP Report: operator p_reg0 is absorbed into DSP p_reg_reg.
DSP Report: operator m_reg0 is absorbed into DSP p_reg_reg.
DSP Report: Generating DSP p_reg_reg, operation Mode is: (0 or P)+(A2*B2)'.
DSP Report: register b_reg_reg is absorbed into DSP p_reg_reg.
DSP Report: register a_reg_reg is absorbed into DSP p_reg_reg.
DSP Report: register p_reg_reg is absorbed into DSP p_reg_reg.
DSP Report: register m_reg_reg is absorbed into DSP p_reg_reg.
DSP Report: operator p_reg0 is absorbed into DSP p_reg_reg.
DSP Report: operator m_reg0 is absorbed into DSP p_reg_reg.
DSP Report: Generating DSP p_reg_reg, operation Mode is: (0 or P)+(A2*B2)'.
DSP Report: register b_reg_reg is absorbed into DSP p_reg_reg.
DSP Report: register a_reg_reg is absorbed into DSP p_reg_reg.
DSP Report: register p_reg_reg is absorbed into DSP p_reg_reg.
DSP Report: register m_reg_reg is absorbed into DSP p_reg_reg.
DSP Report: operator p_reg0 is absorbed into DSP p_reg_reg.
DSP Report: operator m_reg0 is absorbed into DSP p_reg_reg.
DSP Report: Generating DSP p_reg_reg, operation Mode is: (0 or P)+(A2*B2)'.
DSP Report: register b_reg_reg is absorbed into DSP p_reg_reg.
DSP Report: register a_reg_reg is absorbed into DSP p_reg_reg.
DSP Report: register p_reg_reg is absorbed into DSP p_reg_reg.
DSP Report: register m_reg_reg is absorbed into DSP p_reg_reg.
DSP Report: operator p_reg0 is absorbed into DSP p_reg_reg.
DSP Report: operator m_reg0 is absorbed into DSP p_reg_reg.
DSP Report: Generating DSP p_reg_reg, operation Mode is: (0 or P)+(A2*B2)'.
DSP Report: register b_reg_reg is absorbed into DSP p_reg_reg.
DSP Report: register a_reg_reg is absorbed into DSP p_reg_reg.
DSP Report: register p_reg_reg is absorbed into DSP p_reg_reg.
DSP Report: register m_reg_reg is absorbed into DSP p_reg_reg.
DSP Report: operator p_reg0 is absorbed into DSP p_reg_reg.
DSP Report: operator m_reg0 is absorbed into DSP p_reg_reg.
DSP Report: Generating DSP p_reg_reg, operation Mode is: (0 or P)+(A2*B2)'.
DSP Report: register b_reg_reg is absorbed into DSP p_reg_reg.
DSP Report: register a_reg_reg is absorbed into DSP p_reg_reg.
DSP Report: register p_reg_reg is absorbed into DSP p_reg_reg.
DSP Report: register m_reg_reg is absorbed into DSP p_reg_reg.
DSP Report: operator p_reg0 is absorbed into DSP p_reg_reg.
DSP Report: operator m_reg0 is absorbed into DSP p_reg_reg.
DSP Report: Generating DSP p_reg_reg, operation Mode is: (0 or P)+(A2*B2)'.
DSP Report: register b_reg_reg is absorbed into DSP p_reg_reg.
DSP Report: register a_reg_reg is absorbed into DSP p_reg_reg.
DSP Report: register p_reg_reg is absorbed into DSP p_reg_reg.
DSP Report: register m_reg_reg is absorbed into DSP p_reg_reg.
DSP Report: operator p_reg0 is absorbed into DSP p_reg_reg.
DSP Report: operator m_reg0 is absorbed into DSP p_reg_reg.
DSP Report: Generating DSP p_reg_reg, operation Mode is: (0 or P)+(A2*B2)'.
DSP Report: register b_reg_reg is absorbed into DSP p_reg_reg.
DSP Report: register a_reg_reg is absorbed into DSP p_reg_reg.
DSP Report: register p_reg_reg is absorbed into DSP p_reg_reg.
DSP Report: register m_reg_reg is absorbed into DSP p_reg_reg.
DSP Report: operator p_reg0 is absorbed into DSP p_reg_reg.
DSP Report: operator m_reg0 is absorbed into DSP p_reg_reg.
DSP Report: Generating DSP p_reg_reg, operation Mode is: (0 or P)+(A2*B2)'.
DSP Report: register b_reg_reg is absorbed into DSP p_reg_reg.
DSP Report: register a_reg_reg is absorbed into DSP p_reg_reg.
DSP Report: register p_reg_reg is absorbed into DSP p_reg_reg.
DSP Report: register m_reg_reg is absorbed into DSP p_reg_reg.
DSP Report: operator p_reg0 is absorbed into DSP p_reg_reg.
DSP Report: operator m_reg0 is absorbed into DSP p_reg_reg.
DSP Report: Generating DSP p_reg_reg, operation Mode is: (0 or P)+(A2*B2)'.
DSP Report: register b_reg_reg is absorbed into DSP p_reg_reg.
DSP Report: register a_reg_reg is absorbed into DSP p_reg_reg.
DSP Report: register p_reg_reg is absorbed into DSP p_reg_reg.
DSP Report: register m_reg_reg is absorbed into DSP p_reg_reg.
DSP Report: operator p_reg0 is absorbed into DSP p_reg_reg.
DSP Report: operator m_reg0 is absorbed into DSP p_reg_reg.
DSP Report: Generating DSP p_reg_reg, operation Mode is: (0 or P)+(A2*B2)'.
DSP Report: register b_reg_reg is absorbed into DSP p_reg_reg.
DSP Report: register a_reg_reg is absorbed into DSP p_reg_reg.
DSP Report: register p_reg_reg is absorbed into DSP p_reg_reg.
DSP Report: register m_reg_reg is absorbed into DSP p_reg_reg.
DSP Report: operator p_reg0 is absorbed into DSP p_reg_reg.
DSP Report: operator m_reg0 is absorbed into DSP p_reg_reg.
DSP Report: Generating DSP p_reg_reg, operation Mode is: (0 or P)+(A2*B2)'.
DSP Report: register b_reg_reg is absorbed into DSP p_reg_reg.
DSP Report: register a_reg_reg is absorbed into DSP p_reg_reg.
DSP Report: register p_reg_reg is absorbed into DSP p_reg_reg.
DSP Report: register m_reg_reg is absorbed into DSP p_reg_reg.
DSP Report: operator p_reg0 is absorbed into DSP p_reg_reg.
DSP Report: operator m_reg0 is absorbed into DSP p_reg_reg.
DSP Report: Generating DSP p_reg_reg, operation Mode is: (0 or P)+(A2*B2)'.
DSP Report: register b_reg_reg is absorbed into DSP p_reg_reg.
DSP Report: register a_reg_reg is absorbed into DSP p_reg_reg.
DSP Report: register p_reg_reg is absorbed into DSP p_reg_reg.
DSP Report: register m_reg_reg is absorbed into DSP p_reg_reg.
DSP Report: operator p_reg0 is absorbed into DSP p_reg_reg.
DSP Report: operator m_reg0 is absorbed into DSP p_reg_reg.
DSP Report: Generating DSP p_reg_reg, operation Mode is: (0 or P)+(A2*B2)'.
DSP Report: register b_reg_reg is absorbed into DSP p_reg_reg.
DSP Report: register a_reg_reg is absorbed into DSP p_reg_reg.
DSP Report: register p_reg_reg is absorbed into DSP p_reg_reg.
DSP Report: register m_reg_reg is absorbed into DSP p_reg_reg.
DSP Report: operator p_reg0 is absorbed into DSP p_reg_reg.
DSP Report: operator m_reg0 is absorbed into DSP p_reg_reg.
DSP Report: Generating DSP p_reg_reg, operation Mode is: (0 or P)+(A2*B2)'.
DSP Report: register b_reg_reg is absorbed into DSP p_reg_reg.
DSP Report: register a_reg_reg is absorbed into DSP p_reg_reg.
DSP Report: register p_reg_reg is absorbed into DSP p_reg_reg.
DSP Report: register m_reg_reg is absorbed into DSP p_reg_reg.
DSP Report: operator p_reg0 is absorbed into DSP p_reg_reg.
DSP Report: operator m_reg0 is absorbed into DSP p_reg_reg.
DSP Report: Generating DSP p_reg_reg, operation Mode is: (0 or P)+(A2*B2)'.
DSP Report: register b_reg_reg is absorbed into DSP p_reg_reg.
DSP Report: register a_reg_reg is absorbed into DSP p_reg_reg.
DSP Report: register p_reg_reg is absorbed into DSP p_reg_reg.
DSP Report: register m_reg_reg is absorbed into DSP p_reg_reg.
DSP Report: operator p_reg0 is absorbed into DSP p_reg_reg.
DSP Report: operator m_reg0 is absorbed into DSP p_reg_reg.
DSP Report: Generating DSP p_reg_reg, operation Mode is: (0 or P)+(A2*B2)'.
DSP Report: register b_reg_reg is absorbed into DSP p_reg_reg.
DSP Report: register a_reg_reg is absorbed into DSP p_reg_reg.
DSP Report: register p_reg_reg is absorbed into DSP p_reg_reg.
DSP Report: register m_reg_reg is absorbed into DSP p_reg_reg.
DSP Report: operator p_reg0 is absorbed into DSP p_reg_reg.
DSP Report: operator m_reg0 is absorbed into DSP p_reg_reg.
DSP Report: Generating DSP p_reg_reg, operation Mode is: (0 or P)+(A2*B2)'.
DSP Report: register b_reg_reg is absorbed into DSP p_reg_reg.
DSP Report: register a_reg_reg is absorbed into DSP p_reg_reg.
DSP Report: register p_reg_reg is absorbed into DSP p_reg_reg.
DSP Report: register m_reg_reg is absorbed into DSP p_reg_reg.
DSP Report: operator p_reg0 is absorbed into DSP p_reg_reg.
DSP Report: operator m_reg0 is absorbed into DSP p_reg_reg.
DSP Report: Generating DSP p_reg_reg, operation Mode is: (0 or P)+(A2*B2)'.
DSP Report: register b_reg_reg is absorbed into DSP p_reg_reg.
DSP Report: register a_reg_reg is absorbed into DSP p_reg_reg.
DSP Report: register p_reg_reg is absorbed into DSP p_reg_reg.
DSP Report: register m_reg_reg is absorbed into DSP p_reg_reg.
DSP Report: operator p_reg0 is absorbed into DSP p_reg_reg.
DSP Report: operator m_reg0 is absorbed into DSP p_reg_reg.
DSP Report: Generating DSP p_reg_reg, operation Mode is: (0 or P)+(A2*B2)'.
DSP Report: register b_reg_reg is absorbed into DSP p_reg_reg.
DSP Report: register a_reg_reg is absorbed into DSP p_reg_reg.
DSP Report: register p_reg_reg is absorbed into DSP p_reg_reg.
DSP Report: register m_reg_reg is absorbed into DSP p_reg_reg.
DSP Report: operator p_reg0 is absorbed into DSP p_reg_reg.
DSP Report: operator m_reg0 is absorbed into DSP p_reg_reg.
DSP Report: Generating DSP p_reg_reg, operation Mode is: (0 or P)+(A2*B2)'.
DSP Report: register b_reg_reg is absorbed into DSP p_reg_reg.
DSP Report: register a_reg_reg is absorbed into DSP p_reg_reg.
DSP Report: register p_reg_reg is absorbed into DSP p_reg_reg.
DSP Report: register m_reg_reg is absorbed into DSP p_reg_reg.
DSP Report: operator p_reg0 is absorbed into DSP p_reg_reg.
DSP Report: operator m_reg0 is absorbed into DSP p_reg_reg.
DSP Report: Generating DSP p_reg_reg, operation Mode is: (0 or P)+(A2*B2)'.
DSP Report: register b_reg_reg is absorbed into DSP p_reg_reg.
DSP Report: register a_reg_reg is absorbed into DSP p_reg_reg.
DSP Report: register p_reg_reg is absorbed into DSP p_reg_reg.
DSP Report: register m_reg_reg is absorbed into DSP p_reg_reg.
DSP Report: operator p_reg0 is absorbed into DSP p_reg_reg.
DSP Report: operator m_reg0 is absorbed into DSP p_reg_reg.
DSP Report: Generating DSP p_reg_reg, operation Mode is: (0 or P)+(A2*B2)'.
DSP Report: register b_reg_reg is absorbed into DSP p_reg_reg.
DSP Report: register a_reg_reg is absorbed into DSP p_reg_reg.
DSP Report: register p_reg_reg is absorbed into DSP p_reg_reg.
DSP Report: register m_reg_reg is absorbed into DSP p_reg_reg.
DSP Report: operator p_reg0 is absorbed into DSP p_reg_reg.
DSP Report: operator m_reg0 is absorbed into DSP p_reg_reg.
DSP Report: Generating DSP p_reg_reg, operation Mode is: (0 or P)+(A2*B2)'.
DSP Report: register b_reg_reg is absorbed into DSP p_reg_reg.
DSP Report: register a_reg_reg is absorbed into DSP p_reg_reg.
DSP Report: register p_reg_reg is absorbed into DSP p_reg_reg.
DSP Report: register m_reg_reg is absorbed into DSP p_reg_reg.
DSP Report: operator p_reg0 is absorbed into DSP p_reg_reg.
DSP Report: operator m_reg0 is absorbed into DSP p_reg_reg.
DSP Report: Generating DSP p_reg_reg, operation Mode is: (0 or P)+(A2*B2)'.
DSP Report: register b_reg_reg is absorbed into DSP p_reg_reg.
DSP Report: register a_reg_reg is absorbed into DSP p_reg_reg.
DSP Report: register p_reg_reg is absorbed into DSP p_reg_reg.
DSP Report: register m_reg_reg is absorbed into DSP p_reg_reg.
DSP Report: operator p_reg0 is absorbed into DSP p_reg_reg.
DSP Report: operator m_reg0 is absorbed into DSP p_reg_reg.
DSP Report: Generating DSP p_reg_reg, operation Mode is: (0 or P)+(A2*B2)'.
DSP Report: register b_reg_reg is absorbed into DSP p_reg_reg.
DSP Report: register a_reg_reg is absorbed into DSP p_reg_reg.
DSP Report: register p_reg_reg is absorbed into DSP p_reg_reg.
DSP Report: register m_reg_reg is absorbed into DSP p_reg_reg.
DSP Report: operator p_reg0 is absorbed into DSP p_reg_reg.
DSP Report: operator m_reg0 is absorbed into DSP p_reg_reg.
DSP Report: Generating DSP p_reg_reg, operation Mode is: (0 or P)+(A2*B2)'.
DSP Report: register b_reg_reg is absorbed into DSP p_reg_reg.
DSP Report: register a_reg_reg is absorbed into DSP p_reg_reg.
DSP Report: register p_reg_reg is absorbed into DSP p_reg_reg.
DSP Report: register m_reg_reg is absorbed into DSP p_reg_reg.
DSP Report: operator p_reg0 is absorbed into DSP p_reg_reg.
DSP Report: operator m_reg0 is absorbed into DSP p_reg_reg.
DSP Report: Generating DSP p_reg_reg, operation Mode is: (0 or P)+(A2*B2)'.
DSP Report: register b_reg_reg is absorbed into DSP p_reg_reg.
DSP Report: register a_reg_reg is absorbed into DSP p_reg_reg.
DSP Report: register p_reg_reg is absorbed into DSP p_reg_reg.
DSP Report: register m_reg_reg is absorbed into DSP p_reg_reg.
DSP Report: operator p_reg0 is absorbed into DSP p_reg_reg.
DSP Report: operator m_reg0 is absorbed into DSP p_reg_reg.
DSP Report: Generating DSP p_reg_reg, operation Mode is: (0 or P)+(A2*B2)'.
DSP Report: register b_reg_reg is absorbed into DSP p_reg_reg.
DSP Report: register a_reg_reg is absorbed into DSP p_reg_reg.
DSP Report: register p_reg_reg is absorbed into DSP p_reg_reg.
DSP Report: register m_reg_reg is absorbed into DSP p_reg_reg.
DSP Report: operator p_reg0 is absorbed into DSP p_reg_reg.
DSP Report: operator m_reg0 is absorbed into DSP p_reg_reg.
DSP Report: Generating DSP p_reg_reg, operation Mode is: (0 or P)+(A2*B2)'.
DSP Report: register b_reg_reg is absorbed into DSP p_reg_reg.
DSP Report: register a_reg_reg is absorbed into DSP p_reg_reg.
DSP Report: register p_reg_reg is absorbed into DSP p_reg_reg.
DSP Report: register m_reg_reg is absorbed into DSP p_reg_reg.
DSP Report: operator p_reg0 is absorbed into DSP p_reg_reg.
DSP Report: operator m_reg0 is absorbed into DSP p_reg_reg.
DSP Report: Generating DSP p_reg_reg, operation Mode is: (0 or P)+(A2*B2)'.
DSP Report: register b_reg_reg is absorbed into DSP p_reg_reg.
DSP Report: register a_reg_reg is absorbed into DSP p_reg_reg.
DSP Report: register p_reg_reg is absorbed into DSP p_reg_reg.
DSP Report: register m_reg_reg is absorbed into DSP p_reg_reg.
DSP Report: operator p_reg0 is absorbed into DSP p_reg_reg.
DSP Report: operator m_reg0 is absorbed into DSP p_reg_reg.
DSP Report: Generating DSP p_reg_reg, operation Mode is: (0 or P)+(A2*B2)'.
DSP Report: register b_reg_reg is absorbed into DSP p_reg_reg.
DSP Report: register a_reg_reg is absorbed into DSP p_reg_reg.
DSP Report: register p_reg_reg is absorbed into DSP p_reg_reg.
DSP Report: register m_reg_reg is absorbed into DSP p_reg_reg.
DSP Report: operator p_reg0 is absorbed into DSP p_reg_reg.
DSP Report: operator m_reg0 is absorbed into DSP p_reg_reg.
DSP Report: Generating DSP p_reg_reg, operation Mode is: (0 or P)+(A2*B2)'.
DSP Report: register b_reg_reg is absorbed into DSP p_reg_reg.
DSP Report: register a_reg_reg is absorbed into DSP p_reg_reg.
DSP Report: register p_reg_reg is absorbed into DSP p_reg_reg.
DSP Report: register m_reg_reg is absorbed into DSP p_reg_reg.
DSP Report: operator p_reg0 is absorbed into DSP p_reg_reg.
DSP Report: operator m_reg0 is absorbed into DSP p_reg_reg.
DSP Report: Generating DSP p_reg_reg, operation Mode is: (0 or P)+(A2*B2)'.
DSP Report: register b_reg_reg is absorbed into DSP p_reg_reg.
DSP Report: register a_reg_reg is absorbed into DSP p_reg_reg.
DSP Report: register p_reg_reg is absorbed into DSP p_reg_reg.
DSP Report: register m_reg_reg is absorbed into DSP p_reg_reg.
DSP Report: operator p_reg0 is absorbed into DSP p_reg_reg.
DSP Report: operator m_reg0 is absorbed into DSP p_reg_reg.
DSP Report: Generating DSP p_reg_reg, operation Mode is: (0 or P)+(A2*B2)'.
DSP Report: register b_reg_reg is absorbed into DSP p_reg_reg.
DSP Report: register a_reg_reg is absorbed into DSP p_reg_reg.
DSP Report: register p_reg_reg is absorbed into DSP p_reg_reg.
DSP Report: register m_reg_reg is absorbed into DSP p_reg_reg.
DSP Report: operator p_reg0 is absorbed into DSP p_reg_reg.
DSP Report: operator m_reg0 is absorbed into DSP p_reg_reg.
DSP Report: Generating DSP p_reg_reg, operation Mode is: (0 or P)+(A2*B2)'.
DSP Report: register b_reg_reg is absorbed into DSP p_reg_reg.
DSP Report: register a_reg_reg is absorbed into DSP p_reg_reg.
DSP Report: register p_reg_reg is absorbed into DSP p_reg_reg.
DSP Report: register m_reg_reg is absorbed into DSP p_reg_reg.
DSP Report: operator p_reg0 is absorbed into DSP p_reg_reg.
DSP Report: operator m_reg0 is absorbed into DSP p_reg_reg.
DSP Report: Generating DSP p_reg_reg, operation Mode is: (0 or P)+(A2*B2)'.
DSP Report: register b_reg_reg is absorbed into DSP p_reg_reg.
DSP Report: register a_reg_reg is absorbed into DSP p_reg_reg.
DSP Report: register p_reg_reg is absorbed into DSP p_reg_reg.
DSP Report: register m_reg_reg is absorbed into DSP p_reg_reg.
DSP Report: operator p_reg0 is absorbed into DSP p_reg_reg.
DSP Report: operator m_reg0 is absorbed into DSP p_reg_reg.
DSP Report: Generating DSP p_reg_reg, operation Mode is: (0 or P)+(A2*B2)'.
DSP Report: register b_reg_reg is absorbed into DSP p_reg_reg.
DSP Report: register a_reg_reg is absorbed into DSP p_reg_reg.
DSP Report: register p_reg_reg is absorbed into DSP p_reg_reg.
DSP Report: register m_reg_reg is absorbed into DSP p_reg_reg.
DSP Report: operator p_reg0 is absorbed into DSP p_reg_reg.
DSP Report: operator m_reg0 is absorbed into DSP p_reg_reg.
DSP Report: Generating DSP p_reg_reg, operation Mode is: (0 or P)+(A2*B2)'.
DSP Report: register b_reg_reg is absorbed into DSP p_reg_reg.
DSP Report: register a_reg_reg is absorbed into DSP p_reg_reg.
DSP Report: register p_reg_reg is absorbed into DSP p_reg_reg.
DSP Report: register m_reg_reg is absorbed into DSP p_reg_reg.
DSP Report: operator p_reg0 is absorbed into DSP p_reg_reg.
DSP Report: operator m_reg0 is absorbed into DSP p_reg_reg.
DSP Report: Generating DSP p_reg_reg, operation Mode is: (0 or P)+(A2*B2)'.
DSP Report: register b_reg_reg is absorbed into DSP p_reg_reg.
DSP Report: register a_reg_reg is absorbed into DSP p_reg_reg.
DSP Report: register p_reg_reg is absorbed into DSP p_reg_reg.
DSP Report: register m_reg_reg is absorbed into DSP p_reg_reg.
DSP Report: operator p_reg0 is absorbed into DSP p_reg_reg.
DSP Report: operator m_reg0 is absorbed into DSP p_reg_reg.
DSP Report: Generating DSP p_reg_reg, operation Mode is: (0 or P)+(A2*B2)'.
DSP Report: register b_reg_reg is absorbed into DSP p_reg_reg.
DSP Report: register a_reg_reg is absorbed into DSP p_reg_reg.
DSP Report: register p_reg_reg is absorbed into DSP p_reg_reg.
DSP Report: register m_reg_reg is absorbed into DSP p_reg_reg.
DSP Report: operator p_reg0 is absorbed into DSP p_reg_reg.
DSP Report: operator m_reg0 is absorbed into DSP p_reg_reg.
DSP Report: Generating DSP p_reg_reg, operation Mode is: (0 or P)+(A2*B2)'.
DSP Report: register b_reg_reg is absorbed into DSP p_reg_reg.
DSP Report: register a_reg_reg is absorbed into DSP p_reg_reg.
DSP Report: register p_reg_reg is absorbed into DSP p_reg_reg.
DSP Report: register m_reg_reg is absorbed into DSP p_reg_reg.
DSP Report: operator p_reg0 is absorbed into DSP p_reg_reg.
DSP Report: operator m_reg0 is absorbed into DSP p_reg_reg.
DSP Report: Generating DSP p_reg_reg, operation Mode is: (0 or P)+(A2*B2)'.
DSP Report: register b_reg_reg is absorbed into DSP p_reg_reg.
DSP Report: register a_reg_reg is absorbed into DSP p_reg_reg.
DSP Report: register p_reg_reg is absorbed into DSP p_reg_reg.
DSP Report: register m_reg_reg is absorbed into DSP p_reg_reg.
DSP Report: operator p_reg0 is absorbed into DSP p_reg_reg.
DSP Report: operator m_reg0 is absorbed into DSP p_reg_reg.
DSP Report: Generating DSP p_reg_reg, operation Mode is: (0 or P)+(A2*B2)'.
DSP Report: register b_reg_reg is absorbed into DSP p_reg_reg.
DSP Report: register a_reg_reg is absorbed into DSP p_reg_reg.
DSP Report: register p_reg_reg is absorbed into DSP p_reg_reg.
DSP Report: register m_reg_reg is absorbed into DSP p_reg_reg.
DSP Report: operator p_reg0 is absorbed into DSP p_reg_reg.
DSP Report: operator m_reg0 is absorbed into DSP p_reg_reg.
DSP Report: Generating DSP p_reg_reg, operation Mode is: (0 or P)+(A2*B2)'.
DSP Report: register b_reg_reg is absorbed into DSP p_reg_reg.
DSP Report: register a_reg_reg is absorbed into DSP p_reg_reg.
DSP Report: register p_reg_reg is absorbed into DSP p_reg_reg.
DSP Report: register m_reg_reg is absorbed into DSP p_reg_reg.
DSP Report: operator p_reg0 is absorbed into DSP p_reg_reg.
DSP Report: operator m_reg0 is absorbed into DSP p_reg_reg.
DSP Report: Generating DSP p_reg_reg, operation Mode is: (0 or P)+(A2*B2)'.
DSP Report: register b_reg_reg is absorbed into DSP p_reg_reg.
DSP Report: register a_reg_reg is absorbed into DSP p_reg_reg.
DSP Report: register p_reg_reg is absorbed into DSP p_reg_reg.
DSP Report: register m_reg_reg is absorbed into DSP p_reg_reg.
DSP Report: operator p_reg0 is absorbed into DSP p_reg_reg.
DSP Report: operator m_reg0 is absorbed into DSP p_reg_reg.
DSP Report: Generating DSP p_reg_reg, operation Mode is: (0 or P)+(A2*B2)'.
DSP Report: register b_reg_reg is absorbed into DSP p_reg_reg.
DSP Report: register a_reg_reg is absorbed into DSP p_reg_reg.
DSP Report: register p_reg_reg is absorbed into DSP p_reg_reg.
DSP Report: register m_reg_reg is absorbed into DSP p_reg_reg.
DSP Report: operator p_reg0 is absorbed into DSP p_reg_reg.
DSP Report: operator m_reg0 is absorbed into DSP p_reg_reg.
DSP Report: Generating DSP p_reg_reg, operation Mode is: (0 or P)+(A2*B2)'.
DSP Report: register b_reg_reg is absorbed into DSP p_reg_reg.
DSP Report: register a_reg_reg is absorbed into DSP p_reg_reg.
DSP Report: register p_reg_reg is absorbed into DSP p_reg_reg.
DSP Report: register m_reg_reg is absorbed into DSP p_reg_reg.
DSP Report: operator p_reg0 is absorbed into DSP p_reg_reg.
DSP Report: operator m_reg0 is absorbed into DSP p_reg_reg.
DSP Report: Generating DSP p_reg_reg, operation Mode is: (0 or P)+(A2*B2)'.
DSP Report: register b_reg_reg is absorbed into DSP p_reg_reg.
DSP Report: register a_reg_reg is absorbed into DSP p_reg_reg.
DSP Report: register p_reg_reg is absorbed into DSP p_reg_reg.
DSP Report: register m_reg_reg is absorbed into DSP p_reg_reg.
DSP Report: operator p_reg0 is absorbed into DSP p_reg_reg.
DSP Report: operator m_reg0 is absorbed into DSP p_reg_reg.
DSP Report: Generating DSP p_reg_reg, operation Mode is: (0 or P)+(A2*B2)'.
DSP Report: register b_reg_reg is absorbed into DSP p_reg_reg.
DSP Report: register a_reg_reg is absorbed into DSP p_reg_reg.
DSP Report: register p_reg_reg is absorbed into DSP p_reg_reg.
DSP Report: register m_reg_reg is absorbed into DSP p_reg_reg.
DSP Report: operator p_reg0 is absorbed into DSP p_reg_reg.
DSP Report: operator m_reg0 is absorbed into DSP p_reg_reg.
DSP Report: Generating DSP p_reg_reg, operation Mode is: (0 or P)+(A2*B2)'.
DSP Report: register b_reg_reg is absorbed into DSP p_reg_reg.
DSP Report: register a_reg_reg is absorbed into DSP p_reg_reg.
DSP Report: register p_reg_reg is absorbed into DSP p_reg_reg.
DSP Report: register m_reg_reg is absorbed into DSP p_reg_reg.
DSP Report: operator p_reg0 is absorbed into DSP p_reg_reg.
DSP Report: operator m_reg0 is absorbed into DSP p_reg_reg.
DSP Report: Generating DSP p_reg_reg, operation Mode is: (0 or P)+(A2*B2)'.
DSP Report: register b_reg_reg is absorbed into DSP p_reg_reg.
DSP Report: register a_reg_reg is absorbed into DSP p_reg_reg.
DSP Report: register p_reg_reg is absorbed into DSP p_reg_reg.
DSP Report: register m_reg_reg is absorbed into DSP p_reg_reg.
DSP Report: operator p_reg0 is absorbed into DSP p_reg_reg.
DSP Report: operator m_reg0 is absorbed into DSP p_reg_reg.
DSP Report: Generating DSP p_reg_reg, operation Mode is: (0 or P)+(A2*B2)'.
DSP Report: register b_reg_reg is absorbed into DSP p_reg_reg.
DSP Report: register a_reg_reg is absorbed into DSP p_reg_reg.
DSP Report: register p_reg_reg is absorbed into DSP p_reg_reg.
DSP Report: register m_reg_reg is absorbed into DSP p_reg_reg.
DSP Report: operator p_reg0 is absorbed into DSP p_reg_reg.
DSP Report: operator m_reg0 is absorbed into DSP p_reg_reg.
DSP Report: Generating DSP p_reg_reg, operation Mode is: (0 or P)+(A2*B2)'.
DSP Report: register b_reg_reg is absorbed into DSP p_reg_reg.
DSP Report: register a_reg_reg is absorbed into DSP p_reg_reg.
DSP Report: register p_reg_reg is absorbed into DSP p_reg_reg.
DSP Report: register m_reg_reg is absorbed into DSP p_reg_reg.
DSP Report: operator p_reg0 is absorbed into DSP p_reg_reg.
DSP Report: operator m_reg0 is absorbed into DSP p_reg_reg.
DSP Report: Generating DSP p_reg_reg, operation Mode is: (0 or P)+(A2*B2)'.
DSP Report: register b_reg_reg is absorbed into DSP p_reg_reg.
DSP Report: register a_reg_reg is absorbed into DSP p_reg_reg.
DSP Report: register p_reg_reg is absorbed into DSP p_reg_reg.
DSP Report: register m_reg_reg is absorbed into DSP p_reg_reg.
DSP Report: operator p_reg0 is absorbed into DSP p_reg_reg.
DSP Report: operator m_reg0 is absorbed into DSP p_reg_reg.
DSP Report: Generating DSP p_reg_reg, operation Mode is: (0 or P)+(A2*B2)'.
DSP Report: register b_reg_reg is absorbed into DSP p_reg_reg.
DSP Report: register a_reg_reg is absorbed into DSP p_reg_reg.
DSP Report: register p_reg_reg is absorbed into DSP p_reg_reg.
DSP Report: register m_reg_reg is absorbed into DSP p_reg_reg.
DSP Report: operator p_reg0 is absorbed into DSP p_reg_reg.
DSP Report: operator m_reg0 is absorbed into DSP p_reg_reg.
DSP Report: Generating DSP p_reg_reg, operation Mode is: (0 or P)+(A2*B2)'.
DSP Report: register b_reg_reg is absorbed into DSP p_reg_reg.
DSP Report: register a_reg_reg is absorbed into DSP p_reg_reg.
DSP Report: register p_reg_reg is absorbed into DSP p_reg_reg.
DSP Report: register m_reg_reg is absorbed into DSP p_reg_reg.
DSP Report: operator p_reg0 is absorbed into DSP p_reg_reg.
DSP Report: operator m_reg0 is absorbed into DSP p_reg_reg.
DSP Report: Generating DSP p_reg_reg, operation Mode is: (0 or P)+(A2*B2)'.
DSP Report: register b_reg_reg is absorbed into DSP p_reg_reg.
DSP Report: register a_reg_reg is absorbed into DSP p_reg_reg.
DSP Report: register p_reg_reg is absorbed into DSP p_reg_reg.
DSP Report: register m_reg_reg is absorbed into DSP p_reg_reg.
DSP Report: operator p_reg0 is absorbed into DSP p_reg_reg.
DSP Report: operator m_reg0 is absorbed into DSP p_reg_reg.
DSP Report: Generating DSP p_reg_reg, operation Mode is: (0 or P)+(A2*B2)'.
DSP Report: register b_reg_reg is absorbed into DSP p_reg_reg.
DSP Report: register a_reg_reg is absorbed into DSP p_reg_reg.
DSP Report: register p_reg_reg is absorbed into DSP p_reg_reg.
DSP Report: register m_reg_reg is absorbed into DSP p_reg_reg.
DSP Report: operator p_reg0 is absorbed into DSP p_reg_reg.
DSP Report: operator m_reg0 is absorbed into DSP p_reg_reg.
DSP Report: Generating DSP p_reg_reg, operation Mode is: (0 or P)+(A2*B2)'.
DSP Report: register b_reg_reg is absorbed into DSP p_reg_reg.
DSP Report: register a_reg_reg is absorbed into DSP p_reg_reg.
DSP Report: register p_reg_reg is absorbed into DSP p_reg_reg.
DSP Report: register m_reg_reg is absorbed into DSP p_reg_reg.
DSP Report: operator p_reg0 is absorbed into DSP p_reg_reg.
DSP Report: operator m_reg0 is absorbed into DSP p_reg_reg.
DSP Report: Generating DSP p_reg_reg, operation Mode is: (0 or P)+(A2*B2)'.
DSP Report: register b_reg_reg is absorbed into DSP p_reg_reg.
DSP Report: register a_reg_reg is absorbed into DSP p_reg_reg.
DSP Report: register p_reg_reg is absorbed into DSP p_reg_reg.
DSP Report: register m_reg_reg is absorbed into DSP p_reg_reg.
DSP Report: operator p_reg0 is absorbed into DSP p_reg_reg.
DSP Report: operator m_reg0 is absorbed into DSP p_reg_reg.
DSP Report: Generating DSP p_reg_reg, operation Mode is: (0 or P)+(A2*B2)'.
DSP Report: register b_reg_reg is absorbed into DSP p_reg_reg.
DSP Report: register a_reg_reg is absorbed into DSP p_reg_reg.
DSP Report: register p_reg_reg is absorbed into DSP p_reg_reg.
DSP Report: register m_reg_reg is absorbed into DSP p_reg_reg.
DSP Report: operator p_reg0 is absorbed into DSP p_reg_reg.
DSP Report: operator m_reg0 is absorbed into DSP p_reg_reg.
DSP Report: Generating DSP p_reg_reg, operation Mode is: (0 or P)+(A2*B2)'.
DSP Report: register b_reg_reg is absorbed into DSP p_reg_reg.
DSP Report: register a_reg_reg is absorbed into DSP p_reg_reg.
DSP Report: register p_reg_reg is absorbed into DSP p_reg_reg.
DSP Report: register m_reg_reg is absorbed into DSP p_reg_reg.
DSP Report: operator p_reg0 is absorbed into DSP p_reg_reg.
DSP Report: operator m_reg0 is absorbed into DSP p_reg_reg.
DSP Report: Generating DSP p_reg_reg, operation Mode is: (0 or P)+(A2*B2)'.
DSP Report: register b_reg_reg is absorbed into DSP p_reg_reg.
DSP Report: register a_reg_reg is absorbed into DSP p_reg_reg.
DSP Report: register p_reg_reg is absorbed into DSP p_reg_reg.
DSP Report: register m_reg_reg is absorbed into DSP p_reg_reg.
DSP Report: operator p_reg0 is absorbed into DSP p_reg_reg.
DSP Report: operator m_reg0 is absorbed into DSP p_reg_reg.
DSP Report: Generating DSP p_reg_reg, operation Mode is: (0 or P)+(A2*B2)'.
DSP Report: register b_reg_reg is absorbed into DSP p_reg_reg.
DSP Report: register a_reg_reg is absorbed into DSP p_reg_reg.
DSP Report: register p_reg_reg is absorbed into DSP p_reg_reg.
DSP Report: register m_reg_reg is absorbed into DSP p_reg_reg.
DSP Report: operator p_reg0 is absorbed into DSP p_reg_reg.
DSP Report: operator m_reg0 is absorbed into DSP p_reg_reg.
DSP Report: Generating DSP p_reg_reg, operation Mode is: (0 or P)+(A2*B2)'.
DSP Report: register b_reg_reg is absorbed into DSP p_reg_reg.
DSP Report: register a_reg_reg is absorbed into DSP p_reg_reg.
DSP Report: register p_reg_reg is absorbed into DSP p_reg_reg.
DSP Report: register m_reg_reg is absorbed into DSP p_reg_reg.
DSP Report: operator p_reg0 is absorbed into DSP p_reg_reg.
DSP Report: operator m_reg0 is absorbed into DSP p_reg_reg.
DSP Report: Generating DSP p_reg_reg, operation Mode is: (0 or P)+(A2*B2)'.
DSP Report: register b_reg_reg is absorbed into DSP p_reg_reg.
DSP Report: register a_reg_reg is absorbed into DSP p_reg_reg.
DSP Report: register p_reg_reg is absorbed into DSP p_reg_reg.
DSP Report: register m_reg_reg is absorbed into DSP p_reg_reg.
DSP Report: operator p_reg0 is absorbed into DSP p_reg_reg.
DSP Report: operator m_reg0 is absorbed into DSP p_reg_reg.
DSP Report: Generating DSP p_reg_reg, operation Mode is: (0 or P)+(A2*B2)'.
DSP Report: register b_reg_reg is absorbed into DSP p_reg_reg.
DSP Report: register a_reg_reg is absorbed into DSP p_reg_reg.
DSP Report: register p_reg_reg is absorbed into DSP p_reg_reg.
DSP Report: register m_reg_reg is absorbed into DSP p_reg_reg.
DSP Report: operator p_reg0 is absorbed into DSP p_reg_reg.
DSP Report: operator m_reg0 is absorbed into DSP p_reg_reg.
DSP Report: Generating DSP p_reg_reg, operation Mode is: (0 or P)+(A2*B2)'.
DSP Report: register b_reg_reg is absorbed into DSP p_reg_reg.
DSP Report: register a_reg_reg is absorbed into DSP p_reg_reg.
DSP Report: register p_reg_reg is absorbed into DSP p_reg_reg.
DSP Report: register m_reg_reg is absorbed into DSP p_reg_reg.
DSP Report: operator p_reg0 is absorbed into DSP p_reg_reg.
DSP Report: operator m_reg0 is absorbed into DSP p_reg_reg.
DSP Report: Generating DSP p_reg_reg, operation Mode is: (0 or P)+(A2*B2)'.
DSP Report: register b_reg_reg is absorbed into DSP p_reg_reg.
DSP Report: register a_reg_reg is absorbed into DSP p_reg_reg.
DSP Report: register p_reg_reg is absorbed into DSP p_reg_reg.
DSP Report: register m_reg_reg is absorbed into DSP p_reg_reg.
DSP Report: operator p_reg0 is absorbed into DSP p_reg_reg.
DSP Report: operator m_reg0 is absorbed into DSP p_reg_reg.
DSP Report: Generating DSP p_reg_reg, operation Mode is: (0 or P)+(A2*B2)'.
DSP Report: register b_reg_reg is absorbed into DSP p_reg_reg.
DSP Report: register a_reg_reg is absorbed into DSP p_reg_reg.
DSP Report: register p_reg_reg is absorbed into DSP p_reg_reg.
DSP Report: register m_reg_reg is absorbed into DSP p_reg_reg.
DSP Report: operator p_reg0 is absorbed into DSP p_reg_reg.
DSP Report: operator m_reg0 is absorbed into DSP p_reg_reg.
DSP Report: Generating DSP p_reg_reg, operation Mode is: (0 or P)+(A2*B2)'.
DSP Report: register b_reg_reg is absorbed into DSP p_reg_reg.
DSP Report: register a_reg_reg is absorbed into DSP p_reg_reg.
DSP Report: register p_reg_reg is absorbed into DSP p_reg_reg.
DSP Report: register m_reg_reg is absorbed into DSP p_reg_reg.
DSP Report: operator p_reg0 is absorbed into DSP p_reg_reg.
DSP Report: operator m_reg0 is absorbed into DSP p_reg_reg.
DSP Report: Generating DSP p_reg_reg, operation Mode is: (0 or P)+(A2*B2)'.
DSP Report: register b_reg_reg is absorbed into DSP p_reg_reg.
DSP Report: register a_reg_reg is absorbed into DSP p_reg_reg.
DSP Report: register p_reg_reg is absorbed into DSP p_reg_reg.
DSP Report: register m_reg_reg is absorbed into DSP p_reg_reg.
DSP Report: operator p_reg0 is absorbed into DSP p_reg_reg.
DSP Report: operator m_reg0 is absorbed into DSP p_reg_reg.
DSP Report: Generating DSP p_reg_reg, operation Mode is: (0 or P)+(A2*B2)'.
DSP Report: register b_reg_reg is absorbed into DSP p_reg_reg.
DSP Report: register a_reg_reg is absorbed into DSP p_reg_reg.
DSP Report: register p_reg_reg is absorbed into DSP p_reg_reg.
DSP Report: register m_reg_reg is absorbed into DSP p_reg_reg.
DSP Report: operator p_reg0 is absorbed into DSP p_reg_reg.
DSP Report: operator m_reg0 is absorbed into DSP p_reg_reg.
DSP Report: Generating DSP p_reg_reg, operation Mode is: (0 or P)+(A2*B2)'.
DSP Report: register b_reg_reg is absorbed into DSP p_reg_reg.
DSP Report: register a_reg_reg is absorbed into DSP p_reg_reg.
DSP Report: register p_reg_reg is absorbed into DSP p_reg_reg.
DSP Report: register m_reg_reg is absorbed into DSP p_reg_reg.
DSP Report: operator p_reg0 is absorbed into DSP p_reg_reg.
DSP Report: operator m_reg0 is absorbed into DSP p_reg_reg.
DSP Report: Generating DSP p_reg_reg, operation Mode is: (0 or P)+(A2*B2)'.
DSP Report: register b_reg_reg is absorbed into DSP p_reg_reg.
DSP Report: register a_reg_reg is absorbed into DSP p_reg_reg.
DSP Report: register p_reg_reg is absorbed into DSP p_reg_reg.
DSP Report: register m_reg_reg is absorbed into DSP p_reg_reg.
DSP Report: operator p_reg0 is absorbed into DSP p_reg_reg.
DSP Report: operator m_reg0 is absorbed into DSP p_reg_reg.
DSP Report: Generating DSP p_reg_reg, operation Mode is: (0 or P)+(A2*B2)'.
DSP Report: register b_reg_reg is absorbed into DSP p_reg_reg.
DSP Report: register a_reg_reg is absorbed into DSP p_reg_reg.
DSP Report: register p_reg_reg is absorbed into DSP p_reg_reg.
DSP Report: register m_reg_reg is absorbed into DSP p_reg_reg.
DSP Report: operator p_reg0 is absorbed into DSP p_reg_reg.
DSP Report: operator m_reg0 is absorbed into DSP p_reg_reg.
---------------------------------------------------------------------------------
Finished Cross Boundary and Area Optimization : Time (s): cpu = 00:00:38 ; elapsed = 00:00:41 . Memory (MB): peak = 2167.559 ; gain = 531.988
---------------------------------------------------------------------------------
 Sort Area is  p_reg_reg_0 : 0 0 : 662 662 : Used 1 time 100
 Sort Area is  p_reg_reg_10 : 0 0 : 662 662 : Used 1 time 100
 Sort Area is  p_reg_reg_100 : 0 0 : 662 662 : Used 1 time 100
 Sort Area is  p_reg_reg_11 : 0 0 : 662 662 : Used 1 time 100
 Sort Area is  p_reg_reg_12 : 0 0 : 662 662 : Used 1 time 100
 Sort Area is  p_reg_reg_13 : 0 0 : 662 662 : Used 1 time 100
 Sort Area is  p_reg_reg_14 : 0 0 : 662 662 : Used 1 time 100
 Sort Area is  p_reg_reg_15 : 0 0 : 662 662 : Used 1 time 100
 Sort Area is  p_reg_reg_16 : 0 0 : 662 662 : Used 1 time 100
 Sort Area is  p_reg_reg_17 : 0 0 : 662 662 : Used 1 time 100
 Sort Area is  p_reg_reg_18 : 0 0 : 662 662 : Used 1 time 100
 Sort Area is  p_reg_reg_19 : 0 0 : 662 662 : Used 1 time 100
 Sort Area is  p_reg_reg_1a : 0 0 : 662 662 : Used 1 time 100
 Sort Area is  p_reg_reg_1b : 0 0 : 662 662 : Used 1 time 100
 Sort Area is  p_reg_reg_1c : 0 0 : 662 662 : Used 1 time 100
 Sort Area is  p_reg_reg_1d : 0 0 : 662 662 : Used 1 time 100
 Sort Area is  p_reg_reg_1e : 0 0 : 662 662 : Used 1 time 100
 Sort Area is  p_reg_reg_1f : 0 0 : 662 662 : Used 1 time 100
 Sort Area is  p_reg_reg_2 : 0 0 : 662 662 : Used 1 time 100
 Sort Area is  p_reg_reg_20 : 0 0 : 662 662 : Used 1 time 100
 Sort Area is  p_reg_reg_21 : 0 0 : 662 662 : Used 1 time 100
 Sort Area is  p_reg_reg_22 : 0 0 : 662 662 : Used 1 time 100
 Sort Area is  p_reg_reg_23 : 0 0 : 662 662 : Used 1 time 100
 Sort Area is  p_reg_reg_24 : 0 0 : 662 662 : Used 1 time 100
 Sort Area is  p_reg_reg_25 : 0 0 : 662 662 : Used 1 time 100
 Sort Area is  p_reg_reg_26 : 0 0 : 662 662 : Used 1 time 100
 Sort Area is  p_reg_reg_27 : 0 0 : 662 662 : Used 1 time 100
 Sort Area is  p_reg_reg_28 : 0 0 : 662 662 : Used 1 time 100
 Sort Area is  p_reg_reg_29 : 0 0 : 662 662 : Used 1 time 100
 Sort Area is  p_reg_reg_2a : 0 0 : 662 662 : Used 1 time 100
 Sort Area is  p_reg_reg_2b : 0 0 : 662 662 : Used 1 time 100
 Sort Area is  p_reg_reg_2c : 0 0 : 662 662 : Used 1 time 100
 Sort Area is  p_reg_reg_2d : 0 0 : 662 662 : Used 1 time 100
 Sort Area is  p_reg_reg_2e : 0 0 : 662 662 : Used 1 time 100
 Sort Area is  p_reg_reg_2f : 0 0 : 662 662 : Used 1 time 100
 Sort Area is  p_reg_reg_3 : 0 0 : 662 662 : Used 1 time 100
 Sort Area is  p_reg_reg_30 : 0 0 : 662 662 : Used 1 time 100
 Sort Area is  p_reg_reg_31 : 0 0 : 662 662 : Used 1 time 100
 Sort Area is  p_reg_reg_32 : 0 0 : 662 662 : Used 1 time 100
 Sort Area is  p_reg_reg_33 : 0 0 : 662 662 : Used 1 time 100
 Sort Area is  p_reg_reg_34 : 0 0 : 662 662 : Used 1 time 100
 Sort Area is  p_reg_reg_35 : 0 0 : 662 662 : Used 1 time 100
 Sort Area is  p_reg_reg_36 : 0 0 : 662 662 : Used 1 time 100
 Sort Area is  p_reg_reg_37 : 0 0 : 662 662 : Used 1 time 100
 Sort Area is  p_reg_reg_38 : 0 0 : 662 662 : Used 1 time 100
 Sort Area is  p_reg_reg_39 : 0 0 : 662 662 : Used 1 time 100
 Sort Area is  p_reg_reg_3a : 0 0 : 662 662 : Used 1 time 100
 Sort Area is  p_reg_reg_3b : 0 0 : 662 662 : Used 1 time 100
 Sort Area is  p_reg_reg_3c : 0 0 : 662 662 : Used 1 time 100
 Sort Area is  p_reg_reg_3d : 0 0 : 662 662 : Used 1 time 100
 Sort Area is  p_reg_reg_3e : 0 0 : 662 662 : Used 1 time 100
 Sort Area is  p_reg_reg_3f : 0 0 : 662 662 : Used 1 time 100
 Sort Area is  p_reg_reg_4 : 0 0 : 662 662 : Used 1 time 100
 Sort Area is  p_reg_reg_40 : 0 0 : 662 662 : Used 1 time 100
 Sort Area is  p_reg_reg_41 : 0 0 : 662 662 : Used 1 time 100
 Sort Area is  p_reg_reg_42 : 0 0 : 662 662 : Used 1 time 100
 Sort Area is  p_reg_reg_43 : 0 0 : 662 662 : Used 1 time 100
 Sort Area is  p_reg_reg_44 : 0 0 : 662 662 : Used 1 time 100
 Sort Area is  p_reg_reg_45 : 0 0 : 662 662 : Used 1 time 100
 Sort Area is  p_reg_reg_46 : 0 0 : 662 662 : Used 1 time 100
 Sort Area is  p_reg_reg_47 : 0 0 : 662 662 : Used 1 time 100
 Sort Area is  p_reg_reg_48 : 0 0 : 662 662 : Used 1 time 100
 Sort Area is  p_reg_reg_49 : 0 0 : 662 662 : Used 1 time 100
 Sort Area is  p_reg_reg_4a : 0 0 : 662 662 : Used 1 time 100
 Sort Area is  p_reg_reg_4b : 0 0 : 662 662 : Used 1 time 100
 Sort Area is  p_reg_reg_4c : 0 0 : 662 662 : Used 1 time 100
 Sort Area is  p_reg_reg_4d : 0 0 : 662 662 : Used 1 time 100
 Sort Area is  p_reg_reg_4e : 0 0 : 662 662 : Used 1 time 100
 Sort Area is  p_reg_reg_4f : 0 0 : 662 662 : Used 1 time 100
 Sort Area is  p_reg_reg_5 : 0 0 : 662 662 : Used 1 time 100
 Sort Area is  p_reg_reg_50 : 0 0 : 662 662 : Used 1 time 100
 Sort Area is  p_reg_reg_51 : 0 0 : 662 662 : Used 1 time 100
 Sort Area is  p_reg_reg_52 : 0 0 : 662 662 : Used 1 time 100
 Sort Area is  p_reg_reg_53 : 0 0 : 662 662 : Used 1 time 100
 Sort Area is  p_reg_reg_54 : 0 0 : 662 662 : Used 1 time 100
 Sort Area is  p_reg_reg_55 : 0 0 : 662 662 : Used 1 time 100
 Sort Area is  p_reg_reg_56 : 0 0 : 662 662 : Used 1 time 100
 Sort Area is  p_reg_reg_57 : 0 0 : 662 662 : Used 1 time 100
 Sort Area is  p_reg_reg_58 : 0 0 : 662 662 : Used 1 time 100
 Sort Area is  p_reg_reg_59 : 0 0 : 662 662 : Used 1 time 100
 Sort Area is  p_reg_reg_5a : 0 0 : 662 662 : Used 1 time 100
 Sort Area is  p_reg_reg_5b : 0 0 : 662 662 : Used 1 time 100
 Sort Area is  p_reg_reg_5c : 0 0 : 662 662 : Used 1 time 100
 Sort Area is  p_reg_reg_5d : 0 0 : 662 662 : Used 1 time 100
 Sort Area is  p_reg_reg_5e : 0 0 : 662 662 : Used 1 time 100
 Sort Area is  p_reg_reg_5f : 0 0 : 662 662 : Used 1 time 100
 Sort Area is  p_reg_reg_6 : 0 0 : 662 662 : Used 1 time 100
 Sort Area is  p_reg_reg_60 : 0 0 : 662 662 : Used 1 time 100
 Sort Area is  p_reg_reg_61 : 0 0 : 662 662 : Used 1 time 100
 Sort Area is  p_reg_reg_62 : 0 0 : 662 662 : Used 1 time 100
 Sort Area is  p_reg_reg_63 : 0 0 : 662 662 : Used 1 time 100
 Sort Area is  p_reg_reg_64 : 0 0 : 662 662 : Used 1 time 100
 Sort Area is  p_reg_reg_65 : 0 0 : 662 662 : Used 1 time 100
 Sort Area is  p_reg_reg_66 : 0 0 : 662 662 : Used 1 time 100
 Sort Area is  p_reg_reg_67 : 0 0 : 662 662 : Used 1 time 100
 Sort Area is  p_reg_reg_68 : 0 0 : 662 662 : Used 1 time 100
 Sort Area is  p_reg_reg_69 : 0 0 : 662 662 : Used 1 time 100
 Sort Area is  p_reg_reg_6a : 0 0 : 662 662 : Used 1 time 100
 Sort Area is  p_reg_reg_6b : 0 0 : 662 662 : Used 1 time 100
 Sort Area is  p_reg_reg_6c : 0 0 : 662 662 : Used 1 time 100
 Sort Area is  p_reg_reg_6d : 0 0 : 662 662 : Used 1 time 100
 Sort Area is  p_reg_reg_6e : 0 0 : 662 662 : Used 1 time 100
 Sort Area is  p_reg_reg_6f : 0 0 : 662 662 : Used 1 time 100
 Sort Area is  p_reg_reg_7 : 0 0 : 662 662 : Used 1 time 100
 Sort Area is  p_reg_reg_70 : 0 0 : 662 662 : Used 1 time 100
 Sort Area is  p_reg_reg_71 : 0 0 : 662 662 : Used 1 time 100
 Sort Area is  p_reg_reg_72 : 0 0 : 662 662 : Used 1 time 100
 Sort Area is  p_reg_reg_73 : 0 0 : 662 662 : Used 1 time 100
 Sort Area is  p_reg_reg_74 : 0 0 : 662 662 : Used 1 time 100
 Sort Area is  p_reg_reg_75 : 0 0 : 662 662 : Used 1 time 100
 Sort Area is  p_reg_reg_76 : 0 0 : 662 662 : Used 1 time 100
 Sort Area is  p_reg_reg_77 : 0 0 : 662 662 : Used 1 time 100
 Sort Area is  p_reg_reg_78 : 0 0 : 662 662 : Used 1 time 100
 Sort Area is  p_reg_reg_79 : 0 0 : 662 662 : Used 1 time 100
 Sort Area is  p_reg_reg_7a : 0 0 : 662 662 : Used 1 time 100
 Sort Area is  p_reg_reg_7b : 0 0 : 662 662 : Used 1 time 100
 Sort Area is  p_reg_reg_7c : 0 0 : 662 662 : Used 1 time 100
 Sort Area is  p_reg_reg_7d : 0 0 : 662 662 : Used 1 time 100
 Sort Area is  p_reg_reg_7e : 0 0 : 662 662 : Used 1 time 100
 Sort Area is  p_reg_reg_7f : 0 0 : 662 662 : Used 1 time 100
 Sort Area is  p_reg_reg_8 : 0 0 : 662 662 : Used 1 time 100
 Sort Area is  p_reg_reg_80 : 0 0 : 662 662 : Used 1 time 100
 Sort Area is  p_reg_reg_81 : 0 0 : 662 662 : Used 1 time 100
 Sort Area is  p_reg_reg_82 : 0 0 : 662 662 : Used 1 time 100
 Sort Area is  p_reg_reg_83 : 0 0 : 662 662 : Used 1 time 100
 Sort Area is  p_reg_reg_84 : 0 0 : 662 662 : Used 1 time 100
 Sort Area is  p_reg_reg_85 : 0 0 : 662 662 : Used 1 time 100
 Sort Area is  p_reg_reg_86 : 0 0 : 662 662 : Used 1 time 100
 Sort Area is  p_reg_reg_87 : 0 0 : 662 662 : Used 1 time 100
 Sort Area is  p_reg_reg_88 : 0 0 : 662 662 : Used 1 time 100
 Sort Area is  p_reg_reg_89 : 0 0 : 662 662 : Used 1 time 100
 Sort Area is  p_reg_reg_8a : 0 0 : 662 662 : Used 1 time 100
 Sort Area is  p_reg_reg_8b : 0 0 : 662 662 : Used 1 time 100
 Sort Area is  p_reg_reg_8c : 0 0 : 662 662 : Used 1 time 100
 Sort Area is  p_reg_reg_8d : 0 0 : 662 662 : Used 1 time 100
 Sort Area is  p_reg_reg_8e : 0 0 : 662 662 : Used 1 time 100
 Sort Area is  p_reg_reg_8f : 0 0 : 662 662 : Used 1 time 100
 Sort Area is  p_reg_reg_9 : 0 0 : 662 662 : Used 1 time 100
 Sort Area is  p_reg_reg_90 : 0 0 : 662 662 : Used 1 time 100
 Sort Area is  p_reg_reg_91 : 0 0 : 662 662 : Used 1 time 100
 Sort Area is  p_reg_reg_92 : 0 0 : 662 662 : Used 1 time 100
 Sort Area is  p_reg_reg_93 : 0 0 : 662 662 : Used 1 time 100
 Sort Area is  p_reg_reg_94 : 0 0 : 662 662 : Used 1 time 100
 Sort Area is  p_reg_reg_95 : 0 0 : 662 662 : Used 1 time 100
 Sort Area is  p_reg_reg_96 : 0 0 : 662 662 : Used 1 time 100
 Sort Area is  p_reg_reg_97 : 0 0 : 662 662 : Used 1 time 100
 Sort Area is  p_reg_reg_98 : 0 0 : 662 662 : Used 1 time 100
 Sort Area is  p_reg_reg_99 : 0 0 : 662 662 : Used 1 time 100
 Sort Area is  p_reg_reg_9a : 0 0 : 662 662 : Used 1 time 100
 Sort Area is  p_reg_reg_9b : 0 0 : 662 662 : Used 1 time 100
 Sort Area is  p_reg_reg_9c : 0 0 : 662 662 : Used 1 time 100
 Sort Area is  p_reg_reg_9d : 0 0 : 662 662 : Used 1 time 100
 Sort Area is  p_reg_reg_9e : 0 0 : 662 662 : Used 1 time 100
 Sort Area is  p_reg_reg_9f : 0 0 : 662 662 : Used 1 time 100
 Sort Area is  p_reg_reg_a : 0 0 : 662 662 : Used 1 time 100
 Sort Area is  p_reg_reg_a0 : 0 0 : 662 662 : Used 1 time 100
 Sort Area is  p_reg_reg_a1 : 0 0 : 662 662 : Used 1 time 100
 Sort Area is  p_reg_reg_a2 : 0 0 : 662 662 : Used 1 time 100
 Sort Area is  p_reg_reg_a3 : 0 0 : 662 662 : Used 1 time 100
 Sort Area is  p_reg_reg_a4 : 0 0 : 662 662 : Used 1 time 100
 Sort Area is  p_reg_reg_a5 : 0 0 : 662 662 : Used 1 time 100
 Sort Area is  p_reg_reg_a6 : 0 0 : 662 662 : Used 1 time 100
 Sort Area is  p_reg_reg_a7 : 0 0 : 662 662 : Used 1 time 100
 Sort Area is  p_reg_reg_a8 : 0 0 : 662 662 : Used 1 time 100
 Sort Area is  p_reg_reg_a9 : 0 0 : 662 662 : Used 1 time 100
 Sort Area is  p_reg_reg_aa : 0 0 : 662 662 : Used 1 time 100
 Sort Area is  p_reg_reg_ab : 0 0 : 662 662 : Used 1 time 100
 Sort Area is  p_reg_reg_ac : 0 0 : 662 662 : Used 1 time 100
 Sort Area is  p_reg_reg_ad : 0 0 : 662 662 : Used 1 time 100
 Sort Area is  p_reg_reg_ae : 0 0 : 662 662 : Used 1 time 100
 Sort Area is  p_reg_reg_af : 0 0 : 662 662 : Used 1 time 100
 Sort Area is  p_reg_reg_b : 0 0 : 662 662 : Used 1 time 100
 Sort Area is  p_reg_reg_b0 : 0 0 : 662 662 : Used 1 time 100
 Sort Area is  p_reg_reg_b1 : 0 0 : 662 662 : Used 1 time 100
 Sort Area is  p_reg_reg_b2 : 0 0 : 662 662 : Used 1 time 100
 Sort Area is  p_reg_reg_b3 : 0 0 : 662 662 : Used 1 time 100
 Sort Area is  p_reg_reg_b4 : 0 0 : 662 662 : Used 1 time 100
 Sort Area is  p_reg_reg_b5 : 0 0 : 662 662 : Used 1 time 100
 Sort Area is  p_reg_reg_b6 : 0 0 : 662 662 : Used 1 time 100
 Sort Area is  p_reg_reg_b7 : 0 0 : 662 662 : Used 1 time 100
 Sort Area is  p_reg_reg_b8 : 0 0 : 662 662 : Used 1 time 100
 Sort Area is  p_reg_reg_b9 : 0 0 : 662 662 : Used 1 time 100
 Sort Area is  p_reg_reg_ba : 0 0 : 662 662 : Used 1 time 100
 Sort Area is  p_reg_reg_bb : 0 0 : 662 662 : Used 1 time 100
 Sort Area is  p_reg_reg_bc : 0 0 : 662 662 : Used 1 time 100
 Sort Area is  p_reg_reg_bd : 0 0 : 662 662 : Used 1 time 100
 Sort Area is  p_reg_reg_be : 0 0 : 662 662 : Used 1 time 100
 Sort Area is  p_reg_reg_bf : 0 0 : 662 662 : Used 1 time 100
 Sort Area is  p_reg_reg_c : 0 0 : 662 662 : Used 1 time 100
 Sort Area is  p_reg_reg_c0 : 0 0 : 662 662 : Used 1 time 100
 Sort Area is  p_reg_reg_c1 : 0 0 : 662 662 : Used 1 time 100
 Sort Area is  p_reg_reg_c2 : 0 0 : 662 662 : Used 1 time 100
 Sort Area is  p_reg_reg_c3 : 0 0 : 662 662 : Used 1 time 100
 Sort Area is  p_reg_reg_c4 : 0 0 : 662 662 : Used 1 time 100
 Sort Area is  p_reg_reg_c5 : 0 0 : 662 662 : Used 1 time 100
 Sort Area is  p_reg_reg_c6 : 0 0 : 662 662 : Used 1 time 100
 Sort Area is  p_reg_reg_c7 : 0 0 : 662 662 : Used 1 time 100
 Sort Area is  p_reg_reg_c8 : 0 0 : 662 662 : Used 1 time 100
 Sort Area is  p_reg_reg_c9 : 0 0 : 662 662 : Used 1 time 100
 Sort Area is  p_reg_reg_ca : 0 0 : 662 662 : Used 1 time 100
 Sort Area is  p_reg_reg_cb : 0 0 : 662 662 : Used 1 time 100
 Sort Area is  p_reg_reg_cc : 0 0 : 662 662 : Used 1 time 100
 Sort Area is  p_reg_reg_cd : 0 0 : 662 662 : Used 1 time 100
 Sort Area is  p_reg_reg_ce : 0 0 : 662 662 : Used 1 time 100
 Sort Area is  p_reg_reg_cf : 0 0 : 662 662 : Used 1 time 100
 Sort Area is  p_reg_reg_d : 0 0 : 662 662 : Used 1 time 100
 Sort Area is  p_reg_reg_d0 : 0 0 : 662 662 : Used 1 time 100
 Sort Area is  p_reg_reg_d1 : 0 0 : 662 662 : Used 1 time 100
 Sort Area is  p_reg_reg_d2 : 0 0 : 662 662 : Used 1 time 100
 Sort Area is  p_reg_reg_d3 : 0 0 : 662 662 : Used 1 time 100
 Sort Area is  p_reg_reg_d4 : 0 0 : 662 662 : Used 1 time 100
 Sort Area is  p_reg_reg_d5 : 0 0 : 662 662 : Used 1 time 100
 Sort Area is  p_reg_reg_d6 : 0 0 : 662 662 : Used 1 time 100
 Sort Area is  p_reg_reg_d7 : 0 0 : 662 662 : Used 1 time 100
 Sort Area is  p_reg_reg_d8 : 0 0 : 662 662 : Used 1 time 100
 Sort Area is  p_reg_reg_d9 : 0 0 : 662 662 : Used 1 time 100
 Sort Area is  p_reg_reg_da : 0 0 : 662 662 : Used 1 time 100
 Sort Area is  p_reg_reg_db : 0 0 : 662 662 : Used 1 time 100
 Sort Area is  p_reg_reg_dc : 0 0 : 662 662 : Used 1 time 100
 Sort Area is  p_reg_reg_dd : 0 0 : 662 662 : Used 1 time 100
 Sort Area is  p_reg_reg_de : 0 0 : 662 662 : Used 1 time 100
 Sort Area is  p_reg_reg_df : 0 0 : 662 662 : Used 1 time 100
 Sort Area is  p_reg_reg_e : 0 0 : 662 662 : Used 1 time 100
 Sort Area is  p_reg_reg_e0 : 0 0 : 662 662 : Used 1 time 100
 Sort Area is  p_reg_reg_e1 : 0 0 : 662 662 : Used 1 time 100
 Sort Area is  p_reg_reg_e2 : 0 0 : 662 662 : Used 1 time 100
 Sort Area is  p_reg_reg_e3 : 0 0 : 662 662 : Used 1 time 100
 Sort Area is  p_reg_reg_e4 : 0 0 : 662 662 : Used 1 time 100
 Sort Area is  p_reg_reg_e5 : 0 0 : 662 662 : Used 1 time 100
 Sort Area is  p_reg_reg_e6 : 0 0 : 662 662 : Used 1 time 100
 Sort Area is  p_reg_reg_e7 : 0 0 : 662 662 : Used 1 time 100
 Sort Area is  p_reg_reg_e8 : 0 0 : 662 662 : Used 1 time 100
 Sort Area is  p_reg_reg_e9 : 0 0 : 662 662 : Used 1 time 100
 Sort Area is  p_reg_reg_ea : 0 0 : 662 662 : Used 1 time 100
 Sort Area is  p_reg_reg_eb : 0 0 : 662 662 : Used 1 time 100
 Sort Area is  p_reg_reg_ec : 0 0 : 662 662 : Used 1 time 100
 Sort Area is  p_reg_reg_ed : 0 0 : 662 662 : Used 1 time 100
 Sort Area is  p_reg_reg_ee : 0 0 : 662 662 : Used 1 time 100
 Sort Area is  p_reg_reg_ef : 0 0 : 662 662 : Used 1 time 100
 Sort Area is  p_reg_reg_f : 0 0 : 662 662 : Used 1 time 100
 Sort Area is  p_reg_reg_f0 : 0 0 : 662 662 : Used 1 time 100
 Sort Area is  p_reg_reg_f1 : 0 0 : 662 662 : Used 1 time 100
 Sort Area is  p_reg_reg_f2 : 0 0 : 662 662 : Used 1 time 100
 Sort Area is  p_reg_reg_f3 : 0 0 : 662 662 : Used 1 time 100
 Sort Area is  p_reg_reg_f4 : 0 0 : 662 662 : Used 1 time 100
 Sort Area is  p_reg_reg_f5 : 0 0 : 662 662 : Used 1 time 100
 Sort Area is  p_reg_reg_f6 : 0 0 : 662 662 : Used 1 time 100
 Sort Area is  p_reg_reg_f7 : 0 0 : 662 662 : Used 1 time 100
 Sort Area is  p_reg_reg_f8 : 0 0 : 662 662 : Used 1 time 100
 Sort Area is  p_reg_reg_f9 : 0 0 : 662 662 : Used 1 time 100
 Sort Area is  p_reg_reg_fa : 0 0 : 662 662 : Used 1 time 100
 Sort Area is  p_reg_reg_fb : 0 0 : 662 662 : Used 1 time 100
 Sort Area is  p_reg_reg_fc : 0 0 : 662 662 : Used 1 time 100
 Sort Area is  p_reg_reg_fd : 0 0 : 662 662 : Used 1 time 100
 Sort Area is  p_reg_reg_fe : 0 0 : 662 662 : Used 1 time 100
 Sort Area is  p_reg_reg_ff : 0 0 : 662 662 : Used 1 time 100
---------------------------------------------------------------------------------
Start ROM, RAM, DSP, Shift Register and Retiming Reporting
---------------------------------------------------------------------------------

Block RAM: Preliminary Mapping Report (see note below)
+------------+--------------------------------------+------------------------+---+---+------------------------+---+---+------------------+--------+--------+-----------------+
|Module Name | RTL Object                           | PORT A (Depth x Width) | W | R | PORT B (Depth x Width) | W | R | Ports driving FF | RAMB18 | RAMB36 | Cascade Heights | 
+------------+--------------------------------------+------------------------+---+---+------------------------+---+---+------------------+--------+--------+-----------------+
|inst        | bram_A/gen_bram_bank[0].ram_pong_reg | 1 K x 64(READ_FIRST)   | W |   | 1 K x 64(WRITE_FIRST)  |   | R | Port A and B     | 0      | 2      | 1,1             | 
|inst        | bram_A/gen_bram_bank[1].ram_pong_reg | 1 K x 64(READ_FIRST)   | W |   | 1 K x 64(WRITE_FIRST)  |   | R | Port A and B     | 0      | 2      | 1,1             | 
|inst        | bram_A/gen_bram_bank[0].ram_ping_reg | 1 K x 64(READ_FIRST)   | W |   | 1 K x 64(WRITE_FIRST)  |   | R | Port A and B     | 0      | 2      | 1,1             | 
|inst        | bram_A/gen_bram_bank[1].ram_ping_reg | 1 K x 64(READ_FIRST)   | W |   | 1 K x 64(WRITE_FIRST)  |   | R | Port A and B     | 0      | 2      | 1,1             | 
|inst        | bram_B/gen_bram_bank[0].ram_pong_reg | 1 K x 64(READ_FIRST)   | W |   | 1 K x 64(WRITE_FIRST)  |   | R | Port A and B     | 0      | 2      | 1,1             | 
|inst        | bram_B/gen_bram_bank[1].ram_pong_reg | 1 K x 64(READ_FIRST)   | W |   | 1 K x 64(WRITE_FIRST)  |   | R | Port A and B     | 0      | 2      | 1,1             | 
|inst        | bram_B/gen_bram_bank[0].ram_ping_reg | 1 K x 64(READ_FIRST)   | W |   | 1 K x 64(WRITE_FIRST)  |   | R | Port A and B     | 0      | 2      | 1,1             | 
|inst        | bram_B/gen_bram_bank[1].ram_ping_reg | 1 K x 64(READ_FIRST)   | W |   | 1 K x 64(WRITE_FIRST)  |   | R | Port A and B     | 0      | 2      | 1,1             | 
+------------+--------------------------------------+------------------------+---+---+------------------------+---+---+------------------+--------+--------+-----------------+

Note: The table above is a preliminary report that shows the Block RAMs at the current stage of the synthesis flow. Some Block RAMs may be reimplemented as non Block RAM primitives later in the synthesis flow. Multiple instantiated Block RAMs are reported only once. 

DSP: Preliminary Mapping Report (see note below. The ' indicates corresponding REG is set)
+------------+-------------------+--------+--------+--------+--------+--------+------+------+------+------+-------+------+------+
|Module Name | DSP Mapping       | A Size | B Size | C Size | D Size | P Size | AREG | BREG | CREG | DREG | ADREG | MREG | PREG | 
+------------+-------------------+--------+--------+--------+--------+--------+------+------+------+------+-------+------+------+
|mac_core    | (0 or P)+(A2*B2)' | 8      | 8      | -      | -      | 32     | 1    | 1    | -    | -    | -     | 1    | 1    | 
|mac_core    | (0 or P)+(A2*B2)' | 8      | 8      | -      | -      | 32     | 1    | 1    | -    | -    | -     | 1    | 1    | 
|mac_core    | (0 or P)+(A2*B2)' | 8      | 8      | -      | -      | 32     | 1    | 1    | -    | -    | -     | 1    | 1    | 
|mac_core    | (0 or P)+(A2*B2)' | 8      | 8      | -      | -      | 32     | 1    | 1    | -    | -    | -     | 1    | 1    | 
|mac_core    | (0 or P)+(A2*B2)' | 8      | 8      | -      | -      | 32     | 1    | 1    | -    | -    | -     | 1    | 1    | 
|mac_core    | (0 or P)+(A2*B2)' | 8      | 8      | -      | -      | 32     | 1    | 1    | -    | -    | -     | 1    | 1    | 
|mac_core    | (0 or P)+(A2*B2)' | 8      | 8      | -      | -      | 32     | 1    | 1    | -    | -    | -     | 1    | 1    | 
|mac_core    | (0 or P)+(A2*B2)' | 8      | 8      | -      | -      | 32     | 1    | 1    | -    | -    | -     | 1    | 1    | 
|mac_core    | (0 or P)+(A2*B2)' | 8      | 8      | -      | -      | 32     | 1    | 1    | -    | -    | -     | 1    | 1    | 
|mac_core    | (0 or P)+(A2*B2)' | 8      | 8      | -      | -      | 32     | 1    | 1    | -    | -    | -     | 1    | 1    | 
|mac_core    | (0 or P)+(A2*B2)' | 8      | 8      | -      | -      | 32     | 1    | 1    | -    | -    | -     | 1    | 1    | 
|mac_core    | (0 or P)+(A2*B2)' | 8      | 8      | -      | -      | 32     | 1    | 1    | -    | -    | -     | 1    | 1    | 
|mac_core    | (0 or P)+(A2*B2)' | 8      | 8      | -      | -      | 32     | 1    | 1    | -    | -    | -     | 1    | 1    | 
|mac_core    | (0 or P)+(A2*B2)' | 8      | 8      | -      | -      | 32     | 1    | 1    | -    | -    | -     | 1    | 1    | 
|mac_core    | (0 or P)+(A2*B2)' | 8      | 8      | -      | -      | 32     | 1    | 1    | -    | -    | -     | 1    | 1    | 
|mac_core    | (0 or P)+(A2*B2)' | 8      | 8      | -      | -      | 32     | 1    | 1    | -    | -    | -     | 1    | 1    | 
|mac_core    | (0 or P)+(A2*B2)' | 8      | 8      | -      | -      | 32     | 1    | 1    | -    | -    | -     | 1    | 1    | 
|mac_core    | (0 or P)+(A2*B2)' | 8      | 8      | -      | -      | 32     | 1    | 1    | -    | -    | -     | 1    | 1    | 
|mac_core    | (0 or P)+(A2*B2)' | 8      | 8      | -      | -      | 32     | 1    | 1    | -    | -    | -     | 1    | 1    | 
|mac_core    | (0 or P)+(A2*B2)' | 8      | 8      | -      | -      | 32     | 1    | 1    | -    | -    | -     | 1    | 1    | 
|mac_core    | (0 or P)+(A2*B2)' | 8      | 8      | -      | -      | 32     | 1    | 1    | -    | -    | -     | 1    | 1    | 
|mac_core    | (0 or P)+(A2*B2)' | 8      | 8      | -      | -      | 32     | 1    | 1    | -    | -    | -     | 1    | 1    | 
|mac_core    | (0 or P)+(A2*B2)' | 8      | 8      | -      | -      | 32     | 1    | 1    | -    | -    | -     | 1    | 1    | 
|mac_core    | (0 or P)+(A2*B2)' | 8      | 8      | -      | -      | 32     | 1    | 1    | -    | -    | -     | 1    | 1    | 
|mac_core    | (0 or P)+(A2*B2)' | 8      | 8      | -      | -      | 32     | 1    | 1    | -    | -    | -     | 1    | 1    | 
|mac_core    | (0 or P)+(A2*B2)' | 8      | 8      | -      | -      | 32     | 1    | 1    | -    | -    | -     | 1    | 1    | 
|mac_core    | (0 or P)+(A2*B2)' | 8      | 8      | -      | -      | 32     | 1    | 1    | -    | -    | -     | 1    | 1    | 
|mac_core    | (0 or P)+(A2*B2)' | 8      | 8      | -      | -      | 32     | 1    | 1    | -    | -    | -     | 1    | 1    | 
|mac_core    | (0 or P)+(A2*B2)' | 8      | 8      | -      | -      | 32     | 1    | 1    | -    | -    | -     | 1    | 1    | 
|mac_core    | (0 or P)+(A2*B2)' | 8      | 8      | -      | -      | 32     | 1    | 1    | -    | -    | -     | 1    | 1    | 
|mac_core    | (0 or P)+(A2*B2)' | 8      | 8      | -      | -      | 32     | 1    | 1    | -    | -    | -     | 1    | 1    | 
|mac_core    | (0 or P)+(A2*B2)' | 8      | 8      | -      | -      | 32     | 1    | 1    | -    | -    | -     | 1    | 1    | 
|mac_core    | (0 or P)+(A2*B2)' | 8      | 8      | -      | -      | 32     | 1    | 1    | -    | -    | -     | 1    | 1    | 
|mac_core    | (0 or P)+(A2*B2)' | 8      | 8      | -      | -      | 32     | 1    | 1    | -    | -    | -     | 1    | 1    | 
|mac_core    | (0 or P)+(A2*B2)' | 8      | 8      | -      | -      | 32     | 1    | 1    | -    | -    | -     | 1    | 1    | 
|mac_core    | (0 or P)+(A2*B2)' | 8      | 8      | -      | -      | 32     | 1    | 1    | -    | -    | -     | 1    | 1    | 
|mac_core    | (0 or P)+(A2*B2)' | 8      | 8      | -      | -      | 32     | 1    | 1    | -    | -    | -     | 1    | 1    | 
|mac_core    | (0 or P)+(A2*B2)' | 8      | 8      | -      | -      | 32     | 1    | 1    | -    | -    | -     | 1    | 1    | 
|mac_core    | (0 or P)+(A2*B2)' | 8      | 8      | -      | -      | 32     | 1    | 1    | -    | -    | -     | 1    | 1    | 
|mac_core    | (0 or P)+(A2*B2)' | 8      | 8      | -      | -      | 32     | 1    | 1    | -    | -    | -     | 1    | 1    | 
|mac_core    | (0 or P)+(A2*B2)' | 8      | 8      | -      | -      | 32     | 1    | 1    | -    | -    | -     | 1    | 1    | 
|mac_core    | (0 or P)+(A2*B2)' | 8      | 8      | -      | -      | 32     | 1    | 1    | -    | -    | -     | 1    | 1    | 
|mac_core    | (0 or P)+(A2*B2)' | 8      | 8      | -      | -      | 32     | 1    | 1    | -    | -    | -     | 1    | 1    | 
|mac_core    | (0 or P)+(A2*B2)' | 8      | 8      | -      | -      | 32     | 1    | 1    | -    | -    | -     | 1    | 1    | 
|mac_core    | (0 or P)+(A2*B2)' | 8      | 8      | -      | -      | 32     | 1    | 1    | -    | -    | -     | 1    | 1    | 
|mac_core    | (0 or P)+(A2*B2)' | 8      | 8      | -      | -      | 32     | 1    | 1    | -    | -    | -     | 1    | 1    | 
|mac_core    | (0 or P)+(A2*B2)' | 8      | 8      | -      | -      | 32     | 1    | 1    | -    | -    | -     | 1    | 1    | 
|mac_core    | (0 or P)+(A2*B2)' | 8      | 8      | -      | -      | 32     | 1    | 1    | -    | -    | -     | 1    | 1    | 
|mac_core    | (0 or P)+(A2*B2)' | 8      | 8      | -      | -      | 32     | 1    | 1    | -    | -    | -     | 1    | 1    | 
|mac_core    | (0 or P)+(A2*B2)' | 8      | 8      | -      | -      | 32     | 1    | 1    | -    | -    | -     | 1    | 1    | 
|mac_core    | (0 or P)+(A2*B2)' | 8      | 8      | -      | -      | 32     | 1    | 1    | -    | -    | -     | 1    | 1    | 
|mac_core    | (0 or P)+(A2*B2)' | 8      | 8      | -      | -      | 32     | 1    | 1    | -    | -    | -     | 1    | 1    | 
|mac_core    | (0 or P)+(A2*B2)' | 8      | 8      | -      | -      | 32     | 1    | 1    | -    | -    | -     | 1    | 1    | 
|mac_core    | (0 or P)+(A2*B2)' | 8      | 8      | -      | -      | 32     | 1    | 1    | -    | -    | -     | 1    | 1    | 
|mac_core    | (0 or P)+(A2*B2)' | 8      | 8      | -      | -      | 32     | 1    | 1    | -    | -    | -     | 1    | 1    | 
|mac_core    | (0 or P)+(A2*B2)' | 8      | 8      | -      | -      | 32     | 1    | 1    | -    | -    | -     | 1    | 1    | 
|mac_core    | (0 or P)+(A2*B2)' | 8      | 8      | -      | -      | 32     | 1    | 1    | -    | -    | -     | 1    | 1    | 
|mac_core    | (0 or P)+(A2*B2)' | 8      | 8      | -      | -      | 32     | 1    | 1    | -    | -    | -     | 1    | 1    | 
|mac_core    | (0 or P)+(A2*B2)' | 8      | 8      | -      | -      | 32     | 1    | 1    | -    | -    | -     | 1    | 1    | 
|mac_core    | (0 or P)+(A2*B2)' | 8      | 8      | -      | -      | 32     | 1    | 1    | -    | -    | -     | 1    | 1    | 
|mac_core    | (0 or P)+(A2*B2)' | 8      | 8      | -      | -      | 32     | 1    | 1    | -    | -    | -     | 1    | 1    | 
|mac_core    | (0 or P)+(A2*B2)' | 8      | 8      | -      | -      | 32     | 1    | 1    | -    | -    | -     | 1    | 1    | 
|mac_core    | (0 or P)+(A2*B2)' | 8      | 8      | -      | -      | 32     | 1    | 1    | -    | -    | -     | 1    | 1    | 
|mac_core    | (0 or P)+(A2*B2)' | 8      | 8      | -      | -      | 32     | 1    | 1    | -    | -    | -     | 1    | 1    | 
|mac_core    | (0 or P)+(A2*B2)' | 8      | 8      | -      | -      | 32     | 1    | 1    | -    | -    | -     | 1    | 1    | 
|mac_core    | (0 or P)+(A2*B2)' | 8      | 8      | -      | -      | 32     | 1    | 1    | -    | -    | -     | 1    | 1    | 
|mac_core    | (0 or P)+(A2*B2)' | 8      | 8      | -      | -      | 32     | 1    | 1    | -    | -    | -     | 1    | 1    | 
|mac_core    | (0 or P)+(A2*B2)' | 8      | 8      | -      | -      | 32     | 1    | 1    | -    | -    | -     | 1    | 1    | 
|mac_core    | (0 or P)+(A2*B2)' | 8      | 8      | -      | -      | 32     | 1    | 1    | -    | -    | -     | 1    | 1    | 
|mac_core    | (0 or P)+(A2*B2)' | 8      | 8      | -      | -      | 32     | 1    | 1    | -    | -    | -     | 1    | 1    | 
|mac_core    | (0 or P)+(A2*B2)' | 8      | 8      | -      | -      | 32     | 1    | 1    | -    | -    | -     | 1    | 1    | 
|mac_core    | (0 or P)+(A2*B2)' | 8      | 8      | -      | -      | 32     | 1    | 1    | -    | -    | -     | 1    | 1    | 
|mac_core    | (0 or P)+(A2*B2)' | 8      | 8      | -      | -      | 32     | 1    | 1    | -    | -    | -     | 1    | 1    | 
|mac_core    | (0 or P)+(A2*B2)' | 8      | 8      | -      | -      | 32     | 1    | 1    | -    | -    | -     | 1    | 1    | 
|mac_core    | (0 or P)+(A2*B2)' | 8      | 8      | -      | -      | 32     | 1    | 1    | -    | -    | -     | 1    | 1    | 
|mac_core    | (0 or P)+(A2*B2)' | 8      | 8      | -      | -      | 32     | 1    | 1    | -    | -    | -     | 1    | 1    | 
|mac_core    | (0 or P)+(A2*B2)' | 8      | 8      | -      | -      | 32     | 1    | 1    | -    | -    | -     | 1    | 1    | 
|mac_core    | (0 or P)+(A2*B2)' | 8      | 8      | -      | -      | 32     | 1    | 1    | -    | -    | -     | 1    | 1    | 
|mac_core    | (0 or P)+(A2*B2)' | 8      | 8      | -      | -      | 32     | 1    | 1    | -    | -    | -     | 1    | 1    | 
|mac_core    | (0 or P)+(A2*B2)' | 8      | 8      | -      | -      | 32     | 1    | 1    | -    | -    | -     | 1    | 1    | 
|mac_core    | (0 or P)+(A2*B2)' | 8      | 8      | -      | -      | 32     | 1    | 1    | -    | -    | -     | 1    | 1    | 
|mac_core    | (0 or P)+(A2*B2)' | 8      | 8      | -      | -      | 32     | 1    | 1    | -    | -    | -     | 1    | 1    | 
|mac_core    | (0 or P)+(A2*B2)' | 8      | 8      | -      | -      | 32     | 1    | 1    | -    | -    | -     | 1    | 1    | 
|mac_core    | (0 or P)+(A2*B2)' | 8      | 8      | -      | -      | 32     | 1    | 1    | -    | -    | -     | 1    | 1    | 
|mac_core    | (0 or P)+(A2*B2)' | 8      | 8      | -      | -      | 32     | 1    | 1    | -    | -    | -     | 1    | 1    | 
|mac_core    | (0 or P)+(A2*B2)' | 8      | 8      | -      | -      | 32     | 1    | 1    | -    | -    | -     | 1    | 1    | 
|mac_core    | (0 or P)+(A2*B2)' | 8      | 8      | -      | -      | 32     | 1    | 1    | -    | -    | -     | 1    | 1    | 
|mac_core    | (0 or P)+(A2*B2)' | 8      | 8      | -      | -      | 32     | 1    | 1    | -    | -    | -     | 1    | 1    | 
|mac_core    | (0 or P)+(A2*B2)' | 8      | 8      | -      | -      | 32     | 1    | 1    | -    | -    | -     | 1    | 1    | 
|mac_core    | (0 or P)+(A2*B2)' | 8      | 8      | -      | -      | 32     | 1    | 1    | -    | -    | -     | 1    | 1    | 
|mac_core    | (0 or P)+(A2*B2)' | 8      | 8      | -      | -      | 32     | 1    | 1    | -    | -    | -     | 1    | 1    | 
|mac_core    | (0 or P)+(A2*B2)' | 8      | 8      | -      | -      | 32     | 1    | 1    | -    | -    | -     | 1    | 1    | 
|mac_core    | (0 or P)+(A2*B2)' | 8      | 8      | -      | -      | 32     | 1    | 1    | -    | -    | -     | 1    | 1    | 
|mac_core    | (0 or P)+(A2*B2)' | 8      | 8      | -      | -      | 32     | 1    | 1    | -    | -    | -     | 1    | 1    | 
|mac_core    | (0 or P)+(A2*B2)' | 8      | 8      | -      | -      | 32     | 1    | 1    | -    | -    | -     | 1    | 1    | 
|mac_core    | (0 or P)+(A2*B2)' | 8      | 8      | -      | -      | 32     | 1    | 1    | -    | -    | -     | 1    | 1    | 
|mac_core    | (0 or P)+(A2*B2)' | 8      | 8      | -      | -      | 32     | 1    | 1    | -    | -    | -     | 1    | 1    | 
|mac_core    | (0 or P)+(A2*B2)' | 8      | 8      | -      | -      | 32     | 1    | 1    | -    | -    | -     | 1    | 1    | 
|mac_core    | (0 or P)+(A2*B2)' | 8      | 8      | -      | -      | 32     | 1    | 1    | -    | -    | -     | 1    | 1    | 
|mac_core    | (0 or P)+(A2*B2)' | 8      | 8      | -      | -      | 32     | 1    | 1    | -    | -    | -     | 1    | 1    | 
|mac_core    | (0 or P)+(A2*B2)' | 8      | 8      | -      | -      | 32     | 1    | 1    | -    | -    | -     | 1    | 1    | 
|mac_core    | (0 or P)+(A2*B2)' | 8      | 8      | -      | -      | 32     | 1    | 1    | -    | -    | -     | 1    | 1    | 
|mac_core    | (0 or P)+(A2*B2)' | 8      | 8      | -      | -      | 32     | 1    | 1    | -    | -    | -     | 1    | 1    | 
|mac_core    | (0 or P)+(A2*B2)' | 8      | 8      | -      | -      | 32     | 1    | 1    | -    | -    | -     | 1    | 1    | 
|mac_core    | (0 or P)+(A2*B2)' | 8      | 8      | -      | -      | 32     | 1    | 1    | -    | -    | -     | 1    | 1    | 
|mac_core    | (0 or P)+(A2*B2)' | 8      | 8      | -      | -      | 32     | 1    | 1    | -    | -    | -     | 1    | 1    | 
|mac_core    | (0 or P)+(A2*B2)' | 8      | 8      | -      | -      | 32     | 1    | 1    | -    | -    | -     | 1    | 1    | 
|mac_core    | (0 or P)+(A2*B2)' | 8      | 8      | -      | -      | 32     | 1    | 1    | -    | -    | -     | 1    | 1    | 
|mac_core    | (0 or P)+(A2*B2)' | 8      | 8      | -      | -      | 32     | 1    | 1    | -    | -    | -     | 1    | 1    | 
|mac_core    | (0 or P)+(A2*B2)' | 8      | 8      | -      | -      | 32     | 1    | 1    | -    | -    | -     | 1    | 1    | 
|mac_core    | (0 or P)+(A2*B2)' | 8      | 8      | -      | -      | 32     | 1    | 1    | -    | -    | -     | 1    | 1    | 
|mac_core    | (0 or P)+(A2*B2)' | 8      | 8      | -      | -      | 32     | 1    | 1    | -    | -    | -     | 1    | 1    | 
|mac_core    | (0 or P)+(A2*B2)' | 8      | 8      | -      | -      | 32     | 1    | 1    | -    | -    | -     | 1    | 1    | 
|mac_core    | (0 or P)+(A2*B2)' | 8      | 8      | -      | -      | 32     | 1    | 1    | -    | -    | -     | 1    | 1    | 
|mac_core    | (0 or P)+(A2*B2)' | 8      | 8      | -      | -      | 32     | 1    | 1    | -    | -    | -     | 1    | 1    | 
|mac_core    | (0 or P)+(A2*B2)' | 8      | 8      | -      | -      | 32     | 1    | 1    | -    | -    | -     | 1    | 1    | 
|mac_core    | (0 or P)+(A2*B2)' | 8      | 8      | -      | -      | 32     | 1    | 1    | -    | -    | -     | 1    | 1    | 
|mac_core    | (0 or P)+(A2*B2)' | 8      | 8      | -      | -      | 32     | 1    | 1    | -    | -    | -     | 1    | 1    | 
|mac_core    | (0 or P)+(A2*B2)' | 8      | 8      | -      | -      | 32     | 1    | 1    | -    | -    | -     | 1    | 1    | 
|mac_core    | (0 or P)+(A2*B2)' | 8      | 8      | -      | -      | 32     | 1    | 1    | -    | -    | -     | 1    | 1    | 
|mac_core    | (0 or P)+(A2*B2)' | 8      | 8      | -      | -      | 32     | 1    | 1    | -    | -    | -     | 1    | 1    | 
|mac_core    | (0 or P)+(A2*B2)' | 8      | 8      | -      | -      | 32     | 1    | 1    | -    | -    | -     | 1    | 1    | 
|mac_core    | (0 or P)+(A2*B2)' | 8      | 8      | -      | -      | 32     | 1    | 1    | -    | -    | -     | 1    | 1    | 
|mac_core    | (0 or P)+(A2*B2)' | 8      | 8      | -      | -      | 32     | 1    | 1    | -    | -    | -     | 1    | 1    | 
|mac_core    | (0 or P)+(A2*B2)' | 8      | 8      | -      | -      | 32     | 1    | 1    | -    | -    | -     | 1    | 1    | 
|mac_core    | (0 or P)+(A2*B2)' | 8      | 8      | -      | -      | 32     | 1    | 1    | -    | -    | -     | 1    | 1    | 
|mac_core    | (0 or P)+(A2*B2)' | 8      | 8      | -      | -      | 32     | 1    | 1    | -    | -    | -     | 1    | 1    | 
|mac_core    | (0 or P)+(A2*B2)' | 8      | 8      | -      | -      | 32     | 1    | 1    | -    | -    | -     | 1    | 1    | 
|mac_core    | (0 or P)+(A2*B2)' | 8      | 8      | -      | -      | 32     | 1    | 1    | -    | -    | -     | 1    | 1    | 
|mac_core    | (0 or P)+(A2*B2)' | 8      | 8      | -      | -      | 32     | 1    | 1    | -    | -    | -     | 1    | 1    | 
|mac_core    | (0 or P)+(A2*B2)' | 8      | 8      | -      | -      | 32     | 1    | 1    | -    | -    | -     | 1    | 1    | 
|mac_core    | (0 or P)+(A2*B2)' | 8      | 8      | -      | -      | 32     | 1    | 1    | -    | -    | -     | 1    | 1    | 
|mac_core    | (0 or P)+(A2*B2)' | 8      | 8      | -      | -      | 32     | 1    | 1    | -    | -    | -     | 1    | 1    | 
|mac_core    | (0 or P)+(A2*B2)' | 8      | 8      | -      | -      | 32     | 1    | 1    | -    | -    | -     | 1    | 1    | 
|mac_core    | (0 or P)+(A2*B2)' | 8      | 8      | -      | -      | 32     | 1    | 1    | -    | -    | -     | 1    | 1    | 
|mac_core    | (0 or P)+(A2*B2)' | 8      | 8      | -      | -      | 32     | 1    | 1    | -    | -    | -     | 1    | 1    | 
|mac_core    | (0 or P)+(A2*B2)' | 8      | 8      | -      | -      | 32     | 1    | 1    | -    | -    | -     | 1    | 1    | 
|mac_core    | (0 or P)+(A2*B2)' | 8      | 8      | -      | -      | 32     | 1    | 1    | -    | -    | -     | 1    | 1    | 
|mac_core    | (0 or P)+(A2*B2)' | 8      | 8      | -      | -      | 32     | 1    | 1    | -    | -    | -     | 1    | 1    | 
|mac_core    | (0 or P)+(A2*B2)' | 8      | 8      | -      | -      | 32     | 1    | 1    | -    | -    | -     | 1    | 1    | 
|mac_core    | (0 or P)+(A2*B2)' | 8      | 8      | -      | -      | 32     | 1    | 1    | -    | -    | -     | 1    | 1    | 
|mac_core    | (0 or P)+(A2*B2)' | 8      | 8      | -      | -      | 32     | 1    | 1    | -    | -    | -     | 1    | 1    | 
|mac_core    | (0 or P)+(A2*B2)' | 8      | 8      | -      | -      | 32     | 1    | 1    | -    | -    | -     | 1    | 1    | 
|mac_core    | (0 or P)+(A2*B2)' | 8      | 8      | -      | -      | 32     | 1    | 1    | -    | -    | -     | 1    | 1    | 
|mac_core    | (0 or P)+(A2*B2)' | 8      | 8      | -      | -      | 32     | 1    | 1    | -    | -    | -     | 1    | 1    | 
|mac_core    | (0 or P)+(A2*B2)' | 8      | 8      | -      | -      | 32     | 1    | 1    | -    | -    | -     | 1    | 1    | 
|mac_core    | (0 or P)+(A2*B2)' | 8      | 8      | -      | -      | 32     | 1    | 1    | -    | -    | -     | 1    | 1    | 
|mac_core    | (0 or P)+(A2*B2)' | 8      | 8      | -      | -      | 32     | 1    | 1    | -    | -    | -     | 1    | 1    | 
|mac_core    | (0 or P)+(A2*B2)' | 8      | 8      | -      | -      | 32     | 1    | 1    | -    | -    | -     | 1    | 1    | 
|mac_core    | (0 or P)+(A2*B2)' | 8      | 8      | -      | -      | 32     | 1    | 1    | -    | -    | -     | 1    | 1    | 
|mac_core    | (0 or P)+(A2*B2)' | 8      | 8      | -      | -      | 32     | 1    | 1    | -    | -    | -     | 1    | 1    | 
|mac_core    | (0 or P)+(A2*B2)' | 8      | 8      | -      | -      | 32     | 1    | 1    | -    | -    | -     | 1    | 1    | 
|mac_core    | (0 or P)+(A2*B2)' | 8      | 8      | -      | -      | 32     | 1    | 1    | -    | -    | -     | 1    | 1    | 
|mac_core    | (0 or P)+(A2*B2)' | 8      | 8      | -      | -      | 32     | 1    | 1    | -    | -    | -     | 1    | 1    | 
|mac_core    | (0 or P)+(A2*B2)' | 8      | 8      | -      | -      | 32     | 1    | 1    | -    | -    | -     | 1    | 1    | 
|mac_core    | (0 or P)+(A2*B2)' | 8      | 8      | -      | -      | 32     | 1    | 1    | -    | -    | -     | 1    | 1    | 
|mac_core    | (0 or P)+(A2*B2)' | 8      | 8      | -      | -      | 32     | 1    | 1    | -    | -    | -     | 1    | 1    | 
|mac_core    | (0 or P)+(A2*B2)' | 8      | 8      | -      | -      | 32     | 1    | 1    | -    | -    | -     | 1    | 1    | 
|mac_core    | (0 or P)+(A2*B2)' | 8      | 8      | -      | -      | 32     | 1    | 1    | -    | -    | -     | 1    | 1    | 
|mac_core    | (0 or P)+(A2*B2)' | 8      | 8      | -      | -      | 32     | 1    | 1    | -    | -    | -     | 1    | 1    | 
|mac_core    | (0 or P)+(A2*B2)' | 8      | 8      | -      | -      | 32     | 1    | 1    | -    | -    | -     | 1    | 1    | 
|mac_core    | (0 or P)+(A2*B2)' | 8      | 8      | -      | -      | 32     | 1    | 1    | -    | -    | -     | 1    | 1    | 
|mac_core    | (0 or P)+(A2*B2)' | 8      | 8      | -      | -      | 32     | 1    | 1    | -    | -    | -     | 1    | 1    | 
|mac_core    | (0 or P)+(A2*B2)' | 8      | 8      | -      | -      | 32     | 1    | 1    | -    | -    | -     | 1    | 1    | 
|mac_core    | (0 or P)+(A2*B2)' | 8      | 8      | -      | -      | 32     | 1    | 1    | -    | -    | -     | 1    | 1    | 
|mac_core    | (0 or P)+(A2*B2)' | 8      | 8      | -      | -      | 32     | 1    | 1    | -    | -    | -     | 1    | 1    | 
|mac_core    | (0 or P)+(A2*B2)' | 8      | 8      | -      | -      | 32     | 1    | 1    | -    | -    | -     | 1    | 1    | 
|mac_core    | (0 or P)+(A2*B2)' | 8      | 8      | -      | -      | 32     | 1    | 1    | -    | -    | -     | 1    | 1    | 
|mac_core    | (0 or P)+(A2*B2)' | 8      | 8      | -      | -      | 32     | 1    | 1    | -    | -    | -     | 1    | 1    | 
|mac_core    | (0 or P)+(A2*B2)' | 8      | 8      | -      | -      | 32     | 1    | 1    | -    | -    | -     | 1    | 1    | 
|mac_core    | (0 or P)+(A2*B2)' | 8      | 8      | -      | -      | 32     | 1    | 1    | -    | -    | -     | 1    | 1    | 
|mac_core    | (0 or P)+(A2*B2)' | 8      | 8      | -      | -      | 32     | 1    | 1    | -    | -    | -     | 1    | 1    | 
|mac_core    | (0 or P)+(A2*B2)' | 8      | 8      | -      | -      | 32     | 1    | 1    | -    | -    | -     | 1    | 1    | 
|mac_core    | (0 or P)+(A2*B2)' | 8      | 8      | -      | -      | 32     | 1    | 1    | -    | -    | -     | 1    | 1    | 
|mac_core    | (0 or P)+(A2*B2)' | 8      | 8      | -      | -      | 32     | 1    | 1    | -    | -    | -     | 1    | 1    | 
|mac_core    | (0 or P)+(A2*B2)' | 8      | 8      | -      | -      | 32     | 1    | 1    | -    | -    | -     | 1    | 1    | 
|mac_core    | (0 or P)+(A2*B2)' | 8      | 8      | -      | -      | 32     | 1    | 1    | -    | -    | -     | 1    | 1    | 
|mac_core    | (0 or P)+(A2*B2)' | 8      | 8      | -      | -      | 32     | 1    | 1    | -    | -    | -     | 1    | 1    | 
|mac_core    | (0 or P)+(A2*B2)' | 8      | 8      | -      | -      | 32     | 1    | 1    | -    | -    | -     | 1    | 1    | 
|mac_core    | (0 or P)+(A2*B2)' | 8      | 8      | -      | -      | 32     | 1    | 1    | -    | -    | -     | 1    | 1    | 
|mac_core    | (0 or P)+(A2*B2)' | 8      | 8      | -      | -      | 32     | 1    | 1    | -    | -    | -     | 1    | 1    | 
|mac_core    | (0 or P)+(A2*B2)' | 8      | 8      | -      | -      | 32     | 1    | 1    | -    | -    | -     | 1    | 1    | 
|mac_core    | (0 or P)+(A2*B2)' | 8      | 8      | -      | -      | 32     | 1    | 1    | -    | -    | -     | 1    | 1    | 
|mac_core    | (0 or P)+(A2*B2)' | 8      | 8      | -      | -      | 32     | 1    | 1    | -    | -    | -     | 1    | 1    | 
|mac_core    | (0 or P)+(A2*B2)' | 8      | 8      | -      | -      | 32     | 1    | 1    | -    | -    | -     | 1    | 1    | 
|mac_core    | (0 or P)+(A2*B2)' | 8      | 8      | -      | -      | 32     | 1    | 1    | -    | -    | -     | 1    | 1    | 
|mac_core    | (0 or P)+(A2*B2)' | 8      | 8      | -      | -      | 32     | 1    | 1    | -    | -    | -     | 1    | 1    | 
|mac_core    | (0 or P)+(A2*B2)' | 8      | 8      | -      | -      | 32     | 1    | 1    | -    | -    | -     | 1    | 1    | 
|mac_core    | (0 or P)+(A2*B2)' | 8      | 8      | -      | -      | 32     | 1    | 1    | -    | -    | -     | 1    | 1    | 
|mac_core    | (0 or P)+(A2*B2)' | 8      | 8      | -      | -      | 32     | 1    | 1    | -    | -    | -     | 1    | 1    | 
|mac_core    | (0 or P)+(A2*B2)' | 8      | 8      | -      | -      | 32     | 1    | 1    | -    | -    | -     | 1    | 1    | 
|mac_core    | (0 or P)+(A2*B2)' | 8      | 8      | -      | -      | 32     | 1    | 1    | -    | -    | -     | 1    | 1    | 
|mac_core    | (0 or P)+(A2*B2)' | 8      | 8      | -      | -      | 32     | 1    | 1    | -    | -    | -     | 1    | 1    | 
|mac_core    | (0 or P)+(A2*B2)' | 8      | 8      | -      | -      | 32     | 1    | 1    | -    | -    | -     | 1    | 1    | 
|mac_core    | (0 or P)+(A2*B2)' | 8      | 8      | -      | -      | 32     | 1    | 1    | -    | -    | -     | 1    | 1    | 
|mac_core    | (0 or P)+(A2*B2)' | 8      | 8      | -      | -      | 32     | 1    | 1    | -    | -    | -     | 1    | 1    | 
|mac_core    | (0 or P)+(A2*B2)' | 8      | 8      | -      | -      | 32     | 1    | 1    | -    | -    | -     | 1    | 1    | 
|mac_core    | (0 or P)+(A2*B2)' | 8      | 8      | -      | -      | 32     | 1    | 1    | -    | -    | -     | 1    | 1    | 
|mac_core    | (0 or P)+(A2*B2)' | 8      | 8      | -      | -      | 32     | 1    | 1    | -    | -    | -     | 1    | 1    | 
|mac_core    | (0 or P)+(A2*B2)' | 8      | 8      | -      | -      | 32     | 1    | 1    | -    | -    | -     | 1    | 1    | 
|mac_core    | (0 or P)+(A2*B2)' | 8      | 8      | -      | -      | 32     | 1    | 1    | -    | -    | -     | 1    | 1    | 
|mac_core    | (0 or P)+(A2*B2)' | 8      | 8      | -      | -      | 32     | 1    | 1    | -    | -    | -     | 1    | 1    | 
|mac_core    | (0 or P)+(A2*B2)' | 8      | 8      | -      | -      | 32     | 1    | 1    | -    | -    | -     | 1    | 1    | 
|mac_core    | (0 or P)+(A2*B2)' | 8      | 8      | -      | -      | 32     | 1    | 1    | -    | -    | -     | 1    | 1    | 
|mac_core    | (0 or P)+(A2*B2)' | 8      | 8      | -      | -      | 32     | 1    | 1    | -    | -    | -     | 1    | 1    | 
|mac_core    | (0 or P)+(A2*B2)' | 8      | 8      | -      | -      | 32     | 1    | 1    | -    | -    | -     | 1    | 1    | 
|mac_core    | (0 or P)+(A2*B2)' | 8      | 8      | -      | -      | 32     | 1    | 1    | -    | -    | -     | 1    | 1    | 
|mac_core    | (0 or P)+(A2*B2)' | 8      | 8      | -      | -      | 32     | 1    | 1    | -    | -    | -     | 1    | 1    | 
|mac_core    | (0 or P)+(A2*B2)' | 8      | 8      | -      | -      | 32     | 1    | 1    | -    | -    | -     | 1    | 1    | 
|mac_core    | (0 or P)+(A2*B2)' | 8      | 8      | -      | -      | 32     | 1    | 1    | -    | -    | -     | 1    | 1    | 
|mac_core    | (0 or P)+(A2*B2)' | 8      | 8      | -      | -      | 32     | 1    | 1    | -    | -    | -     | 1    | 1    | 
|mac_core    | (0 or P)+(A2*B2)' | 8      | 8      | -      | -      | 32     | 1    | 1    | -    | -    | -     | 1    | 1    | 
|mac_core    | (0 or P)+(A2*B2)' | 8      | 8      | -      | -      | 32     | 1    | 1    | -    | -    | -     | 1    | 1    | 
|mac_core    | (0 or P)+(A2*B2)' | 8      | 8      | -      | -      | 32     | 1    | 1    | -    | -    | -     | 1    | 1    | 
|mac_core    | (0 or P)+(A2*B2)' | 8      | 8      | -      | -      | 32     | 1    | 1    | -    | -    | -     | 1    | 1    | 
|mac_core    | (0 or P)+(A2*B2)' | 8      | 8      | -      | -      | 32     | 1    | 1    | -    | -    | -     | 1    | 1    | 
|mac_core    | (0 or P)+(A2*B2)' | 8      | 8      | -      | -      | 32     | 1    | 1    | -    | -    | -     | 1    | 1    | 
|mac_core    | (0 or P)+(A2*B2)' | 8      | 8      | -      | -      | 32     | 1    | 1    | -    | -    | -     | 1    | 1    | 
|mac_core    | (0 or P)+(A2*B2)' | 8      | 8      | -      | -      | 32     | 1    | 1    | -    | -    | -     | 1    | 1    | 
|mac_core    | (0 or P)+(A2*B2)' | 8      | 8      | -      | -      | 32     | 1    | 1    | -    | -    | -     | 1    | 1    | 
|mac_core    | (0 or P)+(A2*B2)' | 8      | 8      | -      | -      | 32     | 1    | 1    | -    | -    | -     | 1    | 1    | 
|mac_core    | (0 or P)+(A2*B2)' | 8      | 8      | -      | -      | 32     | 1    | 1    | -    | -    | -     | 1    | 1    | 
|mac_core    | (0 or P)+(A2*B2)' | 8      | 8      | -      | -      | 32     | 1    | 1    | -    | -    | -     | 1    | 1    | 
|mac_core    | (0 or P)+(A2*B2)' | 8      | 8      | -      | -      | 32     | 1    | 1    | -    | -    | -     | 1    | 1    | 
|mac_core    | (0 or P)+(A2*B2)' | 8      | 8      | -      | -      | 32     | 1    | 1    | -    | -    | -     | 1    | 1    | 
|mac_core    | (0 or P)+(A2*B2)' | 8      | 8      | -      | -      | 32     | 1    | 1    | -    | -    | -     | 1    | 1    | 
|mac_core    | (0 or P)+(A2*B2)' | 8      | 8      | -      | -      | 32     | 1    | 1    | -    | -    | -     | 1    | 1    | 
|mac_core    | (0 or P)+(A2*B2)' | 8      | 8      | -      | -      | 32     | 1    | 1    | -    | -    | -     | 1    | 1    | 
|mac_core    | (0 or P)+(A2*B2)' | 8      | 8      | -      | -      | 32     | 1    | 1    | -    | -    | -     | 1    | 1    | 
|mac_core    | (0 or P)+(A2*B2)' | 8      | 8      | -      | -      | 32     | 1    | 1    | -    | -    | -     | 1    | 1    | 
|mac_core    | (0 or P)+(A2*B2)' | 8      | 8      | -      | -      | 32     | 1    | 1    | -    | -    | -     | 1    | 1    | 
|mac_core    | (0 or P)+(A2*B2)' | 8      | 8      | -      | -      | 32     | 1    | 1    | -    | -    | -     | 1    | 1    | 
|mac_core    | (0 or P)+(A2*B2)' | 8      | 8      | -      | -      | 32     | 1    | 1    | -    | -    | -     | 1    | 1    | 
|mac_core    | (0 or P)+(A2*B2)' | 8      | 8      | -      | -      | 32     | 1    | 1    | -    | -    | -     | 1    | 1    | 
|mac_core    | (0 or P)+(A2*B2)' | 8      | 8      | -      | -      | 32     | 1    | 1    | -    | -    | -     | 1    | 1    | 
|mac_core    | (0 or P)+(A2*B2)' | 8      | 8      | -      | -      | 32     | 1    | 1    | -    | -    | -     | 1    | 1    | 
|mac_core    | (0 or P)+(A2*B2)' | 8      | 8      | -      | -      | 32     | 1    | 1    | -    | -    | -     | 1    | 1    | 
|mac_core    | (0 or P)+(A2*B2)' | 8      | 8      | -      | -      | 32     | 1    | 1    | -    | -    | -     | 1    | 1    | 
|mac_core    | (0 or P)+(A2*B2)' | 8      | 8      | -      | -      | 32     | 1    | 1    | -    | -    | -     | 1    | 1    | 
|mac_core    | (0 or P)+(A2*B2)' | 8      | 8      | -      | -      | 32     | 1    | 1    | -    | -    | -     | 1    | 1    | 
|mac_core    | (0 or P)+(A2*B2)' | 8      | 8      | -      | -      | 32     | 1    | 1    | -    | -    | -     | 1    | 1    | 
|mac_core    | (0 or P)+(A2*B2)' | 8      | 8      | -      | -      | 32     | 1    | 1    | -    | -    | -     | 1    | 1    | 
|mac_core    | (0 or P)+(A2*B2)' | 8      | 8      | -      | -      | 32     | 1    | 1    | -    | -    | -     | 1    | 1    | 
|mac_core    | (0 or P)+(A2*B2)' | 8      | 8      | -      | -      | 32     | 1    | 1    | -    | -    | -     | 1    | 1    | 
|mac_core    | (0 or P)+(A2*B2)' | 8      | 8      | -      | -      | 32     | 1    | 1    | -    | -    | -     | 1    | 1    | 
|mac_core    | (0 or P)+(A2*B2)' | 8      | 8      | -      | -      | 32     | 1    | 1    | -    | -    | -     | 1    | 1    | 
|mac_core    | (0 or P)+(A2*B2)' | 8      | 8      | -      | -      | 32     | 1    | 1    | -    | -    | -     | 1    | 1    | 
|mac_core    | (0 or P)+(A2*B2)' | 8      | 8      | -      | -      | 32     | 1    | 1    | -    | -    | -     | 1    | 1    | 
|mac_core    | (0 or P)+(A2*B2)' | 8      | 8      | -      | -      | 32     | 1    | 1    | -    | -    | -     | 1    | 1    | 
|mac_core    | (0 or P)+(A2*B2)' | 8      | 8      | -      | -      | 32     | 1    | 1    | -    | -    | -     | 1    | 1    | 
|mac_core    | (0 or P)+(A2*B2)' | 8      | 8      | -      | -      | 32     | 1    | 1    | -    | -    | -     | 1    | 1    | 
|mac_core    | (0 or P)+(A2*B2)' | 8      | 8      | -      | -      | 32     | 1    | 1    | -    | -    | -     | 1    | 1    | 
|mac_core    | (0 or P)+(A2*B2)' | 8      | 8      | -      | -      | 32     | 1    | 1    | -    | -    | -     | 1    | 1    | 
|mac_core    | (0 or P)+(A2*B2)' | 8      | 8      | -      | -      | 32     | 1    | 1    | -    | -    | -     | 1    | 1    | 
|mac_core    | (0 or P)+(A2*B2)' | 8      | 8      | -      | -      | 32     | 1    | 1    | -    | -    | -     | 1    | 1    | 
|mac_core    | (0 or P)+(A2*B2)' | 8      | 8      | -      | -      | 32     | 1    | 1    | -    | -    | -     | 1    | 1    | 
+------------+-------------------+--------+--------+--------+--------+--------+------+------+------+------+-------+------+------+

Note: The table above is a preliminary report that shows the DSPs inferred at the current stage of the synthesis flow. Some DSP may be reimplemented as non DSP primitives later in the synthesis flow. Multiple instantiated DSPs are reported only once.
---------------------------------------------------------------------------------
Finished ROM, RAM, DSP, Shift Register and Retiming Reporting
---------------------------------------------------------------------------------
---------------------------------------------------------------------------------
Start Applying XDC Timing Constraints
---------------------------------------------------------------------------------
---------------------------------------------------------------------------------
Finished Applying XDC Timing Constraints : Time (s): cpu = 00:00:47 ; elapsed = 00:00:50 . Memory (MB): peak = 2843.371 ; gain = 1207.801
---------------------------------------------------------------------------------
---------------------------------------------------------------------------------
Start Timing Optimization
---------------------------------------------------------------------------------
INFO: [Synth 8-5556] The block RAM "inst/bram_A/gen_bram_bank[0].ram_pong_reg" may be mapped as a cascade chain, because it is not timing critical.
INFO: [Synth 8-5556] The block RAM "inst/bram_A/gen_bram_bank[1].ram_pong_reg" may be mapped as a cascade chain, because it is not timing critical.
INFO: [Synth 8-5556] The block RAM "inst/bram_A/gen_bram_bank[0].ram_ping_reg" may be mapped as a cascade chain, because it is not timing critical.
INFO: [Synth 8-5556] The block RAM "inst/bram_A/gen_bram_bank[1].ram_ping_reg" may be mapped as a cascade chain, because it is not timing critical.
INFO: [Synth 8-5556] The block RAM "inst/bram_B/gen_bram_bank[0].ram_pong_reg" may be mapped as a cascade chain, because it is not timing critical.
INFO: [Synth 8-5556] The block RAM "inst/bram_B/gen_bram_bank[1].ram_pong_reg" may be mapped as a cascade chain, because it is not timing critical.
INFO: [Synth 8-5556] The block RAM "inst/bram_B/gen_bram_bank[0].ram_ping_reg" may be mapped as a cascade chain, because it is not timing critical.
INFO: [Synth 8-5556] The block RAM "inst/bram_B/gen_bram_bank[1].ram_ping_reg" may be mapped as a cascade chain, because it is not timing critical.
---------------------------------------------------------------------------------
Finished Timing Optimization : Time (s): cpu = 00:01:19 ; elapsed = 00:01:22 . Memory (MB): peak = 3217.605 ; gain = 1582.035
---------------------------------------------------------------------------------
---------------------------------------------------------------------------------
Start ROM, RAM, DSP, Shift Register and Retiming Reporting
---------------------------------------------------------------------------------

Block RAM: Final Mapping Report
+------------+--------------------------------------+------------------------+---+---+------------------------+---+---+------------------+--------+--------+-----------------+
|Module Name | RTL Object                           | PORT A (Depth x Width) | W | R | PORT B (Depth x Width) | W | R | Ports driving FF | RAMB18 | RAMB36 | Cascade Heights | 
+------------+--------------------------------------+------------------------+---+---+------------------------+---+---+------------------+--------+--------+-----------------+
|inst        | bram_A/gen_bram_bank[0].ram_pong_reg | 1 K x 64(READ_FIRST)   | W |   | 1 K x 64(WRITE_FIRST)  |   | R | Port A and B     | 0      | 2      | 1,1             | 
|inst        | bram_A/gen_bram_bank[1].ram_pong_reg | 1 K x 64(READ_FIRST)   | W |   | 1 K x 64(WRITE_FIRST)  |   | R | Port A and B     | 0      | 2      | 1,1             | 
|inst        | bram_A/gen_bram_bank[0].ram_ping_reg | 1 K x 64(READ_FIRST)   | W |   | 1 K x 64(WRITE_FIRST)  |   | R | Port A and B     | 0      | 2      | 1,1             | 
|inst        | bram_A/gen_bram_bank[1].ram_ping_reg | 1 K x 64(READ_FIRST)   | W |   | 1 K x 64(WRITE_FIRST)  |   | R | Port A and B     | 0      | 2      | 1,1             | 
|inst        | bram_B/gen_bram_bank[0].ram_pong_reg | 1 K x 64(READ_FIRST)   | W |   | 1 K x 64(WRITE_FIRST)  |   | R | Port A and B     | 0      | 2      | 1,1             | 
|inst        | bram_B/gen_bram_bank[1].ram_pong_reg | 1 K x 64(READ_FIRST)   | W |   | 1 K x 64(WRITE_FIRST)  |   | R | Port A and B     | 0      | 2      | 1,1             | 
|inst        | bram_B/gen_bram_bank[0].ram_ping_reg | 1 K x 64(READ_FIRST)   | W |   | 1 K x 64(WRITE_FIRST)  |   | R | Port A and B     | 0      | 2      | 1,1             | 
|inst        | bram_B/gen_bram_bank[1].ram_ping_reg | 1 K x 64(READ_FIRST)   | W |   | 1 K x 64(WRITE_FIRST)  |   | R | Port A and B     | 0      | 2      | 1,1             | 
+------------+--------------------------------------+------------------------+---+---+------------------------+---+---+------------------+--------+--------+-----------------+

---------------------------------------------------------------------------------
Finished ROM, RAM, DSP, Shift Register and Retiming Reporting
---------------------------------------------------------------------------------
---------------------------------------------------------------------------------
Start Technology Mapping
---------------------------------------------------------------------------------
INFO: [Synth 8-7052] The timing for the instance inst/bram_A/gen_bram_bank[0].ram_pong_reg_bram_0 (implemented as a Block RAM) might be sub-optimal as no optional output register could be merged into the ram block. Providing additional output register may help in improving timing.
INFO: [Synth 8-7052] The timing for the instance inst/bram_A/gen_bram_bank[0].ram_pong_reg_bram_1 (implemented as a Block RAM) might be sub-optimal as no optional output register could be merged into the ram block. Providing additional output register may help in improving timing.
INFO: [Synth 8-7052] The timing for the instance inst/bram_A/gen_bram_bank[1].ram_pong_reg_bram_0 (implemented as a Block RAM) might be sub-optimal as no optional output register could be merged into the ram block. Providing additional output register may help in improving timing.
INFO: [Synth 8-7052] The timing for the instance inst/bram_A/gen_bram_bank[1].ram_pong_reg_bram_1 (implemented as a Block RAM) might be sub-optimal as no optional output register could be merged into the ram block. Providing additional output register may help in improving timing.
INFO: [Synth 8-7052] The timing for the instance inst/bram_A/gen_bram_bank[0].ram_ping_reg_bram_0 (implemented as a Block RAM) might be sub-optimal as no optional output register could be merged into the ram block. Providing additional output register may help in improving timing.
INFO: [Synth 8-7052] The timing for the instance inst/bram_A/gen_bram_bank[0].ram_ping_reg_bram_1 (implemented as a Block RAM) might be sub-optimal as no optional output register could be merged into the ram block. Providing additional output register may help in improving timing.
INFO: [Synth 8-7052] The timing for the instance inst/bram_A/gen_bram_bank[1].ram_ping_reg_bram_0 (implemented as a Block RAM) might be sub-optimal as no optional output register could be merged into the ram block. Providing additional output register may help in improving timing.
INFO: [Synth 8-7052] The timing for the instance inst/bram_A/gen_bram_bank[1].ram_ping_reg_bram_1 (implemented as a Block RAM) might be sub-optimal as no optional output register could be merged into the ram block. Providing additional output register may help in improving timing.
INFO: [Synth 8-7052] The timing for the instance inst/bram_B/gen_bram_bank[0].ram_pong_reg_bram_0 (implemented as a Block RAM) might be sub-optimal as no optional output register could be merged into the ram block. Providing additional output register may help in improving timing.
INFO: [Synth 8-7052] The timing for the instance inst/bram_B/gen_bram_bank[0].ram_pong_reg_bram_1 (implemented as a Block RAM) might be sub-optimal as no optional output register could be merged into the ram block. Providing additional output register may help in improving timing.
INFO: [Synth 8-7052] The timing for the instance inst/bram_B/gen_bram_bank[1].ram_pong_reg_bram_0 (implemented as a Block RAM) might be sub-optimal as no optional output register could be merged into the ram block. Providing additional output register may help in improving timing.
INFO: [Synth 8-7052] The timing for the instance inst/bram_B/gen_bram_bank[1].ram_pong_reg_bram_1 (implemented as a Block RAM) might be sub-optimal as no optional output register could be merged into the ram block. Providing additional output register may help in improving timing.
INFO: [Synth 8-7052] The timing for the instance inst/bram_B/gen_bram_bank[0].ram_ping_reg_bram_0 (implemented as a Block RAM) might be sub-optimal as no optional output register could be merged into the ram block. Providing additional output register may help in improving timing.
INFO: [Synth 8-7052] The timing for the instance inst/bram_B/gen_bram_bank[0].ram_ping_reg_bram_1 (implemented as a Block RAM) might be sub-optimal as no optional output register could be merged into the ram block. Providing additional output register may help in improving timing.
INFO: [Synth 8-7052] The timing for the instance inst/bram_B/gen_bram_bank[1].ram_ping_reg_bram_0 (implemented as a Block RAM) might be sub-optimal as no optional output register could be merged into the ram block. Providing additional output register may help in improving timing.
INFO: [Synth 8-7052] The timing for the instance inst/bram_B/gen_bram_bank[1].ram_ping_reg_bram_1 (implemented as a Block RAM) might be sub-optimal as no optional output register could be merged into the ram block. Providing additional output register may help in improving timing.
---------------------------------------------------------------------------------
Finished Technology Mapping : Time (s): cpu = 00:01:34 ; elapsed = 00:01:38 . Memory (MB): peak = 3234.750 ; gain = 1599.180
---------------------------------------------------------------------------------
---------------------------------------------------------------------------------
Start IO Insertion
---------------------------------------------------------------------------------
---------------------------------------------------------------------------------
Start Flattening Before IO Insertion
---------------------------------------------------------------------------------
---------------------------------------------------------------------------------
Finished Flattening Before IO Insertion
---------------------------------------------------------------------------------
---------------------------------------------------------------------------------
Start Final Netlist Cleanup
---------------------------------------------------------------------------------
---------------------------------------------------------------------------------
Finished Final Netlist Cleanup
---------------------------------------------------------------------------------
---------------------------------------------------------------------------------
Finished IO Insertion : Time (s): cpu = 00:01:38 ; elapsed = 00:01:42 . Memory (MB): peak = 3293.531 ; gain = 1657.961
---------------------------------------------------------------------------------
---------------------------------------------------------------------------------
Start Renaming Generated Instances
---------------------------------------------------------------------------------
---------------------------------------------------------------------------------
Finished Renaming Generated Instances : Time (s): cpu = 00:01:38 ; elapsed = 00:01:42 . Memory (MB): peak = 3293.531 ; gain = 1657.961
---------------------------------------------------------------------------------
---------------------------------------------------------------------------------
Start Rebuilding User Hierarchy
---------------------------------------------------------------------------------
---------------------------------------------------------------------------------
Finished Rebuilding User Hierarchy : Time (s): cpu = 00:01:45 ; elapsed = 00:01:49 . Memory (MB): peak = 3304.621 ; gain = 1669.051
---------------------------------------------------------------------------------
---------------------------------------------------------------------------------
Start Renaming Generated Ports
---------------------------------------------------------------------------------
---------------------------------------------------------------------------------
Finished Renaming Generated Ports : Time (s): cpu = 00:01:45 ; elapsed = 00:01:49 . Memory (MB): peak = 3304.621 ; gain = 1669.051
---------------------------------------------------------------------------------
---------------------------------------------------------------------------------
Start Handling Custom Attributes
---------------------------------------------------------------------------------
---------------------------------------------------------------------------------
Finished Handling Custom Attributes : Time (s): cpu = 00:01:45 ; elapsed = 00:01:49 . Memory (MB): peak = 3304.621 ; gain = 1669.051
---------------------------------------------------------------------------------
---------------------------------------------------------------------------------
Start Renaming Generated Nets
---------------------------------------------------------------------------------
---------------------------------------------------------------------------------
Finished Renaming Generated Nets : Time (s): cpu = 00:01:45 ; elapsed = 00:01:50 . Memory (MB): peak = 3304.621 ; gain = 1669.051
---------------------------------------------------------------------------------
---------------------------------------------------------------------------------
Start ROM, RAM, DSP, Shift Register and Retiming Reporting
---------------------------------------------------------------------------------

Static Shift Register Report:
+-----------------+---------------------------------------------------------------+--------+-------+--------------+--------------------+-------------------+--------+---------+
|Module Name      | RTL Name                                                      | Length | Width | Reset Signal | Pull out first Reg | Pull out last Reg | SRL16E | SRLC32E | 
+-----------------+---------------------------------------------------------------+--------+-------+--------------+--------------------+-------------------+--------+---------+
|gemm_accelerator | skew_inst/skew_gen[1].delay_A/gen_delay.shift_reg_reg[0][7]   | 2      | 16    | NO           | NO                 | NO                | 16     | 0       | 
|gemm_accelerator | skew_inst/skew_gen[2].delay_A/gen_delay.shift_reg_reg[1][7]   | 3      | 16    | NO           | NO                 | NO                | 16     | 0       | 
|gemm_accelerator | skew_inst/skew_gen[3].delay_A/gen_delay.shift_reg_reg[2][7]   | 4      | 16    | NO           | NO                 | NO                | 16     | 0       | 
|gemm_accelerator | skew_inst/skew_gen[4].delay_A/gen_delay.shift_reg_reg[3][7]   | 5      | 16    | NO           | NO                 | NO                | 16     | 0       | 
|gemm_accelerator | skew_inst/skew_gen[5].delay_A/gen_delay.shift_reg_reg[4][7]   | 6      | 16    | NO           | NO                 | NO                | 16     | 0       | 
|gemm_accelerator | skew_inst/skew_gen[6].delay_A/gen_delay.shift_reg_reg[5][7]   | 7      | 16    | NO           | NO                 | NO                | 16     | 0       | 
|gemm_accelerator | skew_inst/skew_gen[7].delay_A/gen_delay.shift_reg_reg[6][7]   | 8      | 16    | NO           | NO                 | NO                | 16     | 0       | 
|gemm_accelerator | skew_inst/skew_gen[8].delay_A/gen_delay.shift_reg_reg[7][7]   | 9      | 16    | NO           | NO                 | NO                | 16     | 0       | 
|gemm_accelerator | skew_inst/skew_gen[9].delay_A/gen_delay.shift_reg_reg[8][7]   | 10     | 16    | NO           | NO                 | NO                | 16     | 0       | 
|gemm_accelerator | skew_inst/skew_gen[10].delay_A/gen_delay.shift_reg_reg[9][7]  | 11     | 16    | NO           | NO                 | NO                | 16     | 0       | 
|gemm_accelerator | skew_inst/skew_gen[11].delay_A/gen_delay.shift_reg_reg[10][7] | 12     | 16    | NO           | NO                 | NO                | 16     | 0       | 
|gemm_accelerator | skew_inst/skew_gen[12].delay_A/gen_delay.shift_reg_reg[11][7] | 13     | 16    | NO           | NO                 | NO                | 16     | 0       | 
|gemm_accelerator | skew_inst/skew_gen[13].delay_A/gen_delay.shift_reg_reg[12][7] | 14     | 16    | NO           | NO                 | NO                | 16     | 0       | 
|gemm_accelerator | skew_inst/skew_gen[14].delay_A/gen_delay.shift_reg_reg[13][7] | 15     | 16    | NO           | NO                 | NO                | 16     | 0       | 
|gemm_accelerator | skew_inst/skew_gen[15].delay_A/gen_delay.shift_reg_reg[14][7] | 16     | 16    | NO           | NO                 | NO                | 16     | 0       | 
|gemm_accelerator | skew_inst/skew_gen[1].delay_vld/gen_delay.shift_reg_reg[0][0] | 1      | 45    | NO           | NO                 | NO                | 45     | 0       | 
+-----------------+---------------------------------------------------------------+--------+-------+--------------+--------------------+-------------------+--------+---------+

---------------------------------------------------------------------------------
Finished ROM, RAM, DSP, Shift Register and Retiming Reporting
---------------------------------------------------------------------------------
---------------------------------------------------------------------------------
Start Writing Synthesis Report
---------------------------------------------------------------------------------

DSP Final Report (the ' indicates corresponding REG is set)
+------------+-------------+--------+--------+--------+--------+--------+------+------+------+------+-------+------+------+
|Module Name | DSP Mapping | A Size | B Size | C Size | D Size | P Size | AREG | BREG | CREG | DREG | ADREG | MREG | PREG | 
+------------+-------------+--------+--------+--------+--------+--------+------+------+------+------+-------+------+------+
|mac_core    | Dynamic     | -      | -      | -      | -      | 32     | -    | -    | -    | -    | -     | 1    | 1    | 
|mac_core    | Dynamic     | -      | -      | -      | -      | 32     | -    | -    | -    | -    | -     | 1    | 1    | 
|mac_core    | Dynamic     | -      | -      | -      | -      | 32     | -    | -    | -    | -    | -     | 1    | 1    | 
|mac_core    | Dynamic     | -      | -      | -      | -      | 32     | -    | -    | -    | -    | -     | 1    | 1    | 
|mac_core    | Dynamic     | -      | -      | -      | -      | 32     | -    | -    | -    | -    | -     | 1    | 1    | 
|mac_core    | Dynamic     | -      | -      | -      | -      | 32     | -    | -    | -    | -    | -     | 1    | 1    | 
|mac_core    | Dynamic     | -      | -      | -      | -      | 32     | -    | -    | -    | -    | -     | 1    | 1    | 
|mac_core    | Dynamic     | -      | -      | -      | -      | 32     | -    | -    | -    | -    | -     | 1    | 1    | 
|mac_core    | Dynamic     | -      | -      | -      | -      | 32     | -    | -    | -    | -    | -     | 1    | 1    | 
|mac_core    | Dynamic     | -      | -      | -      | -      | 32     | -    | -    | -    | -    | -     | 1    | 1    | 
|mac_core    | Dynamic     | -      | -      | -      | -      | 32     | -    | -    | -    | -    | -     | 1    | 1    | 
|mac_core    | Dynamic     | -      | -      | -      | -      | 32     | -    | -    | -    | -    | -     | 1    | 1    | 
|mac_core    | Dynamic     | -      | -      | -      | -      | 32     | -    | -    | -    | -    | -     | 1    | 1    | 
|mac_core    | Dynamic     | -      | -      | -      | -      | 32     | -    | -    | -    | -    | -     | 1    | 1    | 
|mac_core    | Dynamic     | -      | -      | -      | -      | 32     | -    | -    | -    | -    | -     | 1    | 1    | 
|mac_core    | Dynamic     | -      | -      | -      | -      | 32     | -    | -    | -    | -    | -     | 1    | 1    | 
|mac_core    | Dynamic     | -      | -      | -      | -      | 32     | -    | -    | -    | -    | -     | 1    | 1    | 
|mac_core    | Dynamic     | -      | -      | -      | -      | 32     | -    | -    | -    | -    | -     | 1    | 1    | 
|mac_core    | Dynamic     | -      | -      | -      | -      | 32     | -    | -    | -    | -    | -     | 1    | 1    | 
|mac_core    | Dynamic     | -      | -      | -      | -      | 32     | -    | -    | -    | -    | -     | 1    | 1    | 
|mac_core    | Dynamic     | -      | -      | -      | -      | 32     | -    | -    | -    | -    | -     | 1    | 1    | 
|mac_core    | Dynamic     | -      | -      | -      | -      | 32     | -    | -    | -    | -    | -     | 1    | 1    | 
|mac_core    | Dynamic     | -      | -      | -      | -      | 32     | -    | -    | -    | -    | -     | 1    | 1    | 
|mac_core    | Dynamic     | -      | -      | -      | -      | 32     | -    | -    | -    | -    | -     | 1    | 1    | 
|mac_core    | Dynamic     | -      | -      | -      | -      | 32     | -    | -    | -    | -    | -     | 1    | 1    | 
|mac_core    | Dynamic     | -      | -      | -      | -      | 32     | -    | -    | -    | -    | -     | 1    | 1    | 
|mac_core    | Dynamic     | -      | -      | -      | -      | 32     | -    | -    | -    | -    | -     | 1    | 1    | 
|mac_core    | Dynamic     | -      | -      | -      | -      | 32     | -    | -    | -    | -    | -     | 1    | 1    | 
|mac_core    | Dynamic     | -      | -      | -      | -      | 32     | -    | -    | -    | -    | -     | 1    | 1    | 
|mac_core    | Dynamic     | -      | -      | -      | -      | 32     | -    | -    | -    | -    | -     | 1    | 1    | 
|mac_core    | Dynamic     | -      | -      | -      | -      | 32     | -    | -    | -    | -    | -     | 1    | 1    | 
|mac_core    | Dynamic     | -      | -      | -      | -      | 32     | -    | -    | -    | -    | -     | 1    | 1    | 
|mac_core    | Dynamic     | -      | -      | -      | -      | 32     | -    | -    | -    | -    | -     | 1    | 1    | 
|mac_core    | Dynamic     | -      | -      | -      | -      | 32     | -    | -    | -    | -    | -     | 1    | 1    | 
|mac_core    | Dynamic     | -      | -      | -      | -      | 32     | -    | -    | -    | -    | -     | 1    | 1    | 
|mac_core    | Dynamic     | -      | -      | -      | -      | 32     | -    | -    | -    | -    | -     | 1    | 1    | 
|mac_core    | Dynamic     | -      | -      | -      | -      | 32     | -    | -    | -    | -    | -     | 1    | 1    | 
|mac_core    | Dynamic     | -      | -      | -      | -      | 32     | -    | -    | -    | -    | -     | 1    | 1    | 
|mac_core    | Dynamic     | -      | -      | -      | -      | 32     | -    | -    | -    | -    | -     | 1    | 1    | 
|mac_core    | Dynamic     | -      | -      | -      | -      | 32     | -    | -    | -    | -    | -     | 1    | 1    | 
|mac_core    | Dynamic     | -      | -      | -      | -      | 32     | -    | -    | -    | -    | -     | 1    | 1    | 
|mac_core    | Dynamic     | -      | -      | -      | -      | 32     | -    | -    | -    | -    | -     | 1    | 1    | 
|mac_core    | Dynamic     | -      | -      | -      | -      | 32     | -    | -    | -    | -    | -     | 1    | 1    | 
|mac_core    | Dynamic     | -      | -      | -      | -      | 32     | -    | -    | -    | -    | -     | 1    | 1    | 
|mac_core    | Dynamic     | -      | -      | -      | -      | 32     | -    | -    | -    | -    | -     | 1    | 1    | 
|mac_core    | Dynamic     | -      | -      | -      | -      | 32     | -    | -    | -    | -    | -     | 1    | 1    | 
|mac_core    | Dynamic     | -      | -      | -      | -      | 32     | -    | -    | -    | -    | -     | 1    | 1    | 
|mac_core    | Dynamic     | -      | -      | -      | -      | 32     | -    | -    | -    | -    | -     | 1    | 1    | 
|mac_core    | Dynamic     | -      | -      | -      | -      | 32     | -    | -    | -    | -    | -     | 1    | 1    | 
|mac_core    | Dynamic     | -      | -      | -      | -      | 32     | -    | -    | -    | -    | -     | 1    | 1    | 
|mac_core    | Dynamic     | -      | -      | -      | -      | 32     | -    | -    | -    | -    | -     | 1    | 1    | 
|mac_core    | Dynamic     | -      | -      | -      | -      | 32     | -    | -    | -    | -    | -     | 1    | 1    | 
|mac_core    | Dynamic     | -      | -      | -      | -      | 32     | -    | -    | -    | -    | -     | 1    | 1    | 
|mac_core    | Dynamic     | -      | -      | -      | -      | 32     | -    | -    | -    | -    | -     | 1    | 1    | 
|mac_core    | Dynamic     | -      | -      | -      | -      | 32     | -    | -    | -    | -    | -     | 1    | 1    | 
|mac_core    | Dynamic     | -      | -      | -      | -      | 32     | -    | -    | -    | -    | -     | 1    | 1    | 
|mac_core    | Dynamic     | -      | -      | -      | -      | 32     | -    | -    | -    | -    | -     | 1    | 1    | 
|mac_core    | Dynamic     | -      | -      | -      | -      | 32     | -    | -    | -    | -    | -     | 1    | 1    | 
|mac_core    | Dynamic     | -      | -      | -      | -      | 32     | -    | -    | -    | -    | -     | 1    | 1    | 
|mac_core    | Dynamic     | -      | -      | -      | -      | 32     | -    | -    | -    | -    | -     | 1    | 1    | 
|mac_core    | Dynamic     | -      | -      | -      | -      | 32     | -    | -    | -    | -    | -     | 1    | 1    | 
|mac_core    | Dynamic     | -      | -      | -      | -      | 32     | -    | -    | -    | -    | -     | 1    | 1    | 
|mac_core    | Dynamic     | -      | -      | -      | -      | 32     | -    | -    | -    | -    | -     | 1    | 1    | 
|mac_core    | Dynamic     | -      | -      | -      | -      | 32     | -    | -    | -    | -    | -     | 1    | 1    | 
|mac_core    | Dynamic     | -      | -      | -      | -      | 32     | -    | -    | -    | -    | -     | 1    | 1    | 
|mac_core    | Dynamic     | -      | -      | -      | -      | 32     | -    | -    | -    | -    | -     | 1    | 1    | 
|mac_core    | Dynamic     | -      | -      | -      | -      | 32     | -    | -    | -    | -    | -     | 1    | 1    | 
|mac_core    | Dynamic     | -      | -      | -      | -      | 32     | -    | -    | -    | -    | -     | 1    | 1    | 
|mac_core    | Dynamic     | -      | -      | -      | -      | 32     | -    | -    | -    | -    | -     | 1    | 1    | 
|mac_core    | Dynamic     | -      | -      | -      | -      | 32     | -    | -    | -    | -    | -     | 1    | 1    | 
|mac_core    | Dynamic     | -      | -      | -      | -      | 32     | -    | -    | -    | -    | -     | 1    | 1    | 
|mac_core    | Dynamic     | -      | -      | -      | -      | 32     | -    | -    | -    | -    | -     | 1    | 1    | 
|mac_core    | Dynamic     | -      | -      | -      | -      | 32     | -    | -    | -    | -    | -     | 1    | 1    | 
|mac_core    | Dynamic     | -      | -      | -      | -      | 32     | -    | -    | -    | -    | -     | 1    | 1    | 
|mac_core    | Dynamic     | -      | -      | -      | -      | 32     | -    | -    | -    | -    | -     | 1    | 1    | 
|mac_core    | Dynamic     | -      | -      | -      | -      | 32     | -    | -    | -    | -    | -     | 1    | 1    | 
|mac_core    | Dynamic     | -      | -      | -      | -      | 32     | -    | -    | -    | -    | -     | 1    | 1    | 
|mac_core    | Dynamic     | -      | -      | -      | -      | 32     | -    | -    | -    | -    | -     | 1    | 1    | 
|mac_core    | Dynamic     | -      | -      | -      | -      | 32     | -    | -    | -    | -    | -     | 1    | 1    | 
|mac_core    | Dynamic     | -      | -      | -      | -      | 32     | -    | -    | -    | -    | -     | 1    | 1    | 
|mac_core    | Dynamic     | -      | -      | -      | -      | 32     | -    | -    | -    | -    | -     | 1    | 1    | 
|mac_core    | Dynamic     | -      | -      | -      | -      | 32     | -    | -    | -    | -    | -     | 1    | 1    | 
|mac_core    | Dynamic     | -      | -      | -      | -      | 32     | -    | -    | -    | -    | -     | 1    | 1    | 
|mac_core    | Dynamic     | -      | -      | -      | -      | 32     | -    | -    | -    | -    | -     | 1    | 1    | 
|mac_core    | Dynamic     | -      | -      | -      | -      | 32     | -    | -    | -    | -    | -     | 1    | 1    | 
|mac_core    | Dynamic     | -      | -      | -      | -      | 32     | -    | -    | -    | -    | -     | 1    | 1    | 
|mac_core    | Dynamic     | -      | -      | -      | -      | 32     | -    | -    | -    | -    | -     | 1    | 1    | 
|mac_core    | Dynamic     | -      | -      | -      | -      | 32     | -    | -    | -    | -    | -     | 1    | 1    | 
|mac_core    | Dynamic     | -      | -      | -      | -      | 32     | -    | -    | -    | -    | -     | 1    | 1    | 
|mac_core    | Dynamic     | -      | -      | -      | -      | 32     | -    | -    | -    | -    | -     | 1    | 1    | 
|mac_core    | Dynamic     | -      | -      | -      | -      | 32     | -    | -    | -    | -    | -     | 1    | 1    | 
|mac_core    | Dynamic     | -      | -      | -      | -      | 32     | -    | -    | -    | -    | -     | 1    | 1    | 
|mac_core    | Dynamic     | -      | -      | -      | -      | 32     | -    | -    | -    | -    | -     | 1    | 1    | 
|mac_core    | Dynamic     | -      | -      | -      | -      | 32     | -    | -    | -    | -    | -     | 1    | 1    | 
|mac_core    | Dynamic     | -      | -      | -      | -      | 32     | -    | -    | -    | -    | -     | 1    | 1    | 
|mac_core    | Dynamic     | -      | -      | -      | -      | 32     | -    | -    | -    | -    | -     | 1    | 1    | 
|mac_core    | Dynamic     | -      | -      | -      | -      | 32     | -    | -    | -    | -    | -     | 1    | 1    | 
|mac_core    | Dynamic     | -      | -      | -      | -      | 32     | -    | -    | -    | -    | -     | 1    | 1    | 
|mac_core    | Dynamic     | -      | -      | -      | -      | 32     | -    | -    | -    | -    | -     | 1    | 1    | 
|mac_core    | Dynamic     | -      | -      | -      | -      | 32     | -    | -    | -    | -    | -     | 1    | 1    | 
|mac_core    | Dynamic     | -      | -      | -      | -      | 32     | -    | -    | -    | -    | -     | 1    | 1    | 
|mac_core    | Dynamic     | -      | -      | -      | -      | 32     | -    | -    | -    | -    | -     | 1    | 1    | 
|mac_core    | Dynamic     | -      | -      | -      | -      | 32     | -    | -    | -    | -    | -     | 1    | 1    | 
|mac_core    | Dynamic     | -      | -      | -      | -      | 32     | -    | -    | -    | -    | -     | 1    | 1    | 
|mac_core    | Dynamic     | -      | -      | -      | -      | 32     | -    | -    | -    | -    | -     | 1    | 1    | 
|mac_core    | Dynamic     | -      | -      | -      | -      | 32     | -    | -    | -    | -    | -     | 1    | 1    | 
|mac_core    | Dynamic     | -      | -      | -      | -      | 32     | -    | -    | -    | -    | -     | 1    | 1    | 
|mac_core    | Dynamic     | -      | -      | -      | -      | 32     | -    | -    | -    | -    | -     | 1    | 1    | 
|mac_core    | Dynamic     | -      | -      | -      | -      | 32     | -    | -    | -    | -    | -     | 1    | 1    | 
|mac_core    | Dynamic     | -      | -      | -      | -      | 32     | -    | -    | -    | -    | -     | 1    | 1    | 
|mac_core    | Dynamic     | -      | -      | -      | -      | 32     | -    | -    | -    | -    | -     | 1    | 1    | 
|mac_core    | Dynamic     | -      | -      | -      | -      | 32     | -    | -    | -    | -    | -     | 1    | 1    | 
|mac_core    | Dynamic     | -      | -      | -      | -      | 32     | -    | -    | -    | -    | -     | 1    | 1    | 
|mac_core    | Dynamic     | -      | -      | -      | -      | 32     | -    | -    | -    | -    | -     | 1    | 1    | 
|mac_core    | Dynamic     | -      | -      | -      | -      | 32     | -    | -    | -    | -    | -     | 1    | 1    | 
|mac_core    | Dynamic     | -      | -      | -      | -      | 32     | -    | -    | -    | -    | -     | 1    | 1    | 
|mac_core    | Dynamic     | -      | -      | -      | -      | 32     | -    | -    | -    | -    | -     | 1    | 1    | 
|mac_core    | Dynamic     | -      | -      | -      | -      | 32     | -    | -    | -    | -    | -     | 1    | 1    | 
|mac_core    | Dynamic     | -      | -      | -      | -      | 32     | -    | -    | -    | -    | -     | 1    | 1    | 
|mac_core    | Dynamic     | -      | -      | -      | -      | 32     | -    | -    | -    | -    | -     | 1    | 1    | 
|mac_core    | Dynamic     | -      | -      | -      | -      | 32     | -    | -    | -    | -    | -     | 1    | 1    | 
|mac_core    | Dynamic     | -      | -      | -      | -      | 32     | -    | -    | -    | -    | -     | 1    | 1    | 
|mac_core    | Dynamic     | -      | -      | -      | -      | 32     | -    | -    | -    | -    | -     | 1    | 1    | 
|mac_core    | Dynamic     | -      | -      | -      | -      | 32     | -    | -    | -    | -    | -     | 1    | 1    | 
|mac_core    | Dynamic     | -      | -      | -      | -      | 32     | -    | -    | -    | -    | -     | 1    | 1    | 
|mac_core    | Dynamic     | -      | -      | -      | -      | 32     | -    | -    | -    | -    | -     | 1    | 1    | 
|mac_core    | Dynamic     | -      | -      | -      | -      | 32     | -    | -    | -    | -    | -     | 1    | 1    | 
|mac_core    | Dynamic     | -      | -      | -      | -      | 32     | -    | -    | -    | -    | -     | 1    | 1    | 
|mac_core    | Dynamic     | -      | -      | -      | -      | 32     | -    | -    | -    | -    | -     | 1    | 1    | 
|mac_core    | Dynamic     | -      | -      | -      | -      | 32     | -    | -    | -    | -    | -     | 1    | 1    | 
|mac_core    | Dynamic     | -      | -      | -      | -      | 32     | -    | -    | -    | -    | -     | 1    | 1    | 
|mac_core    | Dynamic     | -      | -      | -      | -      | 32     | -    | -    | -    | -    | -     | 1    | 1    | 
|mac_core    | Dynamic     | -      | -      | -      | -      | 32     | -    | -    | -    | -    | -     | 1    | 1    | 
|mac_core    | Dynamic     | -      | -      | -      | -      | 32     | -    | -    | -    | -    | -     | 1    | 1    | 
|mac_core    | Dynamic     | -      | -      | -      | -      | 32     | -    | -    | -    | -    | -     | 1    | 1    | 
|mac_core    | Dynamic     | -      | -      | -      | -      | 32     | -    | -    | -    | -    | -     | 1    | 1    | 
|mac_core    | Dynamic     | -      | -      | -      | -      | 32     | -    | -    | -    | -    | -     | 1    | 1    | 
|mac_core    | Dynamic     | -      | -      | -      | -      | 32     | -    | -    | -    | -    | -     | 1    | 1    | 
|mac_core    | Dynamic     | -      | -      | -      | -      | 32     | -    | -    | -    | -    | -     | 1    | 1    | 
|mac_core    | Dynamic     | -      | -      | -      | -      | 32     | -    | -    | -    | -    | -     | 1    | 1    | 
|mac_core    | Dynamic     | -      | -      | -      | -      | 32     | -    | -    | -    | -    | -     | 1    | 1    | 
|mac_core    | Dynamic     | -      | -      | -      | -      | 32     | -    | -    | -    | -    | -     | 1    | 1    | 
|mac_core    | Dynamic     | -      | -      | -      | -      | 32     | -    | -    | -    | -    | -     | 1    | 1    | 
|mac_core    | Dynamic     | -      | -      | -      | -      | 32     | -    | -    | -    | -    | -     | 1    | 1    | 
|mac_core    | Dynamic     | -      | -      | -      | -      | 32     | -    | -    | -    | -    | -     | 1    | 1    | 
|mac_core    | Dynamic     | -      | -      | -      | -      | 32     | -    | -    | -    | -    | -     | 1    | 1    | 
|mac_core    | Dynamic     | -      | -      | -      | -      | 32     | -    | -    | -    | -    | -     | 1    | 1    | 
|mac_core    | Dynamic     | -      | -      | -      | -      | 32     | -    | -    | -    | -    | -     | 1    | 1    | 
|mac_core    | Dynamic     | -      | -      | -      | -      | 32     | -    | -    | -    | -    | -     | 1    | 1    | 
|mac_core    | Dynamic     | -      | -      | -      | -      | 32     | -    | -    | -    | -    | -     | 1    | 1    | 
|mac_core    | Dynamic     | -      | -      | -      | -      | 32     | -    | -    | -    | -    | -     | 1    | 1    | 
|mac_core    | Dynamic     | -      | -      | -      | -      | 32     | -    | -    | -    | -    | -     | 1    | 1    | 
|mac_core    | Dynamic     | -      | -      | -      | -      | 32     | -    | -    | -    | -    | -     | 1    | 1    | 
|mac_core    | Dynamic     | -      | -      | -      | -      | 32     | -    | -    | -    | -    | -     | 1    | 1    | 
|mac_core    | Dynamic     | -      | -      | -      | -      | 32     | -    | -    | -    | -    | -     | 1    | 1    | 
|mac_core    | Dynamic     | -      | -      | -      | -      | 32     | -    | -    | -    | -    | -     | 1    | 1    | 
|mac_core    | Dynamic     | -      | -      | -      | -      | 32     | -    | -    | -    | -    | -     | 1    | 1    | 
|mac_core    | Dynamic     | -      | -      | -      | -      | 32     | -    | -    | -    | -    | -     | 1    | 1    | 
|mac_core    | Dynamic     | -      | -      | -      | -      | 32     | -    | -    | -    | -    | -     | 1    | 1    | 
|mac_core    | Dynamic     | -      | -      | -      | -      | 32     | -    | -    | -    | -    | -     | 1    | 1    | 
|mac_core    | Dynamic     | -      | -      | -      | -      | 32     | -    | -    | -    | -    | -     | 1    | 1    | 
|mac_core    | Dynamic     | -      | -      | -      | -      | 32     | -    | -    | -    | -    | -     | 1    | 1    | 
|mac_core    | Dynamic     | -      | -      | -      | -      | 32     | -    | -    | -    | -    | -     | 1    | 1    | 
|mac_core    | Dynamic     | -      | -      | -      | -      | 32     | -    | -    | -    | -    | -     | 1    | 1    | 
|mac_core    | Dynamic     | -      | -      | -      | -      | 32     | -    | -    | -    | -    | -     | 1    | 1    | 
|mac_core    | Dynamic     | -      | -      | -      | -      | 32     | -    | -    | -    | -    | -     | 1    | 1    | 
|mac_core    | Dynamic     | -      | -      | -      | -      | 32     | -    | -    | -    | -    | -     | 1    | 1    | 
|mac_core    | Dynamic     | -      | -      | -      | -      | 32     | -    | -    | -    | -    | -     | 1    | 1    | 
|mac_core    | Dynamic     | -      | -      | -      | -      | 32     | -    | -    | -    | -    | -     | 1    | 1    | 
|mac_core    | Dynamic     | -      | -      | -      | -      | 32     | -    | -    | -    | -    | -     | 1    | 1    | 
|mac_core    | Dynamic     | -      | -      | -      | -      | 32     | -    | -    | -    | -    | -     | 1    | 1    | 
|mac_core    | Dynamic     | -      | -      | -      | -      | 32     | -    | -    | -    | -    | -     | 1    | 1    | 
|mac_core    | Dynamic     | -      | -      | -      | -      | 32     | -    | -    | -    | -    | -     | 1    | 1    | 
|mac_core    | Dynamic     | -      | -      | -      | -      | 32     | -    | -    | -    | -    | -     | 1    | 1    | 
|mac_core    | Dynamic     | -      | -      | -      | -      | 32     | -    | -    | -    | -    | -     | 1    | 1    | 
|mac_core    | Dynamic     | -      | -      | -      | -      | 32     | -    | -    | -    | -    | -     | 1    | 1    | 
|mac_core    | Dynamic     | -      | -      | -      | -      | 32     | -    | -    | -    | -    | -     | 1    | 1    | 
|mac_core    | Dynamic     | -      | -      | -      | -      | 32     | -    | -    | -    | -    | -     | 1    | 1    | 
|mac_core    | Dynamic     | -      | -      | -      | -      | 32     | -    | -    | -    | -    | -     | 1    | 1    | 
|mac_core    | Dynamic     | -      | -      | -      | -      | 32     | -    | -    | -    | -    | -     | 1    | 1    | 
|mac_core    | Dynamic     | -      | -      | -      | -      | 32     | -    | -    | -    | -    | -     | 1    | 1    | 
|mac_core    | Dynamic     | -      | -      | -      | -      | 32     | -    | -    | -    | -    | -     | 1    | 1    | 
|mac_core    | Dynamic     | -      | -      | -      | -      | 32     | -    | -    | -    | -    | -     | 1    | 1    | 
|mac_core    | Dynamic     | -      | -      | -      | -      | 32     | -    | -    | -    | -    | -     | 1    | 1    | 
|mac_core    | Dynamic     | -      | -      | -      | -      | 32     | -    | -    | -    | -    | -     | 1    | 1    | 
|mac_core    | Dynamic     | -      | -      | -      | -      | 32     | -    | -    | -    | -    | -     | 1    | 1    | 
|mac_core    | Dynamic     | -      | -      | -      | -      | 32     | -    | -    | -    | -    | -     | 1    | 1    | 
|mac_core    | Dynamic     | -      | -      | -      | -      | 32     | -    | -    | -    | -    | -     | 1    | 1    | 
|mac_core    | Dynamic     | -      | -      | -      | -      | 32     | -    | -    | -    | -    | -     | 1    | 1    | 
|mac_core    | Dynamic     | -      | -      | -      | -      | 32     | -    | -    | -    | -    | -     | 1    | 1    | 
|mac_core    | Dynamic     | -      | -      | -      | -      | 32     | -    | -    | -    | -    | -     | 1    | 1    | 
|mac_core    | Dynamic     | -      | -      | -      | -      | 32     | -    | -    | -    | -    | -     | 1    | 1    | 
|mac_core    | Dynamic     | -      | -      | -      | -      | 32     | -    | -    | -    | -    | -     | 1    | 1    | 
|mac_core    | Dynamic     | -      | -      | -      | -      | 32     | -    | -    | -    | -    | -     | 1    | 1    | 
|mac_core    | Dynamic     | -      | -      | -      | -      | 32     | -    | -    | -    | -    | -     | 1    | 1    | 
|mac_core    | Dynamic     | -      | -      | -      | -      | 32     | -    | -    | -    | -    | -     | 1    | 1    | 
|mac_core    | Dynamic     | -      | -      | -      | -      | 32     | -    | -    | -    | -    | -     | 1    | 1    | 
|mac_core    | Dynamic     | -      | -      | -      | -      | 32     | -    | -    | -    | -    | -     | 1    | 1    | 
|mac_core    | Dynamic     | -      | -      | -      | -      | 32     | -    | -    | -    | -    | -     | 1    | 1    | 
|mac_core    | Dynamic     | -      | -      | -      | -      | 32     | -    | -    | -    | -    | -     | 1    | 1    | 
|mac_core    | Dynamic     | -      | -      | -      | -      | 32     | -    | -    | -    | -    | -     | 1    | 1    | 
|mac_core    | Dynamic     | -      | -      | -      | -      | 32     | -    | -    | -    | -    | -     | 1    | 1    | 
|mac_core    | Dynamic     | -      | -      | -      | -      | 32     | -    | -    | -    | -    | -     | 1    | 1    | 
|mac_core    | Dynamic     | -      | -      | -      | -      | 32     | -    | -    | -    | -    | -     | 1    | 1    | 
|mac_core    | Dynamic     | -      | -      | -      | -      | 32     | -    | -    | -    | -    | -     | 1    | 1    | 
|mac_core    | Dynamic     | -      | -      | -      | -      | 32     | -    | -    | -    | -    | -     | 1    | 1    | 
|mac_core    | Dynamic     | -      | -      | -      | -      | 32     | -    | -    | -    | -    | -     | 1    | 1    | 
|mac_core    | Dynamic     | -      | -      | -      | -      | 32     | -    | -    | -    | -    | -     | 1    | 1    | 
|mac_core    | Dynamic     | -      | -      | -      | -      | 32     | -    | -    | -    | -    | -     | 1    | 1    | 
|mac_core    | Dynamic     | -      | -      | -      | -      | 32     | -    | -    | -    | -    | -     | 1    | 1    | 
|mac_core    | Dynamic     | -      | -      | -      | -      | 32     | -    | -    | -    | -    | -     | 1    | 1    | 
|mac_core    | Dynamic     | -      | -      | -      | -      | 32     | -    | -    | -    | -    | -     | 1    | 1    | 
|mac_core    | Dynamic     | -      | -      | -      | -      | 32     | -    | -    | -    | -    | -     | 1    | 1    | 
|mac_core    | Dynamic     | -      | -      | -      | -      | 32     | -    | -    | -    | -    | -     | 1    | 1    | 
|mac_core    | Dynamic     | -      | -      | -      | -      | 32     | -    | -    | -    | -    | -     | 1    | 1    | 
|mac_core    | Dynamic     | -      | -      | -      | -      | 32     | -    | -    | -    | -    | -     | 1    | 1    | 
|mac_core    | Dynamic     | -      | -      | -      | -      | 32     | -    | -    | -    | -    | -     | 1    | 1    | 
|mac_core    | Dynamic     | -      | -      | -      | -      | 32     | -    | -    | -    | -    | -     | 1    | 1    | 
|mac_core    | Dynamic     | -      | -      | -      | -      | 32     | -    | -    | -    | -    | -     | 1    | 1    | 
|mac_core    | Dynamic     | -      | -      | -      | -      | 32     | -    | -    | -    | -    | -     | 1    | 1    | 
|mac_core    | Dynamic     | -      | -      | -      | -      | 32     | -    | -    | -    | -    | -     | 1    | 1    | 
|mac_core    | Dynamic     | -      | -      | -      | -      | 32     | -    | -    | -    | -    | -     | 1    | 1    | 
|mac_core    | Dynamic     | -      | -      | -      | -      | 32     | -    | -    | -    | -    | -     | 1    | 1    | 
|mac_core    | Dynamic     | -      | -      | -      | -      | 32     | -    | -    | -    | -    | -     | 1    | 1    | 
|mac_core    | Dynamic     | -      | -      | -      | -      | 32     | -    | -    | -    | -    | -     | 1    | 1    | 
|mac_core    | Dynamic     | -      | -      | -      | -      | 32     | -    | -    | -    | -    | -     | 1    | 1    | 
|mac_core    | Dynamic     | -      | -      | -      | -      | 32     | -    | -    | -    | -    | -     | 1    | 1    | 
|mac_core    | Dynamic     | -      | -      | -      | -      | 32     | -    | -    | -    | -    | -     | 1    | 1    | 
|mac_core    | Dynamic     | -      | -      | -      | -      | 32     | -    | -    | -    | -    | -     | 1    | 1    | 
|mac_core    | Dynamic     | -      | -      | -      | -      | 32     | -    | -    | -    | -    | -     | 1    | 1    | 
|mac_core    | Dynamic     | -      | -      | -      | -      | 32     | -    | -    | -    | -    | -     | 1    | 1    | 
|mac_core    | Dynamic     | -      | -      | -      | -      | 32     | -    | -    | -    | -    | -     | 1    | 1    | 
|mac_core    | Dynamic     | -      | -      | -      | -      | 32     | -    | -    | -    | -    | -     | 1    | 1    | 
|mac_core    | Dynamic     | -      | -      | -      | -      | 32     | -    | -    | -    | -    | -     | 1    | 1    | 
|mac_core    | Dynamic     | -      | -      | -      | -      | 32     | -    | -    | -    | -    | -     | 1    | 1    | 
|mac_core    | Dynamic     | -      | -      | -      | -      | 32     | -    | -    | -    | -    | -     | 1    | 1    | 
|mac_core    | Dynamic     | -      | -      | -      | -      | 32     | -    | -    | -    | -    | -     | 1    | 1    | 
|mac_core    | Dynamic     | -      | -      | -      | -      | 32     | -    | -    | -    | -    | -     | 1    | 1    | 
|mac_core    | Dynamic     | -      | -      | -      | -      | 32     | -    | -    | -    | -    | -     | 1    | 1    | 
|mac_core    | Dynamic     | -      | -      | -      | -      | 32     | -    | -    | -    | -    | -     | 1    | 1    | 
|mac_core    | Dynamic     | -      | -      | -      | -      | 32     | -    | -    | -    | -    | -     | 1    | 1    | 
|mac_core    | Dynamic     | -      | -      | -      | -      | 32     | -    | -    | -    | -    | -     | 1    | 1    | 
|mac_core    | Dynamic     | -      | -      | -      | -      | 32     | -    | -    | -    | -    | -     | 1    | 1    | 
|mac_core    | Dynamic     | -      | -      | -      | -      | 32     | -    | -    | -    | -    | -     | 1    | 1    | 
|mac_core    | Dynamic     | -      | -      | -      | -      | 32     | -    | -    | -    | -    | -     | 1    | 1    | 
|mac_core    | Dynamic     | -      | -      | -      | -      | 32     | -    | -    | -    | -    | -     | 1    | 1    | 
|mac_core    | Dynamic     | -      | -      | -      | -      | 32     | -    | -    | -    | -    | -     | 1    | 1    | 
|mac_core    | Dynamic     | -      | -      | -      | -      | 32     | -    | -    | -    | -    | -     | 1    | 1    | 
|mac_core    | Dynamic     | -      | -      | -      | -      | 32     | -    | -    | -    | -    | -     | 1    | 1    | 
|mac_core    | Dynamic     | -      | -      | -      | -      | 32     | -    | -    | -    | -    | -     | 1    | 1    | 
|mac_core    | Dynamic     | -      | -      | -      | -      | 32     | -    | -    | -    | -    | -     | 1    | 1    | 
|mac_core    | Dynamic     | -      | -      | -      | -      | 32     | -    | -    | -    | -    | -     | 1    | 1    | 
|mac_core    | Dynamic     | -      | -      | -      | -      | 32     | -    | -    | -    | -    | -     | 1    | 1    | 
|mac_core    | Dynamic     | -      | -      | -      | -      | 32     | -    | -    | -    | -    | -     | 1    | 1    | 
|mac_core    | Dynamic     | -      | -      | -      | -      | 32     | -    | -    | -    | -    | -     | 1    | 1    | 
|mac_core    | Dynamic     | -      | -      | -      | -      | 32     | -    | -    | -    | -    | -     | 1    | 1    | 
+------------+-------------+--------+--------+--------+--------+--------+------+------+------+------+-------+------+------+


Report BlackBoxes: 
+------+----------------+----------+
|      |BlackBox name   |Instances |
+------+----------------+----------+
|1     |fifo_512_to_128 |         1|
+------+----------------+----------+

Report Cell Usage: 
+------+----------------+------+
|      |Cell            |Count |
+------+----------------+------+
|1     |fifo_512_to     |     1|
|2     |CARRY8          |    18|
|3     |DSP_ALU         |   256|
|4     |DSP_A_B_DATA    |   256|
|6     |DSP_C_DATA      |   256|
|7     |DSP_MULTIPLIER  |   256|
|8     |DSP_M_DATA      |   256|
|9     |DSP_OUTPUT      |   256|
|10    |DSP_PREADD      |   256|
|11    |DSP_PREADD_DATA |   256|
|12    |LUT1            |   325|
|13    |LUT2            |  1359|
|14    |LUT3            |  7963|
|15    |LUT4            |    15|
|16    |LUT5            |    11|
|17    |LUT6            |    43|
|18    |RAMB36E2        |    16|
|19    |SRL16E          |   285|
|20    |FDRE            | 21954|
|21    |FDSE            |     2|
+------+----------------+------+
---------------------------------------------------------------------------------
Finished Writing Synthesis Report : Time (s): cpu = 00:01:45 ; elapsed = 00:01:50 . Memory (MB): peak = 3304.621 ; gain = 1669.051
---------------------------------------------------------------------------------
Synthesis finished with 0 errors, 0 critical warnings and 0 warnings.
Synthesis Optimization Runtime : Time (s): cpu = 00:01:29 ; elapsed = 00:01:39 . Memory (MB): peak = 3304.633 ; gain = 1572.410
Synthesis Optimization Complete : Time (s): cpu = 00:01:46 ; elapsed = 00:01:50 . Memory (MB): peak = 3304.633 ; gain = 1669.062
INFO: [Project 1-571] Translating synthesized netlist
Netlist sorting complete. Time (s): cpu = 00:00:01 ; elapsed = 00:00:00.484 . Memory (MB): peak = 3304.633 ; gain = 0.000
INFO: [Netlist 29-17] Analyzing 274 Unisim elements for replacement
INFO: [Netlist 29-28] Unisim Transformation completed in 2 CPU seconds
INFO: [Project 1-570] Preparing netlist for logic optimization
INFO: [Opt 31-138] Pushed 0 inverter(s) to 0 load pin(s).
Netlist sorting complete. Time (s): cpu = 00:00:00 ; elapsed = 00:00:00.009 . Memory (MB): peak = 3304.633 ; gain = 0.000
INFO: [Project 1-111] Unisim Transformation Summary:
  A total of 256 instances were transformed.
  DSP48E2 => DSP48E2 (DSP_ALU, DSP_A_B_DATA, DSP_C_DATA, DSP_MULTIPLIER, DSP_M_DATA, DSP_OUTPUT, DSP_PREADD, DSP_PREADD_DATA): 256 instances

Synth Design complete | Checksum: 6cbd6316
INFO: [Common 17-83] Releasing license: Synthesis
166 Infos, 4 Warnings, 0 Critical Warnings and 0 Errors encountered.
synth_design completed successfully
synth_design: Time (s): cpu = 00:02:01 ; elapsed = 00:02:07 . Memory (MB): peak = 3304.633 ; gain = 2708.059
INFO: [Coretcl 2-1174] Renamed 595 cell refs.
Write ShapeDB Complete: Time (s): cpu = 00:00:00 ; elapsed = 00:00:00.032 . Memory (MB): peak = 3304.633 ; gain = 0.000
INFO: [Common 17-1381] The checkpoint 'D:/E/1subject/HK6/doan1/ver1/matmul/matmul.runs/gemm_block_v1_gemm_accelerator_0_0_synth_1/gemm_block_v1_gemm_accelerator_0_0.dcp' has been generated.
INFO: [Vivado 12-24828] Executing command : report_utilization -file gemm_block_v1_gemm_accelerator_0_0_utilization_synth.rpt -pb gemm_block_v1_gemm_accelerator_0_0_utilization_synth.pb
INFO: [Common 17-206] Exiting Vivado at Tue Apr 14 01:26:46 2026...
