Copyright 1986-2022 Xilinx, Inc. All Rights Reserved. Copyright 2022-2025 Advanced Micro Devices, Inc. All Rights Reserved.
-----------------------------------------------------------------------------------------------------------------------------------------------------------------------------------------------------------------------------------------------------------------------
| Tool Version      : Vivado v.2025.2 (win64) Build 6299465 Fri Nov 14 19:35:11 GMT 2025
| Date              : Mon Apr  6 10:45:40 2026
| Host              : VuDuong-32 running 64-bit major release  (build 9200)
| Command           : report_timing_summary -max_paths 10 -routable_nets -report_unconstrained -file gemm_block_wrapper_timing_summary_routed.rpt -pb gemm_block_wrapper_timing_summary_routed.pb -rpx gemm_block_wrapper_timing_summary_routed.rpx -warn_on_violation
| Design            : gemm_block_wrapper
| Device            : xck26-sfvc784
| Speed File        : -2LV  PRODUCTION 1.30 05-15-2022
| Design State      : Routed
| Temperature Grade : C
-----------------------------------------------------------------------------------------------------------------------------------------------------------------------------------------------------------------------------------------------------------------------

Timing Summary Report

------------------------------------------------------------------------------------------------
| Timer Settings
| --------------
------------------------------------------------------------------------------------------------

  Enable Multi Corner Analysis               :  Yes
  Enable Pessimism Removal                   :  Yes
  Pessimism Removal Resolution               :  Nearest Common Node
  Enable Input Delay Default Clock           :  No
  Enable Preset / Clear Arcs                 :  No
  Disable Flight Delays                      :  No
  Ignore I/O Paths                           :  No
  Timing Early Launch at Borrowing Latches   :  No
  Borrow Time for Max Delay Exceptions       :  Yes
  Merge Timing Exceptions                    :  Yes
  Inter-SLR Compensation                     :  Conservative

  Corner  Analyze    Analyze    
  Name    Max Paths  Min Paths  
  ------  ---------  ---------  
  Slow    Yes        Yes        
  Fast    Yes        Yes        


------------------------------------------------------------------------------------------------
| Report Methodology
| ------------------
------------------------------------------------------------------------------------------------

No report available as report_methodology has not been run prior. Run report_methodology on the current design for the summary of methodology violations.



check_timing report

Table of Contents
-----------------
1. checking no_clock (0)
2. checking constant_clock (0)
3. checking pulse_width_clock (0)
4. checking unconstrained_internal_endpoints (0)
5. checking no_input_delay (0)
6. checking no_output_delay (0)
7. checking multiple_clock (0)
8. checking generated_clocks (0)
9. checking loops (0)
10. checking partial_input_delay (0)
11. checking partial_output_delay (0)
12. checking latch_loops (0)

1. checking no_clock (0)
------------------------
 There are 0 register/latch pins with no clock.


2. checking constant_clock (0)
------------------------------
 There are 0 register/latch pins with constant_clock.


3. checking pulse_width_clock (0)
---------------------------------
 There are 0 register/latch pins which need pulse_width check


4. checking unconstrained_internal_endpoints (0)
------------------------------------------------
 There are 0 pins that are not constrained for maximum delay.

 There are 0 pins that are not constrained for maximum delay due to constant clock.


5. checking no_input_delay (0)
------------------------------
 There are 0 input ports with no input delay specified.

 There are 0 input ports with no input delay but user has a false path constraint.


6. checking no_output_delay (0)
-------------------------------
 There are 0 ports with no output delay specified.

 There are 0 ports with no output delay but user has a false path constraint

 There are 0 ports with no output delay but with a timing clock defined on it or propagating through it


7. checking multiple_clock (0)
------------------------------
 There are 0 register/latch pins with multiple clocks.


8. checking generated_clocks (0)
--------------------------------
 There are 0 generated clocks that are not connected to a clock source.


9. checking loops (0)
---------------------
 There are 0 combinational loops in the design.


10. checking partial_input_delay (0)
------------------------------------
 There are 0 input ports with partial input delay specified.


11. checking partial_output_delay (0)
-------------------------------------
 There are 0 ports with partial output delay specified.


12. checking latch_loops (0)
----------------------------
 There are 0 combinational latch loops in the design through latch input



------------------------------------------------------------------------------------------------
| Design Timing Summary
| ---------------------
------------------------------------------------------------------------------------------------

    WNS(ns)      TNS(ns)  TNS Failing Endpoints  TNS Total Endpoints      WHS(ns)      THS(ns)  THS Failing Endpoints  THS Total Endpoints     WPWS(ns)     TPWS(ns)  TPWS Failing Endpoints  TPWS Total Endpoints  
    -------      -------  ---------------------  -------------------      -------      -------  ---------------------  -------------------     --------     --------  ----------------------  --------------------  
      3.034        0.000                      0               132232        0.010        0.000                      0               132232        3.500        0.000                       0                 46269  


All user specified timing constraints are met.


------------------------------------------------------------------------------------------------
| Clock Summary
| -------------
------------------------------------------------------------------------------------------------

Clock     Waveform(ns)       Period(ns)      Frequency(MHz)
-----     ------------       ----------      --------------
clk_pl_0  {0.000 5.000}      10.000          100.000         
clk_pl_1  {0.000 5.000}      10.000          100.000         


------------------------------------------------------------------------------------------------
| Intra Clock Table
| -----------------
------------------------------------------------------------------------------------------------

Clock             WNS(ns)      TNS(ns)  TNS Failing Endpoints  TNS Total Endpoints      WHS(ns)      THS(ns)  THS Failing Endpoints  THS Total Endpoints     WPWS(ns)     TPWS(ns)  TPWS Failing Endpoints  TPWS Total Endpoints  
-----             -------      -------  ---------------------  -------------------      -------      -------  ---------------------  -------------------     --------     --------  ----------------------  --------------------  
clk_pl_0            3.034        0.000                      0                98231        0.010        0.000                      0                98231        3.500        0.000                       0                 46269  


------------------------------------------------------------------------------------------------
| Inter Clock Table
| -----------------
------------------------------------------------------------------------------------------------

From Clock    To Clock          WNS(ns)      TNS(ns)  TNS Failing Endpoints  TNS Total Endpoints      WHS(ns)      THS(ns)  THS Failing Endpoints  THS Total Endpoints  
----------    --------          -------      -------  ---------------------  -------------------      -------      -------  ---------------------  -------------------  


------------------------------------------------------------------------------------------------
| Other Path Groups Table
| -----------------------
------------------------------------------------------------------------------------------------

Path Group         From Clock         To Clock               WNS(ns)      TNS(ns)  TNS Failing Endpoints  TNS Total Endpoints      WHS(ns)      THS(ns)  THS Failing Endpoints  THS Total Endpoints  
----------         ----------         --------               -------      -------  ---------------------  -------------------      -------      -------  ---------------------  -------------------  
**async_default**  clk_pl_0           clk_pl_0                 7.229        0.000                      0                34001        1.023        0.000                      0                34001  


------------------------------------------------------------------------------------------------
| User Ignored Path Table
| -----------------------
------------------------------------------------------------------------------------------------

Path Group    From Clock    To Clock    
----------    ----------    --------    
(none)                      clk_pl_0      
(none)        clk_pl_0      clk_pl_0      


------------------------------------------------------------------------------------------------
| Unconstrained Path Table
| ------------------------
------------------------------------------------------------------------------------------------

Path Group    From Clock    To Clock    
----------    ----------    --------    


------------------------------------------------------------------------------------------------
| Timing Details
| --------------
------------------------------------------------------------------------------------------------


---------------------------------------------------------------------------------------------------
From Clock:  clk_pl_0
  To Clock:  clk_pl_0

Setup :            0  Failing Endpoints,  Worst Slack        3.034ns,  Total Violation        0.000ns
Hold  :            0  Failing Endpoints,  Worst Slack        0.010ns,  Total Violation        0.000ns
PW    :            0  Failing Endpoints,  Worst Slack        3.500ns,  Total Violation        0.000ns
---------------------------------------------------------------------------------------------------


Max Delay Paths
--------------------------------------------------------------------------------------
Slack (MET) :             3.034ns  (required time - arrival time)
  Source:                 gemm_block_i/gemm_accelerator_0/inst/serializer_inst/count_reg[1]_rep__18/C
                            (rising edge-triggered cell FDCE clocked by clk_pl_0  {rise@0.000ns fall@5.000ns period=10.000ns})
  Destination:            gemm_block_i/gemm_accelerator_0/inst/serializer_inst/fifo_din_reg[14]/D
                            (rising edge-triggered cell FDCE clocked by clk_pl_0  {rise@0.000ns fall@5.000ns period=10.000ns})
  Path Group:             clk_pl_0
  Path Type:              Setup (Max at Slow Process Corner)
  Requirement:            10.000ns  (clk_pl_0 rise@10.000ns - clk_pl_0 rise@0.000ns)
  Data Path Delay:        6.492ns  (logic 0.772ns (11.892%)  route 5.720ns (88.108%))
  Logic Levels:           6  (LUT6=2 MUXF7=2 MUXF8=2)
  Clock Path Skew:        -0.358ns (DCD - SCD + CPR)
    Destination Clock Delay (DCD):    2.971ns = ( 12.971 - 10.000 ) 
    Source Clock Delay      (SCD):    3.530ns
    Clock Pessimism Removal (CPR):    0.201ns
  Clock Uncertainty:      0.160ns  ((TSJ^2 + DJ^2)^1/2) / 2 + PE
    Total System Jitter     (TSJ):    0.071ns
    Discrete Jitter          (DJ):    0.312ns
    Phase Error              (PE):    0.000ns
  Clock Net Delay (Source):      3.263ns (routing 1.681ns, distribution 1.582ns)
  Clock Net Delay (Destination): 2.755ns (routing 1.538ns, distribution 1.217ns)

    Location             Delay type                Incr(ns)  Path(ns)    Netlist Resource(s)
  -------------------------------------------------------------------    -------------------
                         (clock clk_pl_0 rise edge)
                                                      0.000     0.000 r  
    PS8_X0Y0             PS8                          0.000     0.000 r  gemm_block_i/zynq_ultra_ps_e_0/inst/PS8_i/PLCLK[0]
                         net (fo=1, routed)           0.229     0.229    gemm_block_i/zynq_ultra_ps_e_0/inst/pl_clk_unbuffered[0]
    BUFG_PS_X0Y90        BUFG_PS (Prop_BUFG_PS_I_O)
                                                      0.038     0.267 r  gemm_block_i/zynq_ultra_ps_e_0/inst/buffer_pl_clk_0.PL_CLK_0_BUFG/O
    X1Y1 (CLOCK_ROOT)    net (fo=46269, routed)       3.263     3.530    gemm_block_i/gemm_accelerator_0/inst/serializer_inst/aclk
    SLICE_X16Y194        FDCE                                         r  gemm_block_i/gemm_accelerator_0/inst/serializer_inst/count_reg[1]_rep__18/C
  -------------------------------------------------------------------    -------------------
    SLICE_X16Y194        FDCE (Prop_HFF_SLICEL_C_Q)
                                                      0.113     3.643 r  gemm_block_i/gemm_accelerator_0/inst/serializer_inst/count_reg[1]_rep__18/Q
                         net (fo=127, routed)         3.998     7.641    gemm_block_i/gemm_accelerator_0/inst/serializer_inst/count_reg[1]_rep__18_n_0
    SLICE_X58Y108        LUT6 (Prop_D6LUT_SLICEM_I2_O)
                                                      0.185     7.826 r  gemm_block_i/gemm_accelerator_0/inst/serializer_inst/fifo_din[14]_i_80/O
                         net (fo=1, routed)           0.032     7.858    gemm_block_i/gemm_accelerator_0/inst/serializer_inst/fifo_din[14]_i_80_n_0
    SLICE_X58Y108        MUXF7 (Prop_F7MUX_CD_SLICEM_I0_O)
                                                      0.098     7.956 r  gemm_block_i/gemm_accelerator_0/inst/serializer_inst/fifo_din_reg[14]_i_36/O
                         net (fo=1, routed)           0.000     7.956    gemm_block_i/gemm_accelerator_0/inst/serializer_inst/fifo_din_reg[14]_i_36_n_0
    SLICE_X58Y108        MUXF8 (Prop_F8MUX_BOT_SLICEM_I0_O)
                                                      0.036     7.992 r  gemm_block_i/gemm_accelerator_0/inst/serializer_inst/fifo_din_reg[14]_i_14/O
                         net (fo=1, routed)           1.623     9.615    gemm_block_i/gemm_accelerator_0/inst/serializer_inst/fifo_din_reg[14]_i_14_n_0
    SLICE_X36Y179        LUT6 (Prop_C6LUT_SLICEL_I3_O)
                                                      0.221     9.836 r  gemm_block_i/gemm_accelerator_0/inst/serializer_inst/fifo_din[14]_i_5/O
                         net (fo=1, routed)           0.015     9.851    gemm_block_i/gemm_accelerator_0/inst/serializer_inst/fifo_din[14]_i_5_n_0
    SLICE_X36Y179        MUXF7 (Prop_F7MUX_CD_SLICEL_I1_O)
                                                      0.088     9.939 r  gemm_block_i/gemm_accelerator_0/inst/serializer_inst/fifo_din_reg[14]_i_2/O
                         net (fo=1, routed)           0.000     9.939    gemm_block_i/gemm_accelerator_0/inst/serializer_inst/fifo_din_reg[14]_i_2_n_0
    SLICE_X36Y179        MUXF8 (Prop_F8MUX_BOT_SLICEL_I0_O)
                                                      0.031     9.970 r  gemm_block_i/gemm_accelerator_0/inst/serializer_inst/fifo_din_reg[14]_i_1/O
                         net (fo=1, routed)           0.052    10.022    gemm_block_i/gemm_accelerator_0/inst/serializer_inst/holding_reg[14]
    SLICE_X36Y179        FDCE                                         r  gemm_block_i/gemm_accelerator_0/inst/serializer_inst/fifo_din_reg[14]/D
  -------------------------------------------------------------------    -------------------

                         (clock clk_pl_0 rise edge)
                                                     10.000    10.000 r  
    PS8_X0Y0             PS8                          0.000    10.000 r  gemm_block_i/zynq_ultra_ps_e_0/inst/PS8_i/PLCLK[0]
                         net (fo=1, routed)           0.181    10.181    gemm_block_i/zynq_ultra_ps_e_0/inst/pl_clk_unbuffered[0]
    BUFG_PS_X0Y90        BUFG_PS (Prop_BUFG_PS_I_O)
                                                      0.035    10.216 r  gemm_block_i/zynq_ultra_ps_e_0/inst/buffer_pl_clk_0.PL_CLK_0_BUFG/O
    X1Y1 (CLOCK_ROOT)    net (fo=46269, routed)       2.755    12.971    gemm_block_i/gemm_accelerator_0/inst/serializer_inst/aclk
    SLICE_X36Y179        FDCE                                         r  gemm_block_i/gemm_accelerator_0/inst/serializer_inst/fifo_din_reg[14]/C
                         clock pessimism              0.201    13.172    
                         clock uncertainty           -0.160    13.012    
    SLICE_X36Y179        FDCE (Setup_CFF_SLICEL_C_D)
                                                      0.044    13.056    gemm_block_i/gemm_accelerator_0/inst/serializer_inst/fifo_din_reg[14]
  -------------------------------------------------------------------
                         required time                         13.056    
                         arrival time                         -10.022    
  -------------------------------------------------------------------
                         slack                                  3.034    

Slack (MET) :             3.301ns  (required time - arrival time)
  Source:                 gemm_block_i/gemm_accelerator_0/inst/serializer_inst/count_reg[1]_rep__11/C
                            (rising edge-triggered cell FDCE clocked by clk_pl_0  {rise@0.000ns fall@5.000ns period=10.000ns})
  Destination:            gemm_block_i/gemm_accelerator_0/inst/serializer_inst/fifo_din_reg[2]/D
                            (rising edge-triggered cell FDCE clocked by clk_pl_0  {rise@0.000ns fall@5.000ns period=10.000ns})
  Path Group:             clk_pl_0
  Path Type:              Setup (Max at Slow Process Corner)
  Requirement:            10.000ns  (clk_pl_0 rise@10.000ns - clk_pl_0 rise@0.000ns)
  Data Path Delay:        6.249ns  (logic 0.808ns (12.930%)  route 5.441ns (87.070%))
  Logic Levels:           6  (LUT6=2 MUXF7=2 MUXF8=2)
  Clock Path Skew:        -0.333ns (DCD - SCD + CPR)
    Destination Clock Delay (DCD):    2.975ns = ( 12.975 - 10.000 ) 
    Source Clock Delay      (SCD):    3.509ns
    Clock Pessimism Removal (CPR):    0.201ns
  Clock Uncertainty:      0.160ns  ((TSJ^2 + DJ^2)^1/2) / 2 + PE
    Total System Jitter     (TSJ):    0.071ns
    Discrete Jitter          (DJ):    0.312ns
    Phase Error              (PE):    0.000ns
  Clock Net Delay (Source):      3.242ns (routing 1.681ns, distribution 1.561ns)
  Clock Net Delay (Destination): 2.759ns (routing 1.538ns, distribution 1.221ns)

    Location             Delay type                Incr(ns)  Path(ns)    Netlist Resource(s)
  -------------------------------------------------------------------    -------------------
                         (clock clk_pl_0 rise edge)
                                                      0.000     0.000 r  
    PS8_X0Y0             PS8                          0.000     0.000 r  gemm_block_i/zynq_ultra_ps_e_0/inst/PS8_i/PLCLK[0]
                         net (fo=1, routed)           0.229     0.229    gemm_block_i/zynq_ultra_ps_e_0/inst/pl_clk_unbuffered[0]
    BUFG_PS_X0Y90        BUFG_PS (Prop_BUFG_PS_I_O)
                                                      0.038     0.267 r  gemm_block_i/zynq_ultra_ps_e_0/inst/buffer_pl_clk_0.PL_CLK_0_BUFG/O
    X1Y1 (CLOCK_ROOT)    net (fo=46269, routed)       3.242     3.509    gemm_block_i/gemm_accelerator_0/inst/serializer_inst/aclk
    SLICE_X17Y213        FDCE                                         r  gemm_block_i/gemm_accelerator_0/inst/serializer_inst/count_reg[1]_rep__11/C
  -------------------------------------------------------------------    -------------------
    SLICE_X17Y213        FDCE (Prop_DFF2_SLICEM_C_Q)
                                                      0.115     3.624 r  gemm_block_i/gemm_accelerator_0/inst/serializer_inst/count_reg[1]_rep__11/Q
                         net (fo=119, routed)         3.672     7.296    gemm_block_i/gemm_accelerator_0/inst/serializer_inst/count_reg[1]_rep__11_n_0
    SLICE_X56Y106        LUT6 (Prop_D6LUT_SLICEL_I2_O)
                                                      0.221     7.517 r  gemm_block_i/gemm_accelerator_0/inst/serializer_inst/fifo_din[2]_i_80/O
                         net (fo=1, routed)           0.013     7.530    gemm_block_i/gemm_accelerator_0/inst/serializer_inst/fifo_din[2]_i_80_n_0
    SLICE_X56Y106        MUXF7 (Prop_F7MUX_CD_SLICEL_I0_O)
                                                      0.087     7.617 r  gemm_block_i/gemm_accelerator_0/inst/serializer_inst/fifo_din_reg[2]_i_36/O
                         net (fo=1, routed)           0.000     7.617    gemm_block_i/gemm_accelerator_0/inst/serializer_inst/fifo_din_reg[2]_i_36_n_0
    SLICE_X56Y106        MUXF8 (Prop_F8MUX_BOT_SLICEL_I0_O)
                                                      0.031     7.648 r  gemm_block_i/gemm_accelerator_0/inst/serializer_inst/fifo_din_reg[2]_i_14/O
                         net (fo=1, routed)           1.672     9.320    gemm_block_i/gemm_accelerator_0/inst/serializer_inst/fifo_din_reg[2]_i_14_n_0
    SLICE_X31Y174        LUT6 (Prop_C6LUT_SLICEM_I3_O)
                                                      0.220     9.540 r  gemm_block_i/gemm_accelerator_0/inst/serializer_inst/fifo_din[2]_i_5/O
                         net (fo=1, routed)           0.029     9.569    gemm_block_i/gemm_accelerator_0/inst/serializer_inst/fifo_din[2]_i_5_n_0
    SLICE_X31Y174        MUXF7 (Prop_F7MUX_CD_SLICEM_I1_O)
                                                      0.098     9.667 r  gemm_block_i/gemm_accelerator_0/inst/serializer_inst/fifo_din_reg[2]_i_2/O
                         net (fo=1, routed)           0.000     9.667    gemm_block_i/gemm_accelerator_0/inst/serializer_inst/fifo_din_reg[2]_i_2_n_0
    SLICE_X31Y174        MUXF8 (Prop_F8MUX_BOT_SLICEM_I0_O)
                                                      0.036     9.703 r  gemm_block_i/gemm_accelerator_0/inst/serializer_inst/fifo_din_reg[2]_i_1/O
                         net (fo=1, routed)           0.055     9.758    gemm_block_i/gemm_accelerator_0/inst/serializer_inst/holding_reg[2]
    SLICE_X31Y174        FDCE                                         r  gemm_block_i/gemm_accelerator_0/inst/serializer_inst/fifo_din_reg[2]/D
  -------------------------------------------------------------------    -------------------

                         (clock clk_pl_0 rise edge)
                                                     10.000    10.000 r  
    PS8_X0Y0             PS8                          0.000    10.000 r  gemm_block_i/zynq_ultra_ps_e_0/inst/PS8_i/PLCLK[0]
                         net (fo=1, routed)           0.181    10.181    gemm_block_i/zynq_ultra_ps_e_0/inst/pl_clk_unbuffered[0]
    BUFG_PS_X0Y90        BUFG_PS (Prop_BUFG_PS_I_O)
                                                      0.035    10.216 r  gemm_block_i/zynq_ultra_ps_e_0/inst/buffer_pl_clk_0.PL_CLK_0_BUFG/O
    X1Y1 (CLOCK_ROOT)    net (fo=46269, routed)       2.759    12.975    gemm_block_i/gemm_accelerator_0/inst/serializer_inst/aclk
    SLICE_X31Y174        FDCE                                         r  gemm_block_i/gemm_accelerator_0/inst/serializer_inst/fifo_din_reg[2]/C
                         clock pessimism              0.201    13.176    
                         clock uncertainty           -0.160    13.016    
    SLICE_X31Y174        FDCE (Setup_CFF_SLICEM_C_D)
                                                      0.043    13.059    gemm_block_i/gemm_accelerator_0/inst/serializer_inst/fifo_din_reg[2]
  -------------------------------------------------------------------
                         required time                         13.059    
                         arrival time                          -9.758    
  -------------------------------------------------------------------
                         slack                                  3.301    

Slack (MET) :             3.448ns  (required time - arrival time)
  Source:                 gemm_block_i/gemm_accelerator_0/inst/serializer_inst/count_reg[1]_rep__2/C
                            (rising edge-triggered cell FDCE clocked by clk_pl_0  {rise@0.000ns fall@5.000ns period=10.000ns})
  Destination:            gemm_block_i/gemm_accelerator_0/inst/serializer_inst/fifo_din_reg[19]/D
                            (rising edge-triggered cell FDCE clocked by clk_pl_0  {rise@0.000ns fall@5.000ns period=10.000ns})
  Path Group:             clk_pl_0
  Path Type:              Setup (Max at Slow Process Corner)
  Requirement:            10.000ns  (clk_pl_0 rise@10.000ns - clk_pl_0 rise@0.000ns)
  Data Path Delay:        6.169ns  (logic 0.637ns (10.326%)  route 5.532ns (89.674%))
  Logic Levels:           6  (LUT6=2 MUXF7=2 MUXF8=2)
  Clock Path Skew:        -0.266ns (DCD - SCD + CPR)
    Destination Clock Delay (DCD):    2.986ns = ( 12.986 - 10.000 ) 
    Source Clock Delay      (SCD):    3.499ns
    Clock Pessimism Removal (CPR):    0.246ns
  Clock Uncertainty:      0.160ns  ((TSJ^2 + DJ^2)^1/2) / 2 + PE
    Total System Jitter     (TSJ):    0.071ns
    Discrete Jitter          (DJ):    0.312ns
    Phase Error              (PE):    0.000ns
  Clock Net Delay (Source):      3.232ns (routing 1.681ns, distribution 1.551ns)
  Clock Net Delay (Destination): 2.770ns (routing 1.538ns, distribution 1.232ns)

    Location             Delay type                Incr(ns)  Path(ns)    Netlist Resource(s)
  -------------------------------------------------------------------    -------------------
                         (clock clk_pl_0 rise edge)
                                                      0.000     0.000 r  
    PS8_X0Y0             PS8                          0.000     0.000 r  gemm_block_i/zynq_ultra_ps_e_0/inst/PS8_i/PLCLK[0]
                         net (fo=1, routed)           0.229     0.229    gemm_block_i/zynq_ultra_ps_e_0/inst/pl_clk_unbuffered[0]
    BUFG_PS_X0Y90        BUFG_PS (Prop_BUFG_PS_I_O)
                                                      0.038     0.267 r  gemm_block_i/zynq_ultra_ps_e_0/inst/buffer_pl_clk_0.PL_CLK_0_BUFG/O
    X1Y1 (CLOCK_ROOT)    net (fo=46269, routed)       3.232     3.499    gemm_block_i/gemm_accelerator_0/inst/serializer_inst/aclk
    SLICE_X21Y201        FDCE                                         r  gemm_block_i/gemm_accelerator_0/inst/serializer_inst/count_reg[1]_rep__2/C
  -------------------------------------------------------------------    -------------------
    SLICE_X21Y201        FDCE (Prop_HFF_SLICEM_C_Q)
                                                      0.114     3.613 r  gemm_block_i/gemm_accelerator_0/inst/serializer_inst/count_reg[1]_rep__2/Q
                         net (fo=64, routed)          4.081     7.694    gemm_block_i/gemm_accelerator_0/inst/serializer_inst/count_reg[1]_rep__2_n_0
    SLICE_X57Y118        LUT6 (Prop_D6LUT_SLICEL_I2_O)
                                                      0.136     7.830 r  gemm_block_i/gemm_accelerator_0/inst/serializer_inst/fifo_din[19]_i_80/O
                         net (fo=1, routed)           0.013     7.843    gemm_block_i/gemm_accelerator_0/inst/serializer_inst/fifo_din[19]_i_80_n_0
    SLICE_X57Y118        MUXF7 (Prop_F7MUX_CD_SLICEL_I0_O)
                                                      0.087     7.930 r  gemm_block_i/gemm_accelerator_0/inst/serializer_inst/fifo_din_reg[19]_i_36/O
                         net (fo=1, routed)           0.000     7.930    gemm_block_i/gemm_accelerator_0/inst/serializer_inst/fifo_din_reg[19]_i_36_n_0
    SLICE_X57Y118        MUXF8 (Prop_F8MUX_BOT_SLICEL_I0_O)
                                                      0.031     7.961 r  gemm_block_i/gemm_accelerator_0/inst/serializer_inst/fifo_din_reg[19]_i_14/O
                         net (fo=1, routed)           1.371     9.332    gemm_block_i/gemm_accelerator_0/inst/serializer_inst/fifo_din_reg[19]_i_14_n_0
    SLICE_X36Y182        LUT6 (Prop_C6LUT_SLICEL_I3_O)
                                                      0.150     9.482 r  gemm_block_i/gemm_accelerator_0/inst/serializer_inst/fifo_din[19]_i_5/O
                         net (fo=1, routed)           0.015     9.497    gemm_block_i/gemm_accelerator_0/inst/serializer_inst/fifo_din[19]_i_5_n_0
    SLICE_X36Y182        MUXF7 (Prop_F7MUX_CD_SLICEL_I1_O)
                                                      0.088     9.585 r  gemm_block_i/gemm_accelerator_0/inst/serializer_inst/fifo_din_reg[19]_i_2/O
                         net (fo=1, routed)           0.000     9.585    gemm_block_i/gemm_accelerator_0/inst/serializer_inst/fifo_din_reg[19]_i_2_n_0
    SLICE_X36Y182        MUXF8 (Prop_F8MUX_BOT_SLICEL_I0_O)
                                                      0.031     9.616 r  gemm_block_i/gemm_accelerator_0/inst/serializer_inst/fifo_din_reg[19]_i_1/O
                         net (fo=1, routed)           0.052     9.668    gemm_block_i/gemm_accelerator_0/inst/serializer_inst/holding_reg[19]
    SLICE_X36Y182        FDCE                                         r  gemm_block_i/gemm_accelerator_0/inst/serializer_inst/fifo_din_reg[19]/D
  -------------------------------------------------------------------    -------------------

                         (clock clk_pl_0 rise edge)
                                                     10.000    10.000 r  
    PS8_X0Y0             PS8                          0.000    10.000 r  gemm_block_i/zynq_ultra_ps_e_0/inst/PS8_i/PLCLK[0]
                         net (fo=1, routed)           0.181    10.181    gemm_block_i/zynq_ultra_ps_e_0/inst/pl_clk_unbuffered[0]
    BUFG_PS_X0Y90        BUFG_PS (Prop_BUFG_PS_I_O)
                                                      0.035    10.216 r  gemm_block_i/zynq_ultra_ps_e_0/inst/buffer_pl_clk_0.PL_CLK_0_BUFG/O
    X1Y1 (CLOCK_ROOT)    net (fo=46269, routed)       2.770    12.986    gemm_block_i/gemm_accelerator_0/inst/serializer_inst/aclk
    SLICE_X36Y182        FDCE                                         r  gemm_block_i/gemm_accelerator_0/inst/serializer_inst/fifo_din_reg[19]/C
                         clock pessimism              0.246    13.232    
                         clock uncertainty           -0.160    13.072    
    SLICE_X36Y182        FDCE (Setup_CFF_SLICEL_C_D)
                                                      0.044    13.116    gemm_block_i/gemm_accelerator_0/inst/serializer_inst/fifo_din_reg[19]
  -------------------------------------------------------------------
                         required time                         13.116    
                         arrival time                          -9.668    
  -------------------------------------------------------------------
                         slack                                  3.448    

Slack (MET) :             3.512ns  (required time - arrival time)
  Source:                 gemm_block_i/gemm_accelerator_0/inst/serializer_inst/count_reg[2]/C
                            (rising edge-triggered cell FDCE clocked by clk_pl_0  {rise@0.000ns fall@5.000ns period=10.000ns})
  Destination:            gemm_block_i/gemm_accelerator_0/inst/serializer_inst/fifo_din_reg[21]/D
                            (rising edge-triggered cell FDCE clocked by clk_pl_0  {rise@0.000ns fall@5.000ns period=10.000ns})
  Path Group:             clk_pl_0
  Path Type:              Setup (Max at Slow Process Corner)
  Requirement:            10.000ns  (clk_pl_0 rise@10.000ns - clk_pl_0 rise@0.000ns)
  Data Path Delay:        6.090ns  (logic 0.429ns (7.045%)  route 5.661ns (92.955%))
  Logic Levels:           5  (LUT6=1 MUXF7=2 MUXF8=2)
  Clock Path Skew:        -0.282ns (DCD - SCD + CPR)
    Destination Clock Delay (DCD):    2.989ns = ( 12.989 - 10.000 ) 
    Source Clock Delay      (SCD):    3.517ns
    Clock Pessimism Removal (CPR):    0.246ns
  Clock Uncertainty:      0.160ns  ((TSJ^2 + DJ^2)^1/2) / 2 + PE
    Total System Jitter     (TSJ):    0.071ns
    Discrete Jitter          (DJ):    0.312ns
    Phase Error              (PE):    0.000ns
  Clock Net Delay (Source):      3.250ns (routing 1.681ns, distribution 1.569ns)
  Clock Net Delay (Destination): 2.773ns (routing 1.538ns, distribution 1.235ns)

    Location             Delay type                Incr(ns)  Path(ns)    Netlist Resource(s)
  -------------------------------------------------------------------    -------------------
                         (clock clk_pl_0 rise edge)
                                                      0.000     0.000 r  
    PS8_X0Y0             PS8                          0.000     0.000 r  gemm_block_i/zynq_ultra_ps_e_0/inst/PS8_i/PLCLK[0]
                         net (fo=1, routed)           0.229     0.229    gemm_block_i/zynq_ultra_ps_e_0/inst/pl_clk_unbuffered[0]
    BUFG_PS_X0Y90        BUFG_PS (Prop_BUFG_PS_I_O)
                                                      0.038     0.267 r  gemm_block_i/zynq_ultra_ps_e_0/inst/buffer_pl_clk_0.PL_CLK_0_BUFG/O
    X1Y1 (CLOCK_ROOT)    net (fo=46269, routed)       3.250     3.517    gemm_block_i/gemm_accelerator_0/inst/serializer_inst/aclk
    SLICE_X13Y215        FDCE                                         r  gemm_block_i/gemm_accelerator_0/inst/serializer_inst/count_reg[2]/C
  -------------------------------------------------------------------    -------------------
    SLICE_X13Y215        FDCE (Prop_EFF_SLICEM_C_Q)
                                                      0.113     3.630 r  gemm_block_i/gemm_accelerator_0/inst/serializer_inst/count_reg[2]/Q
                         net (fo=106, routed)         3.882     7.512    gemm_block_i/gemm_accelerator_0/inst/serializer_inst/count_reg_n_0_[2]
    SLICE_X55Y116        MUXF7 (Prop_F7MUX_CD_SLICEL_S_O)
                                                      0.095     7.607 r  gemm_block_i/gemm_accelerator_0/inst/serializer_inst/fifo_din_reg[21]_i_36/O
                         net (fo=1, routed)           0.000     7.607    gemm_block_i/gemm_accelerator_0/inst/serializer_inst/fifo_din_reg[21]_i_36_n_0
    SLICE_X55Y116        MUXF8 (Prop_F8MUX_BOT_SLICEL_I0_O)
                                                      0.031     7.638 r  gemm_block_i/gemm_accelerator_0/inst/serializer_inst/fifo_din_reg[21]_i_14/O
                         net (fo=1, routed)           1.695     9.333    gemm_block_i/gemm_accelerator_0/inst/serializer_inst/fifo_din_reg[21]_i_14_n_0
    SLICE_X31Y185        LUT6 (Prop_C6LUT_SLICEM_I3_O)
                                                      0.056     9.389 r  gemm_block_i/gemm_accelerator_0/inst/serializer_inst/fifo_din[21]_i_5/O
                         net (fo=1, routed)           0.029     9.418    gemm_block_i/gemm_accelerator_0/inst/serializer_inst/fifo_din[21]_i_5_n_0
    SLICE_X31Y185        MUXF7 (Prop_F7MUX_CD_SLICEM_I1_O)
                                                      0.098     9.516 r  gemm_block_i/gemm_accelerator_0/inst/serializer_inst/fifo_din_reg[21]_i_2/O
                         net (fo=1, routed)           0.000     9.516    gemm_block_i/gemm_accelerator_0/inst/serializer_inst/fifo_din_reg[21]_i_2_n_0
    SLICE_X31Y185        MUXF8 (Prop_F8MUX_BOT_SLICEM_I0_O)
                                                      0.036     9.552 r  gemm_block_i/gemm_accelerator_0/inst/serializer_inst/fifo_din_reg[21]_i_1/O
                         net (fo=1, routed)           0.055     9.607    gemm_block_i/gemm_accelerator_0/inst/serializer_inst/holding_reg[21]
    SLICE_X31Y185        FDCE                                         r  gemm_block_i/gemm_accelerator_0/inst/serializer_inst/fifo_din_reg[21]/D
  -------------------------------------------------------------------    -------------------

                         (clock clk_pl_0 rise edge)
                                                     10.000    10.000 r  
    PS8_X0Y0             PS8                          0.000    10.000 r  gemm_block_i/zynq_ultra_ps_e_0/inst/PS8_i/PLCLK[0]
                         net (fo=1, routed)           0.181    10.181    gemm_block_i/zynq_ultra_ps_e_0/inst/pl_clk_unbuffered[0]
    BUFG_PS_X0Y90        BUFG_PS (Prop_BUFG_PS_I_O)
                                                      0.035    10.216 r  gemm_block_i/zynq_ultra_ps_e_0/inst/buffer_pl_clk_0.PL_CLK_0_BUFG/O
    X1Y1 (CLOCK_ROOT)    net (fo=46269, routed)       2.773    12.989    gemm_block_i/gemm_accelerator_0/inst/serializer_inst/aclk
    SLICE_X31Y185        FDCE                                         r  gemm_block_i/gemm_accelerator_0/inst/serializer_inst/fifo_din_reg[21]/C
                         clock pessimism              0.246    13.235    
                         clock uncertainty           -0.160    13.075    
    SLICE_X31Y185        FDCE (Setup_CFF_SLICEM_C_D)
                                                      0.043    13.118    gemm_block_i/gemm_accelerator_0/inst/serializer_inst/fifo_din_reg[21]
  -------------------------------------------------------------------
                         required time                         13.118    
                         arrival time                          -9.607    
  -------------------------------------------------------------------
                         slack                                  3.512    

Slack (MET) :             3.520ns  (required time - arrival time)
  Source:                 gemm_block_i/gemm_accelerator_0/inst/serializer_inst/count_reg[1]_rep__18/C
                            (rising edge-triggered cell FDCE clocked by clk_pl_0  {rise@0.000ns fall@5.000ns period=10.000ns})
  Destination:            gemm_block_i/gemm_accelerator_0/inst/serializer_inst/fifo_din_reg[15]/D
                            (rising edge-triggered cell FDCE clocked by clk_pl_0  {rise@0.000ns fall@5.000ns period=10.000ns})
  Path Group:             clk_pl_0
  Path Type:              Setup (Max at Slow Process Corner)
  Requirement:            10.000ns  (clk_pl_0 rise@10.000ns - clk_pl_0 rise@0.000ns)
  Data Path Delay:        6.069ns  (logic 0.638ns (10.513%)  route 5.431ns (89.487%))
  Logic Levels:           6  (LUT6=2 MUXF7=2 MUXF8=2)
  Clock Path Skew:        -0.294ns (DCD - SCD + CPR)
    Destination Clock Delay (DCD):    2.989ns = ( 12.989 - 10.000 ) 
    Source Clock Delay      (SCD):    3.530ns
    Clock Pessimism Removal (CPR):    0.246ns
  Clock Uncertainty:      0.160ns  ((TSJ^2 + DJ^2)^1/2) / 2 + PE
    Total System Jitter     (TSJ):    0.071ns
    Discrete Jitter          (DJ):    0.312ns
    Phase Error              (PE):    0.000ns
  Clock Net Delay (Source):      3.263ns (routing 1.681ns, distribution 1.582ns)
  Clock Net Delay (Destination): 2.773ns (routing 1.538ns, distribution 1.235ns)

    Location             Delay type                Incr(ns)  Path(ns)    Netlist Resource(s)
  -------------------------------------------------------------------    -------------------
                         (clock clk_pl_0 rise edge)
                                                      0.000     0.000 r  
    PS8_X0Y0             PS8                          0.000     0.000 r  gemm_block_i/zynq_ultra_ps_e_0/inst/PS8_i/PLCLK[0]
                         net (fo=1, routed)           0.229     0.229    gemm_block_i/zynq_ultra_ps_e_0/inst/pl_clk_unbuffered[0]
    BUFG_PS_X0Y90        BUFG_PS (Prop_BUFG_PS_I_O)
                                                      0.038     0.267 r  gemm_block_i/zynq_ultra_ps_e_0/inst/buffer_pl_clk_0.PL_CLK_0_BUFG/O
    X1Y1 (CLOCK_ROOT)    net (fo=46269, routed)       3.263     3.530    gemm_block_i/gemm_accelerator_0/inst/serializer_inst/aclk
    SLICE_X16Y194        FDCE                                         r  gemm_block_i/gemm_accelerator_0/inst/serializer_inst/count_reg[1]_rep__18/C
  -------------------------------------------------------------------    -------------------
    SLICE_X16Y194        FDCE (Prop_HFF_SLICEL_C_Q)
                                                      0.113     3.643 r  gemm_block_i/gemm_accelerator_0/inst/serializer_inst/count_reg[1]_rep__18/Q
                         net (fo=127, routed)         3.942     7.585    gemm_block_i/gemm_accelerator_0/inst/serializer_inst/count_reg[1]_rep__18_n_0
    SLICE_X59Y110        LUT6 (Prop_D6LUT_SLICEL_I2_O)
                                                      0.152     7.737 r  gemm_block_i/gemm_accelerator_0/inst/serializer_inst/fifo_din[15]_i_80/O
                         net (fo=1, routed)           0.013     7.750    gemm_block_i/gemm_accelerator_0/inst/serializer_inst/fifo_din[15]_i_80_n_0
    SLICE_X59Y110        MUXF7 (Prop_F7MUX_CD_SLICEL_I0_O)
                                                      0.087     7.837 r  gemm_block_i/gemm_accelerator_0/inst/serializer_inst/fifo_din_reg[15]_i_36/O
                         net (fo=1, routed)           0.000     7.837    gemm_block_i/gemm_accelerator_0/inst/serializer_inst/fifo_din_reg[15]_i_36_n_0
    SLICE_X59Y110        MUXF8 (Prop_F8MUX_BOT_SLICEL_I0_O)
                                                      0.031     7.868 r  gemm_block_i/gemm_accelerator_0/inst/serializer_inst/fifo_din_reg[15]_i_14/O
                         net (fo=1, routed)           1.412     9.280    gemm_block_i/gemm_accelerator_0/inst/serializer_inst/fifo_din_reg[15]_i_14_n_0
    SLICE_X36Y182        LUT6 (Prop_G6LUT_SLICEL_I3_O)
                                                      0.137     9.417 r  gemm_block_i/gemm_accelerator_0/inst/serializer_inst/fifo_din[15]_i_5/O
                         net (fo=1, routed)           0.012     9.429    gemm_block_i/gemm_accelerator_0/inst/serializer_inst/fifo_din[15]_i_5_n_0
    SLICE_X36Y182        MUXF7 (Prop_F7MUX_GH_SLICEL_I1_O)
                                                      0.087     9.516 r  gemm_block_i/gemm_accelerator_0/inst/serializer_inst/fifo_din_reg[15]_i_2/O
                         net (fo=1, routed)           0.000     9.516    gemm_block_i/gemm_accelerator_0/inst/serializer_inst/fifo_din_reg[15]_i_2_n_0
    SLICE_X36Y182        MUXF8 (Prop_F8MUX_TOP_SLICEL_I0_O)
                                                      0.031     9.547 r  gemm_block_i/gemm_accelerator_0/inst/serializer_inst/fifo_din_reg[15]_i_1/O
                         net (fo=1, routed)           0.052     9.599    gemm_block_i/gemm_accelerator_0/inst/serializer_inst/holding_reg[15]
    SLICE_X36Y182        FDCE                                         r  gemm_block_i/gemm_accelerator_0/inst/serializer_inst/fifo_din_reg[15]/D
  -------------------------------------------------------------------    -------------------

                         (clock clk_pl_0 rise edge)
                                                     10.000    10.000 r  
    PS8_X0Y0             PS8                          0.000    10.000 r  gemm_block_i/zynq_ultra_ps_e_0/inst/PS8_i/PLCLK[0]
                         net (fo=1, routed)           0.181    10.181    gemm_block_i/zynq_ultra_ps_e_0/inst/pl_clk_unbuffered[0]
    BUFG_PS_X0Y90        BUFG_PS (Prop_BUFG_PS_I_O)
                                                      0.035    10.216 r  gemm_block_i/zynq_ultra_ps_e_0/inst/buffer_pl_clk_0.PL_CLK_0_BUFG/O
    X1Y1 (CLOCK_ROOT)    net (fo=46269, routed)       2.773    12.989    gemm_block_i/gemm_accelerator_0/inst/serializer_inst/aclk
    SLICE_X36Y182        FDCE                                         r  gemm_block_i/gemm_accelerator_0/inst/serializer_inst/fifo_din_reg[15]/C
                         clock pessimism              0.246    13.235    
                         clock uncertainty           -0.160    13.075    
    SLICE_X36Y182        FDCE (Setup_GFF_SLICEL_C_D)
                                                      0.044    13.119    gemm_block_i/gemm_accelerator_0/inst/serializer_inst/fifo_din_reg[15]
  -------------------------------------------------------------------
                         required time                         13.119    
                         arrival time                          -9.599    
  -------------------------------------------------------------------
                         slack                                  3.520    

Slack (MET) :             3.594ns  (required time - arrival time)
  Source:                 gemm_block_i/gemm_accelerator_0/inst/serializer_inst/count_reg[2]_rep__4/C
                            (rising edge-triggered cell FDCE clocked by clk_pl_0  {rise@0.000ns fall@5.000ns period=10.000ns})
  Destination:            gemm_block_i/gemm_accelerator_0/inst/serializer_inst/fifo_din_reg[8]/D
                            (rising edge-triggered cell FDCE clocked by clk_pl_0  {rise@0.000ns fall@5.000ns period=10.000ns})
  Path Group:             clk_pl_0
  Path Type:              Setup (Max at Slow Process Corner)
  Requirement:            10.000ns  (clk_pl_0 rise@10.000ns - clk_pl_0 rise@0.000ns)
  Data Path Delay:        5.985ns  (logic 0.503ns (8.405%)  route 5.482ns (91.595%))
  Logic Levels:           5  (LUT6=1 MUXF7=2 MUXF8=2)
  Clock Path Skew:        -0.304ns (DCD - SCD + CPR)
    Destination Clock Delay (DCD):    2.996ns = ( 12.996 - 10.000 ) 
    Source Clock Delay      (SCD):    3.547ns
    Clock Pessimism Removal (CPR):    0.246ns
  Clock Uncertainty:      0.160ns  ((TSJ^2 + DJ^2)^1/2) / 2 + PE
    Total System Jitter     (TSJ):    0.071ns
    Discrete Jitter          (DJ):    0.312ns
    Phase Error              (PE):    0.000ns
  Clock Net Delay (Source):      3.280ns (routing 1.681ns, distribution 1.599ns)
  Clock Net Delay (Destination): 2.780ns (routing 1.538ns, distribution 1.242ns)

    Location             Delay type                Incr(ns)  Path(ns)    Netlist Resource(s)
  -------------------------------------------------------------------    -------------------
                         (clock clk_pl_0 rise edge)
                                                      0.000     0.000 r  
    PS8_X0Y0             PS8                          0.000     0.000 r  gemm_block_i/zynq_ultra_ps_e_0/inst/PS8_i/PLCLK[0]
                         net (fo=1, routed)           0.229     0.229    gemm_block_i/zynq_ultra_ps_e_0/inst/pl_clk_unbuffered[0]
    BUFG_PS_X0Y90        BUFG_PS (Prop_BUFG_PS_I_O)
                                                      0.038     0.267 r  gemm_block_i/zynq_ultra_ps_e_0/inst/buffer_pl_clk_0.PL_CLK_0_BUFG/O
    X1Y1 (CLOCK_ROOT)    net (fo=46269, routed)       3.280     3.547    gemm_block_i/gemm_accelerator_0/inst/serializer_inst/aclk
    SLICE_X13Y208        FDCE                                         r  gemm_block_i/gemm_accelerator_0/inst/serializer_inst/count_reg[2]_rep__4/C
  -------------------------------------------------------------------    -------------------
    SLICE_X13Y208        FDCE (Prop_EFF_SLICEM_C_Q)
                                                      0.113     3.660 r  gemm_block_i/gemm_accelerator_0/inst/serializer_inst/count_reg[2]_rep__4/Q
                         net (fo=111, routed)         3.447     7.106    gemm_block_i/gemm_accelerator_0/inst/serializer_inst/count_reg[2]_rep__4_n_0
    SLICE_X57Y109        MUXF7 (Prop_F7MUX_AB_SLICEL_S_O)
                                                      0.097     7.203 r  gemm_block_i/gemm_accelerator_0/inst/serializer_inst/fifo_din_reg[8]_i_37/O
                         net (fo=1, routed)           0.000     7.203    gemm_block_i/gemm_accelerator_0/inst/serializer_inst/fifo_din_reg[8]_i_37_n_0
    SLICE_X57Y109        MUXF8 (Prop_F8MUX_BOT_SLICEL_I1_O)
                                                      0.030     7.233 r  gemm_block_i/gemm_accelerator_0/inst/serializer_inst/fifo_din_reg[8]_i_14/O
                         net (fo=1, routed)           1.957     9.190    gemm_block_i/gemm_accelerator_0/inst/serializer_inst/fifo_din_reg[8]_i_14_n_0
    SLICE_X32Y181        LUT6 (Prop_G6LUT_SLICEM_I3_O)
                                                      0.137     9.327 r  gemm_block_i/gemm_accelerator_0/inst/serializer_inst/fifo_din[8]_i_5/O
                         net (fo=1, routed)           0.021     9.348    gemm_block_i/gemm_accelerator_0/inst/serializer_inst/fifo_din[8]_i_5_n_0
    SLICE_X32Y181        MUXF7 (Prop_F7MUX_GH_SLICEM_I1_O)
                                                      0.094     9.442 r  gemm_block_i/gemm_accelerator_0/inst/serializer_inst/fifo_din_reg[8]_i_2/O
                         net (fo=1, routed)           0.000     9.442    gemm_block_i/gemm_accelerator_0/inst/serializer_inst/fifo_din_reg[8]_i_2_n_0
    SLICE_X32Y181        MUXF8 (Prop_F8MUX_TOP_SLICEM_I0_O)
                                                      0.032     9.474 r  gemm_block_i/gemm_accelerator_0/inst/serializer_inst/fifo_din_reg[8]_i_1/O
                         net (fo=1, routed)           0.057     9.531    gemm_block_i/gemm_accelerator_0/inst/serializer_inst/holding_reg[8]
    SLICE_X32Y181        FDCE                                         r  gemm_block_i/gemm_accelerator_0/inst/serializer_inst/fifo_din_reg[8]/D
  -------------------------------------------------------------------    -------------------

                         (clock clk_pl_0 rise edge)
                                                     10.000    10.000 r  
    PS8_X0Y0             PS8                          0.000    10.000 r  gemm_block_i/zynq_ultra_ps_e_0/inst/PS8_i/PLCLK[0]
                         net (fo=1, routed)           0.181    10.181    gemm_block_i/zynq_ultra_ps_e_0/inst/pl_clk_unbuffered[0]
    BUFG_PS_X0Y90        BUFG_PS (Prop_BUFG_PS_I_O)
                                                      0.035    10.216 r  gemm_block_i/zynq_ultra_ps_e_0/inst/buffer_pl_clk_0.PL_CLK_0_BUFG/O
    X1Y1 (CLOCK_ROOT)    net (fo=46269, routed)       2.780    12.996    gemm_block_i/gemm_accelerator_0/inst/serializer_inst/aclk
    SLICE_X32Y181        FDCE                                         r  gemm_block_i/gemm_accelerator_0/inst/serializer_inst/fifo_din_reg[8]/C
                         clock pessimism              0.246    13.242    
                         clock uncertainty           -0.160    13.082    
    SLICE_X32Y181        FDCE (Setup_GFF_SLICEM_C_D)
                                                      0.043    13.125    gemm_block_i/gemm_accelerator_0/inst/serializer_inst/fifo_din_reg[8]
  -------------------------------------------------------------------
                         required time                         13.125    
                         arrival time                          -9.531    
  -------------------------------------------------------------------
                         slack                                  3.594    

Slack (MET) :             3.628ns  (required time - arrival time)
  Source:                 gemm_block_i/gemm_accelerator_0/inst/serializer_inst/count_reg[0]_rep__4/C
                            (rising edge-triggered cell FDCE clocked by clk_pl_0  {rise@0.000ns fall@5.000ns period=10.000ns})
  Destination:            gemm_block_i/gemm_accelerator_0/inst/serializer_inst/fifo_din_reg[25]/D
                            (rising edge-triggered cell FDCE clocked by clk_pl_0  {rise@0.000ns fall@5.000ns period=10.000ns})
  Path Group:             clk_pl_0
  Path Type:              Setup (Max at Slow Process Corner)
  Requirement:            10.000ns  (clk_pl_0 rise@10.000ns - clk_pl_0 rise@0.000ns)
  Data Path Delay:        5.937ns  (logic 0.781ns (13.154%)  route 5.156ns (86.846%))
  Logic Levels:           6  (LUT6=2 MUXF7=2 MUXF8=2)
  Clock Path Skew:        -0.317ns (DCD - SCD + CPR)
    Destination Clock Delay (DCD):    2.971ns = ( 12.971 - 10.000 ) 
    Source Clock Delay      (SCD):    3.535ns
    Clock Pessimism Removal (CPR):    0.246ns
  Clock Uncertainty:      0.160ns  ((TSJ^2 + DJ^2)^1/2) / 2 + PE
    Total System Jitter     (TSJ):    0.071ns
    Discrete Jitter          (DJ):    0.312ns
    Phase Error              (PE):    0.000ns
  Clock Net Delay (Source):      3.268ns (routing 1.681ns, distribution 1.587ns)
  Clock Net Delay (Destination): 2.755ns (routing 1.538ns, distribution 1.217ns)

    Location             Delay type                Incr(ns)  Path(ns)    Netlist Resource(s)
  -------------------------------------------------------------------    -------------------
                         (clock clk_pl_0 rise edge)
                                                      0.000     0.000 r  
    PS8_X0Y0             PS8                          0.000     0.000 r  gemm_block_i/zynq_ultra_ps_e_0/inst/PS8_i/PLCLK[0]
                         net (fo=1, routed)           0.229     0.229    gemm_block_i/zynq_ultra_ps_e_0/inst/pl_clk_unbuffered[0]
    BUFG_PS_X0Y90        BUFG_PS (Prop_BUFG_PS_I_O)
                                                      0.038     0.267 r  gemm_block_i/zynq_ultra_ps_e_0/inst/buffer_pl_clk_0.PL_CLK_0_BUFG/O
    X1Y1 (CLOCK_ROOT)    net (fo=46269, routed)       3.268     3.535    gemm_block_i/gemm_accelerator_0/inst/serializer_inst/aclk
    SLICE_X13Y206        FDCE                                         r  gemm_block_i/gemm_accelerator_0/inst/serializer_inst/count_reg[0]_rep__4/C
  -------------------------------------------------------------------    -------------------
    SLICE_X13Y206        FDCE (Prop_EFF_SLICEM_C_Q)
                                                      0.113     3.648 r  gemm_block_i/gemm_accelerator_0/inst/serializer_inst/count_reg[0]_rep__4/Q
                         net (fo=64, routed)          3.524     7.172    gemm_block_i/gemm_accelerator_0/inst/serializer_inst/count_reg[0]_rep__4_n_0
    SLICE_X58Y119        LUT6 (Prop_H6LUT_SLICEM_I4_O)
                                                      0.189     7.361 r  gemm_block_i/gemm_accelerator_0/inst/serializer_inst/fifo_din[25]_i_80/O
                         net (fo=1, routed)           0.020     7.381    gemm_block_i/gemm_accelerator_0/inst/serializer_inst/fifo_din[25]_i_80_n_0
    SLICE_X58Y119        MUXF7 (Prop_F7MUX_GH_SLICEM_I0_O)
                                                      0.093     7.474 r  gemm_block_i/gemm_accelerator_0/inst/serializer_inst/fifo_din_reg[25]_i_36/O
                         net (fo=1, routed)           0.000     7.474    gemm_block_i/gemm_accelerator_0/inst/serializer_inst/fifo_din_reg[25]_i_36_n_0
    SLICE_X58Y119        MUXF8 (Prop_F8MUX_TOP_SLICEM_I0_O)
                                                      0.032     7.506 r  gemm_block_i/gemm_accelerator_0/inst/serializer_inst/fifo_din_reg[25]_i_14/O
                         net (fo=1, routed)           1.528     9.034    gemm_block_i/gemm_accelerator_0/inst/serializer_inst/fifo_din_reg[25]_i_14_n_0
    SLICE_X35Y186        LUT6 (Prop_C6LUT_SLICEM_I3_O)
                                                      0.220     9.254 r  gemm_block_i/gemm_accelerator_0/inst/serializer_inst/fifo_din[25]_i_5/O
                         net (fo=1, routed)           0.029     9.283    gemm_block_i/gemm_accelerator_0/inst/serializer_inst/fifo_din[25]_i_5_n_0
    SLICE_X35Y186        MUXF7 (Prop_F7MUX_CD_SLICEM_I1_O)
                                                      0.098     9.381 r  gemm_block_i/gemm_accelerator_0/inst/serializer_inst/fifo_din_reg[25]_i_2/O
                         net (fo=1, routed)           0.000     9.381    gemm_block_i/gemm_accelerator_0/inst/serializer_inst/fifo_din_reg[25]_i_2_n_0
    SLICE_X35Y186        MUXF8 (Prop_F8MUX_BOT_SLICEM_I0_O)
                                                      0.036     9.417 r  gemm_block_i/gemm_accelerator_0/inst/serializer_inst/fifo_din_reg[25]_i_1/O
                         net (fo=1, routed)           0.055     9.472    gemm_block_i/gemm_accelerator_0/inst/serializer_inst/holding_reg[25]
    SLICE_X35Y186        FDCE                                         r  gemm_block_i/gemm_accelerator_0/inst/serializer_inst/fifo_din_reg[25]/D
  -------------------------------------------------------------------    -------------------

                         (clock clk_pl_0 rise edge)
                                                     10.000    10.000 r  
    PS8_X0Y0             PS8                          0.000    10.000 r  gemm_block_i/zynq_ultra_ps_e_0/inst/PS8_i/PLCLK[0]
                         net (fo=1, routed)           0.181    10.181    gemm_block_i/zynq_ultra_ps_e_0/inst/pl_clk_unbuffered[0]
    BUFG_PS_X0Y90        BUFG_PS (Prop_BUFG_PS_I_O)
                                                      0.035    10.216 r  gemm_block_i/zynq_ultra_ps_e_0/inst/buffer_pl_clk_0.PL_CLK_0_BUFG/O
    X1Y1 (CLOCK_ROOT)    net (fo=46269, routed)       2.755    12.971    gemm_block_i/gemm_accelerator_0/inst/serializer_inst/aclk
    SLICE_X35Y186        FDCE                                         r  gemm_block_i/gemm_accelerator_0/inst/serializer_inst/fifo_din_reg[25]/C
                         clock pessimism              0.246    13.217    
                         clock uncertainty           -0.160    13.057    
    SLICE_X35Y186        FDCE (Setup_CFF_SLICEM_C_D)
                                                      0.043    13.100    gemm_block_i/gemm_accelerator_0/inst/serializer_inst/fifo_din_reg[25]
  -------------------------------------------------------------------
                         required time                         13.100    
                         arrival time                          -9.472    
  -------------------------------------------------------------------
                         slack                                  3.628    

Slack (MET) :             3.655ns  (required time - arrival time)
  Source:                 gemm_block_i/gemm_accelerator_0/inst/serializer_inst/count_reg[2]/C
                            (rising edge-triggered cell FDCE clocked by clk_pl_0  {rise@0.000ns fall@5.000ns period=10.000ns})
  Destination:            gemm_block_i/gemm_accelerator_0/inst/serializer_inst/fifo_din_reg[22]/D
                            (rising edge-triggered cell FDCE clocked by clk_pl_0  {rise@0.000ns fall@5.000ns period=10.000ns})
  Path Group:             clk_pl_0
  Path Type:              Setup (Max at Slow Process Corner)
  Requirement:            10.000ns  (clk_pl_0 rise@10.000ns - clk_pl_0 rise@0.000ns)
  Data Path Delay:        5.947ns  (logic 0.429ns (7.214%)  route 5.518ns (92.786%))
  Logic Levels:           5  (LUT6=1 MUXF7=2 MUXF8=2)
  Clock Path Skew:        -0.281ns (DCD - SCD + CPR)
    Destination Clock Delay (DCD):    2.989ns = ( 12.989 - 10.000 ) 
    Source Clock Delay      (SCD):    3.517ns
    Clock Pessimism Removal (CPR):    0.246ns
  Clock Uncertainty:      0.160ns  ((TSJ^2 + DJ^2)^1/2) / 2 + PE
    Total System Jitter     (TSJ):    0.071ns
    Discrete Jitter          (DJ):    0.312ns
    Phase Error              (PE):    0.000ns
  Clock Net Delay (Source):      3.250ns (routing 1.681ns, distribution 1.569ns)
  Clock Net Delay (Destination): 2.773ns (routing 1.538ns, distribution 1.235ns)

    Location             Delay type                Incr(ns)  Path(ns)    Netlist Resource(s)
  -------------------------------------------------------------------    -------------------
                         (clock clk_pl_0 rise edge)
                                                      0.000     0.000 r  
    PS8_X0Y0             PS8                          0.000     0.000 r  gemm_block_i/zynq_ultra_ps_e_0/inst/PS8_i/PLCLK[0]
                         net (fo=1, routed)           0.229     0.229    gemm_block_i/zynq_ultra_ps_e_0/inst/pl_clk_unbuffered[0]
    BUFG_PS_X0Y90        BUFG_PS (Prop_BUFG_PS_I_O)
                                                      0.038     0.267 r  gemm_block_i/zynq_ultra_ps_e_0/inst/buffer_pl_clk_0.PL_CLK_0_BUFG/O
    X1Y1 (CLOCK_ROOT)    net (fo=46269, routed)       3.250     3.517    gemm_block_i/gemm_accelerator_0/inst/serializer_inst/aclk
    SLICE_X13Y215        FDCE                                         r  gemm_block_i/gemm_accelerator_0/inst/serializer_inst/count_reg[2]/C
  -------------------------------------------------------------------    -------------------
    SLICE_X13Y215        FDCE (Prop_EFF_SLICEM_C_Q)
                                                      0.113     3.630 r  gemm_block_i/gemm_accelerator_0/inst/serializer_inst/count_reg[2]/Q
                         net (fo=106, routed)         4.015     7.645    gemm_block_i/gemm_accelerator_0/inst/serializer_inst/count_reg_n_0_[2]
    SLICE_X54Y116        MUXF7 (Prop_F7MUX_CD_SLICEM_S_O)
                                                      0.105     7.750 r  gemm_block_i/gemm_accelerator_0/inst/serializer_inst/fifo_din_reg[22]_i_36/O
                         net (fo=1, routed)           0.000     7.750    gemm_block_i/gemm_accelerator_0/inst/serializer_inst/fifo_din_reg[22]_i_36_n_0
    SLICE_X54Y116        MUXF8 (Prop_F8MUX_BOT_SLICEM_I0_O)
                                                      0.036     7.786 r  gemm_block_i/gemm_accelerator_0/inst/serializer_inst/fifo_din_reg[22]_i_14/O
                         net (fo=1, routed)           1.439     9.225    gemm_block_i/gemm_accelerator_0/inst/serializer_inst/fifo_din_reg[22]_i_14_n_0
    SLICE_X36Y183        LUT6 (Prop_G6LUT_SLICEL_I3_O)
                                                      0.057     9.282 r  gemm_block_i/gemm_accelerator_0/inst/serializer_inst/fifo_din[22]_i_5/O
                         net (fo=1, routed)           0.012     9.294    gemm_block_i/gemm_accelerator_0/inst/serializer_inst/fifo_din[22]_i_5_n_0
    SLICE_X36Y183        MUXF7 (Prop_F7MUX_GH_SLICEL_I1_O)
                                                      0.087     9.381 r  gemm_block_i/gemm_accelerator_0/inst/serializer_inst/fifo_din_reg[22]_i_2/O
                         net (fo=1, routed)           0.000     9.381    gemm_block_i/gemm_accelerator_0/inst/serializer_inst/fifo_din_reg[22]_i_2_n_0
    SLICE_X36Y183        MUXF8 (Prop_F8MUX_TOP_SLICEL_I0_O)
                                                      0.031     9.412 r  gemm_block_i/gemm_accelerator_0/inst/serializer_inst/fifo_din_reg[22]_i_1/O
                         net (fo=1, routed)           0.052     9.464    gemm_block_i/gemm_accelerator_0/inst/serializer_inst/holding_reg[22]
    SLICE_X36Y183        FDCE                                         r  gemm_block_i/gemm_accelerator_0/inst/serializer_inst/fifo_din_reg[22]/D
  -------------------------------------------------------------------    -------------------

                         (clock clk_pl_0 rise edge)
                                                     10.000    10.000 r  
    PS8_X0Y0             PS8                          0.000    10.000 r  gemm_block_i/zynq_ultra_ps_e_0/inst/PS8_i/PLCLK[0]
                         net (fo=1, routed)           0.181    10.181    gemm_block_i/zynq_ultra_ps_e_0/inst/pl_clk_unbuffered[0]
    BUFG_PS_X0Y90        BUFG_PS (Prop_BUFG_PS_I_O)
                                                      0.035    10.216 r  gemm_block_i/zynq_ultra_ps_e_0/inst/buffer_pl_clk_0.PL_CLK_0_BUFG/O
    X1Y1 (CLOCK_ROOT)    net (fo=46269, routed)       2.773    12.989    gemm_block_i/gemm_accelerator_0/inst/serializer_inst/aclk
    SLICE_X36Y183        FDCE                                         r  gemm_block_i/gemm_accelerator_0/inst/serializer_inst/fifo_din_reg[22]/C
                         clock pessimism              0.246    13.235    
                         clock uncertainty           -0.160    13.075    
    SLICE_X36Y183        FDCE (Setup_GFF_SLICEL_C_D)
                                                      0.044    13.119    gemm_block_i/gemm_accelerator_0/inst/serializer_inst/fifo_din_reg[22]
  -------------------------------------------------------------------
                         required time                         13.119    
                         arrival time                          -9.464    
  -------------------------------------------------------------------
                         slack                                  3.655    

Slack (MET) :             3.808ns  (required time - arrival time)
  Source:                 gemm_block_i/gemm_accelerator_0/inst/serializer_inst/count_reg[2]/C
                            (rising edge-triggered cell FDCE clocked by clk_pl_0  {rise@0.000ns fall@5.000ns period=10.000ns})
  Destination:            gemm_block_i/gemm_accelerator_0/inst/serializer_inst/fifo_din_reg[23]/D
                            (rising edge-triggered cell FDCE clocked by clk_pl_0  {rise@0.000ns fall@5.000ns period=10.000ns})
  Path Group:             clk_pl_0
  Path Type:              Setup (Max at Slow Process Corner)
  Requirement:            10.000ns  (clk_pl_0 rise@10.000ns - clk_pl_0 rise@0.000ns)
  Data Path Delay:        5.794ns  (logic 0.454ns (7.836%)  route 5.340ns (92.164%))
  Logic Levels:           5  (LUT6=1 MUXF7=2 MUXF8=2)
  Clock Path Skew:        -0.280ns (DCD - SCD + CPR)
    Destination Clock Delay (DCD):    2.990ns = ( 12.990 - 10.000 ) 
    Source Clock Delay      (SCD):    3.517ns
    Clock Pessimism Removal (CPR):    0.246ns
  Clock Uncertainty:      0.160ns  ((TSJ^2 + DJ^2)^1/2) / 2 + PE
    Total System Jitter     (TSJ):    0.071ns
    Discrete Jitter          (DJ):    0.312ns
    Phase Error              (PE):    0.000ns
  Clock Net Delay (Source):      3.250ns (routing 1.681ns, distribution 1.569ns)
  Clock Net Delay (Destination): 2.774ns (routing 1.538ns, distribution 1.236ns)

    Location             Delay type                Incr(ns)  Path(ns)    Netlist Resource(s)
  -------------------------------------------------------------------    -------------------
                         (clock clk_pl_0 rise edge)
                                                      0.000     0.000 r  
    PS8_X0Y0             PS8                          0.000     0.000 r  gemm_block_i/zynq_ultra_ps_e_0/inst/PS8_i/PLCLK[0]
                         net (fo=1, routed)           0.229     0.229    gemm_block_i/zynq_ultra_ps_e_0/inst/pl_clk_unbuffered[0]
    BUFG_PS_X0Y90        BUFG_PS (Prop_BUFG_PS_I_O)
                                                      0.038     0.267 r  gemm_block_i/zynq_ultra_ps_e_0/inst/buffer_pl_clk_0.PL_CLK_0_BUFG/O
    X1Y1 (CLOCK_ROOT)    net (fo=46269, routed)       3.250     3.517    gemm_block_i/gemm_accelerator_0/inst/serializer_inst/aclk
    SLICE_X13Y215        FDCE                                         r  gemm_block_i/gemm_accelerator_0/inst/serializer_inst/count_reg[2]/C
  -------------------------------------------------------------------    -------------------
    SLICE_X13Y215        FDCE (Prop_EFF_SLICEM_C_Q)
                                                      0.113     3.630 r  gemm_block_i/gemm_accelerator_0/inst/serializer_inst/count_reg[2]/Q
                         net (fo=106, routed)         3.764     7.394    gemm_block_i/gemm_accelerator_0/inst/serializer_inst/count_reg_n_0_[2]
    SLICE_X55Y114        MUXF7 (Prop_F7MUX_AB_SLICEL_S_O)
                                                      0.097     7.491 r  gemm_block_i/gemm_accelerator_0/inst/serializer_inst/fifo_din_reg[23]_i_37/O
                         net (fo=1, routed)           0.000     7.491    gemm_block_i/gemm_accelerator_0/inst/serializer_inst/fifo_din_reg[23]_i_37_n_0
    SLICE_X55Y114        MUXF8 (Prop_F8MUX_BOT_SLICEL_I1_O)
                                                      0.030     7.521 r  gemm_block_i/gemm_accelerator_0/inst/serializer_inst/fifo_din_reg[23]_i_14/O
                         net (fo=1, routed)           1.492     9.013    gemm_block_i/gemm_accelerator_0/inst/serializer_inst/fifo_din_reg[23]_i_14_n_0
    SLICE_X35Y182        LUT6 (Prop_C6LUT_SLICEM_I3_O)
                                                      0.080     9.093 r  gemm_block_i/gemm_accelerator_0/inst/serializer_inst/fifo_din[23]_i_5/O
                         net (fo=1, routed)           0.029     9.122    gemm_block_i/gemm_accelerator_0/inst/serializer_inst/fifo_din[23]_i_5_n_0
    SLICE_X35Y182        MUXF7 (Prop_F7MUX_CD_SLICEM_I1_O)
                                                      0.098     9.220 r  gemm_block_i/gemm_accelerator_0/inst/serializer_inst/fifo_din_reg[23]_i_2/O
                         net (fo=1, routed)           0.000     9.220    gemm_block_i/gemm_accelerator_0/inst/serializer_inst/fifo_din_reg[23]_i_2_n_0
    SLICE_X35Y182        MUXF8 (Prop_F8MUX_BOT_SLICEM_I0_O)
                                                      0.036     9.256 r  gemm_block_i/gemm_accelerator_0/inst/serializer_inst/fifo_din_reg[23]_i_1/O
                         net (fo=1, routed)           0.055     9.311    gemm_block_i/gemm_accelerator_0/inst/serializer_inst/holding_reg[23]
    SLICE_X35Y182        FDCE                                         r  gemm_block_i/gemm_accelerator_0/inst/serializer_inst/fifo_din_reg[23]/D
  -------------------------------------------------------------------    -------------------

                         (clock clk_pl_0 rise edge)
                                                     10.000    10.000 r  
    PS8_X0Y0             PS8                          0.000    10.000 r  gemm_block_i/zynq_ultra_ps_e_0/inst/PS8_i/PLCLK[0]
                         net (fo=1, routed)           0.181    10.181    gemm_block_i/zynq_ultra_ps_e_0/inst/pl_clk_unbuffered[0]
    BUFG_PS_X0Y90        BUFG_PS (Prop_BUFG_PS_I_O)
                                                      0.035    10.216 r  gemm_block_i/zynq_ultra_ps_e_0/inst/buffer_pl_clk_0.PL_CLK_0_BUFG/O
    X1Y1 (CLOCK_ROOT)    net (fo=46269, routed)       2.774    12.990    gemm_block_i/gemm_accelerator_0/inst/serializer_inst/aclk
    SLICE_X35Y182        FDCE                                         r  gemm_block_i/gemm_accelerator_0/inst/serializer_inst/fifo_din_reg[23]/C
                         clock pessimism              0.246    13.236    
                         clock uncertainty           -0.160    13.076    
    SLICE_X35Y182        FDCE (Setup_CFF_SLICEM_C_D)
                                                      0.043    13.119    gemm_block_i/gemm_accelerator_0/inst/serializer_inst/fifo_din_reg[23]
  -------------------------------------------------------------------
                         required time                         13.119    
                         arrival time                          -9.311    
  -------------------------------------------------------------------
                         slack                                  3.808    

Slack (MET) :             3.811ns  (required time - arrival time)
  Source:                 gemm_block_i/gemm_accelerator_0/inst/serializer_inst/count_reg[2]_rep__2/C
                            (rising edge-triggered cell FDCE clocked by clk_pl_0  {rise@0.000ns fall@5.000ns period=10.000ns})
  Destination:            gemm_block_i/gemm_accelerator_0/inst/serializer_inst/fifo_din_reg[0]/D
                            (rising edge-triggered cell FDCE clocked by clk_pl_0  {rise@0.000ns fall@5.000ns period=10.000ns})
  Path Group:             clk_pl_0
  Path Type:              Setup (Max at Slow Process Corner)
  Requirement:            10.000ns  (clk_pl_0 rise@10.000ns - clk_pl_0 rise@0.000ns)
  Data Path Delay:        5.768ns  (logic 0.522ns (9.051%)  route 5.246ns (90.949%))
  Logic Levels:           5  (LUT6=1 MUXF7=2 MUXF8=2)
  Clock Path Skew:        -0.304ns (DCD - SCD + CPR)
    Destination Clock Delay (DCD):    2.996ns = ( 12.996 - 10.000 ) 
    Source Clock Delay      (SCD):    3.547ns
    Clock Pessimism Removal (CPR):    0.246ns
  Clock Uncertainty:      0.160ns  ((TSJ^2 + DJ^2)^1/2) / 2 + PE
    Total System Jitter     (TSJ):    0.071ns
    Discrete Jitter          (DJ):    0.312ns
    Phase Error              (PE):    0.000ns
  Clock Net Delay (Source):      3.280ns (routing 1.681ns, distribution 1.599ns)
  Clock Net Delay (Destination): 2.780ns (routing 1.538ns, distribution 1.242ns)

    Location             Delay type                Incr(ns)  Path(ns)    Netlist Resource(s)
  -------------------------------------------------------------------    -------------------
                         (clock clk_pl_0 rise edge)
                                                      0.000     0.000 r  
    PS8_X0Y0             PS8                          0.000     0.000 r  gemm_block_i/zynq_ultra_ps_e_0/inst/PS8_i/PLCLK[0]
                         net (fo=1, routed)           0.229     0.229    gemm_block_i/zynq_ultra_ps_e_0/inst/pl_clk_unbuffered[0]
    BUFG_PS_X0Y90        BUFG_PS (Prop_BUFG_PS_I_O)
                                                      0.038     0.267 r  gemm_block_i/zynq_ultra_ps_e_0/inst/buffer_pl_clk_0.PL_CLK_0_BUFG/O
    X1Y1 (CLOCK_ROOT)    net (fo=46269, routed)       3.280     3.547    gemm_block_i/gemm_accelerator_0/inst/serializer_inst/aclk
    SLICE_X13Y208        FDCE                                         r  gemm_block_i/gemm_accelerator_0/inst/serializer_inst/count_reg[2]_rep__2/C
  -------------------------------------------------------------------    -------------------
    SLICE_X13Y208        FDCE (Prop_FFF_SLICEM_C_Q)
                                                      0.112     3.659 r  gemm_block_i/gemm_accelerator_0/inst/serializer_inst/count_reg[2]_rep__2/Q
                         net (fo=111, routed)         3.525     7.183    gemm_block_i/gemm_accelerator_0/inst/serializer_inst/count_reg[2]_rep__2_n_0
    SLICE_X57Y106        MUXF7 (Prop_F7MUX_AB_SLICEL_S_O)
                                                      0.097     7.280 r  gemm_block_i/gemm_accelerator_0/inst/serializer_inst/fifo_din_reg[0]_i_37/O
                         net (fo=1, routed)           0.000     7.280    gemm_block_i/gemm_accelerator_0/inst/serializer_inst/fifo_din_reg[0]_i_37_n_0
    SLICE_X57Y106        MUXF8 (Prop_F8MUX_BOT_SLICEL_I1_O)
                                                      0.030     7.310 r  gemm_block_i/gemm_accelerator_0/inst/serializer_inst/fifo_din_reg[0]_i_14/O
                         net (fo=1, routed)           1.637     8.947    gemm_block_i/gemm_accelerator_0/inst/serializer_inst/fifo_din_reg[0]_i_14_n_0
    SLICE_X32Y180        LUT6 (Prop_C6LUT_SLICEM_I3_O)
                                                      0.149     9.096 r  gemm_block_i/gemm_accelerator_0/inst/serializer_inst/fifo_din[0]_i_5/O
                         net (fo=1, routed)           0.029     9.125    gemm_block_i/gemm_accelerator_0/inst/serializer_inst/fifo_din[0]_i_5_n_0
    SLICE_X32Y180        MUXF7 (Prop_F7MUX_CD_SLICEM_I1_O)
                                                      0.098     9.223 r  gemm_block_i/gemm_accelerator_0/inst/serializer_inst/fifo_din_reg[0]_i_2/O
                         net (fo=1, routed)           0.000     9.223    gemm_block_i/gemm_accelerator_0/inst/serializer_inst/fifo_din_reg[0]_i_2_n_0
    SLICE_X32Y180        MUXF8 (Prop_F8MUX_BOT_SLICEM_I0_O)
                                                      0.036     9.259 r  gemm_block_i/gemm_accelerator_0/inst/serializer_inst/fifo_din_reg[0]_i_1/O
                         net (fo=1, routed)           0.055     9.314    gemm_block_i/gemm_accelerator_0/inst/serializer_inst/holding_reg[0]
    SLICE_X32Y180        FDCE                                         r  gemm_block_i/gemm_accelerator_0/inst/serializer_inst/fifo_din_reg[0]/D
  -------------------------------------------------------------------    -------------------

                         (clock clk_pl_0 rise edge)
                                                     10.000    10.000 r  
    PS8_X0Y0             PS8                          0.000    10.000 r  gemm_block_i/zynq_ultra_ps_e_0/inst/PS8_i/PLCLK[0]
                         net (fo=1, routed)           0.181    10.181    gemm_block_i/zynq_ultra_ps_e_0/inst/pl_clk_unbuffered[0]
    BUFG_PS_X0Y90        BUFG_PS (Prop_BUFG_PS_I_O)
                                                      0.035    10.216 r  gemm_block_i/zynq_ultra_ps_e_0/inst/buffer_pl_clk_0.PL_CLK_0_BUFG/O
    X1Y1 (CLOCK_ROOT)    net (fo=46269, routed)       2.780    12.996    gemm_block_i/gemm_accelerator_0/inst/serializer_inst/aclk
    SLICE_X32Y180        FDCE                                         r  gemm_block_i/gemm_accelerator_0/inst/serializer_inst/fifo_din_reg[0]/C
                         clock pessimism              0.246    13.242    
                         clock uncertainty           -0.160    13.082    
    SLICE_X32Y180        FDCE (Setup_CFF_SLICEM_C_D)
                                                      0.043    13.125    gemm_block_i/gemm_accelerator_0/inst/serializer_inst/fifo_din_reg[0]
  -------------------------------------------------------------------
                         required time                         13.125    
                         arrival time                          -9.314    
  -------------------------------------------------------------------
                         slack                                  3.811    





Min Delay Paths
--------------------------------------------------------------------------------------
Slack (MET) :             0.010ns  (arrival time - required time)
  Source:                 gemm_block_i/gemm_accelerator_0/inst/npu_inst/ROW[10].COL[10].u_pe/u_mac/acc_reg/psum_out_reg[31]/C
                            (rising edge-triggered cell FDCE clocked by clk_pl_0  {rise@0.000ns fall@5.000ns period=10.000ns})
  Destination:            gemm_block_i/gemm_accelerator_0/inst/serializer_inst/holding_reg_reg[170][31]/D
                            (rising edge-triggered cell FDCE clocked by clk_pl_0  {rise@0.000ns fall@5.000ns period=10.000ns})
  Path Group:             clk_pl_0
  Path Type:              Hold (Min at Slow Process Corner)
  Requirement:            0.000ns  (clk_pl_0 rise@0.000ns - clk_pl_0 rise@0.000ns)
  Data Path Delay:        0.202ns  (logic 0.112ns (55.446%)  route 0.090ns (44.554%))
  Logic Levels:           0  
  Clock Path Skew:        0.089ns (DCD - SCD - CPR)
    Destination Clock Delay (DCD):    3.480ns
    Source Clock Delay      (SCD):    3.144ns
    Clock Pessimism Removal (CPR):    0.246ns
  Clock Net Delay (Source):      2.928ns (routing 1.538ns, distribution 1.390ns)
  Clock Net Delay (Destination): 3.213ns (routing 1.681ns, distribution 1.532ns)

    Location             Delay type                Incr(ns)  Path(ns)    Netlist Resource(s)
  -------------------------------------------------------------------    -------------------
                         (clock clk_pl_0 rise edge)
                                                      0.000     0.000 r  
    PS8_X0Y0             PS8                          0.000     0.000 r  gemm_block_i/zynq_ultra_ps_e_0/inst/PS8_i/PLCLK[0]
                         net (fo=1, routed)           0.181     0.181    gemm_block_i/zynq_ultra_ps_e_0/inst/pl_clk_unbuffered[0]
    BUFG_PS_X0Y90        BUFG_PS (Prop_BUFG_PS_I_O)
                                                      0.035     0.216 r  gemm_block_i/zynq_ultra_ps_e_0/inst/buffer_pl_clk_0.PL_CLK_0_BUFG/O
    X1Y1 (CLOCK_ROOT)    net (fo=46269, routed)       2.928     3.144    gemm_block_i/gemm_accelerator_0/inst/npu_inst/ROW[10].COL[10].u_pe/u_mac/acc_reg/aclk
    SLICE_X59Y215        FDCE                                         r  gemm_block_i/gemm_accelerator_0/inst/npu_inst/ROW[10].COL[10].u_pe/u_mac/acc_reg/psum_out_reg[31]/C
  -------------------------------------------------------------------    -------------------
    SLICE_X59Y215        FDCE (Prop_HFF_SLICEL_C_Q)
                                                      0.112     3.256 r  gemm_block_i/gemm_accelerator_0/inst/npu_inst/ROW[10].COL[10].u_pe/u_mac/acc_reg/psum_out_reg[31]/Q
                         net (fo=1, routed)           0.090     3.346    gemm_block_i/gemm_accelerator_0/inst/serializer_inst/psum_matrix[5471]
    SLICE_X60Y215        FDCE                                         r  gemm_block_i/gemm_accelerator_0/inst/serializer_inst/holding_reg_reg[170][31]/D
  -------------------------------------------------------------------    -------------------

                         (clock clk_pl_0 rise edge)
                                                      0.000     0.000 r  
    PS8_X0Y0             PS8                          0.000     0.000 r  gemm_block_i/zynq_ultra_ps_e_0/inst/PS8_i/PLCLK[0]
                         net (fo=1, routed)           0.229     0.229    gemm_block_i/zynq_ultra_ps_e_0/inst/pl_clk_unbuffered[0]
    BUFG_PS_X0Y90        BUFG_PS (Prop_BUFG_PS_I_O)
                                                      0.038     0.267 r  gemm_block_i/zynq_ultra_ps_e_0/inst/buffer_pl_clk_0.PL_CLK_0_BUFG/O
    X1Y1 (CLOCK_ROOT)    net (fo=46269, routed)       3.213     3.480    gemm_block_i/gemm_accelerator_0/inst/serializer_inst/aclk
    SLICE_X60Y215        FDCE                                         r  gemm_block_i/gemm_accelerator_0/inst/serializer_inst/holding_reg_reg[170][31]/C
                         clock pessimism             -0.246     3.234    
    SLICE_X60Y215        FDCE (Hold_FFF2_SLICEL_C_D)
                                                      0.103     3.337    gemm_block_i/gemm_accelerator_0/inst/serializer_inst/holding_reg_reg[170][31]
  -------------------------------------------------------------------
                         required time                         -3.337    
                         arrival time                           3.346    
  -------------------------------------------------------------------
                         slack                                  0.010    

Slack (MET) :             0.010ns  (arrival time - required time)
  Source:                 gemm_block_i/gemm_accelerator_0/inst/npu_inst/ROW[14].COL[4].u_pe/u_mac/acc_reg/psum_out_reg[21]/C
                            (rising edge-triggered cell FDCE clocked by clk_pl_0  {rise@0.000ns fall@5.000ns period=10.000ns})
  Destination:            gemm_block_i/gemm_accelerator_0/inst/serializer_inst/holding_reg_reg[228][21]/D
                            (rising edge-triggered cell FDCE clocked by clk_pl_0  {rise@0.000ns fall@5.000ns period=10.000ns})
  Path Group:             clk_pl_0
  Path Type:              Hold (Min at Slow Process Corner)
  Requirement:            0.000ns  (clk_pl_0 rise@0.000ns - clk_pl_0 rise@0.000ns)
  Data Path Delay:        0.231ns  (logic 0.111ns (48.052%)  route 0.120ns (51.948%))
  Logic Levels:           0  
  Clock Path Skew:        0.120ns (DCD - SCD - CPR)
    Destination Clock Delay (DCD):    3.324ns
    Source Clock Delay      (SCD):    2.960ns
    Clock Pessimism Removal (CPR):    0.243ns
  Clock Net Delay (Source):      2.744ns (routing 1.538ns, distribution 1.206ns)
  Clock Net Delay (Destination): 3.057ns (routing 1.681ns, distribution 1.376ns)

    Location             Delay type                Incr(ns)  Path(ns)    Netlist Resource(s)
  -------------------------------------------------------------------    -------------------
                         (clock clk_pl_0 rise edge)
                                                      0.000     0.000 r  
    PS8_X0Y0             PS8                          0.000     0.000 r  gemm_block_i/zynq_ultra_ps_e_0/inst/PS8_i/PLCLK[0]
                         net (fo=1, routed)           0.181     0.181    gemm_block_i/zynq_ultra_ps_e_0/inst/pl_clk_unbuffered[0]
    BUFG_PS_X0Y90        BUFG_PS (Prop_BUFG_PS_I_O)
                                                      0.035     0.216 r  gemm_block_i/zynq_ultra_ps_e_0/inst/buffer_pl_clk_0.PL_CLK_0_BUFG/O
    X1Y1 (CLOCK_ROOT)    net (fo=46269, routed)       2.744     2.960    gemm_block_i/gemm_accelerator_0/inst/npu_inst/ROW[14].COL[4].u_pe/u_mac/acc_reg/aclk
    SLICE_X37Y208        FDCE                                         r  gemm_block_i/gemm_accelerator_0/inst/npu_inst/ROW[14].COL[4].u_pe/u_mac/acc_reg/psum_out_reg[21]/C
  -------------------------------------------------------------------    -------------------
    SLICE_X37Y208        FDCE (Prop_FFF_SLICEM_C_Q)
                                                      0.111     3.071 r  gemm_block_i/gemm_accelerator_0/inst/npu_inst/ROW[14].COL[4].u_pe/u_mac/acc_reg/psum_out_reg[21]/Q
                         net (fo=1, routed)           0.120     3.191    gemm_block_i/gemm_accelerator_0/inst/serializer_inst/psum_matrix[7317]
    SLICE_X35Y208        FDCE                                         r  gemm_block_i/gemm_accelerator_0/inst/serializer_inst/holding_reg_reg[228][21]/D
  -------------------------------------------------------------------    -------------------

                         (clock clk_pl_0 rise edge)
                                                      0.000     0.000 r  
    PS8_X0Y0             PS8                          0.000     0.000 r  gemm_block_i/zynq_ultra_ps_e_0/inst/PS8_i/PLCLK[0]
                         net (fo=1, routed)           0.229     0.229    gemm_block_i/zynq_ultra_ps_e_0/inst/pl_clk_unbuffered[0]
    BUFG_PS_X0Y90        BUFG_PS (Prop_BUFG_PS_I_O)
                                                      0.038     0.267 r  gemm_block_i/zynq_ultra_ps_e_0/inst/buffer_pl_clk_0.PL_CLK_0_BUFG/O
    X1Y1 (CLOCK_ROOT)    net (fo=46269, routed)       3.057     3.324    gemm_block_i/gemm_accelerator_0/inst/serializer_inst/aclk
    SLICE_X35Y208        FDCE                                         r  gemm_block_i/gemm_accelerator_0/inst/serializer_inst/holding_reg_reg[228][21]/C
                         clock pessimism             -0.243     3.080    
    SLICE_X35Y208        FDCE (Hold_HFF_SLICEM_C_D)
                                                      0.101     3.181    gemm_block_i/gemm_accelerator_0/inst/serializer_inst/holding_reg_reg[228][21]
  -------------------------------------------------------------------
                         required time                         -3.181    
                         arrival time                           3.191    
  -------------------------------------------------------------------
                         slack                                  0.010    

Slack (MET) :             0.010ns  (arrival time - required time)
  Source:                 gemm_block_i/gemm_accelerator_0/inst/npu_inst/ROW[7].COL[4].u_pe/u_mac/acc_reg/psum_out_reg[6]/C
                            (rising edge-triggered cell FDCE clocked by clk_pl_0  {rise@0.000ns fall@5.000ns period=10.000ns})
  Destination:            gemm_block_i/gemm_accelerator_0/inst/serializer_inst/holding_reg_reg[116][6]/D
                            (rising edge-triggered cell FDCE clocked by clk_pl_0  {rise@0.000ns fall@5.000ns period=10.000ns})
  Path Group:             clk_pl_0
  Path Type:              Hold (Min at Slow Process Corner)
  Requirement:            0.000ns  (clk_pl_0 rise@0.000ns - clk_pl_0 rise@0.000ns)
  Data Path Delay:        0.246ns  (logic 0.112ns (45.528%)  route 0.134ns (54.472%))
  Logic Levels:           0  
  Clock Path Skew:        0.133ns (DCD - SCD - CPR)
    Destination Clock Delay (DCD):    3.529ns
    Source Clock Delay      (SCD):    3.146ns
    Clock Pessimism Removal (CPR):    0.249ns
  Clock Net Delay (Source):      2.930ns (routing 1.538ns, distribution 1.392ns)
  Clock Net Delay (Destination): 3.262ns (routing 1.681ns, distribution 1.581ns)

    Location             Delay type                Incr(ns)  Path(ns)    Netlist Resource(s)
  -------------------------------------------------------------------    -------------------
                         (clock clk_pl_0 rise edge)
                                                      0.000     0.000 r  
    PS8_X0Y0             PS8                          0.000     0.000 r  gemm_block_i/zynq_ultra_ps_e_0/inst/PS8_i/PLCLK[0]
                         net (fo=1, routed)           0.181     0.181    gemm_block_i/zynq_ultra_ps_e_0/inst/pl_clk_unbuffered[0]
    BUFG_PS_X0Y90        BUFG_PS (Prop_BUFG_PS_I_O)
                                                      0.035     0.216 r  gemm_block_i/zynq_ultra_ps_e_0/inst/buffer_pl_clk_0.PL_CLK_0_BUFG/O
    X1Y1 (CLOCK_ROOT)    net (fo=46269, routed)       2.930     3.146    gemm_block_i/gemm_accelerator_0/inst/npu_inst/ROW[7].COL[4].u_pe/u_mac/acc_reg/aclk
    SLICE_X20Y212        FDCE                                         r  gemm_block_i/gemm_accelerator_0/inst/npu_inst/ROW[7].COL[4].u_pe/u_mac/acc_reg/psum_out_reg[6]/C
  -------------------------------------------------------------------    -------------------
    SLICE_X20Y212        FDCE (Prop_GFF_SLICEM_C_Q)
                                                      0.112     3.258 r  gemm_block_i/gemm_accelerator_0/inst/npu_inst/ROW[7].COL[4].u_pe/u_mac/acc_reg/psum_out_reg[6]/Q
                         net (fo=1, routed)           0.134     3.392    gemm_block_i/gemm_accelerator_0/inst/serializer_inst/psum_matrix[3718]
    SLICE_X19Y212        FDCE                                         r  gemm_block_i/gemm_accelerator_0/inst/serializer_inst/holding_reg_reg[116][6]/D
  -------------------------------------------------------------------    -------------------

                         (clock clk_pl_0 rise edge)
                                                      0.000     0.000 r  
    PS8_X0Y0             PS8                          0.000     0.000 r  gemm_block_i/zynq_ultra_ps_e_0/inst/PS8_i/PLCLK[0]
                         net (fo=1, routed)           0.229     0.229    gemm_block_i/zynq_ultra_ps_e_0/inst/pl_clk_unbuffered[0]
    BUFG_PS_X0Y90        BUFG_PS (Prop_BUFG_PS_I_O)
                                                      0.038     0.267 r  gemm_block_i/zynq_ultra_ps_e_0/inst/buffer_pl_clk_0.PL_CLK_0_BUFG/O
    X1Y1 (CLOCK_ROOT)    net (fo=46269, routed)       3.262     3.529    gemm_block_i/gemm_accelerator_0/inst/serializer_inst/aclk
    SLICE_X19Y212        FDCE                                         r  gemm_block_i/gemm_accelerator_0/inst/serializer_inst/holding_reg_reg[116][6]/C
                         clock pessimism             -0.249     3.279    
    SLICE_X19Y212        FDCE (Hold_HFF2_SLICEL_C_D)
                                                      0.103     3.382    gemm_block_i/gemm_accelerator_0/inst/serializer_inst/holding_reg_reg[116][6]
  -------------------------------------------------------------------
                         required time                         -3.382    
                         arrival time                           3.392    
  -------------------------------------------------------------------
                         slack                                  0.010    

Slack (MET) :             0.010ns  (arrival time - required time)
  Source:                 gemm_block_i/gemm_accelerator_0/inst/npu_inst/ROW[6].COL[5].u_pe/u_mac/acc_reg/psum_out_reg[11]/C
                            (rising edge-triggered cell FDCE clocked by clk_pl_0  {rise@0.000ns fall@5.000ns period=10.000ns})
  Destination:            gemm_block_i/gemm_accelerator_0/inst/serializer_inst/holding_reg_reg[101][11]/D
                            (rising edge-triggered cell FDCE clocked by clk_pl_0  {rise@0.000ns fall@5.000ns period=10.000ns})
  Path Group:             clk_pl_0
  Path Type:              Hold (Min at Slow Process Corner)
  Requirement:            0.000ns  (clk_pl_0 rise@0.000ns - clk_pl_0 rise@0.000ns)
  Data Path Delay:        0.239ns  (logic 0.112ns (46.862%)  route 0.127ns (53.138%))
  Logic Levels:           0  
  Clock Path Skew:        0.128ns (DCD - SCD - CPR)
    Destination Clock Delay (DCD):    3.538ns
    Source Clock Delay      (SCD):    3.209ns
    Clock Pessimism Removal (CPR):    0.201ns
  Clock Net Delay (Source):      2.993ns (routing 1.538ns, distribution 1.455ns)
  Clock Net Delay (Destination): 3.271ns (routing 1.681ns, distribution 1.590ns)

    Location             Delay type                Incr(ns)  Path(ns)    Netlist Resource(s)
  -------------------------------------------------------------------    -------------------
                         (clock clk_pl_0 rise edge)
                                                      0.000     0.000 r  
    PS8_X0Y0             PS8                          0.000     0.000 r  gemm_block_i/zynq_ultra_ps_e_0/inst/PS8_i/PLCLK[0]
                         net (fo=1, routed)           0.181     0.181    gemm_block_i/zynq_ultra_ps_e_0/inst/pl_clk_unbuffered[0]
    BUFG_PS_X0Y90        BUFG_PS (Prop_BUFG_PS_I_O)
                                                      0.035     0.216 r  gemm_block_i/zynq_ultra_ps_e_0/inst/buffer_pl_clk_0.PL_CLK_0_BUFG/O
    X1Y1 (CLOCK_ROOT)    net (fo=46269, routed)       2.993     3.209    gemm_block_i/gemm_accelerator_0/inst/npu_inst/ROW[6].COL[5].u_pe/u_mac/acc_reg/aclk
    SLICE_X7Y181         FDCE                                         r  gemm_block_i/gemm_accelerator_0/inst/npu_inst/ROW[6].COL[5].u_pe/u_mac/acc_reg/psum_out_reg[11]/C
  -------------------------------------------------------------------    -------------------
    SLICE_X7Y181         FDCE (Prop_DFF_SLICEM_C_Q)
                                                      0.112     3.321 r  gemm_block_i/gemm_accelerator_0/inst/npu_inst/ROW[6].COL[5].u_pe/u_mac/acc_reg/psum_out_reg[11]/Q
                         net (fo=1, routed)           0.127     3.448    gemm_block_i/gemm_accelerator_0/inst/serializer_inst/psum_matrix[3243]
    SLICE_X7Y179         FDCE                                         r  gemm_block_i/gemm_accelerator_0/inst/serializer_inst/holding_reg_reg[101][11]/D
  -------------------------------------------------------------------    -------------------

                         (clock clk_pl_0 rise edge)
                                                      0.000     0.000 r  
    PS8_X0Y0             PS8                          0.000     0.000 r  gemm_block_i/zynq_ultra_ps_e_0/inst/PS8_i/PLCLK[0]
                         net (fo=1, routed)           0.229     0.229    gemm_block_i/zynq_ultra_ps_e_0/inst/pl_clk_unbuffered[0]
    BUFG_PS_X0Y90        BUFG_PS (Prop_BUFG_PS_I_O)
                                                      0.038     0.267 r  gemm_block_i/zynq_ultra_ps_e_0/inst/buffer_pl_clk_0.PL_CLK_0_BUFG/O
    X1Y1 (CLOCK_ROOT)    net (fo=46269, routed)       3.271     3.538    gemm_block_i/gemm_accelerator_0/inst/serializer_inst/aclk
    SLICE_X7Y179         FDCE                                         r  gemm_block_i/gemm_accelerator_0/inst/serializer_inst/holding_reg_reg[101][11]/C
                         clock pessimism             -0.201     3.337    
    SLICE_X7Y179         FDCE (Hold_EFF_SLICEM_C_D)
                                                      0.101     3.438    gemm_block_i/gemm_accelerator_0/inst/serializer_inst/holding_reg_reg[101][11]
  -------------------------------------------------------------------
                         required time                         -3.438    
                         arrival time                           3.448    
  -------------------------------------------------------------------
                         slack                                  0.010    

Slack (MET) :             0.010ns  (arrival time - required time)
  Source:                 gemm_block_i/axi_smc/inst/s00_entry_pipeline/s00_mmu/inst/aw_reg_stall/m_vector_i_reg[1042]/C
                            (rising edge-triggered cell FDRE clocked by clk_pl_0  {rise@0.000ns fall@5.000ns period=10.000ns})
  Destination:            gemm_block_i/axi_smc/inst/s00_entry_pipeline/s00_mmu/inst/gen_endpoint.decerr_slave_inst/gen_axi.gen_write.s_axi_bid_i_reg[13]/D
                            (rising edge-triggered cell FDRE clocked by clk_pl_0  {rise@0.000ns fall@5.000ns period=10.000ns})
  Path Group:             clk_pl_0
  Path Type:              Hold (Min at Slow Process Corner)
  Requirement:            0.000ns  (clk_pl_0 rise@0.000ns - clk_pl_0 rise@0.000ns)
  Data Path Delay:        0.226ns  (logic 0.114ns (50.443%)  route 0.112ns (49.558%))
  Logic Levels:           0  
  Clock Path Skew:        0.114ns (DCD - SCD - CPR)
    Destination Clock Delay (DCD):    3.550ns
    Source Clock Delay      (SCD):    3.181ns
    Clock Pessimism Removal (CPR):    0.255ns
  Clock Net Delay (Source):      2.965ns (routing 1.538ns, distribution 1.427ns)
  Clock Net Delay (Destination): 3.283ns (routing 1.681ns, distribution 1.602ns)

    Location             Delay type                Incr(ns)  Path(ns)    Netlist Resource(s)
  -------------------------------------------------------------------    -------------------
                         (clock clk_pl_0 rise edge)
                                                      0.000     0.000 r  
    PS8_X0Y0             PS8                          0.000     0.000 r  gemm_block_i/zynq_ultra_ps_e_0/inst/PS8_i/PLCLK[0]
                         net (fo=1, routed)           0.181     0.181    gemm_block_i/zynq_ultra_ps_e_0/inst/pl_clk_unbuffered[0]
    BUFG_PS_X0Y90        BUFG_PS (Prop_BUFG_PS_I_O)
                                                      0.035     0.216 r  gemm_block_i/zynq_ultra_ps_e_0/inst/buffer_pl_clk_0.PL_CLK_0_BUFG/O
    X1Y1 (CLOCK_ROOT)    net (fo=46269, routed)       2.965     3.181    gemm_block_i/axi_smc/inst/s00_entry_pipeline/s00_mmu/inst/aw_reg_stall/aclk
    SLICE_X0Y146         FDRE                                         r  gemm_block_i/axi_smc/inst/s00_entry_pipeline/s00_mmu/inst/aw_reg_stall/m_vector_i_reg[1042]/C
  -------------------------------------------------------------------    -------------------
    SLICE_X0Y146         FDRE (Prop_AFF2_SLICEL_C_Q)
                                                      0.114     3.295 r  gemm_block_i/axi_smc/inst/s00_entry_pipeline/s00_mmu/inst/aw_reg_stall/m_vector_i_reg[1042]/Q
                         net (fo=2, routed)           0.112     3.407    gemm_block_i/axi_smc/inst/s00_entry_pipeline/s00_mmu/inst/gen_endpoint.decerr_slave_inst/m_axi_awid[13]
    SLICE_X1Y146         FDRE                                         r  gemm_block_i/axi_smc/inst/s00_entry_pipeline/s00_mmu/inst/gen_endpoint.decerr_slave_inst/gen_axi.gen_write.s_axi_bid_i_reg[13]/D
  -------------------------------------------------------------------    -------------------

                         (clock clk_pl_0 rise edge)
                                                      0.000     0.000 r  
    PS8_X0Y0             PS8                          0.000     0.000 r  gemm_block_i/zynq_ultra_ps_e_0/inst/PS8_i/PLCLK[0]
                         net (fo=1, routed)           0.229     0.229    gemm_block_i/zynq_ultra_ps_e_0/inst/pl_clk_unbuffered[0]
    BUFG_PS_X0Y90        BUFG_PS (Prop_BUFG_PS_I_O)
                                                      0.038     0.267 r  gemm_block_i/zynq_ultra_ps_e_0/inst/buffer_pl_clk_0.PL_CLK_0_BUFG/O
    X1Y1 (CLOCK_ROOT)    net (fo=46269, routed)       3.283     3.550    gemm_block_i/axi_smc/inst/s00_entry_pipeline/s00_mmu/inst/gen_endpoint.decerr_slave_inst/aclk
    SLICE_X1Y146         FDRE                                         r  gemm_block_i/axi_smc/inst/s00_entry_pipeline/s00_mmu/inst/gen_endpoint.decerr_slave_inst/gen_axi.gen_write.s_axi_bid_i_reg[13]/C
                         clock pessimism             -0.255     3.295    
    SLICE_X1Y146         FDRE (Hold_EFF2_SLICEM_C_D)
                                                      0.102     3.397    gemm_block_i/axi_smc/inst/s00_entry_pipeline/s00_mmu/inst/gen_endpoint.decerr_slave_inst/gen_axi.gen_write.s_axi_bid_i_reg[13]
  -------------------------------------------------------------------
                         required time                         -3.397    
                         arrival time                           3.407    
  -------------------------------------------------------------------
                         slack                                  0.010    

Slack (MET) :             0.010ns  (arrival time - required time)
  Source:                 gemm_block_i/gemm_accelerator_0/inst/npu_inst/ROW[6].COL[5].u_pe/u_mac/acc_reg/psum_out_reg[9]/C
                            (rising edge-triggered cell FDCE clocked by clk_pl_0  {rise@0.000ns fall@5.000ns period=10.000ns})
  Destination:            gemm_block_i/gemm_accelerator_0/inst/serializer_inst/holding_reg_reg[101][9]/D
                            (rising edge-triggered cell FDCE clocked by clk_pl_0  {rise@0.000ns fall@5.000ns period=10.000ns})
  Path Group:             clk_pl_0
  Path Type:              Hold (Min at Slow Process Corner)
  Requirement:            0.000ns  (clk_pl_0 rise@0.000ns - clk_pl_0 rise@0.000ns)
  Data Path Delay:        0.257ns  (logic 0.111ns (43.191%)  route 0.146ns (56.809%))
  Logic Levels:           0  
  Clock Path Skew:        0.145ns (DCD - SCD - CPR)
    Destination Clock Delay (DCD):    3.555ns
    Source Clock Delay      (SCD):    3.209ns
    Clock Pessimism Removal (CPR):    0.201ns
  Clock Net Delay (Source):      2.993ns (routing 1.538ns, distribution 1.455ns)
  Clock Net Delay (Destination): 3.288ns (routing 1.681ns, distribution 1.607ns)

    Location             Delay type                Incr(ns)  Path(ns)    Netlist Resource(s)
  -------------------------------------------------------------------    -------------------
                         (clock clk_pl_0 rise edge)
                                                      0.000     0.000 r  
    PS8_X0Y0             PS8                          0.000     0.000 r  gemm_block_i/zynq_ultra_ps_e_0/inst/PS8_i/PLCLK[0]
                         net (fo=1, routed)           0.181     0.181    gemm_block_i/zynq_ultra_ps_e_0/inst/pl_clk_unbuffered[0]
    BUFG_PS_X0Y90        BUFG_PS (Prop_BUFG_PS_I_O)
                                                      0.035     0.216 r  gemm_block_i/zynq_ultra_ps_e_0/inst/buffer_pl_clk_0.PL_CLK_0_BUFG/O
    X1Y1 (CLOCK_ROOT)    net (fo=46269, routed)       2.993     3.209    gemm_block_i/gemm_accelerator_0/inst/npu_inst/ROW[6].COL[5].u_pe/u_mac/acc_reg/aclk
    SLICE_X7Y181         FDCE                                         r  gemm_block_i/gemm_accelerator_0/inst/npu_inst/ROW[6].COL[5].u_pe/u_mac/acc_reg/psum_out_reg[9]/C
  -------------------------------------------------------------------    -------------------
    SLICE_X7Y181         FDCE (Prop_BFF_SLICEM_C_Q)
                                                      0.111     3.320 r  gemm_block_i/gemm_accelerator_0/inst/npu_inst/ROW[6].COL[5].u_pe/u_mac/acc_reg/psum_out_reg[9]/Q
                         net (fo=1, routed)           0.146     3.466    gemm_block_i/gemm_accelerator_0/inst/serializer_inst/psum_matrix[3241]
    SLICE_X7Y177         FDCE                                         r  gemm_block_i/gemm_accelerator_0/inst/serializer_inst/holding_reg_reg[101][9]/D
  -------------------------------------------------------------------    -------------------

                         (clock clk_pl_0 rise edge)
                                                      0.000     0.000 r  
    PS8_X0Y0             PS8                          0.000     0.000 r  gemm_block_i/zynq_ultra_ps_e_0/inst/PS8_i/PLCLK[0]
                         net (fo=1, routed)           0.229     0.229    gemm_block_i/zynq_ultra_ps_e_0/inst/pl_clk_unbuffered[0]
    BUFG_PS_X0Y90        BUFG_PS (Prop_BUFG_PS_I_O)
                                                      0.038     0.267 r  gemm_block_i/zynq_ultra_ps_e_0/inst/buffer_pl_clk_0.PL_CLK_0_BUFG/O
    X1Y1 (CLOCK_ROOT)    net (fo=46269, routed)       3.288     3.555    gemm_block_i/gemm_accelerator_0/inst/serializer_inst/aclk
    SLICE_X7Y177         FDCE                                         r  gemm_block_i/gemm_accelerator_0/inst/serializer_inst/holding_reg_reg[101][9]/C
                         clock pessimism             -0.201     3.354    
    SLICE_X7Y177         FDCE (Hold_CFF2_SLICEM_C_D)
                                                      0.102     3.456    gemm_block_i/gemm_accelerator_0/inst/serializer_inst/holding_reg_reg[101][9]
  -------------------------------------------------------------------
                         required time                         -3.456    
                         arrival time                           3.466    
  -------------------------------------------------------------------
                         slack                                  0.010    

Slack (MET) :             0.010ns  (arrival time - required time)
  Source:                 gemm_block_i/gemm_accelerator_0/inst/npu_inst/ROW[13].COL[5].u_pe/u_mac/acc_reg/psum_out_reg[27]/C
                            (rising edge-triggered cell FDCE clocked by clk_pl_0  {rise@0.000ns fall@5.000ns period=10.000ns})
  Destination:            gemm_block_i/gemm_accelerator_0/inst/serializer_inst/holding_reg_reg[213][27]/D
                            (rising edge-triggered cell FDCE clocked by clk_pl_0  {rise@0.000ns fall@5.000ns period=10.000ns})
  Path Group:             clk_pl_0
  Path Type:              Hold (Min at Slow Process Corner)
  Requirement:            0.000ns  (clk_pl_0 rise@0.000ns - clk_pl_0 rise@0.000ns)
  Data Path Delay:        0.238ns  (logic 0.112ns (47.059%)  route 0.126ns (52.941%))
  Logic Levels:           0  
  Clock Path Skew:        0.126ns (DCD - SCD - CPR)
    Destination Clock Delay (DCD):    3.579ns
    Source Clock Delay      (SCD):    3.204ns
    Clock Pessimism Removal (CPR):    0.249ns
  Clock Net Delay (Source):      2.988ns (routing 1.538ns, distribution 1.450ns)
  Clock Net Delay (Destination): 3.312ns (routing 1.681ns, distribution 1.631ns)

    Location             Delay type                Incr(ns)  Path(ns)    Netlist Resource(s)
  -------------------------------------------------------------------    -------------------
                         (clock clk_pl_0 rise edge)
                                                      0.000     0.000 r  
    PS8_X0Y0             PS8                          0.000     0.000 r  gemm_block_i/zynq_ultra_ps_e_0/inst/PS8_i/PLCLK[0]
                         net (fo=1, routed)           0.181     0.181    gemm_block_i/zynq_ultra_ps_e_0/inst/pl_clk_unbuffered[0]
    BUFG_PS_X0Y90        BUFG_PS (Prop_BUFG_PS_I_O)
                                                      0.035     0.216 r  gemm_block_i/zynq_ultra_ps_e_0/inst/buffer_pl_clk_0.PL_CLK_0_BUFG/O
    X1Y1 (CLOCK_ROOT)    net (fo=46269, routed)       2.988     3.204    gemm_block_i/gemm_accelerator_0/inst/npu_inst/ROW[13].COL[5].u_pe/u_mac/acc_reg/aclk
    SLICE_X4Y229         FDCE                                         r  gemm_block_i/gemm_accelerator_0/inst/npu_inst/ROW[13].COL[5].u_pe/u_mac/acc_reg/psum_out_reg[27]/C
  -------------------------------------------------------------------    -------------------
    SLICE_X4Y229         FDCE (Prop_DFF_SLICEM_C_Q)
                                                      0.112     3.316 r  gemm_block_i/gemm_accelerator_0/inst/npu_inst/ROW[13].COL[5].u_pe/u_mac/acc_reg/psum_out_reg[27]/Q
                         net (fo=1, routed)           0.126     3.442    gemm_block_i/gemm_accelerator_0/inst/serializer_inst/psum_matrix[6843]
    SLICE_X6Y229         FDCE                                         r  gemm_block_i/gemm_accelerator_0/inst/serializer_inst/holding_reg_reg[213][27]/D
  -------------------------------------------------------------------    -------------------

                         (clock clk_pl_0 rise edge)
                                                      0.000     0.000 r  
    PS8_X0Y0             PS8                          0.000     0.000 r  gemm_block_i/zynq_ultra_ps_e_0/inst/PS8_i/PLCLK[0]
                         net (fo=1, routed)           0.229     0.229    gemm_block_i/zynq_ultra_ps_e_0/inst/pl_clk_unbuffered[0]
    BUFG_PS_X0Y90        BUFG_PS (Prop_BUFG_PS_I_O)
                                                      0.038     0.267 r  gemm_block_i/zynq_ultra_ps_e_0/inst/buffer_pl_clk_0.PL_CLK_0_BUFG/O
    X1Y1 (CLOCK_ROOT)    net (fo=46269, routed)       3.312     3.579    gemm_block_i/gemm_accelerator_0/inst/serializer_inst/aclk
    SLICE_X6Y229         FDCE                                         r  gemm_block_i/gemm_accelerator_0/inst/serializer_inst/holding_reg_reg[213][27]/C
                         clock pessimism             -0.249     3.330    
    SLICE_X6Y229         FDCE (Hold_DFF2_SLICEL_C_D)
                                                      0.102     3.432    gemm_block_i/gemm_accelerator_0/inst/serializer_inst/holding_reg_reg[213][27]
  -------------------------------------------------------------------
                         required time                         -3.432    
                         arrival time                           3.442    
  -------------------------------------------------------------------
                         slack                                  0.010    

Slack (MET) :             0.010ns  (arrival time - required time)
  Source:                 gemm_block_i/gemm_accelerator_0/inst/npu_inst/ROW[14].COL[8].u_pe/u_mac/acc_reg/psum_internal_reg[19]/C
                            (rising edge-triggered cell FDCE clocked by clk_pl_0  {rise@0.000ns fall@5.000ns period=10.000ns})
  Destination:            gemm_block_i/gemm_accelerator_0/inst/npu_inst/ROW[14].COL[8].u_pe/u_mac/acc_reg/psum_out_reg[20]/D
                            (rising edge-triggered cell FDCE clocked by clk_pl_0  {rise@0.000ns fall@5.000ns period=10.000ns})
  Path Group:             clk_pl_0
  Path Type:              Hold (Min at Slow Process Corner)
  Requirement:            0.000ns  (clk_pl_0 rise@0.000ns - clk_pl_0 rise@0.000ns)
  Data Path Delay:        0.318ns  (logic 0.184ns (57.940%)  route 0.134ns (42.060%))
  Logic Levels:           2  (CARRY8=1 LUT2=1)
  Clock Path Skew:        0.206ns (DCD - SCD - CPR)
    Destination Clock Delay (DCD):    3.424ns
    Source Clock Delay      (SCD):    2.971ns
    Clock Pessimism Removal (CPR):    0.246ns
  Clock Net Delay (Source):      2.755ns (routing 1.538ns, distribution 1.217ns)
  Clock Net Delay (Destination): 3.157ns (routing 1.681ns, distribution 1.476ns)

    Location             Delay type                Incr(ns)  Path(ns)    Netlist Resource(s)
  -------------------------------------------------------------------    -------------------
                         (clock clk_pl_0 rise edge)
                                                      0.000     0.000 r  
    PS8_X0Y0             PS8                          0.000     0.000 r  gemm_block_i/zynq_ultra_ps_e_0/inst/PS8_i/PLCLK[0]
                         net (fo=1, routed)           0.181     0.181    gemm_block_i/zynq_ultra_ps_e_0/inst/pl_clk_unbuffered[0]
    BUFG_PS_X0Y90        BUFG_PS (Prop_BUFG_PS_I_O)
                                                      0.035     0.216 r  gemm_block_i/zynq_ultra_ps_e_0/inst/buffer_pl_clk_0.PL_CLK_0_BUFG/O
    X1Y1 (CLOCK_ROOT)    net (fo=46269, routed)       2.755     2.971    gemm_block_i/gemm_accelerator_0/inst/npu_inst/ROW[14].COL[8].u_pe/u_mac/acc_reg/aclk
    SLICE_X40Y199        FDCE                                         r  gemm_block_i/gemm_accelerator_0/inst/npu_inst/ROW[14].COL[8].u_pe/u_mac/acc_reg/psum_internal_reg[19]/C
  -------------------------------------------------------------------    -------------------
    SLICE_X40Y199        FDCE (Prop_DFF_SLICEM_C_Q)
                                                      0.112     3.083 r  gemm_block_i/gemm_accelerator_0/inst/npu_inst/ROW[14].COL[8].u_pe/u_mac/acc_reg/psum_internal_reg[19]/Q
                         net (fo=4, routed)           0.108     3.191    gemm_block_i/gemm_accelerator_0/inst/npu_inst/ROW[14].COL[8].u_pe/u_mac/acc_reg/psum_internal_reg[19]
    SLICE_X41Y199        LUT2 (Prop_E6LUT_SLICEM_I0_O)
                                                      0.033     3.224 r  gemm_block_i/gemm_accelerator_0/inst/npu_inst/ROW[14].COL[8].u_pe/u_mac/acc_reg/next_sum_carry__1_i_5__231/O
                         net (fo=1, routed)           0.015     3.239    gemm_block_i/gemm_accelerator_0/inst/npu_inst/ROW[14].COL[8].u_pe/u_mac/acc_reg/next_sum_carry__1_i_5__231_n_0
    SLICE_X41Y199        CARRY8 (Prop_CARRY8_SLICEM_S[4]_O[4])
                                                      0.039     3.278 r  gemm_block_i/gemm_accelerator_0/inst/npu_inst/ROW[14].COL[8].u_pe/u_mac/acc_reg/next_sum_carry__1/O[4]
                         net (fo=1, routed)           0.011     3.289    gemm_block_i/gemm_accelerator_0/inst/npu_inst/ROW[14].COL[8].u_pe/u_mac/acc_reg/next_sum[20]
    SLICE_X41Y199        FDCE                                         r  gemm_block_i/gemm_accelerator_0/inst/npu_inst/ROW[14].COL[8].u_pe/u_mac/acc_reg/psum_out_reg[20]/D
  -------------------------------------------------------------------    -------------------

                         (clock clk_pl_0 rise edge)
                                                      0.000     0.000 r  
    PS8_X0Y0             PS8                          0.000     0.000 r  gemm_block_i/zynq_ultra_ps_e_0/inst/PS8_i/PLCLK[0]
                         net (fo=1, routed)           0.229     0.229    gemm_block_i/zynq_ultra_ps_e_0/inst/pl_clk_unbuffered[0]
    BUFG_PS_X0Y90        BUFG_PS (Prop_BUFG_PS_I_O)
                                                      0.038     0.267 r  gemm_block_i/zynq_ultra_ps_e_0/inst/buffer_pl_clk_0.PL_CLK_0_BUFG/O
    X1Y1 (CLOCK_ROOT)    net (fo=46269, routed)       3.157     3.424    gemm_block_i/gemm_accelerator_0/inst/npu_inst/ROW[14].COL[8].u_pe/u_mac/acc_reg/aclk
    SLICE_X41Y199        FDCE                                         r  gemm_block_i/gemm_accelerator_0/inst/npu_inst/ROW[14].COL[8].u_pe/u_mac/acc_reg/psum_out_reg[20]/C
                         clock pessimism             -0.246     3.177    
    SLICE_X41Y199        FDCE (Hold_EFF_SLICEM_C_D)
                                                      0.101     3.278    gemm_block_i/gemm_accelerator_0/inst/npu_inst/ROW[14].COL[8].u_pe/u_mac/acc_reg/psum_out_reg[20]
  -------------------------------------------------------------------
                         required time                         -3.278    
                         arrival time                           3.289    
  -------------------------------------------------------------------
                         slack                                  0.010    

Slack (MET) :             0.011ns  (arrival time - required time)
  Source:                 gemm_block_i/gemm_accelerator_0/inst/npu_inst/ROW[9].COL[14].u_pe/u_mac/acc_reg/psum_out_reg[25]/C
                            (rising edge-triggered cell FDCE clocked by clk_pl_0  {rise@0.000ns fall@5.000ns period=10.000ns})
  Destination:            gemm_block_i/gemm_accelerator_0/inst/serializer_inst/holding_reg_reg[158][25]/D
                            (rising edge-triggered cell FDCE clocked by clk_pl_0  {rise@0.000ns fall@5.000ns period=10.000ns})
  Path Group:             clk_pl_0
  Path Type:              Hold (Min at Slow Process Corner)
  Requirement:            0.000ns  (clk_pl_0 rise@0.000ns - clk_pl_0 rise@0.000ns)
  Data Path Delay:        0.244ns  (logic 0.112ns (45.902%)  route 0.132ns (54.098%))
  Logic Levels:           0  
  Clock Path Skew:        0.130ns (DCD - SCD - CPR)
    Destination Clock Delay (DCD):    3.522ns
    Source Clock Delay      (SCD):    3.145ns
    Clock Pessimism Removal (CPR):    0.246ns
  Clock Net Delay (Source):      2.929ns (routing 1.538ns, distribution 1.391ns)
  Clock Net Delay (Destination): 3.255ns (routing 1.681ns, distribution 1.574ns)

    Location             Delay type                Incr(ns)  Path(ns)    Netlist Resource(s)
  -------------------------------------------------------------------    -------------------
                         (clock clk_pl_0 rise edge)
                                                      0.000     0.000 r  
    PS8_X0Y0             PS8                          0.000     0.000 r  gemm_block_i/zynq_ultra_ps_e_0/inst/PS8_i/PLCLK[0]
                         net (fo=1, routed)           0.181     0.181    gemm_block_i/zynq_ultra_ps_e_0/inst/pl_clk_unbuffered[0]
    BUFG_PS_X0Y90        BUFG_PS (Prop_BUFG_PS_I_O)
                                                      0.035     0.216 r  gemm_block_i/zynq_ultra_ps_e_0/inst/buffer_pl_clk_0.PL_CLK_0_BUFG/O
    X1Y1 (CLOCK_ROOT)    net (fo=46269, routed)       2.929     3.145    gemm_block_i/gemm_accelerator_0/inst/npu_inst/ROW[9].COL[14].u_pe/u_mac/acc_reg/aclk
    SLICE_X56Y188        FDCE                                         r  gemm_block_i/gemm_accelerator_0/inst/npu_inst/ROW[9].COL[14].u_pe/u_mac/acc_reg/psum_out_reg[25]/C
  -------------------------------------------------------------------    -------------------
    SLICE_X56Y188        FDCE (Prop_BFF_SLICEL_C_Q)
                                                      0.112     3.257 r  gemm_block_i/gemm_accelerator_0/inst/npu_inst/ROW[9].COL[14].u_pe/u_mac/acc_reg/psum_out_reg[25]/Q
                         net (fo=1, routed)           0.132     3.389    gemm_block_i/gemm_accelerator_0/inst/serializer_inst/psum_matrix[5081]
    SLICE_X55Y186        FDCE                                         r  gemm_block_i/gemm_accelerator_0/inst/serializer_inst/holding_reg_reg[158][25]/D
  -------------------------------------------------------------------    -------------------

                         (clock clk_pl_0 rise edge)
                                                      0.000     0.000 r  
    PS8_X0Y0             PS8                          0.000     0.000 r  gemm_block_i/zynq_ultra_ps_e_0/inst/PS8_i/PLCLK[0]
                         net (fo=1, routed)           0.229     0.229    gemm_block_i/zynq_ultra_ps_e_0/inst/pl_clk_unbuffered[0]
    BUFG_PS_X0Y90        BUFG_PS (Prop_BUFG_PS_I_O)
                                                      0.038     0.267 r  gemm_block_i/zynq_ultra_ps_e_0/inst/buffer_pl_clk_0.PL_CLK_0_BUFG/O
    X1Y1 (CLOCK_ROOT)    net (fo=46269, routed)       3.255     3.522    gemm_block_i/gemm_accelerator_0/inst/serializer_inst/aclk
    SLICE_X55Y186        FDCE                                         r  gemm_block_i/gemm_accelerator_0/inst/serializer_inst/holding_reg_reg[158][25]/C
                         clock pessimism             -0.246     3.275    
    SLICE_X55Y186        FDCE (Hold_CFF2_SLICEL_C_D)
                                                      0.103     3.378    gemm_block_i/gemm_accelerator_0/inst/serializer_inst/holding_reg_reg[158][25]
  -------------------------------------------------------------------
                         required time                         -3.378    
                         arrival time                           3.389    
  -------------------------------------------------------------------
                         slack                                  0.011    

Slack (MET) :             0.011ns  (arrival time - required time)
  Source:                 gemm_block_i/gemm_accelerator_0/inst/npu_inst/ROW[10].COL[4].u_pe/u_mac/acc_reg/psum_out_reg[10]/C
                            (rising edge-triggered cell FDCE clocked by clk_pl_0  {rise@0.000ns fall@5.000ns period=10.000ns})
  Destination:            gemm_block_i/gemm_accelerator_0/inst/serializer_inst/holding_reg_reg[164][10]/D
                            (rising edge-triggered cell FDCE clocked by clk_pl_0  {rise@0.000ns fall@5.000ns period=10.000ns})
  Path Group:             clk_pl_0
  Path Type:              Hold (Min at Slow Process Corner)
  Requirement:            0.000ns  (clk_pl_0 rise@0.000ns - clk_pl_0 rise@0.000ns)
  Data Path Delay:        0.219ns  (logic 0.112ns (51.142%)  route 0.107ns (48.858%))
  Logic Levels:           0  
  Clock Path Skew:        0.106ns (DCD - SCD - CPR)
    Destination Clock Delay (DCD):    3.472ns
    Source Clock Delay      (SCD):    3.119ns
    Clock Pessimism Removal (CPR):    0.246ns
  Clock Net Delay (Source):      2.903ns (routing 1.538ns, distribution 1.365ns)
  Clock Net Delay (Destination): 3.205ns (routing 1.681ns, distribution 1.524ns)

    Location             Delay type                Incr(ns)  Path(ns)    Netlist Resource(s)
  -------------------------------------------------------------------    -------------------
                         (clock clk_pl_0 rise edge)
                                                      0.000     0.000 r  
    PS8_X0Y0             PS8                          0.000     0.000 r  gemm_block_i/zynq_ultra_ps_e_0/inst/PS8_i/PLCLK[0]
                         net (fo=1, routed)           0.181     0.181    gemm_block_i/zynq_ultra_ps_e_0/inst/pl_clk_unbuffered[0]
    BUFG_PS_X0Y90        BUFG_PS (Prop_BUFG_PS_I_O)
                                                      0.035     0.216 r  gemm_block_i/zynq_ultra_ps_e_0/inst/buffer_pl_clk_0.PL_CLK_0_BUFG/O
    X1Y1 (CLOCK_ROOT)    net (fo=46269, routed)       2.903     3.119    gemm_block_i/gemm_accelerator_0/inst/npu_inst/ROW[10].COL[4].u_pe/u_mac/acc_reg/aclk
    SLICE_X52Y210        FDCE                                         r  gemm_block_i/gemm_accelerator_0/inst/npu_inst/ROW[10].COL[4].u_pe/u_mac/acc_reg/psum_out_reg[10]/C
  -------------------------------------------------------------------    -------------------
    SLICE_X52Y210        FDCE (Prop_CFF_SLICEL_C_Q)
                                                      0.112     3.231 r  gemm_block_i/gemm_accelerator_0/inst/npu_inst/ROW[10].COL[4].u_pe/u_mac/acc_reg/psum_out_reg[10]/Q
                         net (fo=1, routed)           0.107     3.338    gemm_block_i/gemm_accelerator_0/inst/serializer_inst/psum_matrix[5258]
    SLICE_X53Y210        FDCE                                         r  gemm_block_i/gemm_accelerator_0/inst/serializer_inst/holding_reg_reg[164][10]/D
  -------------------------------------------------------------------    -------------------

                         (clock clk_pl_0 rise edge)
                                                      0.000     0.000 r  
    PS8_X0Y0             PS8                          0.000     0.000 r  gemm_block_i/zynq_ultra_ps_e_0/inst/PS8_i/PLCLK[0]
                         net (fo=1, routed)           0.229     0.229    gemm_block_i/zynq_ultra_ps_e_0/inst/pl_clk_unbuffered[0]
    BUFG_PS_X0Y90        BUFG_PS (Prop_BUFG_PS_I_O)
                                                      0.038     0.267 r  gemm_block_i/zynq_ultra_ps_e_0/inst/buffer_pl_clk_0.PL_CLK_0_BUFG/O
    X1Y1 (CLOCK_ROOT)    net (fo=46269, routed)       3.205     3.472    gemm_block_i/gemm_accelerator_0/inst/serializer_inst/aclk
    SLICE_X53Y210        FDCE                                         r  gemm_block_i/gemm_accelerator_0/inst/serializer_inst/holding_reg_reg[164][10]/C
                         clock pessimism             -0.246     3.225    
    SLICE_X53Y210        FDCE (Hold_AFF2_SLICEM_C_D)
                                                      0.102     3.327    gemm_block_i/gemm_accelerator_0/inst/serializer_inst/holding_reg_reg[164][10]
  -------------------------------------------------------------------
                         required time                         -3.327    
                         arrival time                           3.338    
  -------------------------------------------------------------------
                         slack                                  0.011    





Pulse Width Checks
--------------------------------------------------------------------------------------
Clock Name:         clk_pl_0
Waveform(ns):       { 0.000 5.000 }
Period(ns):         10.000
Sources:            { gemm_block_i/zynq_ultra_ps_e_0/inst/PS8_i/PLCLK[0] }

Check Type        Corner  Lib Pin             Reference Pin  Required(ns)  Actual(ns)  Slack(ns)  Location      Pin
Min Period        n/a     PS8/MAXIGP0ACLK     n/a            3.000         10.000      7.000      PS8_X0Y0      gemm_block_i/zynq_ultra_ps_e_0/inst/PS8_i/MAXIGP0ACLK
Min Period        n/a     PS8/MAXIGP1ACLK     n/a            3.000         10.000      7.000      PS8_X0Y0      gemm_block_i/zynq_ultra_ps_e_0/inst/PS8_i/MAXIGP1ACLK
Min Period        n/a     PS8/SAXIGP0RCLK     n/a            3.000         10.000      7.000      PS8_X0Y0      gemm_block_i/zynq_ultra_ps_e_0/inst/PS8_i/SAXIGP0RCLK
Min Period        n/a     PS8/SAXIGP0WCLK     n/a            3.000         10.000      7.000      PS8_X0Y0      gemm_block_i/zynq_ultra_ps_e_0/inst/PS8_i/SAXIGP0WCLK
Min Period        n/a     RAMB36E2/CLKARDCLK  n/a            1.960         10.000      8.040      RAMB36_X1Y17  gemm_block_i/gemm_accelerator_0/inst/fifo_A_inst/mem_reg_bram_0/CLKARDCLK
Min Period        n/a     RAMB36E2/CLKARDCLK  n/a            1.960         10.000      8.040      RAMB36_X0Y18  gemm_block_i/gemm_accelerator_0/inst/fifo_A_inst/mem_reg_bram_1/CLKARDCLK
Min Period        n/a     RAMB36E2/CLKARDCLK  n/a            1.960         10.000      8.040      RAMB36_X1Y18  gemm_block_i/gemm_accelerator_0/inst/fifo_A_inst/mem_reg_bram_2/CLKARDCLK
Min Period        n/a     RAMB36E2/CLKARDCLK  n/a            1.960         10.000      8.040      RAMB36_X0Y19  gemm_block_i/gemm_accelerator_0/inst/fifo_A_inst/mem_reg_bram_3/CLKARDCLK
Min Period        n/a     RAMB36E2/CLKARDCLK  n/a            1.960         10.000      8.040      RAMB36_X0Y22  gemm_block_i/gemm_accelerator_0/inst/fifo_B_inst/mem_reg_bram_0/CLKARDCLK
Min Period        n/a     RAMB36E2/CLKARDCLK  n/a            1.960         10.000      8.040      RAMB36_X0Y23  gemm_block_i/gemm_accelerator_0/inst/fifo_B_inst/mem_reg_bram_1/CLKARDCLK
Low Pulse Width   Slow    PS8/MAXIGP0ACLK     n/a            1.500         5.000       3.500      PS8_X0Y0      gemm_block_i/zynq_ultra_ps_e_0/inst/PS8_i/MAXIGP0ACLK
Low Pulse Width   Fast    PS8/MAXIGP0ACLK     n/a            1.500         5.000       3.500      PS8_X0Y0      gemm_block_i/zynq_ultra_ps_e_0/inst/PS8_i/MAXIGP0ACLK
Low Pulse Width   Slow    PS8/MAXIGP1ACLK     n/a            1.500         5.000       3.500      PS8_X0Y0      gemm_block_i/zynq_ultra_ps_e_0/inst/PS8_i/MAXIGP1ACLK
Low Pulse Width   Fast    PS8/MAXIGP1ACLK     n/a            1.500         5.000       3.500      PS8_X0Y0      gemm_block_i/zynq_ultra_ps_e_0/inst/PS8_i/MAXIGP1ACLK
Low Pulse Width   Slow    PS8/SAXIGP0RCLK     n/a            1.500         5.000       3.500      PS8_X0Y0      gemm_block_i/zynq_ultra_ps_e_0/inst/PS8_i/SAXIGP0RCLK
Low Pulse Width   Fast    PS8/SAXIGP0RCLK     n/a            1.500         5.000       3.500      PS8_X0Y0      gemm_block_i/zynq_ultra_ps_e_0/inst/PS8_i/SAXIGP0RCLK
Low Pulse Width   Slow    PS8/SAXIGP0WCLK     n/a            1.500         5.000       3.500      PS8_X0Y0      gemm_block_i/zynq_ultra_ps_e_0/inst/PS8_i/SAXIGP0WCLK
Low Pulse Width   Fast    PS8/SAXIGP0WCLK     n/a            1.500         5.000       3.500      PS8_X0Y0      gemm_block_i/zynq_ultra_ps_e_0/inst/PS8_i/SAXIGP0WCLK
Low Pulse Width   Slow    SRL16E/CLK          n/a            0.762         5.000       4.238      SLICE_X12Y97  gemm_block_i/axi_dma_0/U0/I_PRMRY_DATAMOVER/GEN_MM2S_FULL.I_MM2S_FULL_WRAPPER/I_ADDR_CNTL/GEN_ADDR_FIFO.I_ADDR_QUAL_FIFO/USE_SRL_FIFO.I_SYNC_FIFO/data_reg[3][11]_srl4/CLK
Low Pulse Width   Fast    SRL16E/CLK          n/a            0.762         5.000       4.238      SLICE_X12Y97  gemm_block_i/axi_dma_0/U0/I_PRMRY_DATAMOVER/GEN_MM2S_FULL.I_MM2S_FULL_WRAPPER/I_ADDR_CNTL/GEN_ADDR_FIFO.I_ADDR_QUAL_FIFO/USE_SRL_FIFO.I_SYNC_FIFO/data_reg[3][11]_srl4/CLK
High Pulse Width  Slow    PS8/MAXIGP0ACLK     n/a            1.500         5.000       3.500      PS8_X0Y0      gemm_block_i/zynq_ultra_ps_e_0/inst/PS8_i/MAXIGP0ACLK
High Pulse Width  Fast    PS8/MAXIGP0ACLK     n/a            1.500         5.000       3.500      PS8_X0Y0      gemm_block_i/zynq_ultra_ps_e_0/inst/PS8_i/MAXIGP0ACLK
High Pulse Width  Slow    PS8/MAXIGP1ACLK     n/a            1.500         5.000       3.500      PS8_X0Y0      gemm_block_i/zynq_ultra_ps_e_0/inst/PS8_i/MAXIGP1ACLK
High Pulse Width  Fast    PS8/MAXIGP1ACLK     n/a            1.500         5.000       3.500      PS8_X0Y0      gemm_block_i/zynq_ultra_ps_e_0/inst/PS8_i/MAXIGP1ACLK
High Pulse Width  Slow    PS8/SAXIGP0RCLK     n/a            1.500         5.000       3.500      PS8_X0Y0      gemm_block_i/zynq_ultra_ps_e_0/inst/PS8_i/SAXIGP0RCLK
High Pulse Width  Fast    PS8/SAXIGP0RCLK     n/a            1.500         5.000       3.500      PS8_X0Y0      gemm_block_i/zynq_ultra_ps_e_0/inst/PS8_i/SAXIGP0RCLK
High Pulse Width  Slow    PS8/SAXIGP0WCLK     n/a            1.500         5.000       3.500      PS8_X0Y0      gemm_block_i/zynq_ultra_ps_e_0/inst/PS8_i/SAXIGP0WCLK
High Pulse Width  Fast    PS8/SAXIGP0WCLK     n/a            1.500         5.000       3.500      PS8_X0Y0      gemm_block_i/zynq_ultra_ps_e_0/inst/PS8_i/SAXIGP0WCLK
High Pulse Width  Slow    SRL16E/CLK          n/a            0.762         5.000       4.238      SLICE_X12Y97  gemm_block_i/axi_dma_0/U0/I_PRMRY_DATAMOVER/GEN_MM2S_FULL.I_MM2S_FULL_WRAPPER/I_ADDR_CNTL/GEN_ADDR_FIFO.I_ADDR_QUAL_FIFO/USE_SRL_FIFO.I_SYNC_FIFO/data_reg[3][11]_srl4/CLK
High Pulse Width  Fast    SRL16E/CLK          n/a            0.762         5.000       4.238      SLICE_X12Y97  gemm_block_i/axi_dma_0/U0/I_PRMRY_DATAMOVER/GEN_MM2S_FULL.I_MM2S_FULL_WRAPPER/I_ADDR_CNTL/GEN_ADDR_FIFO.I_ADDR_QUAL_FIFO/USE_SRL_FIFO.I_SYNC_FIFO/data_reg[3][11]_srl4/CLK



---------------------------------------------------------------------------------------------------
Path Group:  **async_default**
From Clock:  clk_pl_0
  To Clock:  clk_pl_0

Setup :            0  Failing Endpoints,  Worst Slack        7.229ns,  Total Violation        0.000ns
Hold  :            0  Failing Endpoints,  Worst Slack        1.023ns,  Total Violation        0.000ns
---------------------------------------------------------------------------------------------------


Max Delay Paths
--------------------------------------------------------------------------------------
Slack (MET) :             7.229ns  (required time - arrival time)
  Source:                 gemm_block_i/rst_ps8_0_99M/U0/ACTIVE_LOW_PR_OUT_DFF[0].FDRE_PER_N_lopt_replica/C
                            (rising edge-triggered cell FDRE clocked by clk_pl_0  {rise@0.000ns fall@5.000ns period=10.000ns})
  Destination:            gemm_block_i/gemm_accelerator_0/inst/npu_inst/ROW[12].COL[0].u_pe/u_mac/mult_reg/w_reg_reg[1]/CLR
                            (recovery check against rising-edge clock clk_pl_0  {rise@0.000ns fall@5.000ns period=10.000ns})
  Path Group:             **async_default**
  Path Type:              Recovery (Max at Slow Process Corner)
  Requirement:            10.000ns  (clk_pl_0 rise@10.000ns - clk_pl_0 rise@0.000ns)
  Data Path Delay:        2.428ns  (logic 0.162ns (6.673%)  route 2.266ns (93.327%))
  Logic Levels:           1  (BUFGCE=1)
  Clock Path Skew:        -0.091ns (DCD - SCD + CPR)
    Destination Clock Delay (DCD):    2.990ns = ( 12.990 - 10.000 ) 
    Source Clock Delay      (SCD):    3.275ns
    Clock Pessimism Removal (CPR):    0.194ns
  Clock Uncertainty:      0.160ns  ((TSJ^2 + DJ^2)^1/2) / 2 + PE
    Total System Jitter     (TSJ):    0.071ns
    Discrete Jitter          (DJ):    0.312ns
    Phase Error              (PE):    0.000ns
  Clock Net Delay (Source):      3.008ns (routing 1.681ns, distribution 1.327ns)
  Clock Net Delay (Destination): 2.774ns (routing 1.538ns, distribution 1.236ns)

    Location             Delay type                Incr(ns)  Path(ns)    Netlist Resource(s)
  -------------------------------------------------------------------    -------------------
                         (clock clk_pl_0 rise edge)
                                                      0.000     0.000 r  
    PS8_X0Y0             PS8                          0.000     0.000 r  gemm_block_i/zynq_ultra_ps_e_0/inst/PS8_i/PLCLK[0]
                         net (fo=1, routed)           0.229     0.229    gemm_block_i/zynq_ultra_ps_e_0/inst/pl_clk_unbuffered[0]
    BUFG_PS_X0Y90        BUFG_PS (Prop_BUFG_PS_I_O)
                                                      0.038     0.267 r  gemm_block_i/zynq_ultra_ps_e_0/inst/buffer_pl_clk_0.PL_CLK_0_BUFG/O
    X1Y1 (CLOCK_ROOT)    net (fo=46269, routed)       3.008     3.275    gemm_block_i/rst_ps8_0_99M/U0/slowest_sync_clk
    SLICE_X24Y94         FDRE                                         r  gemm_block_i/rst_ps8_0_99M/U0/ACTIVE_LOW_PR_OUT_DFF[0].FDRE_PER_N_lopt_replica/C
  -------------------------------------------------------------------    -------------------
    SLICE_X24Y94         FDRE (Prop_EFF2_SLICEM_C_Q)
                                                      0.118     3.393 r  gemm_block_i/rst_ps8_0_99M/U0/ACTIVE_LOW_PR_OUT_DFF[0].FDRE_PER_N_lopt_replica/Q
                         net (fo=1, routed)           0.587     3.980    gemm_block_i/rst_ps8_0_99M/U0/Q_replN
    BUFGCE_X0Y24         BUFGCE (Prop_BUFCE_BUFGCE_I_O)
                                                      0.044     4.024 r  gemm_block_i/rst_ps8_0_99M/U0/peripheral_aresetn[0]_BUFG_inst/O
                         net (fo=34010, routed)       1.679     5.702    gemm_block_i/gemm_accelerator_0/inst/npu_inst/ROW[12].COL[0].u_pe/u_mac/mult_reg/x_reg_reg[0]_1
    SLICE_X35Y181        FDCE                                         f  gemm_block_i/gemm_accelerator_0/inst/npu_inst/ROW[12].COL[0].u_pe/u_mac/mult_reg/w_reg_reg[1]/CLR  (IS_INVERTED)
  -------------------------------------------------------------------    -------------------

                         (clock clk_pl_0 rise edge)
                                                     10.000    10.000 r  
    PS8_X0Y0             PS8                          0.000    10.000 r  gemm_block_i/zynq_ultra_ps_e_0/inst/PS8_i/PLCLK[0]
                         net (fo=1, routed)           0.181    10.181    gemm_block_i/zynq_ultra_ps_e_0/inst/pl_clk_unbuffered[0]
    BUFG_PS_X0Y90        BUFG_PS (Prop_BUFG_PS_I_O)
                                                      0.035    10.216 r  gemm_block_i/zynq_ultra_ps_e_0/inst/buffer_pl_clk_0.PL_CLK_0_BUFG/O
    X1Y1 (CLOCK_ROOT)    net (fo=46269, routed)       2.774    12.990    gemm_block_i/gemm_accelerator_0/inst/npu_inst/ROW[12].COL[0].u_pe/u_mac/mult_reg/aclk
    SLICE_X35Y181        FDCE                                         r  gemm_block_i/gemm_accelerator_0/inst/npu_inst/ROW[12].COL[0].u_pe/u_mac/mult_reg/w_reg_reg[1]/C
                         clock pessimism              0.194    13.184    
                         clock uncertainty           -0.160    13.024    
    SLICE_X35Y181        FDCE (Recov_DFF2_SLICEM_C_CLR)
                                                     -0.093    12.931    gemm_block_i/gemm_accelerator_0/inst/npu_inst/ROW[12].COL[0].u_pe/u_mac/mult_reg/w_reg_reg[1]
  -------------------------------------------------------------------
                         required time                         12.931    
                         arrival time                          -5.702    
  -------------------------------------------------------------------
                         slack                                  7.229    

Slack (MET) :             7.229ns  (required time - arrival time)
  Source:                 gemm_block_i/rst_ps8_0_99M/U0/ACTIVE_LOW_PR_OUT_DFF[0].FDRE_PER_N_lopt_replica/C
                            (rising edge-triggered cell FDRE clocked by clk_pl_0  {rise@0.000ns fall@5.000ns period=10.000ns})
  Destination:            gemm_block_i/gemm_accelerator_0/inst/npu_inst/ROW[12].COL[0].u_pe/u_mac/mult_reg/w_reg_reg[3]/CLR
                            (recovery check against rising-edge clock clk_pl_0  {rise@0.000ns fall@5.000ns period=10.000ns})
  Path Group:             **async_default**
  Path Type:              Recovery (Max at Slow Process Corner)
  Requirement:            10.000ns  (clk_pl_0 rise@10.000ns - clk_pl_0 rise@0.000ns)
  Data Path Delay:        2.428ns  (logic 0.162ns (6.673%)  route 2.266ns (93.327%))
  Logic Levels:           1  (BUFGCE=1)
  Clock Path Skew:        -0.091ns (DCD - SCD + CPR)
    Destination Clock Delay (DCD):    2.990ns = ( 12.990 - 10.000 ) 
    Source Clock Delay      (SCD):    3.275ns
    Clock Pessimism Removal (CPR):    0.194ns
  Clock Uncertainty:      0.160ns  ((TSJ^2 + DJ^2)^1/2) / 2 + PE
    Total System Jitter     (TSJ):    0.071ns
    Discrete Jitter          (DJ):    0.312ns
    Phase Error              (PE):    0.000ns
  Clock Net Delay (Source):      3.008ns (routing 1.681ns, distribution 1.327ns)
  Clock Net Delay (Destination): 2.774ns (routing 1.538ns, distribution 1.236ns)

    Location             Delay type                Incr(ns)  Path(ns)    Netlist Resource(s)
  -------------------------------------------------------------------    -------------------
                         (clock clk_pl_0 rise edge)
                                                      0.000     0.000 r  
    PS8_X0Y0             PS8                          0.000     0.000 r  gemm_block_i/zynq_ultra_ps_e_0/inst/PS8_i/PLCLK[0]
                         net (fo=1, routed)           0.229     0.229    gemm_block_i/zynq_ultra_ps_e_0/inst/pl_clk_unbuffered[0]
    BUFG_PS_X0Y90        BUFG_PS (Prop_BUFG_PS_I_O)
                                                      0.038     0.267 r  gemm_block_i/zynq_ultra_ps_e_0/inst/buffer_pl_clk_0.PL_CLK_0_BUFG/O
    X1Y1 (CLOCK_ROOT)    net (fo=46269, routed)       3.008     3.275    gemm_block_i/rst_ps8_0_99M/U0/slowest_sync_clk
    SLICE_X24Y94         FDRE                                         r  gemm_block_i/rst_ps8_0_99M/U0/ACTIVE_LOW_PR_OUT_DFF[0].FDRE_PER_N_lopt_replica/C
  -------------------------------------------------------------------    -------------------
    SLICE_X24Y94         FDRE (Prop_EFF2_SLICEM_C_Q)
                                                      0.118     3.393 r  gemm_block_i/rst_ps8_0_99M/U0/ACTIVE_LOW_PR_OUT_DFF[0].FDRE_PER_N_lopt_replica/Q
                         net (fo=1, routed)           0.587     3.980    gemm_block_i/rst_ps8_0_99M/U0/Q_replN
    BUFGCE_X0Y24         BUFGCE (Prop_BUFCE_BUFGCE_I_O)
                                                      0.044     4.024 r  gemm_block_i/rst_ps8_0_99M/U0/peripheral_aresetn[0]_BUFG_inst/O
                         net (fo=34010, routed)       1.679     5.702    gemm_block_i/gemm_accelerator_0/inst/npu_inst/ROW[12].COL[0].u_pe/u_mac/mult_reg/x_reg_reg[0]_1
    SLICE_X35Y181        FDCE                                         f  gemm_block_i/gemm_accelerator_0/inst/npu_inst/ROW[12].COL[0].u_pe/u_mac/mult_reg/w_reg_reg[3]/CLR  (IS_INVERTED)
  -------------------------------------------------------------------    -------------------

                         (clock clk_pl_0 rise edge)
                                                     10.000    10.000 r  
    PS8_X0Y0             PS8                          0.000    10.000 r  gemm_block_i/zynq_ultra_ps_e_0/inst/PS8_i/PLCLK[0]
                         net (fo=1, routed)           0.181    10.181    gemm_block_i/zynq_ultra_ps_e_0/inst/pl_clk_unbuffered[0]
    BUFG_PS_X0Y90        BUFG_PS (Prop_BUFG_PS_I_O)
                                                      0.035    10.216 r  gemm_block_i/zynq_ultra_ps_e_0/inst/buffer_pl_clk_0.PL_CLK_0_BUFG/O
    X1Y1 (CLOCK_ROOT)    net (fo=46269, routed)       2.774    12.990    gemm_block_i/gemm_accelerator_0/inst/npu_inst/ROW[12].COL[0].u_pe/u_mac/mult_reg/aclk
    SLICE_X35Y181        FDCE                                         r  gemm_block_i/gemm_accelerator_0/inst/npu_inst/ROW[12].COL[0].u_pe/u_mac/mult_reg/w_reg_reg[3]/C
                         clock pessimism              0.194    13.184    
                         clock uncertainty           -0.160    13.024    
    SLICE_X35Y181        FDCE (Recov_CFF2_SLICEM_C_CLR)
                                                     -0.093    12.931    gemm_block_i/gemm_accelerator_0/inst/npu_inst/ROW[12].COL[0].u_pe/u_mac/mult_reg/w_reg_reg[3]
  -------------------------------------------------------------------
                         required time                         12.931    
                         arrival time                          -5.702    
  -------------------------------------------------------------------
                         slack                                  7.229    

Slack (MET) :             7.229ns  (required time - arrival time)
  Source:                 gemm_block_i/rst_ps8_0_99M/U0/ACTIVE_LOW_PR_OUT_DFF[0].FDRE_PER_N_lopt_replica/C
                            (rising edge-triggered cell FDRE clocked by clk_pl_0  {rise@0.000ns fall@5.000ns period=10.000ns})
  Destination:            gemm_block_i/gemm_accelerator_0/inst/npu_inst/ROW[15].COL[11].u_pe/u_mac/mult_reg/x_reg_reg[4]/CLR
                            (recovery check against rising-edge clock clk_pl_0  {rise@0.000ns fall@5.000ns period=10.000ns})
  Path Group:             **async_default**
  Path Type:              Recovery (Max at Slow Process Corner)
  Requirement:            10.000ns  (clk_pl_0 rise@10.000ns - clk_pl_0 rise@0.000ns)
  Data Path Delay:        2.428ns  (logic 0.162ns (6.673%)  route 2.266ns (93.327%))
  Logic Levels:           1  (BUFGCE=1)
  Clock Path Skew:        -0.091ns (DCD - SCD + CPR)
    Destination Clock Delay (DCD):    2.990ns = ( 12.990 - 10.000 ) 
    Source Clock Delay      (SCD):    3.275ns
    Clock Pessimism Removal (CPR):    0.194ns
  Clock Uncertainty:      0.160ns  ((TSJ^2 + DJ^2)^1/2) / 2 + PE
    Total System Jitter     (TSJ):    0.071ns
    Discrete Jitter          (DJ):    0.312ns
    Phase Error              (PE):    0.000ns
  Clock Net Delay (Source):      3.008ns (routing 1.681ns, distribution 1.327ns)
  Clock Net Delay (Destination): 2.774ns (routing 1.538ns, distribution 1.236ns)

    Location             Delay type                Incr(ns)  Path(ns)    Netlist Resource(s)
  -------------------------------------------------------------------    -------------------
                         (clock clk_pl_0 rise edge)
                                                      0.000     0.000 r  
    PS8_X0Y0             PS8                          0.000     0.000 r  gemm_block_i/zynq_ultra_ps_e_0/inst/PS8_i/PLCLK[0]
                         net (fo=1, routed)           0.229     0.229    gemm_block_i/zynq_ultra_ps_e_0/inst/pl_clk_unbuffered[0]
    BUFG_PS_X0Y90        BUFG_PS (Prop_BUFG_PS_I_O)
                                                      0.038     0.267 r  gemm_block_i/zynq_ultra_ps_e_0/inst/buffer_pl_clk_0.PL_CLK_0_BUFG/O
    X1Y1 (CLOCK_ROOT)    net (fo=46269, routed)       3.008     3.275    gemm_block_i/rst_ps8_0_99M/U0/slowest_sync_clk
    SLICE_X24Y94         FDRE                                         r  gemm_block_i/rst_ps8_0_99M/U0/ACTIVE_LOW_PR_OUT_DFF[0].FDRE_PER_N_lopt_replica/C
  -------------------------------------------------------------------    -------------------
    SLICE_X24Y94         FDRE (Prop_EFF2_SLICEM_C_Q)
                                                      0.118     3.393 r  gemm_block_i/rst_ps8_0_99M/U0/ACTIVE_LOW_PR_OUT_DFF[0].FDRE_PER_N_lopt_replica/Q
                         net (fo=1, routed)           0.587     3.980    gemm_block_i/rst_ps8_0_99M/U0/Q_replN
    BUFGCE_X0Y24         BUFGCE (Prop_BUFCE_BUFGCE_I_O)
                                                      0.044     4.024 r  gemm_block_i/rst_ps8_0_99M/U0/peripheral_aresetn[0]_BUFG_inst/O
                         net (fo=34010, routed)       1.679     5.702    gemm_block_i/gemm_accelerator_0/inst/npu_inst/ROW[15].COL[11].u_pe/u_mac/mult_reg/w_reg_reg[7]_0
    SLICE_X35Y181        FDCE                                         f  gemm_block_i/gemm_accelerator_0/inst/npu_inst/ROW[15].COL[11].u_pe/u_mac/mult_reg/x_reg_reg[4]/CLR  (IS_INVERTED)
  -------------------------------------------------------------------    -------------------

                         (clock clk_pl_0 rise edge)
                                                     10.000    10.000 r  
    PS8_X0Y0             PS8                          0.000    10.000 r  gemm_block_i/zynq_ultra_ps_e_0/inst/PS8_i/PLCLK[0]
                         net (fo=1, routed)           0.181    10.181    gemm_block_i/zynq_ultra_ps_e_0/inst/pl_clk_unbuffered[0]
    BUFG_PS_X0Y90        BUFG_PS (Prop_BUFG_PS_I_O)
                                                      0.035    10.216 r  gemm_block_i/zynq_ultra_ps_e_0/inst/buffer_pl_clk_0.PL_CLK_0_BUFG/O
    X1Y1 (CLOCK_ROOT)    net (fo=46269, routed)       2.774    12.990    gemm_block_i/gemm_accelerator_0/inst/npu_inst/ROW[15].COL[11].u_pe/u_mac/mult_reg/aclk
    SLICE_X35Y181        FDCE                                         r  gemm_block_i/gemm_accelerator_0/inst/npu_inst/ROW[15].COL[11].u_pe/u_mac/mult_reg/x_reg_reg[4]/C
                         clock pessimism              0.194    13.184    
                         clock uncertainty           -0.160    13.024    
    SLICE_X35Y181        FDCE (Recov_BFF2_SLICEM_C_CLR)
                                                     -0.093    12.931    gemm_block_i/gemm_accelerator_0/inst/npu_inst/ROW[15].COL[11].u_pe/u_mac/mult_reg/x_reg_reg[4]
  -------------------------------------------------------------------
                         required time                         12.931    
                         arrival time                          -5.702    
  -------------------------------------------------------------------
                         slack                                  7.229    

Slack (MET) :             7.229ns  (required time - arrival time)
  Source:                 gemm_block_i/rst_ps8_0_99M/U0/ACTIVE_LOW_PR_OUT_DFF[0].FDRE_PER_N_lopt_replica/C
                            (rising edge-triggered cell FDRE clocked by clk_pl_0  {rise@0.000ns fall@5.000ns period=10.000ns})
  Destination:            gemm_block_i/gemm_accelerator_0/inst/npu_inst/ROW[15].COL[11].u_pe/u_mac/mult_reg/x_reg_reg[5]/CLR
                            (recovery check against rising-edge clock clk_pl_0  {rise@0.000ns fall@5.000ns period=10.000ns})
  Path Group:             **async_default**
  Path Type:              Recovery (Max at Slow Process Corner)
  Requirement:            10.000ns  (clk_pl_0 rise@10.000ns - clk_pl_0 rise@0.000ns)
  Data Path Delay:        2.428ns  (logic 0.162ns (6.673%)  route 2.266ns (93.327%))
  Logic Levels:           1  (BUFGCE=1)
  Clock Path Skew:        -0.091ns (DCD - SCD + CPR)
    Destination Clock Delay (DCD):    2.990ns = ( 12.990 - 10.000 ) 
    Source Clock Delay      (SCD):    3.275ns
    Clock Pessimism Removal (CPR):    0.194ns
  Clock Uncertainty:      0.160ns  ((TSJ^2 + DJ^2)^1/2) / 2 + PE
    Total System Jitter     (TSJ):    0.071ns
    Discrete Jitter          (DJ):    0.312ns
    Phase Error              (PE):    0.000ns
  Clock Net Delay (Source):      3.008ns (routing 1.681ns, distribution 1.327ns)
  Clock Net Delay (Destination): 2.774ns (routing 1.538ns, distribution 1.236ns)

    Location             Delay type                Incr(ns)  Path(ns)    Netlist Resource(s)
  -------------------------------------------------------------------    -------------------
                         (clock clk_pl_0 rise edge)
                                                      0.000     0.000 r  
    PS8_X0Y0             PS8                          0.000     0.000 r  gemm_block_i/zynq_ultra_ps_e_0/inst/PS8_i/PLCLK[0]
                         net (fo=1, routed)           0.229     0.229    gemm_block_i/zynq_ultra_ps_e_0/inst/pl_clk_unbuffered[0]
    BUFG_PS_X0Y90        BUFG_PS (Prop_BUFG_PS_I_O)
                                                      0.038     0.267 r  gemm_block_i/zynq_ultra_ps_e_0/inst/buffer_pl_clk_0.PL_CLK_0_BUFG/O
    X1Y1 (CLOCK_ROOT)    net (fo=46269, routed)       3.008     3.275    gemm_block_i/rst_ps8_0_99M/U0/slowest_sync_clk
    SLICE_X24Y94         FDRE                                         r  gemm_block_i/rst_ps8_0_99M/U0/ACTIVE_LOW_PR_OUT_DFF[0].FDRE_PER_N_lopt_replica/C
  -------------------------------------------------------------------    -------------------
    SLICE_X24Y94         FDRE (Prop_EFF2_SLICEM_C_Q)
                                                      0.118     3.393 r  gemm_block_i/rst_ps8_0_99M/U0/ACTIVE_LOW_PR_OUT_DFF[0].FDRE_PER_N_lopt_replica/Q
                         net (fo=1, routed)           0.587     3.980    gemm_block_i/rst_ps8_0_99M/U0/Q_replN
    BUFGCE_X0Y24         BUFGCE (Prop_BUFCE_BUFGCE_I_O)
                                                      0.044     4.024 r  gemm_block_i/rst_ps8_0_99M/U0/peripheral_aresetn[0]_BUFG_inst/O
                         net (fo=34010, routed)       1.679     5.702    gemm_block_i/gemm_accelerator_0/inst/npu_inst/ROW[15].COL[11].u_pe/u_mac/mult_reg/w_reg_reg[7]_0
    SLICE_X35Y181        FDCE                                         f  gemm_block_i/gemm_accelerator_0/inst/npu_inst/ROW[15].COL[11].u_pe/u_mac/mult_reg/x_reg_reg[5]/CLR  (IS_INVERTED)
  -------------------------------------------------------------------    -------------------

                         (clock clk_pl_0 rise edge)
                                                     10.000    10.000 r  
    PS8_X0Y0             PS8                          0.000    10.000 r  gemm_block_i/zynq_ultra_ps_e_0/inst/PS8_i/PLCLK[0]
                         net (fo=1, routed)           0.181    10.181    gemm_block_i/zynq_ultra_ps_e_0/inst/pl_clk_unbuffered[0]
    BUFG_PS_X0Y90        BUFG_PS (Prop_BUFG_PS_I_O)
                                                      0.035    10.216 r  gemm_block_i/zynq_ultra_ps_e_0/inst/buffer_pl_clk_0.PL_CLK_0_BUFG/O
    X1Y1 (CLOCK_ROOT)    net (fo=46269, routed)       2.774    12.990    gemm_block_i/gemm_accelerator_0/inst/npu_inst/ROW[15].COL[11].u_pe/u_mac/mult_reg/aclk
    SLICE_X35Y181        FDCE                                         r  gemm_block_i/gemm_accelerator_0/inst/npu_inst/ROW[15].COL[11].u_pe/u_mac/mult_reg/x_reg_reg[5]/C
                         clock pessimism              0.194    13.184    
                         clock uncertainty           -0.160    13.024    
    SLICE_X35Y181        FDCE (Recov_AFF2_SLICEM_C_CLR)
                                                     -0.093    12.931    gemm_block_i/gemm_accelerator_0/inst/npu_inst/ROW[15].COL[11].u_pe/u_mac/mult_reg/x_reg_reg[5]
  -------------------------------------------------------------------
                         required time                         12.931    
                         arrival time                          -5.702    
  -------------------------------------------------------------------
                         slack                                  7.229    

Slack (MET) :             7.229ns  (required time - arrival time)
  Source:                 gemm_block_i/rst_ps8_0_99M/U0/ACTIVE_LOW_PR_OUT_DFF[0].FDRE_PER_N_lopt_replica/C
                            (rising edge-triggered cell FDRE clocked by clk_pl_0  {rise@0.000ns fall@5.000ns period=10.000ns})
  Destination:            gemm_block_i/gemm_accelerator_0/inst/serializer_inst/fifo_din_reg[23]/CLR
                            (recovery check against rising-edge clock clk_pl_0  {rise@0.000ns fall@5.000ns period=10.000ns})
  Path Group:             **async_default**
  Path Type:              Recovery (Max at Slow Process Corner)
  Requirement:            10.000ns  (clk_pl_0 rise@10.000ns - clk_pl_0 rise@0.000ns)
  Data Path Delay:        2.428ns  (logic 0.162ns (6.673%)  route 2.266ns (93.327%))
  Logic Levels:           1  (BUFGCE=1)
  Clock Path Skew:        -0.091ns (DCD - SCD + CPR)
    Destination Clock Delay (DCD):    2.990ns = ( 12.990 - 10.000 ) 
    Source Clock Delay      (SCD):    3.275ns
    Clock Pessimism Removal (CPR):    0.194ns
  Clock Uncertainty:      0.160ns  ((TSJ^2 + DJ^2)^1/2) / 2 + PE
    Total System Jitter     (TSJ):    0.071ns
    Discrete Jitter          (DJ):    0.312ns
    Phase Error              (PE):    0.000ns
  Clock Net Delay (Source):      3.008ns (routing 1.681ns, distribution 1.327ns)
  Clock Net Delay (Destination): 2.774ns (routing 1.538ns, distribution 1.236ns)

    Location             Delay type                Incr(ns)  Path(ns)    Netlist Resource(s)
  -------------------------------------------------------------------    -------------------
                         (clock clk_pl_0 rise edge)
                                                      0.000     0.000 r  
    PS8_X0Y0             PS8                          0.000     0.000 r  gemm_block_i/zynq_ultra_ps_e_0/inst/PS8_i/PLCLK[0]
                         net (fo=1, routed)           0.229     0.229    gemm_block_i/zynq_ultra_ps_e_0/inst/pl_clk_unbuffered[0]
    BUFG_PS_X0Y90        BUFG_PS (Prop_BUFG_PS_I_O)
                                                      0.038     0.267 r  gemm_block_i/zynq_ultra_ps_e_0/inst/buffer_pl_clk_0.PL_CLK_0_BUFG/O
    X1Y1 (CLOCK_ROOT)    net (fo=46269, routed)       3.008     3.275    gemm_block_i/rst_ps8_0_99M/U0/slowest_sync_clk
    SLICE_X24Y94         FDRE                                         r  gemm_block_i/rst_ps8_0_99M/U0/ACTIVE_LOW_PR_OUT_DFF[0].FDRE_PER_N_lopt_replica/C
  -------------------------------------------------------------------    -------------------
    SLICE_X24Y94         FDRE (Prop_EFF2_SLICEM_C_Q)
                                                      0.118     3.393 r  gemm_block_i/rst_ps8_0_99M/U0/ACTIVE_LOW_PR_OUT_DFF[0].FDRE_PER_N_lopt_replica/Q
                         net (fo=1, routed)           0.587     3.980    gemm_block_i/rst_ps8_0_99M/U0/Q_replN
    BUFGCE_X0Y24         BUFGCE (Prop_BUFCE_BUFGCE_I_O)
                                                      0.044     4.024 r  gemm_block_i/rst_ps8_0_99M/U0/peripheral_aresetn[0]_BUFG_inst/O
                         net (fo=34010, routed)       1.679     5.702    gemm_block_i/gemm_accelerator_0/inst/serializer_inst/fifo_din_reg[31]_0
    SLICE_X35Y182        FDCE                                         f  gemm_block_i/gemm_accelerator_0/inst/serializer_inst/fifo_din_reg[23]/CLR  (IS_INVERTED)
  -------------------------------------------------------------------    -------------------

                         (clock clk_pl_0 rise edge)
                                                     10.000    10.000 r  
    PS8_X0Y0             PS8                          0.000    10.000 r  gemm_block_i/zynq_ultra_ps_e_0/inst/PS8_i/PLCLK[0]
                         net (fo=1, routed)           0.181    10.181    gemm_block_i/zynq_ultra_ps_e_0/inst/pl_clk_unbuffered[0]
    BUFG_PS_X0Y90        BUFG_PS (Prop_BUFG_PS_I_O)
                                                      0.035    10.216 r  gemm_block_i/zynq_ultra_ps_e_0/inst/buffer_pl_clk_0.PL_CLK_0_BUFG/O
    X1Y1 (CLOCK_ROOT)    net (fo=46269, routed)       2.774    12.990    gemm_block_i/gemm_accelerator_0/inst/serializer_inst/aclk
    SLICE_X35Y182        FDCE                                         r  gemm_block_i/gemm_accelerator_0/inst/serializer_inst/fifo_din_reg[23]/C
                         clock pessimism              0.194    13.184    
                         clock uncertainty           -0.160    13.024    
    SLICE_X35Y182        FDCE (Recov_CFF_SLICEM_C_CLR)
                                                     -0.093    12.931    gemm_block_i/gemm_accelerator_0/inst/serializer_inst/fifo_din_reg[23]
  -------------------------------------------------------------------
                         required time                         12.931    
                         arrival time                          -5.702    
  -------------------------------------------------------------------
                         slack                                  7.229    

Slack (MET) :             7.229ns  (required time - arrival time)
  Source:                 gemm_block_i/rst_ps8_0_99M/U0/ACTIVE_LOW_PR_OUT_DFF[0].FDRE_PER_N_lopt_replica/C
                            (rising edge-triggered cell FDRE clocked by clk_pl_0  {rise@0.000ns fall@5.000ns period=10.000ns})
  Destination:            gemm_block_i/gemm_accelerator_0/inst/serializer_inst/holding_reg_reg[251][12]/CLR
                            (recovery check against rising-edge clock clk_pl_0  {rise@0.000ns fall@5.000ns period=10.000ns})
  Path Group:             **async_default**
  Path Type:              Recovery (Max at Slow Process Corner)
  Requirement:            10.000ns  (clk_pl_0 rise@10.000ns - clk_pl_0 rise@0.000ns)
  Data Path Delay:        2.428ns  (logic 0.162ns (6.673%)  route 2.266ns (93.327%))
  Logic Levels:           1  (BUFGCE=1)
  Clock Path Skew:        -0.091ns (DCD - SCD + CPR)
    Destination Clock Delay (DCD):    2.990ns = ( 12.990 - 10.000 ) 
    Source Clock Delay      (SCD):    3.275ns
    Clock Pessimism Removal (CPR):    0.194ns
  Clock Uncertainty:      0.160ns  ((TSJ^2 + DJ^2)^1/2) / 2 + PE
    Total System Jitter     (TSJ):    0.071ns
    Discrete Jitter          (DJ):    0.312ns
    Phase Error              (PE):    0.000ns
  Clock Net Delay (Source):      3.008ns (routing 1.681ns, distribution 1.327ns)
  Clock Net Delay (Destination): 2.774ns (routing 1.538ns, distribution 1.236ns)

    Location             Delay type                Incr(ns)  Path(ns)    Netlist Resource(s)
  -------------------------------------------------------------------    -------------------
                         (clock clk_pl_0 rise edge)
                                                      0.000     0.000 r  
    PS8_X0Y0             PS8                          0.000     0.000 r  gemm_block_i/zynq_ultra_ps_e_0/inst/PS8_i/PLCLK[0]
                         net (fo=1, routed)           0.229     0.229    gemm_block_i/zynq_ultra_ps_e_0/inst/pl_clk_unbuffered[0]
    BUFG_PS_X0Y90        BUFG_PS (Prop_BUFG_PS_I_O)
                                                      0.038     0.267 r  gemm_block_i/zynq_ultra_ps_e_0/inst/buffer_pl_clk_0.PL_CLK_0_BUFG/O
    X1Y1 (CLOCK_ROOT)    net (fo=46269, routed)       3.008     3.275    gemm_block_i/rst_ps8_0_99M/U0/slowest_sync_clk
    SLICE_X24Y94         FDRE                                         r  gemm_block_i/rst_ps8_0_99M/U0/ACTIVE_LOW_PR_OUT_DFF[0].FDRE_PER_N_lopt_replica/C
  -------------------------------------------------------------------    -------------------
    SLICE_X24Y94         FDRE (Prop_EFF2_SLICEM_C_Q)
                                                      0.118     3.393 r  gemm_block_i/rst_ps8_0_99M/U0/ACTIVE_LOW_PR_OUT_DFF[0].FDRE_PER_N_lopt_replica/Q
                         net (fo=1, routed)           0.587     3.980    gemm_block_i/rst_ps8_0_99M/U0/Q_replN
    BUFGCE_X0Y24         BUFGCE (Prop_BUFCE_BUFGCE_I_O)
                                                      0.044     4.024 r  gemm_block_i/rst_ps8_0_99M/U0/peripheral_aresetn[0]_BUFG_inst/O
                         net (fo=34010, routed)       1.679     5.702    gemm_block_i/gemm_accelerator_0/inst/serializer_inst/fifo_din_reg[31]_0
    SLICE_X35Y181        FDCE                                         f  gemm_block_i/gemm_accelerator_0/inst/serializer_inst/holding_reg_reg[251][12]/CLR  (IS_INVERTED)
  -------------------------------------------------------------------    -------------------

                         (clock clk_pl_0 rise edge)
                                                     10.000    10.000 r  
    PS8_X0Y0             PS8                          0.000    10.000 r  gemm_block_i/zynq_ultra_ps_e_0/inst/PS8_i/PLCLK[0]
                         net (fo=1, routed)           0.181    10.181    gemm_block_i/zynq_ultra_ps_e_0/inst/pl_clk_unbuffered[0]
    BUFG_PS_X0Y90        BUFG_PS (Prop_BUFG_PS_I_O)
                                                      0.035    10.216 r  gemm_block_i/zynq_ultra_ps_e_0/inst/buffer_pl_clk_0.PL_CLK_0_BUFG/O
    X1Y1 (CLOCK_ROOT)    net (fo=46269, routed)       2.774    12.990    gemm_block_i/gemm_accelerator_0/inst/serializer_inst/aclk
    SLICE_X35Y181        FDCE                                         r  gemm_block_i/gemm_accelerator_0/inst/serializer_inst/holding_reg_reg[251][12]/C
                         clock pessimism              0.194    13.184    
                         clock uncertainty           -0.160    13.024    
    SLICE_X35Y181        FDCE (Recov_DFF_SLICEM_C_CLR)
                                                     -0.093    12.931    gemm_block_i/gemm_accelerator_0/inst/serializer_inst/holding_reg_reg[251][12]
  -------------------------------------------------------------------
                         required time                         12.931    
                         arrival time                          -5.702    
  -------------------------------------------------------------------
                         slack                                  7.229    

Slack (MET) :             7.229ns  (required time - arrival time)
  Source:                 gemm_block_i/rst_ps8_0_99M/U0/ACTIVE_LOW_PR_OUT_DFF[0].FDRE_PER_N_lopt_replica/C
                            (rising edge-triggered cell FDRE clocked by clk_pl_0  {rise@0.000ns fall@5.000ns period=10.000ns})
  Destination:            gemm_block_i/gemm_accelerator_0/inst/serializer_inst/holding_reg_reg[251][15]/CLR
                            (recovery check against rising-edge clock clk_pl_0  {rise@0.000ns fall@5.000ns period=10.000ns})
  Path Group:             **async_default**
  Path Type:              Recovery (Max at Slow Process Corner)
  Requirement:            10.000ns  (clk_pl_0 rise@10.000ns - clk_pl_0 rise@0.000ns)
  Data Path Delay:        2.428ns  (logic 0.162ns (6.673%)  route 2.266ns (93.327%))
  Logic Levels:           1  (BUFGCE=1)
  Clock Path Skew:        -0.091ns (DCD - SCD + CPR)
    Destination Clock Delay (DCD):    2.990ns = ( 12.990 - 10.000 ) 
    Source Clock Delay      (SCD):    3.275ns
    Clock Pessimism Removal (CPR):    0.194ns
  Clock Uncertainty:      0.160ns  ((TSJ^2 + DJ^2)^1/2) / 2 + PE
    Total System Jitter     (TSJ):    0.071ns
    Discrete Jitter          (DJ):    0.312ns
    Phase Error              (PE):    0.000ns
  Clock Net Delay (Source):      3.008ns (routing 1.681ns, distribution 1.327ns)
  Clock Net Delay (Destination): 2.774ns (routing 1.538ns, distribution 1.236ns)

    Location             Delay type                Incr(ns)  Path(ns)    Netlist Resource(s)
  -------------------------------------------------------------------    -------------------
                         (clock clk_pl_0 rise edge)
                                                      0.000     0.000 r  
    PS8_X0Y0             PS8                          0.000     0.000 r  gemm_block_i/zynq_ultra_ps_e_0/inst/PS8_i/PLCLK[0]
                         net (fo=1, routed)           0.229     0.229    gemm_block_i/zynq_ultra_ps_e_0/inst/pl_clk_unbuffered[0]
    BUFG_PS_X0Y90        BUFG_PS (Prop_BUFG_PS_I_O)
                                                      0.038     0.267 r  gemm_block_i/zynq_ultra_ps_e_0/inst/buffer_pl_clk_0.PL_CLK_0_BUFG/O
    X1Y1 (CLOCK_ROOT)    net (fo=46269, routed)       3.008     3.275    gemm_block_i/rst_ps8_0_99M/U0/slowest_sync_clk
    SLICE_X24Y94         FDRE                                         r  gemm_block_i/rst_ps8_0_99M/U0/ACTIVE_LOW_PR_OUT_DFF[0].FDRE_PER_N_lopt_replica/C
  -------------------------------------------------------------------    -------------------
    SLICE_X24Y94         FDRE (Prop_EFF2_SLICEM_C_Q)
                                                      0.118     3.393 r  gemm_block_i/rst_ps8_0_99M/U0/ACTIVE_LOW_PR_OUT_DFF[0].FDRE_PER_N_lopt_replica/Q
                         net (fo=1, routed)           0.587     3.980    gemm_block_i/rst_ps8_0_99M/U0/Q_replN
    BUFGCE_X0Y24         BUFGCE (Prop_BUFCE_BUFGCE_I_O)
                                                      0.044     4.024 r  gemm_block_i/rst_ps8_0_99M/U0/peripheral_aresetn[0]_BUFG_inst/O
                         net (fo=34010, routed)       1.679     5.702    gemm_block_i/gemm_accelerator_0/inst/serializer_inst/fifo_din_reg[31]_0
    SLICE_X35Y181        FDCE                                         f  gemm_block_i/gemm_accelerator_0/inst/serializer_inst/holding_reg_reg[251][15]/CLR  (IS_INVERTED)
  -------------------------------------------------------------------    -------------------

                         (clock clk_pl_0 rise edge)
                                                     10.000    10.000 r  
    PS8_X0Y0             PS8                          0.000    10.000 r  gemm_block_i/zynq_ultra_ps_e_0/inst/PS8_i/PLCLK[0]
                         net (fo=1, routed)           0.181    10.181    gemm_block_i/zynq_ultra_ps_e_0/inst/pl_clk_unbuffered[0]
    BUFG_PS_X0Y90        BUFG_PS (Prop_BUFG_PS_I_O)
                                                      0.035    10.216 r  gemm_block_i/zynq_ultra_ps_e_0/inst/buffer_pl_clk_0.PL_CLK_0_BUFG/O
    X1Y1 (CLOCK_ROOT)    net (fo=46269, routed)       2.774    12.990    gemm_block_i/gemm_accelerator_0/inst/serializer_inst/aclk
    SLICE_X35Y181        FDCE                                         r  gemm_block_i/gemm_accelerator_0/inst/serializer_inst/holding_reg_reg[251][15]/C
                         clock pessimism              0.194    13.184    
                         clock uncertainty           -0.160    13.024    
    SLICE_X35Y181        FDCE (Recov_CFF_SLICEM_C_CLR)
                                                     -0.093    12.931    gemm_block_i/gemm_accelerator_0/inst/serializer_inst/holding_reg_reg[251][15]
  -------------------------------------------------------------------
                         required time                         12.931    
                         arrival time                          -5.702    
  -------------------------------------------------------------------
                         slack                                  7.229    

Slack (MET) :             7.229ns  (required time - arrival time)
  Source:                 gemm_block_i/rst_ps8_0_99M/U0/ACTIVE_LOW_PR_OUT_DFF[0].FDRE_PER_N_lopt_replica/C
                            (rising edge-triggered cell FDRE clocked by clk_pl_0  {rise@0.000ns fall@5.000ns period=10.000ns})
  Destination:            gemm_block_i/gemm_accelerator_0/inst/serializer_inst/holding_reg_reg[251][5]/CLR
                            (recovery check against rising-edge clock clk_pl_0  {rise@0.000ns fall@5.000ns period=10.000ns})
  Path Group:             **async_default**
  Path Type:              Recovery (Max at Slow Process Corner)
  Requirement:            10.000ns  (clk_pl_0 rise@10.000ns - clk_pl_0 rise@0.000ns)
  Data Path Delay:        2.428ns  (logic 0.162ns (6.673%)  route 2.266ns (93.327%))
  Logic Levels:           1  (BUFGCE=1)
  Clock Path Skew:        -0.091ns (DCD - SCD + CPR)
    Destination Clock Delay (DCD):    2.990ns = ( 12.990 - 10.000 ) 
    Source Clock Delay      (SCD):    3.275ns
    Clock Pessimism Removal (CPR):    0.194ns
  Clock Uncertainty:      0.160ns  ((TSJ^2 + DJ^2)^1/2) / 2 + PE
    Total System Jitter     (TSJ):    0.071ns
    Discrete Jitter          (DJ):    0.312ns
    Phase Error              (PE):    0.000ns
  Clock Net Delay (Source):      3.008ns (routing 1.681ns, distribution 1.327ns)
  Clock Net Delay (Destination): 2.774ns (routing 1.538ns, distribution 1.236ns)

    Location             Delay type                Incr(ns)  Path(ns)    Netlist Resource(s)
  -------------------------------------------------------------------    -------------------
                         (clock clk_pl_0 rise edge)
                                                      0.000     0.000 r  
    PS8_X0Y0             PS8                          0.000     0.000 r  gemm_block_i/zynq_ultra_ps_e_0/inst/PS8_i/PLCLK[0]
                         net (fo=1, routed)           0.229     0.229    gemm_block_i/zynq_ultra_ps_e_0/inst/pl_clk_unbuffered[0]
    BUFG_PS_X0Y90        BUFG_PS (Prop_BUFG_PS_I_O)
                                                      0.038     0.267 r  gemm_block_i/zynq_ultra_ps_e_0/inst/buffer_pl_clk_0.PL_CLK_0_BUFG/O
    X1Y1 (CLOCK_ROOT)    net (fo=46269, routed)       3.008     3.275    gemm_block_i/rst_ps8_0_99M/U0/slowest_sync_clk
    SLICE_X24Y94         FDRE                                         r  gemm_block_i/rst_ps8_0_99M/U0/ACTIVE_LOW_PR_OUT_DFF[0].FDRE_PER_N_lopt_replica/C
  -------------------------------------------------------------------    -------------------
    SLICE_X24Y94         FDRE (Prop_EFF2_SLICEM_C_Q)
                                                      0.118     3.393 r  gemm_block_i/rst_ps8_0_99M/U0/ACTIVE_LOW_PR_OUT_DFF[0].FDRE_PER_N_lopt_replica/Q
                         net (fo=1, routed)           0.587     3.980    gemm_block_i/rst_ps8_0_99M/U0/Q_replN
    BUFGCE_X0Y24         BUFGCE (Prop_BUFCE_BUFGCE_I_O)
                                                      0.044     4.024 r  gemm_block_i/rst_ps8_0_99M/U0/peripheral_aresetn[0]_BUFG_inst/O
                         net (fo=34010, routed)       1.679     5.702    gemm_block_i/gemm_accelerator_0/inst/serializer_inst/fifo_din_reg[31]_0
    SLICE_X35Y181        FDCE                                         f  gemm_block_i/gemm_accelerator_0/inst/serializer_inst/holding_reg_reg[251][5]/CLR  (IS_INVERTED)
  -------------------------------------------------------------------    -------------------

                         (clock clk_pl_0 rise edge)
                                                     10.000    10.000 r  
    PS8_X0Y0             PS8                          0.000    10.000 r  gemm_block_i/zynq_ultra_ps_e_0/inst/PS8_i/PLCLK[0]
                         net (fo=1, routed)           0.181    10.181    gemm_block_i/zynq_ultra_ps_e_0/inst/pl_clk_unbuffered[0]
    BUFG_PS_X0Y90        BUFG_PS (Prop_BUFG_PS_I_O)
                                                      0.035    10.216 r  gemm_block_i/zynq_ultra_ps_e_0/inst/buffer_pl_clk_0.PL_CLK_0_BUFG/O
    X1Y1 (CLOCK_ROOT)    net (fo=46269, routed)       2.774    12.990    gemm_block_i/gemm_accelerator_0/inst/serializer_inst/aclk
    SLICE_X35Y181        FDCE                                         r  gemm_block_i/gemm_accelerator_0/inst/serializer_inst/holding_reg_reg[251][5]/C
                         clock pessimism              0.194    13.184    
                         clock uncertainty           -0.160    13.024    
    SLICE_X35Y181        FDCE (Recov_BFF_SLICEM_C_CLR)
                                                     -0.093    12.931    gemm_block_i/gemm_accelerator_0/inst/serializer_inst/holding_reg_reg[251][5]
  -------------------------------------------------------------------
                         required time                         12.931    
                         arrival time                          -5.702    
  -------------------------------------------------------------------
                         slack                                  7.229    

Slack (MET) :             7.229ns  (required time - arrival time)
  Source:                 gemm_block_i/rst_ps8_0_99M/U0/ACTIVE_LOW_PR_OUT_DFF[0].FDRE_PER_N_lopt_replica/C
                            (rising edge-triggered cell FDRE clocked by clk_pl_0  {rise@0.000ns fall@5.000ns period=10.000ns})
  Destination:            gemm_block_i/gemm_accelerator_0/inst/npu_inst/ROW[12].COL[9].u_pe/u_mac/acc_reg/psum_out_reg[16]/CLR
                            (recovery check against rising-edge clock clk_pl_0  {rise@0.000ns fall@5.000ns period=10.000ns})
  Path Group:             **async_default**
  Path Type:              Recovery (Max at Slow Process Corner)
  Requirement:            10.000ns  (clk_pl_0 rise@10.000ns - clk_pl_0 rise@0.000ns)
  Data Path Delay:        2.423ns  (logic 0.162ns (6.687%)  route 2.261ns (93.313%))
  Logic Levels:           1  (BUFGCE=1)
  Clock Path Skew:        -0.096ns (DCD - SCD + CPR)
    Destination Clock Delay (DCD):    2.985ns = ( 12.985 - 10.000 ) 
    Source Clock Delay      (SCD):    3.275ns
    Clock Pessimism Removal (CPR):    0.194ns
  Clock Uncertainty:      0.160ns  ((TSJ^2 + DJ^2)^1/2) / 2 + PE
    Total System Jitter     (TSJ):    0.071ns
    Discrete Jitter          (DJ):    0.312ns
    Phase Error              (PE):    0.000ns
  Clock Net Delay (Source):      3.008ns (routing 1.681ns, distribution 1.327ns)
  Clock Net Delay (Destination): 2.769ns (routing 1.538ns, distribution 1.231ns)

    Location             Delay type                Incr(ns)  Path(ns)    Netlist Resource(s)
  -------------------------------------------------------------------    -------------------
                         (clock clk_pl_0 rise edge)
                                                      0.000     0.000 r  
    PS8_X0Y0             PS8                          0.000     0.000 r  gemm_block_i/zynq_ultra_ps_e_0/inst/PS8_i/PLCLK[0]
                         net (fo=1, routed)           0.229     0.229    gemm_block_i/zynq_ultra_ps_e_0/inst/pl_clk_unbuffered[0]
    BUFG_PS_X0Y90        BUFG_PS (Prop_BUFG_PS_I_O)
                                                      0.038     0.267 r  gemm_block_i/zynq_ultra_ps_e_0/inst/buffer_pl_clk_0.PL_CLK_0_BUFG/O
    X1Y1 (CLOCK_ROOT)    net (fo=46269, routed)       3.008     3.275    gemm_block_i/rst_ps8_0_99M/U0/slowest_sync_clk
    SLICE_X24Y94         FDRE                                         r  gemm_block_i/rst_ps8_0_99M/U0/ACTIVE_LOW_PR_OUT_DFF[0].FDRE_PER_N_lopt_replica/C
  -------------------------------------------------------------------    -------------------
    SLICE_X24Y94         FDRE (Prop_EFF2_SLICEM_C_Q)
                                                      0.118     3.393 r  gemm_block_i/rst_ps8_0_99M/U0/ACTIVE_LOW_PR_OUT_DFF[0].FDRE_PER_N_lopt_replica/Q
                         net (fo=1, routed)           0.587     3.980    gemm_block_i/rst_ps8_0_99M/U0/Q_replN
    BUFGCE_X0Y24         BUFGCE (Prop_BUFCE_BUFGCE_I_O)
                                                      0.044     4.024 r  gemm_block_i/rst_ps8_0_99M/U0/peripheral_aresetn[0]_BUFG_inst/O
                         net (fo=34010, routed)       1.674     5.697    gemm_block_i/gemm_accelerator_0/inst/npu_inst/ROW[12].COL[9].u_pe/u_mac/acc_reg/valid_out_reg_0
    SLICE_X35Y237        FDCE                                         f  gemm_block_i/gemm_accelerator_0/inst/npu_inst/ROW[12].COL[9].u_pe/u_mac/acc_reg/psum_out_reg[16]/CLR  (IS_INVERTED)
  -------------------------------------------------------------------    -------------------

                         (clock clk_pl_0 rise edge)
                                                     10.000    10.000 r  
    PS8_X0Y0             PS8                          0.000    10.000 r  gemm_block_i/zynq_ultra_ps_e_0/inst/PS8_i/PLCLK[0]
                         net (fo=1, routed)           0.181    10.181    gemm_block_i/zynq_ultra_ps_e_0/inst/pl_clk_unbuffered[0]
    BUFG_PS_X0Y90        BUFG_PS (Prop_BUFG_PS_I_O)
                                                      0.035    10.216 r  gemm_block_i/zynq_ultra_ps_e_0/inst/buffer_pl_clk_0.PL_CLK_0_BUFG/O
    X1Y1 (CLOCK_ROOT)    net (fo=46269, routed)       2.769    12.985    gemm_block_i/gemm_accelerator_0/inst/npu_inst/ROW[12].COL[9].u_pe/u_mac/acc_reg/aclk
    SLICE_X35Y237        FDCE                                         r  gemm_block_i/gemm_accelerator_0/inst/npu_inst/ROW[12].COL[9].u_pe/u_mac/acc_reg/psum_out_reg[16]/C
                         clock pessimism              0.194    13.179    
                         clock uncertainty           -0.160    13.019    
    SLICE_X35Y237        FDCE (Recov_AFF_SLICEM_C_CLR)
                                                     -0.093    12.926    gemm_block_i/gemm_accelerator_0/inst/npu_inst/ROW[12].COL[9].u_pe/u_mac/acc_reg/psum_out_reg[16]
  -------------------------------------------------------------------
                         required time                         12.926    
                         arrival time                          -5.697    
  -------------------------------------------------------------------
                         slack                                  7.229    

Slack (MET) :             7.229ns  (required time - arrival time)
  Source:                 gemm_block_i/rst_ps8_0_99M/U0/ACTIVE_LOW_PR_OUT_DFF[0].FDRE_PER_N_lopt_replica/C
                            (rising edge-triggered cell FDRE clocked by clk_pl_0  {rise@0.000ns fall@5.000ns period=10.000ns})
  Destination:            gemm_block_i/gemm_accelerator_0/inst/npu_inst/ROW[12].COL[9].u_pe/u_mac/acc_reg/psum_out_reg[17]/CLR
                            (recovery check against rising-edge clock clk_pl_0  {rise@0.000ns fall@5.000ns period=10.000ns})
  Path Group:             **async_default**
  Path Type:              Recovery (Max at Slow Process Corner)
  Requirement:            10.000ns  (clk_pl_0 rise@10.000ns - clk_pl_0 rise@0.000ns)
  Data Path Delay:        2.423ns  (logic 0.162ns (6.687%)  route 2.261ns (93.313%))
  Logic Levels:           1  (BUFGCE=1)
  Clock Path Skew:        -0.096ns (DCD - SCD + CPR)
    Destination Clock Delay (DCD):    2.985ns = ( 12.985 - 10.000 ) 
    Source Clock Delay      (SCD):    3.275ns
    Clock Pessimism Removal (CPR):    0.194ns
  Clock Uncertainty:      0.160ns  ((TSJ^2 + DJ^2)^1/2) / 2 + PE
    Total System Jitter     (TSJ):    0.071ns
    Discrete Jitter          (DJ):    0.312ns
    Phase Error              (PE):    0.000ns
  Clock Net Delay (Source):      3.008ns (routing 1.681ns, distribution 1.327ns)
  Clock Net Delay (Destination): 2.769ns (routing 1.538ns, distribution 1.231ns)

    Location             Delay type                Incr(ns)  Path(ns)    Netlist Resource(s)
  -------------------------------------------------------------------    -------------------
                         (clock clk_pl_0 rise edge)
                                                      0.000     0.000 r  
    PS8_X0Y0             PS8                          0.000     0.000 r  gemm_block_i/zynq_ultra_ps_e_0/inst/PS8_i/PLCLK[0]
                         net (fo=1, routed)           0.229     0.229    gemm_block_i/zynq_ultra_ps_e_0/inst/pl_clk_unbuffered[0]
    BUFG_PS_X0Y90        BUFG_PS (Prop_BUFG_PS_I_O)
                                                      0.038     0.267 r  gemm_block_i/zynq_ultra_ps_e_0/inst/buffer_pl_clk_0.PL_CLK_0_BUFG/O
    X1Y1 (CLOCK_ROOT)    net (fo=46269, routed)       3.008     3.275    gemm_block_i/rst_ps8_0_99M/U0/slowest_sync_clk
    SLICE_X24Y94         FDRE                                         r  gemm_block_i/rst_ps8_0_99M/U0/ACTIVE_LOW_PR_OUT_DFF[0].FDRE_PER_N_lopt_replica/C
  -------------------------------------------------------------------    -------------------
    SLICE_X24Y94         FDRE (Prop_EFF2_SLICEM_C_Q)
                                                      0.118     3.393 r  gemm_block_i/rst_ps8_0_99M/U0/ACTIVE_LOW_PR_OUT_DFF[0].FDRE_PER_N_lopt_replica/Q
                         net (fo=1, routed)           0.587     3.980    gemm_block_i/rst_ps8_0_99M/U0/Q_replN
    BUFGCE_X0Y24         BUFGCE (Prop_BUFCE_BUFGCE_I_O)
                                                      0.044     4.024 r  gemm_block_i/rst_ps8_0_99M/U0/peripheral_aresetn[0]_BUFG_inst/O
                         net (fo=34010, routed)       1.674     5.697    gemm_block_i/gemm_accelerator_0/inst/npu_inst/ROW[12].COL[9].u_pe/u_mac/acc_reg/valid_out_reg_0
    SLICE_X35Y237        FDCE                                         f  gemm_block_i/gemm_accelerator_0/inst/npu_inst/ROW[12].COL[9].u_pe/u_mac/acc_reg/psum_out_reg[17]/CLR  (IS_INVERTED)
  -------------------------------------------------------------------    -------------------

                         (clock clk_pl_0 rise edge)
                                                     10.000    10.000 r  
    PS8_X0Y0             PS8                          0.000    10.000 r  gemm_block_i/zynq_ultra_ps_e_0/inst/PS8_i/PLCLK[0]
                         net (fo=1, routed)           0.181    10.181    gemm_block_i/zynq_ultra_ps_e_0/inst/pl_clk_unbuffered[0]
    BUFG_PS_X0Y90        BUFG_PS (Prop_BUFG_PS_I_O)
                                                      0.035    10.216 r  gemm_block_i/zynq_ultra_ps_e_0/inst/buffer_pl_clk_0.PL_CLK_0_BUFG/O
    X1Y1 (CLOCK_ROOT)    net (fo=46269, routed)       2.769    12.985    gemm_block_i/gemm_accelerator_0/inst/npu_inst/ROW[12].COL[9].u_pe/u_mac/acc_reg/aclk
    SLICE_X35Y237        FDCE                                         r  gemm_block_i/gemm_accelerator_0/inst/npu_inst/ROW[12].COL[9].u_pe/u_mac/acc_reg/psum_out_reg[17]/C
                         clock pessimism              0.194    13.179    
                         clock uncertainty           -0.160    13.019    
    SLICE_X35Y237        FDCE (Recov_BFF_SLICEM_C_CLR)
                                                     -0.093    12.926    gemm_block_i/gemm_accelerator_0/inst/npu_inst/ROW[12].COL[9].u_pe/u_mac/acc_reg/psum_out_reg[17]
  -------------------------------------------------------------------
                         required time                         12.926    
                         arrival time                          -5.697    
  -------------------------------------------------------------------
                         slack                                  7.229    





Min Delay Paths
--------------------------------------------------------------------------------------
Slack (MET) :             1.023ns  (arrival time - required time)
  Source:                 gemm_block_i/rst_ps8_0_99M/U0/ACTIVE_LOW_PR_OUT_DFF[0].FDRE_PER_N_lopt_replica/C
                            (rising edge-triggered cell FDRE clocked by clk_pl_0  {rise@0.000ns fall@5.000ns period=10.000ns})
  Destination:            gemm_block_i/gemm_accelerator_0/inst/npu_inst/ROW[6].COL[12].u_pe/u_mac/mult_reg/x_reg_reg[6]/CLR
                            (removal check against rising-edge clock clk_pl_0  {rise@0.000ns fall@5.000ns period=10.000ns})
  Path Group:             **async_default**
  Path Type:              Removal (Min at Fast Process Corner)
  Requirement:            0.000ns  (clk_pl_0 rise@0.000ns - clk_pl_0 rise@0.000ns)
  Data Path Delay:        1.233ns  (logic 0.107ns (8.681%)  route 1.126ns (91.319%))
  Logic Levels:           1  (BUFGCE=1)
  Clock Path Skew:        0.227ns (DCD - SCD - CPR)
    Destination Clock Delay (DCD):    2.161ns
    Source Clock Delay      (SCD):    1.805ns
    Clock Pessimism Removal (CPR):    0.129ns
  Clock Net Delay (Source):      1.654ns (routing 0.940ns, distribution 0.714ns)
  Clock Net Delay (Destination): 1.974ns (routing 1.033ns, distribution 0.941ns)

    Location             Delay type                Incr(ns)  Path(ns)    Netlist Resource(s)
  -------------------------------------------------------------------    -------------------
                         (clock clk_pl_0 rise edge)
                                                      0.000     0.000 r  
    PS8_X0Y0             PS8                          0.000     0.000 r  gemm_block_i/zynq_ultra_ps_e_0/inst/PS8_i/PLCLK[0]
                         net (fo=1, routed)           0.129     0.129    gemm_block_i/zynq_ultra_ps_e_0/inst/pl_clk_unbuffered[0]
    BUFG_PS_X0Y90        BUFG_PS (Prop_BUFG_PS_I_O)
                                                      0.022     0.151 r  gemm_block_i/zynq_ultra_ps_e_0/inst/buffer_pl_clk_0.PL_CLK_0_BUFG/O
    X1Y1 (CLOCK_ROOT)    net (fo=46269, routed)       1.654     1.805    gemm_block_i/rst_ps8_0_99M/U0/slowest_sync_clk
    SLICE_X24Y94         FDRE                                         r  gemm_block_i/rst_ps8_0_99M/U0/ACTIVE_LOW_PR_OUT_DFF[0].FDRE_PER_N_lopt_replica/C
  -------------------------------------------------------------------    -------------------
    SLICE_X24Y94         FDRE (Prop_EFF2_SLICEM_C_Q)
                                                      0.084     1.889 r  gemm_block_i/rst_ps8_0_99M/U0/ACTIVE_LOW_PR_OUT_DFF[0].FDRE_PER_N_lopt_replica/Q
                         net (fo=1, routed)           0.269     2.158    gemm_block_i/rst_ps8_0_99M/U0/Q_replN
    BUFGCE_X0Y24         BUFGCE (Prop_BUFCE_BUFGCE_I_O)
                                                      0.023     2.181 r  gemm_block_i/rst_ps8_0_99M/U0/peripheral_aresetn[0]_BUFG_inst/O
                         net (fo=34010, routed)       0.857     3.037    gemm_block_i/gemm_accelerator_0/inst/npu_inst/ROW[6].COL[12].u_pe/u_mac/mult_reg/mul_out_reg[0]_0
    SLICE_X19Y178        FDCE                                         f  gemm_block_i/gemm_accelerator_0/inst/npu_inst/ROW[6].COL[12].u_pe/u_mac/mult_reg/x_reg_reg[6]/CLR  (IS_INVERTED)
  -------------------------------------------------------------------    -------------------

                         (clock clk_pl_0 rise edge)
                                                      0.000     0.000 r  
    PS8_X0Y0             PS8                          0.000     0.000 r  gemm_block_i/zynq_ultra_ps_e_0/inst/PS8_i/PLCLK[0]
                         net (fo=1, routed)           0.164     0.164    gemm_block_i/zynq_ultra_ps_e_0/inst/pl_clk_unbuffered[0]
    BUFG_PS_X0Y90        BUFG_PS (Prop_BUFG_PS_I_O)
                                                      0.023     0.187 r  gemm_block_i/zynq_ultra_ps_e_0/inst/buffer_pl_clk_0.PL_CLK_0_BUFG/O
    X1Y1 (CLOCK_ROOT)    net (fo=46269, routed)       1.974     2.161    gemm_block_i/gemm_accelerator_0/inst/npu_inst/ROW[6].COL[12].u_pe/u_mac/mult_reg/aclk
    SLICE_X19Y178        FDCE                                         r  gemm_block_i/gemm_accelerator_0/inst/npu_inst/ROW[6].COL[12].u_pe/u_mac/mult_reg/x_reg_reg[6]/C
                         clock pessimism             -0.129     2.032    
    SLICE_X19Y178        FDCE (Remov_HFF2_SLICEL_C_CLR)
                                                     -0.018     2.014    gemm_block_i/gemm_accelerator_0/inst/npu_inst/ROW[6].COL[12].u_pe/u_mac/mult_reg/x_reg_reg[6]
  -------------------------------------------------------------------
                         required time                         -2.014    
                         arrival time                           3.037    
  -------------------------------------------------------------------
                         slack                                  1.023    

Slack (MET) :             1.023ns  (arrival time - required time)
  Source:                 gemm_block_i/rst_ps8_0_99M/U0/ACTIVE_LOW_PR_OUT_DFF[0].FDRE_PER_N_lopt_replica/C
                            (rising edge-triggered cell FDRE clocked by clk_pl_0  {rise@0.000ns fall@5.000ns period=10.000ns})
  Destination:            gemm_block_i/gemm_accelerator_0/inst/npu_inst/ROW[6].COL[12].u_pe/u_mac/mult_reg/x_reg_reg[7]/CLR
                            (removal check against rising-edge clock clk_pl_0  {rise@0.000ns fall@5.000ns period=10.000ns})
  Path Group:             **async_default**
  Path Type:              Removal (Min at Fast Process Corner)
  Requirement:            0.000ns  (clk_pl_0 rise@0.000ns - clk_pl_0 rise@0.000ns)
  Data Path Delay:        1.233ns  (logic 0.107ns (8.681%)  route 1.126ns (91.319%))
  Logic Levels:           1  (BUFGCE=1)
  Clock Path Skew:        0.227ns (DCD - SCD - CPR)
    Destination Clock Delay (DCD):    2.161ns
    Source Clock Delay      (SCD):    1.805ns
    Clock Pessimism Removal (CPR):    0.129ns
  Clock Net Delay (Source):      1.654ns (routing 0.940ns, distribution 0.714ns)
  Clock Net Delay (Destination): 1.974ns (routing 1.033ns, distribution 0.941ns)

    Location             Delay type                Incr(ns)  Path(ns)    Netlist Resource(s)
  -------------------------------------------------------------------    -------------------
                         (clock clk_pl_0 rise edge)
                                                      0.000     0.000 r  
    PS8_X0Y0             PS8                          0.000     0.000 r  gemm_block_i/zynq_ultra_ps_e_0/inst/PS8_i/PLCLK[0]
                         net (fo=1, routed)           0.129     0.129    gemm_block_i/zynq_ultra_ps_e_0/inst/pl_clk_unbuffered[0]
    BUFG_PS_X0Y90        BUFG_PS (Prop_BUFG_PS_I_O)
                                                      0.022     0.151 r  gemm_block_i/zynq_ultra_ps_e_0/inst/buffer_pl_clk_0.PL_CLK_0_BUFG/O
    X1Y1 (CLOCK_ROOT)    net (fo=46269, routed)       1.654     1.805    gemm_block_i/rst_ps8_0_99M/U0/slowest_sync_clk
    SLICE_X24Y94         FDRE                                         r  gemm_block_i/rst_ps8_0_99M/U0/ACTIVE_LOW_PR_OUT_DFF[0].FDRE_PER_N_lopt_replica/C
  -------------------------------------------------------------------    -------------------
    SLICE_X24Y94         FDRE (Prop_EFF2_SLICEM_C_Q)
                                                      0.084     1.889 r  gemm_block_i/rst_ps8_0_99M/U0/ACTIVE_LOW_PR_OUT_DFF[0].FDRE_PER_N_lopt_replica/Q
                         net (fo=1, routed)           0.269     2.158    gemm_block_i/rst_ps8_0_99M/U0/Q_replN
    BUFGCE_X0Y24         BUFGCE (Prop_BUFCE_BUFGCE_I_O)
                                                      0.023     2.181 r  gemm_block_i/rst_ps8_0_99M/U0/peripheral_aresetn[0]_BUFG_inst/O
                         net (fo=34010, routed)       0.857     3.037    gemm_block_i/gemm_accelerator_0/inst/npu_inst/ROW[6].COL[12].u_pe/u_mac/mult_reg/mul_out_reg[0]_0
    SLICE_X19Y178        FDCE                                         f  gemm_block_i/gemm_accelerator_0/inst/npu_inst/ROW[6].COL[12].u_pe/u_mac/mult_reg/x_reg_reg[7]/CLR  (IS_INVERTED)
  -------------------------------------------------------------------    -------------------

                         (clock clk_pl_0 rise edge)
                                                      0.000     0.000 r  
    PS8_X0Y0             PS8                          0.000     0.000 r  gemm_block_i/zynq_ultra_ps_e_0/inst/PS8_i/PLCLK[0]
                         net (fo=1, routed)           0.164     0.164    gemm_block_i/zynq_ultra_ps_e_0/inst/pl_clk_unbuffered[0]
    BUFG_PS_X0Y90        BUFG_PS (Prop_BUFG_PS_I_O)
                                                      0.023     0.187 r  gemm_block_i/zynq_ultra_ps_e_0/inst/buffer_pl_clk_0.PL_CLK_0_BUFG/O
    X1Y1 (CLOCK_ROOT)    net (fo=46269, routed)       1.974     2.161    gemm_block_i/gemm_accelerator_0/inst/npu_inst/ROW[6].COL[12].u_pe/u_mac/mult_reg/aclk
    SLICE_X19Y178        FDCE                                         r  gemm_block_i/gemm_accelerator_0/inst/npu_inst/ROW[6].COL[12].u_pe/u_mac/mult_reg/x_reg_reg[7]/C
                         clock pessimism             -0.129     2.032    
    SLICE_X19Y178        FDCE (Remov_GFF2_SLICEL_C_CLR)
                                                     -0.018     2.014    gemm_block_i/gemm_accelerator_0/inst/npu_inst/ROW[6].COL[12].u_pe/u_mac/mult_reg/x_reg_reg[7]
  -------------------------------------------------------------------
                         required time                         -2.014    
                         arrival time                           3.037    
  -------------------------------------------------------------------
                         slack                                  1.023    

Slack (MET) :             1.023ns  (arrival time - required time)
  Source:                 gemm_block_i/rst_ps8_0_99M/U0/ACTIVE_LOW_PR_OUT_DFF[0].FDRE_PER_N_lopt_replica/C
                            (rising edge-triggered cell FDRE clocked by clk_pl_0  {rise@0.000ns fall@5.000ns period=10.000ns})
  Destination:            gemm_block_i/gemm_accelerator_0/inst/npu_inst/ROW[6].COL[1].u_pe/u_mac/acc_reg/valid_out_reg/CLR
                            (removal check against rising-edge clock clk_pl_0  {rise@0.000ns fall@5.000ns period=10.000ns})
  Path Group:             **async_default**
  Path Type:              Removal (Min at Fast Process Corner)
  Requirement:            0.000ns  (clk_pl_0 rise@0.000ns - clk_pl_0 rise@0.000ns)
  Data Path Delay:        1.233ns  (logic 0.107ns (8.681%)  route 1.126ns (91.319%))
  Logic Levels:           1  (BUFGCE=1)
  Clock Path Skew:        0.227ns (DCD - SCD - CPR)
    Destination Clock Delay (DCD):    2.161ns
    Source Clock Delay      (SCD):    1.805ns
    Clock Pessimism Removal (CPR):    0.129ns
  Clock Net Delay (Source):      1.654ns (routing 0.940ns, distribution 0.714ns)
  Clock Net Delay (Destination): 1.974ns (routing 1.033ns, distribution 0.941ns)

    Location             Delay type                Incr(ns)  Path(ns)    Netlist Resource(s)
  -------------------------------------------------------------------    -------------------
                         (clock clk_pl_0 rise edge)
                                                      0.000     0.000 r  
    PS8_X0Y0             PS8                          0.000     0.000 r  gemm_block_i/zynq_ultra_ps_e_0/inst/PS8_i/PLCLK[0]
                         net (fo=1, routed)           0.129     0.129    gemm_block_i/zynq_ultra_ps_e_0/inst/pl_clk_unbuffered[0]
    BUFG_PS_X0Y90        BUFG_PS (Prop_BUFG_PS_I_O)
                                                      0.022     0.151 r  gemm_block_i/zynq_ultra_ps_e_0/inst/buffer_pl_clk_0.PL_CLK_0_BUFG/O
    X1Y1 (CLOCK_ROOT)    net (fo=46269, routed)       1.654     1.805    gemm_block_i/rst_ps8_0_99M/U0/slowest_sync_clk
    SLICE_X24Y94         FDRE                                         r  gemm_block_i/rst_ps8_0_99M/U0/ACTIVE_LOW_PR_OUT_DFF[0].FDRE_PER_N_lopt_replica/C
  -------------------------------------------------------------------    -------------------
    SLICE_X24Y94         FDRE (Prop_EFF2_SLICEM_C_Q)
                                                      0.084     1.889 r  gemm_block_i/rst_ps8_0_99M/U0/ACTIVE_LOW_PR_OUT_DFF[0].FDRE_PER_N_lopt_replica/Q
                         net (fo=1, routed)           0.269     2.158    gemm_block_i/rst_ps8_0_99M/U0/Q_replN
    BUFGCE_X0Y24         BUFGCE (Prop_BUFCE_BUFGCE_I_O)
                                                      0.023     2.181 r  gemm_block_i/rst_ps8_0_99M/U0/peripheral_aresetn[0]_BUFG_inst/O
                         net (fo=34010, routed)       0.857     3.037    gemm_block_i/gemm_accelerator_0/inst/npu_inst/ROW[6].COL[1].u_pe/u_mac/acc_reg/psum_internal_reg[0]_0
    SLICE_X19Y178        FDCE                                         f  gemm_block_i/gemm_accelerator_0/inst/npu_inst/ROW[6].COL[1].u_pe/u_mac/acc_reg/valid_out_reg/CLR  (IS_INVERTED)
  -------------------------------------------------------------------    -------------------

                         (clock clk_pl_0 rise edge)
                                                      0.000     0.000 r  
    PS8_X0Y0             PS8                          0.000     0.000 r  gemm_block_i/zynq_ultra_ps_e_0/inst/PS8_i/PLCLK[0]
                         net (fo=1, routed)           0.164     0.164    gemm_block_i/zynq_ultra_ps_e_0/inst/pl_clk_unbuffered[0]
    BUFG_PS_X0Y90        BUFG_PS (Prop_BUFG_PS_I_O)
                                                      0.023     0.187 r  gemm_block_i/zynq_ultra_ps_e_0/inst/buffer_pl_clk_0.PL_CLK_0_BUFG/O
    X1Y1 (CLOCK_ROOT)    net (fo=46269, routed)       1.974     2.161    gemm_block_i/gemm_accelerator_0/inst/npu_inst/ROW[6].COL[1].u_pe/u_mac/acc_reg/aclk
    SLICE_X19Y178        FDCE                                         r  gemm_block_i/gemm_accelerator_0/inst/npu_inst/ROW[6].COL[1].u_pe/u_mac/acc_reg/valid_out_reg/C
                         clock pessimism             -0.129     2.032    
    SLICE_X19Y178        FDCE (Remov_FFF2_SLICEL_C_CLR)
                                                     -0.018     2.014    gemm_block_i/gemm_accelerator_0/inst/npu_inst/ROW[6].COL[1].u_pe/u_mac/acc_reg/valid_out_reg
  -------------------------------------------------------------------
                         required time                         -2.014    
                         arrival time                           3.037    
  -------------------------------------------------------------------
                         slack                                  1.023    

Slack (MET) :             1.023ns  (arrival time - required time)
  Source:                 gemm_block_i/rst_ps8_0_99M/U0/ACTIVE_LOW_PR_OUT_DFF[0].FDRE_PER_N_lopt_replica/C
                            (rising edge-triggered cell FDRE clocked by clk_pl_0  {rise@0.000ns fall@5.000ns period=10.000ns})
  Destination:            gemm_block_i/gemm_accelerator_0/inst/npu_inst/ROW[6].COL[1].u_pe/u_mac/mult_reg/last_mac_out_reg/CLR
                            (removal check against rising-edge clock clk_pl_0  {rise@0.000ns fall@5.000ns period=10.000ns})
  Path Group:             **async_default**
  Path Type:              Removal (Min at Fast Process Corner)
  Requirement:            0.000ns  (clk_pl_0 rise@0.000ns - clk_pl_0 rise@0.000ns)
  Data Path Delay:        1.233ns  (logic 0.107ns (8.681%)  route 1.126ns (91.319%))
  Logic Levels:           1  (BUFGCE=1)
  Clock Path Skew:        0.227ns (DCD - SCD - CPR)
    Destination Clock Delay (DCD):    2.161ns
    Source Clock Delay      (SCD):    1.805ns
    Clock Pessimism Removal (CPR):    0.129ns
  Clock Net Delay (Source):      1.654ns (routing 0.940ns, distribution 0.714ns)
  Clock Net Delay (Destination): 1.974ns (routing 1.033ns, distribution 0.941ns)

    Location             Delay type                Incr(ns)  Path(ns)    Netlist Resource(s)
  -------------------------------------------------------------------    -------------------
                         (clock clk_pl_0 rise edge)
                                                      0.000     0.000 r  
    PS8_X0Y0             PS8                          0.000     0.000 r  gemm_block_i/zynq_ultra_ps_e_0/inst/PS8_i/PLCLK[0]
                         net (fo=1, routed)           0.129     0.129    gemm_block_i/zynq_ultra_ps_e_0/inst/pl_clk_unbuffered[0]
    BUFG_PS_X0Y90        BUFG_PS (Prop_BUFG_PS_I_O)
                                                      0.022     0.151 r  gemm_block_i/zynq_ultra_ps_e_0/inst/buffer_pl_clk_0.PL_CLK_0_BUFG/O
    X1Y1 (CLOCK_ROOT)    net (fo=46269, routed)       1.654     1.805    gemm_block_i/rst_ps8_0_99M/U0/slowest_sync_clk
    SLICE_X24Y94         FDRE                                         r  gemm_block_i/rst_ps8_0_99M/U0/ACTIVE_LOW_PR_OUT_DFF[0].FDRE_PER_N_lopt_replica/C
  -------------------------------------------------------------------    -------------------
    SLICE_X24Y94         FDRE (Prop_EFF2_SLICEM_C_Q)
                                                      0.084     1.889 r  gemm_block_i/rst_ps8_0_99M/U0/ACTIVE_LOW_PR_OUT_DFF[0].FDRE_PER_N_lopt_replica/Q
                         net (fo=1, routed)           0.269     2.158    gemm_block_i/rst_ps8_0_99M/U0/Q_replN
    BUFGCE_X0Y24         BUFGCE (Prop_BUFCE_BUFGCE_I_O)
                                                      0.023     2.181 r  gemm_block_i/rst_ps8_0_99M/U0/peripheral_aresetn[0]_BUFG_inst/O
                         net (fo=34010, routed)       0.857     3.037    gemm_block_i/gemm_accelerator_0/inst/npu_inst/ROW[6].COL[1].u_pe/u_mac/mult_reg/w_reg_reg[7]_1
    SLICE_X19Y178        FDCE                                         f  gemm_block_i/gemm_accelerator_0/inst/npu_inst/ROW[6].COL[1].u_pe/u_mac/mult_reg/last_mac_out_reg/CLR  (IS_INVERTED)
  -------------------------------------------------------------------    -------------------

                         (clock clk_pl_0 rise edge)
                                                      0.000     0.000 r  
    PS8_X0Y0             PS8                          0.000     0.000 r  gemm_block_i/zynq_ultra_ps_e_0/inst/PS8_i/PLCLK[0]
                         net (fo=1, routed)           0.164     0.164    gemm_block_i/zynq_ultra_ps_e_0/inst/pl_clk_unbuffered[0]
    BUFG_PS_X0Y90        BUFG_PS (Prop_BUFG_PS_I_O)
                                                      0.023     0.187 r  gemm_block_i/zynq_ultra_ps_e_0/inst/buffer_pl_clk_0.PL_CLK_0_BUFG/O
    X1Y1 (CLOCK_ROOT)    net (fo=46269, routed)       1.974     2.161    gemm_block_i/gemm_accelerator_0/inst/npu_inst/ROW[6].COL[1].u_pe/u_mac/mult_reg/aclk
    SLICE_X19Y178        FDCE                                         r  gemm_block_i/gemm_accelerator_0/inst/npu_inst/ROW[6].COL[1].u_pe/u_mac/mult_reg/last_mac_out_reg/C
                         clock pessimism             -0.129     2.032    
    SLICE_X19Y178        FDCE (Remov_EFF2_SLICEL_C_CLR)
                                                     -0.018     2.014    gemm_block_i/gemm_accelerator_0/inst/npu_inst/ROW[6].COL[1].u_pe/u_mac/mult_reg/last_mac_out_reg
  -------------------------------------------------------------------
                         required time                         -2.014    
                         arrival time                           3.037    
  -------------------------------------------------------------------
                         slack                                  1.023    

Slack (MET) :             1.023ns  (arrival time - required time)
  Source:                 gemm_block_i/rst_ps8_0_99M/U0/ACTIVE_LOW_PR_OUT_DFF[0].FDRE_PER_N_lopt_replica/C
                            (rising edge-triggered cell FDRE clocked by clk_pl_0  {rise@0.000ns fall@5.000ns period=10.000ns})
  Destination:            gemm_block_i/gemm_accelerator_0/inst/serializer_inst/holding_reg_reg[107][9]/CLR
                            (removal check against rising-edge clock clk_pl_0  {rise@0.000ns fall@5.000ns period=10.000ns})
  Path Group:             **async_default**
  Path Type:              Removal (Min at Fast Process Corner)
  Requirement:            0.000ns  (clk_pl_0 rise@0.000ns - clk_pl_0 rise@0.000ns)
  Data Path Delay:        1.233ns  (logic 0.107ns (8.681%)  route 1.126ns (91.319%))
  Logic Levels:           1  (BUFGCE=1)
  Clock Path Skew:        0.227ns (DCD - SCD - CPR)
    Destination Clock Delay (DCD):    2.161ns
    Source Clock Delay      (SCD):    1.805ns
    Clock Pessimism Removal (CPR):    0.129ns
  Clock Net Delay (Source):      1.654ns (routing 0.940ns, distribution 0.714ns)
  Clock Net Delay (Destination): 1.974ns (routing 1.033ns, distribution 0.941ns)

    Location             Delay type                Incr(ns)  Path(ns)    Netlist Resource(s)
  -------------------------------------------------------------------    -------------------
                         (clock clk_pl_0 rise edge)
                                                      0.000     0.000 r  
    PS8_X0Y0             PS8                          0.000     0.000 r  gemm_block_i/zynq_ultra_ps_e_0/inst/PS8_i/PLCLK[0]
                         net (fo=1, routed)           0.129     0.129    gemm_block_i/zynq_ultra_ps_e_0/inst/pl_clk_unbuffered[0]
    BUFG_PS_X0Y90        BUFG_PS (Prop_BUFG_PS_I_O)
                                                      0.022     0.151 r  gemm_block_i/zynq_ultra_ps_e_0/inst/buffer_pl_clk_0.PL_CLK_0_BUFG/O
    X1Y1 (CLOCK_ROOT)    net (fo=46269, routed)       1.654     1.805    gemm_block_i/rst_ps8_0_99M/U0/slowest_sync_clk
    SLICE_X24Y94         FDRE                                         r  gemm_block_i/rst_ps8_0_99M/U0/ACTIVE_LOW_PR_OUT_DFF[0].FDRE_PER_N_lopt_replica/C
  -------------------------------------------------------------------    -------------------
    SLICE_X24Y94         FDRE (Prop_EFF2_SLICEM_C_Q)
                                                      0.084     1.889 r  gemm_block_i/rst_ps8_0_99M/U0/ACTIVE_LOW_PR_OUT_DFF[0].FDRE_PER_N_lopt_replica/Q
                         net (fo=1, routed)           0.269     2.158    gemm_block_i/rst_ps8_0_99M/U0/Q_replN
    BUFGCE_X0Y24         BUFGCE (Prop_BUFCE_BUFGCE_I_O)
                                                      0.023     2.181 r  gemm_block_i/rst_ps8_0_99M/U0/peripheral_aresetn[0]_BUFG_inst/O
                         net (fo=34010, routed)       0.857     3.037    gemm_block_i/gemm_accelerator_0/inst/serializer_inst/fifo_din_reg[31]_0
    SLICE_X19Y177        FDCE                                         f  gemm_block_i/gemm_accelerator_0/inst/serializer_inst/holding_reg_reg[107][9]/CLR  (IS_INVERTED)
  -------------------------------------------------------------------    -------------------

                         (clock clk_pl_0 rise edge)
                                                      0.000     0.000 r  
    PS8_X0Y0             PS8                          0.000     0.000 r  gemm_block_i/zynq_ultra_ps_e_0/inst/PS8_i/PLCLK[0]
                         net (fo=1, routed)           0.164     0.164    gemm_block_i/zynq_ultra_ps_e_0/inst/pl_clk_unbuffered[0]
    BUFG_PS_X0Y90        BUFG_PS (Prop_BUFG_PS_I_O)
                                                      0.023     0.187 r  gemm_block_i/zynq_ultra_ps_e_0/inst/buffer_pl_clk_0.PL_CLK_0_BUFG/O
    X1Y1 (CLOCK_ROOT)    net (fo=46269, routed)       1.974     2.161    gemm_block_i/gemm_accelerator_0/inst/serializer_inst/aclk
    SLICE_X19Y177        FDCE                                         r  gemm_block_i/gemm_accelerator_0/inst/serializer_inst/holding_reg_reg[107][9]/C
                         clock pessimism             -0.129     2.032    
    SLICE_X19Y177        FDCE (Remov_HFF2_SLICEL_C_CLR)
                                                     -0.018     2.014    gemm_block_i/gemm_accelerator_0/inst/serializer_inst/holding_reg_reg[107][9]
  -------------------------------------------------------------------
                         required time                         -2.014    
                         arrival time                           3.037    
  -------------------------------------------------------------------
                         slack                                  1.023    

Slack (MET) :             1.023ns  (arrival time - required time)
  Source:                 gemm_block_i/rst_ps8_0_99M/U0/ACTIVE_LOW_PR_OUT_DFF[0].FDRE_PER_N_lopt_replica/C
                            (rising edge-triggered cell FDRE clocked by clk_pl_0  {rise@0.000ns fall@5.000ns period=10.000ns})
  Destination:            gemm_block_i/gemm_accelerator_0/inst/serializer_inst/holding_reg_reg[108][18]/CLR
                            (removal check against rising-edge clock clk_pl_0  {rise@0.000ns fall@5.000ns period=10.000ns})
  Path Group:             **async_default**
  Path Type:              Removal (Min at Fast Process Corner)
  Requirement:            0.000ns  (clk_pl_0 rise@0.000ns - clk_pl_0 rise@0.000ns)
  Data Path Delay:        1.233ns  (logic 0.107ns (8.681%)  route 1.126ns (91.319%))
  Logic Levels:           1  (BUFGCE=1)
  Clock Path Skew:        0.227ns (DCD - SCD - CPR)
    Destination Clock Delay (DCD):    2.161ns
    Source Clock Delay      (SCD):    1.805ns
    Clock Pessimism Removal (CPR):    0.129ns
  Clock Net Delay (Source):      1.654ns (routing 0.940ns, distribution 0.714ns)
  Clock Net Delay (Destination): 1.974ns (routing 1.033ns, distribution 0.941ns)

    Location             Delay type                Incr(ns)  Path(ns)    Netlist Resource(s)
  -------------------------------------------------------------------    -------------------
                         (clock clk_pl_0 rise edge)
                                                      0.000     0.000 r  
    PS8_X0Y0             PS8                          0.000     0.000 r  gemm_block_i/zynq_ultra_ps_e_0/inst/PS8_i/PLCLK[0]
                         net (fo=1, routed)           0.129     0.129    gemm_block_i/zynq_ultra_ps_e_0/inst/pl_clk_unbuffered[0]
    BUFG_PS_X0Y90        BUFG_PS (Prop_BUFG_PS_I_O)
                                                      0.022     0.151 r  gemm_block_i/zynq_ultra_ps_e_0/inst/buffer_pl_clk_0.PL_CLK_0_BUFG/O
    X1Y1 (CLOCK_ROOT)    net (fo=46269, routed)       1.654     1.805    gemm_block_i/rst_ps8_0_99M/U0/slowest_sync_clk
    SLICE_X24Y94         FDRE                                         r  gemm_block_i/rst_ps8_0_99M/U0/ACTIVE_LOW_PR_OUT_DFF[0].FDRE_PER_N_lopt_replica/C
  -------------------------------------------------------------------    -------------------
    SLICE_X24Y94         FDRE (Prop_EFF2_SLICEM_C_Q)
                                                      0.084     1.889 r  gemm_block_i/rst_ps8_0_99M/U0/ACTIVE_LOW_PR_OUT_DFF[0].FDRE_PER_N_lopt_replica/Q
                         net (fo=1, routed)           0.269     2.158    gemm_block_i/rst_ps8_0_99M/U0/Q_replN
    BUFGCE_X0Y24         BUFGCE (Prop_BUFCE_BUFGCE_I_O)
                                                      0.023     2.181 r  gemm_block_i/rst_ps8_0_99M/U0/peripheral_aresetn[0]_BUFG_inst/O
                         net (fo=34010, routed)       0.857     3.037    gemm_block_i/gemm_accelerator_0/inst/serializer_inst/fifo_din_reg[31]_0
    SLICE_X19Y177        FDCE                                         f  gemm_block_i/gemm_accelerator_0/inst/serializer_inst/holding_reg_reg[108][18]/CLR  (IS_INVERTED)
  -------------------------------------------------------------------    -------------------

                         (clock clk_pl_0 rise edge)
                                                      0.000     0.000 r  
    PS8_X0Y0             PS8                          0.000     0.000 r  gemm_block_i/zynq_ultra_ps_e_0/inst/PS8_i/PLCLK[0]
                         net (fo=1, routed)           0.164     0.164    gemm_block_i/zynq_ultra_ps_e_0/inst/pl_clk_unbuffered[0]
    BUFG_PS_X0Y90        BUFG_PS (Prop_BUFG_PS_I_O)
                                                      0.023     0.187 r  gemm_block_i/zynq_ultra_ps_e_0/inst/buffer_pl_clk_0.PL_CLK_0_BUFG/O
    X1Y1 (CLOCK_ROOT)    net (fo=46269, routed)       1.974     2.161    gemm_block_i/gemm_accelerator_0/inst/serializer_inst/aclk
    SLICE_X19Y177        FDCE                                         r  gemm_block_i/gemm_accelerator_0/inst/serializer_inst/holding_reg_reg[108][18]/C
                         clock pessimism             -0.129     2.032    
    SLICE_X19Y177        FDCE (Remov_HFF_SLICEL_C_CLR)
                                                     -0.018     2.014    gemm_block_i/gemm_accelerator_0/inst/serializer_inst/holding_reg_reg[108][18]
  -------------------------------------------------------------------
                         required time                         -2.014    
                         arrival time                           3.037    
  -------------------------------------------------------------------
                         slack                                  1.023    

Slack (MET) :             1.023ns  (arrival time - required time)
  Source:                 gemm_block_i/rst_ps8_0_99M/U0/ACTIVE_LOW_PR_OUT_DFF[0].FDRE_PER_N_lopt_replica/C
                            (rising edge-triggered cell FDRE clocked by clk_pl_0  {rise@0.000ns fall@5.000ns period=10.000ns})
  Destination:            gemm_block_i/gemm_accelerator_0/inst/serializer_inst/holding_reg_reg[108][23]/CLR
                            (removal check against rising-edge clock clk_pl_0  {rise@0.000ns fall@5.000ns period=10.000ns})
  Path Group:             **async_default**
  Path Type:              Removal (Min at Fast Process Corner)
  Requirement:            0.000ns  (clk_pl_0 rise@0.000ns - clk_pl_0 rise@0.000ns)
  Data Path Delay:        1.233ns  (logic 0.107ns (8.681%)  route 1.126ns (91.319%))
  Logic Levels:           1  (BUFGCE=1)
  Clock Path Skew:        0.227ns (DCD - SCD - CPR)
    Destination Clock Delay (DCD):    2.161ns
    Source Clock Delay      (SCD):    1.805ns
    Clock Pessimism Removal (CPR):    0.129ns
  Clock Net Delay (Source):      1.654ns (routing 0.940ns, distribution 0.714ns)
  Clock Net Delay (Destination): 1.974ns (routing 1.033ns, distribution 0.941ns)

    Location             Delay type                Incr(ns)  Path(ns)    Netlist Resource(s)
  -------------------------------------------------------------------    -------------------
                         (clock clk_pl_0 rise edge)
                                                      0.000     0.000 r  
    PS8_X0Y0             PS8                          0.000     0.000 r  gemm_block_i/zynq_ultra_ps_e_0/inst/PS8_i/PLCLK[0]
                         net (fo=1, routed)           0.129     0.129    gemm_block_i/zynq_ultra_ps_e_0/inst/pl_clk_unbuffered[0]
    BUFG_PS_X0Y90        BUFG_PS (Prop_BUFG_PS_I_O)
                                                      0.022     0.151 r  gemm_block_i/zynq_ultra_ps_e_0/inst/buffer_pl_clk_0.PL_CLK_0_BUFG/O
    X1Y1 (CLOCK_ROOT)    net (fo=46269, routed)       1.654     1.805    gemm_block_i/rst_ps8_0_99M/U0/slowest_sync_clk
    SLICE_X24Y94         FDRE                                         r  gemm_block_i/rst_ps8_0_99M/U0/ACTIVE_LOW_PR_OUT_DFF[0].FDRE_PER_N_lopt_replica/C
  -------------------------------------------------------------------    -------------------
    SLICE_X24Y94         FDRE (Prop_EFF2_SLICEM_C_Q)
                                                      0.084     1.889 r  gemm_block_i/rst_ps8_0_99M/U0/ACTIVE_LOW_PR_OUT_DFF[0].FDRE_PER_N_lopt_replica/Q
                         net (fo=1, routed)           0.269     2.158    gemm_block_i/rst_ps8_0_99M/U0/Q_replN
    BUFGCE_X0Y24         BUFGCE (Prop_BUFCE_BUFGCE_I_O)
                                                      0.023     2.181 r  gemm_block_i/rst_ps8_0_99M/U0/peripheral_aresetn[0]_BUFG_inst/O
                         net (fo=34010, routed)       0.857     3.037    gemm_block_i/gemm_accelerator_0/inst/serializer_inst/fifo_din_reg[31]_0
    SLICE_X19Y177        FDCE                                         f  gemm_block_i/gemm_accelerator_0/inst/serializer_inst/holding_reg_reg[108][23]/CLR  (IS_INVERTED)
  -------------------------------------------------------------------    -------------------

                         (clock clk_pl_0 rise edge)
                                                      0.000     0.000 r  
    PS8_X0Y0             PS8                          0.000     0.000 r  gemm_block_i/zynq_ultra_ps_e_0/inst/PS8_i/PLCLK[0]
                         net (fo=1, routed)           0.164     0.164    gemm_block_i/zynq_ultra_ps_e_0/inst/pl_clk_unbuffered[0]
    BUFG_PS_X0Y90        BUFG_PS (Prop_BUFG_PS_I_O)
                                                      0.023     0.187 r  gemm_block_i/zynq_ultra_ps_e_0/inst/buffer_pl_clk_0.PL_CLK_0_BUFG/O
    X1Y1 (CLOCK_ROOT)    net (fo=46269, routed)       1.974     2.161    gemm_block_i/gemm_accelerator_0/inst/serializer_inst/aclk
    SLICE_X19Y177        FDCE                                         r  gemm_block_i/gemm_accelerator_0/inst/serializer_inst/holding_reg_reg[108][23]/C
                         clock pessimism             -0.129     2.032    
    SLICE_X19Y177        FDCE (Remov_GFF_SLICEL_C_CLR)
                                                     -0.018     2.014    gemm_block_i/gemm_accelerator_0/inst/serializer_inst/holding_reg_reg[108][23]
  -------------------------------------------------------------------
                         required time                         -2.014    
                         arrival time                           3.037    
  -------------------------------------------------------------------
                         slack                                  1.023    

Slack (MET) :             1.023ns  (arrival time - required time)
  Source:                 gemm_block_i/rst_ps8_0_99M/U0/ACTIVE_LOW_PR_OUT_DFF[0].FDRE_PER_N_lopt_replica/C
                            (rising edge-triggered cell FDRE clocked by clk_pl_0  {rise@0.000ns fall@5.000ns period=10.000ns})
  Destination:            gemm_block_i/gemm_accelerator_0/inst/serializer_inst/holding_reg_reg[108][24]/CLR
                            (removal check against rising-edge clock clk_pl_0  {rise@0.000ns fall@5.000ns period=10.000ns})
  Path Group:             **async_default**
  Path Type:              Removal (Min at Fast Process Corner)
  Requirement:            0.000ns  (clk_pl_0 rise@0.000ns - clk_pl_0 rise@0.000ns)
  Data Path Delay:        1.233ns  (logic 0.107ns (8.681%)  route 1.126ns (91.319%))
  Logic Levels:           1  (BUFGCE=1)
  Clock Path Skew:        0.227ns (DCD - SCD - CPR)
    Destination Clock Delay (DCD):    2.161ns
    Source Clock Delay      (SCD):    1.805ns
    Clock Pessimism Removal (CPR):    0.129ns
  Clock Net Delay (Source):      1.654ns (routing 0.940ns, distribution 0.714ns)
  Clock Net Delay (Destination): 1.974ns (routing 1.033ns, distribution 0.941ns)

    Location             Delay type                Incr(ns)  Path(ns)    Netlist Resource(s)
  -------------------------------------------------------------------    -------------------
                         (clock clk_pl_0 rise edge)
                                                      0.000     0.000 r  
    PS8_X0Y0             PS8                          0.000     0.000 r  gemm_block_i/zynq_ultra_ps_e_0/inst/PS8_i/PLCLK[0]
                         net (fo=1, routed)           0.129     0.129    gemm_block_i/zynq_ultra_ps_e_0/inst/pl_clk_unbuffered[0]
    BUFG_PS_X0Y90        BUFG_PS (Prop_BUFG_PS_I_O)
                                                      0.022     0.151 r  gemm_block_i/zynq_ultra_ps_e_0/inst/buffer_pl_clk_0.PL_CLK_0_BUFG/O
    X1Y1 (CLOCK_ROOT)    net (fo=46269, routed)       1.654     1.805    gemm_block_i/rst_ps8_0_99M/U0/slowest_sync_clk
    SLICE_X24Y94         FDRE                                         r  gemm_block_i/rst_ps8_0_99M/U0/ACTIVE_LOW_PR_OUT_DFF[0].FDRE_PER_N_lopt_replica/C
  -------------------------------------------------------------------    -------------------
    SLICE_X24Y94         FDRE (Prop_EFF2_SLICEM_C_Q)
                                                      0.084     1.889 r  gemm_block_i/rst_ps8_0_99M/U0/ACTIVE_LOW_PR_OUT_DFF[0].FDRE_PER_N_lopt_replica/Q
                         net (fo=1, routed)           0.269     2.158    gemm_block_i/rst_ps8_0_99M/U0/Q_replN
    BUFGCE_X0Y24         BUFGCE (Prop_BUFCE_BUFGCE_I_O)
                                                      0.023     2.181 r  gemm_block_i/rst_ps8_0_99M/U0/peripheral_aresetn[0]_BUFG_inst/O
                         net (fo=34010, routed)       0.857     3.037    gemm_block_i/gemm_accelerator_0/inst/serializer_inst/fifo_din_reg[31]_0
    SLICE_X19Y178        FDCE                                         f  gemm_block_i/gemm_accelerator_0/inst/serializer_inst/holding_reg_reg[108][24]/CLR  (IS_INVERTED)
  -------------------------------------------------------------------    -------------------

                         (clock clk_pl_0 rise edge)
                                                      0.000     0.000 r  
    PS8_X0Y0             PS8                          0.000     0.000 r  gemm_block_i/zynq_ultra_ps_e_0/inst/PS8_i/PLCLK[0]
                         net (fo=1, routed)           0.164     0.164    gemm_block_i/zynq_ultra_ps_e_0/inst/pl_clk_unbuffered[0]
    BUFG_PS_X0Y90        BUFG_PS (Prop_BUFG_PS_I_O)
                                                      0.023     0.187 r  gemm_block_i/zynq_ultra_ps_e_0/inst/buffer_pl_clk_0.PL_CLK_0_BUFG/O
    X1Y1 (CLOCK_ROOT)    net (fo=46269, routed)       1.974     2.161    gemm_block_i/gemm_accelerator_0/inst/serializer_inst/aclk
    SLICE_X19Y178        FDCE                                         r  gemm_block_i/gemm_accelerator_0/inst/serializer_inst/holding_reg_reg[108][24]/C
                         clock pessimism             -0.129     2.032    
    SLICE_X19Y178        FDCE (Remov_HFF_SLICEL_C_CLR)
                                                     -0.018     2.014    gemm_block_i/gemm_accelerator_0/inst/serializer_inst/holding_reg_reg[108][24]
  -------------------------------------------------------------------
                         required time                         -2.014    
                         arrival time                           3.037    
  -------------------------------------------------------------------
                         slack                                  1.023    

Slack (MET) :             1.023ns  (arrival time - required time)
  Source:                 gemm_block_i/rst_ps8_0_99M/U0/ACTIVE_LOW_PR_OUT_DFF[0].FDRE_PER_N_lopt_replica/C
                            (rising edge-triggered cell FDRE clocked by clk_pl_0  {rise@0.000ns fall@5.000ns period=10.000ns})
  Destination:            gemm_block_i/gemm_accelerator_0/inst/serializer_inst/holding_reg_reg[108][29]/CLR
                            (removal check against rising-edge clock clk_pl_0  {rise@0.000ns fall@5.000ns period=10.000ns})
  Path Group:             **async_default**
  Path Type:              Removal (Min at Fast Process Corner)
  Requirement:            0.000ns  (clk_pl_0 rise@0.000ns - clk_pl_0 rise@0.000ns)
  Data Path Delay:        1.233ns  (logic 0.107ns (8.681%)  route 1.126ns (91.319%))
  Logic Levels:           1  (BUFGCE=1)
  Clock Path Skew:        0.227ns (DCD - SCD - CPR)
    Destination Clock Delay (DCD):    2.161ns
    Source Clock Delay      (SCD):    1.805ns
    Clock Pessimism Removal (CPR):    0.129ns
  Clock Net Delay (Source):      1.654ns (routing 0.940ns, distribution 0.714ns)
  Clock Net Delay (Destination): 1.974ns (routing 1.033ns, distribution 0.941ns)

    Location             Delay type                Incr(ns)  Path(ns)    Netlist Resource(s)
  -------------------------------------------------------------------    -------------------
                         (clock clk_pl_0 rise edge)
                                                      0.000     0.000 r  
    PS8_X0Y0             PS8                          0.000     0.000 r  gemm_block_i/zynq_ultra_ps_e_0/inst/PS8_i/PLCLK[0]
                         net (fo=1, routed)           0.129     0.129    gemm_block_i/zynq_ultra_ps_e_0/inst/pl_clk_unbuffered[0]
    BUFG_PS_X0Y90        BUFG_PS (Prop_BUFG_PS_I_O)
                                                      0.022     0.151 r  gemm_block_i/zynq_ultra_ps_e_0/inst/buffer_pl_clk_0.PL_CLK_0_BUFG/O
    X1Y1 (CLOCK_ROOT)    net (fo=46269, routed)       1.654     1.805    gemm_block_i/rst_ps8_0_99M/U0/slowest_sync_clk
    SLICE_X24Y94         FDRE                                         r  gemm_block_i/rst_ps8_0_99M/U0/ACTIVE_LOW_PR_OUT_DFF[0].FDRE_PER_N_lopt_replica/C
  -------------------------------------------------------------------    -------------------
    SLICE_X24Y94         FDRE (Prop_EFF2_SLICEM_C_Q)
                                                      0.084     1.889 r  gemm_block_i/rst_ps8_0_99M/U0/ACTIVE_LOW_PR_OUT_DFF[0].FDRE_PER_N_lopt_replica/Q
                         net (fo=1, routed)           0.269     2.158    gemm_block_i/rst_ps8_0_99M/U0/Q_replN
    BUFGCE_X0Y24         BUFGCE (Prop_BUFCE_BUFGCE_I_O)
                                                      0.023     2.181 r  gemm_block_i/rst_ps8_0_99M/U0/peripheral_aresetn[0]_BUFG_inst/O
                         net (fo=34010, routed)       0.857     3.037    gemm_block_i/gemm_accelerator_0/inst/serializer_inst/fifo_din_reg[31]_0
    SLICE_X19Y178        FDCE                                         f  gemm_block_i/gemm_accelerator_0/inst/serializer_inst/holding_reg_reg[108][29]/CLR  (IS_INVERTED)
  -------------------------------------------------------------------    -------------------

                         (clock clk_pl_0 rise edge)
                                                      0.000     0.000 r  
    PS8_X0Y0             PS8                          0.000     0.000 r  gemm_block_i/zynq_ultra_ps_e_0/inst/PS8_i/PLCLK[0]
                         net (fo=1, routed)           0.164     0.164    gemm_block_i/zynq_ultra_ps_e_0/inst/pl_clk_unbuffered[0]
    BUFG_PS_X0Y90        BUFG_PS (Prop_BUFG_PS_I_O)
                                                      0.023     0.187 r  gemm_block_i/zynq_ultra_ps_e_0/inst/buffer_pl_clk_0.PL_CLK_0_BUFG/O
    X1Y1 (CLOCK_ROOT)    net (fo=46269, routed)       1.974     2.161    gemm_block_i/gemm_accelerator_0/inst/serializer_inst/aclk
    SLICE_X19Y178        FDCE                                         r  gemm_block_i/gemm_accelerator_0/inst/serializer_inst/holding_reg_reg[108][29]/C
                         clock pessimism             -0.129     2.032    
    SLICE_X19Y178        FDCE (Remov_GFF_SLICEL_C_CLR)
                                                     -0.018     2.014    gemm_block_i/gemm_accelerator_0/inst/serializer_inst/holding_reg_reg[108][29]
  -------------------------------------------------------------------
                         required time                         -2.014    
                         arrival time                           3.037    
  -------------------------------------------------------------------
                         slack                                  1.023    

Slack (MET) :             1.023ns  (arrival time - required time)
  Source:                 gemm_block_i/rst_ps8_0_99M/U0/ACTIVE_LOW_PR_OUT_DFF[0].FDRE_PER_N_lopt_replica/C
                            (rising edge-triggered cell FDRE clocked by clk_pl_0  {rise@0.000ns fall@5.000ns period=10.000ns})
  Destination:            gemm_block_i/gemm_accelerator_0/inst/npu_inst/ROW[6].COL[12].u_pe/u_mac/acc_reg/psum_internal_reg[12]/CLR
                            (removal check against rising-edge clock clk_pl_0  {rise@0.000ns fall@5.000ns period=10.000ns})
  Path Group:             **async_default**
  Path Type:              Removal (Min at Fast Process Corner)
  Requirement:            0.000ns  (clk_pl_0 rise@0.000ns - clk_pl_0 rise@0.000ns)
  Data Path Delay:        1.240ns  (logic 0.107ns (8.632%)  route 1.133ns (91.368%))
  Logic Levels:           1  (BUFGCE=1)
  Clock Path Skew:        0.234ns (DCD - SCD - CPR)
    Destination Clock Delay (DCD):    2.168ns
    Source Clock Delay      (SCD):    1.805ns
    Clock Pessimism Removal (CPR):    0.129ns
  Clock Net Delay (Source):      1.654ns (routing 0.940ns, distribution 0.714ns)
  Clock Net Delay (Destination): 1.981ns (routing 1.033ns, distribution 0.948ns)

    Location             Delay type                Incr(ns)  Path(ns)    Netlist Resource(s)
  -------------------------------------------------------------------    -------------------
                         (clock clk_pl_0 rise edge)
                                                      0.000     0.000 r  
    PS8_X0Y0             PS8                          0.000     0.000 r  gemm_block_i/zynq_ultra_ps_e_0/inst/PS8_i/PLCLK[0]
                         net (fo=1, routed)           0.129     0.129    gemm_block_i/zynq_ultra_ps_e_0/inst/pl_clk_unbuffered[0]
    BUFG_PS_X0Y90        BUFG_PS (Prop_BUFG_PS_I_O)
                                                      0.022     0.151 r  gemm_block_i/zynq_ultra_ps_e_0/inst/buffer_pl_clk_0.PL_CLK_0_BUFG/O
    X1Y1 (CLOCK_ROOT)    net (fo=46269, routed)       1.654     1.805    gemm_block_i/rst_ps8_0_99M/U0/slowest_sync_clk
    SLICE_X24Y94         FDRE                                         r  gemm_block_i/rst_ps8_0_99M/U0/ACTIVE_LOW_PR_OUT_DFF[0].FDRE_PER_N_lopt_replica/C
  -------------------------------------------------------------------    -------------------
    SLICE_X24Y94         FDRE (Prop_EFF2_SLICEM_C_Q)
                                                      0.084     1.889 r  gemm_block_i/rst_ps8_0_99M/U0/ACTIVE_LOW_PR_OUT_DFF[0].FDRE_PER_N_lopt_replica/Q
                         net (fo=1, routed)           0.269     2.158    gemm_block_i/rst_ps8_0_99M/U0/Q_replN
    BUFGCE_X0Y24         BUFGCE (Prop_BUFCE_BUFGCE_I_O)
                                                      0.023     2.181 r  gemm_block_i/rst_ps8_0_99M/U0/peripheral_aresetn[0]_BUFG_inst/O
                         net (fo=34010, routed)       0.864     3.044    gemm_block_i/gemm_accelerator_0/inst/npu_inst/ROW[6].COL[12].u_pe/u_mac/acc_reg/psum_internal_reg[31]_0
    SLICE_X16Y174        FDCE                                         f  gemm_block_i/gemm_accelerator_0/inst/npu_inst/ROW[6].COL[12].u_pe/u_mac/acc_reg/psum_internal_reg[12]/CLR  (IS_INVERTED)
  -------------------------------------------------------------------    -------------------

                         (clock clk_pl_0 rise edge)
                                                      0.000     0.000 r  
    PS8_X0Y0             PS8                          0.000     0.000 r  gemm_block_i/zynq_ultra_ps_e_0/inst/PS8_i/PLCLK[0]
                         net (fo=1, routed)           0.164     0.164    gemm_block_i/zynq_ultra_ps_e_0/inst/pl_clk_unbuffered[0]
    BUFG_PS_X0Y90        BUFG_PS (Prop_BUFG_PS_I_O)
                                                      0.023     0.187 r  gemm_block_i/zynq_ultra_ps_e_0/inst/buffer_pl_clk_0.PL_CLK_0_BUFG/O
    X1Y1 (CLOCK_ROOT)    net (fo=46269, routed)       1.981     2.168    gemm_block_i/gemm_accelerator_0/inst/npu_inst/ROW[6].COL[12].u_pe/u_mac/acc_reg/aclk
    SLICE_X16Y174        FDCE                                         r  gemm_block_i/gemm_accelerator_0/inst/npu_inst/ROW[6].COL[12].u_pe/u_mac/acc_reg/psum_internal_reg[12]/C
                         clock pessimism             -0.129     2.039    
    SLICE_X16Y174        FDCE (Remov_EFF_SLICEL_C_CLR)
                                                     -0.018     2.021    gemm_block_i/gemm_accelerator_0/inst/npu_inst/ROW[6].COL[12].u_pe/u_mac/acc_reg/psum_internal_reg[12]
  -------------------------------------------------------------------
                         required time                         -2.021    
                         arrival time                           3.044    
  -------------------------------------------------------------------
                         slack                                  1.023    





--------------------------------------------------------------------------------------
Path Group:  (none)
From Clock:  
  To Clock:  clk_pl_0

Max Delay             1 Endpoint
Min Delay             1 Endpoint
--------------------------------------------------------------------------------------


Max Delay Paths
--------------------------------------------------------------------------------------
Slack:                    inf
  Source:                 gemm_block_i/zynq_ultra_ps_e_0/inst/PS8_i/EMIOGPIOO[95]
                            (internal pin)
  Destination:            gemm_block_i/rst_ps8_0_99M/U0/EXT_LPF/ACTIVE_LOW_EXT.ACT_LO_EXT/syncstages_ff_reg[0]/D
                            (rising edge-triggered cell FDRE clocked by clk_pl_0  {rise@0.000ns fall@5.000ns period=10.000ns})
  Path Group:             (none)
  Path Type:              Setup (Max at Slow Process Corner)
  Data Path Delay:        2.362ns  (logic 0.060ns (2.540%)  route 2.302ns (97.460%))
  Logic Levels:           1  (LUT1=1)
  Clock Uncertainty:      0.158ns  ((TSJ^2 + DJ^2)^1/2) / 2 + PE
    Total System Jitter     (TSJ):    0.050ns
    Discrete Jitter          (DJ):    0.312ns
    Phase Error              (PE):    0.000ns
  Clock Net Delay (Destination): 2.887ns (routing 1.538ns, distribution 1.349ns)
  Timing Exception:       False Path

    Location             Delay type                Incr(ns)  Path(ns)    Netlist Resource(s)
  -------------------------------------------------------------------    -------------------
    PS8_X0Y0             PS8                          0.000     0.000 f  gemm_block_i/zynq_ultra_ps_e_0/inst/PS8_i/EMIOGPIOO[95]
                         net (fo=1, routed)           1.927     1.927    gemm_block_i/rst_ps8_0_99M/U0/EXT_LPF/ext_reset_in
    SLICE_X17Y93         LUT1 (Prop_H6LUT_SLICEM_I0_O)
                                                      0.060     1.987 r  gemm_block_i/rst_ps8_0_99M/U0/EXT_LPF/ACTIVE_LOW_EXT.ACT_LO_EXT_i_1/O
                         net (fo=1, routed)           0.375     2.362    gemm_block_i/rst_ps8_0_99M/U0/EXT_LPF/ACTIVE_LOW_EXT.ACT_LO_EXT/src_in
    SLICE_X17Y93         FDRE                                         r  gemm_block_i/rst_ps8_0_99M/U0/EXT_LPF/ACTIVE_LOW_EXT.ACT_LO_EXT/syncstages_ff_reg[0]/D
  -------------------------------------------------------------------    -------------------

                         (clock clk_pl_0 rise edge)
                                                      0.000     0.000 r  
    PS8_X0Y0             PS8                          0.000     0.000 r  gemm_block_i/zynq_ultra_ps_e_0/inst/PS8_i/PLCLK[0]
                         net (fo=1, routed)           0.181     0.181    gemm_block_i/zynq_ultra_ps_e_0/inst/pl_clk_unbuffered[0]
    BUFG_PS_X0Y90        BUFG_PS (Prop_BUFG_PS_I_O)
                                                      0.035     0.216 r  gemm_block_i/zynq_ultra_ps_e_0/inst/buffer_pl_clk_0.PL_CLK_0_BUFG/O
    X1Y1 (CLOCK_ROOT)    net (fo=46269, routed)       2.887     3.103    gemm_block_i/rst_ps8_0_99M/U0/EXT_LPF/ACTIVE_LOW_EXT.ACT_LO_EXT/dest_clk
    SLICE_X17Y93         FDRE                                         r  gemm_block_i/rst_ps8_0_99M/U0/EXT_LPF/ACTIVE_LOW_EXT.ACT_LO_EXT/syncstages_ff_reg[0]/C





Min Delay Paths
--------------------------------------------------------------------------------------
Slack:                    inf
  Source:                 gemm_block_i/zynq_ultra_ps_e_0/inst/PS8_i/EMIOGPIOO[95]
                            (internal pin)
  Destination:            gemm_block_i/rst_ps8_0_99M/U0/EXT_LPF/ACTIVE_LOW_EXT.ACT_LO_EXT/syncstages_ff_reg[0]/D
                            (rising edge-triggered cell FDRE clocked by clk_pl_0  {rise@0.000ns fall@5.000ns period=10.000ns})
  Path Group:             (none)
  Path Type:              Hold (Min at Fast Process Corner)
  Data Path Delay:        0.947ns  (logic 0.021ns (2.218%)  route 0.926ns (97.782%))
  Logic Levels:           1  (LUT1=1)
  Clock Uncertainty:      0.158ns  ((TSJ^2 + DJ^2)^1/2) / 2 + PE
    Total System Jitter     (TSJ):    0.050ns
    Discrete Jitter          (DJ):    0.312ns
    Phase Error              (PE):    0.000ns
  Clock Net Delay (Destination): 1.921ns (routing 1.033ns, distribution 0.888ns)
  Timing Exception:       False Path

    Location             Delay type                Incr(ns)  Path(ns)    Netlist Resource(s)
  -------------------------------------------------------------------    -------------------
    PS8_X0Y0             PS8                          0.000     0.000 f  gemm_block_i/zynq_ultra_ps_e_0/inst/PS8_i/EMIOGPIOO[95]
                         net (fo=1, routed)           0.809     0.809    gemm_block_i/rst_ps8_0_99M/U0/EXT_LPF/ext_reset_in
    SLICE_X17Y93         LUT1 (Prop_H6LUT_SLICEM_I0_O)
                                                      0.021     0.830 r  gemm_block_i/rst_ps8_0_99M/U0/EXT_LPF/ACTIVE_LOW_EXT.ACT_LO_EXT_i_1/O
                         net (fo=1, routed)           0.117     0.947    gemm_block_i/rst_ps8_0_99M/U0/EXT_LPF/ACTIVE_LOW_EXT.ACT_LO_EXT/src_in
    SLICE_X17Y93         FDRE                                         r  gemm_block_i/rst_ps8_0_99M/U0/EXT_LPF/ACTIVE_LOW_EXT.ACT_LO_EXT/syncstages_ff_reg[0]/D
  -------------------------------------------------------------------    -------------------

                         (clock clk_pl_0 rise edge)
                                                      0.000     0.000 r  
    PS8_X0Y0             PS8                          0.000     0.000 r  gemm_block_i/zynq_ultra_ps_e_0/inst/PS8_i/PLCLK[0]
                         net (fo=1, routed)           0.164     0.164    gemm_block_i/zynq_ultra_ps_e_0/inst/pl_clk_unbuffered[0]
    BUFG_PS_X0Y90        BUFG_PS (Prop_BUFG_PS_I_O)
                                                      0.023     0.187 r  gemm_block_i/zynq_ultra_ps_e_0/inst/buffer_pl_clk_0.PL_CLK_0_BUFG/O
    X1Y1 (CLOCK_ROOT)    net (fo=46269, routed)       1.921     2.108    gemm_block_i/rst_ps8_0_99M/U0/EXT_LPF/ACTIVE_LOW_EXT.ACT_LO_EXT/dest_clk
    SLICE_X17Y93         FDRE                                         r  gemm_block_i/rst_ps8_0_99M/U0/EXT_LPF/ACTIVE_LOW_EXT.ACT_LO_EXT/syncstages_ff_reg[0]/C





--------------------------------------------------------------------------------------
Path Group:  (none)
From Clock:  clk_pl_0
  To Clock:  clk_pl_0

Max Delay           189 Endpoints
Min Delay           189 Endpoints
--------------------------------------------------------------------------------------


Max Delay Paths
--------------------------------------------------------------------------------------
Slack:                    inf
  Source:                 gemm_block_i/rst_ps8_0_99M/U0/ACTIVE_LOW_PR_OUT_DFF[0].FDRE_PER_N_lopt_replica/C
                            (rising edge-triggered cell FDRE clocked by clk_pl_0  {rise@0.000ns fall@5.000ns period=10.000ns})
  Destination:            gemm_block_i/axi_smc/inst/clk_map/psr_aclk/U0/EXT_LPF/ACTIVE_LOW_AUX.ACT_LO_AUX/syncstages_ff_reg[0]/D
                            (rising edge-triggered cell FDRE clocked by clk_pl_0  {rise@0.000ns fall@5.000ns period=10.000ns})
  Path Group:             (none)
  Path Type:              Setup (Max at Slow Process Corner)
  Data Path Delay:        3.022ns  (logic 0.390ns (12.905%)  route 2.632ns (87.095%))
  Logic Levels:           2  (BUFGCE=1 LUT1=1)
  Clock Path Skew:        -0.085ns (DCD - SCD + CPR)
    Destination Clock Delay (DCD):    3.190ns
    Source Clock Delay      (SCD):    3.275ns
    Clock Pessimism Removal (CPR):    0.000ns
  Clock Uncertainty:      0.160ns  ((TSJ^2 + DJ^2)^1/2) / 2 + PE
    Total System Jitter     (TSJ):    0.071ns
    Discrete Jitter          (DJ):    0.312ns
    Phase Error              (PE):    0.000ns
  Clock Net Delay (Source):      3.008ns (routing 1.681ns, distribution 1.327ns)
  Clock Net Delay (Destination): 2.974ns (routing 1.538ns, distribution 1.436ns)
  Timing Exception:       False Path

    Location             Delay type                Incr(ns)  Path(ns)    Netlist Resource(s)
  -------------------------------------------------------------------    -------------------
                         (clock clk_pl_0 rise edge)
                                                      0.000     0.000 r  
    PS8_X0Y0             PS8                          0.000     0.000 r  gemm_block_i/zynq_ultra_ps_e_0/inst/PS8_i/PLCLK[0]
                         net (fo=1, routed)           0.229     0.229    gemm_block_i/zynq_ultra_ps_e_0/inst/pl_clk_unbuffered[0]
    BUFG_PS_X0Y90        BUFG_PS (Prop_BUFG_PS_I_O)
                                                      0.038     0.267 r  gemm_block_i/zynq_ultra_ps_e_0/inst/buffer_pl_clk_0.PL_CLK_0_BUFG/O
    X1Y1 (CLOCK_ROOT)    net (fo=46269, routed)       3.008     3.275    gemm_block_i/rst_ps8_0_99M/U0/slowest_sync_clk
    SLICE_X24Y94         FDRE                                         r  gemm_block_i/rst_ps8_0_99M/U0/ACTIVE_LOW_PR_OUT_DFF[0].FDRE_PER_N_lopt_replica/C
  -------------------------------------------------------------------    -------------------
    SLICE_X24Y94         FDRE (Prop_EFF2_SLICEM_C_Q)
                                                      0.118     3.393 f  gemm_block_i/rst_ps8_0_99M/U0/ACTIVE_LOW_PR_OUT_DFF[0].FDRE_PER_N_lopt_replica/Q
                         net (fo=1, routed)           0.587     3.980    gemm_block_i/rst_ps8_0_99M/U0/Q_replN
    BUFGCE_X0Y24         BUFGCE (Prop_BUFCE_BUFGCE_I_O)
                                                      0.044     4.024 f  gemm_block_i/rst_ps8_0_99M/U0/peripheral_aresetn[0]_BUFG_inst/O
                         net (fo=34010, routed)       1.808     5.832    gemm_block_i/axi_smc/inst/clk_map/psr_aclk/U0/EXT_LPF/aresetn
    SLICE_X2Y213         LUT1 (Prop_H6LUT_SLICEM_I0_O)
                                                      0.228     6.060 r  gemm_block_i/axi_smc/inst/clk_map/psr_aclk/U0/EXT_LPF/ACTIVE_LOW_AUX.ACT_LO_AUX_i_1/O
                         net (fo=1, routed)           0.237     6.297    gemm_block_i/axi_smc/inst/clk_map/psr_aclk/U0/EXT_LPF/ACTIVE_LOW_AUX.ACT_LO_AUX/src_in
    SLICE_X2Y213         FDRE                                         r  gemm_block_i/axi_smc/inst/clk_map/psr_aclk/U0/EXT_LPF/ACTIVE_LOW_AUX.ACT_LO_AUX/syncstages_ff_reg[0]/D
  -------------------------------------------------------------------    -------------------

                         (clock clk_pl_0 rise edge)
                                                      0.000     0.000 r  
    PS8_X0Y0             PS8                          0.000     0.000 r  gemm_block_i/zynq_ultra_ps_e_0/inst/PS8_i/PLCLK[0]
                         net (fo=1, routed)           0.181     0.181    gemm_block_i/zynq_ultra_ps_e_0/inst/pl_clk_unbuffered[0]
    BUFG_PS_X0Y90        BUFG_PS (Prop_BUFG_PS_I_O)
                                                      0.035     0.216 r  gemm_block_i/zynq_ultra_ps_e_0/inst/buffer_pl_clk_0.PL_CLK_0_BUFG/O
    X1Y1 (CLOCK_ROOT)    net (fo=46269, routed)       2.974     3.190    gemm_block_i/axi_smc/inst/clk_map/psr_aclk/U0/EXT_LPF/ACTIVE_LOW_AUX.ACT_LO_AUX/dest_clk
    SLICE_X2Y213         FDRE                                         r  gemm_block_i/axi_smc/inst/clk_map/psr_aclk/U0/EXT_LPF/ACTIVE_LOW_AUX.ACT_LO_AUX/syncstages_ff_reg[0]/C

Slack:                    inf
  Source:                 gemm_block_i/axi_smc/inst/clk_map/psr_aclk/U0/ACTIVE_LOW_BSR_OUT_DFF[0].FDRE_BSR_N/C
                            (rising edge-triggered cell FDRE clocked by clk_pl_0  {rise@0.000ns fall@5.000ns period=10.000ns})
  Destination:            gemm_block_i/axi_smc/inst/s01_entry_pipeline/s01_transaction_regulator/inst/xpm_cdc_async_rst_inst/arststages_ff_reg[0]/CLR
                            (recovery check against rising-edge clock clk_pl_0  {rise@0.000ns fall@5.000ns period=10.000ns})
  Path Group:             (none)
  Path Type:              Recovery (Max at Slow Process Corner)
  Data Path Delay:        2.679ns  (logic 0.113ns (4.218%)  route 2.566ns (95.782%))
  Logic Levels:           0  
  Clock Path Skew:        -0.392ns (DCD - SCD + CPR)
    Destination Clock Delay (DCD):    3.147ns
    Source Clock Delay      (SCD):    3.539ns
    Clock Pessimism Removal (CPR):    0.000ns
  Clock Uncertainty:      0.160ns  ((TSJ^2 + DJ^2)^1/2) / 2 + PE
    Total System Jitter     (TSJ):    0.071ns
    Discrete Jitter          (DJ):    0.312ns
    Phase Error              (PE):    0.000ns
  Clock Net Delay (Source):      3.272ns (routing 1.681ns, distribution 1.591ns)
  Clock Net Delay (Destination): 2.931ns (routing 1.538ns, distribution 1.393ns)
  Timing Exception:       False Path

    Location             Delay type                Incr(ns)  Path(ns)    Netlist Resource(s)
  -------------------------------------------------------------------    -------------------
                         (clock clk_pl_0 rise edge)
                                                      0.000     0.000 r  
    PS8_X0Y0             PS8                          0.000     0.000 r  gemm_block_i/zynq_ultra_ps_e_0/inst/PS8_i/PLCLK[0]
                         net (fo=1, routed)           0.229     0.229    gemm_block_i/zynq_ultra_ps_e_0/inst/pl_clk_unbuffered[0]
    BUFG_PS_X0Y90        BUFG_PS (Prop_BUFG_PS_I_O)
                                                      0.038     0.267 r  gemm_block_i/zynq_ultra_ps_e_0/inst/buffer_pl_clk_0.PL_CLK_0_BUFG/O
    X1Y1 (CLOCK_ROOT)    net (fo=46269, routed)       3.272     3.539    gemm_block_i/axi_smc/inst/clk_map/psr_aclk/U0/aclk
    SLICE_X1Y201         FDRE                                         r  gemm_block_i/axi_smc/inst/clk_map/psr_aclk/U0/ACTIVE_LOW_BSR_OUT_DFF[0].FDRE_BSR_N/C
  -------------------------------------------------------------------    -------------------
    SLICE_X1Y201         FDRE (Prop_EFF_SLICEM_C_Q)
                                                      0.113     3.652 r  gemm_block_i/axi_smc/inst/clk_map/psr_aclk/U0/ACTIVE_LOW_BSR_OUT_DFF[0].FDRE_BSR_N/Q
                         net (fo=117, routed)         2.566     6.218    gemm_block_i/axi_smc/inst/s01_entry_pipeline/s01_transaction_regulator/inst/xpm_cdc_async_rst_inst/src_arst
    SLICE_X1Y105         FDCE                                         f  gemm_block_i/axi_smc/inst/s01_entry_pipeline/s01_transaction_regulator/inst/xpm_cdc_async_rst_inst/arststages_ff_reg[0]/CLR  (IS_INVERTED)
  -------------------------------------------------------------------    -------------------

                         (clock clk_pl_0 rise edge)
                                                      0.000     0.000 r  
    PS8_X0Y0             PS8                          0.000     0.000 r  gemm_block_i/zynq_ultra_ps_e_0/inst/PS8_i/PLCLK[0]
                         net (fo=1, routed)           0.181     0.181    gemm_block_i/zynq_ultra_ps_e_0/inst/pl_clk_unbuffered[0]
    BUFG_PS_X0Y90        BUFG_PS (Prop_BUFG_PS_I_O)
                                                      0.035     0.216 r  gemm_block_i/zynq_ultra_ps_e_0/inst/buffer_pl_clk_0.PL_CLK_0_BUFG/O
    X1Y1 (CLOCK_ROOT)    net (fo=46269, routed)       2.931     3.147    gemm_block_i/axi_smc/inst/s01_entry_pipeline/s01_transaction_regulator/inst/xpm_cdc_async_rst_inst/dest_clk
    SLICE_X1Y105         FDCE                                         r  gemm_block_i/axi_smc/inst/s01_entry_pipeline/s01_transaction_regulator/inst/xpm_cdc_async_rst_inst/arststages_ff_reg[0]/C

Slack:                    inf
  Source:                 gemm_block_i/axi_smc/inst/clk_map/psr_aclk/U0/ACTIVE_LOW_BSR_OUT_DFF[0].FDRE_BSR_N/C
                            (rising edge-triggered cell FDRE clocked by clk_pl_0  {rise@0.000ns fall@5.000ns period=10.000ns})
  Destination:            gemm_block_i/axi_smc/inst/s01_entry_pipeline/s01_transaction_regulator/inst/xpm_cdc_async_rst_inst/arststages_ff_reg[1]/CLR
                            (recovery check against rising-edge clock clk_pl_0  {rise@0.000ns fall@5.000ns period=10.000ns})
  Path Group:             (none)
  Path Type:              Recovery (Max at Slow Process Corner)
  Data Path Delay:        2.679ns  (logic 0.113ns (4.218%)  route 2.566ns (95.782%))
  Logic Levels:           0  
  Clock Path Skew:        -0.392ns (DCD - SCD + CPR)
    Destination Clock Delay (DCD):    3.147ns
    Source Clock Delay      (SCD):    3.539ns
    Clock Pessimism Removal (CPR):    0.000ns
  Clock Uncertainty:      0.160ns  ((TSJ^2 + DJ^2)^1/2) / 2 + PE
    Total System Jitter     (TSJ):    0.071ns
    Discrete Jitter          (DJ):    0.312ns
    Phase Error              (PE):    0.000ns
  Clock Net Delay (Source):      3.272ns (routing 1.681ns, distribution 1.591ns)
  Clock Net Delay (Destination): 2.931ns (routing 1.538ns, distribution 1.393ns)
  Timing Exception:       False Path

    Location             Delay type                Incr(ns)  Path(ns)    Netlist Resource(s)
  -------------------------------------------------------------------    -------------------
                         (clock clk_pl_0 rise edge)
                                                      0.000     0.000 r  
    PS8_X0Y0             PS8                          0.000     0.000 r  gemm_block_i/zynq_ultra_ps_e_0/inst/PS8_i/PLCLK[0]
                         net (fo=1, routed)           0.229     0.229    gemm_block_i/zynq_ultra_ps_e_0/inst/pl_clk_unbuffered[0]
    BUFG_PS_X0Y90        BUFG_PS (Prop_BUFG_PS_I_O)
                                                      0.038     0.267 r  gemm_block_i/zynq_ultra_ps_e_0/inst/buffer_pl_clk_0.PL_CLK_0_BUFG/O
    X1Y1 (CLOCK_ROOT)    net (fo=46269, routed)       3.272     3.539    gemm_block_i/axi_smc/inst/clk_map/psr_aclk/U0/aclk
    SLICE_X1Y201         FDRE                                         r  gemm_block_i/axi_smc/inst/clk_map/psr_aclk/U0/ACTIVE_LOW_BSR_OUT_DFF[0].FDRE_BSR_N/C
  -------------------------------------------------------------------    -------------------
    SLICE_X1Y201         FDRE (Prop_EFF_SLICEM_C_Q)
                                                      0.113     3.652 r  gemm_block_i/axi_smc/inst/clk_map/psr_aclk/U0/ACTIVE_LOW_BSR_OUT_DFF[0].FDRE_BSR_N/Q
                         net (fo=117, routed)         2.566     6.218    gemm_block_i/axi_smc/inst/s01_entry_pipeline/s01_transaction_regulator/inst/xpm_cdc_async_rst_inst/src_arst
    SLICE_X1Y105         FDCE                                         f  gemm_block_i/axi_smc/inst/s01_entry_pipeline/s01_transaction_regulator/inst/xpm_cdc_async_rst_inst/arststages_ff_reg[1]/CLR  (IS_INVERTED)
  -------------------------------------------------------------------    -------------------

                         (clock clk_pl_0 rise edge)
                                                      0.000     0.000 r  
    PS8_X0Y0             PS8                          0.000     0.000 r  gemm_block_i/zynq_ultra_ps_e_0/inst/PS8_i/PLCLK[0]
                         net (fo=1, routed)           0.181     0.181    gemm_block_i/zynq_ultra_ps_e_0/inst/pl_clk_unbuffered[0]
    BUFG_PS_X0Y90        BUFG_PS (Prop_BUFG_PS_I_O)
                                                      0.035     0.216 r  gemm_block_i/zynq_ultra_ps_e_0/inst/buffer_pl_clk_0.PL_CLK_0_BUFG/O
    X1Y1 (CLOCK_ROOT)    net (fo=46269, routed)       2.931     3.147    gemm_block_i/axi_smc/inst/s01_entry_pipeline/s01_transaction_regulator/inst/xpm_cdc_async_rst_inst/dest_clk
    SLICE_X1Y105         FDCE                                         r  gemm_block_i/axi_smc/inst/s01_entry_pipeline/s01_transaction_regulator/inst/xpm_cdc_async_rst_inst/arststages_ff_reg[1]/C

Slack:                    inf
  Source:                 gemm_block_i/axi_smc/inst/clk_map/psr_aclk/U0/ACTIVE_LOW_BSR_OUT_DFF[0].FDRE_BSR_N/C
                            (rising edge-triggered cell FDRE clocked by clk_pl_0  {rise@0.000ns fall@5.000ns period=10.000ns})
  Destination:            gemm_block_i/axi_smc/inst/s01_entry_pipeline/s01_transaction_regulator/inst/xpm_cdc_async_rst_inst/arststages_ff_reg[2]/CLR
                            (recovery check against rising-edge clock clk_pl_0  {rise@0.000ns fall@5.000ns period=10.000ns})
  Path Group:             (none)
  Path Type:              Recovery (Max at Slow Process Corner)
  Data Path Delay:        2.679ns  (logic 0.113ns (4.218%)  route 2.566ns (95.782%))
  Logic Levels:           0  
  Clock Path Skew:        -0.392ns (DCD - SCD + CPR)
    Destination Clock Delay (DCD):    3.147ns
    Source Clock Delay      (SCD):    3.539ns
    Clock Pessimism Removal (CPR):    0.000ns
  Clock Uncertainty:      0.160ns  ((TSJ^2 + DJ^2)^1/2) / 2 + PE
    Total System Jitter     (TSJ):    0.071ns
    Discrete Jitter          (DJ):    0.312ns
    Phase Error              (PE):    0.000ns
  Clock Net Delay (Source):      3.272ns (routing 1.681ns, distribution 1.591ns)
  Clock Net Delay (Destination): 2.931ns (routing 1.538ns, distribution 1.393ns)
  Timing Exception:       False Path

    Location             Delay type                Incr(ns)  Path(ns)    Netlist Resource(s)
  -------------------------------------------------------------------    -------------------
                         (clock clk_pl_0 rise edge)
                                                      0.000     0.000 r  
    PS8_X0Y0             PS8                          0.000     0.000 r  gemm_block_i/zynq_ultra_ps_e_0/inst/PS8_i/PLCLK[0]
                         net (fo=1, routed)           0.229     0.229    gemm_block_i/zynq_ultra_ps_e_0/inst/pl_clk_unbuffered[0]
    BUFG_PS_X0Y90        BUFG_PS (Prop_BUFG_PS_I_O)
                                                      0.038     0.267 r  gemm_block_i/zynq_ultra_ps_e_0/inst/buffer_pl_clk_0.PL_CLK_0_BUFG/O
    X1Y1 (CLOCK_ROOT)    net (fo=46269, routed)       3.272     3.539    gemm_block_i/axi_smc/inst/clk_map/psr_aclk/U0/aclk
    SLICE_X1Y201         FDRE                                         r  gemm_block_i/axi_smc/inst/clk_map/psr_aclk/U0/ACTIVE_LOW_BSR_OUT_DFF[0].FDRE_BSR_N/C
  -------------------------------------------------------------------    -------------------
    SLICE_X1Y201         FDRE (Prop_EFF_SLICEM_C_Q)
                                                      0.113     3.652 r  gemm_block_i/axi_smc/inst/clk_map/psr_aclk/U0/ACTIVE_LOW_BSR_OUT_DFF[0].FDRE_BSR_N/Q
                         net (fo=117, routed)         2.566     6.218    gemm_block_i/axi_smc/inst/s01_entry_pipeline/s01_transaction_regulator/inst/xpm_cdc_async_rst_inst/src_arst
    SLICE_X1Y105         FDCE                                         f  gemm_block_i/axi_smc/inst/s01_entry_pipeline/s01_transaction_regulator/inst/xpm_cdc_async_rst_inst/arststages_ff_reg[2]/CLR  (IS_INVERTED)
  -------------------------------------------------------------------    -------------------

                         (clock clk_pl_0 rise edge)
                                                      0.000     0.000 r  
    PS8_X0Y0             PS8                          0.000     0.000 r  gemm_block_i/zynq_ultra_ps_e_0/inst/PS8_i/PLCLK[0]
                         net (fo=1, routed)           0.181     0.181    gemm_block_i/zynq_ultra_ps_e_0/inst/pl_clk_unbuffered[0]
    BUFG_PS_X0Y90        BUFG_PS (Prop_BUFG_PS_I_O)
                                                      0.035     0.216 r  gemm_block_i/zynq_ultra_ps_e_0/inst/buffer_pl_clk_0.PL_CLK_0_BUFG/O
    X1Y1 (CLOCK_ROOT)    net (fo=46269, routed)       2.931     3.147    gemm_block_i/axi_smc/inst/s01_entry_pipeline/s01_transaction_regulator/inst/xpm_cdc_async_rst_inst/dest_clk
    SLICE_X1Y105         FDCE                                         r  gemm_block_i/axi_smc/inst/s01_entry_pipeline/s01_transaction_regulator/inst/xpm_cdc_async_rst_inst/arststages_ff_reg[2]/C

Slack:                    inf
  Source:                 gemm_block_i/rst_ps8_0_99M/U0/ACTIVE_LOW_PR_OUT_DFF[0].FDRE_PER_N_lopt_replica/C
                            (rising edge-triggered cell FDRE clocked by clk_pl_0  {rise@0.000ns fall@5.000ns period=10.000ns})
  Destination:            gemm_block_i/axi_smc_1/inst/clk_map/psr_aclk/U0/EXT_LPF/ACTIVE_LOW_AUX.ACT_LO_AUX/syncstages_ff_reg[0]/D
                            (rising edge-triggered cell FDRE clocked by clk_pl_0  {rise@0.000ns fall@5.000ns period=10.000ns})
  Path Group:             (none)
  Path Type:              Setup (Max at Slow Process Corner)
  Data Path Delay:        2.853ns  (logic 0.314ns (11.006%)  route 2.539ns (88.994%))
  Logic Levels:           2  (BUFGCE=1 LUT1=1)
  Clock Path Skew:        -0.137ns (DCD - SCD + CPR)
    Destination Clock Delay (DCD):    3.138ns
    Source Clock Delay      (SCD):    3.275ns
    Clock Pessimism Removal (CPR):    0.000ns
  Clock Uncertainty:      0.160ns  ((TSJ^2 + DJ^2)^1/2) / 2 + PE
    Total System Jitter     (TSJ):    0.071ns
    Discrete Jitter          (DJ):    0.312ns
    Phase Error              (PE):    0.000ns
  Clock Net Delay (Source):      3.008ns (routing 1.681ns, distribution 1.327ns)
  Clock Net Delay (Destination): 2.922ns (routing 1.538ns, distribution 1.384ns)
  Timing Exception:       False Path

    Location             Delay type                Incr(ns)  Path(ns)    Netlist Resource(s)
  -------------------------------------------------------------------    -------------------
                         (clock clk_pl_0 rise edge)
                                                      0.000     0.000 r  
    PS8_X0Y0             PS8                          0.000     0.000 r  gemm_block_i/zynq_ultra_ps_e_0/inst/PS8_i/PLCLK[0]
                         net (fo=1, routed)           0.229     0.229    gemm_block_i/zynq_ultra_ps_e_0/inst/pl_clk_unbuffered[0]
    BUFG_PS_X0Y90        BUFG_PS (Prop_BUFG_PS_I_O)
                                                      0.038     0.267 r  gemm_block_i/zynq_ultra_ps_e_0/inst/buffer_pl_clk_0.PL_CLK_0_BUFG/O
    X1Y1 (CLOCK_ROOT)    net (fo=46269, routed)       3.008     3.275    gemm_block_i/rst_ps8_0_99M/U0/slowest_sync_clk
    SLICE_X24Y94         FDRE                                         r  gemm_block_i/rst_ps8_0_99M/U0/ACTIVE_LOW_PR_OUT_DFF[0].FDRE_PER_N_lopt_replica/C
  -------------------------------------------------------------------    -------------------
    SLICE_X24Y94         FDRE (Prop_EFF2_SLICEM_C_Q)
                                                      0.118     3.393 f  gemm_block_i/rst_ps8_0_99M/U0/ACTIVE_LOW_PR_OUT_DFF[0].FDRE_PER_N_lopt_replica/Q
                         net (fo=1, routed)           0.587     3.980    gemm_block_i/rst_ps8_0_99M/U0/Q_replN
    BUFGCE_X0Y24         BUFGCE (Prop_BUFCE_BUFGCE_I_O)
                                                      0.044     4.024 f  gemm_block_i/rst_ps8_0_99M/U0/peripheral_aresetn[0]_BUFG_inst/O
                         net (fo=34010, routed)       1.735     5.759    gemm_block_i/axi_smc_1/inst/clk_map/psr_aclk/U0/EXT_LPF/aresetn
    SLICE_X11Y45         LUT1 (Prop_D6LUT_SLICEL_I0_O)
                                                      0.152     5.911 r  gemm_block_i/axi_smc_1/inst/clk_map/psr_aclk/U0/EXT_LPF/ACTIVE_LOW_AUX.ACT_LO_AUX_i_1/O
                         net (fo=1, routed)           0.217     6.128    gemm_block_i/axi_smc_1/inst/clk_map/psr_aclk/U0/EXT_LPF/ACTIVE_LOW_AUX.ACT_LO_AUX/src_in
    SLICE_X11Y45         FDRE                                         r  gemm_block_i/axi_smc_1/inst/clk_map/psr_aclk/U0/EXT_LPF/ACTIVE_LOW_AUX.ACT_LO_AUX/syncstages_ff_reg[0]/D
  -------------------------------------------------------------------    -------------------

                         (clock clk_pl_0 rise edge)
                                                      0.000     0.000 r  
    PS8_X0Y0             PS8                          0.000     0.000 r  gemm_block_i/zynq_ultra_ps_e_0/inst/PS8_i/PLCLK[0]
                         net (fo=1, routed)           0.181     0.181    gemm_block_i/zynq_ultra_ps_e_0/inst/pl_clk_unbuffered[0]
    BUFG_PS_X0Y90        BUFG_PS (Prop_BUFG_PS_I_O)
                                                      0.035     0.216 r  gemm_block_i/zynq_ultra_ps_e_0/inst/buffer_pl_clk_0.PL_CLK_0_BUFG/O
    X1Y1 (CLOCK_ROOT)    net (fo=46269, routed)       2.922     3.138    gemm_block_i/axi_smc_1/inst/clk_map/psr_aclk/U0/EXT_LPF/ACTIVE_LOW_AUX.ACT_LO_AUX/dest_clk
    SLICE_X11Y45         FDRE                                         r  gemm_block_i/axi_smc_1/inst/clk_map/psr_aclk/U0/EXT_LPF/ACTIVE_LOW_AUX.ACT_LO_AUX/syncstages_ff_reg[0]/C

Slack:                    inf
  Source:                 gemm_block_i/rst_ps8_0_99M/U0/ACTIVE_LOW_PR_OUT_DFF[0].FDRE_PER_N_lopt_replica/C
                            (rising edge-triggered cell FDRE clocked by clk_pl_0  {rise@0.000ns fall@5.000ns period=10.000ns})
  Destination:            gemm_block_i/axi_dma_0/U0/I_RST_MODULE/REG_HRD_RST_OUT/syncstages_ff_reg[0]/D
                            (rising edge-triggered cell FDRE clocked by clk_pl_0  {rise@0.000ns fall@5.000ns period=10.000ns})
  Path Group:             (none)
  Path Type:              Setup (Max at Slow Process Corner)
  Data Path Delay:        2.820ns  (logic 0.386ns (13.688%)  route 2.434ns (86.312%))
  Logic Levels:           2  (BUFGCE=1 LUT1=1)
  Clock Path Skew:        -0.056ns (DCD - SCD + CPR)
    Destination Clock Delay (DCD):    3.219ns
    Source Clock Delay      (SCD):    3.275ns
    Clock Pessimism Removal (CPR):    0.000ns
  Clock Uncertainty:      0.160ns  ((TSJ^2 + DJ^2)^1/2) / 2 + PE
    Total System Jitter     (TSJ):    0.071ns
    Discrete Jitter          (DJ):    0.312ns
    Phase Error              (PE):    0.000ns
  Clock Net Delay (Source):      3.008ns (routing 1.681ns, distribution 1.327ns)
  Clock Net Delay (Destination): 3.003ns (routing 1.538ns, distribution 1.465ns)
  Timing Exception:       False Path

    Location             Delay type                Incr(ns)  Path(ns)    Netlist Resource(s)
  -------------------------------------------------------------------    -------------------
                         (clock clk_pl_0 rise edge)
                                                      0.000     0.000 r  
    PS8_X0Y0             PS8                          0.000     0.000 r  gemm_block_i/zynq_ultra_ps_e_0/inst/PS8_i/PLCLK[0]
                         net (fo=1, routed)           0.229     0.229    gemm_block_i/zynq_ultra_ps_e_0/inst/pl_clk_unbuffered[0]
    BUFG_PS_X0Y90        BUFG_PS (Prop_BUFG_PS_I_O)
                                                      0.038     0.267 r  gemm_block_i/zynq_ultra_ps_e_0/inst/buffer_pl_clk_0.PL_CLK_0_BUFG/O
    X1Y1 (CLOCK_ROOT)    net (fo=46269, routed)       3.008     3.275    gemm_block_i/rst_ps8_0_99M/U0/slowest_sync_clk
    SLICE_X24Y94         FDRE                                         r  gemm_block_i/rst_ps8_0_99M/U0/ACTIVE_LOW_PR_OUT_DFF[0].FDRE_PER_N_lopt_replica/C
  -------------------------------------------------------------------    -------------------
    SLICE_X24Y94         FDRE (Prop_EFF2_SLICEM_C_Q)
                                                      0.118     3.393 r  gemm_block_i/rst_ps8_0_99M/U0/ACTIVE_LOW_PR_OUT_DFF[0].FDRE_PER_N_lopt_replica/Q
                         net (fo=1, routed)           0.587     3.980    gemm_block_i/rst_ps8_0_99M/U0/Q_replN
    BUFGCE_X0Y24         BUFGCE (Prop_BUFCE_BUFGCE_I_O)
                                                      0.044     4.024 r  gemm_block_i/rst_ps8_0_99M/U0/peripheral_aresetn[0]_BUFG_inst/O
                         net (fo=34010, routed)       1.820     5.844    gemm_block_i/axi_dma_0/U0/I_RST_MODULE/REG_HRD_RST_OUT/src_rst
    SLICE_X3Y184         LUT1 (Prop_A5LUT_SLICEL_I0_O)
                                                      0.224     6.068 r  gemm_block_i/axi_dma_0/U0/I_RST_MODULE/REG_HRD_RST_OUT/syncstages_ff_reg[0]_xlnx_opt/O
                         net (fo=1, routed)           0.027     6.095    gemm_block_i/axi_dma_0/U0/I_RST_MODULE/REG_HRD_RST_OUT/syncstages_ff_reg[0]_xlnx_opt_1
    SLICE_X3Y184         FDRE                                         r  gemm_block_i/axi_dma_0/U0/I_RST_MODULE/REG_HRD_RST_OUT/syncstages_ff_reg[0]/D
  -------------------------------------------------------------------    -------------------

                         (clock clk_pl_0 rise edge)
                                                      0.000     0.000 r  
    PS8_X0Y0             PS8                          0.000     0.000 r  gemm_block_i/zynq_ultra_ps_e_0/inst/PS8_i/PLCLK[0]
                         net (fo=1, routed)           0.181     0.181    gemm_block_i/zynq_ultra_ps_e_0/inst/pl_clk_unbuffered[0]
    BUFG_PS_X0Y90        BUFG_PS (Prop_BUFG_PS_I_O)
                                                      0.035     0.216 r  gemm_block_i/zynq_ultra_ps_e_0/inst/buffer_pl_clk_0.PL_CLK_0_BUFG/O
    X1Y1 (CLOCK_ROOT)    net (fo=46269, routed)       3.003     3.219    gemm_block_i/axi_dma_0/U0/I_RST_MODULE/REG_HRD_RST_OUT/dest_clk
    SLICE_X3Y184         FDRE                                         r  gemm_block_i/axi_dma_0/U0/I_RST_MODULE/REG_HRD_RST_OUT/syncstages_ff_reg[0]/C

Slack:                    inf
  Source:                 gemm_block_i/axi_smc/inst/clk_map/psr_aclk/U0/ACTIVE_LOW_BSR_OUT_DFF[0].FDRE_BSR_N/C
                            (rising edge-triggered cell FDRE clocked by clk_pl_0  {rise@0.000ns fall@5.000ns period=10.000ns})
  Destination:            gemm_block_i/axi_smc/inst/s01_entry_pipeline/s01_mmu/inst/xpm_cdc_async_rst_inst/arststages_ff_reg[0]/CLR
                            (recovery check against rising-edge clock clk_pl_0  {rise@0.000ns fall@5.000ns period=10.000ns})
  Path Group:             (none)
  Path Type:              Recovery (Max at Slow Process Corner)
  Data Path Delay:        2.495ns  (logic 0.113ns (4.529%)  route 2.382ns (95.471%))
  Logic Levels:           0  
  Clock Path Skew:        -0.384ns (DCD - SCD + CPR)
    Destination Clock Delay (DCD):    3.155ns
    Source Clock Delay      (SCD):    3.539ns
    Clock Pessimism Removal (CPR):    0.000ns
  Clock Uncertainty:      0.160ns  ((TSJ^2 + DJ^2)^1/2) / 2 + PE
    Total System Jitter     (TSJ):    0.071ns
    Discrete Jitter          (DJ):    0.312ns
    Phase Error              (PE):    0.000ns
  Clock Net Delay (Source):      3.272ns (routing 1.681ns, distribution 1.591ns)
  Clock Net Delay (Destination): 2.939ns (routing 1.538ns, distribution 1.401ns)
  Timing Exception:       False Path

    Location             Delay type                Incr(ns)  Path(ns)    Netlist Resource(s)
  -------------------------------------------------------------------    -------------------
                         (clock clk_pl_0 rise edge)
                                                      0.000     0.000 r  
    PS8_X0Y0             PS8                          0.000     0.000 r  gemm_block_i/zynq_ultra_ps_e_0/inst/PS8_i/PLCLK[0]
                         net (fo=1, routed)           0.229     0.229    gemm_block_i/zynq_ultra_ps_e_0/inst/pl_clk_unbuffered[0]
    BUFG_PS_X0Y90        BUFG_PS (Prop_BUFG_PS_I_O)
                                                      0.038     0.267 r  gemm_block_i/zynq_ultra_ps_e_0/inst/buffer_pl_clk_0.PL_CLK_0_BUFG/O
    X1Y1 (CLOCK_ROOT)    net (fo=46269, routed)       3.272     3.539    gemm_block_i/axi_smc/inst/clk_map/psr_aclk/U0/aclk
    SLICE_X1Y201         FDRE                                         r  gemm_block_i/axi_smc/inst/clk_map/psr_aclk/U0/ACTIVE_LOW_BSR_OUT_DFF[0].FDRE_BSR_N/C
  -------------------------------------------------------------------    -------------------
    SLICE_X1Y201         FDRE (Prop_EFF_SLICEM_C_Q)
                                                      0.113     3.652 r  gemm_block_i/axi_smc/inst/clk_map/psr_aclk/U0/ACTIVE_LOW_BSR_OUT_DFF[0].FDRE_BSR_N/Q
                         net (fo=117, routed)         2.382     6.034    gemm_block_i/axi_smc/inst/s01_entry_pipeline/s01_mmu/inst/xpm_cdc_async_rst_inst/src_arst
    SLICE_X3Y105         FDCE                                         f  gemm_block_i/axi_smc/inst/s01_entry_pipeline/s01_mmu/inst/xpm_cdc_async_rst_inst/arststages_ff_reg[0]/CLR  (IS_INVERTED)
  -------------------------------------------------------------------    -------------------

                         (clock clk_pl_0 rise edge)
                                                      0.000     0.000 r  
    PS8_X0Y0             PS8                          0.000     0.000 r  gemm_block_i/zynq_ultra_ps_e_0/inst/PS8_i/PLCLK[0]
                         net (fo=1, routed)           0.181     0.181    gemm_block_i/zynq_ultra_ps_e_0/inst/pl_clk_unbuffered[0]
    BUFG_PS_X0Y90        BUFG_PS (Prop_BUFG_PS_I_O)
                                                      0.035     0.216 r  gemm_block_i/zynq_ultra_ps_e_0/inst/buffer_pl_clk_0.PL_CLK_0_BUFG/O
    X1Y1 (CLOCK_ROOT)    net (fo=46269, routed)       2.939     3.155    gemm_block_i/axi_smc/inst/s01_entry_pipeline/s01_mmu/inst/xpm_cdc_async_rst_inst/dest_clk
    SLICE_X3Y105         FDCE                                         r  gemm_block_i/axi_smc/inst/s01_entry_pipeline/s01_mmu/inst/xpm_cdc_async_rst_inst/arststages_ff_reg[0]/C

Slack:                    inf
  Source:                 gemm_block_i/axi_smc/inst/clk_map/psr_aclk/U0/ACTIVE_LOW_BSR_OUT_DFF[0].FDRE_BSR_N/C
                            (rising edge-triggered cell FDRE clocked by clk_pl_0  {rise@0.000ns fall@5.000ns period=10.000ns})
  Destination:            gemm_block_i/axi_smc/inst/s01_entry_pipeline/s01_mmu/inst/xpm_cdc_async_rst_inst/arststages_ff_reg[1]/CLR
                            (recovery check against rising-edge clock clk_pl_0  {rise@0.000ns fall@5.000ns period=10.000ns})
  Path Group:             (none)
  Path Type:              Recovery (Max at Slow Process Corner)
  Data Path Delay:        2.495ns  (logic 0.113ns (4.529%)  route 2.382ns (95.471%))
  Logic Levels:           0  
  Clock Path Skew:        -0.384ns (DCD - SCD + CPR)
    Destination Clock Delay (DCD):    3.155ns
    Source Clock Delay      (SCD):    3.539ns
    Clock Pessimism Removal (CPR):    0.000ns
  Clock Uncertainty:      0.160ns  ((TSJ^2 + DJ^2)^1/2) / 2 + PE
    Total System Jitter     (TSJ):    0.071ns
    Discrete Jitter          (DJ):    0.312ns
    Phase Error              (PE):    0.000ns
  Clock Net Delay (Source):      3.272ns (routing 1.681ns, distribution 1.591ns)
  Clock Net Delay (Destination): 2.939ns (routing 1.538ns, distribution 1.401ns)
  Timing Exception:       False Path

    Location             Delay type                Incr(ns)  Path(ns)    Netlist Resource(s)
  -------------------------------------------------------------------    -------------------
                         (clock clk_pl_0 rise edge)
                                                      0.000     0.000 r  
    PS8_X0Y0             PS8                          0.000     0.000 r  gemm_block_i/zynq_ultra_ps_e_0/inst/PS8_i/PLCLK[0]
                         net (fo=1, routed)           0.229     0.229    gemm_block_i/zynq_ultra_ps_e_0/inst/pl_clk_unbuffered[0]
    BUFG_PS_X0Y90        BUFG_PS (Prop_BUFG_PS_I_O)
                                                      0.038     0.267 r  gemm_block_i/zynq_ultra_ps_e_0/inst/buffer_pl_clk_0.PL_CLK_0_BUFG/O
    X1Y1 (CLOCK_ROOT)    net (fo=46269, routed)       3.272     3.539    gemm_block_i/axi_smc/inst/clk_map/psr_aclk/U0/aclk
    SLICE_X1Y201         FDRE                                         r  gemm_block_i/axi_smc/inst/clk_map/psr_aclk/U0/ACTIVE_LOW_BSR_OUT_DFF[0].FDRE_BSR_N/C
  -------------------------------------------------------------------    -------------------
    SLICE_X1Y201         FDRE (Prop_EFF_SLICEM_C_Q)
                                                      0.113     3.652 r  gemm_block_i/axi_smc/inst/clk_map/psr_aclk/U0/ACTIVE_LOW_BSR_OUT_DFF[0].FDRE_BSR_N/Q
                         net (fo=117, routed)         2.382     6.034    gemm_block_i/axi_smc/inst/s01_entry_pipeline/s01_mmu/inst/xpm_cdc_async_rst_inst/src_arst
    SLICE_X3Y105         FDCE                                         f  gemm_block_i/axi_smc/inst/s01_entry_pipeline/s01_mmu/inst/xpm_cdc_async_rst_inst/arststages_ff_reg[1]/CLR  (IS_INVERTED)
  -------------------------------------------------------------------    -------------------

                         (clock clk_pl_0 rise edge)
                                                      0.000     0.000 r  
    PS8_X0Y0             PS8                          0.000     0.000 r  gemm_block_i/zynq_ultra_ps_e_0/inst/PS8_i/PLCLK[0]
                         net (fo=1, routed)           0.181     0.181    gemm_block_i/zynq_ultra_ps_e_0/inst/pl_clk_unbuffered[0]
    BUFG_PS_X0Y90        BUFG_PS (Prop_BUFG_PS_I_O)
                                                      0.035     0.216 r  gemm_block_i/zynq_ultra_ps_e_0/inst/buffer_pl_clk_0.PL_CLK_0_BUFG/O
    X1Y1 (CLOCK_ROOT)    net (fo=46269, routed)       2.939     3.155    gemm_block_i/axi_smc/inst/s01_entry_pipeline/s01_mmu/inst/xpm_cdc_async_rst_inst/dest_clk
    SLICE_X3Y105         FDCE                                         r  gemm_block_i/axi_smc/inst/s01_entry_pipeline/s01_mmu/inst/xpm_cdc_async_rst_inst/arststages_ff_reg[1]/C

Slack:                    inf
  Source:                 gemm_block_i/axi_smc/inst/clk_map/psr_aclk/U0/ACTIVE_LOW_BSR_OUT_DFF[0].FDRE_BSR_N/C
                            (rising edge-triggered cell FDRE clocked by clk_pl_0  {rise@0.000ns fall@5.000ns period=10.000ns})
  Destination:            gemm_block_i/axi_smc/inst/s01_entry_pipeline/s01_mmu/inst/xpm_cdc_async_rst_inst/arststages_ff_reg[2]/CLR
                            (recovery check against rising-edge clock clk_pl_0  {rise@0.000ns fall@5.000ns period=10.000ns})
  Path Group:             (none)
  Path Type:              Recovery (Max at Slow Process Corner)
  Data Path Delay:        2.495ns  (logic 0.113ns (4.529%)  route 2.382ns (95.471%))
  Logic Levels:           0  
  Clock Path Skew:        -0.384ns (DCD - SCD + CPR)
    Destination Clock Delay (DCD):    3.155ns
    Source Clock Delay      (SCD):    3.539ns
    Clock Pessimism Removal (CPR):    0.000ns
  Clock Uncertainty:      0.160ns  ((TSJ^2 + DJ^2)^1/2) / 2 + PE
    Total System Jitter     (TSJ):    0.071ns
    Discrete Jitter          (DJ):    0.312ns
    Phase Error              (PE):    0.000ns
  Clock Net Delay (Source):      3.272ns (routing 1.681ns, distribution 1.591ns)
  Clock Net Delay (Destination): 2.939ns (routing 1.538ns, distribution 1.401ns)
  Timing Exception:       False Path

    Location             Delay type                Incr(ns)  Path(ns)    Netlist Resource(s)
  -------------------------------------------------------------------    -------------------
                         (clock clk_pl_0 rise edge)
                                                      0.000     0.000 r  
    PS8_X0Y0             PS8                          0.000     0.000 r  gemm_block_i/zynq_ultra_ps_e_0/inst/PS8_i/PLCLK[0]
                         net (fo=1, routed)           0.229     0.229    gemm_block_i/zynq_ultra_ps_e_0/inst/pl_clk_unbuffered[0]
    BUFG_PS_X0Y90        BUFG_PS (Prop_BUFG_PS_I_O)
                                                      0.038     0.267 r  gemm_block_i/zynq_ultra_ps_e_0/inst/buffer_pl_clk_0.PL_CLK_0_BUFG/O
    X1Y1 (CLOCK_ROOT)    net (fo=46269, routed)       3.272     3.539    gemm_block_i/axi_smc/inst/clk_map/psr_aclk/U0/aclk
    SLICE_X1Y201         FDRE                                         r  gemm_block_i/axi_smc/inst/clk_map/psr_aclk/U0/ACTIVE_LOW_BSR_OUT_DFF[0].FDRE_BSR_N/C
  -------------------------------------------------------------------    -------------------
    SLICE_X1Y201         FDRE (Prop_EFF_SLICEM_C_Q)
                                                      0.113     3.652 r  gemm_block_i/axi_smc/inst/clk_map/psr_aclk/U0/ACTIVE_LOW_BSR_OUT_DFF[0].FDRE_BSR_N/Q
                         net (fo=117, routed)         2.382     6.034    gemm_block_i/axi_smc/inst/s01_entry_pipeline/s01_mmu/inst/xpm_cdc_async_rst_inst/src_arst
    SLICE_X3Y105         FDCE                                         f  gemm_block_i/axi_smc/inst/s01_entry_pipeline/s01_mmu/inst/xpm_cdc_async_rst_inst/arststages_ff_reg[2]/CLR  (IS_INVERTED)
  -------------------------------------------------------------------    -------------------

                         (clock clk_pl_0 rise edge)
                                                      0.000     0.000 r  
    PS8_X0Y0             PS8                          0.000     0.000 r  gemm_block_i/zynq_ultra_ps_e_0/inst/PS8_i/PLCLK[0]
                         net (fo=1, routed)           0.181     0.181    gemm_block_i/zynq_ultra_ps_e_0/inst/pl_clk_unbuffered[0]
    BUFG_PS_X0Y90        BUFG_PS (Prop_BUFG_PS_I_O)
                                                      0.035     0.216 r  gemm_block_i/zynq_ultra_ps_e_0/inst/buffer_pl_clk_0.PL_CLK_0_BUFG/O
    X1Y1 (CLOCK_ROOT)    net (fo=46269, routed)       2.939     3.155    gemm_block_i/axi_smc/inst/s01_entry_pipeline/s01_mmu/inst/xpm_cdc_async_rst_inst/dest_clk
    SLICE_X3Y105         FDCE                                         r  gemm_block_i/axi_smc/inst/s01_entry_pipeline/s01_mmu/inst/xpm_cdc_async_rst_inst/arststages_ff_reg[2]/C

Slack:                    inf
  Source:                 gemm_block_i/rst_ps8_0_99M/U0/ACTIVE_LOW_PR_OUT_DFF[0].FDRE_PER_N_lopt_replica/C
                            (rising edge-triggered cell FDRE clocked by clk_pl_0  {rise@0.000ns fall@5.000ns period=10.000ns})
  Destination:            gemm_block_i/axi_dma_1/U0/I_RST_MODULE/REG_HRD_RST_OUT/syncstages_ff_reg[0]/D
                            (rising edge-triggered cell FDRE clocked by clk_pl_0  {rise@0.000ns fall@5.000ns period=10.000ns})
  Path Group:             (none)
  Path Type:              Setup (Max at Slow Process Corner)
  Data Path Delay:        2.621ns  (logic 0.354ns (13.506%)  route 2.267ns (86.494%))
  Logic Levels:           2  (BUFGCE=1 LUT1=1)
  Clock Path Skew:        -0.076ns (DCD - SCD + CPR)
    Destination Clock Delay (DCD):    3.199ns
    Source Clock Delay      (SCD):    3.275ns
    Clock Pessimism Removal (CPR):    0.000ns
  Clock Uncertainty:      0.160ns  ((TSJ^2 + DJ^2)^1/2) / 2 + PE
    Total System Jitter     (TSJ):    0.071ns
    Discrete Jitter          (DJ):    0.312ns
    Phase Error              (PE):    0.000ns
  Clock Net Delay (Source):      3.008ns (routing 1.681ns, distribution 1.327ns)
  Clock Net Delay (Destination): 2.983ns (routing 1.538ns, distribution 1.445ns)
  Timing Exception:       False Path

    Location             Delay type                Incr(ns)  Path(ns)    Netlist Resource(s)
  -------------------------------------------------------------------    -------------------
                         (clock clk_pl_0 rise edge)
                                                      0.000     0.000 r  
    PS8_X0Y0             PS8                          0.000     0.000 r  gemm_block_i/zynq_ultra_ps_e_0/inst/PS8_i/PLCLK[0]
                         net (fo=1, routed)           0.229     0.229    gemm_block_i/zynq_ultra_ps_e_0/inst/pl_clk_unbuffered[0]
    BUFG_PS_X0Y90        BUFG_PS (Prop_BUFG_PS_I_O)
                                                      0.038     0.267 r  gemm_block_i/zynq_ultra_ps_e_0/inst/buffer_pl_clk_0.PL_CLK_0_BUFG/O
    X1Y1 (CLOCK_ROOT)    net (fo=46269, routed)       3.008     3.275    gemm_block_i/rst_ps8_0_99M/U0/slowest_sync_clk
    SLICE_X24Y94         FDRE                                         r  gemm_block_i/rst_ps8_0_99M/U0/ACTIVE_LOW_PR_OUT_DFF[0].FDRE_PER_N_lopt_replica/C
  -------------------------------------------------------------------    -------------------
    SLICE_X24Y94         FDRE (Prop_EFF2_SLICEM_C_Q)
                                                      0.118     3.393 r  gemm_block_i/rst_ps8_0_99M/U0/ACTIVE_LOW_PR_OUT_DFF[0].FDRE_PER_N_lopt_replica/Q
                         net (fo=1, routed)           0.587     3.980    gemm_block_i/rst_ps8_0_99M/U0/Q_replN
    BUFGCE_X0Y24         BUFGCE (Prop_BUFCE_BUFGCE_I_O)
                                                      0.044     4.024 r  gemm_block_i/rst_ps8_0_99M/U0/peripheral_aresetn[0]_BUFG_inst/O
                         net (fo=34010, routed)       1.653     5.677    gemm_block_i/axi_dma_1/U0/I_RST_MODULE/REG_HRD_RST_OUT/src_rst
    SLICE_X3Y177         LUT1 (Prop_A5LUT_SLICEL_I0_O)
                                                      0.192     5.869 r  gemm_block_i/axi_dma_1/U0/I_RST_MODULE/REG_HRD_RST_OUT/syncstages_ff_reg[0]_xlnx_opt/O
                         net (fo=1, routed)           0.027     5.896    gemm_block_i/axi_dma_1/U0/I_RST_MODULE/REG_HRD_RST_OUT/syncstages_ff_reg[0]_xlnx_opt_1
    SLICE_X3Y177         FDRE                                         r  gemm_block_i/axi_dma_1/U0/I_RST_MODULE/REG_HRD_RST_OUT/syncstages_ff_reg[0]/D
  -------------------------------------------------------------------    -------------------

                         (clock clk_pl_0 rise edge)
                                                      0.000     0.000 r  
    PS8_X0Y0             PS8                          0.000     0.000 r  gemm_block_i/zynq_ultra_ps_e_0/inst/PS8_i/PLCLK[0]
                         net (fo=1, routed)           0.181     0.181    gemm_block_i/zynq_ultra_ps_e_0/inst/pl_clk_unbuffered[0]
    BUFG_PS_X0Y90        BUFG_PS (Prop_BUFG_PS_I_O)
                                                      0.035     0.216 r  gemm_block_i/zynq_ultra_ps_e_0/inst/buffer_pl_clk_0.PL_CLK_0_BUFG/O
    X1Y1 (CLOCK_ROOT)    net (fo=46269, routed)       2.983     3.199    gemm_block_i/axi_dma_1/U0/I_RST_MODULE/REG_HRD_RST_OUT/dest_clk
    SLICE_X3Y177         FDRE                                         r  gemm_block_i/axi_dma_1/U0/I_RST_MODULE/REG_HRD_RST_OUT/syncstages_ff_reg[0]/C





Min Delay Paths
--------------------------------------------------------------------------------------
Slack:                    inf
  Source:                 gemm_block_i/axi_smc/inst/clk_map/psr_aclk/U0/ACTIVE_LOW_BSR_OUT_DFF[0].FDRE_BSR_N/C
                            (rising edge-triggered cell FDRE clocked by clk_pl_0  {rise@0.000ns fall@5.000ns period=10.000ns})
  Destination:            gemm_block_i/axi_smc/inst/s00_nodes/s00_aw_node/inst/s_sc_xpm_cdc_async_rst_inst/arststages_ff_reg[0]/CLR
                            (removal check against rising-edge clock clk_pl_0  {rise@0.000ns fall@5.000ns period=10.000ns})
  Path Group:             (none)
  Path Type:              Removal (Min at Fast Process Corner)
  Data Path Delay:        0.182ns  (logic 0.082ns (44.960%)  route 0.100ns (55.040%))
  Logic Levels:           0  
  Clock Path Skew:        0.198ns (DCD - SCD - CPR)
    Destination Clock Delay (DCD):    2.174ns
    Source Clock Delay      (SCD):    1.976ns
    Clock Pessimism Removal (CPR):    -0.000ns
  Clock Uncertainty:      0.160ns  ((TSJ^2 + DJ^2)^1/2) / 2 + PE
    Total System Jitter     (TSJ):    0.071ns
    Discrete Jitter          (DJ):    0.312ns
    Phase Error              (PE):    0.000ns
  Clock Net Delay (Source):      1.825ns (routing 0.940ns, distribution 0.885ns)
  Clock Net Delay (Destination): 1.987ns (routing 1.033ns, distribution 0.954ns)
  Timing Exception:       False Path

    Location             Delay type                Incr(ns)  Path(ns)    Netlist Resource(s)
  -------------------------------------------------------------------    -------------------
                         (clock clk_pl_0 rise edge)
                                                      0.000     0.000 r  
    PS8_X0Y0             PS8                          0.000     0.000 r  gemm_block_i/zynq_ultra_ps_e_0/inst/PS8_i/PLCLK[0]
                         net (fo=1, routed)           0.129     0.129    gemm_block_i/zynq_ultra_ps_e_0/inst/pl_clk_unbuffered[0]
    BUFG_PS_X0Y90        BUFG_PS (Prop_BUFG_PS_I_O)
                                                      0.022     0.151 r  gemm_block_i/zynq_ultra_ps_e_0/inst/buffer_pl_clk_0.PL_CLK_0_BUFG/O
    X1Y1 (CLOCK_ROOT)    net (fo=46269, routed)       1.825     1.976    gemm_block_i/axi_smc/inst/clk_map/psr_aclk/U0/aclk
    SLICE_X1Y201         FDRE                                         r  gemm_block_i/axi_smc/inst/clk_map/psr_aclk/U0/ACTIVE_LOW_BSR_OUT_DFF[0].FDRE_BSR_N/C
  -------------------------------------------------------------------    -------------------
    SLICE_X1Y201         FDRE (Prop_EFF_SLICEM_C_Q)
                                                      0.082     2.058 r  gemm_block_i/axi_smc/inst/clk_map/psr_aclk/U0/ACTIVE_LOW_BSR_OUT_DFF[0].FDRE_BSR_N/Q
                         net (fo=117, routed)         0.100     2.158    gemm_block_i/axi_smc/inst/s00_nodes/s00_aw_node/inst/s_sc_xpm_cdc_async_rst_inst/src_arst
    SLICE_X0Y201         FDCE                                         f  gemm_block_i/axi_smc/inst/s00_nodes/s00_aw_node/inst/s_sc_xpm_cdc_async_rst_inst/arststages_ff_reg[0]/CLR  (IS_INVERTED)
  -------------------------------------------------------------------    -------------------

                         (clock clk_pl_0 rise edge)
                                                      0.000     0.000 r  
    PS8_X0Y0             PS8                          0.000     0.000 r  gemm_block_i/zynq_ultra_ps_e_0/inst/PS8_i/PLCLK[0]
                         net (fo=1, routed)           0.164     0.164    gemm_block_i/zynq_ultra_ps_e_0/inst/pl_clk_unbuffered[0]
    BUFG_PS_X0Y90        BUFG_PS (Prop_BUFG_PS_I_O)
                                                      0.023     0.187 r  gemm_block_i/zynq_ultra_ps_e_0/inst/buffer_pl_clk_0.PL_CLK_0_BUFG/O
    X1Y1 (CLOCK_ROOT)    net (fo=46269, routed)       1.987     2.174    gemm_block_i/axi_smc/inst/s00_nodes/s00_aw_node/inst/s_sc_xpm_cdc_async_rst_inst/dest_clk
    SLICE_X0Y201         FDCE                                         r  gemm_block_i/axi_smc/inst/s00_nodes/s00_aw_node/inst/s_sc_xpm_cdc_async_rst_inst/arststages_ff_reg[0]/C

Slack:                    inf
  Source:                 gemm_block_i/axi_smc/inst/clk_map/psr_aclk/U0/ACTIVE_LOW_BSR_OUT_DFF[0].FDRE_BSR_N/C
                            (rising edge-triggered cell FDRE clocked by clk_pl_0  {rise@0.000ns fall@5.000ns period=10.000ns})
  Destination:            gemm_block_i/axi_smc/inst/s00_nodes/s00_aw_node/inst/s_sc_xpm_cdc_async_rst_inst/arststages_ff_reg[1]/CLR
                            (removal check against rising-edge clock clk_pl_0  {rise@0.000ns fall@5.000ns period=10.000ns})
  Path Group:             (none)
  Path Type:              Removal (Min at Fast Process Corner)
  Data Path Delay:        0.182ns  (logic 0.082ns (44.960%)  route 0.100ns (55.040%))
  Logic Levels:           0  
  Clock Path Skew:        0.198ns (DCD - SCD - CPR)
    Destination Clock Delay (DCD):    2.174ns
    Source Clock Delay      (SCD):    1.976ns
    Clock Pessimism Removal (CPR):    -0.000ns
  Clock Uncertainty:      0.160ns  ((TSJ^2 + DJ^2)^1/2) / 2 + PE
    Total System Jitter     (TSJ):    0.071ns
    Discrete Jitter          (DJ):    0.312ns
    Phase Error              (PE):    0.000ns
  Clock Net Delay (Source):      1.825ns (routing 0.940ns, distribution 0.885ns)
  Clock Net Delay (Destination): 1.987ns (routing 1.033ns, distribution 0.954ns)
  Timing Exception:       False Path

    Location             Delay type                Incr(ns)  Path(ns)    Netlist Resource(s)
  -------------------------------------------------------------------    -------------------
                         (clock clk_pl_0 rise edge)
                                                      0.000     0.000 r  
    PS8_X0Y0             PS8                          0.000     0.000 r  gemm_block_i/zynq_ultra_ps_e_0/inst/PS8_i/PLCLK[0]
                         net (fo=1, routed)           0.129     0.129    gemm_block_i/zynq_ultra_ps_e_0/inst/pl_clk_unbuffered[0]
    BUFG_PS_X0Y90        BUFG_PS (Prop_BUFG_PS_I_O)
                                                      0.022     0.151 r  gemm_block_i/zynq_ultra_ps_e_0/inst/buffer_pl_clk_0.PL_CLK_0_BUFG/O
    X1Y1 (CLOCK_ROOT)    net (fo=46269, routed)       1.825     1.976    gemm_block_i/axi_smc/inst/clk_map/psr_aclk/U0/aclk
    SLICE_X1Y201         FDRE                                         r  gemm_block_i/axi_smc/inst/clk_map/psr_aclk/U0/ACTIVE_LOW_BSR_OUT_DFF[0].FDRE_BSR_N/C
  -------------------------------------------------------------------    -------------------
    SLICE_X1Y201         FDRE (Prop_EFF_SLICEM_C_Q)
                                                      0.082     2.058 r  gemm_block_i/axi_smc/inst/clk_map/psr_aclk/U0/ACTIVE_LOW_BSR_OUT_DFF[0].FDRE_BSR_N/Q
                         net (fo=117, routed)         0.100     2.158    gemm_block_i/axi_smc/inst/s00_nodes/s00_aw_node/inst/s_sc_xpm_cdc_async_rst_inst/src_arst
    SLICE_X0Y201         FDCE                                         f  gemm_block_i/axi_smc/inst/s00_nodes/s00_aw_node/inst/s_sc_xpm_cdc_async_rst_inst/arststages_ff_reg[1]/CLR  (IS_INVERTED)
  -------------------------------------------------------------------    -------------------

                         (clock clk_pl_0 rise edge)
                                                      0.000     0.000 r  
    PS8_X0Y0             PS8                          0.000     0.000 r  gemm_block_i/zynq_ultra_ps_e_0/inst/PS8_i/PLCLK[0]
                         net (fo=1, routed)           0.164     0.164    gemm_block_i/zynq_ultra_ps_e_0/inst/pl_clk_unbuffered[0]
    BUFG_PS_X0Y90        BUFG_PS (Prop_BUFG_PS_I_O)
                                                      0.023     0.187 r  gemm_block_i/zynq_ultra_ps_e_0/inst/buffer_pl_clk_0.PL_CLK_0_BUFG/O
    X1Y1 (CLOCK_ROOT)    net (fo=46269, routed)       1.987     2.174    gemm_block_i/axi_smc/inst/s00_nodes/s00_aw_node/inst/s_sc_xpm_cdc_async_rst_inst/dest_clk
    SLICE_X0Y201         FDCE                                         r  gemm_block_i/axi_smc/inst/s00_nodes/s00_aw_node/inst/s_sc_xpm_cdc_async_rst_inst/arststages_ff_reg[1]/C

Slack:                    inf
  Source:                 gemm_block_i/axi_smc/inst/clk_map/psr_aclk/U0/ACTIVE_LOW_BSR_OUT_DFF[0].FDRE_BSR_N/C
                            (rising edge-triggered cell FDRE clocked by clk_pl_0  {rise@0.000ns fall@5.000ns period=10.000ns})
  Destination:            gemm_block_i/axi_smc/inst/s00_nodes/s00_aw_node/inst/s_sc_xpm_cdc_async_rst_inst/arststages_ff_reg[2]/CLR
                            (removal check against rising-edge clock clk_pl_0  {rise@0.000ns fall@5.000ns period=10.000ns})
  Path Group:             (none)
  Path Type:              Removal (Min at Fast Process Corner)
  Data Path Delay:        0.182ns  (logic 0.082ns (44.960%)  route 0.100ns (55.040%))
  Logic Levels:           0  
  Clock Path Skew:        0.198ns (DCD - SCD - CPR)
    Destination Clock Delay (DCD):    2.174ns
    Source Clock Delay      (SCD):    1.976ns
    Clock Pessimism Removal (CPR):    -0.000ns
  Clock Uncertainty:      0.160ns  ((TSJ^2 + DJ^2)^1/2) / 2 + PE
    Total System Jitter     (TSJ):    0.071ns
    Discrete Jitter          (DJ):    0.312ns
    Phase Error              (PE):    0.000ns
  Clock Net Delay (Source):      1.825ns (routing 0.940ns, distribution 0.885ns)
  Clock Net Delay (Destination): 1.987ns (routing 1.033ns, distribution 0.954ns)
  Timing Exception:       False Path

    Location             Delay type                Incr(ns)  Path(ns)    Netlist Resource(s)
  -------------------------------------------------------------------    -------------------
                         (clock clk_pl_0 rise edge)
                                                      0.000     0.000 r  
    PS8_X0Y0             PS8                          0.000     0.000 r  gemm_block_i/zynq_ultra_ps_e_0/inst/PS8_i/PLCLK[0]
                         net (fo=1, routed)           0.129     0.129    gemm_block_i/zynq_ultra_ps_e_0/inst/pl_clk_unbuffered[0]
    BUFG_PS_X0Y90        BUFG_PS (Prop_BUFG_PS_I_O)
                                                      0.022     0.151 r  gemm_block_i/zynq_ultra_ps_e_0/inst/buffer_pl_clk_0.PL_CLK_0_BUFG/O
    X1Y1 (CLOCK_ROOT)    net (fo=46269, routed)       1.825     1.976    gemm_block_i/axi_smc/inst/clk_map/psr_aclk/U0/aclk
    SLICE_X1Y201         FDRE                                         r  gemm_block_i/axi_smc/inst/clk_map/psr_aclk/U0/ACTIVE_LOW_BSR_OUT_DFF[0].FDRE_BSR_N/C
  -------------------------------------------------------------------    -------------------
    SLICE_X1Y201         FDRE (Prop_EFF_SLICEM_C_Q)
                                                      0.082     2.058 r  gemm_block_i/axi_smc/inst/clk_map/psr_aclk/U0/ACTIVE_LOW_BSR_OUT_DFF[0].FDRE_BSR_N/Q
                         net (fo=117, routed)         0.100     2.158    gemm_block_i/axi_smc/inst/s00_nodes/s00_aw_node/inst/s_sc_xpm_cdc_async_rst_inst/src_arst
    SLICE_X0Y201         FDCE                                         f  gemm_block_i/axi_smc/inst/s00_nodes/s00_aw_node/inst/s_sc_xpm_cdc_async_rst_inst/arststages_ff_reg[2]/CLR  (IS_INVERTED)
  -------------------------------------------------------------------    -------------------

                         (clock clk_pl_0 rise edge)
                                                      0.000     0.000 r  
    PS8_X0Y0             PS8                          0.000     0.000 r  gemm_block_i/zynq_ultra_ps_e_0/inst/PS8_i/PLCLK[0]
                         net (fo=1, routed)           0.164     0.164    gemm_block_i/zynq_ultra_ps_e_0/inst/pl_clk_unbuffered[0]
    BUFG_PS_X0Y90        BUFG_PS (Prop_BUFG_PS_I_O)
                                                      0.023     0.187 r  gemm_block_i/zynq_ultra_ps_e_0/inst/buffer_pl_clk_0.PL_CLK_0_BUFG/O
    X1Y1 (CLOCK_ROOT)    net (fo=46269, routed)       1.987     2.174    gemm_block_i/axi_smc/inst/s00_nodes/s00_aw_node/inst/s_sc_xpm_cdc_async_rst_inst/dest_clk
    SLICE_X0Y201         FDCE                                         r  gemm_block_i/axi_smc/inst/s00_nodes/s00_aw_node/inst/s_sc_xpm_cdc_async_rst_inst/arststages_ff_reg[2]/C

Slack:                    inf
  Source:                 gemm_block_i/axi_smc/inst/clk_map/psr_aclk/U0/ACTIVE_LOW_BSR_OUT_DFF[0].FDRE_BSR_N/C
                            (rising edge-triggered cell FDRE clocked by clk_pl_0  {rise@0.000ns fall@5.000ns period=10.000ns})
  Destination:            gemm_block_i/axi_smc/inst/m01_exit_pipeline/m01_exit/inst/xpm_cdc_async_rst_inst/arststages_ff_reg[0]/CLR
                            (removal check against rising-edge clock clk_pl_0  {rise@0.000ns fall@5.000ns period=10.000ns})
  Path Group:             (none)
  Path Type:              Removal (Min at Fast Process Corner)
  Data Path Delay:        0.198ns  (logic 0.082ns (41.357%)  route 0.116ns (58.643%))
  Logic Levels:           0  
  Clock Path Skew:        0.207ns (DCD - SCD - CPR)
    Destination Clock Delay (DCD):    2.183ns
    Source Clock Delay      (SCD):    1.976ns
    Clock Pessimism Removal (CPR):    -0.000ns
  Clock Uncertainty:      0.160ns  ((TSJ^2 + DJ^2)^1/2) / 2 + PE
    Total System Jitter     (TSJ):    0.071ns
    Discrete Jitter          (DJ):    0.312ns
    Phase Error              (PE):    0.000ns
  Clock Net Delay (Source):      1.825ns (routing 0.940ns, distribution 0.885ns)
  Clock Net Delay (Destination): 1.996ns (routing 1.033ns, distribution 0.963ns)
  Timing Exception:       False Path

    Location             Delay type                Incr(ns)  Path(ns)    Netlist Resource(s)
  -------------------------------------------------------------------    -------------------
                         (clock clk_pl_0 rise edge)
                                                      0.000     0.000 r  
    PS8_X0Y0             PS8                          0.000     0.000 r  gemm_block_i/zynq_ultra_ps_e_0/inst/PS8_i/PLCLK[0]
                         net (fo=1, routed)           0.129     0.129    gemm_block_i/zynq_ultra_ps_e_0/inst/pl_clk_unbuffered[0]
    BUFG_PS_X0Y90        BUFG_PS (Prop_BUFG_PS_I_O)
                                                      0.022     0.151 r  gemm_block_i/zynq_ultra_ps_e_0/inst/buffer_pl_clk_0.PL_CLK_0_BUFG/O
    X1Y1 (CLOCK_ROOT)    net (fo=46269, routed)       1.825     1.976    gemm_block_i/axi_smc/inst/clk_map/psr_aclk/U0/aclk
    SLICE_X1Y201         FDRE                                         r  gemm_block_i/axi_smc/inst/clk_map/psr_aclk/U0/ACTIVE_LOW_BSR_OUT_DFF[0].FDRE_BSR_N/C
  -------------------------------------------------------------------    -------------------
    SLICE_X1Y201         FDRE (Prop_EFF_SLICEM_C_Q)
                                                      0.082     2.058 r  gemm_block_i/axi_smc/inst/clk_map/psr_aclk/U0/ACTIVE_LOW_BSR_OUT_DFF[0].FDRE_BSR_N/Q
                         net (fo=117, routed)         0.116     2.174    gemm_block_i/axi_smc/inst/m01_exit_pipeline/m01_exit/inst/xpm_cdc_async_rst_inst/src_arst
    SLICE_X1Y200         FDCE                                         f  gemm_block_i/axi_smc/inst/m01_exit_pipeline/m01_exit/inst/xpm_cdc_async_rst_inst/arststages_ff_reg[0]/CLR  (IS_INVERTED)
  -------------------------------------------------------------------    -------------------

                         (clock clk_pl_0 rise edge)
                                                      0.000     0.000 r  
    PS8_X0Y0             PS8                          0.000     0.000 r  gemm_block_i/zynq_ultra_ps_e_0/inst/PS8_i/PLCLK[0]
                         net (fo=1, routed)           0.164     0.164    gemm_block_i/zynq_ultra_ps_e_0/inst/pl_clk_unbuffered[0]
    BUFG_PS_X0Y90        BUFG_PS (Prop_BUFG_PS_I_O)
                                                      0.023     0.187 r  gemm_block_i/zynq_ultra_ps_e_0/inst/buffer_pl_clk_0.PL_CLK_0_BUFG/O
    X1Y1 (CLOCK_ROOT)    net (fo=46269, routed)       1.996     2.183    gemm_block_i/axi_smc/inst/m01_exit_pipeline/m01_exit/inst/xpm_cdc_async_rst_inst/dest_clk
    SLICE_X1Y200         FDCE                                         r  gemm_block_i/axi_smc/inst/m01_exit_pipeline/m01_exit/inst/xpm_cdc_async_rst_inst/arststages_ff_reg[0]/C

Slack:                    inf
  Source:                 gemm_block_i/axi_smc/inst/clk_map/psr_aclk/U0/ACTIVE_LOW_BSR_OUT_DFF[0].FDRE_BSR_N/C
                            (rising edge-triggered cell FDRE clocked by clk_pl_0  {rise@0.000ns fall@5.000ns period=10.000ns})
  Destination:            gemm_block_i/axi_smc/inst/m01_exit_pipeline/m01_exit/inst/xpm_cdc_async_rst_inst/arststages_ff_reg[1]/CLR
                            (removal check against rising-edge clock clk_pl_0  {rise@0.000ns fall@5.000ns period=10.000ns})
  Path Group:             (none)
  Path Type:              Removal (Min at Fast Process Corner)
  Data Path Delay:        0.198ns  (logic 0.082ns (41.357%)  route 0.116ns (58.643%))
  Logic Levels:           0  
  Clock Path Skew:        0.207ns (DCD - SCD - CPR)
    Destination Clock Delay (DCD):    2.183ns
    Source Clock Delay      (SCD):    1.976ns
    Clock Pessimism Removal (CPR):    -0.000ns
  Clock Uncertainty:      0.160ns  ((TSJ^2 + DJ^2)^1/2) / 2 + PE
    Total System Jitter     (TSJ):    0.071ns
    Discrete Jitter          (DJ):    0.312ns
    Phase Error              (PE):    0.000ns
  Clock Net Delay (Source):      1.825ns (routing 0.940ns, distribution 0.885ns)
  Clock Net Delay (Destination): 1.996ns (routing 1.033ns, distribution 0.963ns)
  Timing Exception:       False Path

    Location             Delay type                Incr(ns)  Path(ns)    Netlist Resource(s)
  -------------------------------------------------------------------    -------------------
                         (clock clk_pl_0 rise edge)
                                                      0.000     0.000 r  
    PS8_X0Y0             PS8                          0.000     0.000 r  gemm_block_i/zynq_ultra_ps_e_0/inst/PS8_i/PLCLK[0]
                         net (fo=1, routed)           0.129     0.129    gemm_block_i/zynq_ultra_ps_e_0/inst/pl_clk_unbuffered[0]
    BUFG_PS_X0Y90        BUFG_PS (Prop_BUFG_PS_I_O)
                                                      0.022     0.151 r  gemm_block_i/zynq_ultra_ps_e_0/inst/buffer_pl_clk_0.PL_CLK_0_BUFG/O
    X1Y1 (CLOCK_ROOT)    net (fo=46269, routed)       1.825     1.976    gemm_block_i/axi_smc/inst/clk_map/psr_aclk/U0/aclk
    SLICE_X1Y201         FDRE                                         r  gemm_block_i/axi_smc/inst/clk_map/psr_aclk/U0/ACTIVE_LOW_BSR_OUT_DFF[0].FDRE_BSR_N/C
  -------------------------------------------------------------------    -------------------
    SLICE_X1Y201         FDRE (Prop_EFF_SLICEM_C_Q)
                                                      0.082     2.058 r  gemm_block_i/axi_smc/inst/clk_map/psr_aclk/U0/ACTIVE_LOW_BSR_OUT_DFF[0].FDRE_BSR_N/Q
                         net (fo=117, routed)         0.116     2.174    gemm_block_i/axi_smc/inst/m01_exit_pipeline/m01_exit/inst/xpm_cdc_async_rst_inst/src_arst
    SLICE_X1Y200         FDCE                                         f  gemm_block_i/axi_smc/inst/m01_exit_pipeline/m01_exit/inst/xpm_cdc_async_rst_inst/arststages_ff_reg[1]/CLR  (IS_INVERTED)
  -------------------------------------------------------------------    -------------------

                         (clock clk_pl_0 rise edge)
                                                      0.000     0.000 r  
    PS8_X0Y0             PS8                          0.000     0.000 r  gemm_block_i/zynq_ultra_ps_e_0/inst/PS8_i/PLCLK[0]
                         net (fo=1, routed)           0.164     0.164    gemm_block_i/zynq_ultra_ps_e_0/inst/pl_clk_unbuffered[0]
    BUFG_PS_X0Y90        BUFG_PS (Prop_BUFG_PS_I_O)
                                                      0.023     0.187 r  gemm_block_i/zynq_ultra_ps_e_0/inst/buffer_pl_clk_0.PL_CLK_0_BUFG/O
    X1Y1 (CLOCK_ROOT)    net (fo=46269, routed)       1.996     2.183    gemm_block_i/axi_smc/inst/m01_exit_pipeline/m01_exit/inst/xpm_cdc_async_rst_inst/dest_clk
    SLICE_X1Y200         FDCE                                         r  gemm_block_i/axi_smc/inst/m01_exit_pipeline/m01_exit/inst/xpm_cdc_async_rst_inst/arststages_ff_reg[1]/C

Slack:                    inf
  Source:                 gemm_block_i/axi_smc/inst/clk_map/psr_aclk/U0/ACTIVE_LOW_BSR_OUT_DFF[0].FDRE_BSR_N/C
                            (rising edge-triggered cell FDRE clocked by clk_pl_0  {rise@0.000ns fall@5.000ns period=10.000ns})
  Destination:            gemm_block_i/axi_smc/inst/m01_exit_pipeline/m01_exit/inst/xpm_cdc_async_rst_inst/arststages_ff_reg[2]/CLR
                            (removal check against rising-edge clock clk_pl_0  {rise@0.000ns fall@5.000ns period=10.000ns})
  Path Group:             (none)
  Path Type:              Removal (Min at Fast Process Corner)
  Data Path Delay:        0.198ns  (logic 0.082ns (41.357%)  route 0.116ns (58.643%))
  Logic Levels:           0  
  Clock Path Skew:        0.207ns (DCD - SCD - CPR)
    Destination Clock Delay (DCD):    2.183ns
    Source Clock Delay      (SCD):    1.976ns
    Clock Pessimism Removal (CPR):    -0.000ns
  Clock Uncertainty:      0.160ns  ((TSJ^2 + DJ^2)^1/2) / 2 + PE
    Total System Jitter     (TSJ):    0.071ns
    Discrete Jitter          (DJ):    0.312ns
    Phase Error              (PE):    0.000ns
  Clock Net Delay (Source):      1.825ns (routing 0.940ns, distribution 0.885ns)
  Clock Net Delay (Destination): 1.996ns (routing 1.033ns, distribution 0.963ns)
  Timing Exception:       False Path

    Location             Delay type                Incr(ns)  Path(ns)    Netlist Resource(s)
  -------------------------------------------------------------------    -------------------
                         (clock clk_pl_0 rise edge)
                                                      0.000     0.000 r  
    PS8_X0Y0             PS8                          0.000     0.000 r  gemm_block_i/zynq_ultra_ps_e_0/inst/PS8_i/PLCLK[0]
                         net (fo=1, routed)           0.129     0.129    gemm_block_i/zynq_ultra_ps_e_0/inst/pl_clk_unbuffered[0]
    BUFG_PS_X0Y90        BUFG_PS (Prop_BUFG_PS_I_O)
                                                      0.022     0.151 r  gemm_block_i/zynq_ultra_ps_e_0/inst/buffer_pl_clk_0.PL_CLK_0_BUFG/O
    X1Y1 (CLOCK_ROOT)    net (fo=46269, routed)       1.825     1.976    gemm_block_i/axi_smc/inst/clk_map/psr_aclk/U0/aclk
    SLICE_X1Y201         FDRE                                         r  gemm_block_i/axi_smc/inst/clk_map/psr_aclk/U0/ACTIVE_LOW_BSR_OUT_DFF[0].FDRE_BSR_N/C
  -------------------------------------------------------------------    -------------------
    SLICE_X1Y201         FDRE (Prop_EFF_SLICEM_C_Q)
                                                      0.082     2.058 r  gemm_block_i/axi_smc/inst/clk_map/psr_aclk/U0/ACTIVE_LOW_BSR_OUT_DFF[0].FDRE_BSR_N/Q
                         net (fo=117, routed)         0.116     2.174    gemm_block_i/axi_smc/inst/m01_exit_pipeline/m01_exit/inst/xpm_cdc_async_rst_inst/src_arst
    SLICE_X1Y200         FDCE                                         f  gemm_block_i/axi_smc/inst/m01_exit_pipeline/m01_exit/inst/xpm_cdc_async_rst_inst/arststages_ff_reg[2]/CLR  (IS_INVERTED)
  -------------------------------------------------------------------    -------------------

                         (clock clk_pl_0 rise edge)
                                                      0.000     0.000 r  
    PS8_X0Y0             PS8                          0.000     0.000 r  gemm_block_i/zynq_ultra_ps_e_0/inst/PS8_i/PLCLK[0]
                         net (fo=1, routed)           0.164     0.164    gemm_block_i/zynq_ultra_ps_e_0/inst/pl_clk_unbuffered[0]
    BUFG_PS_X0Y90        BUFG_PS (Prop_BUFG_PS_I_O)
                                                      0.023     0.187 r  gemm_block_i/zynq_ultra_ps_e_0/inst/buffer_pl_clk_0.PL_CLK_0_BUFG/O
    X1Y1 (CLOCK_ROOT)    net (fo=46269, routed)       1.996     2.183    gemm_block_i/axi_smc/inst/m01_exit_pipeline/m01_exit/inst/xpm_cdc_async_rst_inst/dest_clk
    SLICE_X1Y200         FDCE                                         r  gemm_block_i/axi_smc/inst/m01_exit_pipeline/m01_exit/inst/xpm_cdc_async_rst_inst/arststages_ff_reg[2]/C

Slack:                    inf
  Source:                 gemm_block_i/axi_smc/inst/clk_map/psr_aclk/U0/ACTIVE_LOW_BSR_OUT_DFF[0].FDRE_BSR_N/C
                            (rising edge-triggered cell FDRE clocked by clk_pl_0  {rise@0.000ns fall@5.000ns period=10.000ns})
  Destination:            gemm_block_i/axi_smc/inst/s01_nodes/s01_w_node/inst/s_sc_xpm_cdc_async_rst_inst/arststages_ff_reg[0]/CLR
                            (removal check against rising-edge clock clk_pl_0  {rise@0.000ns fall@5.000ns period=10.000ns})
  Path Group:             (none)
  Path Type:              Removal (Min at Fast Process Corner)
  Data Path Delay:        0.202ns  (logic 0.082ns (40.514%)  route 0.120ns (59.486%))
  Logic Levels:           0  
  Clock Path Skew:        0.199ns (DCD - SCD - CPR)
    Destination Clock Delay (DCD):    2.175ns
    Source Clock Delay      (SCD):    1.976ns
    Clock Pessimism Removal (CPR):    -0.000ns
  Clock Uncertainty:      0.160ns  ((TSJ^2 + DJ^2)^1/2) / 2 + PE
    Total System Jitter     (TSJ):    0.071ns
    Discrete Jitter          (DJ):    0.312ns
    Phase Error              (PE):    0.000ns
  Clock Net Delay (Source):      1.825ns (routing 0.940ns, distribution 0.885ns)
  Clock Net Delay (Destination): 1.988ns (routing 1.033ns, distribution 0.955ns)
  Timing Exception:       False Path

    Location             Delay type                Incr(ns)  Path(ns)    Netlist Resource(s)
  -------------------------------------------------------------------    -------------------
                         (clock clk_pl_0 rise edge)
                                                      0.000     0.000 r  
    PS8_X0Y0             PS8                          0.000     0.000 r  gemm_block_i/zynq_ultra_ps_e_0/inst/PS8_i/PLCLK[0]
                         net (fo=1, routed)           0.129     0.129    gemm_block_i/zynq_ultra_ps_e_0/inst/pl_clk_unbuffered[0]
    BUFG_PS_X0Y90        BUFG_PS (Prop_BUFG_PS_I_O)
                                                      0.022     0.151 r  gemm_block_i/zynq_ultra_ps_e_0/inst/buffer_pl_clk_0.PL_CLK_0_BUFG/O
    X1Y1 (CLOCK_ROOT)    net (fo=46269, routed)       1.825     1.976    gemm_block_i/axi_smc/inst/clk_map/psr_aclk/U0/aclk
    SLICE_X1Y201         FDRE                                         r  gemm_block_i/axi_smc/inst/clk_map/psr_aclk/U0/ACTIVE_LOW_BSR_OUT_DFF[0].FDRE_BSR_N/C
  -------------------------------------------------------------------    -------------------
    SLICE_X1Y201         FDRE (Prop_EFF_SLICEM_C_Q)
                                                      0.082     2.058 r  gemm_block_i/axi_smc/inst/clk_map/psr_aclk/U0/ACTIVE_LOW_BSR_OUT_DFF[0].FDRE_BSR_N/Q
                         net (fo=117, routed)         0.120     2.178    gemm_block_i/axi_smc/inst/s01_nodes/s01_w_node/inst/s_sc_xpm_cdc_async_rst_inst/src_arst
    SLICE_X0Y199         FDCE                                         f  gemm_block_i/axi_smc/inst/s01_nodes/s01_w_node/inst/s_sc_xpm_cdc_async_rst_inst/arststages_ff_reg[0]/CLR  (IS_INVERTED)
  -------------------------------------------------------------------    -------------------

                         (clock clk_pl_0 rise edge)
                                                      0.000     0.000 r  
    PS8_X0Y0             PS8                          0.000     0.000 r  gemm_block_i/zynq_ultra_ps_e_0/inst/PS8_i/PLCLK[0]
                         net (fo=1, routed)           0.164     0.164    gemm_block_i/zynq_ultra_ps_e_0/inst/pl_clk_unbuffered[0]
    BUFG_PS_X0Y90        BUFG_PS (Prop_BUFG_PS_I_O)
                                                      0.023     0.187 r  gemm_block_i/zynq_ultra_ps_e_0/inst/buffer_pl_clk_0.PL_CLK_0_BUFG/O
    X1Y1 (CLOCK_ROOT)    net (fo=46269, routed)       1.988     2.175    gemm_block_i/axi_smc/inst/s01_nodes/s01_w_node/inst/s_sc_xpm_cdc_async_rst_inst/dest_clk
    SLICE_X0Y199         FDCE                                         r  gemm_block_i/axi_smc/inst/s01_nodes/s01_w_node/inst/s_sc_xpm_cdc_async_rst_inst/arststages_ff_reg[0]/C

Slack:                    inf
  Source:                 gemm_block_i/axi_smc/inst/clk_map/psr_aclk/U0/ACTIVE_LOW_BSR_OUT_DFF[0].FDRE_BSR_N/C
                            (rising edge-triggered cell FDRE clocked by clk_pl_0  {rise@0.000ns fall@5.000ns period=10.000ns})
  Destination:            gemm_block_i/axi_smc/inst/s01_nodes/s01_w_node/inst/s_sc_xpm_cdc_async_rst_inst/arststages_ff_reg[1]/CLR
                            (removal check against rising-edge clock clk_pl_0  {rise@0.000ns fall@5.000ns period=10.000ns})
  Path Group:             (none)
  Path Type:              Removal (Min at Fast Process Corner)
  Data Path Delay:        0.202ns  (logic 0.082ns (40.514%)  route 0.120ns (59.486%))
  Logic Levels:           0  
  Clock Path Skew:        0.199ns (DCD - SCD - CPR)
    Destination Clock Delay (DCD):    2.175ns
    Source Clock Delay      (SCD):    1.976ns
    Clock Pessimism Removal (CPR):    -0.000ns
  Clock Uncertainty:      0.160ns  ((TSJ^2 + DJ^2)^1/2) / 2 + PE
    Total System Jitter     (TSJ):    0.071ns
    Discrete Jitter          (DJ):    0.312ns
    Phase Error              (PE):    0.000ns
  Clock Net Delay (Source):      1.825ns (routing 0.940ns, distribution 0.885ns)
  Clock Net Delay (Destination): 1.988ns (routing 1.033ns, distribution 0.955ns)
  Timing Exception:       False Path

    Location             Delay type                Incr(ns)  Path(ns)    Netlist Resource(s)
  -------------------------------------------------------------------    -------------------
                         (clock clk_pl_0 rise edge)
                                                      0.000     0.000 r  
    PS8_X0Y0             PS8                          0.000     0.000 r  gemm_block_i/zynq_ultra_ps_e_0/inst/PS8_i/PLCLK[0]
                         net (fo=1, routed)           0.129     0.129    gemm_block_i/zynq_ultra_ps_e_0/inst/pl_clk_unbuffered[0]
    BUFG_PS_X0Y90        BUFG_PS (Prop_BUFG_PS_I_O)
                                                      0.022     0.151 r  gemm_block_i/zynq_ultra_ps_e_0/inst/buffer_pl_clk_0.PL_CLK_0_BUFG/O
    X1Y1 (CLOCK_ROOT)    net (fo=46269, routed)       1.825     1.976    gemm_block_i/axi_smc/inst/clk_map/psr_aclk/U0/aclk
    SLICE_X1Y201         FDRE                                         r  gemm_block_i/axi_smc/inst/clk_map/psr_aclk/U0/ACTIVE_LOW_BSR_OUT_DFF[0].FDRE_BSR_N/C
  -------------------------------------------------------------------    -------------------
    SLICE_X1Y201         FDRE (Prop_EFF_SLICEM_C_Q)
                                                      0.082     2.058 r  gemm_block_i/axi_smc/inst/clk_map/psr_aclk/U0/ACTIVE_LOW_BSR_OUT_DFF[0].FDRE_BSR_N/Q
                         net (fo=117, routed)         0.120     2.178    gemm_block_i/axi_smc/inst/s01_nodes/s01_w_node/inst/s_sc_xpm_cdc_async_rst_inst/src_arst
    SLICE_X0Y199         FDCE                                         f  gemm_block_i/axi_smc/inst/s01_nodes/s01_w_node/inst/s_sc_xpm_cdc_async_rst_inst/arststages_ff_reg[1]/CLR  (IS_INVERTED)
  -------------------------------------------------------------------    -------------------

                         (clock clk_pl_0 rise edge)
                                                      0.000     0.000 r  
    PS8_X0Y0             PS8                          0.000     0.000 r  gemm_block_i/zynq_ultra_ps_e_0/inst/PS8_i/PLCLK[0]
                         net (fo=1, routed)           0.164     0.164    gemm_block_i/zynq_ultra_ps_e_0/inst/pl_clk_unbuffered[0]
    BUFG_PS_X0Y90        BUFG_PS (Prop_BUFG_PS_I_O)
                                                      0.023     0.187 r  gemm_block_i/zynq_ultra_ps_e_0/inst/buffer_pl_clk_0.PL_CLK_0_BUFG/O
    X1Y1 (CLOCK_ROOT)    net (fo=46269, routed)       1.988     2.175    gemm_block_i/axi_smc/inst/s01_nodes/s01_w_node/inst/s_sc_xpm_cdc_async_rst_inst/dest_clk
    SLICE_X0Y199         FDCE                                         r  gemm_block_i/axi_smc/inst/s01_nodes/s01_w_node/inst/s_sc_xpm_cdc_async_rst_inst/arststages_ff_reg[1]/C

Slack:                    inf
  Source:                 gemm_block_i/axi_smc/inst/clk_map/psr_aclk/U0/ACTIVE_LOW_BSR_OUT_DFF[0].FDRE_BSR_N/C
                            (rising edge-triggered cell FDRE clocked by clk_pl_0  {rise@0.000ns fall@5.000ns period=10.000ns})
  Destination:            gemm_block_i/axi_smc/inst/s01_nodes/s01_w_node/inst/s_sc_xpm_cdc_async_rst_inst/arststages_ff_reg[2]/CLR
                            (removal check against rising-edge clock clk_pl_0  {rise@0.000ns fall@5.000ns period=10.000ns})
  Path Group:             (none)
  Path Type:              Removal (Min at Fast Process Corner)
  Data Path Delay:        0.202ns  (logic 0.082ns (40.514%)  route 0.120ns (59.486%))
  Logic Levels:           0  
  Clock Path Skew:        0.199ns (DCD - SCD - CPR)
    Destination Clock Delay (DCD):    2.175ns
    Source Clock Delay      (SCD):    1.976ns
    Clock Pessimism Removal (CPR):    -0.000ns
  Clock Uncertainty:      0.160ns  ((TSJ^2 + DJ^2)^1/2) / 2 + PE
    Total System Jitter     (TSJ):    0.071ns
    Discrete Jitter          (DJ):    0.312ns
    Phase Error              (PE):    0.000ns
  Clock Net Delay (Source):      1.825ns (routing 0.940ns, distribution 0.885ns)
  Clock Net Delay (Destination): 1.988ns (routing 1.033ns, distribution 0.955ns)
  Timing Exception:       False Path

    Location             Delay type                Incr(ns)  Path(ns)    Netlist Resource(s)
  -------------------------------------------------------------------    -------------------
                         (clock clk_pl_0 rise edge)
                                                      0.000     0.000 r  
    PS8_X0Y0             PS8                          0.000     0.000 r  gemm_block_i/zynq_ultra_ps_e_0/inst/PS8_i/PLCLK[0]
                         net (fo=1, routed)           0.129     0.129    gemm_block_i/zynq_ultra_ps_e_0/inst/pl_clk_unbuffered[0]
    BUFG_PS_X0Y90        BUFG_PS (Prop_BUFG_PS_I_O)
                                                      0.022     0.151 r  gemm_block_i/zynq_ultra_ps_e_0/inst/buffer_pl_clk_0.PL_CLK_0_BUFG/O
    X1Y1 (CLOCK_ROOT)    net (fo=46269, routed)       1.825     1.976    gemm_block_i/axi_smc/inst/clk_map/psr_aclk/U0/aclk
    SLICE_X1Y201         FDRE                                         r  gemm_block_i/axi_smc/inst/clk_map/psr_aclk/U0/ACTIVE_LOW_BSR_OUT_DFF[0].FDRE_BSR_N/C
  -------------------------------------------------------------------    -------------------
    SLICE_X1Y201         FDRE (Prop_EFF_SLICEM_C_Q)
                                                      0.082     2.058 r  gemm_block_i/axi_smc/inst/clk_map/psr_aclk/U0/ACTIVE_LOW_BSR_OUT_DFF[0].FDRE_BSR_N/Q
                         net (fo=117, routed)         0.120     2.178    gemm_block_i/axi_smc/inst/s01_nodes/s01_w_node/inst/s_sc_xpm_cdc_async_rst_inst/src_arst
    SLICE_X0Y199         FDCE                                         f  gemm_block_i/axi_smc/inst/s01_nodes/s01_w_node/inst/s_sc_xpm_cdc_async_rst_inst/arststages_ff_reg[2]/CLR  (IS_INVERTED)
  -------------------------------------------------------------------    -------------------

                         (clock clk_pl_0 rise edge)
                                                      0.000     0.000 r  
    PS8_X0Y0             PS8                          0.000     0.000 r  gemm_block_i/zynq_ultra_ps_e_0/inst/PS8_i/PLCLK[0]
                         net (fo=1, routed)           0.164     0.164    gemm_block_i/zynq_ultra_ps_e_0/inst/pl_clk_unbuffered[0]
    BUFG_PS_X0Y90        BUFG_PS (Prop_BUFG_PS_I_O)
                                                      0.023     0.187 r  gemm_block_i/zynq_ultra_ps_e_0/inst/buffer_pl_clk_0.PL_CLK_0_BUFG/O
    X1Y1 (CLOCK_ROOT)    net (fo=46269, routed)       1.988     2.175    gemm_block_i/axi_smc/inst/s01_nodes/s01_w_node/inst/s_sc_xpm_cdc_async_rst_inst/dest_clk
    SLICE_X0Y199         FDCE                                         r  gemm_block_i/axi_smc/inst/s01_nodes/s01_w_node/inst/s_sc_xpm_cdc_async_rst_inst/arststages_ff_reg[2]/C

Slack:                    inf
  Source:                 gemm_block_i/axi_smc/inst/clk_map/psr_aclk/U0/ACTIVE_LOW_BSR_OUT_DFF[0].FDRE_BSR_N/C
                            (rising edge-triggered cell FDRE clocked by clk_pl_0  {rise@0.000ns fall@5.000ns period=10.000ns})
  Destination:            gemm_block_i/axi_smc/inst/s01_nodes/s01_aw_node/inst/s_sc_xpm_cdc_async_rst_inst/arststages_ff_reg[0]/CLR
                            (removal check against rising-edge clock clk_pl_0  {rise@0.000ns fall@5.000ns period=10.000ns})
  Path Group:             (none)
  Path Type:              Removal (Min at Fast Process Corner)
  Data Path Delay:        0.226ns  (logic 0.082ns (36.320%)  route 0.144ns (63.680%))
  Logic Levels:           0  
  Clock Path Skew:        0.205ns (DCD - SCD - CPR)
    Destination Clock Delay (DCD):    2.181ns
    Source Clock Delay      (SCD):    1.976ns
    Clock Pessimism Removal (CPR):    -0.000ns
  Clock Uncertainty:      0.160ns  ((TSJ^2 + DJ^2)^1/2) / 2 + PE
    Total System Jitter     (TSJ):    0.071ns
    Discrete Jitter          (DJ):    0.312ns
    Phase Error              (PE):    0.000ns
  Clock Net Delay (Source):      1.825ns (routing 0.940ns, distribution 0.885ns)
  Clock Net Delay (Destination): 1.994ns (routing 1.033ns, distribution 0.961ns)
  Timing Exception:       False Path

    Location             Delay type                Incr(ns)  Path(ns)    Netlist Resource(s)
  -------------------------------------------------------------------    -------------------
                         (clock clk_pl_0 rise edge)
                                                      0.000     0.000 r  
    PS8_X0Y0             PS8                          0.000     0.000 r  gemm_block_i/zynq_ultra_ps_e_0/inst/PS8_i/PLCLK[0]
                         net (fo=1, routed)           0.129     0.129    gemm_block_i/zynq_ultra_ps_e_0/inst/pl_clk_unbuffered[0]
    BUFG_PS_X0Y90        BUFG_PS (Prop_BUFG_PS_I_O)
                                                      0.022     0.151 r  gemm_block_i/zynq_ultra_ps_e_0/inst/buffer_pl_clk_0.PL_CLK_0_BUFG/O
    X1Y1 (CLOCK_ROOT)    net (fo=46269, routed)       1.825     1.976    gemm_block_i/axi_smc/inst/clk_map/psr_aclk/U0/aclk
    SLICE_X1Y201         FDRE                                         r  gemm_block_i/axi_smc/inst/clk_map/psr_aclk/U0/ACTIVE_LOW_BSR_OUT_DFF[0].FDRE_BSR_N/C
  -------------------------------------------------------------------    -------------------
    SLICE_X1Y201         FDRE (Prop_EFF_SLICEM_C_Q)
                                                      0.082     2.058 r  gemm_block_i/axi_smc/inst/clk_map/psr_aclk/U0/ACTIVE_LOW_BSR_OUT_DFF[0].FDRE_BSR_N/Q
                         net (fo=117, routed)         0.144     2.202    gemm_block_i/axi_smc/inst/s01_nodes/s01_aw_node/inst/s_sc_xpm_cdc_async_rst_inst/src_arst
    SLICE_X0Y198         FDCE                                         f  gemm_block_i/axi_smc/inst/s01_nodes/s01_aw_node/inst/s_sc_xpm_cdc_async_rst_inst/arststages_ff_reg[0]/CLR  (IS_INVERTED)
  -------------------------------------------------------------------    -------------------

                         (clock clk_pl_0 rise edge)
                                                      0.000     0.000 r  
    PS8_X0Y0             PS8                          0.000     0.000 r  gemm_block_i/zynq_ultra_ps_e_0/inst/PS8_i/PLCLK[0]
                         net (fo=1, routed)           0.164     0.164    gemm_block_i/zynq_ultra_ps_e_0/inst/pl_clk_unbuffered[0]
    BUFG_PS_X0Y90        BUFG_PS (Prop_BUFG_PS_I_O)
                                                      0.023     0.187 r  gemm_block_i/zynq_ultra_ps_e_0/inst/buffer_pl_clk_0.PL_CLK_0_BUFG/O
    X1Y1 (CLOCK_ROOT)    net (fo=46269, routed)       1.994     2.181    gemm_block_i/axi_smc/inst/s01_nodes/s01_aw_node/inst/s_sc_xpm_cdc_async_rst_inst/dest_clk
    SLICE_X0Y198         FDCE                                         r  gemm_block_i/axi_smc/inst/s01_nodes/s01_aw_node/inst/s_sc_xpm_cdc_async_rst_inst/arststages_ff_reg[0]/C





