Copyright 1986-2022 Xilinx, Inc. All Rights Reserved. Copyright 2022-2025 Advanced Micro Devices, Inc. All Rights Reserved.
--------------------------------------------------------------------------------------------------------------------------------------------------------------------------------------------------------------------------------------------------------------------------
| Tool Version      : Vivado v.2025.2 (win64) Build 6299465 Fri Nov 14 19:35:11 GMT 2025
| Date              : Mon Mar 30 08:45:11 2026
| Host              : VuDuong-32 running 64-bit major release  (build 9200)
| Command           : report_timing_summary -max_paths 10 -routable_nets -report_unconstrained -file array_block_wrapper_timing_summary_routed.rpt -pb array_block_wrapper_timing_summary_routed.pb -rpx array_block_wrapper_timing_summary_routed.rpx -warn_on_violation
| Design            : array_block_wrapper
| Device            : xck26-sfvc784
| Speed File        : -2LV  PRODUCTION 1.30 05-15-2022
| Design State      : Routed
| Temperature Grade : C
--------------------------------------------------------------------------------------------------------------------------------------------------------------------------------------------------------------------------------------------------------------------------

Timing Summary Report

------------------------------------------------------------------------------------------------
| Timer Settings
| --------------
------------------------------------------------------------------------------------------------

  Enable Multi Corner Analysis               :  Yes
  Enable Pessimism Removal                   :  Yes
  Pessimism Removal Resolution               :  Nearest Common Node
  Enable Input Delay Default Clock           :  No
  Enable Preset / Clear Arcs                 :  No
  Disable Flight Delays                      :  No
  Ignore I/O Paths                           :  No
  Timing Early Launch at Borrowing Latches   :  No
  Borrow Time for Max Delay Exceptions       :  Yes
  Merge Timing Exceptions                    :  Yes
  Inter-SLR Compensation                     :  Conservative

  Corner  Analyze    Analyze    
  Name    Max Paths  Min Paths  
  ------  ---------  ---------  
  Slow    Yes        Yes        
  Fast    Yes        Yes        


------------------------------------------------------------------------------------------------
| Report Methodology
| ------------------
------------------------------------------------------------------------------------------------

No report available as report_methodology has not been run prior. Run report_methodology on the current design for the summary of methodology violations.



check_timing report

Table of Contents
-----------------
1. checking no_clock (0)
2. checking constant_clock (0)
3. checking pulse_width_clock (0)
4. checking unconstrained_internal_endpoints (0)
5. checking no_input_delay (0)
6. checking no_output_delay (0)
7. checking multiple_clock (0)
8. checking generated_clocks (0)
9. checking loops (0)
10. checking partial_input_delay (0)
11. checking partial_output_delay (0)
12. checking latch_loops (0)

1. checking no_clock (0)
------------------------
 There are 0 register/latch pins with no clock.


2. checking constant_clock (0)
------------------------------
 There are 0 register/latch pins with constant_clock.


3. checking pulse_width_clock (0)
---------------------------------
 There are 0 register/latch pins which need pulse_width check


4. checking unconstrained_internal_endpoints (0)
------------------------------------------------
 There are 0 pins that are not constrained for maximum delay.

 There are 0 pins that are not constrained for maximum delay due to constant clock.


5. checking no_input_delay (0)
------------------------------
 There are 0 input ports with no input delay specified.

 There are 0 input ports with no input delay but user has a false path constraint.


6. checking no_output_delay (0)
-------------------------------
 There are 0 ports with no output delay specified.

 There are 0 ports with no output delay but user has a false path constraint

 There are 0 ports with no output delay but with a timing clock defined on it or propagating through it


7. checking multiple_clock (0)
------------------------------
 There are 0 register/latch pins with multiple clocks.


8. checking generated_clocks (0)
--------------------------------
 There are 0 generated clocks that are not connected to a clock source.


9. checking loops (0)
---------------------
 There are 0 combinational loops in the design.


10. checking partial_input_delay (0)
------------------------------------
 There are 0 input ports with partial input delay specified.


11. checking partial_output_delay (0)
-------------------------------------
 There are 0 ports with partial output delay specified.


12. checking latch_loops (0)
----------------------------
 There are 0 combinational latch loops in the design through latch input



------------------------------------------------------------------------------------------------
| Design Timing Summary
| ---------------------
------------------------------------------------------------------------------------------------

    WNS(ns)      TNS(ns)  TNS Failing Endpoints  TNS Total Endpoints      WHS(ns)      THS(ns)  THS Failing Endpoints  THS Total Endpoints     WPWS(ns)     TPWS(ns)  TPWS Failing Endpoints  TPWS Total Endpoints  
    -------      -------  ---------------------  -------------------      -------      -------  ---------------------  -------------------     --------     --------  ----------------------  --------------------  
      5.476        0.000                      0                 8297        0.018        0.000                      0                 8297        3.500        0.000                       0                  3425  


All user specified timing constraints are met.


------------------------------------------------------------------------------------------------
| Clock Summary
| -------------
------------------------------------------------------------------------------------------------

Clock     Waveform(ns)       Period(ns)      Frequency(MHz)
-----     ------------       ----------      --------------
clk_pl_0  {0.000 5.000}      10.000          100.000         
clk_pl_1  {0.000 5.000}      10.000          100.000         


------------------------------------------------------------------------------------------------
| Intra Clock Table
| -----------------
------------------------------------------------------------------------------------------------

Clock             WNS(ns)      TNS(ns)  TNS Failing Endpoints  TNS Total Endpoints      WHS(ns)      THS(ns)  THS Failing Endpoints  THS Total Endpoints     WPWS(ns)     TPWS(ns)  TPWS Failing Endpoints  TPWS Total Endpoints  
-----             -------      -------  ---------------------  -------------------      -------      -------  ---------------------  -------------------     --------     --------  ----------------------  --------------------  
clk_pl_0            5.476        0.000                      0                 6876        0.018        0.000                      0                 6876        3.500        0.000                       0                  3425  


------------------------------------------------------------------------------------------------
| Inter Clock Table
| -----------------
------------------------------------------------------------------------------------------------

From Clock    To Clock          WNS(ns)      TNS(ns)  TNS Failing Endpoints  TNS Total Endpoints      WHS(ns)      THS(ns)  THS Failing Endpoints  THS Total Endpoints  
----------    --------          -------      -------  ---------------------  -------------------      -------      -------  ---------------------  -------------------  


------------------------------------------------------------------------------------------------
| Other Path Groups Table
| -----------------------
------------------------------------------------------------------------------------------------

Path Group         From Clock         To Clock               WNS(ns)      TNS(ns)  TNS Failing Endpoints  TNS Total Endpoints      WHS(ns)      THS(ns)  THS Failing Endpoints  THS Total Endpoints  
----------         ----------         --------               -------      -------  ---------------------  -------------------      -------      -------  ---------------------  -------------------  
**async_default**  clk_pl_0           clk_pl_0                 5.964        0.000                      0                 1421        1.632        0.000                      0                 1421  


------------------------------------------------------------------------------------------------
| User Ignored Path Table
| -----------------------
------------------------------------------------------------------------------------------------

Path Group    From Clock    To Clock    
----------    ----------    --------    
(none)                      clk_pl_0      
(none)        clk_pl_0      clk_pl_0      


------------------------------------------------------------------------------------------------
| Unconstrained Path Table
| ------------------------
------------------------------------------------------------------------------------------------

Path Group    From Clock    To Clock    
----------    ----------    --------    


------------------------------------------------------------------------------------------------
| Timing Details
| --------------
------------------------------------------------------------------------------------------------


---------------------------------------------------------------------------------------------------
From Clock:  clk_pl_0
  To Clock:  clk_pl_0

Setup :            0  Failing Endpoints,  Worst Slack        5.476ns,  Total Violation        0.000ns
Hold  :            0  Failing Endpoints,  Worst Slack        0.018ns,  Total Violation        0.000ns
PW    :            0  Failing Endpoints,  Worst Slack        3.500ns,  Total Violation        0.000ns
---------------------------------------------------------------------------------------------------


Max Delay Paths
--------------------------------------------------------------------------------------
Slack (MET) :             5.476ns  (required time - arrival time)
  Source:                 array_block_i/zynq_ultra_ps_e_0/inst/PS8_i/MAXIGP0ACLK
                            (rising edge-triggered cell PS8 clocked by clk_pl_0  {rise@0.000ns fall@5.000ns period=10.000ns})
  Destination:            array_block_i/smartconnect_0/inst/switchboards/i_nodes/i_w_node/inst/inst_mi_handler/gen_normal_area.inst_fifo_node_payld/gen_reg_fifo.inst_reg_fifo/gen_single_rank.data_reg[100]/CE
                            (rising edge-triggered cell FDRE clocked by clk_pl_0  {rise@0.000ns fall@5.000ns period=10.000ns})
  Path Group:             clk_pl_0
  Path Type:              Setup (Max at Slow Process Corner)
  Requirement:            10.000ns  (clk_pl_0 rise@10.000ns - clk_pl_0 rise@0.000ns)
  Data Path Delay:        4.243ns  (logic 1.296ns (30.545%)  route 2.947ns (69.455%))
  Logic Levels:           6  (LUT2=1 LUT4=2 LUT5=2 LUT6=1)
  Clock Path Skew:        -0.041ns (DCD - SCD + CPR)
    Destination Clock Delay (DCD):    2.091ns = ( 12.091 - 10.000 ) 
    Source Clock Delay      (SCD):    2.305ns
    Clock Pessimism Removal (CPR):    0.173ns
  Clock Uncertainty:      0.160ns  ((TSJ^2 + DJ^2)^1/2) / 2 + PE
    Total System Jitter     (TSJ):    0.071ns
    Discrete Jitter          (DJ):    0.312ns
    Phase Error              (PE):    0.000ns
  Clock Net Delay (Source):      2.038ns (routing 1.045ns, distribution 0.993ns)
  Clock Net Delay (Destination): 1.875ns (routing 0.955ns, distribution 0.920ns)

    Location             Delay type                Incr(ns)  Path(ns)    Netlist Resource(s)
  -------------------------------------------------------------------    -------------------
                         (clock clk_pl_0 rise edge)
                                                      0.000     0.000 r  
    PS8_X0Y0             PS8                          0.000     0.000 r  array_block_i/zynq_ultra_ps_e_0/inst/PS8_i/PLCLK[0]
                         net (fo=1, routed)           0.229     0.229    array_block_i/zynq_ultra_ps_e_0/inst/pl_clk_unbuffered[0]
    BUFG_PS_X0Y80        BUFG_PS (Prop_BUFG_PS_I_O)
                                                      0.038     0.267 r  array_block_i/zynq_ultra_ps_e_0/inst/buffer_pl_clk_0.PL_CLK_0_BUFG/O
    X0Y1 (CLOCK_ROOT)    net (fo=3425, routed)        2.038     2.305    array_block_i/zynq_ultra_ps_e_0/inst/maxihpm0_fpd_aclk
    PS8_X0Y0             PS8                                          r  array_block_i/zynq_ultra_ps_e_0/inst/PS8_i/MAXIGP0ACLK
  -------------------------------------------------------------------    -------------------
    PS8_X0Y0             PS8 (Prop_PS8_MAXIGP0ACLK_MAXIGP0WVALID)
                                                      0.457     2.762 f  array_block_i/zynq_ultra_ps_e_0/inst/PS8_i/MAXIGP0WVALID
                         net (fo=5, routed)           0.705     3.467    array_block_i/smartconnect_0/inst/s00_entry_pipeline/s00_mmu/inst/s_axi_wvalid
    SLICE_X4Y93          LUT4 (Prop_D5LUT_SLICEM_I0_O)
                                                      0.154     3.621 f  array_block_i/smartconnect_0/inst/s00_entry_pipeline/s00_mmu/inst/m_axi_wvalid_INST_0/O
                         net (fo=19, routed)          0.277     3.897    array_block_i/smartconnect_0/inst/s00_entry_pipeline/s00_si_converter/inst/converter.low_area_converter.low_area_wrap_inst/s_axi_wvalid
    SLICE_X2Y97          LUT6 (Prop_G6LUT_SLICEM_I5_O)
                                                      0.226     4.123 f  array_block_i/smartconnect_0/inst/s00_entry_pipeline/s00_si_converter/inst/converter.low_area_converter.low_area_wrap_inst/s_axi_wready_INST_0_i_5/O
                         net (fo=3, routed)           0.319     4.443    array_block_i/smartconnect_0/inst/s00_entry_pipeline/s00_si_converter/inst/converter.low_area_converter.low_area_wrap_inst/s_axi_wready_INST_0_i_5_n_0
    SLICE_X3Y90          LUT4 (Prop_E6LUT_SLICEL_I3_O)
                                                      0.083     4.526 f  array_block_i/smartconnect_0/inst/s00_entry_pipeline/s00_si_converter/inst/converter.low_area_converter.low_area_wrap_inst/s_axi_wready_INST_0_i_1/O
                         net (fo=12, routed)          0.224     4.750    array_block_i/smartconnect_0/inst/s00_entry_pipeline/s00_si_converter/inst/converter.low_area_converter.low_area_wrap_inst/null_write
    SLICE_X4Y86          LUT5 (Prop_D5LUT_SLICEM_I4_O)
                                                      0.091     4.841 r  array_block_i/smartconnect_0/inst/s00_entry_pipeline/s00_si_converter/inst/converter.low_area_converter.low_area_wrap_inst/m_axi_wvalid_INST_0/O
                         net (fo=3, routed)           0.315     5.156    array_block_i/smartconnect_0/inst/s00_nodes/s00_w_node/inst/inst_mi_handler/s_sc_send[0]
    SLICE_X4Y76          LUT2 (Prop_D5LUT_SLICEM_I0_O)
                                                      0.135     5.291 r  array_block_i/smartconnect_0/inst/s00_nodes/s00_w_node/inst/inst_mi_handler/m_sc_send[0]_INST_0/O
                         net (fo=1, routed)           0.276     5.567    array_block_i/smartconnect_0/inst/switchboards/i_nodes/i_w_node/inst/inst_si_handler/gen_si_handler.gen_request_fifos.gen_req_fifo[0].inst_req_fifo/gen_xpm_memory_fifo.inst_fifo/s_sc_send[0]
    SLICE_X6Y78          LUT5 (Prop_C6LUT_SLICEL_I0_O)
                                                      0.150     5.717 r  array_block_i/smartconnect_0/inst/switchboards/i_nodes/i_w_node/inst/inst_si_handler/gen_si_handler.gen_request_fifos.gen_req_fifo[0].inst_req_fifo/gen_xpm_memory_fifo.inst_fifo/s_axis_arb_tready_INST_0_i_1/O
                         net (fo=159, routed)         0.831     6.548    array_block_i/smartconnect_0/inst/switchboards/i_nodes/i_w_node/inst/inst_mi_handler/gen_normal_area.inst_fifo_node_payld/gen_reg_fifo.inst_reg_fifo/p_0_in2_out[0]
    SLICE_X1Y99          FDRE                                         r  array_block_i/smartconnect_0/inst/switchboards/i_nodes/i_w_node/inst/inst_mi_handler/gen_normal_area.inst_fifo_node_payld/gen_reg_fifo.inst_reg_fifo/gen_single_rank.data_reg[100]/CE
  -------------------------------------------------------------------    -------------------

                         (clock clk_pl_0 rise edge)
                                                     10.000    10.000 r  
    PS8_X0Y0             PS8                          0.000    10.000 r  array_block_i/zynq_ultra_ps_e_0/inst/PS8_i/PLCLK[0]
                         net (fo=1, routed)           0.181    10.181    array_block_i/zynq_ultra_ps_e_0/inst/pl_clk_unbuffered[0]
    BUFG_PS_X0Y80        BUFG_PS (Prop_BUFG_PS_I_O)
                                                      0.035    10.216 r  array_block_i/zynq_ultra_ps_e_0/inst/buffer_pl_clk_0.PL_CLK_0_BUFG/O
    X0Y1 (CLOCK_ROOT)    net (fo=3425, routed)        1.875    12.091    array_block_i/smartconnect_0/inst/switchboards/i_nodes/i_w_node/inst/inst_mi_handler/gen_normal_area.inst_fifo_node_payld/gen_reg_fifo.inst_reg_fifo/s_sc_aclk
    SLICE_X1Y99          FDRE                                         r  array_block_i/smartconnect_0/inst/switchboards/i_nodes/i_w_node/inst/inst_mi_handler/gen_normal_area.inst_fifo_node_payld/gen_reg_fifo.inst_reg_fifo/gen_single_rank.data_reg[100]/C
                         clock pessimism              0.173    12.264    
                         clock uncertainty           -0.160    12.104    
    SLICE_X1Y99          FDRE (Setup_BFF_SLICEM_C_CE)
                                                     -0.080    12.024    array_block_i/smartconnect_0/inst/switchboards/i_nodes/i_w_node/inst/inst_mi_handler/gen_normal_area.inst_fifo_node_payld/gen_reg_fifo.inst_reg_fifo/gen_single_rank.data_reg[100]
  -------------------------------------------------------------------
                         required time                         12.024    
                         arrival time                          -6.548    
  -------------------------------------------------------------------
                         slack                                  5.476    

Slack (MET) :             5.476ns  (required time - arrival time)
  Source:                 array_block_i/zynq_ultra_ps_e_0/inst/PS8_i/MAXIGP0ACLK
                            (rising edge-triggered cell PS8 clocked by clk_pl_0  {rise@0.000ns fall@5.000ns period=10.000ns})
  Destination:            array_block_i/smartconnect_0/inst/switchboards/i_nodes/i_w_node/inst/inst_mi_handler/gen_normal_area.inst_fifo_node_payld/gen_reg_fifo.inst_reg_fifo/gen_single_rank.data_reg[134]/CE
                            (rising edge-triggered cell FDRE clocked by clk_pl_0  {rise@0.000ns fall@5.000ns period=10.000ns})
  Path Group:             clk_pl_0
  Path Type:              Setup (Max at Slow Process Corner)
  Requirement:            10.000ns  (clk_pl_0 rise@10.000ns - clk_pl_0 rise@0.000ns)
  Data Path Delay:        4.243ns  (logic 1.296ns (30.545%)  route 2.947ns (69.455%))
  Logic Levels:           6  (LUT2=1 LUT4=2 LUT5=2 LUT6=1)
  Clock Path Skew:        -0.041ns (DCD - SCD + CPR)
    Destination Clock Delay (DCD):    2.091ns = ( 12.091 - 10.000 ) 
    Source Clock Delay      (SCD):    2.305ns
    Clock Pessimism Removal (CPR):    0.173ns
  Clock Uncertainty:      0.160ns  ((TSJ^2 + DJ^2)^1/2) / 2 + PE
    Total System Jitter     (TSJ):    0.071ns
    Discrete Jitter          (DJ):    0.312ns
    Phase Error              (PE):    0.000ns
  Clock Net Delay (Source):      2.038ns (routing 1.045ns, distribution 0.993ns)
  Clock Net Delay (Destination): 1.875ns (routing 0.955ns, distribution 0.920ns)

    Location             Delay type                Incr(ns)  Path(ns)    Netlist Resource(s)
  -------------------------------------------------------------------    -------------------
                         (clock clk_pl_0 rise edge)
                                                      0.000     0.000 r  
    PS8_X0Y0             PS8                          0.000     0.000 r  array_block_i/zynq_ultra_ps_e_0/inst/PS8_i/PLCLK[0]
                         net (fo=1, routed)           0.229     0.229    array_block_i/zynq_ultra_ps_e_0/inst/pl_clk_unbuffered[0]
    BUFG_PS_X0Y80        BUFG_PS (Prop_BUFG_PS_I_O)
                                                      0.038     0.267 r  array_block_i/zynq_ultra_ps_e_0/inst/buffer_pl_clk_0.PL_CLK_0_BUFG/O
    X0Y1 (CLOCK_ROOT)    net (fo=3425, routed)        2.038     2.305    array_block_i/zynq_ultra_ps_e_0/inst/maxihpm0_fpd_aclk
    PS8_X0Y0             PS8                                          r  array_block_i/zynq_ultra_ps_e_0/inst/PS8_i/MAXIGP0ACLK
  -------------------------------------------------------------------    -------------------
    PS8_X0Y0             PS8 (Prop_PS8_MAXIGP0ACLK_MAXIGP0WVALID)
                                                      0.457     2.762 f  array_block_i/zynq_ultra_ps_e_0/inst/PS8_i/MAXIGP0WVALID
                         net (fo=5, routed)           0.705     3.467    array_block_i/smartconnect_0/inst/s00_entry_pipeline/s00_mmu/inst/s_axi_wvalid
    SLICE_X4Y93          LUT4 (Prop_D5LUT_SLICEM_I0_O)
                                                      0.154     3.621 f  array_block_i/smartconnect_0/inst/s00_entry_pipeline/s00_mmu/inst/m_axi_wvalid_INST_0/O
                         net (fo=19, routed)          0.277     3.897    array_block_i/smartconnect_0/inst/s00_entry_pipeline/s00_si_converter/inst/converter.low_area_converter.low_area_wrap_inst/s_axi_wvalid
    SLICE_X2Y97          LUT6 (Prop_G6LUT_SLICEM_I5_O)
                                                      0.226     4.123 f  array_block_i/smartconnect_0/inst/s00_entry_pipeline/s00_si_converter/inst/converter.low_area_converter.low_area_wrap_inst/s_axi_wready_INST_0_i_5/O
                         net (fo=3, routed)           0.319     4.443    array_block_i/smartconnect_0/inst/s00_entry_pipeline/s00_si_converter/inst/converter.low_area_converter.low_area_wrap_inst/s_axi_wready_INST_0_i_5_n_0
    SLICE_X3Y90          LUT4 (Prop_E6LUT_SLICEL_I3_O)
                                                      0.083     4.526 f  array_block_i/smartconnect_0/inst/s00_entry_pipeline/s00_si_converter/inst/converter.low_area_converter.low_area_wrap_inst/s_axi_wready_INST_0_i_1/O
                         net (fo=12, routed)          0.224     4.750    array_block_i/smartconnect_0/inst/s00_entry_pipeline/s00_si_converter/inst/converter.low_area_converter.low_area_wrap_inst/null_write
    SLICE_X4Y86          LUT5 (Prop_D5LUT_SLICEM_I4_O)
                                                      0.091     4.841 r  array_block_i/smartconnect_0/inst/s00_entry_pipeline/s00_si_converter/inst/converter.low_area_converter.low_area_wrap_inst/m_axi_wvalid_INST_0/O
                         net (fo=3, routed)           0.315     5.156    array_block_i/smartconnect_0/inst/s00_nodes/s00_w_node/inst/inst_mi_handler/s_sc_send[0]
    SLICE_X4Y76          LUT2 (Prop_D5LUT_SLICEM_I0_O)
                                                      0.135     5.291 r  array_block_i/smartconnect_0/inst/s00_nodes/s00_w_node/inst/inst_mi_handler/m_sc_send[0]_INST_0/O
                         net (fo=1, routed)           0.276     5.567    array_block_i/smartconnect_0/inst/switchboards/i_nodes/i_w_node/inst/inst_si_handler/gen_si_handler.gen_request_fifos.gen_req_fifo[0].inst_req_fifo/gen_xpm_memory_fifo.inst_fifo/s_sc_send[0]
    SLICE_X6Y78          LUT5 (Prop_C6LUT_SLICEL_I0_O)
                                                      0.150     5.717 r  array_block_i/smartconnect_0/inst/switchboards/i_nodes/i_w_node/inst/inst_si_handler/gen_si_handler.gen_request_fifos.gen_req_fifo[0].inst_req_fifo/gen_xpm_memory_fifo.inst_fifo/s_axis_arb_tready_INST_0_i_1/O
                         net (fo=159, routed)         0.831     6.548    array_block_i/smartconnect_0/inst/switchboards/i_nodes/i_w_node/inst/inst_mi_handler/gen_normal_area.inst_fifo_node_payld/gen_reg_fifo.inst_reg_fifo/p_0_in2_out[0]
    SLICE_X1Y99          FDRE                                         r  array_block_i/smartconnect_0/inst/switchboards/i_nodes/i_w_node/inst/inst_mi_handler/gen_normal_area.inst_fifo_node_payld/gen_reg_fifo.inst_reg_fifo/gen_single_rank.data_reg[134]/CE
  -------------------------------------------------------------------    -------------------

                         (clock clk_pl_0 rise edge)
                                                     10.000    10.000 r  
    PS8_X0Y0             PS8                          0.000    10.000 r  array_block_i/zynq_ultra_ps_e_0/inst/PS8_i/PLCLK[0]
                         net (fo=1, routed)           0.181    10.181    array_block_i/zynq_ultra_ps_e_0/inst/pl_clk_unbuffered[0]
    BUFG_PS_X0Y80        BUFG_PS (Prop_BUFG_PS_I_O)
                                                      0.035    10.216 r  array_block_i/zynq_ultra_ps_e_0/inst/buffer_pl_clk_0.PL_CLK_0_BUFG/O
    X0Y1 (CLOCK_ROOT)    net (fo=3425, routed)        1.875    12.091    array_block_i/smartconnect_0/inst/switchboards/i_nodes/i_w_node/inst/inst_mi_handler/gen_normal_area.inst_fifo_node_payld/gen_reg_fifo.inst_reg_fifo/s_sc_aclk
    SLICE_X1Y99          FDRE                                         r  array_block_i/smartconnect_0/inst/switchboards/i_nodes/i_w_node/inst/inst_mi_handler/gen_normal_area.inst_fifo_node_payld/gen_reg_fifo.inst_reg_fifo/gen_single_rank.data_reg[134]/C
                         clock pessimism              0.173    12.264    
                         clock uncertainty           -0.160    12.104    
    SLICE_X1Y99          FDRE (Setup_DFF_SLICEM_C_CE)
                                                     -0.080    12.024    array_block_i/smartconnect_0/inst/switchboards/i_nodes/i_w_node/inst/inst_mi_handler/gen_normal_area.inst_fifo_node_payld/gen_reg_fifo.inst_reg_fifo/gen_single_rank.data_reg[134]
  -------------------------------------------------------------------
                         required time                         12.024    
                         arrival time                          -6.548    
  -------------------------------------------------------------------
                         slack                                  5.476    

Slack (MET) :             5.476ns  (required time - arrival time)
  Source:                 array_block_i/zynq_ultra_ps_e_0/inst/PS8_i/MAXIGP0ACLK
                            (rising edge-triggered cell PS8 clocked by clk_pl_0  {rise@0.000ns fall@5.000ns period=10.000ns})
  Destination:            array_block_i/smartconnect_0/inst/switchboards/i_nodes/i_w_node/inst/inst_mi_handler/gen_normal_area.inst_fifo_node_payld/gen_reg_fifo.inst_reg_fifo/gen_single_rank.data_reg[136]/CE
                            (rising edge-triggered cell FDRE clocked by clk_pl_0  {rise@0.000ns fall@5.000ns period=10.000ns})
  Path Group:             clk_pl_0
  Path Type:              Setup (Max at Slow Process Corner)
  Requirement:            10.000ns  (clk_pl_0 rise@10.000ns - clk_pl_0 rise@0.000ns)
  Data Path Delay:        4.244ns  (logic 1.296ns (30.538%)  route 2.948ns (69.462%))
  Logic Levels:           6  (LUT2=1 LUT4=2 LUT5=2 LUT6=1)
  Clock Path Skew:        -0.041ns (DCD - SCD + CPR)
    Destination Clock Delay (DCD):    2.091ns = ( 12.091 - 10.000 ) 
    Source Clock Delay      (SCD):    2.305ns
    Clock Pessimism Removal (CPR):    0.173ns
  Clock Uncertainty:      0.160ns  ((TSJ^2 + DJ^2)^1/2) / 2 + PE
    Total System Jitter     (TSJ):    0.071ns
    Discrete Jitter          (DJ):    0.312ns
    Phase Error              (PE):    0.000ns
  Clock Net Delay (Source):      2.038ns (routing 1.045ns, distribution 0.993ns)
  Clock Net Delay (Destination): 1.875ns (routing 0.955ns, distribution 0.920ns)

    Location             Delay type                Incr(ns)  Path(ns)    Netlist Resource(s)
  -------------------------------------------------------------------    -------------------
                         (clock clk_pl_0 rise edge)
                                                      0.000     0.000 r  
    PS8_X0Y0             PS8                          0.000     0.000 r  array_block_i/zynq_ultra_ps_e_0/inst/PS8_i/PLCLK[0]
                         net (fo=1, routed)           0.229     0.229    array_block_i/zynq_ultra_ps_e_0/inst/pl_clk_unbuffered[0]
    BUFG_PS_X0Y80        BUFG_PS (Prop_BUFG_PS_I_O)
                                                      0.038     0.267 r  array_block_i/zynq_ultra_ps_e_0/inst/buffer_pl_clk_0.PL_CLK_0_BUFG/O
    X0Y1 (CLOCK_ROOT)    net (fo=3425, routed)        2.038     2.305    array_block_i/zynq_ultra_ps_e_0/inst/maxihpm0_fpd_aclk
    PS8_X0Y0             PS8                                          r  array_block_i/zynq_ultra_ps_e_0/inst/PS8_i/MAXIGP0ACLK
  -------------------------------------------------------------------    -------------------
    PS8_X0Y0             PS8 (Prop_PS8_MAXIGP0ACLK_MAXIGP0WVALID)
                                                      0.457     2.762 f  array_block_i/zynq_ultra_ps_e_0/inst/PS8_i/MAXIGP0WVALID
                         net (fo=5, routed)           0.705     3.467    array_block_i/smartconnect_0/inst/s00_entry_pipeline/s00_mmu/inst/s_axi_wvalid
    SLICE_X4Y93          LUT4 (Prop_D5LUT_SLICEM_I0_O)
                                                      0.154     3.621 f  array_block_i/smartconnect_0/inst/s00_entry_pipeline/s00_mmu/inst/m_axi_wvalid_INST_0/O
                         net (fo=19, routed)          0.277     3.897    array_block_i/smartconnect_0/inst/s00_entry_pipeline/s00_si_converter/inst/converter.low_area_converter.low_area_wrap_inst/s_axi_wvalid
    SLICE_X2Y97          LUT6 (Prop_G6LUT_SLICEM_I5_O)
                                                      0.226     4.123 f  array_block_i/smartconnect_0/inst/s00_entry_pipeline/s00_si_converter/inst/converter.low_area_converter.low_area_wrap_inst/s_axi_wready_INST_0_i_5/O
                         net (fo=3, routed)           0.319     4.443    array_block_i/smartconnect_0/inst/s00_entry_pipeline/s00_si_converter/inst/converter.low_area_converter.low_area_wrap_inst/s_axi_wready_INST_0_i_5_n_0
    SLICE_X3Y90          LUT4 (Prop_E6LUT_SLICEL_I3_O)
                                                      0.083     4.526 f  array_block_i/smartconnect_0/inst/s00_entry_pipeline/s00_si_converter/inst/converter.low_area_converter.low_area_wrap_inst/s_axi_wready_INST_0_i_1/O
                         net (fo=12, routed)          0.224     4.750    array_block_i/smartconnect_0/inst/s00_entry_pipeline/s00_si_converter/inst/converter.low_area_converter.low_area_wrap_inst/null_write
    SLICE_X4Y86          LUT5 (Prop_D5LUT_SLICEM_I4_O)
                                                      0.091     4.841 r  array_block_i/smartconnect_0/inst/s00_entry_pipeline/s00_si_converter/inst/converter.low_area_converter.low_area_wrap_inst/m_axi_wvalid_INST_0/O
                         net (fo=3, routed)           0.315     5.156    array_block_i/smartconnect_0/inst/s00_nodes/s00_w_node/inst/inst_mi_handler/s_sc_send[0]
    SLICE_X4Y76          LUT2 (Prop_D5LUT_SLICEM_I0_O)
                                                      0.135     5.291 r  array_block_i/smartconnect_0/inst/s00_nodes/s00_w_node/inst/inst_mi_handler/m_sc_send[0]_INST_0/O
                         net (fo=1, routed)           0.276     5.567    array_block_i/smartconnect_0/inst/switchboards/i_nodes/i_w_node/inst/inst_si_handler/gen_si_handler.gen_request_fifos.gen_req_fifo[0].inst_req_fifo/gen_xpm_memory_fifo.inst_fifo/s_sc_send[0]
    SLICE_X6Y78          LUT5 (Prop_C6LUT_SLICEL_I0_O)
                                                      0.150     5.717 r  array_block_i/smartconnect_0/inst/switchboards/i_nodes/i_w_node/inst/inst_si_handler/gen_si_handler.gen_request_fifos.gen_req_fifo[0].inst_req_fifo/gen_xpm_memory_fifo.inst_fifo/s_axis_arb_tready_INST_0_i_1/O
                         net (fo=159, routed)         0.832     6.549    array_block_i/smartconnect_0/inst/switchboards/i_nodes/i_w_node/inst/inst_mi_handler/gen_normal_area.inst_fifo_node_payld/gen_reg_fifo.inst_reg_fifo/p_0_in2_out[0]
    SLICE_X1Y99          FDRE                                         r  array_block_i/smartconnect_0/inst/switchboards/i_nodes/i_w_node/inst/inst_mi_handler/gen_normal_area.inst_fifo_node_payld/gen_reg_fifo.inst_reg_fifo/gen_single_rank.data_reg[136]/CE
  -------------------------------------------------------------------    -------------------

                         (clock clk_pl_0 rise edge)
                                                     10.000    10.000 r  
    PS8_X0Y0             PS8                          0.000    10.000 r  array_block_i/zynq_ultra_ps_e_0/inst/PS8_i/PLCLK[0]
                         net (fo=1, routed)           0.181    10.181    array_block_i/zynq_ultra_ps_e_0/inst/pl_clk_unbuffered[0]
    BUFG_PS_X0Y80        BUFG_PS (Prop_BUFG_PS_I_O)
                                                      0.035    10.216 r  array_block_i/zynq_ultra_ps_e_0/inst/buffer_pl_clk_0.PL_CLK_0_BUFG/O
    X0Y1 (CLOCK_ROOT)    net (fo=3425, routed)        1.875    12.091    array_block_i/smartconnect_0/inst/switchboards/i_nodes/i_w_node/inst/inst_mi_handler/gen_normal_area.inst_fifo_node_payld/gen_reg_fifo.inst_reg_fifo/s_sc_aclk
    SLICE_X1Y99          FDRE                                         r  array_block_i/smartconnect_0/inst/switchboards/i_nodes/i_w_node/inst/inst_mi_handler/gen_normal_area.inst_fifo_node_payld/gen_reg_fifo.inst_reg_fifo/gen_single_rank.data_reg[136]/C
                         clock pessimism              0.173    12.264    
                         clock uncertainty           -0.160    12.104    
    SLICE_X1Y99          FDRE (Setup_DFF2_SLICEM_C_CE)
                                                     -0.079    12.025    array_block_i/smartconnect_0/inst/switchboards/i_nodes/i_w_node/inst/inst_mi_handler/gen_normal_area.inst_fifo_node_payld/gen_reg_fifo.inst_reg_fifo/gen_single_rank.data_reg[136]
  -------------------------------------------------------------------
                         required time                         12.025    
                         arrival time                          -6.549    
  -------------------------------------------------------------------
                         slack                                  5.476    

Slack (MET) :             5.476ns  (required time - arrival time)
  Source:                 array_block_i/zynq_ultra_ps_e_0/inst/PS8_i/MAXIGP0ACLK
                            (rising edge-triggered cell PS8 clocked by clk_pl_0  {rise@0.000ns fall@5.000ns period=10.000ns})
  Destination:            array_block_i/smartconnect_0/inst/switchboards/i_nodes/i_w_node/inst/inst_mi_handler/gen_normal_area.inst_fifo_node_payld/gen_reg_fifo.inst_reg_fifo/gen_single_rank.data_reg[26]/CE
                            (rising edge-triggered cell FDRE clocked by clk_pl_0  {rise@0.000ns fall@5.000ns period=10.000ns})
  Path Group:             clk_pl_0
  Path Type:              Setup (Max at Slow Process Corner)
  Requirement:            10.000ns  (clk_pl_0 rise@10.000ns - clk_pl_0 rise@0.000ns)
  Data Path Delay:        4.243ns  (logic 1.296ns (30.545%)  route 2.947ns (69.455%))
  Logic Levels:           6  (LUT2=1 LUT4=2 LUT5=2 LUT6=1)
  Clock Path Skew:        -0.041ns (DCD - SCD + CPR)
    Destination Clock Delay (DCD):    2.091ns = ( 12.091 - 10.000 ) 
    Source Clock Delay      (SCD):    2.305ns
    Clock Pessimism Removal (CPR):    0.173ns
  Clock Uncertainty:      0.160ns  ((TSJ^2 + DJ^2)^1/2) / 2 + PE
    Total System Jitter     (TSJ):    0.071ns
    Discrete Jitter          (DJ):    0.312ns
    Phase Error              (PE):    0.000ns
  Clock Net Delay (Source):      2.038ns (routing 1.045ns, distribution 0.993ns)
  Clock Net Delay (Destination): 1.875ns (routing 0.955ns, distribution 0.920ns)

    Location             Delay type                Incr(ns)  Path(ns)    Netlist Resource(s)
  -------------------------------------------------------------------    -------------------
                         (clock clk_pl_0 rise edge)
                                                      0.000     0.000 r  
    PS8_X0Y0             PS8                          0.000     0.000 r  array_block_i/zynq_ultra_ps_e_0/inst/PS8_i/PLCLK[0]
                         net (fo=1, routed)           0.229     0.229    array_block_i/zynq_ultra_ps_e_0/inst/pl_clk_unbuffered[0]
    BUFG_PS_X0Y80        BUFG_PS (Prop_BUFG_PS_I_O)
                                                      0.038     0.267 r  array_block_i/zynq_ultra_ps_e_0/inst/buffer_pl_clk_0.PL_CLK_0_BUFG/O
    X0Y1 (CLOCK_ROOT)    net (fo=3425, routed)        2.038     2.305    array_block_i/zynq_ultra_ps_e_0/inst/maxihpm0_fpd_aclk
    PS8_X0Y0             PS8                                          r  array_block_i/zynq_ultra_ps_e_0/inst/PS8_i/MAXIGP0ACLK
  -------------------------------------------------------------------    -------------------
    PS8_X0Y0             PS8 (Prop_PS8_MAXIGP0ACLK_MAXIGP0WVALID)
                                                      0.457     2.762 f  array_block_i/zynq_ultra_ps_e_0/inst/PS8_i/MAXIGP0WVALID
                         net (fo=5, routed)           0.705     3.467    array_block_i/smartconnect_0/inst/s00_entry_pipeline/s00_mmu/inst/s_axi_wvalid
    SLICE_X4Y93          LUT4 (Prop_D5LUT_SLICEM_I0_O)
                                                      0.154     3.621 f  array_block_i/smartconnect_0/inst/s00_entry_pipeline/s00_mmu/inst/m_axi_wvalid_INST_0/O
                         net (fo=19, routed)          0.277     3.897    array_block_i/smartconnect_0/inst/s00_entry_pipeline/s00_si_converter/inst/converter.low_area_converter.low_area_wrap_inst/s_axi_wvalid
    SLICE_X2Y97          LUT6 (Prop_G6LUT_SLICEM_I5_O)
                                                      0.226     4.123 f  array_block_i/smartconnect_0/inst/s00_entry_pipeline/s00_si_converter/inst/converter.low_area_converter.low_area_wrap_inst/s_axi_wready_INST_0_i_5/O
                         net (fo=3, routed)           0.319     4.443    array_block_i/smartconnect_0/inst/s00_entry_pipeline/s00_si_converter/inst/converter.low_area_converter.low_area_wrap_inst/s_axi_wready_INST_0_i_5_n_0
    SLICE_X3Y90          LUT4 (Prop_E6LUT_SLICEL_I3_O)
                                                      0.083     4.526 f  array_block_i/smartconnect_0/inst/s00_entry_pipeline/s00_si_converter/inst/converter.low_area_converter.low_area_wrap_inst/s_axi_wready_INST_0_i_1/O
                         net (fo=12, routed)          0.224     4.750    array_block_i/smartconnect_0/inst/s00_entry_pipeline/s00_si_converter/inst/converter.low_area_converter.low_area_wrap_inst/null_write
    SLICE_X4Y86          LUT5 (Prop_D5LUT_SLICEM_I4_O)
                                                      0.091     4.841 r  array_block_i/smartconnect_0/inst/s00_entry_pipeline/s00_si_converter/inst/converter.low_area_converter.low_area_wrap_inst/m_axi_wvalid_INST_0/O
                         net (fo=3, routed)           0.315     5.156    array_block_i/smartconnect_0/inst/s00_nodes/s00_w_node/inst/inst_mi_handler/s_sc_send[0]
    SLICE_X4Y76          LUT2 (Prop_D5LUT_SLICEM_I0_O)
                                                      0.135     5.291 r  array_block_i/smartconnect_0/inst/s00_nodes/s00_w_node/inst/inst_mi_handler/m_sc_send[0]_INST_0/O
                         net (fo=1, routed)           0.276     5.567    array_block_i/smartconnect_0/inst/switchboards/i_nodes/i_w_node/inst/inst_si_handler/gen_si_handler.gen_request_fifos.gen_req_fifo[0].inst_req_fifo/gen_xpm_memory_fifo.inst_fifo/s_sc_send[0]
    SLICE_X6Y78          LUT5 (Prop_C6LUT_SLICEL_I0_O)
                                                      0.150     5.717 r  array_block_i/smartconnect_0/inst/switchboards/i_nodes/i_w_node/inst/inst_si_handler/gen_si_handler.gen_request_fifos.gen_req_fifo[0].inst_req_fifo/gen_xpm_memory_fifo.inst_fifo/s_axis_arb_tready_INST_0_i_1/O
                         net (fo=159, routed)         0.831     6.548    array_block_i/smartconnect_0/inst/switchboards/i_nodes/i_w_node/inst/inst_mi_handler/gen_normal_area.inst_fifo_node_payld/gen_reg_fifo.inst_reg_fifo/p_0_in2_out[0]
    SLICE_X1Y99          FDRE                                         r  array_block_i/smartconnect_0/inst/switchboards/i_nodes/i_w_node/inst/inst_mi_handler/gen_normal_area.inst_fifo_node_payld/gen_reg_fifo.inst_reg_fifo/gen_single_rank.data_reg[26]/CE
  -------------------------------------------------------------------    -------------------

                         (clock clk_pl_0 rise edge)
                                                     10.000    10.000 r  
    PS8_X0Y0             PS8                          0.000    10.000 r  array_block_i/zynq_ultra_ps_e_0/inst/PS8_i/PLCLK[0]
                         net (fo=1, routed)           0.181    10.181    array_block_i/zynq_ultra_ps_e_0/inst/pl_clk_unbuffered[0]
    BUFG_PS_X0Y80        BUFG_PS (Prop_BUFG_PS_I_O)
                                                      0.035    10.216 r  array_block_i/zynq_ultra_ps_e_0/inst/buffer_pl_clk_0.PL_CLK_0_BUFG/O
    X0Y1 (CLOCK_ROOT)    net (fo=3425, routed)        1.875    12.091    array_block_i/smartconnect_0/inst/switchboards/i_nodes/i_w_node/inst/inst_mi_handler/gen_normal_area.inst_fifo_node_payld/gen_reg_fifo.inst_reg_fifo/s_sc_aclk
    SLICE_X1Y99          FDRE                                         r  array_block_i/smartconnect_0/inst/switchboards/i_nodes/i_w_node/inst/inst_mi_handler/gen_normal_area.inst_fifo_node_payld/gen_reg_fifo.inst_reg_fifo/gen_single_rank.data_reg[26]/C
                         clock pessimism              0.173    12.264    
                         clock uncertainty           -0.160    12.104    
    SLICE_X1Y99          FDRE (Setup_AFF_SLICEM_C_CE)
                                                     -0.080    12.024    array_block_i/smartconnect_0/inst/switchboards/i_nodes/i_w_node/inst/inst_mi_handler/gen_normal_area.inst_fifo_node_payld/gen_reg_fifo.inst_reg_fifo/gen_single_rank.data_reg[26]
  -------------------------------------------------------------------
                         required time                         12.024    
                         arrival time                          -6.548    
  -------------------------------------------------------------------
                         slack                                  5.476    

Slack (MET) :             5.476ns  (required time - arrival time)
  Source:                 array_block_i/zynq_ultra_ps_e_0/inst/PS8_i/MAXIGP0ACLK
                            (rising edge-triggered cell PS8 clocked by clk_pl_0  {rise@0.000ns fall@5.000ns period=10.000ns})
  Destination:            array_block_i/smartconnect_0/inst/switchboards/i_nodes/i_w_node/inst/inst_mi_handler/gen_normal_area.inst_fifo_node_payld/gen_reg_fifo.inst_reg_fifo/gen_single_rank.data_reg[28]/CE
                            (rising edge-triggered cell FDRE clocked by clk_pl_0  {rise@0.000ns fall@5.000ns period=10.000ns})
  Path Group:             clk_pl_0
  Path Type:              Setup (Max at Slow Process Corner)
  Requirement:            10.000ns  (clk_pl_0 rise@10.000ns - clk_pl_0 rise@0.000ns)
  Data Path Delay:        4.244ns  (logic 1.296ns (30.538%)  route 2.948ns (69.462%))
  Logic Levels:           6  (LUT2=1 LUT4=2 LUT5=2 LUT6=1)
  Clock Path Skew:        -0.041ns (DCD - SCD + CPR)
    Destination Clock Delay (DCD):    2.091ns = ( 12.091 - 10.000 ) 
    Source Clock Delay      (SCD):    2.305ns
    Clock Pessimism Removal (CPR):    0.173ns
  Clock Uncertainty:      0.160ns  ((TSJ^2 + DJ^2)^1/2) / 2 + PE
    Total System Jitter     (TSJ):    0.071ns
    Discrete Jitter          (DJ):    0.312ns
    Phase Error              (PE):    0.000ns
  Clock Net Delay (Source):      2.038ns (routing 1.045ns, distribution 0.993ns)
  Clock Net Delay (Destination): 1.875ns (routing 0.955ns, distribution 0.920ns)

    Location             Delay type                Incr(ns)  Path(ns)    Netlist Resource(s)
  -------------------------------------------------------------------    -------------------
                         (clock clk_pl_0 rise edge)
                                                      0.000     0.000 r  
    PS8_X0Y0             PS8                          0.000     0.000 r  array_block_i/zynq_ultra_ps_e_0/inst/PS8_i/PLCLK[0]
                         net (fo=1, routed)           0.229     0.229    array_block_i/zynq_ultra_ps_e_0/inst/pl_clk_unbuffered[0]
    BUFG_PS_X0Y80        BUFG_PS (Prop_BUFG_PS_I_O)
                                                      0.038     0.267 r  array_block_i/zynq_ultra_ps_e_0/inst/buffer_pl_clk_0.PL_CLK_0_BUFG/O
    X0Y1 (CLOCK_ROOT)    net (fo=3425, routed)        2.038     2.305    array_block_i/zynq_ultra_ps_e_0/inst/maxihpm0_fpd_aclk
    PS8_X0Y0             PS8                                          r  array_block_i/zynq_ultra_ps_e_0/inst/PS8_i/MAXIGP0ACLK
  -------------------------------------------------------------------    -------------------
    PS8_X0Y0             PS8 (Prop_PS8_MAXIGP0ACLK_MAXIGP0WVALID)
                                                      0.457     2.762 f  array_block_i/zynq_ultra_ps_e_0/inst/PS8_i/MAXIGP0WVALID
                         net (fo=5, routed)           0.705     3.467    array_block_i/smartconnect_0/inst/s00_entry_pipeline/s00_mmu/inst/s_axi_wvalid
    SLICE_X4Y93          LUT4 (Prop_D5LUT_SLICEM_I0_O)
                                                      0.154     3.621 f  array_block_i/smartconnect_0/inst/s00_entry_pipeline/s00_mmu/inst/m_axi_wvalid_INST_0/O
                         net (fo=19, routed)          0.277     3.897    array_block_i/smartconnect_0/inst/s00_entry_pipeline/s00_si_converter/inst/converter.low_area_converter.low_area_wrap_inst/s_axi_wvalid
    SLICE_X2Y97          LUT6 (Prop_G6LUT_SLICEM_I5_O)
                                                      0.226     4.123 f  array_block_i/smartconnect_0/inst/s00_entry_pipeline/s00_si_converter/inst/converter.low_area_converter.low_area_wrap_inst/s_axi_wready_INST_0_i_5/O
                         net (fo=3, routed)           0.319     4.443    array_block_i/smartconnect_0/inst/s00_entry_pipeline/s00_si_converter/inst/converter.low_area_converter.low_area_wrap_inst/s_axi_wready_INST_0_i_5_n_0
    SLICE_X3Y90          LUT4 (Prop_E6LUT_SLICEL_I3_O)
                                                      0.083     4.526 f  array_block_i/smartconnect_0/inst/s00_entry_pipeline/s00_si_converter/inst/converter.low_area_converter.low_area_wrap_inst/s_axi_wready_INST_0_i_1/O
                         net (fo=12, routed)          0.224     4.750    array_block_i/smartconnect_0/inst/s00_entry_pipeline/s00_si_converter/inst/converter.low_area_converter.low_area_wrap_inst/null_write
    SLICE_X4Y86          LUT5 (Prop_D5LUT_SLICEM_I4_O)
                                                      0.091     4.841 r  array_block_i/smartconnect_0/inst/s00_entry_pipeline/s00_si_converter/inst/converter.low_area_converter.low_area_wrap_inst/m_axi_wvalid_INST_0/O
                         net (fo=3, routed)           0.315     5.156    array_block_i/smartconnect_0/inst/s00_nodes/s00_w_node/inst/inst_mi_handler/s_sc_send[0]
    SLICE_X4Y76          LUT2 (Prop_D5LUT_SLICEM_I0_O)
                                                      0.135     5.291 r  array_block_i/smartconnect_0/inst/s00_nodes/s00_w_node/inst/inst_mi_handler/m_sc_send[0]_INST_0/O
                         net (fo=1, routed)           0.276     5.567    array_block_i/smartconnect_0/inst/switchboards/i_nodes/i_w_node/inst/inst_si_handler/gen_si_handler.gen_request_fifos.gen_req_fifo[0].inst_req_fifo/gen_xpm_memory_fifo.inst_fifo/s_sc_send[0]
    SLICE_X6Y78          LUT5 (Prop_C6LUT_SLICEL_I0_O)
                                                      0.150     5.717 r  array_block_i/smartconnect_0/inst/switchboards/i_nodes/i_w_node/inst/inst_si_handler/gen_si_handler.gen_request_fifos.gen_req_fifo[0].inst_req_fifo/gen_xpm_memory_fifo.inst_fifo/s_axis_arb_tready_INST_0_i_1/O
                         net (fo=159, routed)         0.832     6.549    array_block_i/smartconnect_0/inst/switchboards/i_nodes/i_w_node/inst/inst_mi_handler/gen_normal_area.inst_fifo_node_payld/gen_reg_fifo.inst_reg_fifo/p_0_in2_out[0]
    SLICE_X1Y99          FDRE                                         r  array_block_i/smartconnect_0/inst/switchboards/i_nodes/i_w_node/inst/inst_mi_handler/gen_normal_area.inst_fifo_node_payld/gen_reg_fifo.inst_reg_fifo/gen_single_rank.data_reg[28]/CE
  -------------------------------------------------------------------    -------------------

                         (clock clk_pl_0 rise edge)
                                                     10.000    10.000 r  
    PS8_X0Y0             PS8                          0.000    10.000 r  array_block_i/zynq_ultra_ps_e_0/inst/PS8_i/PLCLK[0]
                         net (fo=1, routed)           0.181    10.181    array_block_i/zynq_ultra_ps_e_0/inst/pl_clk_unbuffered[0]
    BUFG_PS_X0Y80        BUFG_PS (Prop_BUFG_PS_I_O)
                                                      0.035    10.216 r  array_block_i/zynq_ultra_ps_e_0/inst/buffer_pl_clk_0.PL_CLK_0_BUFG/O
    X0Y1 (CLOCK_ROOT)    net (fo=3425, routed)        1.875    12.091    array_block_i/smartconnect_0/inst/switchboards/i_nodes/i_w_node/inst/inst_mi_handler/gen_normal_area.inst_fifo_node_payld/gen_reg_fifo.inst_reg_fifo/s_sc_aclk
    SLICE_X1Y99          FDRE                                         r  array_block_i/smartconnect_0/inst/switchboards/i_nodes/i_w_node/inst/inst_mi_handler/gen_normal_area.inst_fifo_node_payld/gen_reg_fifo.inst_reg_fifo/gen_single_rank.data_reg[28]/C
                         clock pessimism              0.173    12.264    
                         clock uncertainty           -0.160    12.104    
    SLICE_X1Y99          FDRE (Setup_AFF2_SLICEM_C_CE)
                                                     -0.079    12.025    array_block_i/smartconnect_0/inst/switchboards/i_nodes/i_w_node/inst/inst_mi_handler/gen_normal_area.inst_fifo_node_payld/gen_reg_fifo.inst_reg_fifo/gen_single_rank.data_reg[28]
  -------------------------------------------------------------------
                         required time                         12.025    
                         arrival time                          -6.549    
  -------------------------------------------------------------------
                         slack                                  5.476    

Slack (MET) :             5.476ns  (required time - arrival time)
  Source:                 array_block_i/zynq_ultra_ps_e_0/inst/PS8_i/MAXIGP0ACLK
                            (rising edge-triggered cell PS8 clocked by clk_pl_0  {rise@0.000ns fall@5.000ns period=10.000ns})
  Destination:            array_block_i/smartconnect_0/inst/switchboards/i_nodes/i_w_node/inst/inst_mi_handler/gen_normal_area.inst_fifo_node_payld/gen_reg_fifo.inst_reg_fifo/gen_single_rank.data_reg[62]/CE
                            (rising edge-triggered cell FDRE clocked by clk_pl_0  {rise@0.000ns fall@5.000ns period=10.000ns})
  Path Group:             clk_pl_0
  Path Type:              Setup (Max at Slow Process Corner)
  Requirement:            10.000ns  (clk_pl_0 rise@10.000ns - clk_pl_0 rise@0.000ns)
  Data Path Delay:        4.243ns  (logic 1.296ns (30.545%)  route 2.947ns (69.455%))
  Logic Levels:           6  (LUT2=1 LUT4=2 LUT5=2 LUT6=1)
  Clock Path Skew:        -0.041ns (DCD - SCD + CPR)
    Destination Clock Delay (DCD):    2.091ns = ( 12.091 - 10.000 ) 
    Source Clock Delay      (SCD):    2.305ns
    Clock Pessimism Removal (CPR):    0.173ns
  Clock Uncertainty:      0.160ns  ((TSJ^2 + DJ^2)^1/2) / 2 + PE
    Total System Jitter     (TSJ):    0.071ns
    Discrete Jitter          (DJ):    0.312ns
    Phase Error              (PE):    0.000ns
  Clock Net Delay (Source):      2.038ns (routing 1.045ns, distribution 0.993ns)
  Clock Net Delay (Destination): 1.875ns (routing 0.955ns, distribution 0.920ns)

    Location             Delay type                Incr(ns)  Path(ns)    Netlist Resource(s)
  -------------------------------------------------------------------    -------------------
                         (clock clk_pl_0 rise edge)
                                                      0.000     0.000 r  
    PS8_X0Y0             PS8                          0.000     0.000 r  array_block_i/zynq_ultra_ps_e_0/inst/PS8_i/PLCLK[0]
                         net (fo=1, routed)           0.229     0.229    array_block_i/zynq_ultra_ps_e_0/inst/pl_clk_unbuffered[0]
    BUFG_PS_X0Y80        BUFG_PS (Prop_BUFG_PS_I_O)
                                                      0.038     0.267 r  array_block_i/zynq_ultra_ps_e_0/inst/buffer_pl_clk_0.PL_CLK_0_BUFG/O
    X0Y1 (CLOCK_ROOT)    net (fo=3425, routed)        2.038     2.305    array_block_i/zynq_ultra_ps_e_0/inst/maxihpm0_fpd_aclk
    PS8_X0Y0             PS8                                          r  array_block_i/zynq_ultra_ps_e_0/inst/PS8_i/MAXIGP0ACLK
  -------------------------------------------------------------------    -------------------
    PS8_X0Y0             PS8 (Prop_PS8_MAXIGP0ACLK_MAXIGP0WVALID)
                                                      0.457     2.762 f  array_block_i/zynq_ultra_ps_e_0/inst/PS8_i/MAXIGP0WVALID
                         net (fo=5, routed)           0.705     3.467    array_block_i/smartconnect_0/inst/s00_entry_pipeline/s00_mmu/inst/s_axi_wvalid
    SLICE_X4Y93          LUT4 (Prop_D5LUT_SLICEM_I0_O)
                                                      0.154     3.621 f  array_block_i/smartconnect_0/inst/s00_entry_pipeline/s00_mmu/inst/m_axi_wvalid_INST_0/O
                         net (fo=19, routed)          0.277     3.897    array_block_i/smartconnect_0/inst/s00_entry_pipeline/s00_si_converter/inst/converter.low_area_converter.low_area_wrap_inst/s_axi_wvalid
    SLICE_X2Y97          LUT6 (Prop_G6LUT_SLICEM_I5_O)
                                                      0.226     4.123 f  array_block_i/smartconnect_0/inst/s00_entry_pipeline/s00_si_converter/inst/converter.low_area_converter.low_area_wrap_inst/s_axi_wready_INST_0_i_5/O
                         net (fo=3, routed)           0.319     4.443    array_block_i/smartconnect_0/inst/s00_entry_pipeline/s00_si_converter/inst/converter.low_area_converter.low_area_wrap_inst/s_axi_wready_INST_0_i_5_n_0
    SLICE_X3Y90          LUT4 (Prop_E6LUT_SLICEL_I3_O)
                                                      0.083     4.526 f  array_block_i/smartconnect_0/inst/s00_entry_pipeline/s00_si_converter/inst/converter.low_area_converter.low_area_wrap_inst/s_axi_wready_INST_0_i_1/O
                         net (fo=12, routed)          0.224     4.750    array_block_i/smartconnect_0/inst/s00_entry_pipeline/s00_si_converter/inst/converter.low_area_converter.low_area_wrap_inst/null_write
    SLICE_X4Y86          LUT5 (Prop_D5LUT_SLICEM_I4_O)
                                                      0.091     4.841 r  array_block_i/smartconnect_0/inst/s00_entry_pipeline/s00_si_converter/inst/converter.low_area_converter.low_area_wrap_inst/m_axi_wvalid_INST_0/O
                         net (fo=3, routed)           0.315     5.156    array_block_i/smartconnect_0/inst/s00_nodes/s00_w_node/inst/inst_mi_handler/s_sc_send[0]
    SLICE_X4Y76          LUT2 (Prop_D5LUT_SLICEM_I0_O)
                                                      0.135     5.291 r  array_block_i/smartconnect_0/inst/s00_nodes/s00_w_node/inst/inst_mi_handler/m_sc_send[0]_INST_0/O
                         net (fo=1, routed)           0.276     5.567    array_block_i/smartconnect_0/inst/switchboards/i_nodes/i_w_node/inst/inst_si_handler/gen_si_handler.gen_request_fifos.gen_req_fifo[0].inst_req_fifo/gen_xpm_memory_fifo.inst_fifo/s_sc_send[0]
    SLICE_X6Y78          LUT5 (Prop_C6LUT_SLICEL_I0_O)
                                                      0.150     5.717 r  array_block_i/smartconnect_0/inst/switchboards/i_nodes/i_w_node/inst/inst_si_handler/gen_si_handler.gen_request_fifos.gen_req_fifo[0].inst_req_fifo/gen_xpm_memory_fifo.inst_fifo/s_axis_arb_tready_INST_0_i_1/O
                         net (fo=159, routed)         0.831     6.548    array_block_i/smartconnect_0/inst/switchboards/i_nodes/i_w_node/inst/inst_mi_handler/gen_normal_area.inst_fifo_node_payld/gen_reg_fifo.inst_reg_fifo/p_0_in2_out[0]
    SLICE_X1Y99          FDRE                                         r  array_block_i/smartconnect_0/inst/switchboards/i_nodes/i_w_node/inst/inst_mi_handler/gen_normal_area.inst_fifo_node_payld/gen_reg_fifo.inst_reg_fifo/gen_single_rank.data_reg[62]/CE
  -------------------------------------------------------------------    -------------------

                         (clock clk_pl_0 rise edge)
                                                     10.000    10.000 r  
    PS8_X0Y0             PS8                          0.000    10.000 r  array_block_i/zynq_ultra_ps_e_0/inst/PS8_i/PLCLK[0]
                         net (fo=1, routed)           0.181    10.181    array_block_i/zynq_ultra_ps_e_0/inst/pl_clk_unbuffered[0]
    BUFG_PS_X0Y80        BUFG_PS (Prop_BUFG_PS_I_O)
                                                      0.035    10.216 r  array_block_i/zynq_ultra_ps_e_0/inst/buffer_pl_clk_0.PL_CLK_0_BUFG/O
    X0Y1 (CLOCK_ROOT)    net (fo=3425, routed)        1.875    12.091    array_block_i/smartconnect_0/inst/switchboards/i_nodes/i_w_node/inst/inst_mi_handler/gen_normal_area.inst_fifo_node_payld/gen_reg_fifo.inst_reg_fifo/s_sc_aclk
    SLICE_X1Y99          FDRE                                         r  array_block_i/smartconnect_0/inst/switchboards/i_nodes/i_w_node/inst/inst_mi_handler/gen_normal_area.inst_fifo_node_payld/gen_reg_fifo.inst_reg_fifo/gen_single_rank.data_reg[62]/C
                         clock pessimism              0.173    12.264    
                         clock uncertainty           -0.160    12.104    
    SLICE_X1Y99          FDRE (Setup_CFF_SLICEM_C_CE)
                                                     -0.080    12.024    array_block_i/smartconnect_0/inst/switchboards/i_nodes/i_w_node/inst/inst_mi_handler/gen_normal_area.inst_fifo_node_payld/gen_reg_fifo.inst_reg_fifo/gen_single_rank.data_reg[62]
  -------------------------------------------------------------------
                         required time                         12.024    
                         arrival time                          -6.548    
  -------------------------------------------------------------------
                         slack                                  5.476    

Slack (MET) :             5.476ns  (required time - arrival time)
  Source:                 array_block_i/zynq_ultra_ps_e_0/inst/PS8_i/MAXIGP0ACLK
                            (rising edge-triggered cell PS8 clocked by clk_pl_0  {rise@0.000ns fall@5.000ns period=10.000ns})
  Destination:            array_block_i/smartconnect_0/inst/switchboards/i_nodes/i_w_node/inst/inst_mi_handler/gen_normal_area.inst_fifo_node_payld/gen_reg_fifo.inst_reg_fifo/gen_single_rank.data_reg[64]/CE
                            (rising edge-triggered cell FDRE clocked by clk_pl_0  {rise@0.000ns fall@5.000ns period=10.000ns})
  Path Group:             clk_pl_0
  Path Type:              Setup (Max at Slow Process Corner)
  Requirement:            10.000ns  (clk_pl_0 rise@10.000ns - clk_pl_0 rise@0.000ns)
  Data Path Delay:        4.244ns  (logic 1.296ns (30.538%)  route 2.948ns (69.462%))
  Logic Levels:           6  (LUT2=1 LUT4=2 LUT5=2 LUT6=1)
  Clock Path Skew:        -0.041ns (DCD - SCD + CPR)
    Destination Clock Delay (DCD):    2.091ns = ( 12.091 - 10.000 ) 
    Source Clock Delay      (SCD):    2.305ns
    Clock Pessimism Removal (CPR):    0.173ns
  Clock Uncertainty:      0.160ns  ((TSJ^2 + DJ^2)^1/2) / 2 + PE
    Total System Jitter     (TSJ):    0.071ns
    Discrete Jitter          (DJ):    0.312ns
    Phase Error              (PE):    0.000ns
  Clock Net Delay (Source):      2.038ns (routing 1.045ns, distribution 0.993ns)
  Clock Net Delay (Destination): 1.875ns (routing 0.955ns, distribution 0.920ns)

    Location             Delay type                Incr(ns)  Path(ns)    Netlist Resource(s)
  -------------------------------------------------------------------    -------------------
                         (clock clk_pl_0 rise edge)
                                                      0.000     0.000 r  
    PS8_X0Y0             PS8                          0.000     0.000 r  array_block_i/zynq_ultra_ps_e_0/inst/PS8_i/PLCLK[0]
                         net (fo=1, routed)           0.229     0.229    array_block_i/zynq_ultra_ps_e_0/inst/pl_clk_unbuffered[0]
    BUFG_PS_X0Y80        BUFG_PS (Prop_BUFG_PS_I_O)
                                                      0.038     0.267 r  array_block_i/zynq_ultra_ps_e_0/inst/buffer_pl_clk_0.PL_CLK_0_BUFG/O
    X0Y1 (CLOCK_ROOT)    net (fo=3425, routed)        2.038     2.305    array_block_i/zynq_ultra_ps_e_0/inst/maxihpm0_fpd_aclk
    PS8_X0Y0             PS8                                          r  array_block_i/zynq_ultra_ps_e_0/inst/PS8_i/MAXIGP0ACLK
  -------------------------------------------------------------------    -------------------
    PS8_X0Y0             PS8 (Prop_PS8_MAXIGP0ACLK_MAXIGP0WVALID)
                                                      0.457     2.762 f  array_block_i/zynq_ultra_ps_e_0/inst/PS8_i/MAXIGP0WVALID
                         net (fo=5, routed)           0.705     3.467    array_block_i/smartconnect_0/inst/s00_entry_pipeline/s00_mmu/inst/s_axi_wvalid
    SLICE_X4Y93          LUT4 (Prop_D5LUT_SLICEM_I0_O)
                                                      0.154     3.621 f  array_block_i/smartconnect_0/inst/s00_entry_pipeline/s00_mmu/inst/m_axi_wvalid_INST_0/O
                         net (fo=19, routed)          0.277     3.897    array_block_i/smartconnect_0/inst/s00_entry_pipeline/s00_si_converter/inst/converter.low_area_converter.low_area_wrap_inst/s_axi_wvalid
    SLICE_X2Y97          LUT6 (Prop_G6LUT_SLICEM_I5_O)
                                                      0.226     4.123 f  array_block_i/smartconnect_0/inst/s00_entry_pipeline/s00_si_converter/inst/converter.low_area_converter.low_area_wrap_inst/s_axi_wready_INST_0_i_5/O
                         net (fo=3, routed)           0.319     4.443    array_block_i/smartconnect_0/inst/s00_entry_pipeline/s00_si_converter/inst/converter.low_area_converter.low_area_wrap_inst/s_axi_wready_INST_0_i_5_n_0
    SLICE_X3Y90          LUT4 (Prop_E6LUT_SLICEL_I3_O)
                                                      0.083     4.526 f  array_block_i/smartconnect_0/inst/s00_entry_pipeline/s00_si_converter/inst/converter.low_area_converter.low_area_wrap_inst/s_axi_wready_INST_0_i_1/O
                         net (fo=12, routed)          0.224     4.750    array_block_i/smartconnect_0/inst/s00_entry_pipeline/s00_si_converter/inst/converter.low_area_converter.low_area_wrap_inst/null_write
    SLICE_X4Y86          LUT5 (Prop_D5LUT_SLICEM_I4_O)
                                                      0.091     4.841 r  array_block_i/smartconnect_0/inst/s00_entry_pipeline/s00_si_converter/inst/converter.low_area_converter.low_area_wrap_inst/m_axi_wvalid_INST_0/O
                         net (fo=3, routed)           0.315     5.156    array_block_i/smartconnect_0/inst/s00_nodes/s00_w_node/inst/inst_mi_handler/s_sc_send[0]
    SLICE_X4Y76          LUT2 (Prop_D5LUT_SLICEM_I0_O)
                                                      0.135     5.291 r  array_block_i/smartconnect_0/inst/s00_nodes/s00_w_node/inst/inst_mi_handler/m_sc_send[0]_INST_0/O
                         net (fo=1, routed)           0.276     5.567    array_block_i/smartconnect_0/inst/switchboards/i_nodes/i_w_node/inst/inst_si_handler/gen_si_handler.gen_request_fifos.gen_req_fifo[0].inst_req_fifo/gen_xpm_memory_fifo.inst_fifo/s_sc_send[0]
    SLICE_X6Y78          LUT5 (Prop_C6LUT_SLICEL_I0_O)
                                                      0.150     5.717 r  array_block_i/smartconnect_0/inst/switchboards/i_nodes/i_w_node/inst/inst_si_handler/gen_si_handler.gen_request_fifos.gen_req_fifo[0].inst_req_fifo/gen_xpm_memory_fifo.inst_fifo/s_axis_arb_tready_INST_0_i_1/O
                         net (fo=159, routed)         0.832     6.549    array_block_i/smartconnect_0/inst/switchboards/i_nodes/i_w_node/inst/inst_mi_handler/gen_normal_area.inst_fifo_node_payld/gen_reg_fifo.inst_reg_fifo/p_0_in2_out[0]
    SLICE_X1Y99          FDRE                                         r  array_block_i/smartconnect_0/inst/switchboards/i_nodes/i_w_node/inst/inst_mi_handler/gen_normal_area.inst_fifo_node_payld/gen_reg_fifo.inst_reg_fifo/gen_single_rank.data_reg[64]/CE
  -------------------------------------------------------------------    -------------------

                         (clock clk_pl_0 rise edge)
                                                     10.000    10.000 r  
    PS8_X0Y0             PS8                          0.000    10.000 r  array_block_i/zynq_ultra_ps_e_0/inst/PS8_i/PLCLK[0]
                         net (fo=1, routed)           0.181    10.181    array_block_i/zynq_ultra_ps_e_0/inst/pl_clk_unbuffered[0]
    BUFG_PS_X0Y80        BUFG_PS (Prop_BUFG_PS_I_O)
                                                      0.035    10.216 r  array_block_i/zynq_ultra_ps_e_0/inst/buffer_pl_clk_0.PL_CLK_0_BUFG/O
    X0Y1 (CLOCK_ROOT)    net (fo=3425, routed)        1.875    12.091    array_block_i/smartconnect_0/inst/switchboards/i_nodes/i_w_node/inst/inst_mi_handler/gen_normal_area.inst_fifo_node_payld/gen_reg_fifo.inst_reg_fifo/s_sc_aclk
    SLICE_X1Y99          FDRE                                         r  array_block_i/smartconnect_0/inst/switchboards/i_nodes/i_w_node/inst/inst_mi_handler/gen_normal_area.inst_fifo_node_payld/gen_reg_fifo.inst_reg_fifo/gen_single_rank.data_reg[64]/C
                         clock pessimism              0.173    12.264    
                         clock uncertainty           -0.160    12.104    
    SLICE_X1Y99          FDRE (Setup_CFF2_SLICEM_C_CE)
                                                     -0.079    12.025    array_block_i/smartconnect_0/inst/switchboards/i_nodes/i_w_node/inst/inst_mi_handler/gen_normal_area.inst_fifo_node_payld/gen_reg_fifo.inst_reg_fifo/gen_single_rank.data_reg[64]
  -------------------------------------------------------------------
                         required time                         12.025    
                         arrival time                          -6.549    
  -------------------------------------------------------------------
                         slack                                  5.476    

Slack (MET) :             5.476ns  (required time - arrival time)
  Source:                 array_block_i/zynq_ultra_ps_e_0/inst/PS8_i/MAXIGP0ACLK
                            (rising edge-triggered cell PS8 clocked by clk_pl_0  {rise@0.000ns fall@5.000ns period=10.000ns})
  Destination:            array_block_i/smartconnect_0/inst/switchboards/i_nodes/i_w_node/inst/inst_mi_handler/gen_normal_area.inst_fifo_node_payld/gen_reg_fifo.inst_reg_fifo/gen_single_rank.data_reg[98]/CE
                            (rising edge-triggered cell FDRE clocked by clk_pl_0  {rise@0.000ns fall@5.000ns period=10.000ns})
  Path Group:             clk_pl_0
  Path Type:              Setup (Max at Slow Process Corner)
  Requirement:            10.000ns  (clk_pl_0 rise@10.000ns - clk_pl_0 rise@0.000ns)
  Data Path Delay:        4.244ns  (logic 1.296ns (30.538%)  route 2.948ns (69.462%))
  Logic Levels:           6  (LUT2=1 LUT4=2 LUT5=2 LUT6=1)
  Clock Path Skew:        -0.041ns (DCD - SCD + CPR)
    Destination Clock Delay (DCD):    2.091ns = ( 12.091 - 10.000 ) 
    Source Clock Delay      (SCD):    2.305ns
    Clock Pessimism Removal (CPR):    0.173ns
  Clock Uncertainty:      0.160ns  ((TSJ^2 + DJ^2)^1/2) / 2 + PE
    Total System Jitter     (TSJ):    0.071ns
    Discrete Jitter          (DJ):    0.312ns
    Phase Error              (PE):    0.000ns
  Clock Net Delay (Source):      2.038ns (routing 1.045ns, distribution 0.993ns)
  Clock Net Delay (Destination): 1.875ns (routing 0.955ns, distribution 0.920ns)

    Location             Delay type                Incr(ns)  Path(ns)    Netlist Resource(s)
  -------------------------------------------------------------------    -------------------
                         (clock clk_pl_0 rise edge)
                                                      0.000     0.000 r  
    PS8_X0Y0             PS8                          0.000     0.000 r  array_block_i/zynq_ultra_ps_e_0/inst/PS8_i/PLCLK[0]
                         net (fo=1, routed)           0.229     0.229    array_block_i/zynq_ultra_ps_e_0/inst/pl_clk_unbuffered[0]
    BUFG_PS_X0Y80        BUFG_PS (Prop_BUFG_PS_I_O)
                                                      0.038     0.267 r  array_block_i/zynq_ultra_ps_e_0/inst/buffer_pl_clk_0.PL_CLK_0_BUFG/O
    X0Y1 (CLOCK_ROOT)    net (fo=3425, routed)        2.038     2.305    array_block_i/zynq_ultra_ps_e_0/inst/maxihpm0_fpd_aclk
    PS8_X0Y0             PS8                                          r  array_block_i/zynq_ultra_ps_e_0/inst/PS8_i/MAXIGP0ACLK
  -------------------------------------------------------------------    -------------------
    PS8_X0Y0             PS8 (Prop_PS8_MAXIGP0ACLK_MAXIGP0WVALID)
                                                      0.457     2.762 f  array_block_i/zynq_ultra_ps_e_0/inst/PS8_i/MAXIGP0WVALID
                         net (fo=5, routed)           0.705     3.467    array_block_i/smartconnect_0/inst/s00_entry_pipeline/s00_mmu/inst/s_axi_wvalid
    SLICE_X4Y93          LUT4 (Prop_D5LUT_SLICEM_I0_O)
                                                      0.154     3.621 f  array_block_i/smartconnect_0/inst/s00_entry_pipeline/s00_mmu/inst/m_axi_wvalid_INST_0/O
                         net (fo=19, routed)          0.277     3.897    array_block_i/smartconnect_0/inst/s00_entry_pipeline/s00_si_converter/inst/converter.low_area_converter.low_area_wrap_inst/s_axi_wvalid
    SLICE_X2Y97          LUT6 (Prop_G6LUT_SLICEM_I5_O)
                                                      0.226     4.123 f  array_block_i/smartconnect_0/inst/s00_entry_pipeline/s00_si_converter/inst/converter.low_area_converter.low_area_wrap_inst/s_axi_wready_INST_0_i_5/O
                         net (fo=3, routed)           0.319     4.443    array_block_i/smartconnect_0/inst/s00_entry_pipeline/s00_si_converter/inst/converter.low_area_converter.low_area_wrap_inst/s_axi_wready_INST_0_i_5_n_0
    SLICE_X3Y90          LUT4 (Prop_E6LUT_SLICEL_I3_O)
                                                      0.083     4.526 f  array_block_i/smartconnect_0/inst/s00_entry_pipeline/s00_si_converter/inst/converter.low_area_converter.low_area_wrap_inst/s_axi_wready_INST_0_i_1/O
                         net (fo=12, routed)          0.224     4.750    array_block_i/smartconnect_0/inst/s00_entry_pipeline/s00_si_converter/inst/converter.low_area_converter.low_area_wrap_inst/null_write
    SLICE_X4Y86          LUT5 (Prop_D5LUT_SLICEM_I4_O)
                                                      0.091     4.841 r  array_block_i/smartconnect_0/inst/s00_entry_pipeline/s00_si_converter/inst/converter.low_area_converter.low_area_wrap_inst/m_axi_wvalid_INST_0/O
                         net (fo=3, routed)           0.315     5.156    array_block_i/smartconnect_0/inst/s00_nodes/s00_w_node/inst/inst_mi_handler/s_sc_send[0]
    SLICE_X4Y76          LUT2 (Prop_D5LUT_SLICEM_I0_O)
                                                      0.135     5.291 r  array_block_i/smartconnect_0/inst/s00_nodes/s00_w_node/inst/inst_mi_handler/m_sc_send[0]_INST_0/O
                         net (fo=1, routed)           0.276     5.567    array_block_i/smartconnect_0/inst/switchboards/i_nodes/i_w_node/inst/inst_si_handler/gen_si_handler.gen_request_fifos.gen_req_fifo[0].inst_req_fifo/gen_xpm_memory_fifo.inst_fifo/s_sc_send[0]
    SLICE_X6Y78          LUT5 (Prop_C6LUT_SLICEL_I0_O)
                                                      0.150     5.717 r  array_block_i/smartconnect_0/inst/switchboards/i_nodes/i_w_node/inst/inst_si_handler/gen_si_handler.gen_request_fifos.gen_req_fifo[0].inst_req_fifo/gen_xpm_memory_fifo.inst_fifo/s_axis_arb_tready_INST_0_i_1/O
                         net (fo=159, routed)         0.832     6.549    array_block_i/smartconnect_0/inst/switchboards/i_nodes/i_w_node/inst/inst_mi_handler/gen_normal_area.inst_fifo_node_payld/gen_reg_fifo.inst_reg_fifo/p_0_in2_out[0]
    SLICE_X1Y99          FDRE                                         r  array_block_i/smartconnect_0/inst/switchboards/i_nodes/i_w_node/inst/inst_mi_handler/gen_normal_area.inst_fifo_node_payld/gen_reg_fifo.inst_reg_fifo/gen_single_rank.data_reg[98]/CE
  -------------------------------------------------------------------    -------------------

                         (clock clk_pl_0 rise edge)
                                                     10.000    10.000 r  
    PS8_X0Y0             PS8                          0.000    10.000 r  array_block_i/zynq_ultra_ps_e_0/inst/PS8_i/PLCLK[0]
                         net (fo=1, routed)           0.181    10.181    array_block_i/zynq_ultra_ps_e_0/inst/pl_clk_unbuffered[0]
    BUFG_PS_X0Y80        BUFG_PS (Prop_BUFG_PS_I_O)
                                                      0.035    10.216 r  array_block_i/zynq_ultra_ps_e_0/inst/buffer_pl_clk_0.PL_CLK_0_BUFG/O
    X0Y1 (CLOCK_ROOT)    net (fo=3425, routed)        1.875    12.091    array_block_i/smartconnect_0/inst/switchboards/i_nodes/i_w_node/inst/inst_mi_handler/gen_normal_area.inst_fifo_node_payld/gen_reg_fifo.inst_reg_fifo/s_sc_aclk
    SLICE_X1Y99          FDRE                                         r  array_block_i/smartconnect_0/inst/switchboards/i_nodes/i_w_node/inst/inst_mi_handler/gen_normal_area.inst_fifo_node_payld/gen_reg_fifo.inst_reg_fifo/gen_single_rank.data_reg[98]/C
                         clock pessimism              0.173    12.264    
                         clock uncertainty           -0.160    12.104    
    SLICE_X1Y99          FDRE (Setup_BFF2_SLICEM_C_CE)
                                                     -0.079    12.025    array_block_i/smartconnect_0/inst/switchboards/i_nodes/i_w_node/inst/inst_mi_handler/gen_normal_area.inst_fifo_node_payld/gen_reg_fifo.inst_reg_fifo/gen_single_rank.data_reg[98]
  -------------------------------------------------------------------
                         required time                         12.025    
                         arrival time                          -6.549    
  -------------------------------------------------------------------
                         slack                                  5.476    

Slack (MET) :             5.493ns  (required time - arrival time)
  Source:                 array_block_i/zynq_ultra_ps_e_0/inst/PS8_i/MAXIGP0ACLK
                            (rising edge-triggered cell PS8 clocked by clk_pl_0  {rise@0.000ns fall@5.000ns period=10.000ns})
  Destination:            array_block_i/smartconnect_0/inst/switchboards/i_nodes/i_w_node/inst/inst_mi_handler/gen_normal_area.inst_fifo_node_payld/gen_reg_fifo.inst_reg_fifo/gen_single_rank.data_reg[103]/CE
                            (rising edge-triggered cell FDRE clocked by clk_pl_0  {rise@0.000ns fall@5.000ns period=10.000ns})
  Path Group:             clk_pl_0
  Path Type:              Setup (Max at Slow Process Corner)
  Requirement:            10.000ns  (clk_pl_0 rise@10.000ns - clk_pl_0 rise@0.000ns)
  Data Path Delay:        4.228ns  (logic 1.296ns (30.650%)  route 2.932ns (69.350%))
  Logic Levels:           6  (LUT2=1 LUT4=2 LUT5=2 LUT6=1)
  Clock Path Skew:        -0.039ns (DCD - SCD + CPR)
    Destination Clock Delay (DCD):    2.093ns = ( 12.093 - 10.000 ) 
    Source Clock Delay      (SCD):    2.305ns
    Clock Pessimism Removal (CPR):    0.173ns
  Clock Uncertainty:      0.160ns  ((TSJ^2 + DJ^2)^1/2) / 2 + PE
    Total System Jitter     (TSJ):    0.071ns
    Discrete Jitter          (DJ):    0.312ns
    Phase Error              (PE):    0.000ns
  Clock Net Delay (Source):      2.038ns (routing 1.045ns, distribution 0.993ns)
  Clock Net Delay (Destination): 1.877ns (routing 0.955ns, distribution 0.922ns)

    Location             Delay type                Incr(ns)  Path(ns)    Netlist Resource(s)
  -------------------------------------------------------------------    -------------------
                         (clock clk_pl_0 rise edge)
                                                      0.000     0.000 r  
    PS8_X0Y0             PS8                          0.000     0.000 r  array_block_i/zynq_ultra_ps_e_0/inst/PS8_i/PLCLK[0]
                         net (fo=1, routed)           0.229     0.229    array_block_i/zynq_ultra_ps_e_0/inst/pl_clk_unbuffered[0]
    BUFG_PS_X0Y80        BUFG_PS (Prop_BUFG_PS_I_O)
                                                      0.038     0.267 r  array_block_i/zynq_ultra_ps_e_0/inst/buffer_pl_clk_0.PL_CLK_0_BUFG/O
    X0Y1 (CLOCK_ROOT)    net (fo=3425, routed)        2.038     2.305    array_block_i/zynq_ultra_ps_e_0/inst/maxihpm0_fpd_aclk
    PS8_X0Y0             PS8                                          r  array_block_i/zynq_ultra_ps_e_0/inst/PS8_i/MAXIGP0ACLK
  -------------------------------------------------------------------    -------------------
    PS8_X0Y0             PS8 (Prop_PS8_MAXIGP0ACLK_MAXIGP0WVALID)
                                                      0.457     2.762 f  array_block_i/zynq_ultra_ps_e_0/inst/PS8_i/MAXIGP0WVALID
                         net (fo=5, routed)           0.705     3.467    array_block_i/smartconnect_0/inst/s00_entry_pipeline/s00_mmu/inst/s_axi_wvalid
    SLICE_X4Y93          LUT4 (Prop_D5LUT_SLICEM_I0_O)
                                                      0.154     3.621 f  array_block_i/smartconnect_0/inst/s00_entry_pipeline/s00_mmu/inst/m_axi_wvalid_INST_0/O
                         net (fo=19, routed)          0.277     3.897    array_block_i/smartconnect_0/inst/s00_entry_pipeline/s00_si_converter/inst/converter.low_area_converter.low_area_wrap_inst/s_axi_wvalid
    SLICE_X2Y97          LUT6 (Prop_G6LUT_SLICEM_I5_O)
                                                      0.226     4.123 f  array_block_i/smartconnect_0/inst/s00_entry_pipeline/s00_si_converter/inst/converter.low_area_converter.low_area_wrap_inst/s_axi_wready_INST_0_i_5/O
                         net (fo=3, routed)           0.319     4.443    array_block_i/smartconnect_0/inst/s00_entry_pipeline/s00_si_converter/inst/converter.low_area_converter.low_area_wrap_inst/s_axi_wready_INST_0_i_5_n_0
    SLICE_X3Y90          LUT4 (Prop_E6LUT_SLICEL_I3_O)
                                                      0.083     4.526 f  array_block_i/smartconnect_0/inst/s00_entry_pipeline/s00_si_converter/inst/converter.low_area_converter.low_area_wrap_inst/s_axi_wready_INST_0_i_1/O
                         net (fo=12, routed)          0.224     4.750    array_block_i/smartconnect_0/inst/s00_entry_pipeline/s00_si_converter/inst/converter.low_area_converter.low_area_wrap_inst/null_write
    SLICE_X4Y86          LUT5 (Prop_D5LUT_SLICEM_I4_O)
                                                      0.091     4.841 r  array_block_i/smartconnect_0/inst/s00_entry_pipeline/s00_si_converter/inst/converter.low_area_converter.low_area_wrap_inst/m_axi_wvalid_INST_0/O
                         net (fo=3, routed)           0.315     5.156    array_block_i/smartconnect_0/inst/s00_nodes/s00_w_node/inst/inst_mi_handler/s_sc_send[0]
    SLICE_X4Y76          LUT2 (Prop_D5LUT_SLICEM_I0_O)
                                                      0.135     5.291 r  array_block_i/smartconnect_0/inst/s00_nodes/s00_w_node/inst/inst_mi_handler/m_sc_send[0]_INST_0/O
                         net (fo=1, routed)           0.276     5.567    array_block_i/smartconnect_0/inst/switchboards/i_nodes/i_w_node/inst/inst_si_handler/gen_si_handler.gen_request_fifos.gen_req_fifo[0].inst_req_fifo/gen_xpm_memory_fifo.inst_fifo/s_sc_send[0]
    SLICE_X6Y78          LUT5 (Prop_C6LUT_SLICEL_I0_O)
                                                      0.150     5.717 r  array_block_i/smartconnect_0/inst/switchboards/i_nodes/i_w_node/inst/inst_si_handler/gen_si_handler.gen_request_fifos.gen_req_fifo[0].inst_req_fifo/gen_xpm_memory_fifo.inst_fifo/s_axis_arb_tready_INST_0_i_1/O
                         net (fo=159, routed)         0.816     6.533    array_block_i/smartconnect_0/inst/switchboards/i_nodes/i_w_node/inst/inst_mi_handler/gen_normal_area.inst_fifo_node_payld/gen_reg_fifo.inst_reg_fifo/p_0_in2_out[0]
    SLICE_X1Y101         FDRE                                         r  array_block_i/smartconnect_0/inst/switchboards/i_nodes/i_w_node/inst/inst_mi_handler/gen_normal_area.inst_fifo_node_payld/gen_reg_fifo.inst_reg_fifo/gen_single_rank.data_reg[103]/CE
  -------------------------------------------------------------------    -------------------

                         (clock clk_pl_0 rise edge)
                                                     10.000    10.000 r  
    PS8_X0Y0             PS8                          0.000    10.000 r  array_block_i/zynq_ultra_ps_e_0/inst/PS8_i/PLCLK[0]
                         net (fo=1, routed)           0.181    10.181    array_block_i/zynq_ultra_ps_e_0/inst/pl_clk_unbuffered[0]
    BUFG_PS_X0Y80        BUFG_PS (Prop_BUFG_PS_I_O)
                                                      0.035    10.216 r  array_block_i/zynq_ultra_ps_e_0/inst/buffer_pl_clk_0.PL_CLK_0_BUFG/O
    X0Y1 (CLOCK_ROOT)    net (fo=3425, routed)        1.877    12.093    array_block_i/smartconnect_0/inst/switchboards/i_nodes/i_w_node/inst/inst_mi_handler/gen_normal_area.inst_fifo_node_payld/gen_reg_fifo.inst_reg_fifo/s_sc_aclk
    SLICE_X1Y101         FDRE                                         r  array_block_i/smartconnect_0/inst/switchboards/i_nodes/i_w_node/inst/inst_mi_handler/gen_normal_area.inst_fifo_node_payld/gen_reg_fifo.inst_reg_fifo/gen_single_rank.data_reg[103]/C
                         clock pessimism              0.173    12.266    
                         clock uncertainty           -0.160    12.106    
    SLICE_X1Y101         FDRE (Setup_AFF_SLICEM_C_CE)
                                                     -0.080    12.026    array_block_i/smartconnect_0/inst/switchboards/i_nodes/i_w_node/inst/inst_mi_handler/gen_normal_area.inst_fifo_node_payld/gen_reg_fifo.inst_reg_fifo/gen_single_rank.data_reg[103]
  -------------------------------------------------------------------
                         required time                         12.026    
                         arrival time                          -6.533    
  -------------------------------------------------------------------
                         slack                                  5.493    

Slack (MET) :             5.493ns  (required time - arrival time)
  Source:                 array_block_i/zynq_ultra_ps_e_0/inst/PS8_i/MAXIGP0ACLK
                            (rising edge-triggered cell PS8 clocked by clk_pl_0  {rise@0.000ns fall@5.000ns period=10.000ns})
  Destination:            array_block_i/smartconnect_0/inst/switchboards/i_nodes/i_w_node/inst/inst_mi_handler/gen_normal_area.inst_fifo_node_payld/gen_reg_fifo.inst_reg_fifo/gen_single_rank.data_reg[104]/CE
                            (rising edge-triggered cell FDRE clocked by clk_pl_0  {rise@0.000ns fall@5.000ns period=10.000ns})
  Path Group:             clk_pl_0
  Path Type:              Setup (Max at Slow Process Corner)
  Requirement:            10.000ns  (clk_pl_0 rise@10.000ns - clk_pl_0 rise@0.000ns)
  Data Path Delay:        4.229ns  (logic 1.296ns (30.643%)  route 2.933ns (69.357%))
  Logic Levels:           6  (LUT2=1 LUT4=2 LUT5=2 LUT6=1)
  Clock Path Skew:        -0.039ns (DCD - SCD + CPR)
    Destination Clock Delay (DCD):    2.093ns = ( 12.093 - 10.000 ) 
    Source Clock Delay      (SCD):    2.305ns
    Clock Pessimism Removal (CPR):    0.173ns
  Clock Uncertainty:      0.160ns  ((TSJ^2 + DJ^2)^1/2) / 2 + PE
    Total System Jitter     (TSJ):    0.071ns
    Discrete Jitter          (DJ):    0.312ns
    Phase Error              (PE):    0.000ns
  Clock Net Delay (Source):      2.038ns (routing 1.045ns, distribution 0.993ns)
  Clock Net Delay (Destination): 1.877ns (routing 0.955ns, distribution 0.922ns)

    Location             Delay type                Incr(ns)  Path(ns)    Netlist Resource(s)
  -------------------------------------------------------------------    -------------------
                         (clock clk_pl_0 rise edge)
                                                      0.000     0.000 r  
    PS8_X0Y0             PS8                          0.000     0.000 r  array_block_i/zynq_ultra_ps_e_0/inst/PS8_i/PLCLK[0]
                         net (fo=1, routed)           0.229     0.229    array_block_i/zynq_ultra_ps_e_0/inst/pl_clk_unbuffered[0]
    BUFG_PS_X0Y80        BUFG_PS (Prop_BUFG_PS_I_O)
                                                      0.038     0.267 r  array_block_i/zynq_ultra_ps_e_0/inst/buffer_pl_clk_0.PL_CLK_0_BUFG/O
    X0Y1 (CLOCK_ROOT)    net (fo=3425, routed)        2.038     2.305    array_block_i/zynq_ultra_ps_e_0/inst/maxihpm0_fpd_aclk
    PS8_X0Y0             PS8                                          r  array_block_i/zynq_ultra_ps_e_0/inst/PS8_i/MAXIGP0ACLK
  -------------------------------------------------------------------    -------------------
    PS8_X0Y0             PS8 (Prop_PS8_MAXIGP0ACLK_MAXIGP0WVALID)
                                                      0.457     2.762 f  array_block_i/zynq_ultra_ps_e_0/inst/PS8_i/MAXIGP0WVALID
                         net (fo=5, routed)           0.705     3.467    array_block_i/smartconnect_0/inst/s00_entry_pipeline/s00_mmu/inst/s_axi_wvalid
    SLICE_X4Y93          LUT4 (Prop_D5LUT_SLICEM_I0_O)
                                                      0.154     3.621 f  array_block_i/smartconnect_0/inst/s00_entry_pipeline/s00_mmu/inst/m_axi_wvalid_INST_0/O
                         net (fo=19, routed)          0.277     3.897    array_block_i/smartconnect_0/inst/s00_entry_pipeline/s00_si_converter/inst/converter.low_area_converter.low_area_wrap_inst/s_axi_wvalid
    SLICE_X2Y97          LUT6 (Prop_G6LUT_SLICEM_I5_O)
                                                      0.226     4.123 f  array_block_i/smartconnect_0/inst/s00_entry_pipeline/s00_si_converter/inst/converter.low_area_converter.low_area_wrap_inst/s_axi_wready_INST_0_i_5/O
                         net (fo=3, routed)           0.319     4.443    array_block_i/smartconnect_0/inst/s00_entry_pipeline/s00_si_converter/inst/converter.low_area_converter.low_area_wrap_inst/s_axi_wready_INST_0_i_5_n_0
    SLICE_X3Y90          LUT4 (Prop_E6LUT_SLICEL_I3_O)
                                                      0.083     4.526 f  array_block_i/smartconnect_0/inst/s00_entry_pipeline/s00_si_converter/inst/converter.low_area_converter.low_area_wrap_inst/s_axi_wready_INST_0_i_1/O
                         net (fo=12, routed)          0.224     4.750    array_block_i/smartconnect_0/inst/s00_entry_pipeline/s00_si_converter/inst/converter.low_area_converter.low_area_wrap_inst/null_write
    SLICE_X4Y86          LUT5 (Prop_D5LUT_SLICEM_I4_O)
                                                      0.091     4.841 r  array_block_i/smartconnect_0/inst/s00_entry_pipeline/s00_si_converter/inst/converter.low_area_converter.low_area_wrap_inst/m_axi_wvalid_INST_0/O
                         net (fo=3, routed)           0.315     5.156    array_block_i/smartconnect_0/inst/s00_nodes/s00_w_node/inst/inst_mi_handler/s_sc_send[0]
    SLICE_X4Y76          LUT2 (Prop_D5LUT_SLICEM_I0_O)
                                                      0.135     5.291 r  array_block_i/smartconnect_0/inst/s00_nodes/s00_w_node/inst/inst_mi_handler/m_sc_send[0]_INST_0/O
                         net (fo=1, routed)           0.276     5.567    array_block_i/smartconnect_0/inst/switchboards/i_nodes/i_w_node/inst/inst_si_handler/gen_si_handler.gen_request_fifos.gen_req_fifo[0].inst_req_fifo/gen_xpm_memory_fifo.inst_fifo/s_sc_send[0]
    SLICE_X6Y78          LUT5 (Prop_C6LUT_SLICEL_I0_O)
                                                      0.150     5.717 r  array_block_i/smartconnect_0/inst/switchboards/i_nodes/i_w_node/inst/inst_si_handler/gen_si_handler.gen_request_fifos.gen_req_fifo[0].inst_req_fifo/gen_xpm_memory_fifo.inst_fifo/s_axis_arb_tready_INST_0_i_1/O
                         net (fo=159, routed)         0.817     6.534    array_block_i/smartconnect_0/inst/switchboards/i_nodes/i_w_node/inst/inst_mi_handler/gen_normal_area.inst_fifo_node_payld/gen_reg_fifo.inst_reg_fifo/p_0_in2_out[0]
    SLICE_X1Y101         FDRE                                         r  array_block_i/smartconnect_0/inst/switchboards/i_nodes/i_w_node/inst/inst_mi_handler/gen_normal_area.inst_fifo_node_payld/gen_reg_fifo.inst_reg_fifo/gen_single_rank.data_reg[104]/CE
  -------------------------------------------------------------------    -------------------

                         (clock clk_pl_0 rise edge)
                                                     10.000    10.000 r  
    PS8_X0Y0             PS8                          0.000    10.000 r  array_block_i/zynq_ultra_ps_e_0/inst/PS8_i/PLCLK[0]
                         net (fo=1, routed)           0.181    10.181    array_block_i/zynq_ultra_ps_e_0/inst/pl_clk_unbuffered[0]
    BUFG_PS_X0Y80        BUFG_PS (Prop_BUFG_PS_I_O)
                                                      0.035    10.216 r  array_block_i/zynq_ultra_ps_e_0/inst/buffer_pl_clk_0.PL_CLK_0_BUFG/O
    X0Y1 (CLOCK_ROOT)    net (fo=3425, routed)        1.877    12.093    array_block_i/smartconnect_0/inst/switchboards/i_nodes/i_w_node/inst/inst_mi_handler/gen_normal_area.inst_fifo_node_payld/gen_reg_fifo.inst_reg_fifo/s_sc_aclk
    SLICE_X1Y101         FDRE                                         r  array_block_i/smartconnect_0/inst/switchboards/i_nodes/i_w_node/inst/inst_mi_handler/gen_normal_area.inst_fifo_node_payld/gen_reg_fifo.inst_reg_fifo/gen_single_rank.data_reg[104]/C
                         clock pessimism              0.173    12.266    
                         clock uncertainty           -0.160    12.106    
    SLICE_X1Y101         FDRE (Setup_AFF2_SLICEM_C_CE)
                                                     -0.079    12.027    array_block_i/smartconnect_0/inst/switchboards/i_nodes/i_w_node/inst/inst_mi_handler/gen_normal_area.inst_fifo_node_payld/gen_reg_fifo.inst_reg_fifo/gen_single_rank.data_reg[104]
  -------------------------------------------------------------------
                         required time                         12.027    
                         arrival time                          -6.534    
  -------------------------------------------------------------------
                         slack                                  5.493    





Min Delay Paths
--------------------------------------------------------------------------------------
Slack (MET) :             0.018ns  (arrival time - required time)
  Source:                 array_block_i/array_top_0/inst/u_matmul/ROW[0].COL[2].u_pe/u_mac/mult_reg/mul_out_reg[4]/C
                            (rising edge-triggered cell FDCE clocked by clk_pl_0  {rise@0.000ns fall@5.000ns period=10.000ns})
  Destination:            array_block_i/array_top_0/inst/u_matmul/ROW[0].COL[2].u_pe/u_mac/acc_reg/psum_out_reg[4]/D
                            (rising edge-triggered cell FDCE clocked by clk_pl_0  {rise@0.000ns fall@5.000ns period=10.000ns})
  Path Group:             clk_pl_0
  Path Type:              Hold (Min at Slow Process Corner)
  Requirement:            0.000ns  (clk_pl_0 rise@0.000ns - clk_pl_0 rise@0.000ns)
  Data Path Delay:        0.299ns  (logic 0.165ns (55.113%)  route 0.134ns (44.887%))
  Logic Levels:           1  (LUT3=1)
  Clock Path Skew:        0.180ns (DCD - SCD - CPR)
    Destination Clock Delay (DCD):    2.422ns
    Source Clock Delay      (SCD):    2.101ns
    Clock Pessimism Removal (CPR):    0.141ns
  Clock Net Delay (Source):      1.885ns (routing 0.955ns, distribution 0.930ns)
  Clock Net Delay (Destination): 2.155ns (routing 1.045ns, distribution 1.110ns)

    Location             Delay type                Incr(ns)  Path(ns)    Netlist Resource(s)
  -------------------------------------------------------------------    -------------------
                         (clock clk_pl_0 rise edge)
                                                      0.000     0.000 r  
    PS8_X0Y0             PS8                          0.000     0.000 r  array_block_i/zynq_ultra_ps_e_0/inst/PS8_i/PLCLK[0]
                         net (fo=1, routed)           0.181     0.181    array_block_i/zynq_ultra_ps_e_0/inst/pl_clk_unbuffered[0]
    BUFG_PS_X0Y80        BUFG_PS (Prop_BUFG_PS_I_O)
                                                      0.035     0.216 r  array_block_i/zynq_ultra_ps_e_0/inst/buffer_pl_clk_0.PL_CLK_0_BUFG/O
    X0Y1 (CLOCK_ROOT)    net (fo=3425, routed)        1.885     2.101    array_block_i/array_top_0/inst/u_matmul/ROW[0].COL[2].u_pe/u_mac/mult_reg/clk
    SLICE_X1Y119         FDCE                                         r  array_block_i/array_top_0/inst/u_matmul/ROW[0].COL[2].u_pe/u_mac/mult_reg/mul_out_reg[4]/C
  -------------------------------------------------------------------    -------------------
    SLICE_X1Y119         FDCE (Prop_AFF_SLICEM_C_Q)
                                                      0.112     2.213 r  array_block_i/array_top_0/inst/u_matmul/ROW[0].COL[2].u_pe/u_mac/mult_reg/mul_out_reg[4]/Q
                         net (fo=3, routed)           0.119     2.332    array_block_i/array_top_0/inst/u_matmul/ROW[0].COL[2].u_pe/u_mac/acc_reg/psum_internal_reg[12]_0[4]
    SLICE_X2Y121         LUT3 (Prop_C5LUT_SLICEM_I0_O)
                                                      0.053     2.385 r  array_block_i/array_top_0/inst/u_matmul/ROW[0].COL[2].u_pe/u_mac/acc_reg/psum_out[4]_i_1__1/O
                         net (fo=1, routed)           0.015     2.400    array_block_i/array_top_0/inst/u_matmul/ROW[0].COL[2].u_pe/u_mac/acc_reg/next_sum[4]
    SLICE_X2Y121         FDCE                                         r  array_block_i/array_top_0/inst/u_matmul/ROW[0].COL[2].u_pe/u_mac/acc_reg/psum_out_reg[4]/D
  -------------------------------------------------------------------    -------------------

                         (clock clk_pl_0 rise edge)
                                                      0.000     0.000 r  
    PS8_X0Y0             PS8                          0.000     0.000 r  array_block_i/zynq_ultra_ps_e_0/inst/PS8_i/PLCLK[0]
                         net (fo=1, routed)           0.229     0.229    array_block_i/zynq_ultra_ps_e_0/inst/pl_clk_unbuffered[0]
    BUFG_PS_X0Y80        BUFG_PS (Prop_BUFG_PS_I_O)
                                                      0.038     0.267 r  array_block_i/zynq_ultra_ps_e_0/inst/buffer_pl_clk_0.PL_CLK_0_BUFG/O
    X0Y1 (CLOCK_ROOT)    net (fo=3425, routed)        2.155     2.422    array_block_i/array_top_0/inst/u_matmul/ROW[0].COL[2].u_pe/u_mac/acc_reg/clk
    SLICE_X2Y121         FDCE                                         r  array_block_i/array_top_0/inst/u_matmul/ROW[0].COL[2].u_pe/u_mac/acc_reg/psum_out_reg[4]/C
                         clock pessimism             -0.141     2.281    
    SLICE_X2Y121         FDCE (Hold_CFF2_SLICEM_C_D)
                                                      0.102     2.383    array_block_i/array_top_0/inst/u_matmul/ROW[0].COL[2].u_pe/u_mac/acc_reg/psum_out_reg[4]
  -------------------------------------------------------------------
                         required time                         -2.383    
                         arrival time                           2.400    
  -------------------------------------------------------------------
                         slack                                  0.018    

Slack (MET) :             0.022ns  (arrival time - required time)
  Source:                 array_block_i/smartconnect_0/inst/m00_exit_pipeline/m00_exit/inst/splitter_inst/gen_axi4lite.axilite_conv/s_axi_rdata_i_reg[30]/C
                            (rising edge-triggered cell FDRE clocked by clk_pl_0  {rise@0.000ns fall@5.000ns period=10.000ns})
  Destination:            array_block_i/smartconnect_0/inst/switchboards/i_nodes/i_r_node/inst/inst_mi_handler/gen_normal_area.gen_upsizer.inst_upsizer/gen_r_ch.accum_reg[bytes][15][userdata][6]/D
                            (rising edge-triggered cell FDRE clocked by clk_pl_0  {rise@0.000ns fall@5.000ns period=10.000ns})
  Path Group:             clk_pl_0
  Path Type:              Hold (Min at Slow Process Corner)
  Requirement:            0.000ns  (clk_pl_0 rise@0.000ns - clk_pl_0 rise@0.000ns)
  Data Path Delay:        0.233ns  (logic 0.114ns (49.010%)  route 0.119ns (50.990%))
  Logic Levels:           0  
  Clock Path Skew:        0.108ns (DCD - SCD - CPR)
    Destination Clock Delay (DCD):    2.373ns
    Source Clock Delay      (SCD):    2.091ns
    Clock Pessimism Removal (CPR):    0.173ns
  Clock Net Delay (Source):      1.875ns (routing 0.955ns, distribution 0.920ns)
  Clock Net Delay (Destination): 2.106ns (routing 1.045ns, distribution 1.061ns)

    Location             Delay type                Incr(ns)  Path(ns)    Netlist Resource(s)
  -------------------------------------------------------------------    -------------------
                         (clock clk_pl_0 rise edge)
                                                      0.000     0.000 r  
    PS8_X0Y0             PS8                          0.000     0.000 r  array_block_i/zynq_ultra_ps_e_0/inst/PS8_i/PLCLK[0]
                         net (fo=1, routed)           0.181     0.181    array_block_i/zynq_ultra_ps_e_0/inst/pl_clk_unbuffered[0]
    BUFG_PS_X0Y80        BUFG_PS (Prop_BUFG_PS_I_O)
                                                      0.035     0.216 r  array_block_i/zynq_ultra_ps_e_0/inst/buffer_pl_clk_0.PL_CLK_0_BUFG/O
    X0Y1 (CLOCK_ROOT)    net (fo=3425, routed)        1.875     2.091    array_block_i/smartconnect_0/inst/m00_exit_pipeline/m00_exit/inst/splitter_inst/gen_axi4lite.axilite_conv/aclk
    SLICE_X4Y100         FDRE                                         r  array_block_i/smartconnect_0/inst/m00_exit_pipeline/m00_exit/inst/splitter_inst/gen_axi4lite.axilite_conv/s_axi_rdata_i_reg[30]/C
  -------------------------------------------------------------------    -------------------
    SLICE_X4Y100         FDRE (Prop_BFF2_SLICEM_C_Q)
                                                      0.114     2.205 r  array_block_i/smartconnect_0/inst/m00_exit_pipeline/m00_exit/inst/splitter_inst/gen_axi4lite.axilite_conv/s_axi_rdata_i_reg[30]/Q
                         net (fo=4, routed)           0.119     2.324    array_block_i/smartconnect_0/inst/switchboards/i_nodes/i_r_node/inst/inst_mi_handler/gen_normal_area.gen_upsizer.inst_upsizer/s_sc_payld[36]
    SLICE_X2Y100         FDRE                                         r  array_block_i/smartconnect_0/inst/switchboards/i_nodes/i_r_node/inst/inst_mi_handler/gen_normal_area.gen_upsizer.inst_upsizer/gen_r_ch.accum_reg[bytes][15][userdata][6]/D
  -------------------------------------------------------------------    -------------------

                         (clock clk_pl_0 rise edge)
                                                      0.000     0.000 r  
    PS8_X0Y0             PS8                          0.000     0.000 r  array_block_i/zynq_ultra_ps_e_0/inst/PS8_i/PLCLK[0]
                         net (fo=1, routed)           0.229     0.229    array_block_i/zynq_ultra_ps_e_0/inst/pl_clk_unbuffered[0]
    BUFG_PS_X0Y80        BUFG_PS (Prop_BUFG_PS_I_O)
                                                      0.038     0.267 r  array_block_i/zynq_ultra_ps_e_0/inst/buffer_pl_clk_0.PL_CLK_0_BUFG/O
    X0Y1 (CLOCK_ROOT)    net (fo=3425, routed)        2.106     2.373    array_block_i/smartconnect_0/inst/switchboards/i_nodes/i_r_node/inst/inst_mi_handler/gen_normal_area.gen_upsizer.inst_upsizer/s_sc_aclk
    SLICE_X2Y100         FDRE                                         r  array_block_i/smartconnect_0/inst/switchboards/i_nodes/i_r_node/inst/inst_mi_handler/gen_normal_area.gen_upsizer.inst_upsizer/gen_r_ch.accum_reg[bytes][15][userdata][6]/C
                         clock pessimism             -0.173     2.200    
    SLICE_X2Y100         FDRE (Hold_GFF2_SLICEM_C_D)
                                                      0.102     2.302    array_block_i/smartconnect_0/inst/switchboards/i_nodes/i_r_node/inst/inst_mi_handler/gen_normal_area.gen_upsizer.inst_upsizer/gen_r_ch.accum_reg[bytes][15][userdata][6]
  -------------------------------------------------------------------
                         required time                         -2.302    
                         arrival time                           2.324    
  -------------------------------------------------------------------
                         slack                                  0.022    

Slack (MET) :             0.025ns  (arrival time - required time)
  Source:                 array_block_i/smartconnect_0/inst/m00_exit_pipeline/m00_exit/inst/splitter_inst/gen_axi4lite.axilite_conv/s_axi_rdata_i_reg[19]/C
                            (rising edge-triggered cell FDRE clocked by clk_pl_0  {rise@0.000ns fall@5.000ns period=10.000ns})
  Destination:            array_block_i/smartconnect_0/inst/switchboards/i_nodes/i_r_node/inst/inst_mi_handler/gen_normal_area.gen_upsizer.inst_upsizer/gen_r_ch.accum_reg[bytes][10][userdata][3]/D
                            (rising edge-triggered cell FDRE clocked by clk_pl_0  {rise@0.000ns fall@5.000ns period=10.000ns})
  Path Group:             clk_pl_0
  Path Type:              Hold (Min at Slow Process Corner)
  Requirement:            0.000ns  (clk_pl_0 rise@0.000ns - clk_pl_0 rise@0.000ns)
  Data Path Delay:        0.252ns  (logic 0.115ns (45.580%)  route 0.137ns (54.420%))
  Logic Levels:           0  
  Clock Path Skew:        0.126ns (DCD - SCD - CPR)
    Destination Clock Delay (DCD):    2.391ns
    Source Clock Delay      (SCD):    2.091ns
    Clock Pessimism Removal (CPR):    0.173ns
  Clock Net Delay (Source):      1.875ns (routing 0.955ns, distribution 0.920ns)
  Clock Net Delay (Destination): 2.124ns (routing 1.045ns, distribution 1.079ns)

    Location             Delay type                Incr(ns)  Path(ns)    Netlist Resource(s)
  -------------------------------------------------------------------    -------------------
                         (clock clk_pl_0 rise edge)
                                                      0.000     0.000 r  
    PS8_X0Y0             PS8                          0.000     0.000 r  array_block_i/zynq_ultra_ps_e_0/inst/PS8_i/PLCLK[0]
                         net (fo=1, routed)           0.181     0.181    array_block_i/zynq_ultra_ps_e_0/inst/pl_clk_unbuffered[0]
    BUFG_PS_X0Y80        BUFG_PS (Prop_BUFG_PS_I_O)
                                                      0.035     0.216 r  array_block_i/zynq_ultra_ps_e_0/inst/buffer_pl_clk_0.PL_CLK_0_BUFG/O
    X0Y1 (CLOCK_ROOT)    net (fo=3425, routed)        1.875     2.091    array_block_i/smartconnect_0/inst/m00_exit_pipeline/m00_exit/inst/splitter_inst/gen_axi4lite.axilite_conv/aclk
    SLICE_X4Y100         FDRE                                         r  array_block_i/smartconnect_0/inst/m00_exit_pipeline/m00_exit/inst/splitter_inst/gen_axi4lite.axilite_conv/s_axi_rdata_i_reg[19]/C
  -------------------------------------------------------------------    -------------------
    SLICE_X4Y100         FDRE (Prop_DFF2_SLICEM_C_Q)
                                                      0.115     2.206 r  array_block_i/smartconnect_0/inst/m00_exit_pipeline/m00_exit/inst/splitter_inst/gen_axi4lite.axilite_conv/s_axi_rdata_i_reg[19]/Q
                         net (fo=4, routed)           0.137     2.343    array_block_i/smartconnect_0/inst/switchboards/i_nodes/i_r_node/inst/inst_mi_handler/gen_normal_area.gen_upsizer.inst_upsizer/s_sc_payld[25]
    SLICE_X2Y101         FDRE                                         r  array_block_i/smartconnect_0/inst/switchboards/i_nodes/i_r_node/inst/inst_mi_handler/gen_normal_area.gen_upsizer.inst_upsizer/gen_r_ch.accum_reg[bytes][10][userdata][3]/D
  -------------------------------------------------------------------    -------------------

                         (clock clk_pl_0 rise edge)
                                                      0.000     0.000 r  
    PS8_X0Y0             PS8                          0.000     0.000 r  array_block_i/zynq_ultra_ps_e_0/inst/PS8_i/PLCLK[0]
                         net (fo=1, routed)           0.229     0.229    array_block_i/zynq_ultra_ps_e_0/inst/pl_clk_unbuffered[0]
    BUFG_PS_X0Y80        BUFG_PS (Prop_BUFG_PS_I_O)
                                                      0.038     0.267 r  array_block_i/zynq_ultra_ps_e_0/inst/buffer_pl_clk_0.PL_CLK_0_BUFG/O
    X0Y1 (CLOCK_ROOT)    net (fo=3425, routed)        2.124     2.391    array_block_i/smartconnect_0/inst/switchboards/i_nodes/i_r_node/inst/inst_mi_handler/gen_normal_area.gen_upsizer.inst_upsizer/s_sc_aclk
    SLICE_X2Y101         FDRE                                         r  array_block_i/smartconnect_0/inst/switchboards/i_nodes/i_r_node/inst/inst_mi_handler/gen_normal_area.gen_upsizer.inst_upsizer/gen_r_ch.accum_reg[bytes][10][userdata][3]/C
                         clock pessimism             -0.173     2.217    
    SLICE_X2Y101         FDRE (Hold_BFF_SLICEM_C_D)
                                                      0.101     2.318    array_block_i/smartconnect_0/inst/switchboards/i_nodes/i_r_node/inst/inst_mi_handler/gen_normal_area.gen_upsizer.inst_upsizer/gen_r_ch.accum_reg[bytes][10][userdata][3]
  -------------------------------------------------------------------
                         required time                         -2.318    
                         arrival time                           2.343    
  -------------------------------------------------------------------
                         slack                                  0.025    

Slack (MET) :             0.027ns  (arrival time - required time)
  Source:                 array_block_i/array_top_0/inst/u_matmul/ROW[2].COL[1].u_pe/u_mac/mult_reg/x_reg_reg[7]/C
                            (rising edge-triggered cell FDCE clocked by clk_pl_0  {rise@0.000ns fall@5.000ns period=10.000ns})
  Destination:            array_block_i/array_top_0/inst/u_matmul/ROW[2].COL[2].u_pe/u_mac/mult_reg/x_reg_reg[7]/D
                            (rising edge-triggered cell FDCE clocked by clk_pl_0  {rise@0.000ns fall@5.000ns period=10.000ns})
  Path Group:             clk_pl_0
  Path Type:              Hold (Min at Slow Process Corner)
  Requirement:            0.000ns  (clk_pl_0 rise@0.000ns - clk_pl_0 rise@0.000ns)
  Data Path Delay:        0.334ns  (logic 0.111ns (33.220%)  route 0.223ns (66.780%))
  Logic Levels:           0  
  Clock Path Skew:        0.206ns (DCD - SCD - CPR)
    Destination Clock Delay (DCD):    2.447ns
    Source Clock Delay      (SCD):    2.099ns
    Clock Pessimism Removal (CPR):    0.141ns
  Clock Net Delay (Source):      1.883ns (routing 0.955ns, distribution 0.928ns)
  Clock Net Delay (Destination): 2.180ns (routing 1.045ns, distribution 1.135ns)

    Location             Delay type                Incr(ns)  Path(ns)    Netlist Resource(s)
  -------------------------------------------------------------------    -------------------
                         (clock clk_pl_0 rise edge)
                                                      0.000     0.000 r  
    PS8_X0Y0             PS8                          0.000     0.000 r  array_block_i/zynq_ultra_ps_e_0/inst/PS8_i/PLCLK[0]
                         net (fo=1, routed)           0.181     0.181    array_block_i/zynq_ultra_ps_e_0/inst/pl_clk_unbuffered[0]
    BUFG_PS_X0Y80        BUFG_PS (Prop_BUFG_PS_I_O)
                                                      0.035     0.216 r  array_block_i/zynq_ultra_ps_e_0/inst/buffer_pl_clk_0.PL_CLK_0_BUFG/O
    X0Y1 (CLOCK_ROOT)    net (fo=3425, routed)        1.883     2.099    array_block_i/array_top_0/inst/u_matmul/ROW[2].COL[1].u_pe/u_mac/mult_reg/clk
    SLICE_X5Y112         FDCE                                         r  array_block_i/array_top_0/inst/u_matmul/ROW[2].COL[1].u_pe/u_mac/mult_reg/x_reg_reg[7]/C
  -------------------------------------------------------------------    -------------------
    SLICE_X5Y112         FDCE (Prop_FFF_SLICEM_C_Q)
                                                      0.111     2.210 r  array_block_i/array_top_0/inst/u_matmul/ROW[2].COL[1].u_pe/u_mac/mult_reg/x_reg_reg[7]/Q
                         net (fo=35, routed)          0.223     2.433    array_block_i/array_top_0/inst/u_matmul/ROW[2].COL[2].u_pe/u_mac/mult_reg/a_wire[2][2][2]
    SLICE_X6Y127         FDCE                                         r  array_block_i/array_top_0/inst/u_matmul/ROW[2].COL[2].u_pe/u_mac/mult_reg/x_reg_reg[7]/D
  -------------------------------------------------------------------    -------------------

                         (clock clk_pl_0 rise edge)
                                                      0.000     0.000 r  
    PS8_X0Y0             PS8                          0.000     0.000 r  array_block_i/zynq_ultra_ps_e_0/inst/PS8_i/PLCLK[0]
                         net (fo=1, routed)           0.229     0.229    array_block_i/zynq_ultra_ps_e_0/inst/pl_clk_unbuffered[0]
    BUFG_PS_X0Y80        BUFG_PS (Prop_BUFG_PS_I_O)
                                                      0.038     0.267 r  array_block_i/zynq_ultra_ps_e_0/inst/buffer_pl_clk_0.PL_CLK_0_BUFG/O
    X0Y1 (CLOCK_ROOT)    net (fo=3425, routed)        2.180     2.447    array_block_i/array_top_0/inst/u_matmul/ROW[2].COL[2].u_pe/u_mac/mult_reg/clk
    SLICE_X6Y127         FDCE                                         r  array_block_i/array_top_0/inst/u_matmul/ROW[2].COL[2].u_pe/u_mac/mult_reg/x_reg_reg[7]/C
                         clock pessimism             -0.141     2.306    
    SLICE_X6Y127         FDCE (Hold_FFF_SLICEL_C_D)
                                                      0.101     2.407    array_block_i/array_top_0/inst/u_matmul/ROW[2].COL[2].u_pe/u_mac/mult_reg/x_reg_reg[7]
  -------------------------------------------------------------------
                         required time                         -2.407    
                         arrival time                           2.433    
  -------------------------------------------------------------------
                         slack                                  0.027    

Slack (MET) :             0.028ns  (arrival time - required time)
  Source:                 array_block_i/smartconnect_0/inst/m00_exit_pipeline/m00_exit/inst/splitter_inst/gen_axi4lite.axilite_conv/s_axi_rdata_i_reg[19]/C
                            (rising edge-triggered cell FDRE clocked by clk_pl_0  {rise@0.000ns fall@5.000ns period=10.000ns})
  Destination:            array_block_i/smartconnect_0/inst/switchboards/i_nodes/i_r_node/inst/inst_mi_handler/gen_normal_area.gen_upsizer.inst_upsizer/gen_r_ch.accum_reg[bytes][6][userdata][3]/D
                            (rising edge-triggered cell FDRE clocked by clk_pl_0  {rise@0.000ns fall@5.000ns period=10.000ns})
  Path Group:             clk_pl_0
  Path Type:              Hold (Min at Slow Process Corner)
  Requirement:            0.000ns  (clk_pl_0 rise@0.000ns - clk_pl_0 rise@0.000ns)
  Data Path Delay:        0.253ns  (logic 0.115ns (45.477%)  route 0.138ns (54.523%))
  Logic Levels:           0  
  Clock Path Skew:        0.121ns (DCD - SCD - CPR)
    Destination Clock Delay (DCD):    2.386ns
    Source Clock Delay      (SCD):    2.091ns
    Clock Pessimism Removal (CPR):    0.173ns
  Clock Net Delay (Source):      1.875ns (routing 0.955ns, distribution 0.920ns)
  Clock Net Delay (Destination): 2.119ns (routing 1.045ns, distribution 1.074ns)

    Location             Delay type                Incr(ns)  Path(ns)    Netlist Resource(s)
  -------------------------------------------------------------------    -------------------
                         (clock clk_pl_0 rise edge)
                                                      0.000     0.000 r  
    PS8_X0Y0             PS8                          0.000     0.000 r  array_block_i/zynq_ultra_ps_e_0/inst/PS8_i/PLCLK[0]
                         net (fo=1, routed)           0.181     0.181    array_block_i/zynq_ultra_ps_e_0/inst/pl_clk_unbuffered[0]
    BUFG_PS_X0Y80        BUFG_PS (Prop_BUFG_PS_I_O)
                                                      0.035     0.216 r  array_block_i/zynq_ultra_ps_e_0/inst/buffer_pl_clk_0.PL_CLK_0_BUFG/O
    X0Y1 (CLOCK_ROOT)    net (fo=3425, routed)        1.875     2.091    array_block_i/smartconnect_0/inst/m00_exit_pipeline/m00_exit/inst/splitter_inst/gen_axi4lite.axilite_conv/aclk
    SLICE_X4Y100         FDRE                                         r  array_block_i/smartconnect_0/inst/m00_exit_pipeline/m00_exit/inst/splitter_inst/gen_axi4lite.axilite_conv/s_axi_rdata_i_reg[19]/C
  -------------------------------------------------------------------    -------------------
    SLICE_X4Y100         FDRE (Prop_DFF2_SLICEM_C_Q)
                                                      0.115     2.206 r  array_block_i/smartconnect_0/inst/m00_exit_pipeline/m00_exit/inst/splitter_inst/gen_axi4lite.axilite_conv/s_axi_rdata_i_reg[19]/Q
                         net (fo=4, routed)           0.138     2.344    array_block_i/smartconnect_0/inst/switchboards/i_nodes/i_r_node/inst/inst_mi_handler/gen_normal_area.gen_upsizer.inst_upsizer/s_sc_payld[25]
    SLICE_X3Y98          FDRE                                         r  array_block_i/smartconnect_0/inst/switchboards/i_nodes/i_r_node/inst/inst_mi_handler/gen_normal_area.gen_upsizer.inst_upsizer/gen_r_ch.accum_reg[bytes][6][userdata][3]/D
  -------------------------------------------------------------------    -------------------

                         (clock clk_pl_0 rise edge)
                                                      0.000     0.000 r  
    PS8_X0Y0             PS8                          0.000     0.000 r  array_block_i/zynq_ultra_ps_e_0/inst/PS8_i/PLCLK[0]
                         net (fo=1, routed)           0.229     0.229    array_block_i/zynq_ultra_ps_e_0/inst/pl_clk_unbuffered[0]
    BUFG_PS_X0Y80        BUFG_PS (Prop_BUFG_PS_I_O)
                                                      0.038     0.267 r  array_block_i/zynq_ultra_ps_e_0/inst/buffer_pl_clk_0.PL_CLK_0_BUFG/O
    X0Y1 (CLOCK_ROOT)    net (fo=3425, routed)        2.119     2.386    array_block_i/smartconnect_0/inst/switchboards/i_nodes/i_r_node/inst/inst_mi_handler/gen_normal_area.gen_upsizer.inst_upsizer/s_sc_aclk
    SLICE_X3Y98          FDRE                                         r  array_block_i/smartconnect_0/inst/switchboards/i_nodes/i_r_node/inst/inst_mi_handler/gen_normal_area.gen_upsizer.inst_upsizer/gen_r_ch.accum_reg[bytes][6][userdata][3]/C
                         clock pessimism             -0.173     2.212    
    SLICE_X3Y98          FDRE (Hold_HFF2_SLICEL_C_D)
                                                      0.103     2.315    array_block_i/smartconnect_0/inst/switchboards/i_nodes/i_r_node/inst/inst_mi_handler/gen_normal_area.gen_upsizer.inst_upsizer/gen_r_ch.accum_reg[bytes][6][userdata][3]
  -------------------------------------------------------------------
                         required time                         -2.315    
                         arrival time                           2.344    
  -------------------------------------------------------------------
                         slack                                  0.028    

Slack (MET) :             0.029ns  (arrival time - required time)
  Source:                 array_block_i/smartconnect_0/inst/m00_exit_pipeline/m00_exit/inst/splitter_inst/gen_axi4lite.axilite_conv/s_axi_rdata_i_reg[14]/C
                            (rising edge-triggered cell FDRE clocked by clk_pl_0  {rise@0.000ns fall@5.000ns period=10.000ns})
  Destination:            array_block_i/smartconnect_0/inst/switchboards/i_nodes/i_r_node/inst/inst_mi_handler/gen_normal_area.gen_upsizer.inst_upsizer/gen_r_ch.accum_reg[bytes][9][userdata][6]/D
                            (rising edge-triggered cell FDRE clocked by clk_pl_0  {rise@0.000ns fall@5.000ns period=10.000ns})
  Path Group:             clk_pl_0
  Path Type:              Hold (Min at Slow Process Corner)
  Requirement:            0.000ns  (clk_pl_0 rise@0.000ns - clk_pl_0 rise@0.000ns)
  Data Path Delay:        0.217ns  (logic 0.112ns (51.495%)  route 0.105ns (48.505%))
  Logic Levels:           0  
  Clock Path Skew:        0.086ns (DCD - SCD - CPR)
    Destination Clock Delay (DCD):    2.361ns
    Source Clock Delay      (SCD):    2.101ns
    Clock Pessimism Removal (CPR):    0.173ns
  Clock Net Delay (Source):      1.885ns (routing 0.955ns, distribution 0.930ns)
  Clock Net Delay (Destination): 2.094ns (routing 1.045ns, distribution 1.049ns)

    Location             Delay type                Incr(ns)  Path(ns)    Netlist Resource(s)
  -------------------------------------------------------------------    -------------------
                         (clock clk_pl_0 rise edge)
                                                      0.000     0.000 r  
    PS8_X0Y0             PS8                          0.000     0.000 r  array_block_i/zynq_ultra_ps_e_0/inst/PS8_i/PLCLK[0]
                         net (fo=1, routed)           0.181     0.181    array_block_i/zynq_ultra_ps_e_0/inst/pl_clk_unbuffered[0]
    BUFG_PS_X0Y80        BUFG_PS (Prop_BUFG_PS_I_O)
                                                      0.035     0.216 r  array_block_i/zynq_ultra_ps_e_0/inst/buffer_pl_clk_0.PL_CLK_0_BUFG/O
    X0Y1 (CLOCK_ROOT)    net (fo=3425, routed)        1.885     2.101    array_block_i/smartconnect_0/inst/m00_exit_pipeline/m00_exit/inst/splitter_inst/gen_axi4lite.axilite_conv/aclk
    SLICE_X3Y101         FDRE                                         r  array_block_i/smartconnect_0/inst/m00_exit_pipeline/m00_exit/inst/splitter_inst/gen_axi4lite.axilite_conv/s_axi_rdata_i_reg[14]/C
  -------------------------------------------------------------------    -------------------
    SLICE_X3Y101         FDRE (Prop_BFF_SLICEL_C_Q)
                                                      0.112     2.213 r  array_block_i/smartconnect_0/inst/m00_exit_pipeline/m00_exit/inst/splitter_inst/gen_axi4lite.axilite_conv/s_axi_rdata_i_reg[14]/Q
                         net (fo=4, routed)           0.105     2.319    array_block_i/smartconnect_0/inst/switchboards/i_nodes/i_r_node/inst/inst_mi_handler/gen_normal_area.gen_upsizer.inst_upsizer/s_sc_payld[20]
    SLICE_X4Y101         FDRE                                         r  array_block_i/smartconnect_0/inst/switchboards/i_nodes/i_r_node/inst/inst_mi_handler/gen_normal_area.gen_upsizer.inst_upsizer/gen_r_ch.accum_reg[bytes][9][userdata][6]/D
  -------------------------------------------------------------------    -------------------

                         (clock clk_pl_0 rise edge)
                                                      0.000     0.000 r  
    PS8_X0Y0             PS8                          0.000     0.000 r  array_block_i/zynq_ultra_ps_e_0/inst/PS8_i/PLCLK[0]
                         net (fo=1, routed)           0.229     0.229    array_block_i/zynq_ultra_ps_e_0/inst/pl_clk_unbuffered[0]
    BUFG_PS_X0Y80        BUFG_PS (Prop_BUFG_PS_I_O)
                                                      0.038     0.267 r  array_block_i/zynq_ultra_ps_e_0/inst/buffer_pl_clk_0.PL_CLK_0_BUFG/O
    X0Y1 (CLOCK_ROOT)    net (fo=3425, routed)        2.094     2.361    array_block_i/smartconnect_0/inst/switchboards/i_nodes/i_r_node/inst/inst_mi_handler/gen_normal_area.gen_upsizer.inst_upsizer/s_sc_aclk
    SLICE_X4Y101         FDRE                                         r  array_block_i/smartconnect_0/inst/switchboards/i_nodes/i_r_node/inst/inst_mi_handler/gen_normal_area.gen_upsizer.inst_upsizer/gen_r_ch.accum_reg[bytes][9][userdata][6]/C
                         clock pessimism             -0.173     2.188    
    SLICE_X4Y101         FDRE (Hold_BFF2_SLICEM_C_D)
                                                      0.102     2.290    array_block_i/smartconnect_0/inst/switchboards/i_nodes/i_r_node/inst/inst_mi_handler/gen_normal_area.gen_upsizer.inst_upsizer/gen_r_ch.accum_reg[bytes][9][userdata][6]
  -------------------------------------------------------------------
                         required time                         -2.290    
                         arrival time                           2.319    
  -------------------------------------------------------------------
                         slack                                  0.029    

Slack (MET) :             0.030ns  (arrival time - required time)
  Source:                 array_block_i/array_top_0/inst/u_matmul/ROW[2].COL[0].u_pe/u_mac/mult_reg/w_reg_reg[1]/C
                            (rising edge-triggered cell FDCE clocked by clk_pl_0  {rise@0.000ns fall@5.000ns period=10.000ns})
  Destination:            array_block_i/array_top_0/inst/u_matmul/ROW[3].COL[0].u_pe/u_mac/mult_reg/w_reg_reg[1]/D
                            (rising edge-triggered cell FDCE clocked by clk_pl_0  {rise@0.000ns fall@5.000ns period=10.000ns})
  Path Group:             clk_pl_0
  Path Type:              Hold (Min at Slow Process Corner)
  Requirement:            0.000ns  (clk_pl_0 rise@0.000ns - clk_pl_0 rise@0.000ns)
  Data Path Delay:        0.248ns  (logic 0.114ns (46.035%)  route 0.134ns (53.965%))
  Logic Levels:           0  
  Clock Path Skew:        0.116ns (DCD - SCD - CPR)
    Destination Clock Delay (DCD):    2.381ns
    Source Clock Delay      (SCD):    2.092ns
    Clock Pessimism Removal (CPR):    0.173ns
  Clock Net Delay (Source):      1.876ns (routing 0.955ns, distribution 0.921ns)
  Clock Net Delay (Destination): 2.114ns (routing 1.045ns, distribution 1.069ns)

    Location             Delay type                Incr(ns)  Path(ns)    Netlist Resource(s)
  -------------------------------------------------------------------    -------------------
                         (clock clk_pl_0 rise edge)
                                                      0.000     0.000 r  
    PS8_X0Y0             PS8                          0.000     0.000 r  array_block_i/zynq_ultra_ps_e_0/inst/PS8_i/PLCLK[0]
                         net (fo=1, routed)           0.181     0.181    array_block_i/zynq_ultra_ps_e_0/inst/pl_clk_unbuffered[0]
    BUFG_PS_X0Y80        BUFG_PS (Prop_BUFG_PS_I_O)
                                                      0.035     0.216 r  array_block_i/zynq_ultra_ps_e_0/inst/buffer_pl_clk_0.PL_CLK_0_BUFG/O
    X0Y1 (CLOCK_ROOT)    net (fo=3425, routed)        1.876     2.092    array_block_i/array_top_0/inst/u_matmul/ROW[2].COL[0].u_pe/u_mac/mult_reg/clk
    SLICE_X4Y110         FDCE                                         r  array_block_i/array_top_0/inst/u_matmul/ROW[2].COL[0].u_pe/u_mac/mult_reg/w_reg_reg[1]/C
  -------------------------------------------------------------------    -------------------
    SLICE_X4Y110         FDCE (Prop_EFF2_SLICEM_C_Q)
                                                      0.114     2.206 r  array_block_i/array_top_0/inst/u_matmul/ROW[2].COL[0].u_pe/u_mac/mult_reg/w_reg_reg[1]/Q
                         net (fo=19, routed)          0.134     2.340    array_block_i/array_top_0/inst/u_matmul/ROW[3].COL[0].u_pe/u_mac/mult_reg/weight_in[1]
    SLICE_X5Y110         FDCE                                         r  array_block_i/array_top_0/inst/u_matmul/ROW[3].COL[0].u_pe/u_mac/mult_reg/w_reg_reg[1]/D
  -------------------------------------------------------------------    -------------------

                         (clock clk_pl_0 rise edge)
                                                      0.000     0.000 r  
    PS8_X0Y0             PS8                          0.000     0.000 r  array_block_i/zynq_ultra_ps_e_0/inst/PS8_i/PLCLK[0]
                         net (fo=1, routed)           0.229     0.229    array_block_i/zynq_ultra_ps_e_0/inst/pl_clk_unbuffered[0]
    BUFG_PS_X0Y80        BUFG_PS (Prop_BUFG_PS_I_O)
                                                      0.038     0.267 r  array_block_i/zynq_ultra_ps_e_0/inst/buffer_pl_clk_0.PL_CLK_0_BUFG/O
    X0Y1 (CLOCK_ROOT)    net (fo=3425, routed)        2.114     2.381    array_block_i/array_top_0/inst/u_matmul/ROW[3].COL[0].u_pe/u_mac/mult_reg/clk
    SLICE_X5Y110         FDCE                                         r  array_block_i/array_top_0/inst/u_matmul/ROW[3].COL[0].u_pe/u_mac/mult_reg/w_reg_reg[1]/C
                         clock pessimism             -0.173     2.208    
    SLICE_X5Y110         FDCE (Hold_CFF2_SLICEM_C_D)
                                                      0.102     2.310    array_block_i/array_top_0/inst/u_matmul/ROW[3].COL[0].u_pe/u_mac/mult_reg/w_reg_reg[1]
  -------------------------------------------------------------------
                         required time                         -2.310    
                         arrival time                           2.340    
  -------------------------------------------------------------------
                         slack                                  0.030    

Slack (MET) :             0.030ns  (arrival time - required time)
  Source:                 array_block_i/smartconnect_0/inst/s00_entry_pipeline/s00_si_converter/inst/converter.low_area_converter.low_area_wrap_inst/push_bcmd_data_reg[2]/C
                            (rising edge-triggered cell FDRE clocked by clk_pl_0  {rise@0.000ns fall@5.000ns period=10.000ns})
  Destination:            array_block_i/smartconnect_0/inst/s00_entry_pipeline/s00_si_converter/inst/converter.low_area_converter.low_area_wrap_inst/w_resp_fifo/gen_srls[2].srl_nx1/shift_reg_reg[0]_srl32/D
                            (rising edge-triggered cell SRLC32E clocked by clk_pl_0  {rise@0.000ns fall@5.000ns period=10.000ns})
  Path Group:             clk_pl_0
  Path Type:              Hold (Min at Slow Process Corner)
  Requirement:            0.000ns  (clk_pl_0 rise@0.000ns - clk_pl_0 rise@0.000ns)
  Data Path Delay:        0.200ns  (logic 0.112ns (55.922%)  route 0.088ns (44.078%))
  Logic Levels:           0  
  Clock Path Skew:        0.066ns (DCD - SCD - CPR)
    Destination Clock Delay (DCD):    2.387ns
    Source Clock Delay      (SCD):    2.093ns
    Clock Pessimism Removal (CPR):    0.228ns
  Clock Net Delay (Source):      1.877ns (routing 0.955ns, distribution 0.922ns)
  Clock Net Delay (Destination): 2.120ns (routing 1.045ns, distribution 1.075ns)

    Location             Delay type                Incr(ns)  Path(ns)    Netlist Resource(s)
  -------------------------------------------------------------------    -------------------
                         (clock clk_pl_0 rise edge)
                                                      0.000     0.000 r  
    PS8_X0Y0             PS8                          0.000     0.000 r  array_block_i/zynq_ultra_ps_e_0/inst/PS8_i/PLCLK[0]
                         net (fo=1, routed)           0.181     0.181    array_block_i/zynq_ultra_ps_e_0/inst/pl_clk_unbuffered[0]
    BUFG_PS_X0Y80        BUFG_PS (Prop_BUFG_PS_I_O)
                                                      0.035     0.216 r  array_block_i/zynq_ultra_ps_e_0/inst/buffer_pl_clk_0.PL_CLK_0_BUFG/O
    X0Y1 (CLOCK_ROOT)    net (fo=3425, routed)        1.877     2.093    array_block_i/smartconnect_0/inst/s00_entry_pipeline/s00_si_converter/inst/converter.low_area_converter.low_area_wrap_inst/aclk
    SLICE_X4Y86          FDRE                                         r  array_block_i/smartconnect_0/inst/s00_entry_pipeline/s00_si_converter/inst/converter.low_area_converter.low_area_wrap_inst/push_bcmd_data_reg[2]/C
  -------------------------------------------------------------------    -------------------
    SLICE_X4Y86          FDRE (Prop_CFF_SLICEM_C_Q)
                                                      0.112     2.205 r  array_block_i/smartconnect_0/inst/s00_entry_pipeline/s00_si_converter/inst/converter.low_area_converter.low_area_wrap_inst/push_bcmd_data_reg[2]/Q
                         net (fo=2, routed)           0.088     2.294    array_block_i/smartconnect_0/inst/s00_entry_pipeline/s00_si_converter/inst/converter.low_area_converter.low_area_wrap_inst/w_resp_fifo/gen_srls[2].srl_nx1/gen_pipelined.mesg_reg_reg[2][0]
    SLICE_X4Y87          SRLC32E                                      r  array_block_i/smartconnect_0/inst/s00_entry_pipeline/s00_si_converter/inst/converter.low_area_converter.low_area_wrap_inst/w_resp_fifo/gen_srls[2].srl_nx1/shift_reg_reg[0]_srl32/D
  -------------------------------------------------------------------    -------------------

                         (clock clk_pl_0 rise edge)
                                                      0.000     0.000 r  
    PS8_X0Y0             PS8                          0.000     0.000 r  array_block_i/zynq_ultra_ps_e_0/inst/PS8_i/PLCLK[0]
                         net (fo=1, routed)           0.229     0.229    array_block_i/zynq_ultra_ps_e_0/inst/pl_clk_unbuffered[0]
    BUFG_PS_X0Y80        BUFG_PS (Prop_BUFG_PS_I_O)
                                                      0.038     0.267 r  array_block_i/zynq_ultra_ps_e_0/inst/buffer_pl_clk_0.PL_CLK_0_BUFG/O
    X0Y1 (CLOCK_ROOT)    net (fo=3425, routed)        2.120     2.387    array_block_i/smartconnect_0/inst/s00_entry_pipeline/s00_si_converter/inst/converter.low_area_converter.low_area_wrap_inst/w_resp_fifo/gen_srls[2].srl_nx1/aclk
    SLICE_X4Y87          SRLC32E                                      r  array_block_i/smartconnect_0/inst/s00_entry_pipeline/s00_si_converter/inst/converter.low_area_converter.low_area_wrap_inst/w_resp_fifo/gen_srls[2].srl_nx1/shift_reg_reg[0]_srl32/CLK
                         clock pessimism             -0.228     2.159    
    SLICE_X4Y87          SRLC32E (Hold_H6LUT_SLICEM_CLK_D)
                                                      0.104     2.263    array_block_i/smartconnect_0/inst/s00_entry_pipeline/s00_si_converter/inst/converter.low_area_converter.low_area_wrap_inst/w_resp_fifo/gen_srls[2].srl_nx1/shift_reg_reg[0]_srl32
  -------------------------------------------------------------------
                         required time                         -2.263    
                         arrival time                           2.294    
  -------------------------------------------------------------------
                         slack                                  0.030    

Slack (MET) :             0.031ns  (arrival time - required time)
  Source:                 array_block_i/smartconnect_0/inst/s00_entry_pipeline/s00_mmu/inst/ar_reg_stall/m_vector_i_reg[1070]/C
                            (rising edge-triggered cell FDRE clocked by clk_pl_0  {rise@0.000ns fall@5.000ns period=10.000ns})
  Destination:            array_block_i/smartconnect_0/inst/s00_entry_pipeline/s00_si_converter/inst/converter.low_area_converter.low_area_wrap_inst/orig_araddr_reg[9]/D
                            (rising edge-triggered cell FDRE clocked by clk_pl_0  {rise@0.000ns fall@5.000ns period=10.000ns})
  Path Group:             clk_pl_0
  Path Type:              Hold (Min at Slow Process Corner)
  Requirement:            0.000ns  (clk_pl_0 rise@0.000ns - clk_pl_0 rise@0.000ns)
  Data Path Delay:        0.217ns  (logic 0.112ns (51.613%)  route 0.105ns (48.387%))
  Logic Levels:           0  
  Clock Path Skew:        0.084ns (DCD - SCD - CPR)
    Destination Clock Delay (DCD):    2.357ns
    Source Clock Delay      (SCD):    2.099ns
    Clock Pessimism Removal (CPR):    0.173ns
  Clock Net Delay (Source):      1.883ns (routing 0.955ns, distribution 0.928ns)
  Clock Net Delay (Destination): 2.090ns (routing 1.045ns, distribution 1.045ns)

    Location             Delay type                Incr(ns)  Path(ns)    Netlist Resource(s)
  -------------------------------------------------------------------    -------------------
                         (clock clk_pl_0 rise edge)
                                                      0.000     0.000 r  
    PS8_X0Y0             PS8                          0.000     0.000 r  array_block_i/zynq_ultra_ps_e_0/inst/PS8_i/PLCLK[0]
                         net (fo=1, routed)           0.181     0.181    array_block_i/zynq_ultra_ps_e_0/inst/pl_clk_unbuffered[0]
    BUFG_PS_X0Y80        BUFG_PS (Prop_BUFG_PS_I_O)
                                                      0.035     0.216 r  array_block_i/zynq_ultra_ps_e_0/inst/buffer_pl_clk_0.PL_CLK_0_BUFG/O
    X0Y1 (CLOCK_ROOT)    net (fo=3425, routed)        1.883     2.099    array_block_i/smartconnect_0/inst/s00_entry_pipeline/s00_mmu/inst/ar_reg_stall/aclk
    SLICE_X6Y100         FDRE                                         r  array_block_i/smartconnect_0/inst/s00_entry_pipeline/s00_mmu/inst/ar_reg_stall/m_vector_i_reg[1070]/C
  -------------------------------------------------------------------    -------------------
    SLICE_X6Y100         FDRE (Prop_AFF_SLICEL_C_Q)
                                                      0.112     2.211 r  array_block_i/smartconnect_0/inst/s00_entry_pipeline/s00_mmu/inst/ar_reg_stall/m_vector_i_reg[1070]/Q
                         net (fo=1, routed)           0.105     2.316    array_block_i/smartconnect_0/inst/s00_entry_pipeline/s00_si_converter/inst/converter.low_area_converter.low_area_wrap_inst/s_axi_araddr[9]
    SLICE_X7Y100         FDRE                                         r  array_block_i/smartconnect_0/inst/s00_entry_pipeline/s00_si_converter/inst/converter.low_area_converter.low_area_wrap_inst/orig_araddr_reg[9]/D
  -------------------------------------------------------------------    -------------------

                         (clock clk_pl_0 rise edge)
                                                      0.000     0.000 r  
    PS8_X0Y0             PS8                          0.000     0.000 r  array_block_i/zynq_ultra_ps_e_0/inst/PS8_i/PLCLK[0]
                         net (fo=1, routed)           0.229     0.229    array_block_i/zynq_ultra_ps_e_0/inst/pl_clk_unbuffered[0]
    BUFG_PS_X0Y80        BUFG_PS (Prop_BUFG_PS_I_O)
                                                      0.038     0.267 r  array_block_i/zynq_ultra_ps_e_0/inst/buffer_pl_clk_0.PL_CLK_0_BUFG/O
    X0Y1 (CLOCK_ROOT)    net (fo=3425, routed)        2.090     2.357    array_block_i/smartconnect_0/inst/s00_entry_pipeline/s00_si_converter/inst/converter.low_area_converter.low_area_wrap_inst/aclk
    SLICE_X7Y100         FDRE                                         r  array_block_i/smartconnect_0/inst/s00_entry_pipeline/s00_si_converter/inst/converter.low_area_converter.low_area_wrap_inst/orig_araddr_reg[9]/C
                         clock pessimism             -0.173     2.184    
    SLICE_X7Y100         FDRE (Hold_BFF2_SLICEM_C_D)
                                                      0.102     2.286    array_block_i/smartconnect_0/inst/s00_entry_pipeline/s00_si_converter/inst/converter.low_area_converter.low_area_wrap_inst/orig_araddr_reg[9]
  -------------------------------------------------------------------
                         required time                         -2.286    
                         arrival time                           2.316    
  -------------------------------------------------------------------
                         slack                                  0.031    

Slack (MET) :             0.038ns  (arrival time - required time)
  Source:                 array_block_i/smartconnect_0/inst/m00_exit_pipeline/m00_exit/inst/splitter_inst/gen_axi4lite.axilite_conv/s_axi_rdata_i_reg[30]/C
                            (rising edge-triggered cell FDRE clocked by clk_pl_0  {rise@0.000ns fall@5.000ns period=10.000ns})
  Destination:            array_block_i/smartconnect_0/inst/switchboards/i_nodes/i_r_node/inst/inst_mi_handler/gen_normal_area.gen_upsizer.inst_upsizer/gen_r_ch.accum_reg[bytes][7][userdata][6]/D
                            (rising edge-triggered cell FDRE clocked by clk_pl_0  {rise@0.000ns fall@5.000ns period=10.000ns})
  Path Group:             clk_pl_0
  Path Type:              Hold (Min at Slow Process Corner)
  Requirement:            0.000ns  (clk_pl_0 rise@0.000ns - clk_pl_0 rise@0.000ns)
  Data Path Delay:        0.261ns  (logic 0.114ns (43.673%)  route 0.147ns (56.327%))
  Logic Levels:           0  
  Clock Path Skew:        0.121ns (DCD - SCD - CPR)
    Destination Clock Delay (DCD):    2.386ns
    Source Clock Delay      (SCD):    2.091ns
    Clock Pessimism Removal (CPR):    0.173ns
  Clock Net Delay (Source):      1.875ns (routing 0.955ns, distribution 0.920ns)
  Clock Net Delay (Destination): 2.119ns (routing 1.045ns, distribution 1.074ns)

    Location             Delay type                Incr(ns)  Path(ns)    Netlist Resource(s)
  -------------------------------------------------------------------    -------------------
                         (clock clk_pl_0 rise edge)
                                                      0.000     0.000 r  
    PS8_X0Y0             PS8                          0.000     0.000 r  array_block_i/zynq_ultra_ps_e_0/inst/PS8_i/PLCLK[0]
                         net (fo=1, routed)           0.181     0.181    array_block_i/zynq_ultra_ps_e_0/inst/pl_clk_unbuffered[0]
    BUFG_PS_X0Y80        BUFG_PS (Prop_BUFG_PS_I_O)
                                                      0.035     0.216 r  array_block_i/zynq_ultra_ps_e_0/inst/buffer_pl_clk_0.PL_CLK_0_BUFG/O
    X0Y1 (CLOCK_ROOT)    net (fo=3425, routed)        1.875     2.091    array_block_i/smartconnect_0/inst/m00_exit_pipeline/m00_exit/inst/splitter_inst/gen_axi4lite.axilite_conv/aclk
    SLICE_X4Y100         FDRE                                         r  array_block_i/smartconnect_0/inst/m00_exit_pipeline/m00_exit/inst/splitter_inst/gen_axi4lite.axilite_conv/s_axi_rdata_i_reg[30]/C
  -------------------------------------------------------------------    -------------------
    SLICE_X4Y100         FDRE (Prop_BFF2_SLICEM_C_Q)
                                                      0.114     2.205 r  array_block_i/smartconnect_0/inst/m00_exit_pipeline/m00_exit/inst/splitter_inst/gen_axi4lite.axilite_conv/s_axi_rdata_i_reg[30]/Q
                         net (fo=4, routed)           0.147     2.352    array_block_i/smartconnect_0/inst/switchboards/i_nodes/i_r_node/inst/inst_mi_handler/gen_normal_area.gen_upsizer.inst_upsizer/s_sc_payld[36]
    SLICE_X3Y98          FDRE                                         r  array_block_i/smartconnect_0/inst/switchboards/i_nodes/i_r_node/inst/inst_mi_handler/gen_normal_area.gen_upsizer.inst_upsizer/gen_r_ch.accum_reg[bytes][7][userdata][6]/D
  -------------------------------------------------------------------    -------------------

                         (clock clk_pl_0 rise edge)
                                                      0.000     0.000 r  
    PS8_X0Y0             PS8                          0.000     0.000 r  array_block_i/zynq_ultra_ps_e_0/inst/PS8_i/PLCLK[0]
                         net (fo=1, routed)           0.229     0.229    array_block_i/zynq_ultra_ps_e_0/inst/pl_clk_unbuffered[0]
    BUFG_PS_X0Y80        BUFG_PS (Prop_BUFG_PS_I_O)
                                                      0.038     0.267 r  array_block_i/zynq_ultra_ps_e_0/inst/buffer_pl_clk_0.PL_CLK_0_BUFG/O
    X0Y1 (CLOCK_ROOT)    net (fo=3425, routed)        2.119     2.386    array_block_i/smartconnect_0/inst/switchboards/i_nodes/i_r_node/inst/inst_mi_handler/gen_normal_area.gen_upsizer.inst_upsizer/s_sc_aclk
    SLICE_X3Y98          FDRE                                         r  array_block_i/smartconnect_0/inst/switchboards/i_nodes/i_r_node/inst/inst_mi_handler/gen_normal_area.gen_upsizer.inst_upsizer/gen_r_ch.accum_reg[bytes][7][userdata][6]/C
                         clock pessimism             -0.173     2.212    
    SLICE_X3Y98          FDRE (Hold_EFF2_SLICEL_C_D)
                                                      0.102     2.314    array_block_i/smartconnect_0/inst/switchboards/i_nodes/i_r_node/inst/inst_mi_handler/gen_normal_area.gen_upsizer.inst_upsizer/gen_r_ch.accum_reg[bytes][7][userdata][6]
  -------------------------------------------------------------------
                         required time                         -2.314    
                         arrival time                           2.352    
  -------------------------------------------------------------------
                         slack                                  0.038    





Pulse Width Checks
--------------------------------------------------------------------------------------
Clock Name:         clk_pl_0
Waveform(ns):       { 0.000 5.000 }
Period(ns):         10.000
Sources:            { array_block_i/zynq_ultra_ps_e_0/inst/PS8_i/PLCLK[0] }

Check Type        Corner  Lib Pin          Reference Pin  Required(ns)  Actual(ns)  Slack(ns)  Location       Pin
Min Period        n/a     PS8/MAXIGP0ACLK  n/a            3.000         10.000      7.000      PS8_X0Y0       array_block_i/zynq_ultra_ps_e_0/inst/PS8_i/MAXIGP0ACLK
Min Period        n/a     SRL16E/CLK       n/a            1.524         10.000      8.476      SLICE_X2Y147   array_block_i/proc_sys_reset_0/U0/EXT_LPF/POR_SRL_I/CLK
Min Period        n/a     SRL16E/CLK       n/a            1.524         10.000      8.476      SLICE_X10Y109  array_block_i/smartconnect_0/inst/clk_map/psr_aclk/U0/EXT_LPF/POR_SRL_I/CLK
Min Period        n/a     SRLC32E/CLK      n/a            1.524         10.000      8.476      SLICE_X4Y88    array_block_i/smartconnect_0/inst/s00_entry_pipeline/s00_si_converter/inst/converter.low_area_converter.low_area_wrap_inst/w_resp_fifo/gen_srls[1].srl_nx1/shift_reg_reg[0]_srl32/CLK
Min Period        n/a     SRLC32E/CLK      n/a            1.524         10.000      8.476      SLICE_X4Y87    array_block_i/smartconnect_0/inst/s00_entry_pipeline/s00_si_converter/inst/converter.low_area_converter.low_area_wrap_inst/w_resp_fifo/gen_srls[2].srl_nx1/shift_reg_reg[0]_srl32/CLK
Min Period        n/a     SRLC32E/CLK      n/a            1.524         10.000      8.476      SLICE_X4Y87    array_block_i/smartconnect_0/inst/s00_entry_pipeline/s00_si_converter/inst/converter.low_area_converter.low_area_wrap_inst/w_resp_fifo/gen_srls[3].srl_nx1/shift_reg_reg[0]_srl32/CLK
Min Period        n/a     SRLC32E/CLK      n/a            1.524         10.000      8.476      SLICE_X4Y87    array_block_i/smartconnect_0/inst/s00_entry_pipeline/s00_si_converter/inst/converter.low_area_converter.low_area_wrap_inst/w_resp_fifo/gen_srls[4].srl_nx1/shift_reg_reg[0]_srl32/CLK
Min Period        n/a     SRLC32E/CLK      n/a            1.524         10.000      8.476      SLICE_X4Y87    array_block_i/smartconnect_0/inst/s00_entry_pipeline/s00_si_converter/inst/converter.low_area_converter.low_area_wrap_inst/w_resp_fifo/gen_srls[5].srl_nx1/shift_reg_reg[0]_srl32/CLK
Min Period        n/a     SRLC32E/CLK      n/a            1.524         10.000      8.476      SLICE_X4Y87    array_block_i/smartconnect_0/inst/s00_entry_pipeline/s00_si_converter/inst/converter.low_area_converter.low_area_wrap_inst/w_resp_fifo/gen_srls[6].srl_nx1/shift_reg_reg[0]_srl32/CLK
Min Period        n/a     SRLC32E/CLK      n/a            1.524         10.000      8.476      SLICE_X4Y87    array_block_i/smartconnect_0/inst/s00_entry_pipeline/s00_si_converter/inst/converter.low_area_converter.low_area_wrap_inst/w_resp_fifo/gen_srls[7].srl_nx1/shift_reg_reg[0]_srl32/CLK
Low Pulse Width   Slow    PS8/MAXIGP0ACLK  n/a            1.500         5.000       3.500      PS8_X0Y0       array_block_i/zynq_ultra_ps_e_0/inst/PS8_i/MAXIGP0ACLK
Low Pulse Width   Fast    PS8/MAXIGP0ACLK  n/a            1.500         5.000       3.500      PS8_X0Y0       array_block_i/zynq_ultra_ps_e_0/inst/PS8_i/MAXIGP0ACLK
Low Pulse Width   Slow    SRL16E/CLK       n/a            0.762         5.000       4.238      SLICE_X2Y147   array_block_i/proc_sys_reset_0/U0/EXT_LPF/POR_SRL_I/CLK
Low Pulse Width   Fast    SRL16E/CLK       n/a            0.762         5.000       4.238      SLICE_X2Y147   array_block_i/proc_sys_reset_0/U0/EXT_LPF/POR_SRL_I/CLK
Low Pulse Width   Slow    SRL16E/CLK       n/a            0.762         5.000       4.238      SLICE_X10Y109  array_block_i/smartconnect_0/inst/clk_map/psr_aclk/U0/EXT_LPF/POR_SRL_I/CLK
Low Pulse Width   Fast    SRL16E/CLK       n/a            0.762         5.000       4.238      SLICE_X10Y109  array_block_i/smartconnect_0/inst/clk_map/psr_aclk/U0/EXT_LPF/POR_SRL_I/CLK
Low Pulse Width   Slow    SRLC32E/CLK      n/a            0.762         5.000       4.238      SLICE_X4Y88    array_block_i/smartconnect_0/inst/s00_entry_pipeline/s00_si_converter/inst/converter.low_area_converter.low_area_wrap_inst/w_resp_fifo/gen_srls[1].srl_nx1/shift_reg_reg[0]_srl32/CLK
Low Pulse Width   Fast    SRLC32E/CLK      n/a            0.762         5.000       4.238      SLICE_X4Y88    array_block_i/smartconnect_0/inst/s00_entry_pipeline/s00_si_converter/inst/converter.low_area_converter.low_area_wrap_inst/w_resp_fifo/gen_srls[1].srl_nx1/shift_reg_reg[0]_srl32/CLK
Low Pulse Width   Slow    SRLC32E/CLK      n/a            0.762         5.000       4.238      SLICE_X4Y87    array_block_i/smartconnect_0/inst/s00_entry_pipeline/s00_si_converter/inst/converter.low_area_converter.low_area_wrap_inst/w_resp_fifo/gen_srls[2].srl_nx1/shift_reg_reg[0]_srl32/CLK
Low Pulse Width   Fast    SRLC32E/CLK      n/a            0.762         5.000       4.238      SLICE_X4Y87    array_block_i/smartconnect_0/inst/s00_entry_pipeline/s00_si_converter/inst/converter.low_area_converter.low_area_wrap_inst/w_resp_fifo/gen_srls[2].srl_nx1/shift_reg_reg[0]_srl32/CLK
High Pulse Width  Slow    PS8/MAXIGP0ACLK  n/a            1.500         5.000       3.500      PS8_X0Y0       array_block_i/zynq_ultra_ps_e_0/inst/PS8_i/MAXIGP0ACLK
High Pulse Width  Fast    PS8/MAXIGP0ACLK  n/a            1.500         5.000       3.500      PS8_X0Y0       array_block_i/zynq_ultra_ps_e_0/inst/PS8_i/MAXIGP0ACLK
High Pulse Width  Slow    SRL16E/CLK       n/a            0.762         5.000       4.238      SLICE_X2Y147   array_block_i/proc_sys_reset_0/U0/EXT_LPF/POR_SRL_I/CLK
High Pulse Width  Fast    SRL16E/CLK       n/a            0.762         5.000       4.238      SLICE_X2Y147   array_block_i/proc_sys_reset_0/U0/EXT_LPF/POR_SRL_I/CLK
High Pulse Width  Slow    SRL16E/CLK       n/a            0.762         5.000       4.238      SLICE_X10Y109  array_block_i/smartconnect_0/inst/clk_map/psr_aclk/U0/EXT_LPF/POR_SRL_I/CLK
High Pulse Width  Fast    SRL16E/CLK       n/a            0.762         5.000       4.238      SLICE_X10Y109  array_block_i/smartconnect_0/inst/clk_map/psr_aclk/U0/EXT_LPF/POR_SRL_I/CLK
High Pulse Width  Slow    SRLC32E/CLK      n/a            0.762         5.000       4.238      SLICE_X4Y88    array_block_i/smartconnect_0/inst/s00_entry_pipeline/s00_si_converter/inst/converter.low_area_converter.low_area_wrap_inst/w_resp_fifo/gen_srls[1].srl_nx1/shift_reg_reg[0]_srl32/CLK
High Pulse Width  Fast    SRLC32E/CLK      n/a            0.762         5.000       4.238      SLICE_X4Y88    array_block_i/smartconnect_0/inst/s00_entry_pipeline/s00_si_converter/inst/converter.low_area_converter.low_area_wrap_inst/w_resp_fifo/gen_srls[1].srl_nx1/shift_reg_reg[0]_srl32/CLK
High Pulse Width  Slow    SRLC32E/CLK      n/a            0.762         5.000       4.238      SLICE_X4Y87    array_block_i/smartconnect_0/inst/s00_entry_pipeline/s00_si_converter/inst/converter.low_area_converter.low_area_wrap_inst/w_resp_fifo/gen_srls[2].srl_nx1/shift_reg_reg[0]_srl32/CLK
High Pulse Width  Fast    SRLC32E/CLK      n/a            0.762         5.000       4.238      SLICE_X4Y87    array_block_i/smartconnect_0/inst/s00_entry_pipeline/s00_si_converter/inst/converter.low_area_converter.low_area_wrap_inst/w_resp_fifo/gen_srls[2].srl_nx1/shift_reg_reg[0]_srl32/CLK



---------------------------------------------------------------------------------------------------
Path Group:  **async_default**
From Clock:  clk_pl_0
  To Clock:  clk_pl_0

Setup :            0  Failing Endpoints,  Worst Slack        5.964ns,  Total Violation        0.000ns
Hold  :            0  Failing Endpoints,  Worst Slack        1.632ns,  Total Violation        0.000ns
---------------------------------------------------------------------------------------------------


Max Delay Paths
--------------------------------------------------------------------------------------
Slack (MET) :             5.964ns  (required time - arrival time)
  Source:                 array_block_i/axi_gpio_0/U0/gpio_core_1/Dual.gpio_Data_Out_reg[5]/C
                            (rising edge-triggered cell FDRE clocked by clk_pl_0  {rise@0.000ns fall@5.000ns period=10.000ns})
  Destination:            array_block_i/array_top_0/inst/u_matmul/ROW[2].COL[0].u_pe/u_mac/acc_reg/psum_internal_reg[28]/CLR
                            (recovery check against rising-edge clock clk_pl_0  {rise@0.000ns fall@5.000ns period=10.000ns})
  Path Group:             **async_default**
  Path Type:              Recovery (Max at Slow Process Corner)
  Requirement:            10.000ns  (clk_pl_0 rise@10.000ns - clk_pl_0 rise@0.000ns)
  Data Path Delay:        3.676ns  (logic 0.158ns (4.299%)  route 3.518ns (95.701%))
  Logic Levels:           1  (BUFGCE=1)
  Clock Path Skew:        -0.107ns (DCD - SCD + CPR)
    Destination Clock Delay (DCD):    2.111ns = ( 12.111 - 10.000 ) 
    Source Clock Delay      (SCD):    2.392ns
    Clock Pessimism Removal (CPR):    0.173ns
  Clock Uncertainty:      0.160ns  ((TSJ^2 + DJ^2)^1/2) / 2 + PE
    Total System Jitter     (TSJ):    0.071ns
    Discrete Jitter          (DJ):    0.312ns
    Phase Error              (PE):    0.000ns
  Clock Net Delay (Source):      2.125ns (routing 1.045ns, distribution 1.080ns)
  Clock Net Delay (Destination): 1.895ns (routing 0.955ns, distribution 0.940ns)

    Location             Delay type                Incr(ns)  Path(ns)    Netlist Resource(s)
  -------------------------------------------------------------------    -------------------
                         (clock clk_pl_0 rise edge)
                                                      0.000     0.000 r  
    PS8_X0Y0             PS8                          0.000     0.000 r  array_block_i/zynq_ultra_ps_e_0/inst/PS8_i/PLCLK[0]
                         net (fo=1, routed)           0.229     0.229    array_block_i/zynq_ultra_ps_e_0/inst/pl_clk_unbuffered[0]
    BUFG_PS_X0Y80        BUFG_PS (Prop_BUFG_PS_I_O)
                                                      0.038     0.267 r  array_block_i/zynq_ultra_ps_e_0/inst/buffer_pl_clk_0.PL_CLK_0_BUFG/O
    X0Y1 (CLOCK_ROOT)    net (fo=3425, routed)        2.125     2.392    array_block_i/axi_gpio_0/U0/gpio_core_1/s_axi_aclk
    SLICE_X3Y104         FDRE                                         r  array_block_i/axi_gpio_0/U0/gpio_core_1/Dual.gpio_Data_Out_reg[5]/C
  -------------------------------------------------------------------    -------------------
    SLICE_X3Y104         FDRE (Prop_EFF_SLICEL_C_Q)
                                                      0.114     2.506 r  array_block_i/axi_gpio_0/U0/gpio_core_1/Dual.gpio_Data_Out_reg[5]/Q
                         net (fo=1, routed)           1.705     4.211    array_block_i/axi_gpio_0/U0/gpio_core_1/gpio_io_o[0]_bufg_place
    BUFGCE_X0Y50         BUFGCE (Prop_BUFCE_BUFGCE_I_O)
                                                      0.044     4.255 r  array_block_i/axi_gpio_0/U0/gpio_core_1/Dual.gpio_Data_Out_reg[5]_bufg_place/O
                         net (fo=1421, routed)        1.813     6.067    array_block_i/array_top_0/inst/u_matmul/ROW[2].COL[0].u_pe/u_mac/acc_reg/valid_out_reg_0
    SLICE_X5Y113         FDCE                                         f  array_block_i/array_top_0/inst/u_matmul/ROW[2].COL[0].u_pe/u_mac/acc_reg/psum_internal_reg[28]/CLR  (IS_INVERTED)
  -------------------------------------------------------------------    -------------------

                         (clock clk_pl_0 rise edge)
                                                     10.000    10.000 r  
    PS8_X0Y0             PS8                          0.000    10.000 r  array_block_i/zynq_ultra_ps_e_0/inst/PS8_i/PLCLK[0]
                         net (fo=1, routed)           0.181    10.181    array_block_i/zynq_ultra_ps_e_0/inst/pl_clk_unbuffered[0]
    BUFG_PS_X0Y80        BUFG_PS (Prop_BUFG_PS_I_O)
                                                      0.035    10.216 r  array_block_i/zynq_ultra_ps_e_0/inst/buffer_pl_clk_0.PL_CLK_0_BUFG/O
    X0Y1 (CLOCK_ROOT)    net (fo=3425, routed)        1.895    12.111    array_block_i/array_top_0/inst/u_matmul/ROW[2].COL[0].u_pe/u_mac/acc_reg/clk
    SLICE_X5Y113         FDCE                                         r  array_block_i/array_top_0/inst/u_matmul/ROW[2].COL[0].u_pe/u_mac/acc_reg/psum_internal_reg[28]/C
                         clock pessimism              0.173    12.284    
                         clock uncertainty           -0.160    12.124    
    SLICE_X5Y113         FDCE (Recov_DFF_SLICEM_C_CLR)
                                                     -0.093    12.031    array_block_i/array_top_0/inst/u_matmul/ROW[2].COL[0].u_pe/u_mac/acc_reg/psum_internal_reg[28]
  -------------------------------------------------------------------
                         required time                         12.031    
                         arrival time                          -6.067    
  -------------------------------------------------------------------
                         slack                                  5.964    

Slack (MET) :             5.964ns  (required time - arrival time)
  Source:                 array_block_i/axi_gpio_0/U0/gpio_core_1/Dual.gpio_Data_Out_reg[5]/C
                            (rising edge-triggered cell FDRE clocked by clk_pl_0  {rise@0.000ns fall@5.000ns period=10.000ns})
  Destination:            array_block_i/array_top_0/inst/u_matmul/ROW[2].COL[0].u_pe/u_mac/acc_reg/psum_internal_reg[31]/CLR
                            (recovery check against rising-edge clock clk_pl_0  {rise@0.000ns fall@5.000ns period=10.000ns})
  Path Group:             **async_default**
  Path Type:              Recovery (Max at Slow Process Corner)
  Requirement:            10.000ns  (clk_pl_0 rise@10.000ns - clk_pl_0 rise@0.000ns)
  Data Path Delay:        3.676ns  (logic 0.158ns (4.299%)  route 3.518ns (95.701%))
  Logic Levels:           1  (BUFGCE=1)
  Clock Path Skew:        -0.107ns (DCD - SCD + CPR)
    Destination Clock Delay (DCD):    2.111ns = ( 12.111 - 10.000 ) 
    Source Clock Delay      (SCD):    2.392ns
    Clock Pessimism Removal (CPR):    0.173ns
  Clock Uncertainty:      0.160ns  ((TSJ^2 + DJ^2)^1/2) / 2 + PE
    Total System Jitter     (TSJ):    0.071ns
    Discrete Jitter          (DJ):    0.312ns
    Phase Error              (PE):    0.000ns
  Clock Net Delay (Source):      2.125ns (routing 1.045ns, distribution 1.080ns)
  Clock Net Delay (Destination): 1.895ns (routing 0.955ns, distribution 0.940ns)

    Location             Delay type                Incr(ns)  Path(ns)    Netlist Resource(s)
  -------------------------------------------------------------------    -------------------
                         (clock clk_pl_0 rise edge)
                                                      0.000     0.000 r  
    PS8_X0Y0             PS8                          0.000     0.000 r  array_block_i/zynq_ultra_ps_e_0/inst/PS8_i/PLCLK[0]
                         net (fo=1, routed)           0.229     0.229    array_block_i/zynq_ultra_ps_e_0/inst/pl_clk_unbuffered[0]
    BUFG_PS_X0Y80        BUFG_PS (Prop_BUFG_PS_I_O)
                                                      0.038     0.267 r  array_block_i/zynq_ultra_ps_e_0/inst/buffer_pl_clk_0.PL_CLK_0_BUFG/O
    X0Y1 (CLOCK_ROOT)    net (fo=3425, routed)        2.125     2.392    array_block_i/axi_gpio_0/U0/gpio_core_1/s_axi_aclk
    SLICE_X3Y104         FDRE                                         r  array_block_i/axi_gpio_0/U0/gpio_core_1/Dual.gpio_Data_Out_reg[5]/C
  -------------------------------------------------------------------    -------------------
    SLICE_X3Y104         FDRE (Prop_EFF_SLICEL_C_Q)
                                                      0.114     2.506 r  array_block_i/axi_gpio_0/U0/gpio_core_1/Dual.gpio_Data_Out_reg[5]/Q
                         net (fo=1, routed)           1.705     4.211    array_block_i/axi_gpio_0/U0/gpio_core_1/gpio_io_o[0]_bufg_place
    BUFGCE_X0Y50         BUFGCE (Prop_BUFCE_BUFGCE_I_O)
                                                      0.044     4.255 r  array_block_i/axi_gpio_0/U0/gpio_core_1/Dual.gpio_Data_Out_reg[5]_bufg_place/O
                         net (fo=1421, routed)        1.813     6.067    array_block_i/array_top_0/inst/u_matmul/ROW[2].COL[0].u_pe/u_mac/acc_reg/valid_out_reg_0
    SLICE_X5Y113         FDCE                                         f  array_block_i/array_top_0/inst/u_matmul/ROW[2].COL[0].u_pe/u_mac/acc_reg/psum_internal_reg[31]/CLR  (IS_INVERTED)
  -------------------------------------------------------------------    -------------------

                         (clock clk_pl_0 rise edge)
                                                     10.000    10.000 r  
    PS8_X0Y0             PS8                          0.000    10.000 r  array_block_i/zynq_ultra_ps_e_0/inst/PS8_i/PLCLK[0]
                         net (fo=1, routed)           0.181    10.181    array_block_i/zynq_ultra_ps_e_0/inst/pl_clk_unbuffered[0]
    BUFG_PS_X0Y80        BUFG_PS (Prop_BUFG_PS_I_O)
                                                      0.035    10.216 r  array_block_i/zynq_ultra_ps_e_0/inst/buffer_pl_clk_0.PL_CLK_0_BUFG/O
    X0Y1 (CLOCK_ROOT)    net (fo=3425, routed)        1.895    12.111    array_block_i/array_top_0/inst/u_matmul/ROW[2].COL[0].u_pe/u_mac/acc_reg/clk
    SLICE_X5Y113         FDCE                                         r  array_block_i/array_top_0/inst/u_matmul/ROW[2].COL[0].u_pe/u_mac/acc_reg/psum_internal_reg[31]/C
                         clock pessimism              0.173    12.284    
                         clock uncertainty           -0.160    12.124    
    SLICE_X5Y113         FDCE (Recov_CFF_SLICEM_C_CLR)
                                                     -0.093    12.031    array_block_i/array_top_0/inst/u_matmul/ROW[2].COL[0].u_pe/u_mac/acc_reg/psum_internal_reg[31]
  -------------------------------------------------------------------
                         required time                         12.031    
                         arrival time                          -6.067    
  -------------------------------------------------------------------
                         slack                                  5.964    

Slack (MET) :             5.964ns  (required time - arrival time)
  Source:                 array_block_i/axi_gpio_0/U0/gpio_core_1/Dual.gpio_Data_Out_reg[5]/C
                            (rising edge-triggered cell FDRE clocked by clk_pl_0  {rise@0.000ns fall@5.000ns period=10.000ns})
  Destination:            array_block_i/array_top_0/inst/u_matmul/ROW[2].COL[0].u_pe/u_mac/acc_reg/psum_out_reg[28]/CLR
                            (recovery check against rising-edge clock clk_pl_0  {rise@0.000ns fall@5.000ns period=10.000ns})
  Path Group:             **async_default**
  Path Type:              Recovery (Max at Slow Process Corner)
  Requirement:            10.000ns  (clk_pl_0 rise@10.000ns - clk_pl_0 rise@0.000ns)
  Data Path Delay:        3.676ns  (logic 0.158ns (4.299%)  route 3.518ns (95.701%))
  Logic Levels:           1  (BUFGCE=1)
  Clock Path Skew:        -0.107ns (DCD - SCD + CPR)
    Destination Clock Delay (DCD):    2.111ns = ( 12.111 - 10.000 ) 
    Source Clock Delay      (SCD):    2.392ns
    Clock Pessimism Removal (CPR):    0.173ns
  Clock Uncertainty:      0.160ns  ((TSJ^2 + DJ^2)^1/2) / 2 + PE
    Total System Jitter     (TSJ):    0.071ns
    Discrete Jitter          (DJ):    0.312ns
    Phase Error              (PE):    0.000ns
  Clock Net Delay (Source):      2.125ns (routing 1.045ns, distribution 1.080ns)
  Clock Net Delay (Destination): 1.895ns (routing 0.955ns, distribution 0.940ns)

    Location             Delay type                Incr(ns)  Path(ns)    Netlist Resource(s)
  -------------------------------------------------------------------    -------------------
                         (clock clk_pl_0 rise edge)
                                                      0.000     0.000 r  
    PS8_X0Y0             PS8                          0.000     0.000 r  array_block_i/zynq_ultra_ps_e_0/inst/PS8_i/PLCLK[0]
                         net (fo=1, routed)           0.229     0.229    array_block_i/zynq_ultra_ps_e_0/inst/pl_clk_unbuffered[0]
    BUFG_PS_X0Y80        BUFG_PS (Prop_BUFG_PS_I_O)
                                                      0.038     0.267 r  array_block_i/zynq_ultra_ps_e_0/inst/buffer_pl_clk_0.PL_CLK_0_BUFG/O
    X0Y1 (CLOCK_ROOT)    net (fo=3425, routed)        2.125     2.392    array_block_i/axi_gpio_0/U0/gpio_core_1/s_axi_aclk
    SLICE_X3Y104         FDRE                                         r  array_block_i/axi_gpio_0/U0/gpio_core_1/Dual.gpio_Data_Out_reg[5]/C
  -------------------------------------------------------------------    -------------------
    SLICE_X3Y104         FDRE (Prop_EFF_SLICEL_C_Q)
                                                      0.114     2.506 r  array_block_i/axi_gpio_0/U0/gpio_core_1/Dual.gpio_Data_Out_reg[5]/Q
                         net (fo=1, routed)           1.705     4.211    array_block_i/axi_gpio_0/U0/gpio_core_1/gpio_io_o[0]_bufg_place
    BUFGCE_X0Y50         BUFGCE (Prop_BUFCE_BUFGCE_I_O)
                                                      0.044     4.255 r  array_block_i/axi_gpio_0/U0/gpio_core_1/Dual.gpio_Data_Out_reg[5]_bufg_place/O
                         net (fo=1421, routed)        1.813     6.067    array_block_i/array_top_0/inst/u_matmul/ROW[2].COL[0].u_pe/u_mac/acc_reg/valid_out_reg_0
    SLICE_X5Y113         FDCE                                         f  array_block_i/array_top_0/inst/u_matmul/ROW[2].COL[0].u_pe/u_mac/acc_reg/psum_out_reg[28]/CLR  (IS_INVERTED)
  -------------------------------------------------------------------    -------------------

                         (clock clk_pl_0 rise edge)
                                                     10.000    10.000 r  
    PS8_X0Y0             PS8                          0.000    10.000 r  array_block_i/zynq_ultra_ps_e_0/inst/PS8_i/PLCLK[0]
                         net (fo=1, routed)           0.181    10.181    array_block_i/zynq_ultra_ps_e_0/inst/pl_clk_unbuffered[0]
    BUFG_PS_X0Y80        BUFG_PS (Prop_BUFG_PS_I_O)
                                                      0.035    10.216 r  array_block_i/zynq_ultra_ps_e_0/inst/buffer_pl_clk_0.PL_CLK_0_BUFG/O
    X0Y1 (CLOCK_ROOT)    net (fo=3425, routed)        1.895    12.111    array_block_i/array_top_0/inst/u_matmul/ROW[2].COL[0].u_pe/u_mac/acc_reg/clk
    SLICE_X5Y113         FDCE                                         r  array_block_i/array_top_0/inst/u_matmul/ROW[2].COL[0].u_pe/u_mac/acc_reg/psum_out_reg[28]/C
                         clock pessimism              0.173    12.284    
                         clock uncertainty           -0.160    12.124    
    SLICE_X5Y113         FDCE (Recov_DFF2_SLICEM_C_CLR)
                                                     -0.093    12.031    array_block_i/array_top_0/inst/u_matmul/ROW[2].COL[0].u_pe/u_mac/acc_reg/psum_out_reg[28]
  -------------------------------------------------------------------
                         required time                         12.031    
                         arrival time                          -6.067    
  -------------------------------------------------------------------
                         slack                                  5.964    

Slack (MET) :             5.964ns  (required time - arrival time)
  Source:                 array_block_i/axi_gpio_0/U0/gpio_core_1/Dual.gpio_Data_Out_reg[5]/C
                            (rising edge-triggered cell FDRE clocked by clk_pl_0  {rise@0.000ns fall@5.000ns period=10.000ns})
  Destination:            array_block_i/array_top_0/inst/u_matmul/ROW[2].COL[0].u_pe/u_mac/acc_reg/psum_out_reg[31]/CLR
                            (recovery check against rising-edge clock clk_pl_0  {rise@0.000ns fall@5.000ns period=10.000ns})
  Path Group:             **async_default**
  Path Type:              Recovery (Max at Slow Process Corner)
  Requirement:            10.000ns  (clk_pl_0 rise@10.000ns - clk_pl_0 rise@0.000ns)
  Data Path Delay:        3.676ns  (logic 0.158ns (4.299%)  route 3.518ns (95.701%))
  Logic Levels:           1  (BUFGCE=1)
  Clock Path Skew:        -0.107ns (DCD - SCD + CPR)
    Destination Clock Delay (DCD):    2.111ns = ( 12.111 - 10.000 ) 
    Source Clock Delay      (SCD):    2.392ns
    Clock Pessimism Removal (CPR):    0.173ns
  Clock Uncertainty:      0.160ns  ((TSJ^2 + DJ^2)^1/2) / 2 + PE
    Total System Jitter     (TSJ):    0.071ns
    Discrete Jitter          (DJ):    0.312ns
    Phase Error              (PE):    0.000ns
  Clock Net Delay (Source):      2.125ns (routing 1.045ns, distribution 1.080ns)
  Clock Net Delay (Destination): 1.895ns (routing 0.955ns, distribution 0.940ns)

    Location             Delay type                Incr(ns)  Path(ns)    Netlist Resource(s)
  -------------------------------------------------------------------    -------------------
                         (clock clk_pl_0 rise edge)
                                                      0.000     0.000 r  
    PS8_X0Y0             PS8                          0.000     0.000 r  array_block_i/zynq_ultra_ps_e_0/inst/PS8_i/PLCLK[0]
                         net (fo=1, routed)           0.229     0.229    array_block_i/zynq_ultra_ps_e_0/inst/pl_clk_unbuffered[0]
    BUFG_PS_X0Y80        BUFG_PS (Prop_BUFG_PS_I_O)
                                                      0.038     0.267 r  array_block_i/zynq_ultra_ps_e_0/inst/buffer_pl_clk_0.PL_CLK_0_BUFG/O
    X0Y1 (CLOCK_ROOT)    net (fo=3425, routed)        2.125     2.392    array_block_i/axi_gpio_0/U0/gpio_core_1/s_axi_aclk
    SLICE_X3Y104         FDRE                                         r  array_block_i/axi_gpio_0/U0/gpio_core_1/Dual.gpio_Data_Out_reg[5]/C
  -------------------------------------------------------------------    -------------------
    SLICE_X3Y104         FDRE (Prop_EFF_SLICEL_C_Q)
                                                      0.114     2.506 r  array_block_i/axi_gpio_0/U0/gpio_core_1/Dual.gpio_Data_Out_reg[5]/Q
                         net (fo=1, routed)           1.705     4.211    array_block_i/axi_gpio_0/U0/gpio_core_1/gpio_io_o[0]_bufg_place
    BUFGCE_X0Y50         BUFGCE (Prop_BUFCE_BUFGCE_I_O)
                                                      0.044     4.255 r  array_block_i/axi_gpio_0/U0/gpio_core_1/Dual.gpio_Data_Out_reg[5]_bufg_place/O
                         net (fo=1421, routed)        1.813     6.067    array_block_i/array_top_0/inst/u_matmul/ROW[2].COL[0].u_pe/u_mac/acc_reg/valid_out_reg_0
    SLICE_X5Y113         FDCE                                         f  array_block_i/array_top_0/inst/u_matmul/ROW[2].COL[0].u_pe/u_mac/acc_reg/psum_out_reg[31]/CLR  (IS_INVERTED)
  -------------------------------------------------------------------    -------------------

                         (clock clk_pl_0 rise edge)
                                                     10.000    10.000 r  
    PS8_X0Y0             PS8                          0.000    10.000 r  array_block_i/zynq_ultra_ps_e_0/inst/PS8_i/PLCLK[0]
                         net (fo=1, routed)           0.181    10.181    array_block_i/zynq_ultra_ps_e_0/inst/pl_clk_unbuffered[0]
    BUFG_PS_X0Y80        BUFG_PS (Prop_BUFG_PS_I_O)
                                                      0.035    10.216 r  array_block_i/zynq_ultra_ps_e_0/inst/buffer_pl_clk_0.PL_CLK_0_BUFG/O
    X0Y1 (CLOCK_ROOT)    net (fo=3425, routed)        1.895    12.111    array_block_i/array_top_0/inst/u_matmul/ROW[2].COL[0].u_pe/u_mac/acc_reg/clk
    SLICE_X5Y113         FDCE                                         r  array_block_i/array_top_0/inst/u_matmul/ROW[2].COL[0].u_pe/u_mac/acc_reg/psum_out_reg[31]/C
                         clock pessimism              0.173    12.284    
                         clock uncertainty           -0.160    12.124    
    SLICE_X5Y113         FDCE (Recov_CFF2_SLICEM_C_CLR)
                                                     -0.093    12.031    array_block_i/array_top_0/inst/u_matmul/ROW[2].COL[0].u_pe/u_mac/acc_reg/psum_out_reg[31]
  -------------------------------------------------------------------
                         required time                         12.031    
                         arrival time                          -6.067    
  -------------------------------------------------------------------
                         slack                                  5.964    

Slack (MET) :             5.967ns  (required time - arrival time)
  Source:                 array_block_i/axi_gpio_0/U0/gpio_core_1/Dual.gpio_Data_Out_reg[5]/C
                            (rising edge-triggered cell FDRE clocked by clk_pl_0  {rise@0.000ns fall@5.000ns period=10.000ns})
  Destination:            array_block_i/array_top_0/inst/u_matmul/ROW[2].COL[0].u_pe/u_mac/acc_reg/psum_internal_reg[16]/CLR
                            (recovery check against rising-edge clock clk_pl_0  {rise@0.000ns fall@5.000ns period=10.000ns})
  Path Group:             **async_default**
  Path Type:              Recovery (Max at Slow Process Corner)
  Requirement:            10.000ns  (clk_pl_0 rise@10.000ns - clk_pl_0 rise@0.000ns)
  Data Path Delay:        3.673ns  (logic 0.158ns (4.302%)  route 3.515ns (95.698%))
  Logic Levels:           1  (BUFGCE=1)
  Clock Path Skew:        -0.107ns (DCD - SCD + CPR)
    Destination Clock Delay (DCD):    2.111ns = ( 12.111 - 10.000 ) 
    Source Clock Delay      (SCD):    2.392ns
    Clock Pessimism Removal (CPR):    0.173ns
  Clock Uncertainty:      0.160ns  ((TSJ^2 + DJ^2)^1/2) / 2 + PE
    Total System Jitter     (TSJ):    0.071ns
    Discrete Jitter          (DJ):    0.312ns
    Phase Error              (PE):    0.000ns
  Clock Net Delay (Source):      2.125ns (routing 1.045ns, distribution 1.080ns)
  Clock Net Delay (Destination): 1.895ns (routing 0.955ns, distribution 0.940ns)

    Location             Delay type                Incr(ns)  Path(ns)    Netlist Resource(s)
  -------------------------------------------------------------------    -------------------
                         (clock clk_pl_0 rise edge)
                                                      0.000     0.000 r  
    PS8_X0Y0             PS8                          0.000     0.000 r  array_block_i/zynq_ultra_ps_e_0/inst/PS8_i/PLCLK[0]
                         net (fo=1, routed)           0.229     0.229    array_block_i/zynq_ultra_ps_e_0/inst/pl_clk_unbuffered[0]
    BUFG_PS_X0Y80        BUFG_PS (Prop_BUFG_PS_I_O)
                                                      0.038     0.267 r  array_block_i/zynq_ultra_ps_e_0/inst/buffer_pl_clk_0.PL_CLK_0_BUFG/O
    X0Y1 (CLOCK_ROOT)    net (fo=3425, routed)        2.125     2.392    array_block_i/axi_gpio_0/U0/gpio_core_1/s_axi_aclk
    SLICE_X3Y104         FDRE                                         r  array_block_i/axi_gpio_0/U0/gpio_core_1/Dual.gpio_Data_Out_reg[5]/C
  -------------------------------------------------------------------    -------------------
    SLICE_X3Y104         FDRE (Prop_EFF_SLICEL_C_Q)
                                                      0.114     2.506 r  array_block_i/axi_gpio_0/U0/gpio_core_1/Dual.gpio_Data_Out_reg[5]/Q
                         net (fo=1, routed)           1.705     4.211    array_block_i/axi_gpio_0/U0/gpio_core_1/gpio_io_o[0]_bufg_place
    BUFGCE_X0Y50         BUFGCE (Prop_BUFCE_BUFGCE_I_O)
                                                      0.044     4.255 r  array_block_i/axi_gpio_0/U0/gpio_core_1/Dual.gpio_Data_Out_reg[5]_bufg_place/O
                         net (fo=1421, routed)        1.810     6.064    array_block_i/array_top_0/inst/u_matmul/ROW[2].COL[0].u_pe/u_mac/acc_reg/valid_out_reg_0
    SLICE_X5Y113         FDCE                                         f  array_block_i/array_top_0/inst/u_matmul/ROW[2].COL[0].u_pe/u_mac/acc_reg/psum_internal_reg[16]/CLR  (IS_INVERTED)
  -------------------------------------------------------------------    -------------------

                         (clock clk_pl_0 rise edge)
                                                     10.000    10.000 r  
    PS8_X0Y0             PS8                          0.000    10.000 r  array_block_i/zynq_ultra_ps_e_0/inst/PS8_i/PLCLK[0]
                         net (fo=1, routed)           0.181    10.181    array_block_i/zynq_ultra_ps_e_0/inst/pl_clk_unbuffered[0]
    BUFG_PS_X0Y80        BUFG_PS (Prop_BUFG_PS_I_O)
                                                      0.035    10.216 r  array_block_i/zynq_ultra_ps_e_0/inst/buffer_pl_clk_0.PL_CLK_0_BUFG/O
    X0Y1 (CLOCK_ROOT)    net (fo=3425, routed)        1.895    12.111    array_block_i/array_top_0/inst/u_matmul/ROW[2].COL[0].u_pe/u_mac/acc_reg/clk
    SLICE_X5Y113         FDCE                                         r  array_block_i/array_top_0/inst/u_matmul/ROW[2].COL[0].u_pe/u_mac/acc_reg/psum_internal_reg[16]/C
                         clock pessimism              0.173    12.284    
                         clock uncertainty           -0.160    12.124    
    SLICE_X5Y113         FDCE (Recov_HFF_SLICEM_C_CLR)
                                                     -0.093    12.031    array_block_i/array_top_0/inst/u_matmul/ROW[2].COL[0].u_pe/u_mac/acc_reg/psum_internal_reg[16]
  -------------------------------------------------------------------
                         required time                         12.031    
                         arrival time                          -6.064    
  -------------------------------------------------------------------
                         slack                                  5.967    

Slack (MET) :             5.967ns  (required time - arrival time)
  Source:                 array_block_i/axi_gpio_0/U0/gpio_core_1/Dual.gpio_Data_Out_reg[5]/C
                            (rising edge-triggered cell FDRE clocked by clk_pl_0  {rise@0.000ns fall@5.000ns period=10.000ns})
  Destination:            array_block_i/array_top_0/inst/u_matmul/ROW[2].COL[0].u_pe/u_mac/acc_reg/psum_internal_reg[18]/CLR
                            (recovery check against rising-edge clock clk_pl_0  {rise@0.000ns fall@5.000ns period=10.000ns})
  Path Group:             **async_default**
  Path Type:              Recovery (Max at Slow Process Corner)
  Requirement:            10.000ns  (clk_pl_0 rise@10.000ns - clk_pl_0 rise@0.000ns)
  Data Path Delay:        3.673ns  (logic 0.158ns (4.302%)  route 3.515ns (95.698%))
  Logic Levels:           1  (BUFGCE=1)
  Clock Path Skew:        -0.107ns (DCD - SCD + CPR)
    Destination Clock Delay (DCD):    2.111ns = ( 12.111 - 10.000 ) 
    Source Clock Delay      (SCD):    2.392ns
    Clock Pessimism Removal (CPR):    0.173ns
  Clock Uncertainty:      0.160ns  ((TSJ^2 + DJ^2)^1/2) / 2 + PE
    Total System Jitter     (TSJ):    0.071ns
    Discrete Jitter          (DJ):    0.312ns
    Phase Error              (PE):    0.000ns
  Clock Net Delay (Source):      2.125ns (routing 1.045ns, distribution 1.080ns)
  Clock Net Delay (Destination): 1.895ns (routing 0.955ns, distribution 0.940ns)

    Location             Delay type                Incr(ns)  Path(ns)    Netlist Resource(s)
  -------------------------------------------------------------------    -------------------
                         (clock clk_pl_0 rise edge)
                                                      0.000     0.000 r  
    PS8_X0Y0             PS8                          0.000     0.000 r  array_block_i/zynq_ultra_ps_e_0/inst/PS8_i/PLCLK[0]
                         net (fo=1, routed)           0.229     0.229    array_block_i/zynq_ultra_ps_e_0/inst/pl_clk_unbuffered[0]
    BUFG_PS_X0Y80        BUFG_PS (Prop_BUFG_PS_I_O)
                                                      0.038     0.267 r  array_block_i/zynq_ultra_ps_e_0/inst/buffer_pl_clk_0.PL_CLK_0_BUFG/O
    X0Y1 (CLOCK_ROOT)    net (fo=3425, routed)        2.125     2.392    array_block_i/axi_gpio_0/U0/gpio_core_1/s_axi_aclk
    SLICE_X3Y104         FDRE                                         r  array_block_i/axi_gpio_0/U0/gpio_core_1/Dual.gpio_Data_Out_reg[5]/C
  -------------------------------------------------------------------    -------------------
    SLICE_X3Y104         FDRE (Prop_EFF_SLICEL_C_Q)
                                                      0.114     2.506 r  array_block_i/axi_gpio_0/U0/gpio_core_1/Dual.gpio_Data_Out_reg[5]/Q
                         net (fo=1, routed)           1.705     4.211    array_block_i/axi_gpio_0/U0/gpio_core_1/gpio_io_o[0]_bufg_place
    BUFGCE_X0Y50         BUFGCE (Prop_BUFCE_BUFGCE_I_O)
                                                      0.044     4.255 r  array_block_i/axi_gpio_0/U0/gpio_core_1/Dual.gpio_Data_Out_reg[5]_bufg_place/O
                         net (fo=1421, routed)        1.810     6.064    array_block_i/array_top_0/inst/u_matmul/ROW[2].COL[0].u_pe/u_mac/acc_reg/valid_out_reg_0
    SLICE_X5Y113         FDCE                                         f  array_block_i/array_top_0/inst/u_matmul/ROW[2].COL[0].u_pe/u_mac/acc_reg/psum_internal_reg[18]/CLR  (IS_INVERTED)
  -------------------------------------------------------------------    -------------------

                         (clock clk_pl_0 rise edge)
                                                     10.000    10.000 r  
    PS8_X0Y0             PS8                          0.000    10.000 r  array_block_i/zynq_ultra_ps_e_0/inst/PS8_i/PLCLK[0]
                         net (fo=1, routed)           0.181    10.181    array_block_i/zynq_ultra_ps_e_0/inst/pl_clk_unbuffered[0]
    BUFG_PS_X0Y80        BUFG_PS (Prop_BUFG_PS_I_O)
                                                      0.035    10.216 r  array_block_i/zynq_ultra_ps_e_0/inst/buffer_pl_clk_0.PL_CLK_0_BUFG/O
    X0Y1 (CLOCK_ROOT)    net (fo=3425, routed)        1.895    12.111    array_block_i/array_top_0/inst/u_matmul/ROW[2].COL[0].u_pe/u_mac/acc_reg/clk
    SLICE_X5Y113         FDCE                                         r  array_block_i/array_top_0/inst/u_matmul/ROW[2].COL[0].u_pe/u_mac/acc_reg/psum_internal_reg[18]/C
                         clock pessimism              0.173    12.284    
                         clock uncertainty           -0.160    12.124    
    SLICE_X5Y113         FDCE (Recov_GFF_SLICEM_C_CLR)
                                                     -0.093    12.031    array_block_i/array_top_0/inst/u_matmul/ROW[2].COL[0].u_pe/u_mac/acc_reg/psum_internal_reg[18]
  -------------------------------------------------------------------
                         required time                         12.031    
                         arrival time                          -6.064    
  -------------------------------------------------------------------
                         slack                                  5.967    

Slack (MET) :             5.967ns  (required time - arrival time)
  Source:                 array_block_i/axi_gpio_0/U0/gpio_core_1/Dual.gpio_Data_Out_reg[5]/C
                            (rising edge-triggered cell FDRE clocked by clk_pl_0  {rise@0.000ns fall@5.000ns period=10.000ns})
  Destination:            array_block_i/array_top_0/inst/u_matmul/ROW[2].COL[0].u_pe/u_mac/acc_reg/psum_internal_reg[21]/CLR
                            (recovery check against rising-edge clock clk_pl_0  {rise@0.000ns fall@5.000ns period=10.000ns})
  Path Group:             **async_default**
  Path Type:              Recovery (Max at Slow Process Corner)
  Requirement:            10.000ns  (clk_pl_0 rise@10.000ns - clk_pl_0 rise@0.000ns)
  Data Path Delay:        3.673ns  (logic 0.158ns (4.302%)  route 3.515ns (95.698%))
  Logic Levels:           1  (BUFGCE=1)
  Clock Path Skew:        -0.107ns (DCD - SCD + CPR)
    Destination Clock Delay (DCD):    2.111ns = ( 12.111 - 10.000 ) 
    Source Clock Delay      (SCD):    2.392ns
    Clock Pessimism Removal (CPR):    0.173ns
  Clock Uncertainty:      0.160ns  ((TSJ^2 + DJ^2)^1/2) / 2 + PE
    Total System Jitter     (TSJ):    0.071ns
    Discrete Jitter          (DJ):    0.312ns
    Phase Error              (PE):    0.000ns
  Clock Net Delay (Source):      2.125ns (routing 1.045ns, distribution 1.080ns)
  Clock Net Delay (Destination): 1.895ns (routing 0.955ns, distribution 0.940ns)

    Location             Delay type                Incr(ns)  Path(ns)    Netlist Resource(s)
  -------------------------------------------------------------------    -------------------
                         (clock clk_pl_0 rise edge)
                                                      0.000     0.000 r  
    PS8_X0Y0             PS8                          0.000     0.000 r  array_block_i/zynq_ultra_ps_e_0/inst/PS8_i/PLCLK[0]
                         net (fo=1, routed)           0.229     0.229    array_block_i/zynq_ultra_ps_e_0/inst/pl_clk_unbuffered[0]
    BUFG_PS_X0Y80        BUFG_PS (Prop_BUFG_PS_I_O)
                                                      0.038     0.267 r  array_block_i/zynq_ultra_ps_e_0/inst/buffer_pl_clk_0.PL_CLK_0_BUFG/O
    X0Y1 (CLOCK_ROOT)    net (fo=3425, routed)        2.125     2.392    array_block_i/axi_gpio_0/U0/gpio_core_1/s_axi_aclk
    SLICE_X3Y104         FDRE                                         r  array_block_i/axi_gpio_0/U0/gpio_core_1/Dual.gpio_Data_Out_reg[5]/C
  -------------------------------------------------------------------    -------------------
    SLICE_X3Y104         FDRE (Prop_EFF_SLICEL_C_Q)
                                                      0.114     2.506 r  array_block_i/axi_gpio_0/U0/gpio_core_1/Dual.gpio_Data_Out_reg[5]/Q
                         net (fo=1, routed)           1.705     4.211    array_block_i/axi_gpio_0/U0/gpio_core_1/gpio_io_o[0]_bufg_place
    BUFGCE_X0Y50         BUFGCE (Prop_BUFCE_BUFGCE_I_O)
                                                      0.044     4.255 r  array_block_i/axi_gpio_0/U0/gpio_core_1/Dual.gpio_Data_Out_reg[5]_bufg_place/O
                         net (fo=1421, routed)        1.810     6.064    array_block_i/array_top_0/inst/u_matmul/ROW[2].COL[0].u_pe/u_mac/acc_reg/valid_out_reg_0
    SLICE_X5Y113         FDCE                                         f  array_block_i/array_top_0/inst/u_matmul/ROW[2].COL[0].u_pe/u_mac/acc_reg/psum_internal_reg[21]/CLR  (IS_INVERTED)
  -------------------------------------------------------------------    -------------------

                         (clock clk_pl_0 rise edge)
                                                     10.000    10.000 r  
    PS8_X0Y0             PS8                          0.000    10.000 r  array_block_i/zynq_ultra_ps_e_0/inst/PS8_i/PLCLK[0]
                         net (fo=1, routed)           0.181    10.181    array_block_i/zynq_ultra_ps_e_0/inst/pl_clk_unbuffered[0]
    BUFG_PS_X0Y80        BUFG_PS (Prop_BUFG_PS_I_O)
                                                      0.035    10.216 r  array_block_i/zynq_ultra_ps_e_0/inst/buffer_pl_clk_0.PL_CLK_0_BUFG/O
    X0Y1 (CLOCK_ROOT)    net (fo=3425, routed)        1.895    12.111    array_block_i/array_top_0/inst/u_matmul/ROW[2].COL[0].u_pe/u_mac/acc_reg/clk
    SLICE_X5Y113         FDCE                                         r  array_block_i/array_top_0/inst/u_matmul/ROW[2].COL[0].u_pe/u_mac/acc_reg/psum_internal_reg[21]/C
                         clock pessimism              0.173    12.284    
                         clock uncertainty           -0.160    12.124    
    SLICE_X5Y113         FDCE (Recov_FFF_SLICEM_C_CLR)
                                                     -0.093    12.031    array_block_i/array_top_0/inst/u_matmul/ROW[2].COL[0].u_pe/u_mac/acc_reg/psum_internal_reg[21]
  -------------------------------------------------------------------
                         required time                         12.031    
                         arrival time                          -6.064    
  -------------------------------------------------------------------
                         slack                                  5.967    

Slack (MET) :             5.967ns  (required time - arrival time)
  Source:                 array_block_i/axi_gpio_0/U0/gpio_core_1/Dual.gpio_Data_Out_reg[5]/C
                            (rising edge-triggered cell FDRE clocked by clk_pl_0  {rise@0.000ns fall@5.000ns period=10.000ns})
  Destination:            array_block_i/array_top_0/inst/u_matmul/ROW[2].COL[0].u_pe/u_mac/acc_reg/psum_internal_reg[22]/CLR
                            (recovery check against rising-edge clock clk_pl_0  {rise@0.000ns fall@5.000ns period=10.000ns})
  Path Group:             **async_default**
  Path Type:              Recovery (Max at Slow Process Corner)
  Requirement:            10.000ns  (clk_pl_0 rise@10.000ns - clk_pl_0 rise@0.000ns)
  Data Path Delay:        3.673ns  (logic 0.158ns (4.302%)  route 3.515ns (95.698%))
  Logic Levels:           1  (BUFGCE=1)
  Clock Path Skew:        -0.107ns (DCD - SCD + CPR)
    Destination Clock Delay (DCD):    2.111ns = ( 12.111 - 10.000 ) 
    Source Clock Delay      (SCD):    2.392ns
    Clock Pessimism Removal (CPR):    0.173ns
  Clock Uncertainty:      0.160ns  ((TSJ^2 + DJ^2)^1/2) / 2 + PE
    Total System Jitter     (TSJ):    0.071ns
    Discrete Jitter          (DJ):    0.312ns
    Phase Error              (PE):    0.000ns
  Clock Net Delay (Source):      2.125ns (routing 1.045ns, distribution 1.080ns)
  Clock Net Delay (Destination): 1.895ns (routing 0.955ns, distribution 0.940ns)

    Location             Delay type                Incr(ns)  Path(ns)    Netlist Resource(s)
  -------------------------------------------------------------------    -------------------
                         (clock clk_pl_0 rise edge)
                                                      0.000     0.000 r  
    PS8_X0Y0             PS8                          0.000     0.000 r  array_block_i/zynq_ultra_ps_e_0/inst/PS8_i/PLCLK[0]
                         net (fo=1, routed)           0.229     0.229    array_block_i/zynq_ultra_ps_e_0/inst/pl_clk_unbuffered[0]
    BUFG_PS_X0Y80        BUFG_PS (Prop_BUFG_PS_I_O)
                                                      0.038     0.267 r  array_block_i/zynq_ultra_ps_e_0/inst/buffer_pl_clk_0.PL_CLK_0_BUFG/O
    X0Y1 (CLOCK_ROOT)    net (fo=3425, routed)        2.125     2.392    array_block_i/axi_gpio_0/U0/gpio_core_1/s_axi_aclk
    SLICE_X3Y104         FDRE                                         r  array_block_i/axi_gpio_0/U0/gpio_core_1/Dual.gpio_Data_Out_reg[5]/C
  -------------------------------------------------------------------    -------------------
    SLICE_X3Y104         FDRE (Prop_EFF_SLICEL_C_Q)
                                                      0.114     2.506 r  array_block_i/axi_gpio_0/U0/gpio_core_1/Dual.gpio_Data_Out_reg[5]/Q
                         net (fo=1, routed)           1.705     4.211    array_block_i/axi_gpio_0/U0/gpio_core_1/gpio_io_o[0]_bufg_place
    BUFGCE_X0Y50         BUFGCE (Prop_BUFCE_BUFGCE_I_O)
                                                      0.044     4.255 r  array_block_i/axi_gpio_0/U0/gpio_core_1/Dual.gpio_Data_Out_reg[5]_bufg_place/O
                         net (fo=1421, routed)        1.810     6.064    array_block_i/array_top_0/inst/u_matmul/ROW[2].COL[0].u_pe/u_mac/acc_reg/valid_out_reg_0
    SLICE_X5Y113         FDCE                                         f  array_block_i/array_top_0/inst/u_matmul/ROW[2].COL[0].u_pe/u_mac/acc_reg/psum_internal_reg[22]/CLR  (IS_INVERTED)
  -------------------------------------------------------------------    -------------------

                         (clock clk_pl_0 rise edge)
                                                     10.000    10.000 r  
    PS8_X0Y0             PS8                          0.000    10.000 r  array_block_i/zynq_ultra_ps_e_0/inst/PS8_i/PLCLK[0]
                         net (fo=1, routed)           0.181    10.181    array_block_i/zynq_ultra_ps_e_0/inst/pl_clk_unbuffered[0]
    BUFG_PS_X0Y80        BUFG_PS (Prop_BUFG_PS_I_O)
                                                      0.035    10.216 r  array_block_i/zynq_ultra_ps_e_0/inst/buffer_pl_clk_0.PL_CLK_0_BUFG/O
    X0Y1 (CLOCK_ROOT)    net (fo=3425, routed)        1.895    12.111    array_block_i/array_top_0/inst/u_matmul/ROW[2].COL[0].u_pe/u_mac/acc_reg/clk
    SLICE_X5Y113         FDCE                                         r  array_block_i/array_top_0/inst/u_matmul/ROW[2].COL[0].u_pe/u_mac/acc_reg/psum_internal_reg[22]/C
                         clock pessimism              0.173    12.284    
                         clock uncertainty           -0.160    12.124    
    SLICE_X5Y113         FDCE (Recov_EFF_SLICEM_C_CLR)
                                                     -0.093    12.031    array_block_i/array_top_0/inst/u_matmul/ROW[2].COL[0].u_pe/u_mac/acc_reg/psum_internal_reg[22]
  -------------------------------------------------------------------
                         required time                         12.031    
                         arrival time                          -6.064    
  -------------------------------------------------------------------
                         slack                                  5.967    

Slack (MET) :             5.967ns  (required time - arrival time)
  Source:                 array_block_i/axi_gpio_0/U0/gpio_core_1/Dual.gpio_Data_Out_reg[5]/C
                            (rising edge-triggered cell FDRE clocked by clk_pl_0  {rise@0.000ns fall@5.000ns period=10.000ns})
  Destination:            array_block_i/array_top_0/inst/u_matmul/ROW[2].COL[0].u_pe/u_mac/acc_reg/psum_out_reg[16]/CLR
                            (recovery check against rising-edge clock clk_pl_0  {rise@0.000ns fall@5.000ns period=10.000ns})
  Path Group:             **async_default**
  Path Type:              Recovery (Max at Slow Process Corner)
  Requirement:            10.000ns  (clk_pl_0 rise@10.000ns - clk_pl_0 rise@0.000ns)
  Data Path Delay:        3.673ns  (logic 0.158ns (4.302%)  route 3.515ns (95.698%))
  Logic Levels:           1  (BUFGCE=1)
  Clock Path Skew:        -0.107ns (DCD - SCD + CPR)
    Destination Clock Delay (DCD):    2.111ns = ( 12.111 - 10.000 ) 
    Source Clock Delay      (SCD):    2.392ns
    Clock Pessimism Removal (CPR):    0.173ns
  Clock Uncertainty:      0.160ns  ((TSJ^2 + DJ^2)^1/2) / 2 + PE
    Total System Jitter     (TSJ):    0.071ns
    Discrete Jitter          (DJ):    0.312ns
    Phase Error              (PE):    0.000ns
  Clock Net Delay (Source):      2.125ns (routing 1.045ns, distribution 1.080ns)
  Clock Net Delay (Destination): 1.895ns (routing 0.955ns, distribution 0.940ns)

    Location             Delay type                Incr(ns)  Path(ns)    Netlist Resource(s)
  -------------------------------------------------------------------    -------------------
                         (clock clk_pl_0 rise edge)
                                                      0.000     0.000 r  
    PS8_X0Y0             PS8                          0.000     0.000 r  array_block_i/zynq_ultra_ps_e_0/inst/PS8_i/PLCLK[0]
                         net (fo=1, routed)           0.229     0.229    array_block_i/zynq_ultra_ps_e_0/inst/pl_clk_unbuffered[0]
    BUFG_PS_X0Y80        BUFG_PS (Prop_BUFG_PS_I_O)
                                                      0.038     0.267 r  array_block_i/zynq_ultra_ps_e_0/inst/buffer_pl_clk_0.PL_CLK_0_BUFG/O
    X0Y1 (CLOCK_ROOT)    net (fo=3425, routed)        2.125     2.392    array_block_i/axi_gpio_0/U0/gpio_core_1/s_axi_aclk
    SLICE_X3Y104         FDRE                                         r  array_block_i/axi_gpio_0/U0/gpio_core_1/Dual.gpio_Data_Out_reg[5]/C
  -------------------------------------------------------------------    -------------------
    SLICE_X3Y104         FDRE (Prop_EFF_SLICEL_C_Q)
                                                      0.114     2.506 r  array_block_i/axi_gpio_0/U0/gpio_core_1/Dual.gpio_Data_Out_reg[5]/Q
                         net (fo=1, routed)           1.705     4.211    array_block_i/axi_gpio_0/U0/gpio_core_1/gpio_io_o[0]_bufg_place
    BUFGCE_X0Y50         BUFGCE (Prop_BUFCE_BUFGCE_I_O)
                                                      0.044     4.255 r  array_block_i/axi_gpio_0/U0/gpio_core_1/Dual.gpio_Data_Out_reg[5]_bufg_place/O
                         net (fo=1421, routed)        1.810     6.064    array_block_i/array_top_0/inst/u_matmul/ROW[2].COL[0].u_pe/u_mac/acc_reg/valid_out_reg_0
    SLICE_X5Y113         FDCE                                         f  array_block_i/array_top_0/inst/u_matmul/ROW[2].COL[0].u_pe/u_mac/acc_reg/psum_out_reg[16]/CLR  (IS_INVERTED)
  -------------------------------------------------------------------    -------------------

                         (clock clk_pl_0 rise edge)
                                                     10.000    10.000 r  
    PS8_X0Y0             PS8                          0.000    10.000 r  array_block_i/zynq_ultra_ps_e_0/inst/PS8_i/PLCLK[0]
                         net (fo=1, routed)           0.181    10.181    array_block_i/zynq_ultra_ps_e_0/inst/pl_clk_unbuffered[0]
    BUFG_PS_X0Y80        BUFG_PS (Prop_BUFG_PS_I_O)
                                                      0.035    10.216 r  array_block_i/zynq_ultra_ps_e_0/inst/buffer_pl_clk_0.PL_CLK_0_BUFG/O
    X0Y1 (CLOCK_ROOT)    net (fo=3425, routed)        1.895    12.111    array_block_i/array_top_0/inst/u_matmul/ROW[2].COL[0].u_pe/u_mac/acc_reg/clk
    SLICE_X5Y113         FDCE                                         r  array_block_i/array_top_0/inst/u_matmul/ROW[2].COL[0].u_pe/u_mac/acc_reg/psum_out_reg[16]/C
                         clock pessimism              0.173    12.284    
                         clock uncertainty           -0.160    12.124    
    SLICE_X5Y113         FDCE (Recov_HFF2_SLICEM_C_CLR)
                                                     -0.093    12.031    array_block_i/array_top_0/inst/u_matmul/ROW[2].COL[0].u_pe/u_mac/acc_reg/psum_out_reg[16]
  -------------------------------------------------------------------
                         required time                         12.031    
                         arrival time                          -6.064    
  -------------------------------------------------------------------
                         slack                                  5.967    

Slack (MET) :             5.967ns  (required time - arrival time)
  Source:                 array_block_i/axi_gpio_0/U0/gpio_core_1/Dual.gpio_Data_Out_reg[5]/C
                            (rising edge-triggered cell FDRE clocked by clk_pl_0  {rise@0.000ns fall@5.000ns period=10.000ns})
  Destination:            array_block_i/array_top_0/inst/u_matmul/ROW[2].COL[0].u_pe/u_mac/acc_reg/psum_out_reg[18]/CLR
                            (recovery check against rising-edge clock clk_pl_0  {rise@0.000ns fall@5.000ns period=10.000ns})
  Path Group:             **async_default**
  Path Type:              Recovery (Max at Slow Process Corner)
  Requirement:            10.000ns  (clk_pl_0 rise@10.000ns - clk_pl_0 rise@0.000ns)
  Data Path Delay:        3.673ns  (logic 0.158ns (4.302%)  route 3.515ns (95.698%))
  Logic Levels:           1  (BUFGCE=1)
  Clock Path Skew:        -0.107ns (DCD - SCD + CPR)
    Destination Clock Delay (DCD):    2.111ns = ( 12.111 - 10.000 ) 
    Source Clock Delay      (SCD):    2.392ns
    Clock Pessimism Removal (CPR):    0.173ns
  Clock Uncertainty:      0.160ns  ((TSJ^2 + DJ^2)^1/2) / 2 + PE
    Total System Jitter     (TSJ):    0.071ns
    Discrete Jitter          (DJ):    0.312ns
    Phase Error              (PE):    0.000ns
  Clock Net Delay (Source):      2.125ns (routing 1.045ns, distribution 1.080ns)
  Clock Net Delay (Destination): 1.895ns (routing 0.955ns, distribution 0.940ns)

    Location             Delay type                Incr(ns)  Path(ns)    Netlist Resource(s)
  -------------------------------------------------------------------    -------------------
                         (clock clk_pl_0 rise edge)
                                                      0.000     0.000 r  
    PS8_X0Y0             PS8                          0.000     0.000 r  array_block_i/zynq_ultra_ps_e_0/inst/PS8_i/PLCLK[0]
                         net (fo=1, routed)           0.229     0.229    array_block_i/zynq_ultra_ps_e_0/inst/pl_clk_unbuffered[0]
    BUFG_PS_X0Y80        BUFG_PS (Prop_BUFG_PS_I_O)
                                                      0.038     0.267 r  array_block_i/zynq_ultra_ps_e_0/inst/buffer_pl_clk_0.PL_CLK_0_BUFG/O
    X0Y1 (CLOCK_ROOT)    net (fo=3425, routed)        2.125     2.392    array_block_i/axi_gpio_0/U0/gpio_core_1/s_axi_aclk
    SLICE_X3Y104         FDRE                                         r  array_block_i/axi_gpio_0/U0/gpio_core_1/Dual.gpio_Data_Out_reg[5]/C
  -------------------------------------------------------------------    -------------------
    SLICE_X3Y104         FDRE (Prop_EFF_SLICEL_C_Q)
                                                      0.114     2.506 r  array_block_i/axi_gpio_0/U0/gpio_core_1/Dual.gpio_Data_Out_reg[5]/Q
                         net (fo=1, routed)           1.705     4.211    array_block_i/axi_gpio_0/U0/gpio_core_1/gpio_io_o[0]_bufg_place
    BUFGCE_X0Y50         BUFGCE (Prop_BUFCE_BUFGCE_I_O)
                                                      0.044     4.255 r  array_block_i/axi_gpio_0/U0/gpio_core_1/Dual.gpio_Data_Out_reg[5]_bufg_place/O
                         net (fo=1421, routed)        1.810     6.064    array_block_i/array_top_0/inst/u_matmul/ROW[2].COL[0].u_pe/u_mac/acc_reg/valid_out_reg_0
    SLICE_X5Y113         FDCE                                         f  array_block_i/array_top_0/inst/u_matmul/ROW[2].COL[0].u_pe/u_mac/acc_reg/psum_out_reg[18]/CLR  (IS_INVERTED)
  -------------------------------------------------------------------    -------------------

                         (clock clk_pl_0 rise edge)
                                                     10.000    10.000 r  
    PS8_X0Y0             PS8                          0.000    10.000 r  array_block_i/zynq_ultra_ps_e_0/inst/PS8_i/PLCLK[0]
                         net (fo=1, routed)           0.181    10.181    array_block_i/zynq_ultra_ps_e_0/inst/pl_clk_unbuffered[0]
    BUFG_PS_X0Y80        BUFG_PS (Prop_BUFG_PS_I_O)
                                                      0.035    10.216 r  array_block_i/zynq_ultra_ps_e_0/inst/buffer_pl_clk_0.PL_CLK_0_BUFG/O
    X0Y1 (CLOCK_ROOT)    net (fo=3425, routed)        1.895    12.111    array_block_i/array_top_0/inst/u_matmul/ROW[2].COL[0].u_pe/u_mac/acc_reg/clk
    SLICE_X5Y113         FDCE                                         r  array_block_i/array_top_0/inst/u_matmul/ROW[2].COL[0].u_pe/u_mac/acc_reg/psum_out_reg[18]/C
                         clock pessimism              0.173    12.284    
                         clock uncertainty           -0.160    12.124    
    SLICE_X5Y113         FDCE (Recov_GFF2_SLICEM_C_CLR)
                                                     -0.093    12.031    array_block_i/array_top_0/inst/u_matmul/ROW[2].COL[0].u_pe/u_mac/acc_reg/psum_out_reg[18]
  -------------------------------------------------------------------
                         required time                         12.031    
                         arrival time                          -6.064    
  -------------------------------------------------------------------
                         slack                                  5.967    





Min Delay Paths
--------------------------------------------------------------------------------------
Slack (MET) :             1.632ns  (arrival time - required time)
  Source:                 array_block_i/axi_gpio_0/U0/gpio_core_1/Dual.gpio_Data_Out_reg[5]/C
                            (rising edge-triggered cell FDRE clocked by clk_pl_0  {rise@0.000ns fall@5.000ns period=10.000ns})
  Destination:            array_block_i/array_top_0/inst/u_matmul/ROW[2].COL[3].u_pe/u_mac/acc_reg/psum_internal_reg[17]/CLR
                            (removal check against rising-edge clock clk_pl_0  {rise@0.000ns fall@5.000ns period=10.000ns})
  Path Group:             **async_default**
  Path Type:              Removal (Min at Fast Process Corner)
  Requirement:            0.000ns  (clk_pl_0 rise@0.000ns - clk_pl_0 rise@0.000ns)
  Data Path Delay:        1.724ns  (logic 0.107ns (6.208%)  route 1.617ns (93.792%))
  Logic Levels:           1  (BUFGCE=1)
  Clock Path Skew:        0.110ns (DCD - SCD - CPR)
    Destination Clock Delay (DCD):    1.495ns
    Source Clock Delay      (SCD):    1.299ns
    Clock Pessimism Removal (CPR):    0.087ns
  Clock Net Delay (Source):      1.148ns (routing 0.572ns, distribution 0.576ns)
  Clock Net Delay (Destination): 1.308ns (routing 0.623ns, distribution 0.685ns)

    Location             Delay type                Incr(ns)  Path(ns)    Netlist Resource(s)
  -------------------------------------------------------------------    -------------------
                         (clock clk_pl_0 rise edge)
                                                      0.000     0.000 r  
    PS8_X0Y0             PS8                          0.000     0.000 r  array_block_i/zynq_ultra_ps_e_0/inst/PS8_i/PLCLK[0]
                         net (fo=1, routed)           0.129     0.129    array_block_i/zynq_ultra_ps_e_0/inst/pl_clk_unbuffered[0]
    BUFG_PS_X0Y80        BUFG_PS (Prop_BUFG_PS_I_O)
                                                      0.022     0.151 r  array_block_i/zynq_ultra_ps_e_0/inst/buffer_pl_clk_0.PL_CLK_0_BUFG/O
    X0Y1 (CLOCK_ROOT)    net (fo=3425, routed)        1.148     1.299    array_block_i/axi_gpio_0/U0/gpio_core_1/s_axi_aclk
    SLICE_X3Y104         FDRE                                         r  array_block_i/axi_gpio_0/U0/gpio_core_1/Dual.gpio_Data_Out_reg[5]/C
  -------------------------------------------------------------------    -------------------
    SLICE_X3Y104         FDRE (Prop_EFF_SLICEL_C_Q)
                                                      0.084     1.383 r  array_block_i/axi_gpio_0/U0/gpio_core_1/Dual.gpio_Data_Out_reg[5]/Q
                         net (fo=1, routed)           0.773     2.156    array_block_i/axi_gpio_0/U0/gpio_core_1/gpio_io_o[0]_bufg_place
    BUFGCE_X0Y50         BUFGCE (Prop_BUFCE_BUFGCE_I_O)
                                                      0.023     2.179 r  array_block_i/axi_gpio_0/U0/gpio_core_1/Dual.gpio_Data_Out_reg[5]_bufg_place/O
                         net (fo=1421, routed)        0.844     3.022    array_block_i/array_top_0/inst/u_matmul/ROW[2].COL[3].u_pe/u_mac/acc_reg/valid_out_reg_0
    SLICE_X11Y122        FDCE                                         f  array_block_i/array_top_0/inst/u_matmul/ROW[2].COL[3].u_pe/u_mac/acc_reg/psum_internal_reg[17]/CLR  (IS_INVERTED)
  -------------------------------------------------------------------    -------------------

                         (clock clk_pl_0 rise edge)
                                                      0.000     0.000 r  
    PS8_X0Y0             PS8                          0.000     0.000 r  array_block_i/zynq_ultra_ps_e_0/inst/PS8_i/PLCLK[0]
                         net (fo=1, routed)           0.164     0.164    array_block_i/zynq_ultra_ps_e_0/inst/pl_clk_unbuffered[0]
    BUFG_PS_X0Y80        BUFG_PS (Prop_BUFG_PS_I_O)
                                                      0.023     0.187 r  array_block_i/zynq_ultra_ps_e_0/inst/buffer_pl_clk_0.PL_CLK_0_BUFG/O
    X0Y1 (CLOCK_ROOT)    net (fo=3425, routed)        1.308     1.495    array_block_i/array_top_0/inst/u_matmul/ROW[2].COL[3].u_pe/u_mac/acc_reg/clk
    SLICE_X11Y122        FDCE                                         r  array_block_i/array_top_0/inst/u_matmul/ROW[2].COL[3].u_pe/u_mac/acc_reg/psum_internal_reg[17]/C
                         clock pessimism             -0.087     1.408    
    SLICE_X11Y122        FDCE (Remov_HFF_SLICEL_C_CLR)
                                                     -0.018     1.390    array_block_i/array_top_0/inst/u_matmul/ROW[2].COL[3].u_pe/u_mac/acc_reg/psum_internal_reg[17]
  -------------------------------------------------------------------
                         required time                         -1.390    
                         arrival time                           3.022    
  -------------------------------------------------------------------
                         slack                                  1.632    

Slack (MET) :             1.632ns  (arrival time - required time)
  Source:                 array_block_i/axi_gpio_0/U0/gpio_core_1/Dual.gpio_Data_Out_reg[5]/C
                            (rising edge-triggered cell FDRE clocked by clk_pl_0  {rise@0.000ns fall@5.000ns period=10.000ns})
  Destination:            array_block_i/array_top_0/inst/u_matmul/ROW[2].COL[3].u_pe/u_mac/acc_reg/psum_out_reg[17]/CLR
                            (removal check against rising-edge clock clk_pl_0  {rise@0.000ns fall@5.000ns period=10.000ns})
  Path Group:             **async_default**
  Path Type:              Removal (Min at Fast Process Corner)
  Requirement:            0.000ns  (clk_pl_0 rise@0.000ns - clk_pl_0 rise@0.000ns)
  Data Path Delay:        1.724ns  (logic 0.107ns (6.208%)  route 1.617ns (93.792%))
  Logic Levels:           1  (BUFGCE=1)
  Clock Path Skew:        0.110ns (DCD - SCD - CPR)
    Destination Clock Delay (DCD):    1.495ns
    Source Clock Delay      (SCD):    1.299ns
    Clock Pessimism Removal (CPR):    0.087ns
  Clock Net Delay (Source):      1.148ns (routing 0.572ns, distribution 0.576ns)
  Clock Net Delay (Destination): 1.308ns (routing 0.623ns, distribution 0.685ns)

    Location             Delay type                Incr(ns)  Path(ns)    Netlist Resource(s)
  -------------------------------------------------------------------    -------------------
                         (clock clk_pl_0 rise edge)
                                                      0.000     0.000 r  
    PS8_X0Y0             PS8                          0.000     0.000 r  array_block_i/zynq_ultra_ps_e_0/inst/PS8_i/PLCLK[0]
                         net (fo=1, routed)           0.129     0.129    array_block_i/zynq_ultra_ps_e_0/inst/pl_clk_unbuffered[0]
    BUFG_PS_X0Y80        BUFG_PS (Prop_BUFG_PS_I_O)
                                                      0.022     0.151 r  array_block_i/zynq_ultra_ps_e_0/inst/buffer_pl_clk_0.PL_CLK_0_BUFG/O
    X0Y1 (CLOCK_ROOT)    net (fo=3425, routed)        1.148     1.299    array_block_i/axi_gpio_0/U0/gpio_core_1/s_axi_aclk
    SLICE_X3Y104         FDRE                                         r  array_block_i/axi_gpio_0/U0/gpio_core_1/Dual.gpio_Data_Out_reg[5]/C
  -------------------------------------------------------------------    -------------------
    SLICE_X3Y104         FDRE (Prop_EFF_SLICEL_C_Q)
                                                      0.084     1.383 r  array_block_i/axi_gpio_0/U0/gpio_core_1/Dual.gpio_Data_Out_reg[5]/Q
                         net (fo=1, routed)           0.773     2.156    array_block_i/axi_gpio_0/U0/gpio_core_1/gpio_io_o[0]_bufg_place
    BUFGCE_X0Y50         BUFGCE (Prop_BUFCE_BUFGCE_I_O)
                                                      0.023     2.179 r  array_block_i/axi_gpio_0/U0/gpio_core_1/Dual.gpio_Data_Out_reg[5]_bufg_place/O
                         net (fo=1421, routed)        0.844     3.022    array_block_i/array_top_0/inst/u_matmul/ROW[2].COL[3].u_pe/u_mac/acc_reg/valid_out_reg_0
    SLICE_X11Y122        FDCE                                         f  array_block_i/array_top_0/inst/u_matmul/ROW[2].COL[3].u_pe/u_mac/acc_reg/psum_out_reg[17]/CLR  (IS_INVERTED)
  -------------------------------------------------------------------    -------------------

                         (clock clk_pl_0 rise edge)
                                                      0.000     0.000 r  
    PS8_X0Y0             PS8                          0.000     0.000 r  array_block_i/zynq_ultra_ps_e_0/inst/PS8_i/PLCLK[0]
                         net (fo=1, routed)           0.164     0.164    array_block_i/zynq_ultra_ps_e_0/inst/pl_clk_unbuffered[0]
    BUFG_PS_X0Y80        BUFG_PS (Prop_BUFG_PS_I_O)
                                                      0.023     0.187 r  array_block_i/zynq_ultra_ps_e_0/inst/buffer_pl_clk_0.PL_CLK_0_BUFG/O
    X0Y1 (CLOCK_ROOT)    net (fo=3425, routed)        1.308     1.495    array_block_i/array_top_0/inst/u_matmul/ROW[2].COL[3].u_pe/u_mac/acc_reg/clk
    SLICE_X11Y122        FDCE                                         r  array_block_i/array_top_0/inst/u_matmul/ROW[2].COL[3].u_pe/u_mac/acc_reg/psum_out_reg[17]/C
                         clock pessimism             -0.087     1.408    
    SLICE_X11Y122        FDCE (Remov_HFF2_SLICEL_C_CLR)
                                                     -0.018     1.390    array_block_i/array_top_0/inst/u_matmul/ROW[2].COL[3].u_pe/u_mac/acc_reg/psum_out_reg[17]
  -------------------------------------------------------------------
                         required time                         -1.390    
                         arrival time                           3.022    
  -------------------------------------------------------------------
                         slack                                  1.632    

Slack (MET) :             1.632ns  (arrival time - required time)
  Source:                 array_block_i/axi_gpio_0/U0/gpio_core_1/Dual.gpio_Data_Out_reg[5]/C
                            (rising edge-triggered cell FDRE clocked by clk_pl_0  {rise@0.000ns fall@5.000ns period=10.000ns})
  Destination:            array_block_i/array_top_0/inst/u_matmul/ROW[2].COL[3].u_pe/u_mac/mult_reg/mul_out_reg[3]/CLR
                            (removal check against rising-edge clock clk_pl_0  {rise@0.000ns fall@5.000ns period=10.000ns})
  Path Group:             **async_default**
  Path Type:              Removal (Min at Fast Process Corner)
  Requirement:            0.000ns  (clk_pl_0 rise@0.000ns - clk_pl_0 rise@0.000ns)
  Data Path Delay:        1.724ns  (logic 0.107ns (6.208%)  route 1.617ns (93.792%))
  Logic Levels:           1  (BUFGCE=1)
  Clock Path Skew:        0.110ns (DCD - SCD - CPR)
    Destination Clock Delay (DCD):    1.495ns
    Source Clock Delay      (SCD):    1.299ns
    Clock Pessimism Removal (CPR):    0.087ns
  Clock Net Delay (Source):      1.148ns (routing 0.572ns, distribution 0.576ns)
  Clock Net Delay (Destination): 1.308ns (routing 0.623ns, distribution 0.685ns)

    Location             Delay type                Incr(ns)  Path(ns)    Netlist Resource(s)
  -------------------------------------------------------------------    -------------------
                         (clock clk_pl_0 rise edge)
                                                      0.000     0.000 r  
    PS8_X0Y0             PS8                          0.000     0.000 r  array_block_i/zynq_ultra_ps_e_0/inst/PS8_i/PLCLK[0]
                         net (fo=1, routed)           0.129     0.129    array_block_i/zynq_ultra_ps_e_0/inst/pl_clk_unbuffered[0]
    BUFG_PS_X0Y80        BUFG_PS (Prop_BUFG_PS_I_O)
                                                      0.022     0.151 r  array_block_i/zynq_ultra_ps_e_0/inst/buffer_pl_clk_0.PL_CLK_0_BUFG/O
    X0Y1 (CLOCK_ROOT)    net (fo=3425, routed)        1.148     1.299    array_block_i/axi_gpio_0/U0/gpio_core_1/s_axi_aclk
    SLICE_X3Y104         FDRE                                         r  array_block_i/axi_gpio_0/U0/gpio_core_1/Dual.gpio_Data_Out_reg[5]/C
  -------------------------------------------------------------------    -------------------
    SLICE_X3Y104         FDRE (Prop_EFF_SLICEL_C_Q)
                                                      0.084     1.383 r  array_block_i/axi_gpio_0/U0/gpio_core_1/Dual.gpio_Data_Out_reg[5]/Q
                         net (fo=1, routed)           0.773     2.156    array_block_i/axi_gpio_0/U0/gpio_core_1/gpio_io_o[0]_bufg_place
    BUFGCE_X0Y50         BUFGCE (Prop_BUFCE_BUFGCE_I_O)
                                                      0.023     2.179 r  array_block_i/axi_gpio_0/U0/gpio_core_1/Dual.gpio_Data_Out_reg[5]_bufg_place/O
                         net (fo=1421, routed)        0.844     3.022    array_block_i/array_top_0/inst/u_matmul/ROW[2].COL[3].u_pe/u_mac/mult_reg/clear_acc_out_reg_1
    SLICE_X11Y120        FDCE                                         f  array_block_i/array_top_0/inst/u_matmul/ROW[2].COL[3].u_pe/u_mac/mult_reg/mul_out_reg[3]/CLR  (IS_INVERTED)
  -------------------------------------------------------------------    -------------------

                         (clock clk_pl_0 rise edge)
                                                      0.000     0.000 r  
    PS8_X0Y0             PS8                          0.000     0.000 r  array_block_i/zynq_ultra_ps_e_0/inst/PS8_i/PLCLK[0]
                         net (fo=1, routed)           0.164     0.164    array_block_i/zynq_ultra_ps_e_0/inst/pl_clk_unbuffered[0]
    BUFG_PS_X0Y80        BUFG_PS (Prop_BUFG_PS_I_O)
                                                      0.023     0.187 r  array_block_i/zynq_ultra_ps_e_0/inst/buffer_pl_clk_0.PL_CLK_0_BUFG/O
    X0Y1 (CLOCK_ROOT)    net (fo=3425, routed)        1.308     1.495    array_block_i/array_top_0/inst/u_matmul/ROW[2].COL[3].u_pe/u_mac/mult_reg/clk
    SLICE_X11Y120        FDCE                                         r  array_block_i/array_top_0/inst/u_matmul/ROW[2].COL[3].u_pe/u_mac/mult_reg/mul_out_reg[3]/C
                         clock pessimism             -0.087     1.408    
    SLICE_X11Y120        FDCE (Remov_HFF_SLICEL_C_CLR)
                                                     -0.018     1.390    array_block_i/array_top_0/inst/u_matmul/ROW[2].COL[3].u_pe/u_mac/mult_reg/mul_out_reg[3]
  -------------------------------------------------------------------
                         required time                         -1.390    
                         arrival time                           3.022    
  -------------------------------------------------------------------
                         slack                                  1.632    

Slack (MET) :             1.632ns  (arrival time - required time)
  Source:                 array_block_i/axi_gpio_0/U0/gpio_core_1/Dual.gpio_Data_Out_reg[5]/C
                            (rising edge-triggered cell FDRE clocked by clk_pl_0  {rise@0.000ns fall@5.000ns period=10.000ns})
  Destination:            array_block_i/array_top_0/inst/u_matmul/ROW[3].COL[1].u_pe/u_mac/mult_reg/last_mac_out_reg/CLR
                            (removal check against rising-edge clock clk_pl_0  {rise@0.000ns fall@5.000ns period=10.000ns})
  Path Group:             **async_default**
  Path Type:              Removal (Min at Fast Process Corner)
  Requirement:            0.000ns  (clk_pl_0 rise@0.000ns - clk_pl_0 rise@0.000ns)
  Data Path Delay:        1.724ns  (logic 0.107ns (6.208%)  route 1.617ns (93.792%))
  Logic Levels:           1  (BUFGCE=1)
  Clock Path Skew:        0.110ns (DCD - SCD - CPR)
    Destination Clock Delay (DCD):    1.495ns
    Source Clock Delay      (SCD):    1.299ns
    Clock Pessimism Removal (CPR):    0.087ns
  Clock Net Delay (Source):      1.148ns (routing 0.572ns, distribution 0.576ns)
  Clock Net Delay (Destination): 1.308ns (routing 0.623ns, distribution 0.685ns)

    Location             Delay type                Incr(ns)  Path(ns)    Netlist Resource(s)
  -------------------------------------------------------------------    -------------------
                         (clock clk_pl_0 rise edge)
                                                      0.000     0.000 r  
    PS8_X0Y0             PS8                          0.000     0.000 r  array_block_i/zynq_ultra_ps_e_0/inst/PS8_i/PLCLK[0]
                         net (fo=1, routed)           0.129     0.129    array_block_i/zynq_ultra_ps_e_0/inst/pl_clk_unbuffered[0]
    BUFG_PS_X0Y80        BUFG_PS (Prop_BUFG_PS_I_O)
                                                      0.022     0.151 r  array_block_i/zynq_ultra_ps_e_0/inst/buffer_pl_clk_0.PL_CLK_0_BUFG/O
    X0Y1 (CLOCK_ROOT)    net (fo=3425, routed)        1.148     1.299    array_block_i/axi_gpio_0/U0/gpio_core_1/s_axi_aclk
    SLICE_X3Y104         FDRE                                         r  array_block_i/axi_gpio_0/U0/gpio_core_1/Dual.gpio_Data_Out_reg[5]/C
  -------------------------------------------------------------------    -------------------
    SLICE_X3Y104         FDRE (Prop_EFF_SLICEL_C_Q)
                                                      0.084     1.383 r  array_block_i/axi_gpio_0/U0/gpio_core_1/Dual.gpio_Data_Out_reg[5]/Q
                         net (fo=1, routed)           0.773     2.156    array_block_i/axi_gpio_0/U0/gpio_core_1/gpio_io_o[0]_bufg_place
    BUFGCE_X0Y50         BUFGCE (Prop_BUFCE_BUFGCE_I_O)
                                                      0.023     2.179 r  array_block_i/axi_gpio_0/U0/gpio_core_1/Dual.gpio_Data_Out_reg[5]_bufg_place/O
                         net (fo=1421, routed)        0.844     3.022    array_block_i/array_top_0/inst/u_matmul/ROW[3].COL[1].u_pe/u_mac/mult_reg/clear_acc_out_reg_2
    SLICE_X11Y123        FDCE                                         f  array_block_i/array_top_0/inst/u_matmul/ROW[3].COL[1].u_pe/u_mac/mult_reg/last_mac_out_reg/CLR  (IS_INVERTED)
  -------------------------------------------------------------------    -------------------

                         (clock clk_pl_0 rise edge)
                                                      0.000     0.000 r  
    PS8_X0Y0             PS8                          0.000     0.000 r  array_block_i/zynq_ultra_ps_e_0/inst/PS8_i/PLCLK[0]
                         net (fo=1, routed)           0.164     0.164    array_block_i/zynq_ultra_ps_e_0/inst/pl_clk_unbuffered[0]
    BUFG_PS_X0Y80        BUFG_PS (Prop_BUFG_PS_I_O)
                                                      0.023     0.187 r  array_block_i/zynq_ultra_ps_e_0/inst/buffer_pl_clk_0.PL_CLK_0_BUFG/O
    X0Y1 (CLOCK_ROOT)    net (fo=3425, routed)        1.308     1.495    array_block_i/array_top_0/inst/u_matmul/ROW[3].COL[1].u_pe/u_mac/mult_reg/clk
    SLICE_X11Y123        FDCE                                         r  array_block_i/array_top_0/inst/u_matmul/ROW[3].COL[1].u_pe/u_mac/mult_reg/last_mac_out_reg/C
                         clock pessimism             -0.087     1.408    
    SLICE_X11Y123        FDCE (Remov_EFF_SLICEL_C_CLR)
                                                     -0.018     1.390    array_block_i/array_top_0/inst/u_matmul/ROW[3].COL[1].u_pe/u_mac/mult_reg/last_mac_out_reg
  -------------------------------------------------------------------
                         required time                         -1.390    
                         arrival time                           3.022    
  -------------------------------------------------------------------
                         slack                                  1.632    

Slack (MET) :             1.636ns  (arrival time - required time)
  Source:                 array_block_i/axi_gpio_0/U0/gpio_core_1/Dual.gpio_Data_Out_reg[5]/C
                            (rising edge-triggered cell FDRE clocked by clk_pl_0  {rise@0.000ns fall@5.000ns period=10.000ns})
  Destination:            array_block_i/array_top_0/inst/u_matmul/ROW[2].COL[3].u_pe/u_mac/acc_reg/psum_internal_reg[16]/CLR
                            (removal check against rising-edge clock clk_pl_0  {rise@0.000ns fall@5.000ns period=10.000ns})
  Path Group:             **async_default**
  Path Type:              Removal (Min at Fast Process Corner)
  Requirement:            0.000ns  (clk_pl_0 rise@0.000ns - clk_pl_0 rise@0.000ns)
  Data Path Delay:        1.724ns  (logic 0.107ns (6.208%)  route 1.617ns (93.792%))
  Logic Levels:           1  (BUFGCE=1)
  Clock Path Skew:        0.106ns (DCD - SCD - CPR)
    Destination Clock Delay (DCD):    1.491ns
    Source Clock Delay      (SCD):    1.299ns
    Clock Pessimism Removal (CPR):    0.087ns
  Clock Net Delay (Source):      1.148ns (routing 0.572ns, distribution 0.576ns)
  Clock Net Delay (Destination): 1.304ns (routing 0.623ns, distribution 0.681ns)

    Location             Delay type                Incr(ns)  Path(ns)    Netlist Resource(s)
  -------------------------------------------------------------------    -------------------
                         (clock clk_pl_0 rise edge)
                                                      0.000     0.000 r  
    PS8_X0Y0             PS8                          0.000     0.000 r  array_block_i/zynq_ultra_ps_e_0/inst/PS8_i/PLCLK[0]
                         net (fo=1, routed)           0.129     0.129    array_block_i/zynq_ultra_ps_e_0/inst/pl_clk_unbuffered[0]
    BUFG_PS_X0Y80        BUFG_PS (Prop_BUFG_PS_I_O)
                                                      0.022     0.151 r  array_block_i/zynq_ultra_ps_e_0/inst/buffer_pl_clk_0.PL_CLK_0_BUFG/O
    X0Y1 (CLOCK_ROOT)    net (fo=3425, routed)        1.148     1.299    array_block_i/axi_gpio_0/U0/gpio_core_1/s_axi_aclk
    SLICE_X3Y104         FDRE                                         r  array_block_i/axi_gpio_0/U0/gpio_core_1/Dual.gpio_Data_Out_reg[5]/C
  -------------------------------------------------------------------    -------------------
    SLICE_X3Y104         FDRE (Prop_EFF_SLICEL_C_Q)
                                                      0.084     1.383 r  array_block_i/axi_gpio_0/U0/gpio_core_1/Dual.gpio_Data_Out_reg[5]/Q
                         net (fo=1, routed)           0.773     2.156    array_block_i/axi_gpio_0/U0/gpio_core_1/gpio_io_o[0]_bufg_place
    BUFGCE_X0Y50         BUFGCE (Prop_BUFCE_BUFGCE_I_O)
                                                      0.023     2.179 r  array_block_i/axi_gpio_0/U0/gpio_core_1/Dual.gpio_Data_Out_reg[5]_bufg_place/O
                         net (fo=1421, routed)        0.844     3.022    array_block_i/array_top_0/inst/u_matmul/ROW[2].COL[3].u_pe/u_mac/acc_reg/valid_out_reg_0
    SLICE_X11Y122        FDCE                                         f  array_block_i/array_top_0/inst/u_matmul/ROW[2].COL[3].u_pe/u_mac/acc_reg/psum_internal_reg[16]/CLR  (IS_INVERTED)
  -------------------------------------------------------------------    -------------------

                         (clock clk_pl_0 rise edge)
                                                      0.000     0.000 r  
    PS8_X0Y0             PS8                          0.000     0.000 r  array_block_i/zynq_ultra_ps_e_0/inst/PS8_i/PLCLK[0]
                         net (fo=1, routed)           0.164     0.164    array_block_i/zynq_ultra_ps_e_0/inst/pl_clk_unbuffered[0]
    BUFG_PS_X0Y80        BUFG_PS (Prop_BUFG_PS_I_O)
                                                      0.023     0.187 r  array_block_i/zynq_ultra_ps_e_0/inst/buffer_pl_clk_0.PL_CLK_0_BUFG/O
    X0Y1 (CLOCK_ROOT)    net (fo=3425, routed)        1.304     1.491    array_block_i/array_top_0/inst/u_matmul/ROW[2].COL[3].u_pe/u_mac/acc_reg/clk
    SLICE_X11Y122        FDCE                                         r  array_block_i/array_top_0/inst/u_matmul/ROW[2].COL[3].u_pe/u_mac/acc_reg/psum_internal_reg[16]/C
                         clock pessimism             -0.087     1.404    
    SLICE_X11Y122        FDCE (Remov_DFF_SLICEL_C_CLR)
                                                     -0.018     1.386    array_block_i/array_top_0/inst/u_matmul/ROW[2].COL[3].u_pe/u_mac/acc_reg/psum_internal_reg[16]
  -------------------------------------------------------------------
                         required time                         -1.386    
                         arrival time                           3.022    
  -------------------------------------------------------------------
                         slack                                  1.636    

Slack (MET) :             1.636ns  (arrival time - required time)
  Source:                 array_block_i/axi_gpio_0/U0/gpio_core_1/Dual.gpio_Data_Out_reg[5]/C
                            (rising edge-triggered cell FDRE clocked by clk_pl_0  {rise@0.000ns fall@5.000ns period=10.000ns})
  Destination:            array_block_i/array_top_0/inst/u_matmul/ROW[2].COL[3].u_pe/u_mac/acc_reg/psum_internal_reg[18]/CLR
                            (removal check against rising-edge clock clk_pl_0  {rise@0.000ns fall@5.000ns period=10.000ns})
  Path Group:             **async_default**
  Path Type:              Removal (Min at Fast Process Corner)
  Requirement:            0.000ns  (clk_pl_0 rise@0.000ns - clk_pl_0 rise@0.000ns)
  Data Path Delay:        1.724ns  (logic 0.107ns (6.208%)  route 1.617ns (93.792%))
  Logic Levels:           1  (BUFGCE=1)
  Clock Path Skew:        0.106ns (DCD - SCD - CPR)
    Destination Clock Delay (DCD):    1.491ns
    Source Clock Delay      (SCD):    1.299ns
    Clock Pessimism Removal (CPR):    0.087ns
  Clock Net Delay (Source):      1.148ns (routing 0.572ns, distribution 0.576ns)
  Clock Net Delay (Destination): 1.304ns (routing 0.623ns, distribution 0.681ns)

    Location             Delay type                Incr(ns)  Path(ns)    Netlist Resource(s)
  -------------------------------------------------------------------    -------------------
                         (clock clk_pl_0 rise edge)
                                                      0.000     0.000 r  
    PS8_X0Y0             PS8                          0.000     0.000 r  array_block_i/zynq_ultra_ps_e_0/inst/PS8_i/PLCLK[0]
                         net (fo=1, routed)           0.129     0.129    array_block_i/zynq_ultra_ps_e_0/inst/pl_clk_unbuffered[0]
    BUFG_PS_X0Y80        BUFG_PS (Prop_BUFG_PS_I_O)
                                                      0.022     0.151 r  array_block_i/zynq_ultra_ps_e_0/inst/buffer_pl_clk_0.PL_CLK_0_BUFG/O
    X0Y1 (CLOCK_ROOT)    net (fo=3425, routed)        1.148     1.299    array_block_i/axi_gpio_0/U0/gpio_core_1/s_axi_aclk
    SLICE_X3Y104         FDRE                                         r  array_block_i/axi_gpio_0/U0/gpio_core_1/Dual.gpio_Data_Out_reg[5]/C
  -------------------------------------------------------------------    -------------------
    SLICE_X3Y104         FDRE (Prop_EFF_SLICEL_C_Q)
                                                      0.084     1.383 r  array_block_i/axi_gpio_0/U0/gpio_core_1/Dual.gpio_Data_Out_reg[5]/Q
                         net (fo=1, routed)           0.773     2.156    array_block_i/axi_gpio_0/U0/gpio_core_1/gpio_io_o[0]_bufg_place
    BUFGCE_X0Y50         BUFGCE (Prop_BUFCE_BUFGCE_I_O)
                                                      0.023     2.179 r  array_block_i/axi_gpio_0/U0/gpio_core_1/Dual.gpio_Data_Out_reg[5]_bufg_place/O
                         net (fo=1421, routed)        0.844     3.022    array_block_i/array_top_0/inst/u_matmul/ROW[2].COL[3].u_pe/u_mac/acc_reg/valid_out_reg_0
    SLICE_X11Y122        FDCE                                         f  array_block_i/array_top_0/inst/u_matmul/ROW[2].COL[3].u_pe/u_mac/acc_reg/psum_internal_reg[18]/CLR  (IS_INVERTED)
  -------------------------------------------------------------------    -------------------

                         (clock clk_pl_0 rise edge)
                                                      0.000     0.000 r  
    PS8_X0Y0             PS8                          0.000     0.000 r  array_block_i/zynq_ultra_ps_e_0/inst/PS8_i/PLCLK[0]
                         net (fo=1, routed)           0.164     0.164    array_block_i/zynq_ultra_ps_e_0/inst/pl_clk_unbuffered[0]
    BUFG_PS_X0Y80        BUFG_PS (Prop_BUFG_PS_I_O)
                                                      0.023     0.187 r  array_block_i/zynq_ultra_ps_e_0/inst/buffer_pl_clk_0.PL_CLK_0_BUFG/O
    X0Y1 (CLOCK_ROOT)    net (fo=3425, routed)        1.304     1.491    array_block_i/array_top_0/inst/u_matmul/ROW[2].COL[3].u_pe/u_mac/acc_reg/clk
    SLICE_X11Y122        FDCE                                         r  array_block_i/array_top_0/inst/u_matmul/ROW[2].COL[3].u_pe/u_mac/acc_reg/psum_internal_reg[18]/C
                         clock pessimism             -0.087     1.404    
    SLICE_X11Y122        FDCE (Remov_CFF_SLICEL_C_CLR)
                                                     -0.018     1.386    array_block_i/array_top_0/inst/u_matmul/ROW[2].COL[3].u_pe/u_mac/acc_reg/psum_internal_reg[18]
  -------------------------------------------------------------------
                         required time                         -1.386    
                         arrival time                           3.022    
  -------------------------------------------------------------------
                         slack                                  1.636    

Slack (MET) :             1.636ns  (arrival time - required time)
  Source:                 array_block_i/axi_gpio_0/U0/gpio_core_1/Dual.gpio_Data_Out_reg[5]/C
                            (rising edge-triggered cell FDRE clocked by clk_pl_0  {rise@0.000ns fall@5.000ns period=10.000ns})
  Destination:            array_block_i/array_top_0/inst/u_matmul/ROW[2].COL[3].u_pe/u_mac/acc_reg/psum_internal_reg[20]/CLR
                            (removal check against rising-edge clock clk_pl_0  {rise@0.000ns fall@5.000ns period=10.000ns})
  Path Group:             **async_default**
  Path Type:              Removal (Min at Fast Process Corner)
  Requirement:            0.000ns  (clk_pl_0 rise@0.000ns - clk_pl_0 rise@0.000ns)
  Data Path Delay:        1.724ns  (logic 0.107ns (6.208%)  route 1.617ns (93.792%))
  Logic Levels:           1  (BUFGCE=1)
  Clock Path Skew:        0.106ns (DCD - SCD - CPR)
    Destination Clock Delay (DCD):    1.491ns
    Source Clock Delay      (SCD):    1.299ns
    Clock Pessimism Removal (CPR):    0.087ns
  Clock Net Delay (Source):      1.148ns (routing 0.572ns, distribution 0.576ns)
  Clock Net Delay (Destination): 1.304ns (routing 0.623ns, distribution 0.681ns)

    Location             Delay type                Incr(ns)  Path(ns)    Netlist Resource(s)
  -------------------------------------------------------------------    -------------------
                         (clock clk_pl_0 rise edge)
                                                      0.000     0.000 r  
    PS8_X0Y0             PS8                          0.000     0.000 r  array_block_i/zynq_ultra_ps_e_0/inst/PS8_i/PLCLK[0]
                         net (fo=1, routed)           0.129     0.129    array_block_i/zynq_ultra_ps_e_0/inst/pl_clk_unbuffered[0]
    BUFG_PS_X0Y80        BUFG_PS (Prop_BUFG_PS_I_O)
                                                      0.022     0.151 r  array_block_i/zynq_ultra_ps_e_0/inst/buffer_pl_clk_0.PL_CLK_0_BUFG/O
    X0Y1 (CLOCK_ROOT)    net (fo=3425, routed)        1.148     1.299    array_block_i/axi_gpio_0/U0/gpio_core_1/s_axi_aclk
    SLICE_X3Y104         FDRE                                         r  array_block_i/axi_gpio_0/U0/gpio_core_1/Dual.gpio_Data_Out_reg[5]/C
  -------------------------------------------------------------------    -------------------
    SLICE_X3Y104         FDRE (Prop_EFF_SLICEL_C_Q)
                                                      0.084     1.383 r  array_block_i/axi_gpio_0/U0/gpio_core_1/Dual.gpio_Data_Out_reg[5]/Q
                         net (fo=1, routed)           0.773     2.156    array_block_i/axi_gpio_0/U0/gpio_core_1/gpio_io_o[0]_bufg_place
    BUFGCE_X0Y50         BUFGCE (Prop_BUFCE_BUFGCE_I_O)
                                                      0.023     2.179 r  array_block_i/axi_gpio_0/U0/gpio_core_1/Dual.gpio_Data_Out_reg[5]_bufg_place/O
                         net (fo=1421, routed)        0.844     3.022    array_block_i/array_top_0/inst/u_matmul/ROW[2].COL[3].u_pe/u_mac/acc_reg/valid_out_reg_0
    SLICE_X11Y122        FDCE                                         f  array_block_i/array_top_0/inst/u_matmul/ROW[2].COL[3].u_pe/u_mac/acc_reg/psum_internal_reg[20]/CLR  (IS_INVERTED)
  -------------------------------------------------------------------    -------------------

                         (clock clk_pl_0 rise edge)
                                                      0.000     0.000 r  
    PS8_X0Y0             PS8                          0.000     0.000 r  array_block_i/zynq_ultra_ps_e_0/inst/PS8_i/PLCLK[0]
                         net (fo=1, routed)           0.164     0.164    array_block_i/zynq_ultra_ps_e_0/inst/pl_clk_unbuffered[0]
    BUFG_PS_X0Y80        BUFG_PS (Prop_BUFG_PS_I_O)
                                                      0.023     0.187 r  array_block_i/zynq_ultra_ps_e_0/inst/buffer_pl_clk_0.PL_CLK_0_BUFG/O
    X0Y1 (CLOCK_ROOT)    net (fo=3425, routed)        1.304     1.491    array_block_i/array_top_0/inst/u_matmul/ROW[2].COL[3].u_pe/u_mac/acc_reg/clk
    SLICE_X11Y122        FDCE                                         r  array_block_i/array_top_0/inst/u_matmul/ROW[2].COL[3].u_pe/u_mac/acc_reg/psum_internal_reg[20]/C
                         clock pessimism             -0.087     1.404    
    SLICE_X11Y122        FDCE (Remov_BFF_SLICEL_C_CLR)
                                                     -0.018     1.386    array_block_i/array_top_0/inst/u_matmul/ROW[2].COL[3].u_pe/u_mac/acc_reg/psum_internal_reg[20]
  -------------------------------------------------------------------
                         required time                         -1.386    
                         arrival time                           3.022    
  -------------------------------------------------------------------
                         slack                                  1.636    

Slack (MET) :             1.636ns  (arrival time - required time)
  Source:                 array_block_i/axi_gpio_0/U0/gpio_core_1/Dual.gpio_Data_Out_reg[5]/C
                            (rising edge-triggered cell FDRE clocked by clk_pl_0  {rise@0.000ns fall@5.000ns period=10.000ns})
  Destination:            array_block_i/array_top_0/inst/u_matmul/ROW[2].COL[3].u_pe/u_mac/acc_reg/psum_internal_reg[21]/CLR
                            (removal check against rising-edge clock clk_pl_0  {rise@0.000ns fall@5.000ns period=10.000ns})
  Path Group:             **async_default**
  Path Type:              Removal (Min at Fast Process Corner)
  Requirement:            0.000ns  (clk_pl_0 rise@0.000ns - clk_pl_0 rise@0.000ns)
  Data Path Delay:        1.724ns  (logic 0.107ns (6.208%)  route 1.617ns (93.792%))
  Logic Levels:           1  (BUFGCE=1)
  Clock Path Skew:        0.106ns (DCD - SCD - CPR)
    Destination Clock Delay (DCD):    1.491ns
    Source Clock Delay      (SCD):    1.299ns
    Clock Pessimism Removal (CPR):    0.087ns
  Clock Net Delay (Source):      1.148ns (routing 0.572ns, distribution 0.576ns)
  Clock Net Delay (Destination): 1.304ns (routing 0.623ns, distribution 0.681ns)

    Location             Delay type                Incr(ns)  Path(ns)    Netlist Resource(s)
  -------------------------------------------------------------------    -------------------
                         (clock clk_pl_0 rise edge)
                                                      0.000     0.000 r  
    PS8_X0Y0             PS8                          0.000     0.000 r  array_block_i/zynq_ultra_ps_e_0/inst/PS8_i/PLCLK[0]
                         net (fo=1, routed)           0.129     0.129    array_block_i/zynq_ultra_ps_e_0/inst/pl_clk_unbuffered[0]
    BUFG_PS_X0Y80        BUFG_PS (Prop_BUFG_PS_I_O)
                                                      0.022     0.151 r  array_block_i/zynq_ultra_ps_e_0/inst/buffer_pl_clk_0.PL_CLK_0_BUFG/O
    X0Y1 (CLOCK_ROOT)    net (fo=3425, routed)        1.148     1.299    array_block_i/axi_gpio_0/U0/gpio_core_1/s_axi_aclk
    SLICE_X3Y104         FDRE                                         r  array_block_i/axi_gpio_0/U0/gpio_core_1/Dual.gpio_Data_Out_reg[5]/C
  -------------------------------------------------------------------    -------------------
    SLICE_X3Y104         FDRE (Prop_EFF_SLICEL_C_Q)
                                                      0.084     1.383 r  array_block_i/axi_gpio_0/U0/gpio_core_1/Dual.gpio_Data_Out_reg[5]/Q
                         net (fo=1, routed)           0.773     2.156    array_block_i/axi_gpio_0/U0/gpio_core_1/gpio_io_o[0]_bufg_place
    BUFGCE_X0Y50         BUFGCE (Prop_BUFCE_BUFGCE_I_O)
                                                      0.023     2.179 r  array_block_i/axi_gpio_0/U0/gpio_core_1/Dual.gpio_Data_Out_reg[5]_bufg_place/O
                         net (fo=1421, routed)        0.844     3.022    array_block_i/array_top_0/inst/u_matmul/ROW[2].COL[3].u_pe/u_mac/acc_reg/valid_out_reg_0
    SLICE_X11Y122        FDCE                                         f  array_block_i/array_top_0/inst/u_matmul/ROW[2].COL[3].u_pe/u_mac/acc_reg/psum_internal_reg[21]/CLR  (IS_INVERTED)
  -------------------------------------------------------------------    -------------------

                         (clock clk_pl_0 rise edge)
                                                      0.000     0.000 r  
    PS8_X0Y0             PS8                          0.000     0.000 r  array_block_i/zynq_ultra_ps_e_0/inst/PS8_i/PLCLK[0]
                         net (fo=1, routed)           0.164     0.164    array_block_i/zynq_ultra_ps_e_0/inst/pl_clk_unbuffered[0]
    BUFG_PS_X0Y80        BUFG_PS (Prop_BUFG_PS_I_O)
                                                      0.023     0.187 r  array_block_i/zynq_ultra_ps_e_0/inst/buffer_pl_clk_0.PL_CLK_0_BUFG/O
    X0Y1 (CLOCK_ROOT)    net (fo=3425, routed)        1.304     1.491    array_block_i/array_top_0/inst/u_matmul/ROW[2].COL[3].u_pe/u_mac/acc_reg/clk
    SLICE_X11Y122        FDCE                                         r  array_block_i/array_top_0/inst/u_matmul/ROW[2].COL[3].u_pe/u_mac/acc_reg/psum_internal_reg[21]/C
                         clock pessimism             -0.087     1.404    
    SLICE_X11Y122        FDCE (Remov_AFF_SLICEL_C_CLR)
                                                     -0.018     1.386    array_block_i/array_top_0/inst/u_matmul/ROW[2].COL[3].u_pe/u_mac/acc_reg/psum_internal_reg[21]
  -------------------------------------------------------------------
                         required time                         -1.386    
                         arrival time                           3.022    
  -------------------------------------------------------------------
                         slack                                  1.636    

Slack (MET) :             1.636ns  (arrival time - required time)
  Source:                 array_block_i/axi_gpio_0/U0/gpio_core_1/Dual.gpio_Data_Out_reg[5]/C
                            (rising edge-triggered cell FDRE clocked by clk_pl_0  {rise@0.000ns fall@5.000ns period=10.000ns})
  Destination:            array_block_i/array_top_0/inst/u_matmul/ROW[2].COL[3].u_pe/u_mac/acc_reg/psum_internal_reg[23]/CLR
                            (removal check against rising-edge clock clk_pl_0  {rise@0.000ns fall@5.000ns period=10.000ns})
  Path Group:             **async_default**
  Path Type:              Removal (Min at Fast Process Corner)
  Requirement:            0.000ns  (clk_pl_0 rise@0.000ns - clk_pl_0 rise@0.000ns)
  Data Path Delay:        1.724ns  (logic 0.107ns (6.208%)  route 1.617ns (93.792%))
  Logic Levels:           1  (BUFGCE=1)
  Clock Path Skew:        0.106ns (DCD - SCD - CPR)
    Destination Clock Delay (DCD):    1.491ns
    Source Clock Delay      (SCD):    1.299ns
    Clock Pessimism Removal (CPR):    0.087ns
  Clock Net Delay (Source):      1.148ns (routing 0.572ns, distribution 0.576ns)
  Clock Net Delay (Destination): 1.304ns (routing 0.623ns, distribution 0.681ns)

    Location             Delay type                Incr(ns)  Path(ns)    Netlist Resource(s)
  -------------------------------------------------------------------    -------------------
                         (clock clk_pl_0 rise edge)
                                                      0.000     0.000 r  
    PS8_X0Y0             PS8                          0.000     0.000 r  array_block_i/zynq_ultra_ps_e_0/inst/PS8_i/PLCLK[0]
                         net (fo=1, routed)           0.129     0.129    array_block_i/zynq_ultra_ps_e_0/inst/pl_clk_unbuffered[0]
    BUFG_PS_X0Y80        BUFG_PS (Prop_BUFG_PS_I_O)
                                                      0.022     0.151 r  array_block_i/zynq_ultra_ps_e_0/inst/buffer_pl_clk_0.PL_CLK_0_BUFG/O
    X0Y1 (CLOCK_ROOT)    net (fo=3425, routed)        1.148     1.299    array_block_i/axi_gpio_0/U0/gpio_core_1/s_axi_aclk
    SLICE_X3Y104         FDRE                                         r  array_block_i/axi_gpio_0/U0/gpio_core_1/Dual.gpio_Data_Out_reg[5]/C
  -------------------------------------------------------------------    -------------------
    SLICE_X3Y104         FDRE (Prop_EFF_SLICEL_C_Q)
                                                      0.084     1.383 r  array_block_i/axi_gpio_0/U0/gpio_core_1/Dual.gpio_Data_Out_reg[5]/Q
                         net (fo=1, routed)           0.773     2.156    array_block_i/axi_gpio_0/U0/gpio_core_1/gpio_io_o[0]_bufg_place
    BUFGCE_X0Y50         BUFGCE (Prop_BUFCE_BUFGCE_I_O)
                                                      0.023     2.179 r  array_block_i/axi_gpio_0/U0/gpio_core_1/Dual.gpio_Data_Out_reg[5]_bufg_place/O
                         net (fo=1421, routed)        0.844     3.022    array_block_i/array_top_0/inst/u_matmul/ROW[2].COL[3].u_pe/u_mac/acc_reg/valid_out_reg_0
    SLICE_X11Y123        FDCE                                         f  array_block_i/array_top_0/inst/u_matmul/ROW[2].COL[3].u_pe/u_mac/acc_reg/psum_internal_reg[23]/CLR  (IS_INVERTED)
  -------------------------------------------------------------------    -------------------

                         (clock clk_pl_0 rise edge)
                                                      0.000     0.000 r  
    PS8_X0Y0             PS8                          0.000     0.000 r  array_block_i/zynq_ultra_ps_e_0/inst/PS8_i/PLCLK[0]
                         net (fo=1, routed)           0.164     0.164    array_block_i/zynq_ultra_ps_e_0/inst/pl_clk_unbuffered[0]
    BUFG_PS_X0Y80        BUFG_PS (Prop_BUFG_PS_I_O)
                                                      0.023     0.187 r  array_block_i/zynq_ultra_ps_e_0/inst/buffer_pl_clk_0.PL_CLK_0_BUFG/O
    X0Y1 (CLOCK_ROOT)    net (fo=3425, routed)        1.304     1.491    array_block_i/array_top_0/inst/u_matmul/ROW[2].COL[3].u_pe/u_mac/acc_reg/clk
    SLICE_X11Y123        FDCE                                         r  array_block_i/array_top_0/inst/u_matmul/ROW[2].COL[3].u_pe/u_mac/acc_reg/psum_internal_reg[23]/C
                         clock pessimism             -0.087     1.404    
    SLICE_X11Y123        FDCE (Remov_DFF_SLICEL_C_CLR)
                                                     -0.018     1.386    array_block_i/array_top_0/inst/u_matmul/ROW[2].COL[3].u_pe/u_mac/acc_reg/psum_internal_reg[23]
  -------------------------------------------------------------------
                         required time                         -1.386    
                         arrival time                           3.022    
  -------------------------------------------------------------------
                         slack                                  1.636    

Slack (MET) :             1.636ns  (arrival time - required time)
  Source:                 array_block_i/axi_gpio_0/U0/gpio_core_1/Dual.gpio_Data_Out_reg[5]/C
                            (rising edge-triggered cell FDRE clocked by clk_pl_0  {rise@0.000ns fall@5.000ns period=10.000ns})
  Destination:            array_block_i/array_top_0/inst/u_matmul/ROW[2].COL[3].u_pe/u_mac/acc_reg/psum_internal_reg[2]/CLR
                            (removal check against rising-edge clock clk_pl_0  {rise@0.000ns fall@5.000ns period=10.000ns})
  Path Group:             **async_default**
  Path Type:              Removal (Min at Fast Process Corner)
  Requirement:            0.000ns  (clk_pl_0 rise@0.000ns - clk_pl_0 rise@0.000ns)
  Data Path Delay:        1.724ns  (logic 0.107ns (6.208%)  route 1.617ns (93.792%))
  Logic Levels:           1  (BUFGCE=1)
  Clock Path Skew:        0.106ns (DCD - SCD - CPR)
    Destination Clock Delay (DCD):    1.491ns
    Source Clock Delay      (SCD):    1.299ns
    Clock Pessimism Removal (CPR):    0.087ns
  Clock Net Delay (Source):      1.148ns (routing 0.572ns, distribution 0.576ns)
  Clock Net Delay (Destination): 1.304ns (routing 0.623ns, distribution 0.681ns)

    Location             Delay type                Incr(ns)  Path(ns)    Netlist Resource(s)
  -------------------------------------------------------------------    -------------------
                         (clock clk_pl_0 rise edge)
                                                      0.000     0.000 r  
    PS8_X0Y0             PS8                          0.000     0.000 r  array_block_i/zynq_ultra_ps_e_0/inst/PS8_i/PLCLK[0]
                         net (fo=1, routed)           0.129     0.129    array_block_i/zynq_ultra_ps_e_0/inst/pl_clk_unbuffered[0]
    BUFG_PS_X0Y80        BUFG_PS (Prop_BUFG_PS_I_O)
                                                      0.022     0.151 r  array_block_i/zynq_ultra_ps_e_0/inst/buffer_pl_clk_0.PL_CLK_0_BUFG/O
    X0Y1 (CLOCK_ROOT)    net (fo=3425, routed)        1.148     1.299    array_block_i/axi_gpio_0/U0/gpio_core_1/s_axi_aclk
    SLICE_X3Y104         FDRE                                         r  array_block_i/axi_gpio_0/U0/gpio_core_1/Dual.gpio_Data_Out_reg[5]/C
  -------------------------------------------------------------------    -------------------
    SLICE_X3Y104         FDRE (Prop_EFF_SLICEL_C_Q)
                                                      0.084     1.383 r  array_block_i/axi_gpio_0/U0/gpio_core_1/Dual.gpio_Data_Out_reg[5]/Q
                         net (fo=1, routed)           0.773     2.156    array_block_i/axi_gpio_0/U0/gpio_core_1/gpio_io_o[0]_bufg_place
    BUFGCE_X0Y50         BUFGCE (Prop_BUFCE_BUFGCE_I_O)
                                                      0.023     2.179 r  array_block_i/axi_gpio_0/U0/gpio_core_1/Dual.gpio_Data_Out_reg[5]_bufg_place/O
                         net (fo=1421, routed)        0.844     3.022    array_block_i/array_top_0/inst/u_matmul/ROW[2].COL[3].u_pe/u_mac/acc_reg/valid_out_reg_0
    SLICE_X11Y120        FDCE                                         f  array_block_i/array_top_0/inst/u_matmul/ROW[2].COL[3].u_pe/u_mac/acc_reg/psum_internal_reg[2]/CLR  (IS_INVERTED)
  -------------------------------------------------------------------    -------------------

                         (clock clk_pl_0 rise edge)
                                                      0.000     0.000 r  
    PS8_X0Y0             PS8                          0.000     0.000 r  array_block_i/zynq_ultra_ps_e_0/inst/PS8_i/PLCLK[0]
                         net (fo=1, routed)           0.164     0.164    array_block_i/zynq_ultra_ps_e_0/inst/pl_clk_unbuffered[0]
    BUFG_PS_X0Y80        BUFG_PS (Prop_BUFG_PS_I_O)
                                                      0.023     0.187 r  array_block_i/zynq_ultra_ps_e_0/inst/buffer_pl_clk_0.PL_CLK_0_BUFG/O
    X0Y1 (CLOCK_ROOT)    net (fo=3425, routed)        1.304     1.491    array_block_i/array_top_0/inst/u_matmul/ROW[2].COL[3].u_pe/u_mac/acc_reg/clk
    SLICE_X11Y120        FDCE                                         r  array_block_i/array_top_0/inst/u_matmul/ROW[2].COL[3].u_pe/u_mac/acc_reg/psum_internal_reg[2]/C
                         clock pessimism             -0.087     1.404    
    SLICE_X11Y120        FDCE (Remov_DFF_SLICEL_C_CLR)
                                                     -0.018     1.386    array_block_i/array_top_0/inst/u_matmul/ROW[2].COL[3].u_pe/u_mac/acc_reg/psum_internal_reg[2]
  -------------------------------------------------------------------
                         required time                         -1.386    
                         arrival time                           3.022    
  -------------------------------------------------------------------
                         slack                                  1.636    





--------------------------------------------------------------------------------------
Path Group:  (none)
From Clock:  
  To Clock:  clk_pl_0

Max Delay             1 Endpoint
Min Delay             1 Endpoint
--------------------------------------------------------------------------------------


Max Delay Paths
--------------------------------------------------------------------------------------
Slack:                    inf
  Source:                 array_block_i/zynq_ultra_ps_e_0/inst/PS8_i/EMIOGPIOO[95]
                            (internal pin)
  Destination:            array_block_i/proc_sys_reset_0/U0/EXT_LPF/ACTIVE_LOW_EXT.ACT_LO_EXT/syncstages_ff_reg[0]/D
                            (rising edge-triggered cell FDRE clocked by clk_pl_0  {rise@0.000ns fall@5.000ns period=10.000ns})
  Path Group:             (none)
  Path Type:              Setup (Max at Slow Process Corner)
  Data Path Delay:        1.944ns  (logic 0.224ns (11.523%)  route 1.720ns (88.477%))
  Logic Levels:           1  (LUT1=1)
  Clock Uncertainty:      0.158ns  ((TSJ^2 + DJ^2)^1/2) / 2 + PE
    Total System Jitter     (TSJ):    0.050ns
    Discrete Jitter          (DJ):    0.312ns
    Phase Error              (PE):    0.000ns
  Clock Net Delay (Destination): 1.915ns (routing 0.955ns, distribution 0.960ns)
  Timing Exception:       False Path

    Location             Delay type                Incr(ns)  Path(ns)    Netlist Resource(s)
  -------------------------------------------------------------------    -------------------
    PS8_X0Y0             PS8                          0.000     0.000 f  array_block_i/zynq_ultra_ps_e_0/inst/PS8_i/EMIOGPIOO[95]
                         net (fo=1, routed)           1.262     1.262    array_block_i/proc_sys_reset_0/U0/EXT_LPF/ext_reset_in
    SLICE_X2Y148         LUT1 (Prop_F6LUT_SLICEM_I0_O)
                                                      0.224     1.486 r  array_block_i/proc_sys_reset_0/U0/EXT_LPF/ACTIVE_LOW_EXT.ACT_LO_EXT_i_1/O
                         net (fo=1, routed)           0.458     1.944    array_block_i/proc_sys_reset_0/U0/EXT_LPF/ACTIVE_LOW_EXT.ACT_LO_EXT/src_in
    SLICE_X2Y148         FDRE                                         r  array_block_i/proc_sys_reset_0/U0/EXT_LPF/ACTIVE_LOW_EXT.ACT_LO_EXT/syncstages_ff_reg[0]/D
  -------------------------------------------------------------------    -------------------

                         (clock clk_pl_0 rise edge)
                                                      0.000     0.000 r  
    PS8_X0Y0             PS8                          0.000     0.000 r  array_block_i/zynq_ultra_ps_e_0/inst/PS8_i/PLCLK[0]
                         net (fo=1, routed)           0.181     0.181    array_block_i/zynq_ultra_ps_e_0/inst/pl_clk_unbuffered[0]
    BUFG_PS_X0Y80        BUFG_PS (Prop_BUFG_PS_I_O)
                                                      0.035     0.216 r  array_block_i/zynq_ultra_ps_e_0/inst/buffer_pl_clk_0.PL_CLK_0_BUFG/O
    X0Y1 (CLOCK_ROOT)    net (fo=3425, routed)        1.915     2.131    array_block_i/proc_sys_reset_0/U0/EXT_LPF/ACTIVE_LOW_EXT.ACT_LO_EXT/dest_clk
    SLICE_X2Y148         FDRE                                         r  array_block_i/proc_sys_reset_0/U0/EXT_LPF/ACTIVE_LOW_EXT.ACT_LO_EXT/syncstages_ff_reg[0]/C





Min Delay Paths
--------------------------------------------------------------------------------------
Slack:                    inf
  Source:                 array_block_i/zynq_ultra_ps_e_0/inst/PS8_i/EMIOGPIOO[95]
                            (internal pin)
  Destination:            array_block_i/proc_sys_reset_0/U0/EXT_LPF/ACTIVE_LOW_EXT.ACT_LO_EXT/syncstages_ff_reg[0]/D
                            (rising edge-triggered cell FDRE clocked by clk_pl_0  {rise@0.000ns fall@5.000ns period=10.000ns})
  Path Group:             (none)
  Path Type:              Hold (Min at Fast Process Corner)
  Data Path Delay:        0.720ns  (logic 0.103ns (14.306%)  route 0.617ns (85.694%))
  Logic Levels:           1  (LUT1=1)
  Clock Uncertainty:      0.158ns  ((TSJ^2 + DJ^2)^1/2) / 2 + PE
    Total System Jitter     (TSJ):    0.050ns
    Discrete Jitter          (DJ):    0.312ns
    Phase Error              (PE):    0.000ns
  Clock Net Delay (Destination): 1.277ns (routing 0.623ns, distribution 0.654ns)
  Timing Exception:       False Path

    Location             Delay type                Incr(ns)  Path(ns)    Netlist Resource(s)
  -------------------------------------------------------------------    -------------------
    PS8_X0Y0             PS8                          0.000     0.000 f  array_block_i/zynq_ultra_ps_e_0/inst/PS8_i/EMIOGPIOO[95]
                         net (fo=1, routed)           0.485     0.485    array_block_i/proc_sys_reset_0/U0/EXT_LPF/ext_reset_in
    SLICE_X2Y148         LUT1 (Prop_F6LUT_SLICEM_I0_O)
                                                      0.103     0.588 r  array_block_i/proc_sys_reset_0/U0/EXT_LPF/ACTIVE_LOW_EXT.ACT_LO_EXT_i_1/O
                         net (fo=1, routed)           0.132     0.720    array_block_i/proc_sys_reset_0/U0/EXT_LPF/ACTIVE_LOW_EXT.ACT_LO_EXT/src_in
    SLICE_X2Y148         FDRE                                         r  array_block_i/proc_sys_reset_0/U0/EXT_LPF/ACTIVE_LOW_EXT.ACT_LO_EXT/syncstages_ff_reg[0]/D
  -------------------------------------------------------------------    -------------------

                         (clock clk_pl_0 rise edge)
                                                      0.000     0.000 r  
    PS8_X0Y0             PS8                          0.000     0.000 r  array_block_i/zynq_ultra_ps_e_0/inst/PS8_i/PLCLK[0]
                         net (fo=1, routed)           0.164     0.164    array_block_i/zynq_ultra_ps_e_0/inst/pl_clk_unbuffered[0]
    BUFG_PS_X0Y80        BUFG_PS (Prop_BUFG_PS_I_O)
                                                      0.023     0.187 r  array_block_i/zynq_ultra_ps_e_0/inst/buffer_pl_clk_0.PL_CLK_0_BUFG/O
    X0Y1 (CLOCK_ROOT)    net (fo=3425, routed)        1.277     1.464    array_block_i/proc_sys_reset_0/U0/EXT_LPF/ACTIVE_LOW_EXT.ACT_LO_EXT/dest_clk
    SLICE_X2Y148         FDRE                                         r  array_block_i/proc_sys_reset_0/U0/EXT_LPF/ACTIVE_LOW_EXT.ACT_LO_EXT/syncstages_ff_reg[0]/C





--------------------------------------------------------------------------------------
Path Group:  (none)
From Clock:  clk_pl_0
  To Clock:  clk_pl_0

Max Delay            90 Endpoints
Min Delay            90 Endpoints
--------------------------------------------------------------------------------------


Max Delay Paths
--------------------------------------------------------------------------------------
Slack:                    inf
  Source:                 array_block_i/axi_gpio_0/U0/gpio_core_1/Dual.gpio_Data_Out_reg[0]/C
                            (rising edge-triggered cell FDRE clocked by clk_pl_0  {rise@0.000ns fall@5.000ns period=10.000ns})
  Destination:            array_block_i/axi_gpio_0/U0/gpio_core_1/Dual.INPUT_DOUBLE_REGS5/syncstages_ff_reg[0][9]/D
                            (rising edge-triggered cell FDRE clocked by clk_pl_0  {rise@0.000ns fall@5.000ns period=10.000ns})
  Path Group:             (none)
  Path Type:              Setup (Max at Slow Process Corner)
  Data Path Delay:        2.203ns  (logic 0.225ns (10.215%)  route 1.978ns (89.785%))
  Logic Levels:           1  (MUXF8=1)
  Clock Path Skew:        -0.288ns (DCD - SCD + CPR)
    Destination Clock Delay (DCD):    2.103ns
    Source Clock Delay      (SCD):    2.392ns
    Clock Pessimism Removal (CPR):    0.000ns
  Clock Uncertainty:      0.160ns  ((TSJ^2 + DJ^2)^1/2) / 2 + PE
    Total System Jitter     (TSJ):    0.071ns
    Discrete Jitter          (DJ):    0.312ns
    Phase Error              (PE):    0.000ns
  Clock Net Delay (Source):      2.125ns (routing 1.045ns, distribution 1.080ns)
  Clock Net Delay (Destination): 1.887ns (routing 0.955ns, distribution 0.932ns)
  Timing Exception:       False Path

    Location             Delay type                Incr(ns)  Path(ns)    Netlist Resource(s)
  -------------------------------------------------------------------    -------------------
                         (clock clk_pl_0 rise edge)
                                                      0.000     0.000 r  
    PS8_X0Y0             PS8                          0.000     0.000 r  array_block_i/zynq_ultra_ps_e_0/inst/PS8_i/PLCLK[0]
                         net (fo=1, routed)           0.229     0.229    array_block_i/zynq_ultra_ps_e_0/inst/pl_clk_unbuffered[0]
    BUFG_PS_X0Y80        BUFG_PS (Prop_BUFG_PS_I_O)
                                                      0.038     0.267 r  array_block_i/zynq_ultra_ps_e_0/inst/buffer_pl_clk_0.PL_CLK_0_BUFG/O
    X0Y1 (CLOCK_ROOT)    net (fo=3425, routed)        2.125     2.392    array_block_i/axi_gpio_0/U0/gpio_core_1/s_axi_aclk
    SLICE_X3Y104         FDRE                                         r  array_block_i/axi_gpio_0/U0/gpio_core_1/Dual.gpio_Data_Out_reg[0]/C
  -------------------------------------------------------------------    -------------------
    SLICE_X3Y104         FDRE (Prop_HFF_SLICEL_C_Q)
                                                      0.113     2.505 r  array_block_i/axi_gpio_0/U0/gpio_core_1/Dual.gpio_Data_Out_reg[0]/Q
                         net (fo=33, routed)          1.195     3.699    array_block_i/array_top_0/inst/rd_addr[3]
    SLICE_X4Y125         MUXF8 (Prop_F8MUX_BOT_SLICEM_S_O)
                                                      0.112     3.811 r  array_block_i/array_top_0/inst/rd_data[9]_INST_0/O
                         net (fo=1, routed)           0.783     4.594    array_block_i/axi_gpio_0/U0/gpio_core_1/Dual.INPUT_DOUBLE_REGS5/async_path_bit[9]
    SLICE_X2Y99          FDRE                                         r  array_block_i/axi_gpio_0/U0/gpio_core_1/Dual.INPUT_DOUBLE_REGS5/syncstages_ff_reg[0][9]/D
  -------------------------------------------------------------------    -------------------

                         (clock clk_pl_0 rise edge)
                                                      0.000     0.000 r  
    PS8_X0Y0             PS8                          0.000     0.000 r  array_block_i/zynq_ultra_ps_e_0/inst/PS8_i/PLCLK[0]
                         net (fo=1, routed)           0.181     0.181    array_block_i/zynq_ultra_ps_e_0/inst/pl_clk_unbuffered[0]
    BUFG_PS_X0Y80        BUFG_PS (Prop_BUFG_PS_I_O)
                                                      0.035     0.216 r  array_block_i/zynq_ultra_ps_e_0/inst/buffer_pl_clk_0.PL_CLK_0_BUFG/O
    X0Y1 (CLOCK_ROOT)    net (fo=3425, routed)        1.887     2.103    array_block_i/axi_gpio_0/U0/gpio_core_1/Dual.INPUT_DOUBLE_REGS5/dest_clk
    SLICE_X2Y99          FDRE                                         r  array_block_i/axi_gpio_0/U0/gpio_core_1/Dual.INPUT_DOUBLE_REGS5/syncstages_ff_reg[0][9]/C

Slack:                    inf
  Source:                 array_block_i/axi_gpio_0/U0/gpio_core_1/Dual.gpio_Data_Out_reg[2]/C
                            (rising edge-triggered cell FDRE clocked by clk_pl_0  {rise@0.000ns fall@5.000ns period=10.000ns})
  Destination:            array_block_i/axi_gpio_0/U0/gpio_core_1/Dual.INPUT_DOUBLE_REGS5/syncstages_ff_reg[0][17]/D
                            (rising edge-triggered cell FDRE clocked by clk_pl_0  {rise@0.000ns fall@5.000ns period=10.000ns})
  Path Group:             (none)
  Path Type:              Setup (Max at Slow Process Corner)
  Data Path Delay:        2.171ns  (logic 0.458ns (21.094%)  route 1.713ns (78.906%))
  Logic Levels:           3  (LUT6=1 MUXF7=1 MUXF8=1)
  Clock Path Skew:        -0.296ns (DCD - SCD + CPR)
    Destination Clock Delay (DCD):    2.095ns
    Source Clock Delay      (SCD):    2.392ns
    Clock Pessimism Removal (CPR):    0.000ns
  Clock Uncertainty:      0.160ns  ((TSJ^2 + DJ^2)^1/2) / 2 + PE
    Total System Jitter     (TSJ):    0.071ns
    Discrete Jitter          (DJ):    0.312ns
    Phase Error              (PE):    0.000ns
  Clock Net Delay (Source):      2.125ns (routing 1.045ns, distribution 1.080ns)
  Clock Net Delay (Destination): 1.879ns (routing 0.955ns, distribution 0.924ns)
  Timing Exception:       False Path

    Location             Delay type                Incr(ns)  Path(ns)    Netlist Resource(s)
  -------------------------------------------------------------------    -------------------
                         (clock clk_pl_0 rise edge)
                                                      0.000     0.000 r  
    PS8_X0Y0             PS8                          0.000     0.000 r  array_block_i/zynq_ultra_ps_e_0/inst/PS8_i/PLCLK[0]
                         net (fo=1, routed)           0.229     0.229    array_block_i/zynq_ultra_ps_e_0/inst/pl_clk_unbuffered[0]
    BUFG_PS_X0Y80        BUFG_PS (Prop_BUFG_PS_I_O)
                                                      0.038     0.267 r  array_block_i/zynq_ultra_ps_e_0/inst/buffer_pl_clk_0.PL_CLK_0_BUFG/O
    X0Y1 (CLOCK_ROOT)    net (fo=3425, routed)        2.125     2.392    array_block_i/axi_gpio_0/U0/gpio_core_1/s_axi_aclk
    SLICE_X3Y104         FDRE                                         r  array_block_i/axi_gpio_0/U0/gpio_core_1/Dual.gpio_Data_Out_reg[2]/C
  -------------------------------------------------------------------    -------------------
    SLICE_X3Y104         FDRE (Prop_GFF_SLICEL_C_Q)
                                                      0.114     2.506 r  array_block_i/axi_gpio_0/U0/gpio_core_1/Dual.gpio_Data_Out_reg[2]/Q
                         net (fo=129, routed)         0.962     3.468    array_block_i/array_top_0/inst/rd_addr[1]
    SLICE_X3Y126         LUT6 (Prop_G6LUT_SLICEL_I2_O)
                                                      0.226     3.694 r  array_block_i/array_top_0/inst/rd_data[17]_INST_0_i_4/O
                         net (fo=1, routed)           0.012     3.706    array_block_i/array_top_0/inst/rd_data[17]_INST_0_i_4_n_0
    SLICE_X3Y126         MUXF7 (Prop_F7MUX_GH_SLICEL_I1_O)
                                                      0.087     3.793 r  array_block_i/array_top_0/inst/rd_data[17]_INST_0_i_1/O
                         net (fo=1, routed)           0.000     3.793    array_block_i/array_top_0/inst/rd_data[17]_INST_0_i_1_n_0
    SLICE_X3Y126         MUXF8 (Prop_F8MUX_TOP_SLICEL_I0_O)
                                                      0.031     3.824 r  array_block_i/array_top_0/inst/rd_data[17]_INST_0/O
                         net (fo=1, routed)           0.739     4.563    array_block_i/axi_gpio_0/U0/gpio_core_1/Dual.INPUT_DOUBLE_REGS5/async_path_bit[17]
    SLICE_X1Y103         FDRE                                         r  array_block_i/axi_gpio_0/U0/gpio_core_1/Dual.INPUT_DOUBLE_REGS5/syncstages_ff_reg[0][17]/D
  -------------------------------------------------------------------    -------------------

                         (clock clk_pl_0 rise edge)
                                                      0.000     0.000 r  
    PS8_X0Y0             PS8                          0.000     0.000 r  array_block_i/zynq_ultra_ps_e_0/inst/PS8_i/PLCLK[0]
                         net (fo=1, routed)           0.181     0.181    array_block_i/zynq_ultra_ps_e_0/inst/pl_clk_unbuffered[0]
    BUFG_PS_X0Y80        BUFG_PS (Prop_BUFG_PS_I_O)
                                                      0.035     0.216 r  array_block_i/zynq_ultra_ps_e_0/inst/buffer_pl_clk_0.PL_CLK_0_BUFG/O
    X0Y1 (CLOCK_ROOT)    net (fo=3425, routed)        1.879     2.095    array_block_i/axi_gpio_0/U0/gpio_core_1/Dual.INPUT_DOUBLE_REGS5/dest_clk
    SLICE_X1Y103         FDRE                                         r  array_block_i/axi_gpio_0/U0/gpio_core_1/Dual.INPUT_DOUBLE_REGS5/syncstages_ff_reg[0][17]/C

Slack:                    inf
  Source:                 array_block_i/axi_gpio_0/U0/gpio_core_1/Dual.gpio_Data_Out_reg[2]/C
                            (rising edge-triggered cell FDRE clocked by clk_pl_0  {rise@0.000ns fall@5.000ns period=10.000ns})
  Destination:            array_block_i/axi_gpio_0/U0/gpio_core_1/Dual.INPUT_DOUBLE_REGS5/syncstages_ff_reg[0][30]/D
                            (rising edge-triggered cell FDRE clocked by clk_pl_0  {rise@0.000ns fall@5.000ns period=10.000ns})
  Path Group:             (none)
  Path Type:              Setup (Max at Slow Process Corner)
  Data Path Delay:        2.155ns  (logic 0.467ns (21.668%)  route 1.688ns (78.332%))
  Logic Levels:           3  (LUT6=1 MUXF7=1 MUXF8=1)
  Clock Path Skew:        -0.285ns (DCD - SCD + CPR)
    Destination Clock Delay (DCD):    2.106ns
    Source Clock Delay      (SCD):    2.392ns
    Clock Pessimism Removal (CPR):    0.000ns
  Clock Uncertainty:      0.160ns  ((TSJ^2 + DJ^2)^1/2) / 2 + PE
    Total System Jitter     (TSJ):    0.071ns
    Discrete Jitter          (DJ):    0.312ns
    Phase Error              (PE):    0.000ns
  Clock Net Delay (Source):      2.125ns (routing 1.045ns, distribution 1.080ns)
  Clock Net Delay (Destination): 1.890ns (routing 0.955ns, distribution 0.935ns)
  Timing Exception:       False Path

    Location             Delay type                Incr(ns)  Path(ns)    Netlist Resource(s)
  -------------------------------------------------------------------    -------------------
                         (clock clk_pl_0 rise edge)
                                                      0.000     0.000 r  
    PS8_X0Y0             PS8                          0.000     0.000 r  array_block_i/zynq_ultra_ps_e_0/inst/PS8_i/PLCLK[0]
                         net (fo=1, routed)           0.229     0.229    array_block_i/zynq_ultra_ps_e_0/inst/pl_clk_unbuffered[0]
    BUFG_PS_X0Y80        BUFG_PS (Prop_BUFG_PS_I_O)
                                                      0.038     0.267 r  array_block_i/zynq_ultra_ps_e_0/inst/buffer_pl_clk_0.PL_CLK_0_BUFG/O
    X0Y1 (CLOCK_ROOT)    net (fo=3425, routed)        2.125     2.392    array_block_i/axi_gpio_0/U0/gpio_core_1/s_axi_aclk
    SLICE_X3Y104         FDRE                                         r  array_block_i/axi_gpio_0/U0/gpio_core_1/Dual.gpio_Data_Out_reg[2]/C
  -------------------------------------------------------------------    -------------------
    SLICE_X3Y104         FDRE (Prop_GFF_SLICEL_C_Q)
                                                      0.114     2.506 r  array_block_i/axi_gpio_0/U0/gpio_core_1/Dual.gpio_Data_Out_reg[2]/Q
                         net (fo=129, routed)         0.982     3.488    array_block_i/array_top_0/inst/rd_addr[1]
    SLICE_X2Y124         LUT6 (Prop_H6LUT_SLICEM_I2_O)
                                                      0.228     3.716 r  array_block_i/array_top_0/inst/rd_data[30]_INST_0_i_3/O
                         net (fo=1, routed)           0.020     3.736    array_block_i/array_top_0/inst/rd_data[30]_INST_0_i_3_n_0
    SLICE_X2Y124         MUXF7 (Prop_F7MUX_GH_SLICEM_I0_O)
                                                      0.093     3.829 r  array_block_i/array_top_0/inst/rd_data[30]_INST_0_i_1/O
                         net (fo=1, routed)           0.000     3.829    array_block_i/array_top_0/inst/rd_data[30]_INST_0_i_1_n_0
    SLICE_X2Y124         MUXF8 (Prop_F8MUX_TOP_SLICEM_I0_O)
                                                      0.032     3.861 r  array_block_i/array_top_0/inst/rd_data[30]_INST_0/O
                         net (fo=1, routed)           0.686     4.547    array_block_i/axi_gpio_0/U0/gpio_core_1/Dual.INPUT_DOUBLE_REGS5/async_path_bit[30]
    SLICE_X3Y115         FDRE                                         r  array_block_i/axi_gpio_0/U0/gpio_core_1/Dual.INPUT_DOUBLE_REGS5/syncstages_ff_reg[0][30]/D
  -------------------------------------------------------------------    -------------------

                         (clock clk_pl_0 rise edge)
                                                      0.000     0.000 r  
    PS8_X0Y0             PS8                          0.000     0.000 r  array_block_i/zynq_ultra_ps_e_0/inst/PS8_i/PLCLK[0]
                         net (fo=1, routed)           0.181     0.181    array_block_i/zynq_ultra_ps_e_0/inst/pl_clk_unbuffered[0]
    BUFG_PS_X0Y80        BUFG_PS (Prop_BUFG_PS_I_O)
                                                      0.035     0.216 r  array_block_i/zynq_ultra_ps_e_0/inst/buffer_pl_clk_0.PL_CLK_0_BUFG/O
    X0Y1 (CLOCK_ROOT)    net (fo=3425, routed)        1.890     2.106    array_block_i/axi_gpio_0/U0/gpio_core_1/Dual.INPUT_DOUBLE_REGS5/dest_clk
    SLICE_X3Y115         FDRE                                         r  array_block_i/axi_gpio_0/U0/gpio_core_1/Dual.INPUT_DOUBLE_REGS5/syncstages_ff_reg[0][30]/C

Slack:                    inf
  Source:                 array_block_i/axi_gpio_0/U0/gpio_core_1/Dual.gpio_Data_Out_reg[1]/C
                            (rising edge-triggered cell FDRE clocked by clk_pl_0  {rise@0.000ns fall@5.000ns period=10.000ns})
  Destination:            array_block_i/axi_gpio_0/U0/gpio_core_1/Dual.INPUT_DOUBLE_REGS5/syncstages_ff_reg[0][29]/D
                            (rising edge-triggered cell FDRE clocked by clk_pl_0  {rise@0.000ns fall@5.000ns period=10.000ns})
  Path Group:             (none)
  Path Type:              Setup (Max at Slow Process Corner)
  Data Path Delay:        2.146ns  (logic 0.249ns (11.604%)  route 1.897ns (88.396%))
  Logic Levels:           2  (MUXF7=1 MUXF8=1)
  Clock Path Skew:        -0.291ns (DCD - SCD + CPR)
    Destination Clock Delay (DCD):    2.100ns
    Source Clock Delay      (SCD):    2.392ns
    Clock Pessimism Removal (CPR):    0.000ns
  Clock Uncertainty:      0.160ns  ((TSJ^2 + DJ^2)^1/2) / 2 + PE
    Total System Jitter     (TSJ):    0.071ns
    Discrete Jitter          (DJ):    0.312ns
    Phase Error              (PE):    0.000ns
  Clock Net Delay (Source):      2.125ns (routing 1.045ns, distribution 1.080ns)
  Clock Net Delay (Destination): 1.884ns (routing 0.955ns, distribution 0.929ns)
  Timing Exception:       False Path

    Location             Delay type                Incr(ns)  Path(ns)    Netlist Resource(s)
  -------------------------------------------------------------------    -------------------
                         (clock clk_pl_0 rise edge)
                                                      0.000     0.000 r  
    PS8_X0Y0             PS8                          0.000     0.000 r  array_block_i/zynq_ultra_ps_e_0/inst/PS8_i/PLCLK[0]
                         net (fo=1, routed)           0.229     0.229    array_block_i/zynq_ultra_ps_e_0/inst/pl_clk_unbuffered[0]
    BUFG_PS_X0Y80        BUFG_PS (Prop_BUFG_PS_I_O)
                                                      0.038     0.267 r  array_block_i/zynq_ultra_ps_e_0/inst/buffer_pl_clk_0.PL_CLK_0_BUFG/O
    X0Y1 (CLOCK_ROOT)    net (fo=3425, routed)        2.125     2.392    array_block_i/axi_gpio_0/U0/gpio_core_1/s_axi_aclk
    SLICE_X3Y105         FDRE                                         r  array_block_i/axi_gpio_0/U0/gpio_core_1/Dual.gpio_Data_Out_reg[1]/C
  -------------------------------------------------------------------    -------------------
    SLICE_X3Y105         FDRE (Prop_HFF_SLICEL_C_Q)
                                                      0.113     2.505 r  array_block_i/axi_gpio_0/U0/gpio_core_1/Dual.gpio_Data_Out_reg[1]/Q
                         net (fo=65, routed)          1.048     3.552    array_block_i/array_top_0/inst/rd_addr[2]
    SLICE_X5Y128         MUXF7 (Prop_F7MUX_AB_SLICEM_S_O)
                                                      0.103     3.655 r  array_block_i/array_top_0/inst/rd_data[29]_INST_0_i_2/O
                         net (fo=1, routed)           0.000     3.655    array_block_i/array_top_0/inst/rd_data[29]_INST_0_i_2_n_0
    SLICE_X5Y128         MUXF8 (Prop_F8MUX_BOT_SLICEM_I1_O)
                                                      0.033     3.688 r  array_block_i/array_top_0/inst/rd_data[29]_INST_0/O
                         net (fo=1, routed)           0.849     4.537    array_block_i/axi_gpio_0/U0/gpio_core_1/Dual.INPUT_DOUBLE_REGS5/async_path_bit[29]
    SLICE_X4Y114         FDRE                                         r  array_block_i/axi_gpio_0/U0/gpio_core_1/Dual.INPUT_DOUBLE_REGS5/syncstages_ff_reg[0][29]/D
  -------------------------------------------------------------------    -------------------

                         (clock clk_pl_0 rise edge)
                                                      0.000     0.000 r  
    PS8_X0Y0             PS8                          0.000     0.000 r  array_block_i/zynq_ultra_ps_e_0/inst/PS8_i/PLCLK[0]
                         net (fo=1, routed)           0.181     0.181    array_block_i/zynq_ultra_ps_e_0/inst/pl_clk_unbuffered[0]
    BUFG_PS_X0Y80        BUFG_PS (Prop_BUFG_PS_I_O)
                                                      0.035     0.216 r  array_block_i/zynq_ultra_ps_e_0/inst/buffer_pl_clk_0.PL_CLK_0_BUFG/O
    X0Y1 (CLOCK_ROOT)    net (fo=3425, routed)        1.884     2.100    array_block_i/axi_gpio_0/U0/gpio_core_1/Dual.INPUT_DOUBLE_REGS5/dest_clk
    SLICE_X4Y114         FDRE                                         r  array_block_i/axi_gpio_0/U0/gpio_core_1/Dual.INPUT_DOUBLE_REGS5/syncstages_ff_reg[0][29]/C

Slack:                    inf
  Source:                 array_block_i/axi_gpio_0/U0/gpio_core_1/Dual.gpio_Data_Out_reg[3]/C
                            (rising edge-triggered cell FDRE clocked by clk_pl_0  {rise@0.000ns fall@5.000ns period=10.000ns})
  Destination:            array_block_i/axi_gpio_0/U0/gpio_core_1/Dual.INPUT_DOUBLE_REGS5/syncstages_ff_reg[0][31]/D
                            (rising edge-triggered cell FDRE clocked by clk_pl_0  {rise@0.000ns fall@5.000ns period=10.000ns})
  Path Group:             (none)
  Path Type:              Setup (Max at Slow Process Corner)
  Data Path Delay:        2.146ns  (logic 0.467ns (21.766%)  route 1.679ns (78.234%))
  Logic Levels:           3  (LUT6=1 MUXF7=1 MUXF8=1)
  Clock Path Skew:        -0.283ns (DCD - SCD + CPR)
    Destination Clock Delay (DCD):    2.108ns
    Source Clock Delay      (SCD):    2.392ns
    Clock Pessimism Removal (CPR):    0.000ns
  Clock Uncertainty:      0.160ns  ((TSJ^2 + DJ^2)^1/2) / 2 + PE
    Total System Jitter     (TSJ):    0.071ns
    Discrete Jitter          (DJ):    0.312ns
    Phase Error              (PE):    0.000ns
  Clock Net Delay (Source):      2.125ns (routing 1.045ns, distribution 1.080ns)
  Clock Net Delay (Destination): 1.892ns (routing 0.955ns, distribution 0.937ns)
  Timing Exception:       False Path

    Location             Delay type                Incr(ns)  Path(ns)    Netlist Resource(s)
  -------------------------------------------------------------------    -------------------
                         (clock clk_pl_0 rise edge)
                                                      0.000     0.000 r  
    PS8_X0Y0             PS8                          0.000     0.000 r  array_block_i/zynq_ultra_ps_e_0/inst/PS8_i/PLCLK[0]
                         net (fo=1, routed)           0.229     0.229    array_block_i/zynq_ultra_ps_e_0/inst/pl_clk_unbuffered[0]
    BUFG_PS_X0Y80        BUFG_PS (Prop_BUFG_PS_I_O)
                                                      0.038     0.267 r  array_block_i/zynq_ultra_ps_e_0/inst/buffer_pl_clk_0.PL_CLK_0_BUFG/O
    X0Y1 (CLOCK_ROOT)    net (fo=3425, routed)        2.125     2.392    array_block_i/axi_gpio_0/U0/gpio_core_1/s_axi_aclk
    SLICE_X3Y104         FDRE                                         r  array_block_i/axi_gpio_0/U0/gpio_core_1/Dual.gpio_Data_Out_reg[3]/C
  -------------------------------------------------------------------    -------------------
    SLICE_X3Y104         FDRE (Prop_FFF_SLICEL_C_Q)
                                                      0.113     2.505 r  array_block_i/axi_gpio_0/U0/gpio_core_1/Dual.gpio_Data_Out_reg[3]/Q
                         net (fo=129, routed)         0.973     3.477    array_block_i/array_top_0/inst/rd_addr[0]
    SLICE_X2Y128         LUT6 (Prop_F6LUT_SLICEM_I4_O)
                                                      0.224     3.701 r  array_block_i/array_top_0/inst/rd_data[31]_INST_0_i_5/O
                         net (fo=1, routed)           0.030     3.731    array_block_i/array_top_0/inst/rd_data[31]_INST_0_i_5_n_0
    SLICE_X2Y128         MUXF7 (Prop_F7MUX_EF_SLICEM_I0_O)
                                                      0.097     3.828 r  array_block_i/array_top_0/inst/rd_data[31]_INST_0_i_2/O
                         net (fo=1, routed)           0.000     3.828    array_block_i/array_top_0/inst/rd_data[31]_INST_0_i_2_n_0
    SLICE_X2Y128         MUXF8 (Prop_F8MUX_TOP_SLICEM_I1_O)
                                                      0.033     3.861 r  array_block_i/array_top_0/inst/rd_data[31]_INST_0/O
                         net (fo=1, routed)           0.676     4.537    array_block_i/axi_gpio_0/U0/gpio_core_1/Dual.INPUT_DOUBLE_REGS5/async_path_bit[31]
    SLICE_X2Y105         FDRE                                         r  array_block_i/axi_gpio_0/U0/gpio_core_1/Dual.INPUT_DOUBLE_REGS5/syncstages_ff_reg[0][31]/D
  -------------------------------------------------------------------    -------------------

                         (clock clk_pl_0 rise edge)
                                                      0.000     0.000 r  
    PS8_X0Y0             PS8                          0.000     0.000 r  array_block_i/zynq_ultra_ps_e_0/inst/PS8_i/PLCLK[0]
                         net (fo=1, routed)           0.181     0.181    array_block_i/zynq_ultra_ps_e_0/inst/pl_clk_unbuffered[0]
    BUFG_PS_X0Y80        BUFG_PS (Prop_BUFG_PS_I_O)
                                                      0.035     0.216 r  array_block_i/zynq_ultra_ps_e_0/inst/buffer_pl_clk_0.PL_CLK_0_BUFG/O
    X0Y1 (CLOCK_ROOT)    net (fo=3425, routed)        1.892     2.108    array_block_i/axi_gpio_0/U0/gpio_core_1/Dual.INPUT_DOUBLE_REGS5/dest_clk
    SLICE_X2Y105         FDRE                                         r  array_block_i/axi_gpio_0/U0/gpio_core_1/Dual.INPUT_DOUBLE_REGS5/syncstages_ff_reg[0][31]/C

Slack:                    inf
  Source:                 array_block_i/array_top_0/inst/u_matmul/ROW[0].COL[3].u_pe/u_mac/acc_reg/psum_out_reg[26]/C
                            (rising edge-triggered cell FDCE clocked by clk_pl_0  {rise@0.000ns fall@5.000ns period=10.000ns})
  Destination:            array_block_i/axi_gpio_0/U0/gpio_core_1/Dual.INPUT_DOUBLE_REGS5/syncstages_ff_reg[0][26]/D
                            (rising edge-triggered cell FDRE clocked by clk_pl_0  {rise@0.000ns fall@5.000ns period=10.000ns})
  Path Group:             (none)
  Path Type:              Setup (Max at Slow Process Corner)
  Data Path Delay:        1.945ns  (logic 0.467ns (24.010%)  route 1.478ns (75.990%))
  Logic Levels:           3  (LUT6=1 MUXF7=1 MUXF8=1)
  Clock Path Skew:        -0.350ns (DCD - SCD + CPR)
    Destination Clock Delay (DCD):    2.100ns
    Source Clock Delay      (SCD):    2.451ns
    Clock Pessimism Removal (CPR):    0.000ns
  Clock Uncertainty:      0.160ns  ((TSJ^2 + DJ^2)^1/2) / 2 + PE
    Total System Jitter     (TSJ):    0.071ns
    Discrete Jitter          (DJ):    0.312ns
    Phase Error              (PE):    0.000ns
  Clock Net Delay (Source):      2.184ns (routing 1.045ns, distribution 1.139ns)
  Clock Net Delay (Destination): 1.884ns (routing 0.955ns, distribution 0.929ns)
  Timing Exception:       False Path

    Location             Delay type                Incr(ns)  Path(ns)    Netlist Resource(s)
  -------------------------------------------------------------------    -------------------
                         (clock clk_pl_0 rise edge)
                                                      0.000     0.000 r  
    PS8_X0Y0             PS8                          0.000     0.000 r  array_block_i/zynq_ultra_ps_e_0/inst/PS8_i/PLCLK[0]
                         net (fo=1, routed)           0.229     0.229    array_block_i/zynq_ultra_ps_e_0/inst/pl_clk_unbuffered[0]
    BUFG_PS_X0Y80        BUFG_PS (Prop_BUFG_PS_I_O)
                                                      0.038     0.267 r  array_block_i/zynq_ultra_ps_e_0/inst/buffer_pl_clk_0.PL_CLK_0_BUFG/O
    X0Y1 (CLOCK_ROOT)    net (fo=3425, routed)        2.184     2.451    array_block_i/array_top_0/inst/u_matmul/ROW[0].COL[3].u_pe/u_mac/acc_reg/clk
    SLICE_X2Y125         FDCE                                         r  array_block_i/array_top_0/inst/u_matmul/ROW[0].COL[3].u_pe/u_mac/acc_reg/psum_out_reg[26]/C
  -------------------------------------------------------------------    -------------------
    SLICE_X2Y125         FDCE (Prop_CFF2_SLICEM_C_Q)
                                                      0.114     2.565 r  array_block_i/array_top_0/inst/u_matmul/ROW[0].COL[3].u_pe/u_mac/acc_reg/psum_out_reg[26]/Q
                         net (fo=1, routed)           0.757     3.322    array_block_i/array_top_0/inst/psum_out_matrix[122]
    SLICE_X8Y130         LUT6 (Prop_H6LUT_SLICEM_I0_O)
                                                      0.228     3.550 r  array_block_i/array_top_0/inst/rd_data[26]_INST_0_i_3/O
                         net (fo=1, routed)           0.020     3.570    array_block_i/array_top_0/inst/rd_data[26]_INST_0_i_3_n_0
    SLICE_X8Y130         MUXF7 (Prop_F7MUX_GH_SLICEM_I0_O)
                                                      0.093     3.663 r  array_block_i/array_top_0/inst/rd_data[26]_INST_0_i_1/O
                         net (fo=1, routed)           0.000     3.663    array_block_i/array_top_0/inst/rd_data[26]_INST_0_i_1_n_0
    SLICE_X8Y130         MUXF8 (Prop_F8MUX_TOP_SLICEM_I0_O)
                                                      0.032     3.695 r  array_block_i/array_top_0/inst/rd_data[26]_INST_0/O
                         net (fo=1, routed)           0.701     4.396    array_block_i/axi_gpio_0/U0/gpio_core_1/Dual.INPUT_DOUBLE_REGS5/async_path_bit[26]
    SLICE_X2Y112         FDRE                                         r  array_block_i/axi_gpio_0/U0/gpio_core_1/Dual.INPUT_DOUBLE_REGS5/syncstages_ff_reg[0][26]/D
  -------------------------------------------------------------------    -------------------

                         (clock clk_pl_0 rise edge)
                                                      0.000     0.000 r  
    PS8_X0Y0             PS8                          0.000     0.000 r  array_block_i/zynq_ultra_ps_e_0/inst/PS8_i/PLCLK[0]
                         net (fo=1, routed)           0.181     0.181    array_block_i/zynq_ultra_ps_e_0/inst/pl_clk_unbuffered[0]
    BUFG_PS_X0Y80        BUFG_PS (Prop_BUFG_PS_I_O)
                                                      0.035     0.216 r  array_block_i/zynq_ultra_ps_e_0/inst/buffer_pl_clk_0.PL_CLK_0_BUFG/O
    X0Y1 (CLOCK_ROOT)    net (fo=3425, routed)        1.884     2.100    array_block_i/axi_gpio_0/U0/gpio_core_1/Dual.INPUT_DOUBLE_REGS5/dest_clk
    SLICE_X2Y112         FDRE                                         r  array_block_i/axi_gpio_0/U0/gpio_core_1/Dual.INPUT_DOUBLE_REGS5/syncstages_ff_reg[0][26]/C

Slack:                    inf
  Source:                 array_block_i/axi_gpio_0/U0/gpio_core_1/Dual.gpio_Data_Out_reg[2]/C
                            (rising edge-triggered cell FDRE clocked by clk_pl_0  {rise@0.000ns fall@5.000ns period=10.000ns})
  Destination:            array_block_i/axi_gpio_0/U0/gpio_core_1/Dual.INPUT_DOUBLE_REGS5/syncstages_ff_reg[0][18]/D
                            (rising edge-triggered cell FDRE clocked by clk_pl_0  {rise@0.000ns fall@5.000ns period=10.000ns})
  Path Group:             (none)
  Path Type:              Setup (Max at Slow Process Corner)
  Data Path Delay:        2.000ns  (logic 0.421ns (21.047%)  route 1.579ns (78.953%))
  Logic Levels:           3  (LUT6=1 MUXF7=1 MUXF8=1)
  Clock Path Skew:        -0.293ns (DCD - SCD + CPR)
    Destination Clock Delay (DCD):    2.098ns
    Source Clock Delay      (SCD):    2.392ns
    Clock Pessimism Removal (CPR):    0.000ns
  Clock Uncertainty:      0.160ns  ((TSJ^2 + DJ^2)^1/2) / 2 + PE
    Total System Jitter     (TSJ):    0.071ns
    Discrete Jitter          (DJ):    0.312ns
    Phase Error              (PE):    0.000ns
  Clock Net Delay (Source):      2.125ns (routing 1.045ns, distribution 1.080ns)
  Clock Net Delay (Destination): 1.882ns (routing 0.955ns, distribution 0.927ns)
  Timing Exception:       False Path

    Location             Delay type                Incr(ns)  Path(ns)    Netlist Resource(s)
  -------------------------------------------------------------------    -------------------
                         (clock clk_pl_0 rise edge)
                                                      0.000     0.000 r  
    PS8_X0Y0             PS8                          0.000     0.000 r  array_block_i/zynq_ultra_ps_e_0/inst/PS8_i/PLCLK[0]
                         net (fo=1, routed)           0.229     0.229    array_block_i/zynq_ultra_ps_e_0/inst/pl_clk_unbuffered[0]
    BUFG_PS_X0Y80        BUFG_PS (Prop_BUFG_PS_I_O)
                                                      0.038     0.267 r  array_block_i/zynq_ultra_ps_e_0/inst/buffer_pl_clk_0.PL_CLK_0_BUFG/O
    X0Y1 (CLOCK_ROOT)    net (fo=3425, routed)        2.125     2.392    array_block_i/axi_gpio_0/U0/gpio_core_1/s_axi_aclk
    SLICE_X3Y104         FDRE                                         r  array_block_i/axi_gpio_0/U0/gpio_core_1/Dual.gpio_Data_Out_reg[2]/C
  -------------------------------------------------------------------    -------------------
    SLICE_X3Y104         FDRE (Prop_GFF_SLICEL_C_Q)
                                                      0.114     2.506 r  array_block_i/axi_gpio_0/U0/gpio_core_1/Dual.gpio_Data_Out_reg[2]/Q
                         net (fo=129, routed)         0.939     3.445    array_block_i/array_top_0/inst/rd_addr[1]
    SLICE_X3Y125         LUT6 (Prop_H6LUT_SLICEL_I2_O)
                                                      0.188     3.633 r  array_block_i/array_top_0/inst/rd_data[18]_INST_0_i_3/O
                         net (fo=1, routed)           0.015     3.648    array_block_i/array_top_0/inst/rd_data[18]_INST_0_i_3_n_0
    SLICE_X3Y125         MUXF7 (Prop_F7MUX_GH_SLICEL_I0_O)
                                                      0.088     3.736 r  array_block_i/array_top_0/inst/rd_data[18]_INST_0_i_1/O
                         net (fo=1, routed)           0.000     3.736    array_block_i/array_top_0/inst/rd_data[18]_INST_0_i_1_n_0
    SLICE_X3Y125         MUXF8 (Prop_F8MUX_TOP_SLICEL_I0_O)
                                                      0.031     3.767 r  array_block_i/array_top_0/inst/rd_data[18]_INST_0/O
                         net (fo=1, routed)           0.625     4.392    array_block_i/axi_gpio_0/U0/gpio_core_1/Dual.INPUT_DOUBLE_REGS5/async_path_bit[18]
    SLICE_X1Y107         FDRE                                         r  array_block_i/axi_gpio_0/U0/gpio_core_1/Dual.INPUT_DOUBLE_REGS5/syncstages_ff_reg[0][18]/D
  -------------------------------------------------------------------    -------------------

                         (clock clk_pl_0 rise edge)
                                                      0.000     0.000 r  
    PS8_X0Y0             PS8                          0.000     0.000 r  array_block_i/zynq_ultra_ps_e_0/inst/PS8_i/PLCLK[0]
                         net (fo=1, routed)           0.181     0.181    array_block_i/zynq_ultra_ps_e_0/inst/pl_clk_unbuffered[0]
    BUFG_PS_X0Y80        BUFG_PS (Prop_BUFG_PS_I_O)
                                                      0.035     0.216 r  array_block_i/zynq_ultra_ps_e_0/inst/buffer_pl_clk_0.PL_CLK_0_BUFG/O
    X0Y1 (CLOCK_ROOT)    net (fo=3425, routed)        1.882     2.098    array_block_i/axi_gpio_0/U0/gpio_core_1/Dual.INPUT_DOUBLE_REGS5/dest_clk
    SLICE_X1Y107         FDRE                                         r  array_block_i/axi_gpio_0/U0/gpio_core_1/Dual.INPUT_DOUBLE_REGS5/syncstages_ff_reg[0][18]/C

Slack:                    inf
  Source:                 array_block_i/axi_gpio_0/U0/gpio_core_1/Dual.gpio_Data_Out_reg[2]/C
                            (rising edge-triggered cell FDRE clocked by clk_pl_0  {rise@0.000ns fall@5.000ns period=10.000ns})
  Destination:            array_block_i/axi_gpio_0/U0/gpio_core_1/Dual.INPUT_DOUBLE_REGS5/syncstages_ff_reg[0][21]/D
                            (rising edge-triggered cell FDRE clocked by clk_pl_0  {rise@0.000ns fall@5.000ns period=10.000ns})
  Path Group:             (none)
  Path Type:              Setup (Max at Slow Process Corner)
  Data Path Delay:        1.940ns  (logic 0.468ns (24.124%)  route 1.472ns (75.876%))
  Logic Levels:           3  (LUT6=1 MUXF7=1 MUXF8=1)
  Clock Path Skew:        -0.294ns (DCD - SCD + CPR)
    Destination Clock Delay (DCD):    2.097ns
    Source Clock Delay      (SCD):    2.392ns
    Clock Pessimism Removal (CPR):    0.000ns
  Clock Uncertainty:      0.160ns  ((TSJ^2 + DJ^2)^1/2) / 2 + PE
    Total System Jitter     (TSJ):    0.071ns
    Discrete Jitter          (DJ):    0.312ns
    Phase Error              (PE):    0.000ns
  Clock Net Delay (Source):      2.125ns (routing 1.045ns, distribution 1.080ns)
  Clock Net Delay (Destination): 1.881ns (routing 0.955ns, distribution 0.926ns)
  Timing Exception:       False Path

    Location             Delay type                Incr(ns)  Path(ns)    Netlist Resource(s)
  -------------------------------------------------------------------    -------------------
                         (clock clk_pl_0 rise edge)
                                                      0.000     0.000 r  
    PS8_X0Y0             PS8                          0.000     0.000 r  array_block_i/zynq_ultra_ps_e_0/inst/PS8_i/PLCLK[0]
                         net (fo=1, routed)           0.229     0.229    array_block_i/zynq_ultra_ps_e_0/inst/pl_clk_unbuffered[0]
    BUFG_PS_X0Y80        BUFG_PS (Prop_BUFG_PS_I_O)
                                                      0.038     0.267 r  array_block_i/zynq_ultra_ps_e_0/inst/buffer_pl_clk_0.PL_CLK_0_BUFG/O
    X0Y1 (CLOCK_ROOT)    net (fo=3425, routed)        2.125     2.392    array_block_i/axi_gpio_0/U0/gpio_core_1/s_axi_aclk
    SLICE_X3Y104         FDRE                                         r  array_block_i/axi_gpio_0/U0/gpio_core_1/Dual.gpio_Data_Out_reg[2]/C
  -------------------------------------------------------------------    -------------------
    SLICE_X3Y104         FDRE (Prop_GFF_SLICEL_C_Q)
                                                      0.114     2.506 r  array_block_i/axi_gpio_0/U0/gpio_core_1/Dual.gpio_Data_Out_reg[2]/Q
                         net (fo=129, routed)         0.953     3.459    array_block_i/array_top_0/inst/rd_addr[1]
    SLICE_X4Y126         LUT6 (Prop_F6LUT_SLICEM_I2_O)
                                                      0.224     3.683 r  array_block_i/array_top_0/inst/rd_data[21]_INST_0_i_5/O
                         net (fo=1, routed)           0.030     3.713    array_block_i/array_top_0/inst/rd_data[21]_INST_0_i_5_n_0
    SLICE_X4Y126         MUXF7 (Prop_F7MUX_EF_SLICEM_I0_O)
                                                      0.097     3.810 r  array_block_i/array_top_0/inst/rd_data[21]_INST_0_i_2/O
                         net (fo=1, routed)           0.000     3.810    array_block_i/array_top_0/inst/rd_data[21]_INST_0_i_2_n_0
    SLICE_X4Y126         MUXF8 (Prop_F8MUX_TOP_SLICEM_I1_O)
                                                      0.033     3.843 r  array_block_i/array_top_0/inst/rd_data[21]_INST_0/O
                         net (fo=1, routed)           0.489     4.332    array_block_i/axi_gpio_0/U0/gpio_core_1/Dual.INPUT_DOUBLE_REGS5/async_path_bit[21]
    SLICE_X4Y108         FDRE                                         r  array_block_i/axi_gpio_0/U0/gpio_core_1/Dual.INPUT_DOUBLE_REGS5/syncstages_ff_reg[0][21]/D
  -------------------------------------------------------------------    -------------------

                         (clock clk_pl_0 rise edge)
                                                      0.000     0.000 r  
    PS8_X0Y0             PS8                          0.000     0.000 r  array_block_i/zynq_ultra_ps_e_0/inst/PS8_i/PLCLK[0]
                         net (fo=1, routed)           0.181     0.181    array_block_i/zynq_ultra_ps_e_0/inst/pl_clk_unbuffered[0]
    BUFG_PS_X0Y80        BUFG_PS (Prop_BUFG_PS_I_O)
                                                      0.035     0.216 r  array_block_i/zynq_ultra_ps_e_0/inst/buffer_pl_clk_0.PL_CLK_0_BUFG/O
    X0Y1 (CLOCK_ROOT)    net (fo=3425, routed)        1.881     2.097    array_block_i/axi_gpio_0/U0/gpio_core_1/Dual.INPUT_DOUBLE_REGS5/dest_clk
    SLICE_X4Y108         FDRE                                         r  array_block_i/axi_gpio_0/U0/gpio_core_1/Dual.INPUT_DOUBLE_REGS5/syncstages_ff_reg[0][21]/C

Slack:                    inf
  Source:                 array_block_i/axi_gpio_0/U0/gpio_core_1/Dual.gpio_Data_Out_reg[1]/C
                            (rising edge-triggered cell FDRE clocked by clk_pl_0  {rise@0.000ns fall@5.000ns period=10.000ns})
  Destination:            array_block_i/axi_gpio_0/U0/gpio_core_1/Dual.INPUT_DOUBLE_REGS5/syncstages_ff_reg[0][13]/D
                            (rising edge-triggered cell FDRE clocked by clk_pl_0  {rise@0.000ns fall@5.000ns period=10.000ns})
  Path Group:             (none)
  Path Type:              Setup (Max at Slow Process Corner)
  Data Path Delay:        1.911ns  (logic 0.249ns (13.030%)  route 1.662ns (86.970%))
  Logic Levels:           2  (MUXF7=1 MUXF8=1)
  Clock Path Skew:        -0.230ns (DCD - SCD + CPR)
    Destination Clock Delay (DCD):    2.161ns
    Source Clock Delay      (SCD):    2.392ns
    Clock Pessimism Removal (CPR):    0.000ns
  Clock Uncertainty:      0.160ns  ((TSJ^2 + DJ^2)^1/2) / 2 + PE
    Total System Jitter     (TSJ):    0.071ns
    Discrete Jitter          (DJ):    0.312ns
    Phase Error              (PE):    0.000ns
  Clock Net Delay (Source):      2.125ns (routing 1.045ns, distribution 1.080ns)
  Clock Net Delay (Destination): 1.945ns (routing 0.955ns, distribution 0.990ns)
  Timing Exception:       False Path

    Location             Delay type                Incr(ns)  Path(ns)    Netlist Resource(s)
  -------------------------------------------------------------------    -------------------
                         (clock clk_pl_0 rise edge)
                                                      0.000     0.000 r  
    PS8_X0Y0             PS8                          0.000     0.000 r  array_block_i/zynq_ultra_ps_e_0/inst/PS8_i/PLCLK[0]
                         net (fo=1, routed)           0.229     0.229    array_block_i/zynq_ultra_ps_e_0/inst/pl_clk_unbuffered[0]
    BUFG_PS_X0Y80        BUFG_PS (Prop_BUFG_PS_I_O)
                                                      0.038     0.267 r  array_block_i/zynq_ultra_ps_e_0/inst/buffer_pl_clk_0.PL_CLK_0_BUFG/O
    X0Y1 (CLOCK_ROOT)    net (fo=3425, routed)        2.125     2.392    array_block_i/axi_gpio_0/U0/gpio_core_1/s_axi_aclk
    SLICE_X3Y105         FDRE                                         r  array_block_i/axi_gpio_0/U0/gpio_core_1/Dual.gpio_Data_Out_reg[1]/C
  -------------------------------------------------------------------    -------------------
    SLICE_X3Y105         FDRE (Prop_HFF_SLICEL_C_Q)
                                                      0.113     2.505 r  array_block_i/axi_gpio_0/U0/gpio_core_1/Dual.gpio_Data_Out_reg[1]/Q
                         net (fo=65, routed)          1.119     3.624    array_block_i/array_top_0/inst/rd_addr[2]
    SLICE_X4Y123         MUXF7 (Prop_F7MUX_AB_SLICEM_S_O)
                                                      0.103     3.727 r  array_block_i/array_top_0/inst/rd_data[13]_INST_0_i_2/O
                         net (fo=1, routed)           0.000     3.727    array_block_i/array_top_0/inst/rd_data[13]_INST_0_i_2_n_0
    SLICE_X4Y123         MUXF8 (Prop_F8MUX_BOT_SLICEM_I1_O)
                                                      0.033     3.760 r  array_block_i/array_top_0/inst/rd_data[13]_INST_0/O
                         net (fo=1, routed)           0.543     4.303    array_block_i/axi_gpio_0/U0/gpio_core_1/Dual.INPUT_DOUBLE_REGS5/async_path_bit[13]
    SLICE_X5Y120         FDRE                                         r  array_block_i/axi_gpio_0/U0/gpio_core_1/Dual.INPUT_DOUBLE_REGS5/syncstages_ff_reg[0][13]/D
  -------------------------------------------------------------------    -------------------

                         (clock clk_pl_0 rise edge)
                                                      0.000     0.000 r  
    PS8_X0Y0             PS8                          0.000     0.000 r  array_block_i/zynq_ultra_ps_e_0/inst/PS8_i/PLCLK[0]
                         net (fo=1, routed)           0.181     0.181    array_block_i/zynq_ultra_ps_e_0/inst/pl_clk_unbuffered[0]
    BUFG_PS_X0Y80        BUFG_PS (Prop_BUFG_PS_I_O)
                                                      0.035     0.216 r  array_block_i/zynq_ultra_ps_e_0/inst/buffer_pl_clk_0.PL_CLK_0_BUFG/O
    X0Y1 (CLOCK_ROOT)    net (fo=3425, routed)        1.945     2.161    array_block_i/axi_gpio_0/U0/gpio_core_1/Dual.INPUT_DOUBLE_REGS5/dest_clk
    SLICE_X5Y120         FDRE                                         r  array_block_i/axi_gpio_0/U0/gpio_core_1/Dual.INPUT_DOUBLE_REGS5/syncstages_ff_reg[0][13]/C

Slack:                    inf
  Source:                 array_block_i/axi_gpio_0/U0/gpio_core_1/Dual.gpio_Data_Out_reg[2]/C
                            (rising edge-triggered cell FDRE clocked by clk_pl_0  {rise@0.000ns fall@5.000ns period=10.000ns})
  Destination:            array_block_i/axi_gpio_0/U0/gpio_core_1/Dual.INPUT_DOUBLE_REGS5/syncstages_ff_reg[0][16]/D
                            (rising edge-triggered cell FDRE clocked by clk_pl_0  {rise@0.000ns fall@5.000ns period=10.000ns})
  Path Group:             (none)
  Path Type:              Setup (Max at Slow Process Corner)
  Data Path Delay:        1.905ns  (logic 0.420ns (22.053%)  route 1.485ns (77.947%))
  Logic Levels:           3  (LUT6=1 MUXF7=1 MUXF8=1)
  Clock Path Skew:        -0.295ns (DCD - SCD + CPR)
    Destination Clock Delay (DCD):    2.096ns
    Source Clock Delay      (SCD):    2.392ns
    Clock Pessimism Removal (CPR):    0.000ns
  Clock Uncertainty:      0.160ns  ((TSJ^2 + DJ^2)^1/2) / 2 + PE
    Total System Jitter     (TSJ):    0.071ns
    Discrete Jitter          (DJ):    0.312ns
    Phase Error              (PE):    0.000ns
  Clock Net Delay (Source):      2.125ns (routing 1.045ns, distribution 1.080ns)
  Clock Net Delay (Destination): 1.880ns (routing 0.955ns, distribution 0.925ns)
  Timing Exception:       False Path

    Location             Delay type                Incr(ns)  Path(ns)    Netlist Resource(s)
  -------------------------------------------------------------------    -------------------
                         (clock clk_pl_0 rise edge)
                                                      0.000     0.000 r  
    PS8_X0Y0             PS8                          0.000     0.000 r  array_block_i/zynq_ultra_ps_e_0/inst/PS8_i/PLCLK[0]
                         net (fo=1, routed)           0.229     0.229    array_block_i/zynq_ultra_ps_e_0/inst/pl_clk_unbuffered[0]
    BUFG_PS_X0Y80        BUFG_PS (Prop_BUFG_PS_I_O)
                                                      0.038     0.267 r  array_block_i/zynq_ultra_ps_e_0/inst/buffer_pl_clk_0.PL_CLK_0_BUFG/O
    X0Y1 (CLOCK_ROOT)    net (fo=3425, routed)        2.125     2.392    array_block_i/axi_gpio_0/U0/gpio_core_1/s_axi_aclk
    SLICE_X3Y104         FDRE                                         r  array_block_i/axi_gpio_0/U0/gpio_core_1/Dual.gpio_Data_Out_reg[2]/C
  -------------------------------------------------------------------    -------------------
    SLICE_X3Y104         FDRE (Prop_GFF_SLICEL_C_Q)
                                                      0.114     2.506 r  array_block_i/axi_gpio_0/U0/gpio_core_1/Dual.gpio_Data_Out_reg[2]/Q
                         net (fo=129, routed)         0.870     3.375    array_block_i/array_top_0/inst/rd_addr[1]
    SLICE_X3Y123         LUT6 (Prop_A6LUT_SLICEL_I2_O)
                                                      0.188     3.563 r  array_block_i/array_top_0/inst/rd_data[16]_INST_0_i_6/O
                         net (fo=1, routed)           0.014     3.577    array_block_i/array_top_0/inst/rd_data[16]_INST_0_i_6_n_0
    SLICE_X3Y123         MUXF7 (Prop_F7MUX_AB_SLICEL_I1_O)
                                                      0.088     3.665 r  array_block_i/array_top_0/inst/rd_data[16]_INST_0_i_2/O
                         net (fo=1, routed)           0.000     3.665    array_block_i/array_top_0/inst/rd_data[16]_INST_0_i_2_n_0
    SLICE_X3Y123         MUXF8 (Prop_F8MUX_BOT_SLICEL_I1_O)
                                                      0.030     3.695 r  array_block_i/array_top_0/inst/rd_data[16]_INST_0/O
                         net (fo=1, routed)           0.601     4.296    array_block_i/axi_gpio_0/U0/gpio_core_1/Dual.INPUT_DOUBLE_REGS5/async_path_bit[16]
    SLICE_X0Y104         FDRE                                         r  array_block_i/axi_gpio_0/U0/gpio_core_1/Dual.INPUT_DOUBLE_REGS5/syncstages_ff_reg[0][16]/D
  -------------------------------------------------------------------    -------------------

                         (clock clk_pl_0 rise edge)
                                                      0.000     0.000 r  
    PS8_X0Y0             PS8                          0.000     0.000 r  array_block_i/zynq_ultra_ps_e_0/inst/PS8_i/PLCLK[0]
                         net (fo=1, routed)           0.181     0.181    array_block_i/zynq_ultra_ps_e_0/inst/pl_clk_unbuffered[0]
    BUFG_PS_X0Y80        BUFG_PS (Prop_BUFG_PS_I_O)
                                                      0.035     0.216 r  array_block_i/zynq_ultra_ps_e_0/inst/buffer_pl_clk_0.PL_CLK_0_BUFG/O
    X0Y1 (CLOCK_ROOT)    net (fo=3425, routed)        1.880     2.096    array_block_i/axi_gpio_0/U0/gpio_core_1/Dual.INPUT_DOUBLE_REGS5/dest_clk
    SLICE_X0Y104         FDRE                                         r  array_block_i/axi_gpio_0/U0/gpio_core_1/Dual.INPUT_DOUBLE_REGS5/syncstages_ff_reg[0][16]/C





Min Delay Paths
--------------------------------------------------------------------------------------
Slack:                    inf
  Source:                 array_block_i/smartconnect_0/inst/clk_map/psr_aclk/U0/ACTIVE_LOW_BSR_OUT_DFF[0].FDRE_BSR_N/C
                            (rising edge-triggered cell FDRE clocked by clk_pl_0  {rise@0.000ns fall@5.000ns period=10.000ns})
  Destination:            array_block_i/smartconnect_0/inst/s00_entry_pipeline/s00_mmu/inst/xpm_cdc_async_rst_inst/arststages_ff_reg[0]/CLR
                            (removal check against rising-edge clock clk_pl_0  {rise@0.000ns fall@5.000ns period=10.000ns})
  Path Group:             (none)
  Path Type:              Removal (Min at Fast Process Corner)
  Data Path Delay:        0.263ns  (logic 0.084ns (31.918%)  route 0.179ns (68.082%))
  Logic Levels:           0  
  Clock Path Skew:        0.126ns (DCD - SCD - CPR)
    Destination Clock Delay (DCD):    1.427ns
    Source Clock Delay      (SCD):    1.302ns
    Clock Pessimism Removal (CPR):    -0.000ns
  Clock Uncertainty:      0.160ns  ((TSJ^2 + DJ^2)^1/2) / 2 + PE
    Total System Jitter     (TSJ):    0.071ns
    Discrete Jitter          (DJ):    0.312ns
    Phase Error              (PE):    0.000ns
  Clock Net Delay (Source):      1.151ns (routing 0.572ns, distribution 0.579ns)
  Clock Net Delay (Destination): 1.240ns (routing 0.623ns, distribution 0.617ns)
  Timing Exception:       False Path

    Location             Delay type                Incr(ns)  Path(ns)    Netlist Resource(s)
  -------------------------------------------------------------------    -------------------
                         (clock clk_pl_0 rise edge)
                                                      0.000     0.000 r  
    PS8_X0Y0             PS8                          0.000     0.000 r  array_block_i/zynq_ultra_ps_e_0/inst/PS8_i/PLCLK[0]
                         net (fo=1, routed)           0.129     0.129    array_block_i/zynq_ultra_ps_e_0/inst/pl_clk_unbuffered[0]
    BUFG_PS_X0Y80        BUFG_PS (Prop_BUFG_PS_I_O)
                                                      0.022     0.151 r  array_block_i/zynq_ultra_ps_e_0/inst/buffer_pl_clk_0.PL_CLK_0_BUFG/O
    X0Y1 (CLOCK_ROOT)    net (fo=3425, routed)        1.151     1.302    array_block_i/smartconnect_0/inst/clk_map/psr_aclk/U0/aclk
    SLICE_X9Y109         FDRE                                         r  array_block_i/smartconnect_0/inst/clk_map/psr_aclk/U0/ACTIVE_LOW_BSR_OUT_DFF[0].FDRE_BSR_N/C
  -------------------------------------------------------------------    -------------------
    SLICE_X9Y109         FDRE (Prop_HFF_SLICEL_C_Q)
                                                      0.084     1.386 r  array_block_i/smartconnect_0/inst/clk_map/psr_aclk/U0/ACTIVE_LOW_BSR_OUT_DFF[0].FDRE_BSR_N/Q
                         net (fo=57, routed)          0.179     1.565    array_block_i/smartconnect_0/inst/s00_entry_pipeline/s00_mmu/inst/xpm_cdc_async_rst_inst/src_arst
    SLICE_X7Y93          FDCE                                         f  array_block_i/smartconnect_0/inst/s00_entry_pipeline/s00_mmu/inst/xpm_cdc_async_rst_inst/arststages_ff_reg[0]/CLR  (IS_INVERTED)
  -------------------------------------------------------------------    -------------------

                         (clock clk_pl_0 rise edge)
                                                      0.000     0.000 r  
    PS8_X0Y0             PS8                          0.000     0.000 r  array_block_i/zynq_ultra_ps_e_0/inst/PS8_i/PLCLK[0]
                         net (fo=1, routed)           0.164     0.164    array_block_i/zynq_ultra_ps_e_0/inst/pl_clk_unbuffered[0]
    BUFG_PS_X0Y80        BUFG_PS (Prop_BUFG_PS_I_O)
                                                      0.023     0.187 r  array_block_i/zynq_ultra_ps_e_0/inst/buffer_pl_clk_0.PL_CLK_0_BUFG/O
    X0Y1 (CLOCK_ROOT)    net (fo=3425, routed)        1.240     1.427    array_block_i/smartconnect_0/inst/s00_entry_pipeline/s00_mmu/inst/xpm_cdc_async_rst_inst/dest_clk
    SLICE_X7Y93          FDCE                                         r  array_block_i/smartconnect_0/inst/s00_entry_pipeline/s00_mmu/inst/xpm_cdc_async_rst_inst/arststages_ff_reg[0]/C

Slack:                    inf
  Source:                 array_block_i/smartconnect_0/inst/clk_map/psr_aclk/U0/ACTIVE_LOW_BSR_OUT_DFF[0].FDRE_BSR_N/C
                            (rising edge-triggered cell FDRE clocked by clk_pl_0  {rise@0.000ns fall@5.000ns period=10.000ns})
  Destination:            array_block_i/smartconnect_0/inst/s00_entry_pipeline/s00_mmu/inst/xpm_cdc_async_rst_inst/arststages_ff_reg[1]/CLR
                            (removal check against rising-edge clock clk_pl_0  {rise@0.000ns fall@5.000ns period=10.000ns})
  Path Group:             (none)
  Path Type:              Removal (Min at Fast Process Corner)
  Data Path Delay:        0.263ns  (logic 0.084ns (31.918%)  route 0.179ns (68.082%))
  Logic Levels:           0  
  Clock Path Skew:        0.126ns (DCD - SCD - CPR)
    Destination Clock Delay (DCD):    1.427ns
    Source Clock Delay      (SCD):    1.302ns
    Clock Pessimism Removal (CPR):    -0.000ns
  Clock Uncertainty:      0.160ns  ((TSJ^2 + DJ^2)^1/2) / 2 + PE
    Total System Jitter     (TSJ):    0.071ns
    Discrete Jitter          (DJ):    0.312ns
    Phase Error              (PE):    0.000ns
  Clock Net Delay (Source):      1.151ns (routing 0.572ns, distribution 0.579ns)
  Clock Net Delay (Destination): 1.240ns (routing 0.623ns, distribution 0.617ns)
  Timing Exception:       False Path

    Location             Delay type                Incr(ns)  Path(ns)    Netlist Resource(s)
  -------------------------------------------------------------------    -------------------
                         (clock clk_pl_0 rise edge)
                                                      0.000     0.000 r  
    PS8_X0Y0             PS8                          0.000     0.000 r  array_block_i/zynq_ultra_ps_e_0/inst/PS8_i/PLCLK[0]
                         net (fo=1, routed)           0.129     0.129    array_block_i/zynq_ultra_ps_e_0/inst/pl_clk_unbuffered[0]
    BUFG_PS_X0Y80        BUFG_PS (Prop_BUFG_PS_I_O)
                                                      0.022     0.151 r  array_block_i/zynq_ultra_ps_e_0/inst/buffer_pl_clk_0.PL_CLK_0_BUFG/O
    X0Y1 (CLOCK_ROOT)    net (fo=3425, routed)        1.151     1.302    array_block_i/smartconnect_0/inst/clk_map/psr_aclk/U0/aclk
    SLICE_X9Y109         FDRE                                         r  array_block_i/smartconnect_0/inst/clk_map/psr_aclk/U0/ACTIVE_LOW_BSR_OUT_DFF[0].FDRE_BSR_N/C
  -------------------------------------------------------------------    -------------------
    SLICE_X9Y109         FDRE (Prop_HFF_SLICEL_C_Q)
                                                      0.084     1.386 r  array_block_i/smartconnect_0/inst/clk_map/psr_aclk/U0/ACTIVE_LOW_BSR_OUT_DFF[0].FDRE_BSR_N/Q
                         net (fo=57, routed)          0.179     1.565    array_block_i/smartconnect_0/inst/s00_entry_pipeline/s00_mmu/inst/xpm_cdc_async_rst_inst/src_arst
    SLICE_X7Y93          FDCE                                         f  array_block_i/smartconnect_0/inst/s00_entry_pipeline/s00_mmu/inst/xpm_cdc_async_rst_inst/arststages_ff_reg[1]/CLR  (IS_INVERTED)
  -------------------------------------------------------------------    -------------------

                         (clock clk_pl_0 rise edge)
                                                      0.000     0.000 r  
    PS8_X0Y0             PS8                          0.000     0.000 r  array_block_i/zynq_ultra_ps_e_0/inst/PS8_i/PLCLK[0]
                         net (fo=1, routed)           0.164     0.164    array_block_i/zynq_ultra_ps_e_0/inst/pl_clk_unbuffered[0]
    BUFG_PS_X0Y80        BUFG_PS (Prop_BUFG_PS_I_O)
                                                      0.023     0.187 r  array_block_i/zynq_ultra_ps_e_0/inst/buffer_pl_clk_0.PL_CLK_0_BUFG/O
    X0Y1 (CLOCK_ROOT)    net (fo=3425, routed)        1.240     1.427    array_block_i/smartconnect_0/inst/s00_entry_pipeline/s00_mmu/inst/xpm_cdc_async_rst_inst/dest_clk
    SLICE_X7Y93          FDCE                                         r  array_block_i/smartconnect_0/inst/s00_entry_pipeline/s00_mmu/inst/xpm_cdc_async_rst_inst/arststages_ff_reg[1]/C

Slack:                    inf
  Source:                 array_block_i/smartconnect_0/inst/clk_map/psr_aclk/U0/ACTIVE_LOW_BSR_OUT_DFF[0].FDRE_BSR_N/C
                            (rising edge-triggered cell FDRE clocked by clk_pl_0  {rise@0.000ns fall@5.000ns period=10.000ns})
  Destination:            array_block_i/smartconnect_0/inst/s00_entry_pipeline/s00_mmu/inst/xpm_cdc_async_rst_inst/arststages_ff_reg[2]/CLR
                            (removal check against rising-edge clock clk_pl_0  {rise@0.000ns fall@5.000ns period=10.000ns})
  Path Group:             (none)
  Path Type:              Removal (Min at Fast Process Corner)
  Data Path Delay:        0.263ns  (logic 0.084ns (31.918%)  route 0.179ns (68.082%))
  Logic Levels:           0  
  Clock Path Skew:        0.126ns (DCD - SCD - CPR)
    Destination Clock Delay (DCD):    1.427ns
    Source Clock Delay      (SCD):    1.302ns
    Clock Pessimism Removal (CPR):    -0.000ns
  Clock Uncertainty:      0.160ns  ((TSJ^2 + DJ^2)^1/2) / 2 + PE
    Total System Jitter     (TSJ):    0.071ns
    Discrete Jitter          (DJ):    0.312ns
    Phase Error              (PE):    0.000ns
  Clock Net Delay (Source):      1.151ns (routing 0.572ns, distribution 0.579ns)
  Clock Net Delay (Destination): 1.240ns (routing 0.623ns, distribution 0.617ns)
  Timing Exception:       False Path

    Location             Delay type                Incr(ns)  Path(ns)    Netlist Resource(s)
  -------------------------------------------------------------------    -------------------
                         (clock clk_pl_0 rise edge)
                                                      0.000     0.000 r  
    PS8_X0Y0             PS8                          0.000     0.000 r  array_block_i/zynq_ultra_ps_e_0/inst/PS8_i/PLCLK[0]
                         net (fo=1, routed)           0.129     0.129    array_block_i/zynq_ultra_ps_e_0/inst/pl_clk_unbuffered[0]
    BUFG_PS_X0Y80        BUFG_PS (Prop_BUFG_PS_I_O)
                                                      0.022     0.151 r  array_block_i/zynq_ultra_ps_e_0/inst/buffer_pl_clk_0.PL_CLK_0_BUFG/O
    X0Y1 (CLOCK_ROOT)    net (fo=3425, routed)        1.151     1.302    array_block_i/smartconnect_0/inst/clk_map/psr_aclk/U0/aclk
    SLICE_X9Y109         FDRE                                         r  array_block_i/smartconnect_0/inst/clk_map/psr_aclk/U0/ACTIVE_LOW_BSR_OUT_DFF[0].FDRE_BSR_N/C
  -------------------------------------------------------------------    -------------------
    SLICE_X9Y109         FDRE (Prop_HFF_SLICEL_C_Q)
                                                      0.084     1.386 r  array_block_i/smartconnect_0/inst/clk_map/psr_aclk/U0/ACTIVE_LOW_BSR_OUT_DFF[0].FDRE_BSR_N/Q
                         net (fo=57, routed)          0.179     1.565    array_block_i/smartconnect_0/inst/s00_entry_pipeline/s00_mmu/inst/xpm_cdc_async_rst_inst/src_arst
    SLICE_X7Y93          FDCE                                         f  array_block_i/smartconnect_0/inst/s00_entry_pipeline/s00_mmu/inst/xpm_cdc_async_rst_inst/arststages_ff_reg[2]/CLR  (IS_INVERTED)
  -------------------------------------------------------------------    -------------------

                         (clock clk_pl_0 rise edge)
                                                      0.000     0.000 r  
    PS8_X0Y0             PS8                          0.000     0.000 r  array_block_i/zynq_ultra_ps_e_0/inst/PS8_i/PLCLK[0]
                         net (fo=1, routed)           0.164     0.164    array_block_i/zynq_ultra_ps_e_0/inst/pl_clk_unbuffered[0]
    BUFG_PS_X0Y80        BUFG_PS (Prop_BUFG_PS_I_O)
                                                      0.023     0.187 r  array_block_i/zynq_ultra_ps_e_0/inst/buffer_pl_clk_0.PL_CLK_0_BUFG/O
    X0Y1 (CLOCK_ROOT)    net (fo=3425, routed)        1.240     1.427    array_block_i/smartconnect_0/inst/s00_entry_pipeline/s00_mmu/inst/xpm_cdc_async_rst_inst/dest_clk
    SLICE_X7Y93          FDCE                                         r  array_block_i/smartconnect_0/inst/s00_entry_pipeline/s00_mmu/inst/xpm_cdc_async_rst_inst/arststages_ff_reg[2]/C

Slack:                    inf
  Source:                 array_block_i/smartconnect_0/inst/clk_map/psr_aclk/U0/ACTIVE_LOW_BSR_OUT_DFF[0].FDRE_BSR_N/C
                            (rising edge-triggered cell FDRE clocked by clk_pl_0  {rise@0.000ns fall@5.000ns period=10.000ns})
  Destination:            array_block_i/smartconnect_0/inst/switchboards/i_nodes/i_ar_node/inst/s_sc_xpm_cdc_async_rst_inst/arststages_ff_reg[0]/CLR
                            (removal check against rising-edge clock clk_pl_0  {rise@0.000ns fall@5.000ns period=10.000ns})
  Path Group:             (none)
  Path Type:              Removal (Min at Fast Process Corner)
  Data Path Delay:        0.263ns  (logic 0.084ns (31.906%)  route 0.179ns (68.094%))
  Logic Levels:           0  
  Clock Path Skew:        0.159ns (DCD - SCD - CPR)
    Destination Clock Delay (DCD):    1.460ns
    Source Clock Delay      (SCD):    1.302ns
    Clock Pessimism Removal (CPR):    -0.000ns
  Clock Uncertainty:      0.160ns  ((TSJ^2 + DJ^2)^1/2) / 2 + PE
    Total System Jitter     (TSJ):    0.071ns
    Discrete Jitter          (DJ):    0.312ns
    Phase Error              (PE):    0.000ns
  Clock Net Delay (Source):      1.151ns (routing 0.572ns, distribution 0.579ns)
  Clock Net Delay (Destination): 1.273ns (routing 0.623ns, distribution 0.650ns)
  Timing Exception:       False Path

    Location             Delay type                Incr(ns)  Path(ns)    Netlist Resource(s)
  -------------------------------------------------------------------    -------------------
                         (clock clk_pl_0 rise edge)
                                                      0.000     0.000 r  
    PS8_X0Y0             PS8                          0.000     0.000 r  array_block_i/zynq_ultra_ps_e_0/inst/PS8_i/PLCLK[0]
                         net (fo=1, routed)           0.129     0.129    array_block_i/zynq_ultra_ps_e_0/inst/pl_clk_unbuffered[0]
    BUFG_PS_X0Y80        BUFG_PS (Prop_BUFG_PS_I_O)
                                                      0.022     0.151 r  array_block_i/zynq_ultra_ps_e_0/inst/buffer_pl_clk_0.PL_CLK_0_BUFG/O
    X0Y1 (CLOCK_ROOT)    net (fo=3425, routed)        1.151     1.302    array_block_i/smartconnect_0/inst/clk_map/psr_aclk/U0/aclk
    SLICE_X9Y109         FDRE                                         r  array_block_i/smartconnect_0/inst/clk_map/psr_aclk/U0/ACTIVE_LOW_BSR_OUT_DFF[0].FDRE_BSR_N/C
  -------------------------------------------------------------------    -------------------
    SLICE_X9Y109         FDRE (Prop_HFF_SLICEL_C_Q)
                                                      0.084     1.386 r  array_block_i/smartconnect_0/inst/clk_map/psr_aclk/U0/ACTIVE_LOW_BSR_OUT_DFF[0].FDRE_BSR_N/Q
                         net (fo=57, routed)          0.179     1.565    array_block_i/smartconnect_0/inst/switchboards/i_nodes/i_ar_node/inst/s_sc_xpm_cdc_async_rst_inst/src_arst
    SLICE_X12Y109        FDCE                                         f  array_block_i/smartconnect_0/inst/switchboards/i_nodes/i_ar_node/inst/s_sc_xpm_cdc_async_rst_inst/arststages_ff_reg[0]/CLR  (IS_INVERTED)
  -------------------------------------------------------------------    -------------------

                         (clock clk_pl_0 rise edge)
                                                      0.000     0.000 r  
    PS8_X0Y0             PS8                          0.000     0.000 r  array_block_i/zynq_ultra_ps_e_0/inst/PS8_i/PLCLK[0]
                         net (fo=1, routed)           0.164     0.164    array_block_i/zynq_ultra_ps_e_0/inst/pl_clk_unbuffered[0]
    BUFG_PS_X0Y80        BUFG_PS (Prop_BUFG_PS_I_O)
                                                      0.023     0.187 r  array_block_i/zynq_ultra_ps_e_0/inst/buffer_pl_clk_0.PL_CLK_0_BUFG/O
    X0Y1 (CLOCK_ROOT)    net (fo=3425, routed)        1.273     1.460    array_block_i/smartconnect_0/inst/switchboards/i_nodes/i_ar_node/inst/s_sc_xpm_cdc_async_rst_inst/dest_clk
    SLICE_X12Y109        FDCE                                         r  array_block_i/smartconnect_0/inst/switchboards/i_nodes/i_ar_node/inst/s_sc_xpm_cdc_async_rst_inst/arststages_ff_reg[0]/C

Slack:                    inf
  Source:                 array_block_i/smartconnect_0/inst/clk_map/psr_aclk/U0/ACTIVE_LOW_BSR_OUT_DFF[0].FDRE_BSR_N/C
                            (rising edge-triggered cell FDRE clocked by clk_pl_0  {rise@0.000ns fall@5.000ns period=10.000ns})
  Destination:            array_block_i/smartconnect_0/inst/switchboards/i_nodes/i_ar_node/inst/s_sc_xpm_cdc_async_rst_inst/arststages_ff_reg[1]/CLR
                            (removal check against rising-edge clock clk_pl_0  {rise@0.000ns fall@5.000ns period=10.000ns})
  Path Group:             (none)
  Path Type:              Removal (Min at Fast Process Corner)
  Data Path Delay:        0.263ns  (logic 0.084ns (31.906%)  route 0.179ns (68.094%))
  Logic Levels:           0  
  Clock Path Skew:        0.159ns (DCD - SCD - CPR)
    Destination Clock Delay (DCD):    1.460ns
    Source Clock Delay      (SCD):    1.302ns
    Clock Pessimism Removal (CPR):    -0.000ns
  Clock Uncertainty:      0.160ns  ((TSJ^2 + DJ^2)^1/2) / 2 + PE
    Total System Jitter     (TSJ):    0.071ns
    Discrete Jitter          (DJ):    0.312ns
    Phase Error              (PE):    0.000ns
  Clock Net Delay (Source):      1.151ns (routing 0.572ns, distribution 0.579ns)
  Clock Net Delay (Destination): 1.273ns (routing 0.623ns, distribution 0.650ns)
  Timing Exception:       False Path

    Location             Delay type                Incr(ns)  Path(ns)    Netlist Resource(s)
  -------------------------------------------------------------------    -------------------
                         (clock clk_pl_0 rise edge)
                                                      0.000     0.000 r  
    PS8_X0Y0             PS8                          0.000     0.000 r  array_block_i/zynq_ultra_ps_e_0/inst/PS8_i/PLCLK[0]
                         net (fo=1, routed)           0.129     0.129    array_block_i/zynq_ultra_ps_e_0/inst/pl_clk_unbuffered[0]
    BUFG_PS_X0Y80        BUFG_PS (Prop_BUFG_PS_I_O)
                                                      0.022     0.151 r  array_block_i/zynq_ultra_ps_e_0/inst/buffer_pl_clk_0.PL_CLK_0_BUFG/O
    X0Y1 (CLOCK_ROOT)    net (fo=3425, routed)        1.151     1.302    array_block_i/smartconnect_0/inst/clk_map/psr_aclk/U0/aclk
    SLICE_X9Y109         FDRE                                         r  array_block_i/smartconnect_0/inst/clk_map/psr_aclk/U0/ACTIVE_LOW_BSR_OUT_DFF[0].FDRE_BSR_N/C
  -------------------------------------------------------------------    -------------------
    SLICE_X9Y109         FDRE (Prop_HFF_SLICEL_C_Q)
                                                      0.084     1.386 r  array_block_i/smartconnect_0/inst/clk_map/psr_aclk/U0/ACTIVE_LOW_BSR_OUT_DFF[0].FDRE_BSR_N/Q
                         net (fo=57, routed)          0.179     1.565    array_block_i/smartconnect_0/inst/switchboards/i_nodes/i_ar_node/inst/s_sc_xpm_cdc_async_rst_inst/src_arst
    SLICE_X12Y109        FDCE                                         f  array_block_i/smartconnect_0/inst/switchboards/i_nodes/i_ar_node/inst/s_sc_xpm_cdc_async_rst_inst/arststages_ff_reg[1]/CLR  (IS_INVERTED)
  -------------------------------------------------------------------    -------------------

                         (clock clk_pl_0 rise edge)
                                                      0.000     0.000 r  
    PS8_X0Y0             PS8                          0.000     0.000 r  array_block_i/zynq_ultra_ps_e_0/inst/PS8_i/PLCLK[0]
                         net (fo=1, routed)           0.164     0.164    array_block_i/zynq_ultra_ps_e_0/inst/pl_clk_unbuffered[0]
    BUFG_PS_X0Y80        BUFG_PS (Prop_BUFG_PS_I_O)
                                                      0.023     0.187 r  array_block_i/zynq_ultra_ps_e_0/inst/buffer_pl_clk_0.PL_CLK_0_BUFG/O
    X0Y1 (CLOCK_ROOT)    net (fo=3425, routed)        1.273     1.460    array_block_i/smartconnect_0/inst/switchboards/i_nodes/i_ar_node/inst/s_sc_xpm_cdc_async_rst_inst/dest_clk
    SLICE_X12Y109        FDCE                                         r  array_block_i/smartconnect_0/inst/switchboards/i_nodes/i_ar_node/inst/s_sc_xpm_cdc_async_rst_inst/arststages_ff_reg[1]/C

Slack:                    inf
  Source:                 array_block_i/smartconnect_0/inst/clk_map/psr_aclk/U0/ACTIVE_LOW_BSR_OUT_DFF[0].FDRE_BSR_N/C
                            (rising edge-triggered cell FDRE clocked by clk_pl_0  {rise@0.000ns fall@5.000ns period=10.000ns})
  Destination:            array_block_i/smartconnect_0/inst/switchboards/i_nodes/i_ar_node/inst/s_sc_xpm_cdc_async_rst_inst/arststages_ff_reg[2]/CLR
                            (removal check against rising-edge clock clk_pl_0  {rise@0.000ns fall@5.000ns period=10.000ns})
  Path Group:             (none)
  Path Type:              Removal (Min at Fast Process Corner)
  Data Path Delay:        0.263ns  (logic 0.084ns (31.906%)  route 0.179ns (68.094%))
  Logic Levels:           0  
  Clock Path Skew:        0.159ns (DCD - SCD - CPR)
    Destination Clock Delay (DCD):    1.460ns
    Source Clock Delay      (SCD):    1.302ns
    Clock Pessimism Removal (CPR):    -0.000ns
  Clock Uncertainty:      0.160ns  ((TSJ^2 + DJ^2)^1/2) / 2 + PE
    Total System Jitter     (TSJ):    0.071ns
    Discrete Jitter          (DJ):    0.312ns
    Phase Error              (PE):    0.000ns
  Clock Net Delay (Source):      1.151ns (routing 0.572ns, distribution 0.579ns)
  Clock Net Delay (Destination): 1.273ns (routing 0.623ns, distribution 0.650ns)
  Timing Exception:       False Path

    Location             Delay type                Incr(ns)  Path(ns)    Netlist Resource(s)
  -------------------------------------------------------------------    -------------------
                         (clock clk_pl_0 rise edge)
                                                      0.000     0.000 r  
    PS8_X0Y0             PS8                          0.000     0.000 r  array_block_i/zynq_ultra_ps_e_0/inst/PS8_i/PLCLK[0]
                         net (fo=1, routed)           0.129     0.129    array_block_i/zynq_ultra_ps_e_0/inst/pl_clk_unbuffered[0]
    BUFG_PS_X0Y80        BUFG_PS (Prop_BUFG_PS_I_O)
                                                      0.022     0.151 r  array_block_i/zynq_ultra_ps_e_0/inst/buffer_pl_clk_0.PL_CLK_0_BUFG/O
    X0Y1 (CLOCK_ROOT)    net (fo=3425, routed)        1.151     1.302    array_block_i/smartconnect_0/inst/clk_map/psr_aclk/U0/aclk
    SLICE_X9Y109         FDRE                                         r  array_block_i/smartconnect_0/inst/clk_map/psr_aclk/U0/ACTIVE_LOW_BSR_OUT_DFF[0].FDRE_BSR_N/C
  -------------------------------------------------------------------    -------------------
    SLICE_X9Y109         FDRE (Prop_HFF_SLICEL_C_Q)
                                                      0.084     1.386 r  array_block_i/smartconnect_0/inst/clk_map/psr_aclk/U0/ACTIVE_LOW_BSR_OUT_DFF[0].FDRE_BSR_N/Q
                         net (fo=57, routed)          0.179     1.565    array_block_i/smartconnect_0/inst/switchboards/i_nodes/i_ar_node/inst/s_sc_xpm_cdc_async_rst_inst/src_arst
    SLICE_X12Y109        FDCE                                         f  array_block_i/smartconnect_0/inst/switchboards/i_nodes/i_ar_node/inst/s_sc_xpm_cdc_async_rst_inst/arststages_ff_reg[2]/CLR  (IS_INVERTED)
  -------------------------------------------------------------------    -------------------

                         (clock clk_pl_0 rise edge)
                                                      0.000     0.000 r  
    PS8_X0Y0             PS8                          0.000     0.000 r  array_block_i/zynq_ultra_ps_e_0/inst/PS8_i/PLCLK[0]
                         net (fo=1, routed)           0.164     0.164    array_block_i/zynq_ultra_ps_e_0/inst/pl_clk_unbuffered[0]
    BUFG_PS_X0Y80        BUFG_PS (Prop_BUFG_PS_I_O)
                                                      0.023     0.187 r  array_block_i/zynq_ultra_ps_e_0/inst/buffer_pl_clk_0.PL_CLK_0_BUFG/O
    X0Y1 (CLOCK_ROOT)    net (fo=3425, routed)        1.273     1.460    array_block_i/smartconnect_0/inst/switchboards/i_nodes/i_ar_node/inst/s_sc_xpm_cdc_async_rst_inst/dest_clk
    SLICE_X12Y109        FDCE                                         r  array_block_i/smartconnect_0/inst/switchboards/i_nodes/i_ar_node/inst/s_sc_xpm_cdc_async_rst_inst/arststages_ff_reg[2]/C

Slack:                    inf
  Source:                 array_block_i/smartconnect_0/inst/clk_map/psr_aclk/U0/ACTIVE_LOW_BSR_OUT_DFF[0].FDRE_BSR_N/C
                            (rising edge-triggered cell FDRE clocked by clk_pl_0  {rise@0.000ns fall@5.000ns period=10.000ns})
  Destination:            array_block_i/smartconnect_0/inst/s00_entry_pipeline/s00_transaction_regulator/inst/xpm_cdc_async_rst_inst/arststages_ff_reg[0]/CLR
                            (removal check against rising-edge clock clk_pl_0  {rise@0.000ns fall@5.000ns period=10.000ns})
  Path Group:             (none)
  Path Type:              Removal (Min at Fast Process Corner)
  Data Path Delay:        0.280ns  (logic 0.084ns (29.981%)  route 0.196ns (70.019%))
  Logic Levels:           0  
  Clock Path Skew:        0.134ns (DCD - SCD - CPR)
    Destination Clock Delay (DCD):    1.436ns
    Source Clock Delay      (SCD):    1.302ns
    Clock Pessimism Removal (CPR):    -0.000ns
  Clock Uncertainty:      0.160ns  ((TSJ^2 + DJ^2)^1/2) / 2 + PE
    Total System Jitter     (TSJ):    0.071ns
    Discrete Jitter          (DJ):    0.312ns
    Phase Error              (PE):    0.000ns
  Clock Net Delay (Source):      1.151ns (routing 0.572ns, distribution 0.579ns)
  Clock Net Delay (Destination): 1.249ns (routing 0.623ns, distribution 0.626ns)
  Timing Exception:       False Path

    Location             Delay type                Incr(ns)  Path(ns)    Netlist Resource(s)
  -------------------------------------------------------------------    -------------------
                         (clock clk_pl_0 rise edge)
                                                      0.000     0.000 r  
    PS8_X0Y0             PS8                          0.000     0.000 r  array_block_i/zynq_ultra_ps_e_0/inst/PS8_i/PLCLK[0]
                         net (fo=1, routed)           0.129     0.129    array_block_i/zynq_ultra_ps_e_0/inst/pl_clk_unbuffered[0]
    BUFG_PS_X0Y80        BUFG_PS (Prop_BUFG_PS_I_O)
                                                      0.022     0.151 r  array_block_i/zynq_ultra_ps_e_0/inst/buffer_pl_clk_0.PL_CLK_0_BUFG/O
    X0Y1 (CLOCK_ROOT)    net (fo=3425, routed)        1.151     1.302    array_block_i/smartconnect_0/inst/clk_map/psr_aclk/U0/aclk
    SLICE_X9Y109         FDRE                                         r  array_block_i/smartconnect_0/inst/clk_map/psr_aclk/U0/ACTIVE_LOW_BSR_OUT_DFF[0].FDRE_BSR_N/C
  -------------------------------------------------------------------    -------------------
    SLICE_X9Y109         FDRE (Prop_HFF_SLICEL_C_Q)
                                                      0.084     1.386 r  array_block_i/smartconnect_0/inst/clk_map/psr_aclk/U0/ACTIVE_LOW_BSR_OUT_DFF[0].FDRE_BSR_N/Q
                         net (fo=57, routed)          0.196     1.582    array_block_i/smartconnect_0/inst/s00_entry_pipeline/s00_transaction_regulator/inst/xpm_cdc_async_rst_inst/src_arst
    SLICE_X5Y93          FDCE                                         f  array_block_i/smartconnect_0/inst/s00_entry_pipeline/s00_transaction_regulator/inst/xpm_cdc_async_rst_inst/arststages_ff_reg[0]/CLR  (IS_INVERTED)
  -------------------------------------------------------------------    -------------------

                         (clock clk_pl_0 rise edge)
                                                      0.000     0.000 r  
    PS8_X0Y0             PS8                          0.000     0.000 r  array_block_i/zynq_ultra_ps_e_0/inst/PS8_i/PLCLK[0]
                         net (fo=1, routed)           0.164     0.164    array_block_i/zynq_ultra_ps_e_0/inst/pl_clk_unbuffered[0]
    BUFG_PS_X0Y80        BUFG_PS (Prop_BUFG_PS_I_O)
                                                      0.023     0.187 r  array_block_i/zynq_ultra_ps_e_0/inst/buffer_pl_clk_0.PL_CLK_0_BUFG/O
    X0Y1 (CLOCK_ROOT)    net (fo=3425, routed)        1.249     1.436    array_block_i/smartconnect_0/inst/s00_entry_pipeline/s00_transaction_regulator/inst/xpm_cdc_async_rst_inst/dest_clk
    SLICE_X5Y93          FDCE                                         r  array_block_i/smartconnect_0/inst/s00_entry_pipeline/s00_transaction_regulator/inst/xpm_cdc_async_rst_inst/arststages_ff_reg[0]/C

Slack:                    inf
  Source:                 array_block_i/smartconnect_0/inst/clk_map/psr_aclk/U0/ACTIVE_LOW_BSR_OUT_DFF[0].FDRE_BSR_N/C
                            (rising edge-triggered cell FDRE clocked by clk_pl_0  {rise@0.000ns fall@5.000ns period=10.000ns})
  Destination:            array_block_i/smartconnect_0/inst/s00_entry_pipeline/s00_transaction_regulator/inst/xpm_cdc_async_rst_inst/arststages_ff_reg[1]/CLR
                            (removal check against rising-edge clock clk_pl_0  {rise@0.000ns fall@5.000ns period=10.000ns})
  Path Group:             (none)
  Path Type:              Removal (Min at Fast Process Corner)
  Data Path Delay:        0.280ns  (logic 0.084ns (29.981%)  route 0.196ns (70.019%))
  Logic Levels:           0  
  Clock Path Skew:        0.134ns (DCD - SCD - CPR)
    Destination Clock Delay (DCD):    1.436ns
    Source Clock Delay      (SCD):    1.302ns
    Clock Pessimism Removal (CPR):    -0.000ns
  Clock Uncertainty:      0.160ns  ((TSJ^2 + DJ^2)^1/2) / 2 + PE
    Total System Jitter     (TSJ):    0.071ns
    Discrete Jitter          (DJ):    0.312ns
    Phase Error              (PE):    0.000ns
  Clock Net Delay (Source):      1.151ns (routing 0.572ns, distribution 0.579ns)
  Clock Net Delay (Destination): 1.249ns (routing 0.623ns, distribution 0.626ns)
  Timing Exception:       False Path

    Location             Delay type                Incr(ns)  Path(ns)    Netlist Resource(s)
  -------------------------------------------------------------------    -------------------
                         (clock clk_pl_0 rise edge)
                                                      0.000     0.000 r  
    PS8_X0Y0             PS8                          0.000     0.000 r  array_block_i/zynq_ultra_ps_e_0/inst/PS8_i/PLCLK[0]
                         net (fo=1, routed)           0.129     0.129    array_block_i/zynq_ultra_ps_e_0/inst/pl_clk_unbuffered[0]
    BUFG_PS_X0Y80        BUFG_PS (Prop_BUFG_PS_I_O)
                                                      0.022     0.151 r  array_block_i/zynq_ultra_ps_e_0/inst/buffer_pl_clk_0.PL_CLK_0_BUFG/O
    X0Y1 (CLOCK_ROOT)    net (fo=3425, routed)        1.151     1.302    array_block_i/smartconnect_0/inst/clk_map/psr_aclk/U0/aclk
    SLICE_X9Y109         FDRE                                         r  array_block_i/smartconnect_0/inst/clk_map/psr_aclk/U0/ACTIVE_LOW_BSR_OUT_DFF[0].FDRE_BSR_N/C
  -------------------------------------------------------------------    -------------------
    SLICE_X9Y109         FDRE (Prop_HFF_SLICEL_C_Q)
                                                      0.084     1.386 r  array_block_i/smartconnect_0/inst/clk_map/psr_aclk/U0/ACTIVE_LOW_BSR_OUT_DFF[0].FDRE_BSR_N/Q
                         net (fo=57, routed)          0.196     1.582    array_block_i/smartconnect_0/inst/s00_entry_pipeline/s00_transaction_regulator/inst/xpm_cdc_async_rst_inst/src_arst
    SLICE_X5Y93          FDCE                                         f  array_block_i/smartconnect_0/inst/s00_entry_pipeline/s00_transaction_regulator/inst/xpm_cdc_async_rst_inst/arststages_ff_reg[1]/CLR  (IS_INVERTED)
  -------------------------------------------------------------------    -------------------

                         (clock clk_pl_0 rise edge)
                                                      0.000     0.000 r  
    PS8_X0Y0             PS8                          0.000     0.000 r  array_block_i/zynq_ultra_ps_e_0/inst/PS8_i/PLCLK[0]
                         net (fo=1, routed)           0.164     0.164    array_block_i/zynq_ultra_ps_e_0/inst/pl_clk_unbuffered[0]
    BUFG_PS_X0Y80        BUFG_PS (Prop_BUFG_PS_I_O)
                                                      0.023     0.187 r  array_block_i/zynq_ultra_ps_e_0/inst/buffer_pl_clk_0.PL_CLK_0_BUFG/O
    X0Y1 (CLOCK_ROOT)    net (fo=3425, routed)        1.249     1.436    array_block_i/smartconnect_0/inst/s00_entry_pipeline/s00_transaction_regulator/inst/xpm_cdc_async_rst_inst/dest_clk
    SLICE_X5Y93          FDCE                                         r  array_block_i/smartconnect_0/inst/s00_entry_pipeline/s00_transaction_regulator/inst/xpm_cdc_async_rst_inst/arststages_ff_reg[1]/C

Slack:                    inf
  Source:                 array_block_i/smartconnect_0/inst/clk_map/psr_aclk/U0/ACTIVE_LOW_BSR_OUT_DFF[0].FDRE_BSR_N/C
                            (rising edge-triggered cell FDRE clocked by clk_pl_0  {rise@0.000ns fall@5.000ns period=10.000ns})
  Destination:            array_block_i/smartconnect_0/inst/s00_entry_pipeline/s00_transaction_regulator/inst/xpm_cdc_async_rst_inst/arststages_ff_reg[2]/CLR
                            (removal check against rising-edge clock clk_pl_0  {rise@0.000ns fall@5.000ns period=10.000ns})
  Path Group:             (none)
  Path Type:              Removal (Min at Fast Process Corner)
  Data Path Delay:        0.280ns  (logic 0.084ns (29.981%)  route 0.196ns (70.019%))
  Logic Levels:           0  
  Clock Path Skew:        0.134ns (DCD - SCD - CPR)
    Destination Clock Delay (DCD):    1.436ns
    Source Clock Delay      (SCD):    1.302ns
    Clock Pessimism Removal (CPR):    -0.000ns
  Clock Uncertainty:      0.160ns  ((TSJ^2 + DJ^2)^1/2) / 2 + PE
    Total System Jitter     (TSJ):    0.071ns
    Discrete Jitter          (DJ):    0.312ns
    Phase Error              (PE):    0.000ns
  Clock Net Delay (Source):      1.151ns (routing 0.572ns, distribution 0.579ns)
  Clock Net Delay (Destination): 1.249ns (routing 0.623ns, distribution 0.626ns)
  Timing Exception:       False Path

    Location             Delay type                Incr(ns)  Path(ns)    Netlist Resource(s)
  -------------------------------------------------------------------    -------------------
                         (clock clk_pl_0 rise edge)
                                                      0.000     0.000 r  
    PS8_X0Y0             PS8                          0.000     0.000 r  array_block_i/zynq_ultra_ps_e_0/inst/PS8_i/PLCLK[0]
                         net (fo=1, routed)           0.129     0.129    array_block_i/zynq_ultra_ps_e_0/inst/pl_clk_unbuffered[0]
    BUFG_PS_X0Y80        BUFG_PS (Prop_BUFG_PS_I_O)
                                                      0.022     0.151 r  array_block_i/zynq_ultra_ps_e_0/inst/buffer_pl_clk_0.PL_CLK_0_BUFG/O
    X0Y1 (CLOCK_ROOT)    net (fo=3425, routed)        1.151     1.302    array_block_i/smartconnect_0/inst/clk_map/psr_aclk/U0/aclk
    SLICE_X9Y109         FDRE                                         r  array_block_i/smartconnect_0/inst/clk_map/psr_aclk/U0/ACTIVE_LOW_BSR_OUT_DFF[0].FDRE_BSR_N/C
  -------------------------------------------------------------------    -------------------
    SLICE_X9Y109         FDRE (Prop_HFF_SLICEL_C_Q)
                                                      0.084     1.386 r  array_block_i/smartconnect_0/inst/clk_map/psr_aclk/U0/ACTIVE_LOW_BSR_OUT_DFF[0].FDRE_BSR_N/Q
                         net (fo=57, routed)          0.196     1.582    array_block_i/smartconnect_0/inst/s00_entry_pipeline/s00_transaction_regulator/inst/xpm_cdc_async_rst_inst/src_arst
    SLICE_X5Y93          FDCE                                         f  array_block_i/smartconnect_0/inst/s00_entry_pipeline/s00_transaction_regulator/inst/xpm_cdc_async_rst_inst/arststages_ff_reg[2]/CLR  (IS_INVERTED)
  -------------------------------------------------------------------    -------------------

                         (clock clk_pl_0 rise edge)
                                                      0.000     0.000 r  
    PS8_X0Y0             PS8                          0.000     0.000 r  array_block_i/zynq_ultra_ps_e_0/inst/PS8_i/PLCLK[0]
                         net (fo=1, routed)           0.164     0.164    array_block_i/zynq_ultra_ps_e_0/inst/pl_clk_unbuffered[0]
    BUFG_PS_X0Y80        BUFG_PS (Prop_BUFG_PS_I_O)
                                                      0.023     0.187 r  array_block_i/zynq_ultra_ps_e_0/inst/buffer_pl_clk_0.PL_CLK_0_BUFG/O
    X0Y1 (CLOCK_ROOT)    net (fo=3425, routed)        1.249     1.436    array_block_i/smartconnect_0/inst/s00_entry_pipeline/s00_transaction_regulator/inst/xpm_cdc_async_rst_inst/dest_clk
    SLICE_X5Y93          FDCE                                         r  array_block_i/smartconnect_0/inst/s00_entry_pipeline/s00_transaction_regulator/inst/xpm_cdc_async_rst_inst/arststages_ff_reg[2]/C

Slack:                    inf
  Source:                 array_block_i/smartconnect_0/inst/clk_map/psr_aclk/U0/ACTIVE_LOW_BSR_OUT_DFF[0].FDRE_BSR_N/C
                            (rising edge-triggered cell FDRE clocked by clk_pl_0  {rise@0.000ns fall@5.000ns period=10.000ns})
  Destination:            array_block_i/smartconnect_0/inst/s00_nodes/s00_ar_node/inst/s_sc_xpm_cdc_async_rst_inst/arststages_ff_reg[0]/CLR
                            (removal check against rising-edge clock clk_pl_0  {rise@0.000ns fall@5.000ns period=10.000ns})
  Path Group:             (none)
  Path Type:              Removal (Min at Fast Process Corner)
  Data Path Delay:        0.299ns  (logic 0.084ns (28.068%)  route 0.215ns (71.932%))
  Logic Levels:           0  
  Clock Path Skew:        0.152ns (DCD - SCD - CPR)
    Destination Clock Delay (DCD):    1.454ns
    Source Clock Delay      (SCD):    1.302ns
    Clock Pessimism Removal (CPR):    -0.000ns
  Clock Uncertainty:      0.160ns  ((TSJ^2 + DJ^2)^1/2) / 2 + PE
    Total System Jitter     (TSJ):    0.071ns
    Discrete Jitter          (DJ):    0.312ns
    Phase Error              (PE):    0.000ns
  Clock Net Delay (Source):      1.151ns (routing 0.572ns, distribution 0.579ns)
  Clock Net Delay (Destination): 1.267ns (routing 0.623ns, distribution 0.644ns)
  Timing Exception:       False Path

    Location             Delay type                Incr(ns)  Path(ns)    Netlist Resource(s)
  -------------------------------------------------------------------    -------------------
                         (clock clk_pl_0 rise edge)
                                                      0.000     0.000 r  
    PS8_X0Y0             PS8                          0.000     0.000 r  array_block_i/zynq_ultra_ps_e_0/inst/PS8_i/PLCLK[0]
                         net (fo=1, routed)           0.129     0.129    array_block_i/zynq_ultra_ps_e_0/inst/pl_clk_unbuffered[0]
    BUFG_PS_X0Y80        BUFG_PS (Prop_BUFG_PS_I_O)
                                                      0.022     0.151 r  array_block_i/zynq_ultra_ps_e_0/inst/buffer_pl_clk_0.PL_CLK_0_BUFG/O
    X0Y1 (CLOCK_ROOT)    net (fo=3425, routed)        1.151     1.302    array_block_i/smartconnect_0/inst/clk_map/psr_aclk/U0/aclk
    SLICE_X9Y109         FDRE                                         r  array_block_i/smartconnect_0/inst/clk_map/psr_aclk/U0/ACTIVE_LOW_BSR_OUT_DFF[0].FDRE_BSR_N/C
  -------------------------------------------------------------------    -------------------
    SLICE_X9Y109         FDRE (Prop_HFF_SLICEL_C_Q)
                                                      0.084     1.386 r  array_block_i/smartconnect_0/inst/clk_map/psr_aclk/U0/ACTIVE_LOW_BSR_OUT_DFF[0].FDRE_BSR_N/Q
                         net (fo=57, routed)          0.215     1.601    array_block_i/smartconnect_0/inst/s00_nodes/s00_ar_node/inst/s_sc_xpm_cdc_async_rst_inst/src_arst
    SLICE_X12Y107        FDCE                                         f  array_block_i/smartconnect_0/inst/s00_nodes/s00_ar_node/inst/s_sc_xpm_cdc_async_rst_inst/arststages_ff_reg[0]/CLR  (IS_INVERTED)
  -------------------------------------------------------------------    -------------------

                         (clock clk_pl_0 rise edge)
                                                      0.000     0.000 r  
    PS8_X0Y0             PS8                          0.000     0.000 r  array_block_i/zynq_ultra_ps_e_0/inst/PS8_i/PLCLK[0]
                         net (fo=1, routed)           0.164     0.164    array_block_i/zynq_ultra_ps_e_0/inst/pl_clk_unbuffered[0]
    BUFG_PS_X0Y80        BUFG_PS (Prop_BUFG_PS_I_O)
                                                      0.023     0.187 r  array_block_i/zynq_ultra_ps_e_0/inst/buffer_pl_clk_0.PL_CLK_0_BUFG/O
    X0Y1 (CLOCK_ROOT)    net (fo=3425, routed)        1.267     1.454    array_block_i/smartconnect_0/inst/s00_nodes/s00_ar_node/inst/s_sc_xpm_cdc_async_rst_inst/dest_clk
    SLICE_X12Y107        FDCE                                         r  array_block_i/smartconnect_0/inst/s00_nodes/s00_ar_node/inst/s_sc_xpm_cdc_async_rst_inst/arststages_ff_reg[0]/C





