Copyright 1986-2022 Xilinx, Inc. All Rights Reserved. Copyright 2022-2025 Advanced Micro Devices, Inc. All Rights Reserved.
-----------------------------------------------------------------------------------------------------------------------------------------------------------------------------------------------------------------------------------------------------------------------
| Tool Version      : Vivado v.2025.2 (win64) Build 6299465 Fri Nov 14 19:35:11 GMT 2025
| Date              : Sat Apr 11 14:18:38 2026
| Host              : VuDuong-32 running 64-bit major release  (build 9200)
| Command           : report_timing_summary -max_paths 10 -routable_nets -report_unconstrained -file gemm_block_wrapper_timing_summary_routed.rpt -pb gemm_block_wrapper_timing_summary_routed.pb -rpx gemm_block_wrapper_timing_summary_routed.rpx -warn_on_violation
| Design            : gemm_block_wrapper
| Device            : xck26-sfvc784
| Speed File        : -2LV  PRODUCTION 1.30 05-15-2022
| Design State      : Routed
| Temperature Grade : C
-----------------------------------------------------------------------------------------------------------------------------------------------------------------------------------------------------------------------------------------------------------------------

Timing Summary Report

------------------------------------------------------------------------------------------------
| Timer Settings
| --------------
------------------------------------------------------------------------------------------------

  Enable Multi Corner Analysis               :  Yes
  Enable Pessimism Removal                   :  Yes
  Pessimism Removal Resolution               :  Nearest Common Node
  Enable Input Delay Default Clock           :  No
  Enable Preset / Clear Arcs                 :  No
  Disable Flight Delays                      :  No
  Ignore I/O Paths                           :  No
  Timing Early Launch at Borrowing Latches   :  No
  Borrow Time for Max Delay Exceptions       :  Yes
  Merge Timing Exceptions                    :  Yes
  Inter-SLR Compensation                     :  Conservative

  Corner  Analyze    Analyze    
  Name    Max Paths  Min Paths  
  ------  ---------  ---------  
  Slow    Yes        Yes        
  Fast    Yes        Yes        


------------------------------------------------------------------------------------------------
| Report Methodology
| ------------------
------------------------------------------------------------------------------------------------

No report available as report_methodology has not been run prior. Run report_methodology on the current design for the summary of methodology violations.



check_timing report

Table of Contents
-----------------
1. checking no_clock (0)
2. checking constant_clock (0)
3. checking pulse_width_clock (0)
4. checking unconstrained_internal_endpoints (0)
5. checking no_input_delay (0)
6. checking no_output_delay (0)
7. checking multiple_clock (0)
8. checking generated_clocks (0)
9. checking loops (0)
10. checking partial_input_delay (0)
11. checking partial_output_delay (0)
12. checking latch_loops (0)

1. checking no_clock (0)
------------------------
 There are 0 register/latch pins with no clock.


2. checking constant_clock (0)
------------------------------
 There are 0 register/latch pins with constant_clock.


3. checking pulse_width_clock (0)
---------------------------------
 There are 0 register/latch pins which need pulse_width check


4. checking unconstrained_internal_endpoints (0)
------------------------------------------------
 There are 0 pins that are not constrained for maximum delay.

 There are 0 pins that are not constrained for maximum delay due to constant clock.


5. checking no_input_delay (0)
------------------------------
 There are 0 input ports with no input delay specified.

 There are 0 input ports with no input delay but user has a false path constraint.


6. checking no_output_delay (0)
-------------------------------
 There are 0 ports with no output delay specified.

 There are 0 ports with no output delay but user has a false path constraint

 There are 0 ports with no output delay but with a timing clock defined on it or propagating through it


7. checking multiple_clock (0)
------------------------------
 There are 0 register/latch pins with multiple clocks.


8. checking generated_clocks (0)
--------------------------------
 There are 0 generated clocks that are not connected to a clock source.


9. checking loops (0)
---------------------
 There are 0 combinational loops in the design.


10. checking partial_input_delay (0)
------------------------------------
 There are 0 input ports with partial input delay specified.


11. checking partial_output_delay (0)
-------------------------------------
 There are 0 ports with partial output delay specified.


12. checking latch_loops (0)
----------------------------
 There are 0 combinational latch loops in the design through latch input



------------------------------------------------------------------------------------------------
| Design Timing Summary
| ---------------------
------------------------------------------------------------------------------------------------

    WNS(ns)      TNS(ns)  TNS Failing Endpoints  TNS Total Endpoints      WHS(ns)      THS(ns)  THS Failing Endpoints  THS Total Endpoints     WPWS(ns)     TPWS(ns)  TPWS Failing Endpoints  TPWS Total Endpoints  
    -------      -------  ---------------------  -------------------      -------      -------  ---------------------  -------------------     --------     --------  ----------------------  --------------------  
      0.319        0.000                      0               263229        0.009        0.000                      0               263229        1.000        0.000                       0                 57315  


All user specified timing constraints are met.


------------------------------------------------------------------------------------------------
| Clock Summary
| -------------
------------------------------------------------------------------------------------------------

Clock     Waveform(ns)         Period(ns)      Frequency(MHz)
-----     ------------         ----------      --------------
clk_pl_0  {0.000 2.500}        5.000           200.000         
clk_pl_1  {0.000 5.000}        10.000          100.000         


------------------------------------------------------------------------------------------------
| Intra Clock Table
| -----------------
------------------------------------------------------------------------------------------------

Clock             WNS(ns)      TNS(ns)  TNS Failing Endpoints  TNS Total Endpoints      WHS(ns)      THS(ns)  THS Failing Endpoints  THS Total Endpoints     WPWS(ns)     TPWS(ns)  TPWS Failing Endpoints  TPWS Total Endpoints  
-----             -------      -------  ---------------------  -------------------      -------      -------  ---------------------  -------------------     --------     --------  ----------------------  --------------------  
clk_pl_0            0.319        0.000                      0               263229        0.009        0.000                      0               263229        1.000        0.000                       0                 57315  


------------------------------------------------------------------------------------------------
| Inter Clock Table
| -----------------
------------------------------------------------------------------------------------------------

From Clock    To Clock          WNS(ns)      TNS(ns)  TNS Failing Endpoints  TNS Total Endpoints      WHS(ns)      THS(ns)  THS Failing Endpoints  THS Total Endpoints  
----------    --------          -------      -------  ---------------------  -------------------      -------      -------  ---------------------  -------------------  


------------------------------------------------------------------------------------------------
| Other Path Groups Table
| -----------------------
------------------------------------------------------------------------------------------------

Path Group    From Clock    To Clock          WNS(ns)      TNS(ns)  TNS Failing Endpoints  TNS Total Endpoints      WHS(ns)      THS(ns)  THS Failing Endpoints  THS Total Endpoints  
----------    ----------    --------          -------      -------  ---------------------  -------------------      -------      -------  ---------------------  -------------------  


------------------------------------------------------------------------------------------------
| User Ignored Path Table
| -----------------------
------------------------------------------------------------------------------------------------

Path Group    From Clock    To Clock    
----------    ----------    --------    
(none)                      clk_pl_0      
(none)        clk_pl_0      clk_pl_0      


------------------------------------------------------------------------------------------------
| Unconstrained Path Table
| ------------------------
------------------------------------------------------------------------------------------------

Path Group    From Clock    To Clock    
----------    ----------    --------    


------------------------------------------------------------------------------------------------
| Timing Details
| --------------
------------------------------------------------------------------------------------------------


---------------------------------------------------------------------------------------------------
From Clock:  clk_pl_0
  To Clock:  clk_pl_0

Setup :            0  Failing Endpoints,  Worst Slack        0.319ns,  Total Violation        0.000ns
Hold  :            0  Failing Endpoints,  Worst Slack        0.009ns,  Total Violation        0.000ns
PW    :            0  Failing Endpoints,  Worst Slack        1.000ns,  Total Violation        0.000ns
---------------------------------------------------------------------------------------------------


Max Delay Paths
--------------------------------------------------------------------------------------
Slack (MET) :             0.319ns  (required time - arrival time)
  Source:                 gemm_block_i/gemm_accelerator_0/inst/bram_A/wr_ptr_reg[1]_rep__1/C
                            (rising edge-triggered cell FDRE clocked by clk_pl_0  {rise@0.000ns fall@2.500ns period=5.000ns})
  Destination:            gemm_block_i/gemm_accelerator_0/inst/bram_A/ram_1_reg_640_703_0_6/RAMA/WADR1
                            (rising edge-triggered cell RAMD64E clocked by clk_pl_0  {rise@0.000ns fall@2.500ns period=5.000ns})
  Path Group:             clk_pl_0
  Path Type:              Setup (Max at Slow Process Corner)
  Requirement:            5.000ns  (clk_pl_0 rise@5.000ns - clk_pl_0 rise@0.000ns)
  Data Path Delay:        4.187ns  (logic 0.116ns (2.771%)  route 4.071ns (97.229%))
  Logic Levels:           0  
  Clock Path Skew:        -0.209ns (DCD - SCD + CPR)
    Destination Clock Delay (DCD):    2.930ns = ( 7.930 - 5.000 ) 
    Source Clock Delay      (SCD):    3.324ns
    Clock Pessimism Removal (CPR):    0.185ns
  Clock Uncertainty:      0.129ns  ((TSJ^2 + DJ^2)^1/2) / 2 + PE
    Total System Jitter     (TSJ):    0.071ns
    Discrete Jitter          (DJ):    0.248ns
    Phase Error              (PE):    0.000ns
  Clock Net Delay (Source):      3.057ns (routing 1.584ns, distribution 1.473ns)
  Clock Net Delay (Destination): 2.714ns (routing 1.450ns, distribution 1.264ns)

    Location             Delay type                Incr(ns)  Path(ns)    Netlist Resource(s)
  -------------------------------------------------------------------    -------------------
                         (clock clk_pl_0 rise edge)
                                                      0.000     0.000 r  
    PS8_X0Y0             PS8                          0.000     0.000 r  gemm_block_i/zynq_ultra_ps_e_0/inst/PS8_i/PLCLK[0]
                         net (fo=1, routed)           0.229     0.229    gemm_block_i/zynq_ultra_ps_e_0/inst/pl_clk_unbuffered[0]
    BUFG_PS_X0Y80        BUFG_PS (Prop_BUFG_PS_I_O)
                                                      0.038     0.267 r  gemm_block_i/zynq_ultra_ps_e_0/inst/buffer_pl_clk_0.PL_CLK_0_BUFG/O
    X1Y1 (CLOCK_ROOT)    net (fo=58594, routed)       3.057     3.324    gemm_block_i/gemm_accelerator_0/inst/bram_A/aclk
    SLICE_X22Y105        FDRE                                         r  gemm_block_i/gemm_accelerator_0/inst/bram_A/wr_ptr_reg[1]_rep__1/C
  -------------------------------------------------------------------    -------------------
    SLICE_X22Y105        FDRE (Prop_EFF2_SLICEL_C_Q)
                                                      0.116     3.440 r  gemm_block_i/gemm_accelerator_0/inst/bram_A/wr_ptr_reg[1]_rep__1/Q
                         net (fo=938, routed)         4.071     7.511    gemm_block_i/gemm_accelerator_0/inst/bram_A/ram_1_reg_640_703_0_6/ADDRH1
    SLICE_X37Y128        RAMD64E                                      r  gemm_block_i/gemm_accelerator_0/inst/bram_A/ram_1_reg_640_703_0_6/RAMA/WADR1
  -------------------------------------------------------------------    -------------------

                         (clock clk_pl_0 rise edge)
                                                      5.000     5.000 r  
    PS8_X0Y0             PS8                          0.000     5.000 r  gemm_block_i/zynq_ultra_ps_e_0/inst/PS8_i/PLCLK[0]
                         net (fo=1, routed)           0.181     5.181    gemm_block_i/zynq_ultra_ps_e_0/inst/pl_clk_unbuffered[0]
    BUFG_PS_X0Y80        BUFG_PS (Prop_BUFG_PS_I_O)
                                                      0.035     5.216 r  gemm_block_i/zynq_ultra_ps_e_0/inst/buffer_pl_clk_0.PL_CLK_0_BUFG/O
    X1Y1 (CLOCK_ROOT)    net (fo=58594, routed)       2.714     7.930    gemm_block_i/gemm_accelerator_0/inst/bram_A/ram_1_reg_640_703_0_6/WCLK
    SLICE_X37Y128        RAMD64E                                      r  gemm_block_i/gemm_accelerator_0/inst/bram_A/ram_1_reg_640_703_0_6/RAMA/CLK
                         clock pessimism              0.185     8.115    
                         clock uncertainty           -0.129     7.986    
    SLICE_X37Y128        RAMD64E (Setup_A6LUT_SLICEM_CLK_WADR1)
                                                     -0.157     7.829    gemm_block_i/gemm_accelerator_0/inst/bram_A/ram_1_reg_640_703_0_6/RAMA
  -------------------------------------------------------------------
                         required time                          7.829    
                         arrival time                          -7.511    
  -------------------------------------------------------------------
                         slack                                  0.319    

Slack (MET) :             0.319ns  (required time - arrival time)
  Source:                 gemm_block_i/gemm_accelerator_0/inst/bram_A/wr_ptr_reg[1]_rep__1/C
                            (rising edge-triggered cell FDRE clocked by clk_pl_0  {rise@0.000ns fall@2.500ns period=5.000ns})
  Destination:            gemm_block_i/gemm_accelerator_0/inst/bram_A/ram_1_reg_640_703_0_6/RAMB/WADR1
                            (rising edge-triggered cell RAMD64E clocked by clk_pl_0  {rise@0.000ns fall@2.500ns period=5.000ns})
  Path Group:             clk_pl_0
  Path Type:              Setup (Max at Slow Process Corner)
  Requirement:            5.000ns  (clk_pl_0 rise@5.000ns - clk_pl_0 rise@0.000ns)
  Data Path Delay:        4.187ns  (logic 0.116ns (2.771%)  route 4.071ns (97.229%))
  Logic Levels:           0  
  Clock Path Skew:        -0.209ns (DCD - SCD + CPR)
    Destination Clock Delay (DCD):    2.930ns = ( 7.930 - 5.000 ) 
    Source Clock Delay      (SCD):    3.324ns
    Clock Pessimism Removal (CPR):    0.185ns
  Clock Uncertainty:      0.129ns  ((TSJ^2 + DJ^2)^1/2) / 2 + PE
    Total System Jitter     (TSJ):    0.071ns
    Discrete Jitter          (DJ):    0.248ns
    Phase Error              (PE):    0.000ns
  Clock Net Delay (Source):      3.057ns (routing 1.584ns, distribution 1.473ns)
  Clock Net Delay (Destination): 2.714ns (routing 1.450ns, distribution 1.264ns)

    Location             Delay type                Incr(ns)  Path(ns)    Netlist Resource(s)
  -------------------------------------------------------------------    -------------------
                         (clock clk_pl_0 rise edge)
                                                      0.000     0.000 r  
    PS8_X0Y0             PS8                          0.000     0.000 r  gemm_block_i/zynq_ultra_ps_e_0/inst/PS8_i/PLCLK[0]
                         net (fo=1, routed)           0.229     0.229    gemm_block_i/zynq_ultra_ps_e_0/inst/pl_clk_unbuffered[0]
    BUFG_PS_X0Y80        BUFG_PS (Prop_BUFG_PS_I_O)
                                                      0.038     0.267 r  gemm_block_i/zynq_ultra_ps_e_0/inst/buffer_pl_clk_0.PL_CLK_0_BUFG/O
    X1Y1 (CLOCK_ROOT)    net (fo=58594, routed)       3.057     3.324    gemm_block_i/gemm_accelerator_0/inst/bram_A/aclk
    SLICE_X22Y105        FDRE                                         r  gemm_block_i/gemm_accelerator_0/inst/bram_A/wr_ptr_reg[1]_rep__1/C
  -------------------------------------------------------------------    -------------------
    SLICE_X22Y105        FDRE (Prop_EFF2_SLICEL_C_Q)
                                                      0.116     3.440 r  gemm_block_i/gemm_accelerator_0/inst/bram_A/wr_ptr_reg[1]_rep__1/Q
                         net (fo=938, routed)         4.071     7.511    gemm_block_i/gemm_accelerator_0/inst/bram_A/ram_1_reg_640_703_0_6/ADDRH1
    SLICE_X37Y128        RAMD64E                                      r  gemm_block_i/gemm_accelerator_0/inst/bram_A/ram_1_reg_640_703_0_6/RAMB/WADR1
  -------------------------------------------------------------------    -------------------

                         (clock clk_pl_0 rise edge)
                                                      5.000     5.000 r  
    PS8_X0Y0             PS8                          0.000     5.000 r  gemm_block_i/zynq_ultra_ps_e_0/inst/PS8_i/PLCLK[0]
                         net (fo=1, routed)           0.181     5.181    gemm_block_i/zynq_ultra_ps_e_0/inst/pl_clk_unbuffered[0]
    BUFG_PS_X0Y80        BUFG_PS (Prop_BUFG_PS_I_O)
                                                      0.035     5.216 r  gemm_block_i/zynq_ultra_ps_e_0/inst/buffer_pl_clk_0.PL_CLK_0_BUFG/O
    X1Y1 (CLOCK_ROOT)    net (fo=58594, routed)       2.714     7.930    gemm_block_i/gemm_accelerator_0/inst/bram_A/ram_1_reg_640_703_0_6/WCLK
    SLICE_X37Y128        RAMD64E                                      r  gemm_block_i/gemm_accelerator_0/inst/bram_A/ram_1_reg_640_703_0_6/RAMB/CLK
                         clock pessimism              0.185     8.115    
                         clock uncertainty           -0.129     7.986    
    SLICE_X37Y128        RAMD64E (Setup_B6LUT_SLICEM_CLK_WADR1)
                                                     -0.157     7.829    gemm_block_i/gemm_accelerator_0/inst/bram_A/ram_1_reg_640_703_0_6/RAMB
  -------------------------------------------------------------------
                         required time                          7.829    
                         arrival time                          -7.511    
  -------------------------------------------------------------------
                         slack                                  0.319    

Slack (MET) :             0.319ns  (required time - arrival time)
  Source:                 gemm_block_i/gemm_accelerator_0/inst/bram_A/wr_ptr_reg[1]_rep__1/C
                            (rising edge-triggered cell FDRE clocked by clk_pl_0  {rise@0.000ns fall@2.500ns period=5.000ns})
  Destination:            gemm_block_i/gemm_accelerator_0/inst/bram_A/ram_1_reg_640_703_0_6/RAMC/WADR1
                            (rising edge-triggered cell RAMD64E clocked by clk_pl_0  {rise@0.000ns fall@2.500ns period=5.000ns})
  Path Group:             clk_pl_0
  Path Type:              Setup (Max at Slow Process Corner)
  Requirement:            5.000ns  (clk_pl_0 rise@5.000ns - clk_pl_0 rise@0.000ns)
  Data Path Delay:        4.187ns  (logic 0.116ns (2.771%)  route 4.071ns (97.229%))
  Logic Levels:           0  
  Clock Path Skew:        -0.209ns (DCD - SCD + CPR)
    Destination Clock Delay (DCD):    2.930ns = ( 7.930 - 5.000 ) 
    Source Clock Delay      (SCD):    3.324ns
    Clock Pessimism Removal (CPR):    0.185ns
  Clock Uncertainty:      0.129ns  ((TSJ^2 + DJ^2)^1/2) / 2 + PE
    Total System Jitter     (TSJ):    0.071ns
    Discrete Jitter          (DJ):    0.248ns
    Phase Error              (PE):    0.000ns
  Clock Net Delay (Source):      3.057ns (routing 1.584ns, distribution 1.473ns)
  Clock Net Delay (Destination): 2.714ns (routing 1.450ns, distribution 1.264ns)

    Location             Delay type                Incr(ns)  Path(ns)    Netlist Resource(s)
  -------------------------------------------------------------------    -------------------
                         (clock clk_pl_0 rise edge)
                                                      0.000     0.000 r  
    PS8_X0Y0             PS8                          0.000     0.000 r  gemm_block_i/zynq_ultra_ps_e_0/inst/PS8_i/PLCLK[0]
                         net (fo=1, routed)           0.229     0.229    gemm_block_i/zynq_ultra_ps_e_0/inst/pl_clk_unbuffered[0]
    BUFG_PS_X0Y80        BUFG_PS (Prop_BUFG_PS_I_O)
                                                      0.038     0.267 r  gemm_block_i/zynq_ultra_ps_e_0/inst/buffer_pl_clk_0.PL_CLK_0_BUFG/O
    X1Y1 (CLOCK_ROOT)    net (fo=58594, routed)       3.057     3.324    gemm_block_i/gemm_accelerator_0/inst/bram_A/aclk
    SLICE_X22Y105        FDRE                                         r  gemm_block_i/gemm_accelerator_0/inst/bram_A/wr_ptr_reg[1]_rep__1/C
  -------------------------------------------------------------------    -------------------
    SLICE_X22Y105        FDRE (Prop_EFF2_SLICEL_C_Q)
                                                      0.116     3.440 r  gemm_block_i/gemm_accelerator_0/inst/bram_A/wr_ptr_reg[1]_rep__1/Q
                         net (fo=938, routed)         4.071     7.511    gemm_block_i/gemm_accelerator_0/inst/bram_A/ram_1_reg_640_703_0_6/ADDRH1
    SLICE_X37Y128        RAMD64E                                      r  gemm_block_i/gemm_accelerator_0/inst/bram_A/ram_1_reg_640_703_0_6/RAMC/WADR1
  -------------------------------------------------------------------    -------------------

                         (clock clk_pl_0 rise edge)
                                                      5.000     5.000 r  
    PS8_X0Y0             PS8                          0.000     5.000 r  gemm_block_i/zynq_ultra_ps_e_0/inst/PS8_i/PLCLK[0]
                         net (fo=1, routed)           0.181     5.181    gemm_block_i/zynq_ultra_ps_e_0/inst/pl_clk_unbuffered[0]
    BUFG_PS_X0Y80        BUFG_PS (Prop_BUFG_PS_I_O)
                                                      0.035     5.216 r  gemm_block_i/zynq_ultra_ps_e_0/inst/buffer_pl_clk_0.PL_CLK_0_BUFG/O
    X1Y1 (CLOCK_ROOT)    net (fo=58594, routed)       2.714     7.930    gemm_block_i/gemm_accelerator_0/inst/bram_A/ram_1_reg_640_703_0_6/WCLK
    SLICE_X37Y128        RAMD64E                                      r  gemm_block_i/gemm_accelerator_0/inst/bram_A/ram_1_reg_640_703_0_6/RAMC/CLK
                         clock pessimism              0.185     8.115    
                         clock uncertainty           -0.129     7.986    
    SLICE_X37Y128        RAMD64E (Setup_C6LUT_SLICEM_CLK_WADR1)
                                                     -0.157     7.829    gemm_block_i/gemm_accelerator_0/inst/bram_A/ram_1_reg_640_703_0_6/RAMC
  -------------------------------------------------------------------
                         required time                          7.829    
                         arrival time                          -7.511    
  -------------------------------------------------------------------
                         slack                                  0.319    

Slack (MET) :             0.319ns  (required time - arrival time)
  Source:                 gemm_block_i/gemm_accelerator_0/inst/bram_A/wr_ptr_reg[1]_rep__1/C
                            (rising edge-triggered cell FDRE clocked by clk_pl_0  {rise@0.000ns fall@2.500ns period=5.000ns})
  Destination:            gemm_block_i/gemm_accelerator_0/inst/bram_A/ram_1_reg_640_703_0_6/RAMD/WADR1
                            (rising edge-triggered cell RAMD64E clocked by clk_pl_0  {rise@0.000ns fall@2.500ns period=5.000ns})
  Path Group:             clk_pl_0
  Path Type:              Setup (Max at Slow Process Corner)
  Requirement:            5.000ns  (clk_pl_0 rise@5.000ns - clk_pl_0 rise@0.000ns)
  Data Path Delay:        4.187ns  (logic 0.116ns (2.771%)  route 4.071ns (97.229%))
  Logic Levels:           0  
  Clock Path Skew:        -0.209ns (DCD - SCD + CPR)
    Destination Clock Delay (DCD):    2.930ns = ( 7.930 - 5.000 ) 
    Source Clock Delay      (SCD):    3.324ns
    Clock Pessimism Removal (CPR):    0.185ns
  Clock Uncertainty:      0.129ns  ((TSJ^2 + DJ^2)^1/2) / 2 + PE
    Total System Jitter     (TSJ):    0.071ns
    Discrete Jitter          (DJ):    0.248ns
    Phase Error              (PE):    0.000ns
  Clock Net Delay (Source):      3.057ns (routing 1.584ns, distribution 1.473ns)
  Clock Net Delay (Destination): 2.714ns (routing 1.450ns, distribution 1.264ns)

    Location             Delay type                Incr(ns)  Path(ns)    Netlist Resource(s)
  -------------------------------------------------------------------    -------------------
                         (clock clk_pl_0 rise edge)
                                                      0.000     0.000 r  
    PS8_X0Y0             PS8                          0.000     0.000 r  gemm_block_i/zynq_ultra_ps_e_0/inst/PS8_i/PLCLK[0]
                         net (fo=1, routed)           0.229     0.229    gemm_block_i/zynq_ultra_ps_e_0/inst/pl_clk_unbuffered[0]
    BUFG_PS_X0Y80        BUFG_PS (Prop_BUFG_PS_I_O)
                                                      0.038     0.267 r  gemm_block_i/zynq_ultra_ps_e_0/inst/buffer_pl_clk_0.PL_CLK_0_BUFG/O
    X1Y1 (CLOCK_ROOT)    net (fo=58594, routed)       3.057     3.324    gemm_block_i/gemm_accelerator_0/inst/bram_A/aclk
    SLICE_X22Y105        FDRE                                         r  gemm_block_i/gemm_accelerator_0/inst/bram_A/wr_ptr_reg[1]_rep__1/C
  -------------------------------------------------------------------    -------------------
    SLICE_X22Y105        FDRE (Prop_EFF2_SLICEL_C_Q)
                                                      0.116     3.440 r  gemm_block_i/gemm_accelerator_0/inst/bram_A/wr_ptr_reg[1]_rep__1/Q
                         net (fo=938, routed)         4.071     7.511    gemm_block_i/gemm_accelerator_0/inst/bram_A/ram_1_reg_640_703_0_6/ADDRH1
    SLICE_X37Y128        RAMD64E                                      r  gemm_block_i/gemm_accelerator_0/inst/bram_A/ram_1_reg_640_703_0_6/RAMD/WADR1
  -------------------------------------------------------------------    -------------------

                         (clock clk_pl_0 rise edge)
                                                      5.000     5.000 r  
    PS8_X0Y0             PS8                          0.000     5.000 r  gemm_block_i/zynq_ultra_ps_e_0/inst/PS8_i/PLCLK[0]
                         net (fo=1, routed)           0.181     5.181    gemm_block_i/zynq_ultra_ps_e_0/inst/pl_clk_unbuffered[0]
    BUFG_PS_X0Y80        BUFG_PS (Prop_BUFG_PS_I_O)
                                                      0.035     5.216 r  gemm_block_i/zynq_ultra_ps_e_0/inst/buffer_pl_clk_0.PL_CLK_0_BUFG/O
    X1Y1 (CLOCK_ROOT)    net (fo=58594, routed)       2.714     7.930    gemm_block_i/gemm_accelerator_0/inst/bram_A/ram_1_reg_640_703_0_6/WCLK
    SLICE_X37Y128        RAMD64E                                      r  gemm_block_i/gemm_accelerator_0/inst/bram_A/ram_1_reg_640_703_0_6/RAMD/CLK
                         clock pessimism              0.185     8.115    
                         clock uncertainty           -0.129     7.986    
    SLICE_X37Y128        RAMD64E (Setup_D6LUT_SLICEM_CLK_WADR1)
                                                     -0.157     7.829    gemm_block_i/gemm_accelerator_0/inst/bram_A/ram_1_reg_640_703_0_6/RAMD
  -------------------------------------------------------------------
                         required time                          7.829    
                         arrival time                          -7.511    
  -------------------------------------------------------------------
                         slack                                  0.319    

Slack (MET) :             0.319ns  (required time - arrival time)
  Source:                 gemm_block_i/gemm_accelerator_0/inst/bram_A/wr_ptr_reg[1]_rep__1/C
                            (rising edge-triggered cell FDRE clocked by clk_pl_0  {rise@0.000ns fall@2.500ns period=5.000ns})
  Destination:            gemm_block_i/gemm_accelerator_0/inst/bram_A/ram_1_reg_640_703_0_6/RAME/WADR1
                            (rising edge-triggered cell RAMD64E clocked by clk_pl_0  {rise@0.000ns fall@2.500ns period=5.000ns})
  Path Group:             clk_pl_0
  Path Type:              Setup (Max at Slow Process Corner)
  Requirement:            5.000ns  (clk_pl_0 rise@5.000ns - clk_pl_0 rise@0.000ns)
  Data Path Delay:        4.187ns  (logic 0.116ns (2.771%)  route 4.071ns (97.229%))
  Logic Levels:           0  
  Clock Path Skew:        -0.209ns (DCD - SCD + CPR)
    Destination Clock Delay (DCD):    2.930ns = ( 7.930 - 5.000 ) 
    Source Clock Delay      (SCD):    3.324ns
    Clock Pessimism Removal (CPR):    0.185ns
  Clock Uncertainty:      0.129ns  ((TSJ^2 + DJ^2)^1/2) / 2 + PE
    Total System Jitter     (TSJ):    0.071ns
    Discrete Jitter          (DJ):    0.248ns
    Phase Error              (PE):    0.000ns
  Clock Net Delay (Source):      3.057ns (routing 1.584ns, distribution 1.473ns)
  Clock Net Delay (Destination): 2.714ns (routing 1.450ns, distribution 1.264ns)

    Location             Delay type                Incr(ns)  Path(ns)    Netlist Resource(s)
  -------------------------------------------------------------------    -------------------
                         (clock clk_pl_0 rise edge)
                                                      0.000     0.000 r  
    PS8_X0Y0             PS8                          0.000     0.000 r  gemm_block_i/zynq_ultra_ps_e_0/inst/PS8_i/PLCLK[0]
                         net (fo=1, routed)           0.229     0.229    gemm_block_i/zynq_ultra_ps_e_0/inst/pl_clk_unbuffered[0]
    BUFG_PS_X0Y80        BUFG_PS (Prop_BUFG_PS_I_O)
                                                      0.038     0.267 r  gemm_block_i/zynq_ultra_ps_e_0/inst/buffer_pl_clk_0.PL_CLK_0_BUFG/O
    X1Y1 (CLOCK_ROOT)    net (fo=58594, routed)       3.057     3.324    gemm_block_i/gemm_accelerator_0/inst/bram_A/aclk
    SLICE_X22Y105        FDRE                                         r  gemm_block_i/gemm_accelerator_0/inst/bram_A/wr_ptr_reg[1]_rep__1/C
  -------------------------------------------------------------------    -------------------
    SLICE_X22Y105        FDRE (Prop_EFF2_SLICEL_C_Q)
                                                      0.116     3.440 r  gemm_block_i/gemm_accelerator_0/inst/bram_A/wr_ptr_reg[1]_rep__1/Q
                         net (fo=938, routed)         4.071     7.511    gemm_block_i/gemm_accelerator_0/inst/bram_A/ram_1_reg_640_703_0_6/ADDRH1
    SLICE_X37Y128        RAMD64E                                      r  gemm_block_i/gemm_accelerator_0/inst/bram_A/ram_1_reg_640_703_0_6/RAME/WADR1
  -------------------------------------------------------------------    -------------------

                         (clock clk_pl_0 rise edge)
                                                      5.000     5.000 r  
    PS8_X0Y0             PS8                          0.000     5.000 r  gemm_block_i/zynq_ultra_ps_e_0/inst/PS8_i/PLCLK[0]
                         net (fo=1, routed)           0.181     5.181    gemm_block_i/zynq_ultra_ps_e_0/inst/pl_clk_unbuffered[0]
    BUFG_PS_X0Y80        BUFG_PS (Prop_BUFG_PS_I_O)
                                                      0.035     5.216 r  gemm_block_i/zynq_ultra_ps_e_0/inst/buffer_pl_clk_0.PL_CLK_0_BUFG/O
    X1Y1 (CLOCK_ROOT)    net (fo=58594, routed)       2.714     7.930    gemm_block_i/gemm_accelerator_0/inst/bram_A/ram_1_reg_640_703_0_6/WCLK
    SLICE_X37Y128        RAMD64E                                      r  gemm_block_i/gemm_accelerator_0/inst/bram_A/ram_1_reg_640_703_0_6/RAME/CLK
                         clock pessimism              0.185     8.115    
                         clock uncertainty           -0.129     7.986    
    SLICE_X37Y128        RAMD64E (Setup_E6LUT_SLICEM_CLK_WADR1)
                                                     -0.157     7.829    gemm_block_i/gemm_accelerator_0/inst/bram_A/ram_1_reg_640_703_0_6/RAME
  -------------------------------------------------------------------
                         required time                          7.829    
                         arrival time                          -7.511    
  -------------------------------------------------------------------
                         slack                                  0.319    

Slack (MET) :             0.319ns  (required time - arrival time)
  Source:                 gemm_block_i/gemm_accelerator_0/inst/bram_A/wr_ptr_reg[1]_rep__1/C
                            (rising edge-triggered cell FDRE clocked by clk_pl_0  {rise@0.000ns fall@2.500ns period=5.000ns})
  Destination:            gemm_block_i/gemm_accelerator_0/inst/bram_A/ram_1_reg_640_703_0_6/RAMF/WADR1
                            (rising edge-triggered cell RAMD64E clocked by clk_pl_0  {rise@0.000ns fall@2.500ns period=5.000ns})
  Path Group:             clk_pl_0
  Path Type:              Setup (Max at Slow Process Corner)
  Requirement:            5.000ns  (clk_pl_0 rise@5.000ns - clk_pl_0 rise@0.000ns)
  Data Path Delay:        4.187ns  (logic 0.116ns (2.771%)  route 4.071ns (97.229%))
  Logic Levels:           0  
  Clock Path Skew:        -0.209ns (DCD - SCD + CPR)
    Destination Clock Delay (DCD):    2.930ns = ( 7.930 - 5.000 ) 
    Source Clock Delay      (SCD):    3.324ns
    Clock Pessimism Removal (CPR):    0.185ns
  Clock Uncertainty:      0.129ns  ((TSJ^2 + DJ^2)^1/2) / 2 + PE
    Total System Jitter     (TSJ):    0.071ns
    Discrete Jitter          (DJ):    0.248ns
    Phase Error              (PE):    0.000ns
  Clock Net Delay (Source):      3.057ns (routing 1.584ns, distribution 1.473ns)
  Clock Net Delay (Destination): 2.714ns (routing 1.450ns, distribution 1.264ns)

    Location             Delay type                Incr(ns)  Path(ns)    Netlist Resource(s)
  -------------------------------------------------------------------    -------------------
                         (clock clk_pl_0 rise edge)
                                                      0.000     0.000 r  
    PS8_X0Y0             PS8                          0.000     0.000 r  gemm_block_i/zynq_ultra_ps_e_0/inst/PS8_i/PLCLK[0]
                         net (fo=1, routed)           0.229     0.229    gemm_block_i/zynq_ultra_ps_e_0/inst/pl_clk_unbuffered[0]
    BUFG_PS_X0Y80        BUFG_PS (Prop_BUFG_PS_I_O)
                                                      0.038     0.267 r  gemm_block_i/zynq_ultra_ps_e_0/inst/buffer_pl_clk_0.PL_CLK_0_BUFG/O
    X1Y1 (CLOCK_ROOT)    net (fo=58594, routed)       3.057     3.324    gemm_block_i/gemm_accelerator_0/inst/bram_A/aclk
    SLICE_X22Y105        FDRE                                         r  gemm_block_i/gemm_accelerator_0/inst/bram_A/wr_ptr_reg[1]_rep__1/C
  -------------------------------------------------------------------    -------------------
    SLICE_X22Y105        FDRE (Prop_EFF2_SLICEL_C_Q)
                                                      0.116     3.440 r  gemm_block_i/gemm_accelerator_0/inst/bram_A/wr_ptr_reg[1]_rep__1/Q
                         net (fo=938, routed)         4.071     7.511    gemm_block_i/gemm_accelerator_0/inst/bram_A/ram_1_reg_640_703_0_6/ADDRH1
    SLICE_X37Y128        RAMD64E                                      r  gemm_block_i/gemm_accelerator_0/inst/bram_A/ram_1_reg_640_703_0_6/RAMF/WADR1
  -------------------------------------------------------------------    -------------------

                         (clock clk_pl_0 rise edge)
                                                      5.000     5.000 r  
    PS8_X0Y0             PS8                          0.000     5.000 r  gemm_block_i/zynq_ultra_ps_e_0/inst/PS8_i/PLCLK[0]
                         net (fo=1, routed)           0.181     5.181    gemm_block_i/zynq_ultra_ps_e_0/inst/pl_clk_unbuffered[0]
    BUFG_PS_X0Y80        BUFG_PS (Prop_BUFG_PS_I_O)
                                                      0.035     5.216 r  gemm_block_i/zynq_ultra_ps_e_0/inst/buffer_pl_clk_0.PL_CLK_0_BUFG/O
    X1Y1 (CLOCK_ROOT)    net (fo=58594, routed)       2.714     7.930    gemm_block_i/gemm_accelerator_0/inst/bram_A/ram_1_reg_640_703_0_6/WCLK
    SLICE_X37Y128        RAMD64E                                      r  gemm_block_i/gemm_accelerator_0/inst/bram_A/ram_1_reg_640_703_0_6/RAMF/CLK
                         clock pessimism              0.185     8.115    
                         clock uncertainty           -0.129     7.986    
    SLICE_X37Y128        RAMD64E (Setup_F6LUT_SLICEM_CLK_WADR1)
                                                     -0.157     7.829    gemm_block_i/gemm_accelerator_0/inst/bram_A/ram_1_reg_640_703_0_6/RAMF
  -------------------------------------------------------------------
                         required time                          7.829    
                         arrival time                          -7.511    
  -------------------------------------------------------------------
                         slack                                  0.319    

Slack (MET) :             0.319ns  (required time - arrival time)
  Source:                 gemm_block_i/gemm_accelerator_0/inst/bram_A/wr_ptr_reg[1]_rep__1/C
                            (rising edge-triggered cell FDRE clocked by clk_pl_0  {rise@0.000ns fall@2.500ns period=5.000ns})
  Destination:            gemm_block_i/gemm_accelerator_0/inst/bram_A/ram_1_reg_640_703_0_6/RAMG/WADR1
                            (rising edge-triggered cell RAMD64E clocked by clk_pl_0  {rise@0.000ns fall@2.500ns period=5.000ns})
  Path Group:             clk_pl_0
  Path Type:              Setup (Max at Slow Process Corner)
  Requirement:            5.000ns  (clk_pl_0 rise@5.000ns - clk_pl_0 rise@0.000ns)
  Data Path Delay:        4.187ns  (logic 0.116ns (2.771%)  route 4.071ns (97.229%))
  Logic Levels:           0  
  Clock Path Skew:        -0.209ns (DCD - SCD + CPR)
    Destination Clock Delay (DCD):    2.930ns = ( 7.930 - 5.000 ) 
    Source Clock Delay      (SCD):    3.324ns
    Clock Pessimism Removal (CPR):    0.185ns
  Clock Uncertainty:      0.129ns  ((TSJ^2 + DJ^2)^1/2) / 2 + PE
    Total System Jitter     (TSJ):    0.071ns
    Discrete Jitter          (DJ):    0.248ns
    Phase Error              (PE):    0.000ns
  Clock Net Delay (Source):      3.057ns (routing 1.584ns, distribution 1.473ns)
  Clock Net Delay (Destination): 2.714ns (routing 1.450ns, distribution 1.264ns)

    Location             Delay type                Incr(ns)  Path(ns)    Netlist Resource(s)
  -------------------------------------------------------------------    -------------------
                         (clock clk_pl_0 rise edge)
                                                      0.000     0.000 r  
    PS8_X0Y0             PS8                          0.000     0.000 r  gemm_block_i/zynq_ultra_ps_e_0/inst/PS8_i/PLCLK[0]
                         net (fo=1, routed)           0.229     0.229    gemm_block_i/zynq_ultra_ps_e_0/inst/pl_clk_unbuffered[0]
    BUFG_PS_X0Y80        BUFG_PS (Prop_BUFG_PS_I_O)
                                                      0.038     0.267 r  gemm_block_i/zynq_ultra_ps_e_0/inst/buffer_pl_clk_0.PL_CLK_0_BUFG/O
    X1Y1 (CLOCK_ROOT)    net (fo=58594, routed)       3.057     3.324    gemm_block_i/gemm_accelerator_0/inst/bram_A/aclk
    SLICE_X22Y105        FDRE                                         r  gemm_block_i/gemm_accelerator_0/inst/bram_A/wr_ptr_reg[1]_rep__1/C
  -------------------------------------------------------------------    -------------------
    SLICE_X22Y105        FDRE (Prop_EFF2_SLICEL_C_Q)
                                                      0.116     3.440 r  gemm_block_i/gemm_accelerator_0/inst/bram_A/wr_ptr_reg[1]_rep__1/Q
                         net (fo=938, routed)         4.071     7.511    gemm_block_i/gemm_accelerator_0/inst/bram_A/ram_1_reg_640_703_0_6/ADDRH1
    SLICE_X37Y128        RAMD64E                                      r  gemm_block_i/gemm_accelerator_0/inst/bram_A/ram_1_reg_640_703_0_6/RAMG/WADR1
  -------------------------------------------------------------------    -------------------

                         (clock clk_pl_0 rise edge)
                                                      5.000     5.000 r  
    PS8_X0Y0             PS8                          0.000     5.000 r  gemm_block_i/zynq_ultra_ps_e_0/inst/PS8_i/PLCLK[0]
                         net (fo=1, routed)           0.181     5.181    gemm_block_i/zynq_ultra_ps_e_0/inst/pl_clk_unbuffered[0]
    BUFG_PS_X0Y80        BUFG_PS (Prop_BUFG_PS_I_O)
                                                      0.035     5.216 r  gemm_block_i/zynq_ultra_ps_e_0/inst/buffer_pl_clk_0.PL_CLK_0_BUFG/O
    X1Y1 (CLOCK_ROOT)    net (fo=58594, routed)       2.714     7.930    gemm_block_i/gemm_accelerator_0/inst/bram_A/ram_1_reg_640_703_0_6/WCLK
    SLICE_X37Y128        RAMD64E                                      r  gemm_block_i/gemm_accelerator_0/inst/bram_A/ram_1_reg_640_703_0_6/RAMG/CLK
                         clock pessimism              0.185     8.115    
                         clock uncertainty           -0.129     7.986    
    SLICE_X37Y128        RAMD64E (Setup_G6LUT_SLICEM_CLK_WADR1)
                                                     -0.157     7.829    gemm_block_i/gemm_accelerator_0/inst/bram_A/ram_1_reg_640_703_0_6/RAMG
  -------------------------------------------------------------------
                         required time                          7.829    
                         arrival time                          -7.511    
  -------------------------------------------------------------------
                         slack                                  0.319    

Slack (MET) :             0.319ns  (required time - arrival time)
  Source:                 gemm_block_i/gemm_accelerator_0/inst/bram_A/wr_ptr_reg[1]_rep__1/C
                            (rising edge-triggered cell FDRE clocked by clk_pl_0  {rise@0.000ns fall@2.500ns period=5.000ns})
  Destination:            gemm_block_i/gemm_accelerator_0/inst/bram_A/ram_1_reg_640_703_0_6/RAMH/WADR1
                            (rising edge-triggered cell RAMD64E clocked by clk_pl_0  {rise@0.000ns fall@2.500ns period=5.000ns})
  Path Group:             clk_pl_0
  Path Type:              Setup (Max at Slow Process Corner)
  Requirement:            5.000ns  (clk_pl_0 rise@5.000ns - clk_pl_0 rise@0.000ns)
  Data Path Delay:        4.187ns  (logic 0.116ns (2.771%)  route 4.071ns (97.229%))
  Logic Levels:           0  
  Clock Path Skew:        -0.209ns (DCD - SCD + CPR)
    Destination Clock Delay (DCD):    2.930ns = ( 7.930 - 5.000 ) 
    Source Clock Delay      (SCD):    3.324ns
    Clock Pessimism Removal (CPR):    0.185ns
  Clock Uncertainty:      0.129ns  ((TSJ^2 + DJ^2)^1/2) / 2 + PE
    Total System Jitter     (TSJ):    0.071ns
    Discrete Jitter          (DJ):    0.248ns
    Phase Error              (PE):    0.000ns
  Clock Net Delay (Source):      3.057ns (routing 1.584ns, distribution 1.473ns)
  Clock Net Delay (Destination): 2.714ns (routing 1.450ns, distribution 1.264ns)

    Location             Delay type                Incr(ns)  Path(ns)    Netlist Resource(s)
  -------------------------------------------------------------------    -------------------
                         (clock clk_pl_0 rise edge)
                                                      0.000     0.000 r  
    PS8_X0Y0             PS8                          0.000     0.000 r  gemm_block_i/zynq_ultra_ps_e_0/inst/PS8_i/PLCLK[0]
                         net (fo=1, routed)           0.229     0.229    gemm_block_i/zynq_ultra_ps_e_0/inst/pl_clk_unbuffered[0]
    BUFG_PS_X0Y80        BUFG_PS (Prop_BUFG_PS_I_O)
                                                      0.038     0.267 r  gemm_block_i/zynq_ultra_ps_e_0/inst/buffer_pl_clk_0.PL_CLK_0_BUFG/O
    X1Y1 (CLOCK_ROOT)    net (fo=58594, routed)       3.057     3.324    gemm_block_i/gemm_accelerator_0/inst/bram_A/aclk
    SLICE_X22Y105        FDRE                                         r  gemm_block_i/gemm_accelerator_0/inst/bram_A/wr_ptr_reg[1]_rep__1/C
  -------------------------------------------------------------------    -------------------
    SLICE_X22Y105        FDRE (Prop_EFF2_SLICEL_C_Q)
                                                      0.116     3.440 r  gemm_block_i/gemm_accelerator_0/inst/bram_A/wr_ptr_reg[1]_rep__1/Q
                         net (fo=938, routed)         4.071     7.511    gemm_block_i/gemm_accelerator_0/inst/bram_A/ram_1_reg_640_703_0_6/ADDRH1
    SLICE_X37Y128        RAMD64E                                      r  gemm_block_i/gemm_accelerator_0/inst/bram_A/ram_1_reg_640_703_0_6/RAMH/WADR1
  -------------------------------------------------------------------    -------------------

                         (clock clk_pl_0 rise edge)
                                                      5.000     5.000 r  
    PS8_X0Y0             PS8                          0.000     5.000 r  gemm_block_i/zynq_ultra_ps_e_0/inst/PS8_i/PLCLK[0]
                         net (fo=1, routed)           0.181     5.181    gemm_block_i/zynq_ultra_ps_e_0/inst/pl_clk_unbuffered[0]
    BUFG_PS_X0Y80        BUFG_PS (Prop_BUFG_PS_I_O)
                                                      0.035     5.216 r  gemm_block_i/zynq_ultra_ps_e_0/inst/buffer_pl_clk_0.PL_CLK_0_BUFG/O
    X1Y1 (CLOCK_ROOT)    net (fo=58594, routed)       2.714     7.930    gemm_block_i/gemm_accelerator_0/inst/bram_A/ram_1_reg_640_703_0_6/WCLK
    SLICE_X37Y128        RAMD64E                                      r  gemm_block_i/gemm_accelerator_0/inst/bram_A/ram_1_reg_640_703_0_6/RAMH/CLK
                         clock pessimism              0.185     8.115    
                         clock uncertainty           -0.129     7.986    
    SLICE_X37Y128        RAMD64E (Setup_H6LUT_SLICEM_CLK_WADR1)
                                                     -0.157     7.829    gemm_block_i/gemm_accelerator_0/inst/bram_A/ram_1_reg_640_703_0_6/RAMH
  -------------------------------------------------------------------
                         required time                          7.829    
                         arrival time                          -7.511    
  -------------------------------------------------------------------
                         slack                                  0.319    

Slack (MET) :             0.321ns  (required time - arrival time)
  Source:                 gemm_block_i/gemm_accelerator_0/inst/bram_A/wr_ptr_reg[1]_rep__1/C
                            (rising edge-triggered cell FDRE clocked by clk_pl_0  {rise@0.000ns fall@2.500ns period=5.000ns})
  Destination:            gemm_block_i/gemm_accelerator_0/inst/bram_A/ram_0_reg_960_1023_0_6/RAMA/WADR1
                            (rising edge-triggered cell RAMD64E clocked by clk_pl_0  {rise@0.000ns fall@2.500ns period=5.000ns})
  Path Group:             clk_pl_0
  Path Type:              Setup (Max at Slow Process Corner)
  Requirement:            5.000ns  (clk_pl_0 rise@5.000ns - clk_pl_0 rise@0.000ns)
  Data Path Delay:        4.189ns  (logic 0.116ns (2.769%)  route 4.073ns (97.231%))
  Logic Levels:           0  
  Clock Path Skew:        -0.203ns (DCD - SCD + CPR)
    Destination Clock Delay (DCD):    2.935ns = ( 7.935 - 5.000 ) 
    Source Clock Delay      (SCD):    3.324ns
    Clock Pessimism Removal (CPR):    0.185ns
  Clock Uncertainty:      0.129ns  ((TSJ^2 + DJ^2)^1/2) / 2 + PE
    Total System Jitter     (TSJ):    0.071ns
    Discrete Jitter          (DJ):    0.248ns
    Phase Error              (PE):    0.000ns
  Clock Net Delay (Source):      3.057ns (routing 1.584ns, distribution 1.473ns)
  Clock Net Delay (Destination): 2.719ns (routing 1.450ns, distribution 1.269ns)

    Location             Delay type                Incr(ns)  Path(ns)    Netlist Resource(s)
  -------------------------------------------------------------------    -------------------
                         (clock clk_pl_0 rise edge)
                                                      0.000     0.000 r  
    PS8_X0Y0             PS8                          0.000     0.000 r  gemm_block_i/zynq_ultra_ps_e_0/inst/PS8_i/PLCLK[0]
                         net (fo=1, routed)           0.229     0.229    gemm_block_i/zynq_ultra_ps_e_0/inst/pl_clk_unbuffered[0]
    BUFG_PS_X0Y80        BUFG_PS (Prop_BUFG_PS_I_O)
                                                      0.038     0.267 r  gemm_block_i/zynq_ultra_ps_e_0/inst/buffer_pl_clk_0.PL_CLK_0_BUFG/O
    X1Y1 (CLOCK_ROOT)    net (fo=58594, routed)       3.057     3.324    gemm_block_i/gemm_accelerator_0/inst/bram_A/aclk
    SLICE_X22Y105        FDRE                                         r  gemm_block_i/gemm_accelerator_0/inst/bram_A/wr_ptr_reg[1]_rep__1/C
  -------------------------------------------------------------------    -------------------
    SLICE_X22Y105        FDRE (Prop_EFF2_SLICEL_C_Q)
                                                      0.116     3.440 r  gemm_block_i/gemm_accelerator_0/inst/bram_A/wr_ptr_reg[1]_rep__1/Q
                         net (fo=938, routed)         4.073     7.513    gemm_block_i/gemm_accelerator_0/inst/bram_A/ram_0_reg_960_1023_0_6/ADDRH1
    SLICE_X35Y131        RAMD64E                                      r  gemm_block_i/gemm_accelerator_0/inst/bram_A/ram_0_reg_960_1023_0_6/RAMA/WADR1
  -------------------------------------------------------------------    -------------------

                         (clock clk_pl_0 rise edge)
                                                      5.000     5.000 r  
    PS8_X0Y0             PS8                          0.000     5.000 r  gemm_block_i/zynq_ultra_ps_e_0/inst/PS8_i/PLCLK[0]
                         net (fo=1, routed)           0.181     5.181    gemm_block_i/zynq_ultra_ps_e_0/inst/pl_clk_unbuffered[0]
    BUFG_PS_X0Y80        BUFG_PS (Prop_BUFG_PS_I_O)
                                                      0.035     5.216 r  gemm_block_i/zynq_ultra_ps_e_0/inst/buffer_pl_clk_0.PL_CLK_0_BUFG/O
    X1Y1 (CLOCK_ROOT)    net (fo=58594, routed)       2.719     7.935    gemm_block_i/gemm_accelerator_0/inst/bram_A/ram_0_reg_960_1023_0_6/WCLK
    SLICE_X35Y131        RAMD64E                                      r  gemm_block_i/gemm_accelerator_0/inst/bram_A/ram_0_reg_960_1023_0_6/RAMA/CLK
                         clock pessimism              0.185     8.120    
                         clock uncertainty           -0.129     7.991    
    SLICE_X35Y131        RAMD64E (Setup_A6LUT_SLICEM_CLK_WADR1)
                                                     -0.157     7.834    gemm_block_i/gemm_accelerator_0/inst/bram_A/ram_0_reg_960_1023_0_6/RAMA
  -------------------------------------------------------------------
                         required time                          7.834    
                         arrival time                          -7.513    
  -------------------------------------------------------------------
                         slack                                  0.321    

Slack (MET) :             0.321ns  (required time - arrival time)
  Source:                 gemm_block_i/gemm_accelerator_0/inst/bram_A/wr_ptr_reg[1]_rep__1/C
                            (rising edge-triggered cell FDRE clocked by clk_pl_0  {rise@0.000ns fall@2.500ns period=5.000ns})
  Destination:            gemm_block_i/gemm_accelerator_0/inst/bram_A/ram_0_reg_960_1023_0_6/RAMB/WADR1
                            (rising edge-triggered cell RAMD64E clocked by clk_pl_0  {rise@0.000ns fall@2.500ns period=5.000ns})
  Path Group:             clk_pl_0
  Path Type:              Setup (Max at Slow Process Corner)
  Requirement:            5.000ns  (clk_pl_0 rise@5.000ns - clk_pl_0 rise@0.000ns)
  Data Path Delay:        4.189ns  (logic 0.116ns (2.769%)  route 4.073ns (97.231%))
  Logic Levels:           0  
  Clock Path Skew:        -0.203ns (DCD - SCD + CPR)
    Destination Clock Delay (DCD):    2.935ns = ( 7.935 - 5.000 ) 
    Source Clock Delay      (SCD):    3.324ns
    Clock Pessimism Removal (CPR):    0.185ns
  Clock Uncertainty:      0.129ns  ((TSJ^2 + DJ^2)^1/2) / 2 + PE
    Total System Jitter     (TSJ):    0.071ns
    Discrete Jitter          (DJ):    0.248ns
    Phase Error              (PE):    0.000ns
  Clock Net Delay (Source):      3.057ns (routing 1.584ns, distribution 1.473ns)
  Clock Net Delay (Destination): 2.719ns (routing 1.450ns, distribution 1.269ns)

    Location             Delay type                Incr(ns)  Path(ns)    Netlist Resource(s)
  -------------------------------------------------------------------    -------------------
                         (clock clk_pl_0 rise edge)
                                                      0.000     0.000 r  
    PS8_X0Y0             PS8                          0.000     0.000 r  gemm_block_i/zynq_ultra_ps_e_0/inst/PS8_i/PLCLK[0]
                         net (fo=1, routed)           0.229     0.229    gemm_block_i/zynq_ultra_ps_e_0/inst/pl_clk_unbuffered[0]
    BUFG_PS_X0Y80        BUFG_PS (Prop_BUFG_PS_I_O)
                                                      0.038     0.267 r  gemm_block_i/zynq_ultra_ps_e_0/inst/buffer_pl_clk_0.PL_CLK_0_BUFG/O
    X1Y1 (CLOCK_ROOT)    net (fo=58594, routed)       3.057     3.324    gemm_block_i/gemm_accelerator_0/inst/bram_A/aclk
    SLICE_X22Y105        FDRE                                         r  gemm_block_i/gemm_accelerator_0/inst/bram_A/wr_ptr_reg[1]_rep__1/C
  -------------------------------------------------------------------    -------------------
    SLICE_X22Y105        FDRE (Prop_EFF2_SLICEL_C_Q)
                                                      0.116     3.440 r  gemm_block_i/gemm_accelerator_0/inst/bram_A/wr_ptr_reg[1]_rep__1/Q
                         net (fo=938, routed)         4.073     7.513    gemm_block_i/gemm_accelerator_0/inst/bram_A/ram_0_reg_960_1023_0_6/ADDRH1
    SLICE_X35Y131        RAMD64E                                      r  gemm_block_i/gemm_accelerator_0/inst/bram_A/ram_0_reg_960_1023_0_6/RAMB/WADR1
  -------------------------------------------------------------------    -------------------

                         (clock clk_pl_0 rise edge)
                                                      5.000     5.000 r  
    PS8_X0Y0             PS8                          0.000     5.000 r  gemm_block_i/zynq_ultra_ps_e_0/inst/PS8_i/PLCLK[0]
                         net (fo=1, routed)           0.181     5.181    gemm_block_i/zynq_ultra_ps_e_0/inst/pl_clk_unbuffered[0]
    BUFG_PS_X0Y80        BUFG_PS (Prop_BUFG_PS_I_O)
                                                      0.035     5.216 r  gemm_block_i/zynq_ultra_ps_e_0/inst/buffer_pl_clk_0.PL_CLK_0_BUFG/O
    X1Y1 (CLOCK_ROOT)    net (fo=58594, routed)       2.719     7.935    gemm_block_i/gemm_accelerator_0/inst/bram_A/ram_0_reg_960_1023_0_6/WCLK
    SLICE_X35Y131        RAMD64E                                      r  gemm_block_i/gemm_accelerator_0/inst/bram_A/ram_0_reg_960_1023_0_6/RAMB/CLK
                         clock pessimism              0.185     8.120    
                         clock uncertainty           -0.129     7.991    
    SLICE_X35Y131        RAMD64E (Setup_B6LUT_SLICEM_CLK_WADR1)
                                                     -0.157     7.834    gemm_block_i/gemm_accelerator_0/inst/bram_A/ram_0_reg_960_1023_0_6/RAMB
  -------------------------------------------------------------------
                         required time                          7.834    
                         arrival time                          -7.513    
  -------------------------------------------------------------------
                         slack                                  0.321    





Min Delay Paths
--------------------------------------------------------------------------------------
Slack (MET) :             0.009ns  (arrival time - required time)
  Source:                 gemm_block_i/gemm_accelerator_0/inst/systolic_array_inst/ROW[6].COL[3].u_pe/u_mac/psum_out_reg[19]/C
                            (rising edge-triggered cell FDRE clocked by clk_pl_0  {rise@0.000ns fall@2.500ns period=5.000ns})
  Destination:            gemm_block_i/gemm_accelerator_0/inst/systolic_array_inst/ROW[6].COL[3].u_pe/hold_psum_reg[19]/D
                            (rising edge-triggered cell FDRE clocked by clk_pl_0  {rise@0.000ns fall@2.500ns period=5.000ns})
  Path Group:             clk_pl_0
  Path Type:              Hold (Min at Slow Process Corner)
  Requirement:            0.000ns  (clk_pl_0 rise@0.000ns - clk_pl_0 rise@0.000ns)
  Data Path Delay:        0.312ns  (logic 0.163ns (52.244%)  route 0.149ns (47.756%))
  Logic Levels:           1  (LUT3=1)
  Clock Path Skew:        0.202ns (DCD - SCD - CPR)
    Destination Clock Delay (DCD):    3.357ns
    Source Clock Delay      (SCD):    2.970ns
    Clock Pessimism Removal (CPR):    0.185ns
  Clock Net Delay (Source):      2.754ns (routing 1.450ns, distribution 1.304ns)
  Clock Net Delay (Destination): 3.090ns (routing 1.584ns, distribution 1.506ns)

    Location             Delay type                Incr(ns)  Path(ns)    Netlist Resource(s)
  -------------------------------------------------------------------    -------------------
                         (clock clk_pl_0 rise edge)
                                                      0.000     0.000 r  
    PS8_X0Y0             PS8                          0.000     0.000 r  gemm_block_i/zynq_ultra_ps_e_0/inst/PS8_i/PLCLK[0]
                         net (fo=1, routed)           0.181     0.181    gemm_block_i/zynq_ultra_ps_e_0/inst/pl_clk_unbuffered[0]
    BUFG_PS_X0Y80        BUFG_PS (Prop_BUFG_PS_I_O)
                                                      0.035     0.216 r  gemm_block_i/zynq_ultra_ps_e_0/inst/buffer_pl_clk_0.PL_CLK_0_BUFG/O
    X1Y1 (CLOCK_ROOT)    net (fo=58594, routed)       2.754     2.970    gemm_block_i/gemm_accelerator_0/inst/systolic_array_inst/ROW[6].COL[3].u_pe/u_mac/aclk
    SLICE_X47Y119        FDRE                                         r  gemm_block_i/gemm_accelerator_0/inst/systolic_array_inst/ROW[6].COL[3].u_pe/u_mac/psum_out_reg[19]/C
  -------------------------------------------------------------------    -------------------
    SLICE_X47Y119        FDRE (Prop_EFF_SLICEL_C_Q)
                                                      0.112     3.082 r  gemm_block_i/gemm_accelerator_0/inst/systolic_array_inst/ROW[6].COL[3].u_pe/u_mac/psum_out_reg[19]/Q
                         net (fo=1, routed)           0.120     3.202    gemm_block_i/gemm_accelerator_0/inst/systolic_array_inst/ROW[6].COL[3].u_pe/u_mac/mac_psum_out[19]
    SLICE_X47Y120        LUT3 (Prop_D6LUT_SLICEL_I0_O)
                                                      0.051     3.253 r  gemm_block_i/gemm_accelerator_0/inst/systolic_array_inst/ROW[6].COL[3].u_pe/u_mac/hold_psum[19]_i_1__82/O
                         net (fo=1, routed)           0.029     3.282    gemm_block_i/gemm_accelerator_0/inst/systolic_array_inst/ROW[6].COL[3].u_pe/p_2_in[19]
    SLICE_X47Y120        FDRE                                         r  gemm_block_i/gemm_accelerator_0/inst/systolic_array_inst/ROW[6].COL[3].u_pe/hold_psum_reg[19]/D
  -------------------------------------------------------------------    -------------------

                         (clock clk_pl_0 rise edge)
                                                      0.000     0.000 r  
    PS8_X0Y0             PS8                          0.000     0.000 r  gemm_block_i/zynq_ultra_ps_e_0/inst/PS8_i/PLCLK[0]
                         net (fo=1, routed)           0.229     0.229    gemm_block_i/zynq_ultra_ps_e_0/inst/pl_clk_unbuffered[0]
    BUFG_PS_X0Y80        BUFG_PS (Prop_BUFG_PS_I_O)
                                                      0.038     0.267 r  gemm_block_i/zynq_ultra_ps_e_0/inst/buffer_pl_clk_0.PL_CLK_0_BUFG/O
    X1Y1 (CLOCK_ROOT)    net (fo=58594, routed)       3.090     3.357    gemm_block_i/gemm_accelerator_0/inst/systolic_array_inst/ROW[6].COL[3].u_pe/aclk
    SLICE_X47Y120        FDRE                                         r  gemm_block_i/gemm_accelerator_0/inst/systolic_array_inst/ROW[6].COL[3].u_pe/hold_psum_reg[19]/C
                         clock pessimism             -0.185     3.172    
    SLICE_X47Y120        FDRE (Hold_DFF_SLICEL_C_D)
                                                      0.101     3.273    gemm_block_i/gemm_accelerator_0/inst/systolic_array_inst/ROW[6].COL[3].u_pe/hold_psum_reg[19]
  -------------------------------------------------------------------
                         required time                         -3.273    
                         arrival time                           3.282    
  -------------------------------------------------------------------
                         slack                                  0.009    

Slack (MET) :             0.010ns  (arrival time - required time)
  Source:                 gemm_block_i/axi_dma_1/U0/I_PRMRY_DATAMOVER/GEN_S2MM_FULL.I_S2MM_FULL_WRAPPER/GEN_INCLUDE_REALIGNER.I_S2MM_REALIGNER/GEN_INCLUDE_SCATTER.I_S2MM_SCATTER/I_MSSAI_SKID_BUF/sig_data_reg_out_reg[230]/C
                            (rising edge-triggered cell FDRE clocked by clk_pl_0  {rise@0.000ns fall@2.500ns period=5.000ns})
  Destination:            gemm_block_i/axi_dma_1/U0/I_PRMRY_DATAMOVER/GEN_S2MM_FULL.I_S2MM_FULL_WRAPPER/GEN_ENABLE_INDET_BTT_SF.I_INDET_BTT/I_DATA_FIFO/BLK_MEM.I_SYNC_FIFOGEN_FIFO/xpm_fifo_base_inst/gen_sdpram.xpm_memory_base_inst/gen_wr_a.gen_word_narrow.mem_reg_3/DINADIN[14]
                            (rising edge-triggered cell RAMB36E2 clocked by clk_pl_0  {rise@0.000ns fall@2.500ns period=5.000ns})
  Path Group:             clk_pl_0
  Path Type:              Hold (Min at Slow Process Corner)
  Requirement:            0.000ns  (clk_pl_0 rise@0.000ns - clk_pl_0 rise@0.000ns)
  Data Path Delay:        0.213ns  (logic 0.112ns (52.582%)  route 0.101ns (47.418%))
  Logic Levels:           0  
  Clock Path Skew:        0.251ns (DCD - SCD - CPR)
    Destination Clock Delay (DCD):    3.507ns
    Source Clock Delay      (SCD):    3.017ns
    Clock Pessimism Removal (CPR):    0.238ns
  Clock Net Delay (Source):      2.801ns (routing 1.450ns, distribution 1.351ns)
  Clock Net Delay (Destination): 3.240ns (routing 1.584ns, distribution 1.656ns)

    Location             Delay type                Incr(ns)  Path(ns)    Netlist Resource(s)
  -------------------------------------------------------------------    -------------------
                         (clock clk_pl_0 rise edge)
                                                      0.000     0.000 r  
    PS8_X0Y0             PS8                          0.000     0.000 r  gemm_block_i/zynq_ultra_ps_e_0/inst/PS8_i/PLCLK[0]
                         net (fo=1, routed)           0.181     0.181    gemm_block_i/zynq_ultra_ps_e_0/inst/pl_clk_unbuffered[0]
    BUFG_PS_X0Y80        BUFG_PS (Prop_BUFG_PS_I_O)
                                                      0.035     0.216 r  gemm_block_i/zynq_ultra_ps_e_0/inst/buffer_pl_clk_0.PL_CLK_0_BUFG/O
    X1Y1 (CLOCK_ROOT)    net (fo=58594, routed)       2.801     3.017    gemm_block_i/axi_dma_1/U0/I_PRMRY_DATAMOVER/GEN_S2MM_FULL.I_S2MM_FULL_WRAPPER/GEN_INCLUDE_REALIGNER.I_S2MM_REALIGNER/GEN_INCLUDE_SCATTER.I_S2MM_SCATTER/I_MSSAI_SKID_BUF/m_axi_s2mm_aclk
    SLICE_X51Y57         FDRE                                         r  gemm_block_i/axi_dma_1/U0/I_PRMRY_DATAMOVER/GEN_S2MM_FULL.I_S2MM_FULL_WRAPPER/GEN_INCLUDE_REALIGNER.I_S2MM_REALIGNER/GEN_INCLUDE_SCATTER.I_S2MM_SCATTER/I_MSSAI_SKID_BUF/sig_data_reg_out_reg[230]/C
  -------------------------------------------------------------------    -------------------
    SLICE_X51Y57         FDRE (Prop_CFF_SLICEL_C_Q)
                                                      0.112     3.129 r  gemm_block_i/axi_dma_1/U0/I_PRMRY_DATAMOVER/GEN_S2MM_FULL.I_S2MM_FULL_WRAPPER/GEN_INCLUDE_REALIGNER.I_S2MM_REALIGNER/GEN_INCLUDE_SCATTER.I_S2MM_SCATTER/I_MSSAI_SKID_BUF/sig_data_reg_out_reg[230]/Q
                         net (fo=1, routed)           0.101     3.230    gemm_block_i/axi_dma_1/U0/I_PRMRY_DATAMOVER/GEN_S2MM_FULL.I_S2MM_FULL_WRAPPER/GEN_ENABLE_INDET_BTT_SF.I_INDET_BTT/I_DATA_FIFO/BLK_MEM.I_SYNC_FIFOGEN_FIFO/xpm_fifo_base_inst/gen_sdpram.xpm_memory_base_inst/dina[230]
    RAMB36_X2Y11         RAMB36E2                                     r  gemm_block_i/axi_dma_1/U0/I_PRMRY_DATAMOVER/GEN_S2MM_FULL.I_S2MM_FULL_WRAPPER/GEN_ENABLE_INDET_BTT_SF.I_INDET_BTT/I_DATA_FIFO/BLK_MEM.I_SYNC_FIFOGEN_FIFO/xpm_fifo_base_inst/gen_sdpram.xpm_memory_base_inst/gen_wr_a.gen_word_narrow.mem_reg_3/DINADIN[14]
  -------------------------------------------------------------------    -------------------

                         (clock clk_pl_0 rise edge)
                                                      0.000     0.000 r  
    PS8_X0Y0             PS8                          0.000     0.000 r  gemm_block_i/zynq_ultra_ps_e_0/inst/PS8_i/PLCLK[0]
                         net (fo=1, routed)           0.229     0.229    gemm_block_i/zynq_ultra_ps_e_0/inst/pl_clk_unbuffered[0]
    BUFG_PS_X0Y80        BUFG_PS (Prop_BUFG_PS_I_O)
                                                      0.038     0.267 r  gemm_block_i/zynq_ultra_ps_e_0/inst/buffer_pl_clk_0.PL_CLK_0_BUFG/O
    X1Y1 (CLOCK_ROOT)    net (fo=58594, routed)       3.240     3.507    gemm_block_i/axi_dma_1/U0/I_PRMRY_DATAMOVER/GEN_S2MM_FULL.I_S2MM_FULL_WRAPPER/GEN_ENABLE_INDET_BTT_SF.I_INDET_BTT/I_DATA_FIFO/BLK_MEM.I_SYNC_FIFOGEN_FIFO/xpm_fifo_base_inst/gen_sdpram.xpm_memory_base_inst/clka
    RAMB36_X2Y11         RAMB36E2                                     r  gemm_block_i/axi_dma_1/U0/I_PRMRY_DATAMOVER/GEN_S2MM_FULL.I_S2MM_FULL_WRAPPER/GEN_ENABLE_INDET_BTT_SF.I_INDET_BTT/I_DATA_FIFO/BLK_MEM.I_SYNC_FIFOGEN_FIFO/xpm_fifo_base_inst/gen_sdpram.xpm_memory_base_inst/gen_wr_a.gen_word_narrow.mem_reg_3/CLKBWRCLK
                         clock pessimism             -0.238     3.269    
    RAMB36_X2Y11         RAMB36E2 (Hold_RAMB36E2_RAMB36_CLKBWRCLK_DINADIN[14])
                                                     -0.048     3.221    gemm_block_i/axi_dma_1/U0/I_PRMRY_DATAMOVER/GEN_S2MM_FULL.I_S2MM_FULL_WRAPPER/GEN_ENABLE_INDET_BTT_SF.I_INDET_BTT/I_DATA_FIFO/BLK_MEM.I_SYNC_FIFOGEN_FIFO/xpm_fifo_base_inst/gen_sdpram.xpm_memory_base_inst/gen_wr_a.gen_word_narrow.mem_reg_3
  -------------------------------------------------------------------
                         required time                         -3.221    
                         arrival time                           3.230    
  -------------------------------------------------------------------
                         slack                                  0.010    

Slack (MET) :             0.010ns  (arrival time - required time)
  Source:                 gemm_block_i/axi_dma_0/U0/I_PRMRY_DATAMOVER/GEN_MM2S_FULL.I_MM2S_FULL_WRAPPER/I_ADDR_CNTL/sig_next_addr_reg_reg[21]/C
                            (rising edge-triggered cell FDRE clocked by clk_pl_0  {rise@0.000ns fall@2.500ns period=5.000ns})
  Destination:            gemm_block_i/axi_smc_1/inst/s00_entry_pipeline/s00_mmu/inst/ar_sreg/skid_buffer_reg[1082]/D
                            (rising edge-triggered cell FDRE clocked by clk_pl_0  {rise@0.000ns fall@2.500ns period=5.000ns})
  Path Group:             clk_pl_0
  Path Type:              Hold (Min at Slow Process Corner)
  Requirement:            0.000ns  (clk_pl_0 rise@0.000ns - clk_pl_0 rise@0.000ns)
  Data Path Delay:        0.244ns  (logic 0.111ns (45.428%)  route 0.133ns (54.572%))
  Logic Levels:           0  
  Clock Path Skew:        0.131ns (DCD - SCD - CPR)
    Destination Clock Delay (DCD):    3.397ns
    Source Clock Delay      (SCD):    3.025ns
    Clock Pessimism Removal (CPR):    0.240ns
  Clock Net Delay (Source):      2.809ns (routing 1.450ns, distribution 1.359ns)
  Clock Net Delay (Destination): 3.130ns (routing 1.584ns, distribution 1.546ns)

    Location             Delay type                Incr(ns)  Path(ns)    Netlist Resource(s)
  -------------------------------------------------------------------    -------------------
                         (clock clk_pl_0 rise edge)
                                                      0.000     0.000 r  
    PS8_X0Y0             PS8                          0.000     0.000 r  gemm_block_i/zynq_ultra_ps_e_0/inst/PS8_i/PLCLK[0]
                         net (fo=1, routed)           0.181     0.181    gemm_block_i/zynq_ultra_ps_e_0/inst/pl_clk_unbuffered[0]
    BUFG_PS_X0Y80        BUFG_PS (Prop_BUFG_PS_I_O)
                                                      0.035     0.216 r  gemm_block_i/zynq_ultra_ps_e_0/inst/buffer_pl_clk_0.PL_CLK_0_BUFG/O
    X1Y1 (CLOCK_ROOT)    net (fo=58594, routed)       2.809     3.025    gemm_block_i/axi_dma_0/U0/I_PRMRY_DATAMOVER/GEN_MM2S_FULL.I_MM2S_FULL_WRAPPER/I_ADDR_CNTL/s_axi_lite_aclk
    SLICE_X4Y92          FDRE                                         r  gemm_block_i/axi_dma_0/U0/I_PRMRY_DATAMOVER/GEN_MM2S_FULL.I_MM2S_FULL_WRAPPER/I_ADDR_CNTL/sig_next_addr_reg_reg[21]/C
  -------------------------------------------------------------------    -------------------
    SLICE_X4Y92          FDRE (Prop_FFF_SLICEM_C_Q)
                                                      0.111     3.136 r  gemm_block_i/axi_dma_0/U0/I_PRMRY_DATAMOVER/GEN_MM2S_FULL.I_MM2S_FULL_WRAPPER/I_ADDR_CNTL/sig_next_addr_reg_reg[21]/Q
                         net (fo=2, routed)           0.133     3.269    gemm_block_i/axi_smc_1/inst/s00_entry_pipeline/s00_mmu/inst/ar_sreg/skid_buffer_reg[1132]_0[23]
    SLICE_X2Y91          FDRE                                         r  gemm_block_i/axi_smc_1/inst/s00_entry_pipeline/s00_mmu/inst/ar_sreg/skid_buffer_reg[1082]/D
  -------------------------------------------------------------------    -------------------

                         (clock clk_pl_0 rise edge)
                                                      0.000     0.000 r  
    PS8_X0Y0             PS8                          0.000     0.000 r  gemm_block_i/zynq_ultra_ps_e_0/inst/PS8_i/PLCLK[0]
                         net (fo=1, routed)           0.229     0.229    gemm_block_i/zynq_ultra_ps_e_0/inst/pl_clk_unbuffered[0]
    BUFG_PS_X0Y80        BUFG_PS (Prop_BUFG_PS_I_O)
                                                      0.038     0.267 r  gemm_block_i/zynq_ultra_ps_e_0/inst/buffer_pl_clk_0.PL_CLK_0_BUFG/O
    X1Y1 (CLOCK_ROOT)    net (fo=58594, routed)       3.130     3.397    gemm_block_i/axi_smc_1/inst/s00_entry_pipeline/s00_mmu/inst/ar_sreg/aclk
    SLICE_X2Y91          FDRE                                         r  gemm_block_i/axi_smc_1/inst/s00_entry_pipeline/s00_mmu/inst/ar_sreg/skid_buffer_reg[1082]/C
                         clock pessimism             -0.240     3.157    
    SLICE_X2Y91          FDRE (Hold_HFF2_SLICEM_C_D)
                                                      0.103     3.260    gemm_block_i/axi_smc_1/inst/s00_entry_pipeline/s00_mmu/inst/ar_sreg/skid_buffer_reg[1082]
  -------------------------------------------------------------------
                         required time                         -3.260    
                         arrival time                           3.269    
  -------------------------------------------------------------------
                         slack                                  0.010    

Slack (MET) :             0.010ns  (arrival time - required time)
  Source:                 gemm_block_i/axi_smc_1/inst/m00_nodes/m00_r_node/inst/inst_mi_handler/gen_normal_area.inst_fifo_node_payld/gen_xpm_memory_fifo.inst_fifo/gen_mem_rep[1].inst_xpm_memory/xpm_memory_base_inst/gen_rd_b.gen_rd_b_synth_template.gen_rf_narrow_reg.doutb_reg_reg[104]/C
                            (rising edge-triggered cell FDRE clocked by clk_pl_0  {rise@0.000ns fall@2.500ns period=5.000ns})
  Destination:            gemm_block_i/axi_smc_1/inst/switchboards/r_switchboard/inst/gen_mi[0].inst_opipe_payld/gen_pipe[1].pipe_reg[1][283]/D
                            (rising edge-triggered cell FDRE clocked by clk_pl_0  {rise@0.000ns fall@2.500ns period=5.000ns})
  Path Group:             clk_pl_0
  Path Type:              Hold (Min at Slow Process Corner)
  Requirement:            0.000ns  (clk_pl_0 rise@0.000ns - clk_pl_0 rise@0.000ns)
  Data Path Delay:        0.250ns  (logic 0.115ns (46.000%)  route 0.135ns (54.000%))
  Logic Levels:           0  
  Clock Path Skew:        0.138ns (DCD - SCD - CPR)
    Destination Clock Delay (DCD):    3.434ns
    Source Clock Delay      (SCD):    3.056ns
    Clock Pessimism Removal (CPR):    0.240ns
  Clock Net Delay (Source):      2.840ns (routing 1.450ns, distribution 1.390ns)
  Clock Net Delay (Destination): 3.167ns (routing 1.584ns, distribution 1.583ns)

    Location             Delay type                Incr(ns)  Path(ns)    Netlist Resource(s)
  -------------------------------------------------------------------    -------------------
                         (clock clk_pl_0 rise edge)
                                                      0.000     0.000 r  
    PS8_X0Y0             PS8                          0.000     0.000 r  gemm_block_i/zynq_ultra_ps_e_0/inst/PS8_i/PLCLK[0]
                         net (fo=1, routed)           0.181     0.181    gemm_block_i/zynq_ultra_ps_e_0/inst/pl_clk_unbuffered[0]
    BUFG_PS_X0Y80        BUFG_PS (Prop_BUFG_PS_I_O)
                                                      0.035     0.216 r  gemm_block_i/zynq_ultra_ps_e_0/inst/buffer_pl_clk_0.PL_CLK_0_BUFG/O
    X1Y1 (CLOCK_ROOT)    net (fo=58594, routed)       2.840     3.056    gemm_block_i/axi_smc_1/inst/m00_nodes/m00_r_node/inst/inst_mi_handler/gen_normal_area.inst_fifo_node_payld/gen_xpm_memory_fifo.inst_fifo/gen_mem_rep[1].inst_xpm_memory/xpm_memory_base_inst/clka
    SLICE_X4Y70          FDRE                                         r  gemm_block_i/axi_smc_1/inst/m00_nodes/m00_r_node/inst/inst_mi_handler/gen_normal_area.inst_fifo_node_payld/gen_xpm_memory_fifo.inst_fifo/gen_mem_rep[1].inst_xpm_memory/xpm_memory_base_inst/gen_rd_b.gen_rd_b_synth_template.gen_rf_narrow_reg.doutb_reg_reg[104]/C
  -------------------------------------------------------------------    -------------------
    SLICE_X4Y70          FDRE (Prop_DFF2_SLICEM_C_Q)
                                                      0.115     3.171 r  gemm_block_i/axi_smc_1/inst/m00_nodes/m00_r_node/inst/inst_mi_handler/gen_normal_area.inst_fifo_node_payld/gen_xpm_memory_fifo.inst_fifo/gen_mem_rep[1].inst_xpm_memory/xpm_memory_base_inst/gen_rd_b.gen_rd_b_synth_template.gen_rf_narrow_reg.doutb_reg_reg[104]/Q
                         net (fo=1, routed)           0.135     3.306    gemm_block_i/axi_smc_1/inst/switchboards/r_switchboard/inst/gen_mi[0].inst_opipe_payld/s_sc_payld[271]
    SLICE_X6Y70          FDRE                                         r  gemm_block_i/axi_smc_1/inst/switchboards/r_switchboard/inst/gen_mi[0].inst_opipe_payld/gen_pipe[1].pipe_reg[1][283]/D
  -------------------------------------------------------------------    -------------------

                         (clock clk_pl_0 rise edge)
                                                      0.000     0.000 r  
    PS8_X0Y0             PS8                          0.000     0.000 r  gemm_block_i/zynq_ultra_ps_e_0/inst/PS8_i/PLCLK[0]
                         net (fo=1, routed)           0.229     0.229    gemm_block_i/zynq_ultra_ps_e_0/inst/pl_clk_unbuffered[0]
    BUFG_PS_X0Y80        BUFG_PS (Prop_BUFG_PS_I_O)
                                                      0.038     0.267 r  gemm_block_i/zynq_ultra_ps_e_0/inst/buffer_pl_clk_0.PL_CLK_0_BUFG/O
    X1Y1 (CLOCK_ROOT)    net (fo=58594, routed)       3.167     3.434    gemm_block_i/axi_smc_1/inst/switchboards/r_switchboard/inst/gen_mi[0].inst_opipe_payld/aclk
    SLICE_X6Y70          FDRE                                         r  gemm_block_i/axi_smc_1/inst/switchboards/r_switchboard/inst/gen_mi[0].inst_opipe_payld/gen_pipe[1].pipe_reg[1][283]/C
                         clock pessimism             -0.240     3.194    
    SLICE_X6Y70          FDRE (Hold_EFF2_SLICEL_C_D)
                                                      0.102     3.296    gemm_block_i/axi_smc_1/inst/switchboards/r_switchboard/inst/gen_mi[0].inst_opipe_payld/gen_pipe[1].pipe_reg[1][283]
  -------------------------------------------------------------------
                         required time                         -3.296    
                         arrival time                           3.306    
  -------------------------------------------------------------------
                         slack                                  0.010    

Slack (MET) :             0.010ns  (arrival time - required time)
  Source:                 gemm_block_i/axi_dma_1/U0/I_PRMRY_DATAMOVER/GEN_S2MM_FULL.I_S2MM_FULL_WRAPPER/GEN_INCLUDE_REALIGNER.I_S2MM_REALIGNER/GEN_INCLUDE_SCATTER.I_S2MM_SCATTER/I_MSSAI_SKID_BUF/sig_data_reg_out_reg[276]/C
                            (rising edge-triggered cell FDRE clocked by clk_pl_0  {rise@0.000ns fall@2.500ns period=5.000ns})
  Destination:            gemm_block_i/axi_dma_1/U0/I_PRMRY_DATAMOVER/GEN_S2MM_FULL.I_S2MM_FULL_WRAPPER/GEN_ENABLE_INDET_BTT_SF.I_INDET_BTT/I_DATA_FIFO/BLK_MEM.I_SYNC_FIFOGEN_FIFO/xpm_fifo_base_inst/gen_sdpram.xpm_memory_base_inst/gen_wr_a.gen_word_narrow.mem_reg_3/DINBDIN[28]
                            (rising edge-triggered cell RAMB36E2 clocked by clk_pl_0  {rise@0.000ns fall@2.500ns period=5.000ns})
  Path Group:             clk_pl_0
  Path Type:              Hold (Min at Slow Process Corner)
  Requirement:            0.000ns  (clk_pl_0 rise@0.000ns - clk_pl_0 rise@0.000ns)
  Data Path Delay:        0.217ns  (logic 0.111ns (51.152%)  route 0.106ns (48.848%))
  Logic Levels:           0  
  Clock Path Skew:        0.255ns (DCD - SCD - CPR)
    Destination Clock Delay (DCD):    3.507ns
    Source Clock Delay      (SCD):    3.014ns
    Clock Pessimism Removal (CPR):    0.238ns
  Clock Net Delay (Source):      2.798ns (routing 1.450ns, distribution 1.348ns)
  Clock Net Delay (Destination): 3.240ns (routing 1.584ns, distribution 1.656ns)

    Location             Delay type                Incr(ns)  Path(ns)    Netlist Resource(s)
  -------------------------------------------------------------------    -------------------
                         (clock clk_pl_0 rise edge)
                                                      0.000     0.000 r  
    PS8_X0Y0             PS8                          0.000     0.000 r  gemm_block_i/zynq_ultra_ps_e_0/inst/PS8_i/PLCLK[0]
                         net (fo=1, routed)           0.181     0.181    gemm_block_i/zynq_ultra_ps_e_0/inst/pl_clk_unbuffered[0]
    BUFG_PS_X0Y80        BUFG_PS (Prop_BUFG_PS_I_O)
                                                      0.035     0.216 r  gemm_block_i/zynq_ultra_ps_e_0/inst/buffer_pl_clk_0.PL_CLK_0_BUFG/O
    X1Y1 (CLOCK_ROOT)    net (fo=58594, routed)       2.798     3.014    gemm_block_i/axi_dma_1/U0/I_PRMRY_DATAMOVER/GEN_S2MM_FULL.I_S2MM_FULL_WRAPPER/GEN_INCLUDE_REALIGNER.I_S2MM_REALIGNER/GEN_INCLUDE_SCATTER.I_S2MM_SCATTER/I_MSSAI_SKID_BUF/m_axi_s2mm_aclk
    SLICE_X53Y55         FDRE                                         r  gemm_block_i/axi_dma_1/U0/I_PRMRY_DATAMOVER/GEN_S2MM_FULL.I_S2MM_FULL_WRAPPER/GEN_INCLUDE_REALIGNER.I_S2MM_REALIGNER/GEN_INCLUDE_SCATTER.I_S2MM_SCATTER/I_MSSAI_SKID_BUF/sig_data_reg_out_reg[276]/C
  -------------------------------------------------------------------    -------------------
    SLICE_X53Y55         FDRE (Prop_FFF_SLICEM_C_Q)
                                                      0.111     3.125 r  gemm_block_i/axi_dma_1/U0/I_PRMRY_DATAMOVER/GEN_S2MM_FULL.I_S2MM_FULL_WRAPPER/GEN_INCLUDE_REALIGNER.I_S2MM_REALIGNER/GEN_INCLUDE_SCATTER.I_S2MM_SCATTER/I_MSSAI_SKID_BUF/sig_data_reg_out_reg[276]/Q
                         net (fo=1, routed)           0.106     3.231    gemm_block_i/axi_dma_1/U0/I_PRMRY_DATAMOVER/GEN_S2MM_FULL.I_S2MM_FULL_WRAPPER/GEN_ENABLE_INDET_BTT_SF.I_INDET_BTT/I_DATA_FIFO/BLK_MEM.I_SYNC_FIFOGEN_FIFO/xpm_fifo_base_inst/gen_sdpram.xpm_memory_base_inst/dina[276]
    RAMB36_X2Y11         RAMB36E2                                     r  gemm_block_i/axi_dma_1/U0/I_PRMRY_DATAMOVER/GEN_S2MM_FULL.I_S2MM_FULL_WRAPPER/GEN_ENABLE_INDET_BTT_SF.I_INDET_BTT/I_DATA_FIFO/BLK_MEM.I_SYNC_FIFOGEN_FIFO/xpm_fifo_base_inst/gen_sdpram.xpm_memory_base_inst/gen_wr_a.gen_word_narrow.mem_reg_3/DINBDIN[28]
  -------------------------------------------------------------------    -------------------

                         (clock clk_pl_0 rise edge)
                                                      0.000     0.000 r  
    PS8_X0Y0             PS8                          0.000     0.000 r  gemm_block_i/zynq_ultra_ps_e_0/inst/PS8_i/PLCLK[0]
                         net (fo=1, routed)           0.229     0.229    gemm_block_i/zynq_ultra_ps_e_0/inst/pl_clk_unbuffered[0]
    BUFG_PS_X0Y80        BUFG_PS (Prop_BUFG_PS_I_O)
                                                      0.038     0.267 r  gemm_block_i/zynq_ultra_ps_e_0/inst/buffer_pl_clk_0.PL_CLK_0_BUFG/O
    X1Y1 (CLOCK_ROOT)    net (fo=58594, routed)       3.240     3.507    gemm_block_i/axi_dma_1/U0/I_PRMRY_DATAMOVER/GEN_S2MM_FULL.I_S2MM_FULL_WRAPPER/GEN_ENABLE_INDET_BTT_SF.I_INDET_BTT/I_DATA_FIFO/BLK_MEM.I_SYNC_FIFOGEN_FIFO/xpm_fifo_base_inst/gen_sdpram.xpm_memory_base_inst/clka
    RAMB36_X2Y11         RAMB36E2                                     r  gemm_block_i/axi_dma_1/U0/I_PRMRY_DATAMOVER/GEN_S2MM_FULL.I_S2MM_FULL_WRAPPER/GEN_ENABLE_INDET_BTT_SF.I_INDET_BTT/I_DATA_FIFO/BLK_MEM.I_SYNC_FIFOGEN_FIFO/xpm_fifo_base_inst/gen_sdpram.xpm_memory_base_inst/gen_wr_a.gen_word_narrow.mem_reg_3/CLKBWRCLK
                         clock pessimism             -0.238     3.269    
    RAMB36_X2Y11         RAMB36E2 (Hold_RAMB36E2_RAMB36_CLKBWRCLK_DINBDIN[28])
                                                     -0.048     3.221    gemm_block_i/axi_dma_1/U0/I_PRMRY_DATAMOVER/GEN_S2MM_FULL.I_S2MM_FULL_WRAPPER/GEN_ENABLE_INDET_BTT_SF.I_INDET_BTT/I_DATA_FIFO/BLK_MEM.I_SYNC_FIFOGEN_FIFO/xpm_fifo_base_inst/gen_sdpram.xpm_memory_base_inst/gen_wr_a.gen_word_narrow.mem_reg_3
  -------------------------------------------------------------------
                         required time                         -3.221    
                         arrival time                           3.231    
  -------------------------------------------------------------------
                         slack                                  0.010    

Slack (MET) :             0.011ns  (arrival time - required time)
  Source:                 gemm_block_i/axi_dma_1/U0/I_PRMRY_DATAMOVER/GEN_S2MM_FULL.I_S2MM_FULL_WRAPPER/GEN_INCLUDE_REALIGNER.I_S2MM_REALIGNER/GEN_INCLUDE_SCATTER.I_S2MM_SCATTER/I_MSSAI_SKID_BUF/sig_data_reg_out_reg[124]/C
                            (rising edge-triggered cell FDRE clocked by clk_pl_0  {rise@0.000ns fall@2.500ns period=5.000ns})
  Destination:            gemm_block_i/axi_dma_1/U0/I_PRMRY_DATAMOVER/GEN_S2MM_FULL.I_S2MM_FULL_WRAPPER/GEN_ENABLE_INDET_BTT_SF.I_INDET_BTT/I_DATA_FIFO/BLK_MEM.I_SYNC_FIFOGEN_FIFO/xpm_fifo_base_inst/gen_sdpram.xpm_memory_base_inst/gen_wr_a.gen_word_narrow.mem_reg_1/DINBDIN[20]
                            (rising edge-triggered cell RAMB36E2 clocked by clk_pl_0  {rise@0.000ns fall@2.500ns period=5.000ns})
  Path Group:             clk_pl_0
  Path Type:              Hold (Min at Slow Process Corner)
  Requirement:            0.000ns  (clk_pl_0 rise@0.000ns - clk_pl_0 rise@0.000ns)
  Data Path Delay:        0.215ns  (logic 0.112ns (52.093%)  route 0.103ns (47.907%))
  Logic Levels:           0  
  Clock Path Skew:        0.252ns (DCD - SCD - CPR)
    Destination Clock Delay (DCD):    3.473ns
    Source Clock Delay      (SCD):    2.982ns
    Clock Pessimism Removal (CPR):    0.238ns
  Clock Net Delay (Source):      2.766ns (routing 1.450ns, distribution 1.316ns)
  Clock Net Delay (Destination): 3.206ns (routing 1.584ns, distribution 1.622ns)

    Location             Delay type                Incr(ns)  Path(ns)    Netlist Resource(s)
  -------------------------------------------------------------------    -------------------
                         (clock clk_pl_0 rise edge)
                                                      0.000     0.000 r  
    PS8_X0Y0             PS8                          0.000     0.000 r  gemm_block_i/zynq_ultra_ps_e_0/inst/PS8_i/PLCLK[0]
                         net (fo=1, routed)           0.181     0.181    gemm_block_i/zynq_ultra_ps_e_0/inst/pl_clk_unbuffered[0]
    BUFG_PS_X0Y80        BUFG_PS (Prop_BUFG_PS_I_O)
                                                      0.035     0.216 r  gemm_block_i/zynq_ultra_ps_e_0/inst/buffer_pl_clk_0.PL_CLK_0_BUFG/O
    X1Y1 (CLOCK_ROOT)    net (fo=58594, routed)       2.766     2.982    gemm_block_i/axi_dma_1/U0/I_PRMRY_DATAMOVER/GEN_S2MM_FULL.I_S2MM_FULL_WRAPPER/GEN_INCLUDE_REALIGNER.I_S2MM_REALIGNER/GEN_INCLUDE_SCATTER.I_S2MM_SCATTER/I_MSSAI_SKID_BUF/m_axi_s2mm_aclk
    SLICE_X48Y53         FDRE                                         r  gemm_block_i/axi_dma_1/U0/I_PRMRY_DATAMOVER/GEN_S2MM_FULL.I_S2MM_FULL_WRAPPER/GEN_INCLUDE_REALIGNER.I_S2MM_REALIGNER/GEN_INCLUDE_SCATTER.I_S2MM_SCATTER/I_MSSAI_SKID_BUF/sig_data_reg_out_reg[124]/C
  -------------------------------------------------------------------    -------------------
    SLICE_X48Y53         FDRE (Prop_GFF_SLICEL_C_Q)
                                                      0.112     3.094 r  gemm_block_i/axi_dma_1/U0/I_PRMRY_DATAMOVER/GEN_S2MM_FULL.I_S2MM_FULL_WRAPPER/GEN_INCLUDE_REALIGNER.I_S2MM_REALIGNER/GEN_INCLUDE_SCATTER.I_S2MM_SCATTER/I_MSSAI_SKID_BUF/sig_data_reg_out_reg[124]/Q
                         net (fo=1, routed)           0.103     3.197    gemm_block_i/axi_dma_1/U0/I_PRMRY_DATAMOVER/GEN_S2MM_FULL.I_S2MM_FULL_WRAPPER/GEN_ENABLE_INDET_BTT_SF.I_INDET_BTT/I_DATA_FIFO/BLK_MEM.I_SYNC_FIFOGEN_FIFO/xpm_fifo_base_inst/gen_sdpram.xpm_memory_base_inst/dina[124]
    RAMB36_X1Y11         RAMB36E2                                     r  gemm_block_i/axi_dma_1/U0/I_PRMRY_DATAMOVER/GEN_S2MM_FULL.I_S2MM_FULL_WRAPPER/GEN_ENABLE_INDET_BTT_SF.I_INDET_BTT/I_DATA_FIFO/BLK_MEM.I_SYNC_FIFOGEN_FIFO/xpm_fifo_base_inst/gen_sdpram.xpm_memory_base_inst/gen_wr_a.gen_word_narrow.mem_reg_1/DINBDIN[20]
  -------------------------------------------------------------------    -------------------

                         (clock clk_pl_0 rise edge)
                                                      0.000     0.000 r  
    PS8_X0Y0             PS8                          0.000     0.000 r  gemm_block_i/zynq_ultra_ps_e_0/inst/PS8_i/PLCLK[0]
                         net (fo=1, routed)           0.229     0.229    gemm_block_i/zynq_ultra_ps_e_0/inst/pl_clk_unbuffered[0]
    BUFG_PS_X0Y80        BUFG_PS (Prop_BUFG_PS_I_O)
                                                      0.038     0.267 r  gemm_block_i/zynq_ultra_ps_e_0/inst/buffer_pl_clk_0.PL_CLK_0_BUFG/O
    X1Y1 (CLOCK_ROOT)    net (fo=58594, routed)       3.206     3.473    gemm_block_i/axi_dma_1/U0/I_PRMRY_DATAMOVER/GEN_S2MM_FULL.I_S2MM_FULL_WRAPPER/GEN_ENABLE_INDET_BTT_SF.I_INDET_BTT/I_DATA_FIFO/BLK_MEM.I_SYNC_FIFOGEN_FIFO/xpm_fifo_base_inst/gen_sdpram.xpm_memory_base_inst/clka
    RAMB36_X1Y11         RAMB36E2                                     r  gemm_block_i/axi_dma_1/U0/I_PRMRY_DATAMOVER/GEN_S2MM_FULL.I_S2MM_FULL_WRAPPER/GEN_ENABLE_INDET_BTT_SF.I_INDET_BTT/I_DATA_FIFO/BLK_MEM.I_SYNC_FIFOGEN_FIFO/xpm_fifo_base_inst/gen_sdpram.xpm_memory_base_inst/gen_wr_a.gen_word_narrow.mem_reg_1/CLKBWRCLK
                         clock pessimism             -0.238     3.235    
    RAMB36_X1Y11         RAMB36E2 (Hold_RAMB36E2_RAMB36_CLKBWRCLK_DINBDIN[20])
                                                     -0.048     3.187    gemm_block_i/axi_dma_1/U0/I_PRMRY_DATAMOVER/GEN_S2MM_FULL.I_S2MM_FULL_WRAPPER/GEN_ENABLE_INDET_BTT_SF.I_INDET_BTT/I_DATA_FIFO/BLK_MEM.I_SYNC_FIFOGEN_FIFO/xpm_fifo_base_inst/gen_sdpram.xpm_memory_base_inst/gen_wr_a.gen_word_narrow.mem_reg_1
  -------------------------------------------------------------------
                         required time                         -3.187    
                         arrival time                           3.197    
  -------------------------------------------------------------------
                         slack                                  0.011    

Slack (MET) :             0.011ns  (arrival time - required time)
  Source:                 gemm_block_i/axi_dma_1/U0/I_PRMRY_DATAMOVER/GEN_S2MM_FULL.I_S2MM_FULL_WRAPPER/GEN_INCLUDE_REALIGNER.I_S2MM_REALIGNER/GEN_INCLUDE_SCATTER.I_S2MM_SCATTER/I_MSSAI_SKID_BUF/sig_data_reg_out_reg[290]/C
                            (rising edge-triggered cell FDRE clocked by clk_pl_0  {rise@0.000ns fall@2.500ns period=5.000ns})
  Destination:            gemm_block_i/axi_dma_1/U0/I_PRMRY_DATAMOVER/GEN_S2MM_FULL.I_S2MM_FULL_WRAPPER/GEN_ENABLE_INDET_BTT_SF.I_INDET_BTT/I_DATA_FIFO/BLK_MEM.I_SYNC_FIFOGEN_FIFO/xpm_fifo_base_inst/gen_sdpram.xpm_memory_base_inst/gen_wr_a.gen_word_narrow.mem_reg_4/DINADIN[2]
                            (rising edge-triggered cell RAMB36E2 clocked by clk_pl_0  {rise@0.000ns fall@2.500ns period=5.000ns})
  Path Group:             clk_pl_0
  Path Type:              Hold (Min at Slow Process Corner)
  Requirement:            0.000ns  (clk_pl_0 rise@0.000ns - clk_pl_0 rise@0.000ns)
  Data Path Delay:        0.219ns  (logic 0.112ns (51.142%)  route 0.107ns (48.858%))
  Logic Levels:           0  
  Clock Path Skew:        0.256ns (DCD - SCD - CPR)
    Destination Clock Delay (DCD):    3.461ns
    Source Clock Delay      (SCD):    2.966ns
    Clock Pessimism Removal (CPR):    0.238ns
  Clock Net Delay (Source):      2.750ns (routing 1.450ns, distribution 1.300ns)
  Clock Net Delay (Destination): 3.194ns (routing 1.584ns, distribution 1.610ns)

    Location             Delay type                Incr(ns)  Path(ns)    Netlist Resource(s)
  -------------------------------------------------------------------    -------------------
                         (clock clk_pl_0 rise edge)
                                                      0.000     0.000 r  
    PS8_X0Y0             PS8                          0.000     0.000 r  gemm_block_i/zynq_ultra_ps_e_0/inst/PS8_i/PLCLK[0]
                         net (fo=1, routed)           0.181     0.181    gemm_block_i/zynq_ultra_ps_e_0/inst/pl_clk_unbuffered[0]
    BUFG_PS_X0Y80        BUFG_PS (Prop_BUFG_PS_I_O)
                                                      0.035     0.216 r  gemm_block_i/zynq_ultra_ps_e_0/inst/buffer_pl_clk_0.PL_CLK_0_BUFG/O
    X1Y1 (CLOCK_ROOT)    net (fo=58594, routed)       2.750     2.966    gemm_block_i/axi_dma_1/U0/I_PRMRY_DATAMOVER/GEN_S2MM_FULL.I_S2MM_FULL_WRAPPER/GEN_INCLUDE_REALIGNER.I_S2MM_REALIGNER/GEN_INCLUDE_SCATTER.I_S2MM_SCATTER/I_MSSAI_SKID_BUF/m_axi_s2mm_aclk
    SLICE_X48Y35         FDRE                                         r  gemm_block_i/axi_dma_1/U0/I_PRMRY_DATAMOVER/GEN_S2MM_FULL.I_S2MM_FULL_WRAPPER/GEN_INCLUDE_REALIGNER.I_S2MM_REALIGNER/GEN_INCLUDE_SCATTER.I_S2MM_SCATTER/I_MSSAI_SKID_BUF/sig_data_reg_out_reg[290]/C
  -------------------------------------------------------------------    -------------------
    SLICE_X48Y35         FDRE (Prop_DFF_SLICEL_C_Q)
                                                      0.112     3.078 r  gemm_block_i/axi_dma_1/U0/I_PRMRY_DATAMOVER/GEN_S2MM_FULL.I_S2MM_FULL_WRAPPER/GEN_INCLUDE_REALIGNER.I_S2MM_REALIGNER/GEN_INCLUDE_SCATTER.I_S2MM_SCATTER/I_MSSAI_SKID_BUF/sig_data_reg_out_reg[290]/Q
                         net (fo=1, routed)           0.107     3.185    gemm_block_i/axi_dma_1/U0/I_PRMRY_DATAMOVER/GEN_S2MM_FULL.I_S2MM_FULL_WRAPPER/GEN_ENABLE_INDET_BTT_SF.I_INDET_BTT/I_DATA_FIFO/BLK_MEM.I_SYNC_FIFOGEN_FIFO/xpm_fifo_base_inst/gen_sdpram.xpm_memory_base_inst/dina[290]
    RAMB36_X1Y7          RAMB36E2                                     r  gemm_block_i/axi_dma_1/U0/I_PRMRY_DATAMOVER/GEN_S2MM_FULL.I_S2MM_FULL_WRAPPER/GEN_ENABLE_INDET_BTT_SF.I_INDET_BTT/I_DATA_FIFO/BLK_MEM.I_SYNC_FIFOGEN_FIFO/xpm_fifo_base_inst/gen_sdpram.xpm_memory_base_inst/gen_wr_a.gen_word_narrow.mem_reg_4/DINADIN[2]
  -------------------------------------------------------------------    -------------------

                         (clock clk_pl_0 rise edge)
                                                      0.000     0.000 r  
    PS8_X0Y0             PS8                          0.000     0.000 r  gemm_block_i/zynq_ultra_ps_e_0/inst/PS8_i/PLCLK[0]
                         net (fo=1, routed)           0.229     0.229    gemm_block_i/zynq_ultra_ps_e_0/inst/pl_clk_unbuffered[0]
    BUFG_PS_X0Y80        BUFG_PS (Prop_BUFG_PS_I_O)
                                                      0.038     0.267 r  gemm_block_i/zynq_ultra_ps_e_0/inst/buffer_pl_clk_0.PL_CLK_0_BUFG/O
    X1Y1 (CLOCK_ROOT)    net (fo=58594, routed)       3.194     3.461    gemm_block_i/axi_dma_1/U0/I_PRMRY_DATAMOVER/GEN_S2MM_FULL.I_S2MM_FULL_WRAPPER/GEN_ENABLE_INDET_BTT_SF.I_INDET_BTT/I_DATA_FIFO/BLK_MEM.I_SYNC_FIFOGEN_FIFO/xpm_fifo_base_inst/gen_sdpram.xpm_memory_base_inst/clka
    RAMB36_X1Y7          RAMB36E2                                     r  gemm_block_i/axi_dma_1/U0/I_PRMRY_DATAMOVER/GEN_S2MM_FULL.I_S2MM_FULL_WRAPPER/GEN_ENABLE_INDET_BTT_SF.I_INDET_BTT/I_DATA_FIFO/BLK_MEM.I_SYNC_FIFOGEN_FIFO/xpm_fifo_base_inst/gen_sdpram.xpm_memory_base_inst/gen_wr_a.gen_word_narrow.mem_reg_4/CLKBWRCLK
                         clock pessimism             -0.238     3.222    
    RAMB36_X1Y7          RAMB36E2 (Hold_RAMB36E2_RAMB36_CLKBWRCLK_DINADIN[2])
                                                     -0.048     3.174    gemm_block_i/axi_dma_1/U0/I_PRMRY_DATAMOVER/GEN_S2MM_FULL.I_S2MM_FULL_WRAPPER/GEN_ENABLE_INDET_BTT_SF.I_INDET_BTT/I_DATA_FIFO/BLK_MEM.I_SYNC_FIFOGEN_FIFO/xpm_fifo_base_inst/gen_sdpram.xpm_memory_base_inst/gen_wr_a.gen_word_narrow.mem_reg_4
  -------------------------------------------------------------------
                         required time                         -3.174    
                         arrival time                           3.185    
  -------------------------------------------------------------------
                         slack                                  0.011    

Slack (MET) :             0.011ns  (arrival time - required time)
  Source:                 gemm_block_i/axi_dma_1/U0/I_PRMRY_DATAMOVER/GEN_S2MM_FULL.I_S2MM_FULL_WRAPPER/GEN_INCLUDE_REALIGNER.I_S2MM_REALIGNER/GEN_INCLUDE_SCATTER.I_S2MM_SCATTER/I_MSSAI_SKID_BUF/sig_data_reg_out_reg[212]/C
                            (rising edge-triggered cell FDRE clocked by clk_pl_0  {rise@0.000ns fall@2.500ns period=5.000ns})
  Destination:            gemm_block_i/axi_dma_1/U0/I_PRMRY_DATAMOVER/GEN_S2MM_FULL.I_S2MM_FULL_WRAPPER/GEN_ENABLE_INDET_BTT_SF.I_INDET_BTT/I_DATA_FIFO/BLK_MEM.I_SYNC_FIFOGEN_FIFO/xpm_fifo_base_inst/gen_sdpram.xpm_memory_base_inst/gen_wr_a.gen_word_narrow.mem_reg_2/DINPBDINP[0]
                            (rising edge-triggered cell RAMB36E2 clocked by clk_pl_0  {rise@0.000ns fall@2.500ns period=5.000ns})
  Path Group:             clk_pl_0
  Path Type:              Hold (Min at Slow Process Corner)
  Requirement:            0.000ns  (clk_pl_0 rise@0.000ns - clk_pl_0 rise@0.000ns)
  Data Path Delay:        0.179ns  (logic 0.112ns (62.570%)  route 0.067ns (37.430%))
  Logic Levels:           0  
  Clock Path Skew:        0.216ns (DCD - SCD - CPR)
    Destination Clock Delay (DCD):    3.505ns
    Source Clock Delay      (SCD):    2.984ns
    Clock Pessimism Removal (CPR):    0.305ns
  Clock Net Delay (Source):      2.768ns (routing 1.450ns, distribution 1.318ns)
  Clock Net Delay (Destination): 3.238ns (routing 1.584ns, distribution 1.654ns)

    Location             Delay type                Incr(ns)  Path(ns)    Netlist Resource(s)
  -------------------------------------------------------------------    -------------------
                         (clock clk_pl_0 rise edge)
                                                      0.000     0.000 r  
    PS8_X0Y0             PS8                          0.000     0.000 r  gemm_block_i/zynq_ultra_ps_e_0/inst/PS8_i/PLCLK[0]
                         net (fo=1, routed)           0.181     0.181    gemm_block_i/zynq_ultra_ps_e_0/inst/pl_clk_unbuffered[0]
    BUFG_PS_X0Y80        BUFG_PS (Prop_BUFG_PS_I_O)
                                                      0.035     0.216 r  gemm_block_i/zynq_ultra_ps_e_0/inst/buffer_pl_clk_0.PL_CLK_0_BUFG/O
    X1Y1 (CLOCK_ROOT)    net (fo=58594, routed)       2.768     2.984    gemm_block_i/axi_dma_1/U0/I_PRMRY_DATAMOVER/GEN_S2MM_FULL.I_S2MM_FULL_WRAPPER/GEN_INCLUDE_REALIGNER.I_S2MM_REALIGNER/GEN_INCLUDE_SCATTER.I_S2MM_SCATTER/I_MSSAI_SKID_BUF/m_axi_s2mm_aclk
    SLICE_X47Y66         FDRE                                         r  gemm_block_i/axi_dma_1/U0/I_PRMRY_DATAMOVER/GEN_S2MM_FULL.I_S2MM_FULL_WRAPPER/GEN_INCLUDE_REALIGNER.I_S2MM_REALIGNER/GEN_INCLUDE_SCATTER.I_S2MM_SCATTER/I_MSSAI_SKID_BUF/sig_data_reg_out_reg[212]/C
  -------------------------------------------------------------------    -------------------
    SLICE_X47Y66         FDRE (Prop_BFF_SLICEL_C_Q)
                                                      0.112     3.096 r  gemm_block_i/axi_dma_1/U0/I_PRMRY_DATAMOVER/GEN_S2MM_FULL.I_S2MM_FULL_WRAPPER/GEN_INCLUDE_REALIGNER.I_S2MM_REALIGNER/GEN_INCLUDE_SCATTER.I_S2MM_SCATTER/I_MSSAI_SKID_BUF/sig_data_reg_out_reg[212]/Q
                         net (fo=1, routed)           0.067     3.163    gemm_block_i/axi_dma_1/U0/I_PRMRY_DATAMOVER/GEN_S2MM_FULL.I_S2MM_FULL_WRAPPER/GEN_ENABLE_INDET_BTT_SF.I_INDET_BTT/I_DATA_FIFO/BLK_MEM.I_SYNC_FIFOGEN_FIFO/xpm_fifo_base_inst/gen_sdpram.xpm_memory_base_inst/dina[212]
    RAMB36_X1Y13         RAMB36E2                                     r  gemm_block_i/axi_dma_1/U0/I_PRMRY_DATAMOVER/GEN_S2MM_FULL.I_S2MM_FULL_WRAPPER/GEN_ENABLE_INDET_BTT_SF.I_INDET_BTT/I_DATA_FIFO/BLK_MEM.I_SYNC_FIFOGEN_FIFO/xpm_fifo_base_inst/gen_sdpram.xpm_memory_base_inst/gen_wr_a.gen_word_narrow.mem_reg_2/DINPBDINP[0]
  -------------------------------------------------------------------    -------------------

                         (clock clk_pl_0 rise edge)
                                                      0.000     0.000 r  
    PS8_X0Y0             PS8                          0.000     0.000 r  gemm_block_i/zynq_ultra_ps_e_0/inst/PS8_i/PLCLK[0]
                         net (fo=1, routed)           0.229     0.229    gemm_block_i/zynq_ultra_ps_e_0/inst/pl_clk_unbuffered[0]
    BUFG_PS_X0Y80        BUFG_PS (Prop_BUFG_PS_I_O)
                                                      0.038     0.267 r  gemm_block_i/zynq_ultra_ps_e_0/inst/buffer_pl_clk_0.PL_CLK_0_BUFG/O
    X1Y1 (CLOCK_ROOT)    net (fo=58594, routed)       3.238     3.505    gemm_block_i/axi_dma_1/U0/I_PRMRY_DATAMOVER/GEN_S2MM_FULL.I_S2MM_FULL_WRAPPER/GEN_ENABLE_INDET_BTT_SF.I_INDET_BTT/I_DATA_FIFO/BLK_MEM.I_SYNC_FIFOGEN_FIFO/xpm_fifo_base_inst/gen_sdpram.xpm_memory_base_inst/clka
    RAMB36_X1Y13         RAMB36E2                                     r  gemm_block_i/axi_dma_1/U0/I_PRMRY_DATAMOVER/GEN_S2MM_FULL.I_S2MM_FULL_WRAPPER/GEN_ENABLE_INDET_BTT_SF.I_INDET_BTT/I_DATA_FIFO/BLK_MEM.I_SYNC_FIFOGEN_FIFO/xpm_fifo_base_inst/gen_sdpram.xpm_memory_base_inst/gen_wr_a.gen_word_narrow.mem_reg_2/CLKBWRCLK
                         clock pessimism             -0.305     3.200    
    RAMB36_X1Y13         RAMB36E2 (Hold_RAMB36E2_RAMB36_CLKBWRCLK_DINPBDINP[0])
                                                     -0.048     3.152    gemm_block_i/axi_dma_1/U0/I_PRMRY_DATAMOVER/GEN_S2MM_FULL.I_S2MM_FULL_WRAPPER/GEN_ENABLE_INDET_BTT_SF.I_INDET_BTT/I_DATA_FIFO/BLK_MEM.I_SYNC_FIFOGEN_FIFO/xpm_fifo_base_inst/gen_sdpram.xpm_memory_base_inst/gen_wr_a.gen_word_narrow.mem_reg_2
  -------------------------------------------------------------------
                         required time                         -3.152    
                         arrival time                           3.163    
  -------------------------------------------------------------------
                         slack                                  0.011    

Slack (MET) :             0.011ns  (arrival time - required time)
  Source:                 gemm_block_i/gemm_accelerator_0/inst/systolic_array_inst/ROW[14].COL[2].u_pe/hold_psum_reg[19]/C
                            (rising edge-triggered cell FDRE clocked by clk_pl_0  {rise@0.000ns fall@2.500ns period=5.000ns})
  Destination:            gemm_block_i/gemm_accelerator_0/inst/systolic_array_inst/ROW[15].COL[2].u_pe/hold_psum_reg[19]/D
                            (rising edge-triggered cell FDRE clocked by clk_pl_0  {rise@0.000ns fall@2.500ns period=5.000ns})
  Path Group:             clk_pl_0
  Path Type:              Hold (Min at Slow Process Corner)
  Requirement:            0.000ns  (clk_pl_0 rise@0.000ns - clk_pl_0 rise@0.000ns)
  Data Path Delay:        0.322ns  (logic 0.198ns (61.491%)  route 0.124ns (38.509%))
  Logic Levels:           1  (LUT3=1)
  Clock Path Skew:        0.210ns (DCD - SCD - CPR)
    Destination Clock Delay (DCD):    3.297ns
    Source Clock Delay      (SCD):    2.847ns
    Clock Pessimism Removal (CPR):    0.239ns
  Clock Net Delay (Source):      2.631ns (routing 1.450ns, distribution 1.181ns)
  Clock Net Delay (Destination): 3.030ns (routing 1.584ns, distribution 1.446ns)

    Location             Delay type                Incr(ns)  Path(ns)    Netlist Resource(s)
  -------------------------------------------------------------------    -------------------
                         (clock clk_pl_0 rise edge)
                                                      0.000     0.000 r  
    PS8_X0Y0             PS8                          0.000     0.000 r  gemm_block_i/zynq_ultra_ps_e_0/inst/PS8_i/PLCLK[0]
                         net (fo=1, routed)           0.181     0.181    gemm_block_i/zynq_ultra_ps_e_0/inst/pl_clk_unbuffered[0]
    BUFG_PS_X0Y80        BUFG_PS (Prop_BUFG_PS_I_O)
                                                      0.035     0.216 r  gemm_block_i/zynq_ultra_ps_e_0/inst/buffer_pl_clk_0.PL_CLK_0_BUFG/O
    X1Y1 (CLOCK_ROOT)    net (fo=58594, routed)       2.631     2.847    gemm_block_i/gemm_accelerator_0/inst/systolic_array_inst/ROW[14].COL[2].u_pe/aclk
    SLICE_X40Y114        FDRE                                         r  gemm_block_i/gemm_accelerator_0/inst/systolic_array_inst/ROW[14].COL[2].u_pe/hold_psum_reg[19]/C
  -------------------------------------------------------------------    -------------------
    SLICE_X40Y114        FDRE (Prop_CFF_SLICEM_C_Q)
                                                      0.112     2.959 r  gemm_block_i/gemm_accelerator_0/inst/systolic_array_inst/ROW[14].COL[2].u_pe/hold_psum_reg[19]/Q
                         net (fo=1, routed)           0.086     3.045    gemm_block_i/gemm_accelerator_0/inst/systolic_array_inst/ROW[15].COL[2].u_pe/u_mac/hold_psum_reg[31][19]
    SLICE_X41Y114        LUT3 (Prop_B6LUT_SLICEM_I1_O)
                                                      0.086     3.131 r  gemm_block_i/gemm_accelerator_0/inst/systolic_array_inst/ROW[15].COL[2].u_pe/u_mac/hold_psum[19]_i_1__225/O
                         net (fo=1, routed)           0.038     3.169    gemm_block_i/gemm_accelerator_0/inst/systolic_array_inst/ROW[15].COL[2].u_pe/p_2_in[19]
    SLICE_X41Y114        FDRE                                         r  gemm_block_i/gemm_accelerator_0/inst/systolic_array_inst/ROW[15].COL[2].u_pe/hold_psum_reg[19]/D
  -------------------------------------------------------------------    -------------------

                         (clock clk_pl_0 rise edge)
                                                      0.000     0.000 r  
    PS8_X0Y0             PS8                          0.000     0.000 r  gemm_block_i/zynq_ultra_ps_e_0/inst/PS8_i/PLCLK[0]
                         net (fo=1, routed)           0.229     0.229    gemm_block_i/zynq_ultra_ps_e_0/inst/pl_clk_unbuffered[0]
    BUFG_PS_X0Y80        BUFG_PS (Prop_BUFG_PS_I_O)
                                                      0.038     0.267 r  gemm_block_i/zynq_ultra_ps_e_0/inst/buffer_pl_clk_0.PL_CLK_0_BUFG/O
    X1Y1 (CLOCK_ROOT)    net (fo=58594, routed)       3.030     3.297    gemm_block_i/gemm_accelerator_0/inst/systolic_array_inst/ROW[15].COL[2].u_pe/aclk
    SLICE_X41Y114        FDRE                                         r  gemm_block_i/gemm_accelerator_0/inst/systolic_array_inst/ROW[15].COL[2].u_pe/hold_psum_reg[19]/C
                         clock pessimism             -0.239     3.057    
    SLICE_X41Y114        FDRE (Hold_BFF_SLICEM_C_D)
                                                      0.101     3.158    gemm_block_i/gemm_accelerator_0/inst/systolic_array_inst/ROW[15].COL[2].u_pe/hold_psum_reg[19]
  -------------------------------------------------------------------
                         required time                         -3.158    
                         arrival time                           3.169    
  -------------------------------------------------------------------
                         slack                                  0.011    

Slack (MET) :             0.011ns  (arrival time - required time)
  Source:                 gemm_block_i/gemm_accelerator_0/inst/systolic_array_inst/ROW[8].COL[7].u_pe/u_mac/psum_out_reg[3]/C
                            (rising edge-triggered cell FDRE clocked by clk_pl_0  {rise@0.000ns fall@2.500ns period=5.000ns})
  Destination:            gemm_block_i/gemm_accelerator_0/inst/systolic_array_inst/ROW[8].COL[7].u_pe/hold_psum_reg[3]/D
                            (rising edge-triggered cell FDRE clocked by clk_pl_0  {rise@0.000ns fall@2.500ns period=5.000ns})
  Path Group:             clk_pl_0
  Path Type:              Hold (Min at Slow Process Corner)
  Requirement:            0.000ns  (clk_pl_0 rise@0.000ns - clk_pl_0 rise@0.000ns)
  Data Path Delay:        0.323ns  (logic 0.164ns (50.774%)  route 0.159ns (49.226%))
  Logic Levels:           1  (LUT3=1)
  Clock Path Skew:        0.212ns (DCD - SCD - CPR)
    Destination Clock Delay (DCD):    3.299ns
    Source Clock Delay      (SCD):    2.847ns
    Clock Pessimism Removal (CPR):    0.239ns
  Clock Net Delay (Source):      2.631ns (routing 1.450ns, distribution 1.181ns)
  Clock Net Delay (Destination): 3.032ns (routing 1.584ns, distribution 1.448ns)

    Location             Delay type                Incr(ns)  Path(ns)    Netlist Resource(s)
  -------------------------------------------------------------------    -------------------
                         (clock clk_pl_0 rise edge)
                                                      0.000     0.000 r  
    PS8_X0Y0             PS8                          0.000     0.000 r  gemm_block_i/zynq_ultra_ps_e_0/inst/PS8_i/PLCLK[0]
                         net (fo=1, routed)           0.181     0.181    gemm_block_i/zynq_ultra_ps_e_0/inst/pl_clk_unbuffered[0]
    BUFG_PS_X0Y80        BUFG_PS (Prop_BUFG_PS_I_O)
                                                      0.035     0.216 r  gemm_block_i/zynq_ultra_ps_e_0/inst/buffer_pl_clk_0.PL_CLK_0_BUFG/O
    X1Y1 (CLOCK_ROOT)    net (fo=58594, routed)       2.631     2.847    gemm_block_i/gemm_accelerator_0/inst/systolic_array_inst/ROW[8].COL[7].u_pe/u_mac/aclk
    SLICE_X40Y80         FDRE                                         r  gemm_block_i/gemm_accelerator_0/inst/systolic_array_inst/ROW[8].COL[7].u_pe/u_mac/psum_out_reg[3]/C
  -------------------------------------------------------------------    -------------------
    SLICE_X40Y80         FDRE (Prop_FFF_SLICEM_C_Q)
                                                      0.111     2.958 r  gemm_block_i/gemm_accelerator_0/inst/systolic_array_inst/ROW[8].COL[7].u_pe/u_mac/psum_out_reg[3]/Q
                         net (fo=1, routed)           0.121     3.079    gemm_block_i/gemm_accelerator_0/inst/systolic_array_inst/ROW[8].COL[7].u_pe/u_mac/mac_psum_out[3]
    SLICE_X41Y78         LUT3 (Prop_G6LUT_SLICEM_I0_O)
                                                      0.053     3.132 r  gemm_block_i/gemm_accelerator_0/inst/systolic_array_inst/ROW[8].COL[7].u_pe/u_mac/hold_psum[3]_i_1__118/O
                         net (fo=1, routed)           0.038     3.170    gemm_block_i/gemm_accelerator_0/inst/systolic_array_inst/ROW[8].COL[7].u_pe/p_2_in[3]
    SLICE_X41Y78         FDRE                                         r  gemm_block_i/gemm_accelerator_0/inst/systolic_array_inst/ROW[8].COL[7].u_pe/hold_psum_reg[3]/D
  -------------------------------------------------------------------    -------------------

                         (clock clk_pl_0 rise edge)
                                                      0.000     0.000 r  
    PS8_X0Y0             PS8                          0.000     0.000 r  gemm_block_i/zynq_ultra_ps_e_0/inst/PS8_i/PLCLK[0]
                         net (fo=1, routed)           0.229     0.229    gemm_block_i/zynq_ultra_ps_e_0/inst/pl_clk_unbuffered[0]
    BUFG_PS_X0Y80        BUFG_PS (Prop_BUFG_PS_I_O)
                                                      0.038     0.267 r  gemm_block_i/zynq_ultra_ps_e_0/inst/buffer_pl_clk_0.PL_CLK_0_BUFG/O
    X1Y1 (CLOCK_ROOT)    net (fo=58594, routed)       3.032     3.299    gemm_block_i/gemm_accelerator_0/inst/systolic_array_inst/ROW[8].COL[7].u_pe/aclk
    SLICE_X41Y78         FDRE                                         r  gemm_block_i/gemm_accelerator_0/inst/systolic_array_inst/ROW[8].COL[7].u_pe/hold_psum_reg[3]/C
                         clock pessimism             -0.239     3.059    
    SLICE_X41Y78         FDRE (Hold_GFF_SLICEM_C_D)
                                                      0.100     3.159    gemm_block_i/gemm_accelerator_0/inst/systolic_array_inst/ROW[8].COL[7].u_pe/hold_psum_reg[3]
  -------------------------------------------------------------------
                         required time                         -3.159    
                         arrival time                           3.170    
  -------------------------------------------------------------------
                         slack                                  0.011    





Pulse Width Checks
--------------------------------------------------------------------------------------
Clock Name:         clk_pl_0
Waveform(ns):       { 0.000 2.500 }
Period(ns):         5.000
Sources:            { gemm_block_i/zynq_ultra_ps_e_0/inst/PS8_i/PLCLK[0] }

Check Type        Corner  Lib Pin             Reference Pin  Required(ns)  Actual(ns)  Slack(ns)  Location      Pin
Min Period        n/a     PS8/MAXIGP0ACLK     n/a            3.000         5.000       2.000      PS8_X0Y0      gemm_block_i/zynq_ultra_ps_e_0/inst/PS8_i/MAXIGP0ACLK
Min Period        n/a     PS8/MAXIGP1ACLK     n/a            3.000         5.000       2.000      PS8_X0Y0      gemm_block_i/zynq_ultra_ps_e_0/inst/PS8_i/MAXIGP1ACLK
Min Period        n/a     PS8/SAXIGP0RCLK     n/a            3.000         5.000       2.000      PS8_X0Y0      gemm_block_i/zynq_ultra_ps_e_0/inst/PS8_i/SAXIGP0RCLK
Min Period        n/a     PS8/SAXIGP0WCLK     n/a            3.000         5.000       2.000      PS8_X0Y0      gemm_block_i/zynq_ultra_ps_e_0/inst/PS8_i/SAXIGP0WCLK
Min Period        n/a     RAMB36E2/CLKARDCLK  n/a            1.709         5.000       3.291      RAMB36_X0Y14  gemm_block_i/axi_dma_0/U0/I_PRMRY_DATAMOVER/GEN_MM2S_FULL.I_MM2S_FULL_WRAPPER/GEN_INCLUDE_MM2S_SF.I_RD_SF/I_DATA_FIFO/BLK_MEM.I_SYNC_FIFOGEN_FIFO/xpm_fifo_base_inst/gen_sdpram.xpm_memory_base_inst/gen_wr_a.gen_word_narrow.mem_reg_bram_0/CLKARDCLK
Min Period        n/a     RAMB36E2/CLKBWRCLK  n/a            1.709         5.000       3.291      RAMB36_X0Y14  gemm_block_i/axi_dma_0/U0/I_PRMRY_DATAMOVER/GEN_MM2S_FULL.I_MM2S_FULL_WRAPPER/GEN_INCLUDE_MM2S_SF.I_RD_SF/I_DATA_FIFO/BLK_MEM.I_SYNC_FIFOGEN_FIFO/xpm_fifo_base_inst/gen_sdpram.xpm_memory_base_inst/gen_wr_a.gen_word_narrow.mem_reg_bram_0/CLKBWRCLK
Min Period        n/a     RAMB36E2/CLKARDCLK  n/a            1.709         5.000       3.291      RAMB36_X0Y15  gemm_block_i/axi_dma_0/U0/I_PRMRY_DATAMOVER/GEN_MM2S_FULL.I_MM2S_FULL_WRAPPER/GEN_INCLUDE_MM2S_SF.I_RD_SF/I_DATA_FIFO/BLK_MEM.I_SYNC_FIFOGEN_FIFO/xpm_fifo_base_inst/gen_sdpram.xpm_memory_base_inst/gen_wr_a.gen_word_narrow.mem_reg_bram_1/CLKARDCLK
Min Period        n/a     RAMB36E2/CLKBWRCLK  n/a            1.709         5.000       3.291      RAMB36_X0Y15  gemm_block_i/axi_dma_0/U0/I_PRMRY_DATAMOVER/GEN_MM2S_FULL.I_MM2S_FULL_WRAPPER/GEN_INCLUDE_MM2S_SF.I_RD_SF/I_DATA_FIFO/BLK_MEM.I_SYNC_FIFOGEN_FIFO/xpm_fifo_base_inst/gen_sdpram.xpm_memory_base_inst/gen_wr_a.gen_word_narrow.mem_reg_bram_1/CLKBWRCLK
Min Period        n/a     RAMB36E2/CLKARDCLK  n/a            1.709         5.000       3.291      RAMB36_X0Y12  gemm_block_i/axi_dma_0/U0/I_PRMRY_DATAMOVER/GEN_MM2S_FULL.I_MM2S_FULL_WRAPPER/GEN_INCLUDE_MM2S_SF.I_RD_SF/I_DATA_FIFO/BLK_MEM.I_SYNC_FIFOGEN_FIFO/xpm_fifo_base_inst/gen_sdpram.xpm_memory_base_inst/gen_wr_a.gen_word_narrow.mem_reg_bram_2/CLKARDCLK
Min Period        n/a     RAMB36E2/CLKBWRCLK  n/a            1.709         5.000       3.291      RAMB36_X0Y12  gemm_block_i/axi_dma_0/U0/I_PRMRY_DATAMOVER/GEN_MM2S_FULL.I_MM2S_FULL_WRAPPER/GEN_INCLUDE_MM2S_SF.I_RD_SF/I_DATA_FIFO/BLK_MEM.I_SYNC_FIFOGEN_FIFO/xpm_fifo_base_inst/gen_sdpram.xpm_memory_base_inst/gen_wr_a.gen_word_narrow.mem_reg_bram_2/CLKBWRCLK
Low Pulse Width   Slow    PS8/MAXIGP0ACLK     n/a            1.500         2.500       1.000      PS8_X0Y0      gemm_block_i/zynq_ultra_ps_e_0/inst/PS8_i/MAXIGP0ACLK
Low Pulse Width   Fast    PS8/MAXIGP0ACLK     n/a            1.500         2.500       1.000      PS8_X0Y0      gemm_block_i/zynq_ultra_ps_e_0/inst/PS8_i/MAXIGP0ACLK
Low Pulse Width   Slow    PS8/MAXIGP1ACLK     n/a            1.500         2.500       1.000      PS8_X0Y0      gemm_block_i/zynq_ultra_ps_e_0/inst/PS8_i/MAXIGP1ACLK
Low Pulse Width   Fast    PS8/MAXIGP1ACLK     n/a            1.500         2.500       1.000      PS8_X0Y0      gemm_block_i/zynq_ultra_ps_e_0/inst/PS8_i/MAXIGP1ACLK
Low Pulse Width   Slow    PS8/SAXIGP0RCLK     n/a            1.500         2.500       1.000      PS8_X0Y0      gemm_block_i/zynq_ultra_ps_e_0/inst/PS8_i/SAXIGP0RCLK
Low Pulse Width   Fast    PS8/SAXIGP0RCLK     n/a            1.500         2.500       1.000      PS8_X0Y0      gemm_block_i/zynq_ultra_ps_e_0/inst/PS8_i/SAXIGP0RCLK
Low Pulse Width   Slow    PS8/SAXIGP0WCLK     n/a            1.500         2.500       1.000      PS8_X0Y0      gemm_block_i/zynq_ultra_ps_e_0/inst/PS8_i/SAXIGP0WCLK
Low Pulse Width   Fast    PS8/SAXIGP0WCLK     n/a            1.500         2.500       1.000      PS8_X0Y0      gemm_block_i/zynq_ultra_ps_e_0/inst/PS8_i/SAXIGP0WCLK
Low Pulse Width   Slow    SRL16E/CLK          n/a            0.762         2.500       1.738      SLICE_X4Y89   gemm_block_i/axi_dma_0/U0/I_PRMRY_DATAMOVER/GEN_MM2S_FULL.I_MM2S_FULL_WRAPPER/I_ADDR_CNTL/GEN_ADDR_FIFO.I_ADDR_QUAL_FIFO/USE_SRL_FIFO.I_SYNC_FIFO/data_reg[3][11]_srl4/CLK
Low Pulse Width   Fast    SRL16E/CLK          n/a            0.762         2.500       1.738      SLICE_X4Y89   gemm_block_i/axi_dma_0/U0/I_PRMRY_DATAMOVER/GEN_MM2S_FULL.I_MM2S_FULL_WRAPPER/I_ADDR_CNTL/GEN_ADDR_FIFO.I_ADDR_QUAL_FIFO/USE_SRL_FIFO.I_SYNC_FIFO/data_reg[3][11]_srl4/CLK
High Pulse Width  Slow    PS8/MAXIGP0ACLK     n/a            1.500         2.500       1.000      PS8_X0Y0      gemm_block_i/zynq_ultra_ps_e_0/inst/PS8_i/MAXIGP0ACLK
High Pulse Width  Fast    PS8/MAXIGP0ACLK     n/a            1.500         2.500       1.000      PS8_X0Y0      gemm_block_i/zynq_ultra_ps_e_0/inst/PS8_i/MAXIGP0ACLK
High Pulse Width  Slow    PS8/MAXIGP1ACLK     n/a            1.500         2.500       1.000      PS8_X0Y0      gemm_block_i/zynq_ultra_ps_e_0/inst/PS8_i/MAXIGP1ACLK
High Pulse Width  Fast    PS8/MAXIGP1ACLK     n/a            1.500         2.500       1.000      PS8_X0Y0      gemm_block_i/zynq_ultra_ps_e_0/inst/PS8_i/MAXIGP1ACLK
High Pulse Width  Slow    PS8/SAXIGP0RCLK     n/a            1.500         2.500       1.000      PS8_X0Y0      gemm_block_i/zynq_ultra_ps_e_0/inst/PS8_i/SAXIGP0RCLK
High Pulse Width  Fast    PS8/SAXIGP0RCLK     n/a            1.500         2.500       1.000      PS8_X0Y0      gemm_block_i/zynq_ultra_ps_e_0/inst/PS8_i/SAXIGP0RCLK
High Pulse Width  Slow    PS8/SAXIGP0WCLK     n/a            1.500         2.500       1.000      PS8_X0Y0      gemm_block_i/zynq_ultra_ps_e_0/inst/PS8_i/SAXIGP0WCLK
High Pulse Width  Fast    PS8/SAXIGP0WCLK     n/a            1.500         2.500       1.000      PS8_X0Y0      gemm_block_i/zynq_ultra_ps_e_0/inst/PS8_i/SAXIGP0WCLK
High Pulse Width  Slow    SRL16E/CLK          n/a            0.762         2.500       1.738      SLICE_X4Y89   gemm_block_i/axi_dma_0/U0/I_PRMRY_DATAMOVER/GEN_MM2S_FULL.I_MM2S_FULL_WRAPPER/I_ADDR_CNTL/GEN_ADDR_FIFO.I_ADDR_QUAL_FIFO/USE_SRL_FIFO.I_SYNC_FIFO/data_reg[3][11]_srl4/CLK
High Pulse Width  Fast    SRL16E/CLK          n/a            0.762         2.500       1.738      SLICE_X4Y89   gemm_block_i/axi_dma_0/U0/I_PRMRY_DATAMOVER/GEN_MM2S_FULL.I_MM2S_FULL_WRAPPER/I_ADDR_CNTL/GEN_ADDR_FIFO.I_ADDR_QUAL_FIFO/USE_SRL_FIFO.I_SYNC_FIFO/data_reg[3][11]_srl4/CLK



--------------------------------------------------------------------------------------
Path Group:  (none)
From Clock:  
  To Clock:  clk_pl_0

Max Delay             1 Endpoint
Min Delay             1 Endpoint
--------------------------------------------------------------------------------------


Max Delay Paths
--------------------------------------------------------------------------------------
Slack:                    inf
  Source:                 gemm_block_i/zynq_ultra_ps_e_0/inst/PS8_i/EMIOGPIOO[95]
                            (internal pin)
  Destination:            gemm_block_i/rst_ps8_0_99M/U0/EXT_LPF/ACTIVE_LOW_EXT.ACT_LO_EXT/syncstages_ff_reg[0]/D
                            (rising edge-triggered cell FDRE clocked by clk_pl_0  {rise@0.000ns fall@2.500ns period=5.000ns})
  Path Group:             (none)
  Path Type:              Setup (Max at Slow Process Corner)
  Data Path Delay:        4.290ns  (logic 0.083ns (1.935%)  route 4.207ns (98.065%))
  Logic Levels:           1  (LUT1=1)
  Clock Uncertainty:      0.127ns  ((TSJ^2 + DJ^2)^1/2) / 2 + PE
    Total System Jitter     (TSJ):    0.050ns
    Discrete Jitter          (DJ):    0.248ns
    Phase Error              (PE):    0.000ns
  Clock Net Delay (Destination): 2.791ns (routing 1.450ns, distribution 1.341ns)
  Timing Exception:       False Path

    Location             Delay type                Incr(ns)  Path(ns)    Netlist Resource(s)
  -------------------------------------------------------------------    -------------------
    PS8_X0Y0             PS8                          0.000     0.000 f  gemm_block_i/zynq_ultra_ps_e_0/inst/PS8_i/EMIOGPIOO[95]
                         net (fo=1, routed)           3.862     3.862    gemm_block_i/rst_ps8_0_99M/U0/EXT_LPF/ext_reset_in
    SLICE_X59Y38         LUT1 (Prop_H6LUT_SLICEL_I0_O)
                                                      0.083     3.945 r  gemm_block_i/rst_ps8_0_99M/U0/EXT_LPF/ACTIVE_LOW_EXT.ACT_LO_EXT_i_1/O
                         net (fo=1, routed)           0.345     4.290    gemm_block_i/rst_ps8_0_99M/U0/EXT_LPF/ACTIVE_LOW_EXT.ACT_LO_EXT/src_in
    SLICE_X59Y38         FDRE                                         r  gemm_block_i/rst_ps8_0_99M/U0/EXT_LPF/ACTIVE_LOW_EXT.ACT_LO_EXT/syncstages_ff_reg[0]/D
  -------------------------------------------------------------------    -------------------

                         (clock clk_pl_0 rise edge)
                                                      0.000     0.000 r  
    PS8_X0Y0             PS8                          0.000     0.000 r  gemm_block_i/zynq_ultra_ps_e_0/inst/PS8_i/PLCLK[0]
                         net (fo=1, routed)           0.181     0.181    gemm_block_i/zynq_ultra_ps_e_0/inst/pl_clk_unbuffered[0]
    BUFG_PS_X0Y80        BUFG_PS (Prop_BUFG_PS_I_O)
                                                      0.035     0.216 r  gemm_block_i/zynq_ultra_ps_e_0/inst/buffer_pl_clk_0.PL_CLK_0_BUFG/O
    X1Y1 (CLOCK_ROOT)    net (fo=58594, routed)       2.791     3.007    gemm_block_i/rst_ps8_0_99M/U0/EXT_LPF/ACTIVE_LOW_EXT.ACT_LO_EXT/dest_clk
    SLICE_X59Y38         FDRE                                         r  gemm_block_i/rst_ps8_0_99M/U0/EXT_LPF/ACTIVE_LOW_EXT.ACT_LO_EXT/syncstages_ff_reg[0]/C





Min Delay Paths
--------------------------------------------------------------------------------------
Slack:                    inf
  Source:                 gemm_block_i/zynq_ultra_ps_e_0/inst/PS8_i/EMIOGPIOO[95]
                            (internal pin)
  Destination:            gemm_block_i/rst_ps8_0_99M/U0/EXT_LPF/ACTIVE_LOW_EXT.ACT_LO_EXT/syncstages_ff_reg[0]/D
                            (rising edge-triggered cell FDRE clocked by clk_pl_0  {rise@0.000ns fall@2.500ns period=5.000ns})
  Path Group:             (none)
  Path Type:              Hold (Min at Fast Process Corner)
  Data Path Delay:        1.788ns  (logic 0.038ns (2.125%)  route 1.750ns (97.875%))
  Logic Levels:           1  (LUT1=1)
  Clock Uncertainty:      0.127ns  ((TSJ^2 + DJ^2)^1/2) / 2 + PE
    Total System Jitter     (TSJ):    0.050ns
    Discrete Jitter          (DJ):    0.248ns
    Phase Error              (PE):    0.000ns
  Clock Net Delay (Destination): 1.857ns (routing 0.971ns, distribution 0.886ns)
  Timing Exception:       False Path

    Location             Delay type                Incr(ns)  Path(ns)    Netlist Resource(s)
  -------------------------------------------------------------------    -------------------
    PS8_X0Y0             PS8                          0.000     0.000 f  gemm_block_i/zynq_ultra_ps_e_0/inst/PS8_i/EMIOGPIOO[95]
                         net (fo=1, routed)           1.643     1.643    gemm_block_i/rst_ps8_0_99M/U0/EXT_LPF/ext_reset_in
    SLICE_X59Y38         LUT1 (Prop_H6LUT_SLICEL_I0_O)
                                                      0.038     1.681 r  gemm_block_i/rst_ps8_0_99M/U0/EXT_LPF/ACTIVE_LOW_EXT.ACT_LO_EXT_i_1/O
                         net (fo=1, routed)           0.107     1.788    gemm_block_i/rst_ps8_0_99M/U0/EXT_LPF/ACTIVE_LOW_EXT.ACT_LO_EXT/src_in
    SLICE_X59Y38         FDRE                                         r  gemm_block_i/rst_ps8_0_99M/U0/EXT_LPF/ACTIVE_LOW_EXT.ACT_LO_EXT/syncstages_ff_reg[0]/D
  -------------------------------------------------------------------    -------------------

                         (clock clk_pl_0 rise edge)
                                                      0.000     0.000 r  
    PS8_X0Y0             PS8                          0.000     0.000 r  gemm_block_i/zynq_ultra_ps_e_0/inst/PS8_i/PLCLK[0]
                         net (fo=1, routed)           0.164     0.164    gemm_block_i/zynq_ultra_ps_e_0/inst/pl_clk_unbuffered[0]
    BUFG_PS_X0Y80        BUFG_PS (Prop_BUFG_PS_I_O)
                                                      0.023     0.187 r  gemm_block_i/zynq_ultra_ps_e_0/inst/buffer_pl_clk_0.PL_CLK_0_BUFG/O
    X1Y1 (CLOCK_ROOT)    net (fo=58594, routed)       1.857     2.044    gemm_block_i/rst_ps8_0_99M/U0/EXT_LPF/ACTIVE_LOW_EXT.ACT_LO_EXT/dest_clk
    SLICE_X59Y38         FDRE                                         r  gemm_block_i/rst_ps8_0_99M/U0/EXT_LPF/ACTIVE_LOW_EXT.ACT_LO_EXT/syncstages_ff_reg[0]/C





--------------------------------------------------------------------------------------
Path Group:  (none)
From Clock:  clk_pl_0
  To Clock:  clk_pl_0

Max Delay           189 Endpoints
Min Delay           189 Endpoints
--------------------------------------------------------------------------------------


Max Delay Paths
--------------------------------------------------------------------------------------
Slack:                    inf
  Source:                 gemm_block_i/axi_smc_1/inst/clk_map/psr_aclk/U0/ACTIVE_LOW_BSR_OUT_DFF[0].FDRE_BSR_N/C
                            (rising edge-triggered cell FDRE clocked by clk_pl_0  {rise@0.000ns fall@2.500ns period=5.000ns})
  Destination:            gemm_block_i/axi_smc_1/inst/s03_entry_pipeline/s03_si_converter/inst/xpm_cdc_async_rst_inst/arststages_ff_reg[0]/CLR
                            (recovery check against rising-edge clock clk_pl_0  {rise@0.000ns fall@2.500ns period=5.000ns})
  Path Group:             (none)
  Path Type:              Recovery (Max at Slow Process Corner)
  Data Path Delay:        2.461ns  (logic 0.114ns (4.633%)  route 2.347ns (95.367%))
  Logic Levels:           0  
  Clock Path Skew:        -0.440ns (DCD - SCD + CPR)
    Destination Clock Delay (DCD):    3.020ns
    Source Clock Delay      (SCD):    3.461ns
    Clock Pessimism Removal (CPR):    0.000ns
  Clock Uncertainty:      0.129ns  ((TSJ^2 + DJ^2)^1/2) / 2 + PE
    Total System Jitter     (TSJ):    0.071ns
    Discrete Jitter          (DJ):    0.248ns
    Phase Error              (PE):    0.000ns
  Clock Net Delay (Source):      3.194ns (routing 1.584ns, distribution 1.610ns)
  Clock Net Delay (Destination): 2.804ns (routing 1.450ns, distribution 1.354ns)
  Timing Exception:       False Path

    Location             Delay type                Incr(ns)  Path(ns)    Netlist Resource(s)
  -------------------------------------------------------------------    -------------------
                         (clock clk_pl_0 rise edge)
                                                      0.000     0.000 r  
    PS8_X0Y0             PS8                          0.000     0.000 r  gemm_block_i/zynq_ultra_ps_e_0/inst/PS8_i/PLCLK[0]
                         net (fo=1, routed)           0.229     0.229    gemm_block_i/zynq_ultra_ps_e_0/inst/pl_clk_unbuffered[0]
    BUFG_PS_X0Y80        BUFG_PS (Prop_BUFG_PS_I_O)
                                                      0.038     0.267 r  gemm_block_i/zynq_ultra_ps_e_0/inst/buffer_pl_clk_0.PL_CLK_0_BUFG/O
    X1Y1 (CLOCK_ROOT)    net (fo=58594, routed)       3.194     3.461    gemm_block_i/axi_smc_1/inst/clk_map/psr_aclk/U0/aclk
    SLICE_X9Y123         FDRE                                         r  gemm_block_i/axi_smc_1/inst/clk_map/psr_aclk/U0/ACTIVE_LOW_BSR_OUT_DFF[0].FDRE_BSR_N/C
  -------------------------------------------------------------------    -------------------
    SLICE_X9Y123         FDRE (Prop_DFF_SLICEL_C_Q)
                                                      0.114     3.575 r  gemm_block_i/axi_smc_1/inst/clk_map/psr_aclk/U0/ACTIVE_LOW_BSR_OUT_DFF[0].FDRE_BSR_N/Q
                         net (fo=66, routed)          2.347     5.921    gemm_block_i/axi_smc_1/inst/s03_entry_pipeline/s03_si_converter/inst/xpm_cdc_async_rst_inst/src_arst
    SLICE_X15Y41         FDCE                                         f  gemm_block_i/axi_smc_1/inst/s03_entry_pipeline/s03_si_converter/inst/xpm_cdc_async_rst_inst/arststages_ff_reg[0]/CLR  (IS_INVERTED)
  -------------------------------------------------------------------    -------------------

                         (clock clk_pl_0 rise edge)
                                                      0.000     0.000 r  
    PS8_X0Y0             PS8                          0.000     0.000 r  gemm_block_i/zynq_ultra_ps_e_0/inst/PS8_i/PLCLK[0]
                         net (fo=1, routed)           0.181     0.181    gemm_block_i/zynq_ultra_ps_e_0/inst/pl_clk_unbuffered[0]
    BUFG_PS_X0Y80        BUFG_PS (Prop_BUFG_PS_I_O)
                                                      0.035     0.216 r  gemm_block_i/zynq_ultra_ps_e_0/inst/buffer_pl_clk_0.PL_CLK_0_BUFG/O
    X1Y1 (CLOCK_ROOT)    net (fo=58594, routed)       2.804     3.020    gemm_block_i/axi_smc_1/inst/s03_entry_pipeline/s03_si_converter/inst/xpm_cdc_async_rst_inst/dest_clk
    SLICE_X15Y41         FDCE                                         r  gemm_block_i/axi_smc_1/inst/s03_entry_pipeline/s03_si_converter/inst/xpm_cdc_async_rst_inst/arststages_ff_reg[0]/C

Slack:                    inf
  Source:                 gemm_block_i/axi_smc_1/inst/clk_map/psr_aclk/U0/ACTIVE_LOW_BSR_OUT_DFF[0].FDRE_BSR_N/C
                            (rising edge-triggered cell FDRE clocked by clk_pl_0  {rise@0.000ns fall@2.500ns period=5.000ns})
  Destination:            gemm_block_i/axi_smc_1/inst/s03_entry_pipeline/s03_si_converter/inst/xpm_cdc_async_rst_inst/arststages_ff_reg[1]/CLR
                            (recovery check against rising-edge clock clk_pl_0  {rise@0.000ns fall@2.500ns period=5.000ns})
  Path Group:             (none)
  Path Type:              Recovery (Max at Slow Process Corner)
  Data Path Delay:        2.461ns  (logic 0.114ns (4.633%)  route 2.347ns (95.367%))
  Logic Levels:           0  
  Clock Path Skew:        -0.440ns (DCD - SCD + CPR)
    Destination Clock Delay (DCD):    3.020ns
    Source Clock Delay      (SCD):    3.461ns
    Clock Pessimism Removal (CPR):    0.000ns
  Clock Uncertainty:      0.129ns  ((TSJ^2 + DJ^2)^1/2) / 2 + PE
    Total System Jitter     (TSJ):    0.071ns
    Discrete Jitter          (DJ):    0.248ns
    Phase Error              (PE):    0.000ns
  Clock Net Delay (Source):      3.194ns (routing 1.584ns, distribution 1.610ns)
  Clock Net Delay (Destination): 2.804ns (routing 1.450ns, distribution 1.354ns)
  Timing Exception:       False Path

    Location             Delay type                Incr(ns)  Path(ns)    Netlist Resource(s)
  -------------------------------------------------------------------    -------------------
                         (clock clk_pl_0 rise edge)
                                                      0.000     0.000 r  
    PS8_X0Y0             PS8                          0.000     0.000 r  gemm_block_i/zynq_ultra_ps_e_0/inst/PS8_i/PLCLK[0]
                         net (fo=1, routed)           0.229     0.229    gemm_block_i/zynq_ultra_ps_e_0/inst/pl_clk_unbuffered[0]
    BUFG_PS_X0Y80        BUFG_PS (Prop_BUFG_PS_I_O)
                                                      0.038     0.267 r  gemm_block_i/zynq_ultra_ps_e_0/inst/buffer_pl_clk_0.PL_CLK_0_BUFG/O
    X1Y1 (CLOCK_ROOT)    net (fo=58594, routed)       3.194     3.461    gemm_block_i/axi_smc_1/inst/clk_map/psr_aclk/U0/aclk
    SLICE_X9Y123         FDRE                                         r  gemm_block_i/axi_smc_1/inst/clk_map/psr_aclk/U0/ACTIVE_LOW_BSR_OUT_DFF[0].FDRE_BSR_N/C
  -------------------------------------------------------------------    -------------------
    SLICE_X9Y123         FDRE (Prop_DFF_SLICEL_C_Q)
                                                      0.114     3.575 r  gemm_block_i/axi_smc_1/inst/clk_map/psr_aclk/U0/ACTIVE_LOW_BSR_OUT_DFF[0].FDRE_BSR_N/Q
                         net (fo=66, routed)          2.347     5.921    gemm_block_i/axi_smc_1/inst/s03_entry_pipeline/s03_si_converter/inst/xpm_cdc_async_rst_inst/src_arst
    SLICE_X15Y41         FDCE                                         f  gemm_block_i/axi_smc_1/inst/s03_entry_pipeline/s03_si_converter/inst/xpm_cdc_async_rst_inst/arststages_ff_reg[1]/CLR  (IS_INVERTED)
  -------------------------------------------------------------------    -------------------

                         (clock clk_pl_0 rise edge)
                                                      0.000     0.000 r  
    PS8_X0Y0             PS8                          0.000     0.000 r  gemm_block_i/zynq_ultra_ps_e_0/inst/PS8_i/PLCLK[0]
                         net (fo=1, routed)           0.181     0.181    gemm_block_i/zynq_ultra_ps_e_0/inst/pl_clk_unbuffered[0]
    BUFG_PS_X0Y80        BUFG_PS (Prop_BUFG_PS_I_O)
                                                      0.035     0.216 r  gemm_block_i/zynq_ultra_ps_e_0/inst/buffer_pl_clk_0.PL_CLK_0_BUFG/O
    X1Y1 (CLOCK_ROOT)    net (fo=58594, routed)       2.804     3.020    gemm_block_i/axi_smc_1/inst/s03_entry_pipeline/s03_si_converter/inst/xpm_cdc_async_rst_inst/dest_clk
    SLICE_X15Y41         FDCE                                         r  gemm_block_i/axi_smc_1/inst/s03_entry_pipeline/s03_si_converter/inst/xpm_cdc_async_rst_inst/arststages_ff_reg[1]/C

Slack:                    inf
  Source:                 gemm_block_i/axi_smc_1/inst/clk_map/psr_aclk/U0/ACTIVE_LOW_BSR_OUT_DFF[0].FDRE_BSR_N/C
                            (rising edge-triggered cell FDRE clocked by clk_pl_0  {rise@0.000ns fall@2.500ns period=5.000ns})
  Destination:            gemm_block_i/axi_smc_1/inst/s03_entry_pipeline/s03_si_converter/inst/xpm_cdc_async_rst_inst/arststages_ff_reg[2]/CLR
                            (recovery check against rising-edge clock clk_pl_0  {rise@0.000ns fall@2.500ns period=5.000ns})
  Path Group:             (none)
  Path Type:              Recovery (Max at Slow Process Corner)
  Data Path Delay:        2.461ns  (logic 0.114ns (4.633%)  route 2.347ns (95.367%))
  Logic Levels:           0  
  Clock Path Skew:        -0.440ns (DCD - SCD + CPR)
    Destination Clock Delay (DCD):    3.020ns
    Source Clock Delay      (SCD):    3.461ns
    Clock Pessimism Removal (CPR):    0.000ns
  Clock Uncertainty:      0.129ns  ((TSJ^2 + DJ^2)^1/2) / 2 + PE
    Total System Jitter     (TSJ):    0.071ns
    Discrete Jitter          (DJ):    0.248ns
    Phase Error              (PE):    0.000ns
  Clock Net Delay (Source):      3.194ns (routing 1.584ns, distribution 1.610ns)
  Clock Net Delay (Destination): 2.804ns (routing 1.450ns, distribution 1.354ns)
  Timing Exception:       False Path

    Location             Delay type                Incr(ns)  Path(ns)    Netlist Resource(s)
  -------------------------------------------------------------------    -------------------
                         (clock clk_pl_0 rise edge)
                                                      0.000     0.000 r  
    PS8_X0Y0             PS8                          0.000     0.000 r  gemm_block_i/zynq_ultra_ps_e_0/inst/PS8_i/PLCLK[0]
                         net (fo=1, routed)           0.229     0.229    gemm_block_i/zynq_ultra_ps_e_0/inst/pl_clk_unbuffered[0]
    BUFG_PS_X0Y80        BUFG_PS (Prop_BUFG_PS_I_O)
                                                      0.038     0.267 r  gemm_block_i/zynq_ultra_ps_e_0/inst/buffer_pl_clk_0.PL_CLK_0_BUFG/O
    X1Y1 (CLOCK_ROOT)    net (fo=58594, routed)       3.194     3.461    gemm_block_i/axi_smc_1/inst/clk_map/psr_aclk/U0/aclk
    SLICE_X9Y123         FDRE                                         r  gemm_block_i/axi_smc_1/inst/clk_map/psr_aclk/U0/ACTIVE_LOW_BSR_OUT_DFF[0].FDRE_BSR_N/C
  -------------------------------------------------------------------    -------------------
    SLICE_X9Y123         FDRE (Prop_DFF_SLICEL_C_Q)
                                                      0.114     3.575 r  gemm_block_i/axi_smc_1/inst/clk_map/psr_aclk/U0/ACTIVE_LOW_BSR_OUT_DFF[0].FDRE_BSR_N/Q
                         net (fo=66, routed)          2.347     5.921    gemm_block_i/axi_smc_1/inst/s03_entry_pipeline/s03_si_converter/inst/xpm_cdc_async_rst_inst/src_arst
    SLICE_X15Y41         FDCE                                         f  gemm_block_i/axi_smc_1/inst/s03_entry_pipeline/s03_si_converter/inst/xpm_cdc_async_rst_inst/arststages_ff_reg[2]/CLR  (IS_INVERTED)
  -------------------------------------------------------------------    -------------------

                         (clock clk_pl_0 rise edge)
                                                      0.000     0.000 r  
    PS8_X0Y0             PS8                          0.000     0.000 r  gemm_block_i/zynq_ultra_ps_e_0/inst/PS8_i/PLCLK[0]
                         net (fo=1, routed)           0.181     0.181    gemm_block_i/zynq_ultra_ps_e_0/inst/pl_clk_unbuffered[0]
    BUFG_PS_X0Y80        BUFG_PS (Prop_BUFG_PS_I_O)
                                                      0.035     0.216 r  gemm_block_i/zynq_ultra_ps_e_0/inst/buffer_pl_clk_0.PL_CLK_0_BUFG/O
    X1Y1 (CLOCK_ROOT)    net (fo=58594, routed)       2.804     3.020    gemm_block_i/axi_smc_1/inst/s03_entry_pipeline/s03_si_converter/inst/xpm_cdc_async_rst_inst/dest_clk
    SLICE_X15Y41         FDCE                                         r  gemm_block_i/axi_smc_1/inst/s03_entry_pipeline/s03_si_converter/inst/xpm_cdc_async_rst_inst/arststages_ff_reg[2]/C

Slack:                    inf
  Source:                 gemm_block_i/rst_ps8_0_99M/U0/ACTIVE_LOW_PR_OUT_DFF[0].FDRE_PER_N/C
                            (rising edge-triggered cell FDRE clocked by clk_pl_0  {rise@0.000ns fall@2.500ns period=5.000ns})
  Destination:            gemm_block_i/axi_smc/inst/clk_map/psr_aclk/U0/EXT_LPF/ACTIVE_LOW_AUX.ACT_LO_AUX/syncstages_ff_reg[0]/D
                            (rising edge-triggered cell FDRE clocked by clk_pl_0  {rise@0.000ns fall@2.500ns period=5.000ns})
  Path Group:             (none)
  Path Type:              Setup (Max at Slow Process Corner)
  Data Path Delay:        2.645ns  (logic 0.272ns (10.283%)  route 2.373ns (89.717%))
  Logic Levels:           1  (LUT1=1)
  Clock Path Skew:        -0.106ns (DCD - SCD + CPR)
    Destination Clock Delay (DCD):    3.096ns
    Source Clock Delay      (SCD):    3.203ns
    Clock Pessimism Removal (CPR):    0.000ns
  Clock Uncertainty:      0.129ns  ((TSJ^2 + DJ^2)^1/2) / 2 + PE
    Total System Jitter     (TSJ):    0.071ns
    Discrete Jitter          (DJ):    0.248ns
    Phase Error              (PE):    0.000ns
  Clock Net Delay (Source):      2.936ns (routing 1.584ns, distribution 1.352ns)
  Clock Net Delay (Destination): 2.880ns (routing 1.450ns, distribution 1.430ns)
  Timing Exception:       False Path

    Location             Delay type                Incr(ns)  Path(ns)    Netlist Resource(s)
  -------------------------------------------------------------------    -------------------
                         (clock clk_pl_0 rise edge)
                                                      0.000     0.000 r  
    PS8_X0Y0             PS8                          0.000     0.000 r  gemm_block_i/zynq_ultra_ps_e_0/inst/PS8_i/PLCLK[0]
                         net (fo=1, routed)           0.229     0.229    gemm_block_i/zynq_ultra_ps_e_0/inst/pl_clk_unbuffered[0]
    BUFG_PS_X0Y80        BUFG_PS (Prop_BUFG_PS_I_O)
                                                      0.038     0.267 r  gemm_block_i/zynq_ultra_ps_e_0/inst/buffer_pl_clk_0.PL_CLK_0_BUFG/O
    X1Y1 (CLOCK_ROOT)    net (fo=58594, routed)       2.936     3.203    gemm_block_i/rst_ps8_0_99M/U0/slowest_sync_clk
    SLICE_X29Y78         FDRE                                         r  gemm_block_i/rst_ps8_0_99M/U0/ACTIVE_LOW_PR_OUT_DFF[0].FDRE_PER_N/C
  -------------------------------------------------------------------    -------------------
    SLICE_X29Y78         FDRE (Prop_EFF_SLICEM_C_Q)
                                                      0.113     3.316 f  gemm_block_i/rst_ps8_0_99M/U0/ACTIVE_LOW_PR_OUT_DFF[0].FDRE_PER_N/Q
                         net (fo=9, routed)           1.979     5.295    gemm_block_i/axi_smc/inst/clk_map/psr_aclk/U0/EXT_LPF/aresetn
    SLICE_X9Y127         LUT1 (Prop_B5LUT_SLICEL_I0_O)
                                                      0.159     5.454 r  gemm_block_i/axi_smc/inst/clk_map/psr_aclk/U0/EXT_LPF/ACTIVE_LOW_AUX.ACT_LO_AUX_i_1/O
                         net (fo=1, routed)           0.394     5.848    gemm_block_i/axi_smc/inst/clk_map/psr_aclk/U0/EXT_LPF/ACTIVE_LOW_AUX.ACT_LO_AUX/src_in
    SLICE_X8Y132         FDRE                                         r  gemm_block_i/axi_smc/inst/clk_map/psr_aclk/U0/EXT_LPF/ACTIVE_LOW_AUX.ACT_LO_AUX/syncstages_ff_reg[0]/D
  -------------------------------------------------------------------    -------------------

                         (clock clk_pl_0 rise edge)
                                                      0.000     0.000 r  
    PS8_X0Y0             PS8                          0.000     0.000 r  gemm_block_i/zynq_ultra_ps_e_0/inst/PS8_i/PLCLK[0]
                         net (fo=1, routed)           0.181     0.181    gemm_block_i/zynq_ultra_ps_e_0/inst/pl_clk_unbuffered[0]
    BUFG_PS_X0Y80        BUFG_PS (Prop_BUFG_PS_I_O)
                                                      0.035     0.216 r  gemm_block_i/zynq_ultra_ps_e_0/inst/buffer_pl_clk_0.PL_CLK_0_BUFG/O
    X1Y1 (CLOCK_ROOT)    net (fo=58594, routed)       2.880     3.096    gemm_block_i/axi_smc/inst/clk_map/psr_aclk/U0/EXT_LPF/ACTIVE_LOW_AUX.ACT_LO_AUX/dest_clk
    SLICE_X8Y132         FDRE                                         r  gemm_block_i/axi_smc/inst/clk_map/psr_aclk/U0/EXT_LPF/ACTIVE_LOW_AUX.ACT_LO_AUX/syncstages_ff_reg[0]/C

Slack:                    inf
  Source:                 gemm_block_i/axi_smc_1/inst/clk_map/psr_aclk/U0/ACTIVE_LOW_BSR_OUT_DFF[0].FDRE_BSR_N/C
                            (rising edge-triggered cell FDRE clocked by clk_pl_0  {rise@0.000ns fall@2.500ns period=5.000ns})
  Destination:            gemm_block_i/axi_smc_1/inst/m00_exit_pipeline/m00_exit/inst/xpm_cdc_async_rst_inst/arststages_ff_reg[0]/CLR
                            (recovery check against rising-edge clock clk_pl_0  {rise@0.000ns fall@2.500ns period=5.000ns})
  Path Group:             (none)
  Path Type:              Recovery (Max at Slow Process Corner)
  Data Path Delay:        2.321ns  (logic 0.114ns (4.912%)  route 2.207ns (95.088%))
  Logic Levels:           0  
  Clock Path Skew:        -0.435ns (DCD - SCD + CPR)
    Destination Clock Delay (DCD):    3.025ns
    Source Clock Delay      (SCD):    3.461ns
    Clock Pessimism Removal (CPR):    0.000ns
  Clock Uncertainty:      0.129ns  ((TSJ^2 + DJ^2)^1/2) / 2 + PE
    Total System Jitter     (TSJ):    0.071ns
    Discrete Jitter          (DJ):    0.248ns
    Phase Error              (PE):    0.000ns
  Clock Net Delay (Source):      3.194ns (routing 1.584ns, distribution 1.610ns)
  Clock Net Delay (Destination): 2.809ns (routing 1.450ns, distribution 1.359ns)
  Timing Exception:       False Path

    Location             Delay type                Incr(ns)  Path(ns)    Netlist Resource(s)
  -------------------------------------------------------------------    -------------------
                         (clock clk_pl_0 rise edge)
                                                      0.000     0.000 r  
    PS8_X0Y0             PS8                          0.000     0.000 r  gemm_block_i/zynq_ultra_ps_e_0/inst/PS8_i/PLCLK[0]
                         net (fo=1, routed)           0.229     0.229    gemm_block_i/zynq_ultra_ps_e_0/inst/pl_clk_unbuffered[0]
    BUFG_PS_X0Y80        BUFG_PS (Prop_BUFG_PS_I_O)
                                                      0.038     0.267 r  gemm_block_i/zynq_ultra_ps_e_0/inst/buffer_pl_clk_0.PL_CLK_0_BUFG/O
    X1Y1 (CLOCK_ROOT)    net (fo=58594, routed)       3.194     3.461    gemm_block_i/axi_smc_1/inst/clk_map/psr_aclk/U0/aclk
    SLICE_X9Y123         FDRE                                         r  gemm_block_i/axi_smc_1/inst/clk_map/psr_aclk/U0/ACTIVE_LOW_BSR_OUT_DFF[0].FDRE_BSR_N/C
  -------------------------------------------------------------------    -------------------
    SLICE_X9Y123         FDRE (Prop_DFF_SLICEL_C_Q)
                                                      0.114     3.575 r  gemm_block_i/axi_smc_1/inst/clk_map/psr_aclk/U0/ACTIVE_LOW_BSR_OUT_DFF[0].FDRE_BSR_N/Q
                         net (fo=66, routed)          2.207     5.782    gemm_block_i/axi_smc_1/inst/m00_exit_pipeline/m00_exit/inst/xpm_cdc_async_rst_inst/src_arst
    SLICE_X14Y48         FDCE                                         f  gemm_block_i/axi_smc_1/inst/m00_exit_pipeline/m00_exit/inst/xpm_cdc_async_rst_inst/arststages_ff_reg[0]/CLR  (IS_INVERTED)
  -------------------------------------------------------------------    -------------------

                         (clock clk_pl_0 rise edge)
                                                      0.000     0.000 r  
    PS8_X0Y0             PS8                          0.000     0.000 r  gemm_block_i/zynq_ultra_ps_e_0/inst/PS8_i/PLCLK[0]
                         net (fo=1, routed)           0.181     0.181    gemm_block_i/zynq_ultra_ps_e_0/inst/pl_clk_unbuffered[0]
    BUFG_PS_X0Y80        BUFG_PS (Prop_BUFG_PS_I_O)
                                                      0.035     0.216 r  gemm_block_i/zynq_ultra_ps_e_0/inst/buffer_pl_clk_0.PL_CLK_0_BUFG/O
    X1Y1 (CLOCK_ROOT)    net (fo=58594, routed)       2.809     3.025    gemm_block_i/axi_smc_1/inst/m00_exit_pipeline/m00_exit/inst/xpm_cdc_async_rst_inst/dest_clk
    SLICE_X14Y48         FDCE                                         r  gemm_block_i/axi_smc_1/inst/m00_exit_pipeline/m00_exit/inst/xpm_cdc_async_rst_inst/arststages_ff_reg[0]/C

Slack:                    inf
  Source:                 gemm_block_i/axi_smc_1/inst/clk_map/psr_aclk/U0/ACTIVE_LOW_BSR_OUT_DFF[0].FDRE_BSR_N/C
                            (rising edge-triggered cell FDRE clocked by clk_pl_0  {rise@0.000ns fall@2.500ns period=5.000ns})
  Destination:            gemm_block_i/axi_smc_1/inst/m00_exit_pipeline/m00_exit/inst/xpm_cdc_async_rst_inst/arststages_ff_reg[1]/CLR
                            (recovery check against rising-edge clock clk_pl_0  {rise@0.000ns fall@2.500ns period=5.000ns})
  Path Group:             (none)
  Path Type:              Recovery (Max at Slow Process Corner)
  Data Path Delay:        2.321ns  (logic 0.114ns (4.912%)  route 2.207ns (95.088%))
  Logic Levels:           0  
  Clock Path Skew:        -0.435ns (DCD - SCD + CPR)
    Destination Clock Delay (DCD):    3.025ns
    Source Clock Delay      (SCD):    3.461ns
    Clock Pessimism Removal (CPR):    0.000ns
  Clock Uncertainty:      0.129ns  ((TSJ^2 + DJ^2)^1/2) / 2 + PE
    Total System Jitter     (TSJ):    0.071ns
    Discrete Jitter          (DJ):    0.248ns
    Phase Error              (PE):    0.000ns
  Clock Net Delay (Source):      3.194ns (routing 1.584ns, distribution 1.610ns)
  Clock Net Delay (Destination): 2.809ns (routing 1.450ns, distribution 1.359ns)
  Timing Exception:       False Path

    Location             Delay type                Incr(ns)  Path(ns)    Netlist Resource(s)
  -------------------------------------------------------------------    -------------------
                         (clock clk_pl_0 rise edge)
                                                      0.000     0.000 r  
    PS8_X0Y0             PS8                          0.000     0.000 r  gemm_block_i/zynq_ultra_ps_e_0/inst/PS8_i/PLCLK[0]
                         net (fo=1, routed)           0.229     0.229    gemm_block_i/zynq_ultra_ps_e_0/inst/pl_clk_unbuffered[0]
    BUFG_PS_X0Y80        BUFG_PS (Prop_BUFG_PS_I_O)
                                                      0.038     0.267 r  gemm_block_i/zynq_ultra_ps_e_0/inst/buffer_pl_clk_0.PL_CLK_0_BUFG/O
    X1Y1 (CLOCK_ROOT)    net (fo=58594, routed)       3.194     3.461    gemm_block_i/axi_smc_1/inst/clk_map/psr_aclk/U0/aclk
    SLICE_X9Y123         FDRE                                         r  gemm_block_i/axi_smc_1/inst/clk_map/psr_aclk/U0/ACTIVE_LOW_BSR_OUT_DFF[0].FDRE_BSR_N/C
  -------------------------------------------------------------------    -------------------
    SLICE_X9Y123         FDRE (Prop_DFF_SLICEL_C_Q)
                                                      0.114     3.575 r  gemm_block_i/axi_smc_1/inst/clk_map/psr_aclk/U0/ACTIVE_LOW_BSR_OUT_DFF[0].FDRE_BSR_N/Q
                         net (fo=66, routed)          2.207     5.782    gemm_block_i/axi_smc_1/inst/m00_exit_pipeline/m00_exit/inst/xpm_cdc_async_rst_inst/src_arst
    SLICE_X14Y48         FDCE                                         f  gemm_block_i/axi_smc_1/inst/m00_exit_pipeline/m00_exit/inst/xpm_cdc_async_rst_inst/arststages_ff_reg[1]/CLR  (IS_INVERTED)
  -------------------------------------------------------------------    -------------------

                         (clock clk_pl_0 rise edge)
                                                      0.000     0.000 r  
    PS8_X0Y0             PS8                          0.000     0.000 r  gemm_block_i/zynq_ultra_ps_e_0/inst/PS8_i/PLCLK[0]
                         net (fo=1, routed)           0.181     0.181    gemm_block_i/zynq_ultra_ps_e_0/inst/pl_clk_unbuffered[0]
    BUFG_PS_X0Y80        BUFG_PS (Prop_BUFG_PS_I_O)
                                                      0.035     0.216 r  gemm_block_i/zynq_ultra_ps_e_0/inst/buffer_pl_clk_0.PL_CLK_0_BUFG/O
    X1Y1 (CLOCK_ROOT)    net (fo=58594, routed)       2.809     3.025    gemm_block_i/axi_smc_1/inst/m00_exit_pipeline/m00_exit/inst/xpm_cdc_async_rst_inst/dest_clk
    SLICE_X14Y48         FDCE                                         r  gemm_block_i/axi_smc_1/inst/m00_exit_pipeline/m00_exit/inst/xpm_cdc_async_rst_inst/arststages_ff_reg[1]/C

Slack:                    inf
  Source:                 gemm_block_i/axi_smc_1/inst/clk_map/psr_aclk/U0/ACTIVE_LOW_BSR_OUT_DFF[0].FDRE_BSR_N/C
                            (rising edge-triggered cell FDRE clocked by clk_pl_0  {rise@0.000ns fall@2.500ns period=5.000ns})
  Destination:            gemm_block_i/axi_smc_1/inst/m00_exit_pipeline/m00_exit/inst/xpm_cdc_async_rst_inst/arststages_ff_reg[2]/CLR
                            (recovery check against rising-edge clock clk_pl_0  {rise@0.000ns fall@2.500ns period=5.000ns})
  Path Group:             (none)
  Path Type:              Recovery (Max at Slow Process Corner)
  Data Path Delay:        2.321ns  (logic 0.114ns (4.912%)  route 2.207ns (95.088%))
  Logic Levels:           0  
  Clock Path Skew:        -0.435ns (DCD - SCD + CPR)
    Destination Clock Delay (DCD):    3.025ns
    Source Clock Delay      (SCD):    3.461ns
    Clock Pessimism Removal (CPR):    0.000ns
  Clock Uncertainty:      0.129ns  ((TSJ^2 + DJ^2)^1/2) / 2 + PE
    Total System Jitter     (TSJ):    0.071ns
    Discrete Jitter          (DJ):    0.248ns
    Phase Error              (PE):    0.000ns
  Clock Net Delay (Source):      3.194ns (routing 1.584ns, distribution 1.610ns)
  Clock Net Delay (Destination): 2.809ns (routing 1.450ns, distribution 1.359ns)
  Timing Exception:       False Path

    Location             Delay type                Incr(ns)  Path(ns)    Netlist Resource(s)
  -------------------------------------------------------------------    -------------------
                         (clock clk_pl_0 rise edge)
                                                      0.000     0.000 r  
    PS8_X0Y0             PS8                          0.000     0.000 r  gemm_block_i/zynq_ultra_ps_e_0/inst/PS8_i/PLCLK[0]
                         net (fo=1, routed)           0.229     0.229    gemm_block_i/zynq_ultra_ps_e_0/inst/pl_clk_unbuffered[0]
    BUFG_PS_X0Y80        BUFG_PS (Prop_BUFG_PS_I_O)
                                                      0.038     0.267 r  gemm_block_i/zynq_ultra_ps_e_0/inst/buffer_pl_clk_0.PL_CLK_0_BUFG/O
    X1Y1 (CLOCK_ROOT)    net (fo=58594, routed)       3.194     3.461    gemm_block_i/axi_smc_1/inst/clk_map/psr_aclk/U0/aclk
    SLICE_X9Y123         FDRE                                         r  gemm_block_i/axi_smc_1/inst/clk_map/psr_aclk/U0/ACTIVE_LOW_BSR_OUT_DFF[0].FDRE_BSR_N/C
  -------------------------------------------------------------------    -------------------
    SLICE_X9Y123         FDRE (Prop_DFF_SLICEL_C_Q)
                                                      0.114     3.575 r  gemm_block_i/axi_smc_1/inst/clk_map/psr_aclk/U0/ACTIVE_LOW_BSR_OUT_DFF[0].FDRE_BSR_N/Q
                         net (fo=66, routed)          2.207     5.782    gemm_block_i/axi_smc_1/inst/m00_exit_pipeline/m00_exit/inst/xpm_cdc_async_rst_inst/src_arst
    SLICE_X14Y48         FDCE                                         f  gemm_block_i/axi_smc_1/inst/m00_exit_pipeline/m00_exit/inst/xpm_cdc_async_rst_inst/arststages_ff_reg[2]/CLR  (IS_INVERTED)
  -------------------------------------------------------------------    -------------------

                         (clock clk_pl_0 rise edge)
                                                      0.000     0.000 r  
    PS8_X0Y0             PS8                          0.000     0.000 r  gemm_block_i/zynq_ultra_ps_e_0/inst/PS8_i/PLCLK[0]
                         net (fo=1, routed)           0.181     0.181    gemm_block_i/zynq_ultra_ps_e_0/inst/pl_clk_unbuffered[0]
    BUFG_PS_X0Y80        BUFG_PS (Prop_BUFG_PS_I_O)
                                                      0.035     0.216 r  gemm_block_i/zynq_ultra_ps_e_0/inst/buffer_pl_clk_0.PL_CLK_0_BUFG/O
    X1Y1 (CLOCK_ROOT)    net (fo=58594, routed)       2.809     3.025    gemm_block_i/axi_smc_1/inst/m00_exit_pipeline/m00_exit/inst/xpm_cdc_async_rst_inst/dest_clk
    SLICE_X14Y48         FDCE                                         r  gemm_block_i/axi_smc_1/inst/m00_exit_pipeline/m00_exit/inst/xpm_cdc_async_rst_inst/arststages_ff_reg[2]/C

Slack:                    inf
  Source:                 gemm_block_i/axi_smc_1/inst/clk_map/psr_aclk/U0/ACTIVE_LOW_BSR_OUT_DFF[0].FDRE_BSR_N/C
                            (rising edge-triggered cell FDRE clocked by clk_pl_0  {rise@0.000ns fall@2.500ns period=5.000ns})
  Destination:            gemm_block_i/axi_smc_1/inst/m00_nodes/m00_w_node/inst/s_sc_xpm_cdc_async_rst_inst/arststages_ff_reg[0]/CLR
                            (recovery check against rising-edge clock clk_pl_0  {rise@0.000ns fall@2.500ns period=5.000ns})
  Path Group:             (none)
  Path Type:              Recovery (Max at Slow Process Corner)
  Data Path Delay:        2.311ns  (logic 0.114ns (4.933%)  route 2.197ns (95.067%))
  Logic Levels:           0  
  Clock Path Skew:        -0.446ns (DCD - SCD + CPR)
    Destination Clock Delay (DCD):    3.014ns
    Source Clock Delay      (SCD):    3.461ns
    Clock Pessimism Removal (CPR):    0.000ns
  Clock Uncertainty:      0.129ns  ((TSJ^2 + DJ^2)^1/2) / 2 + PE
    Total System Jitter     (TSJ):    0.071ns
    Discrete Jitter          (DJ):    0.248ns
    Phase Error              (PE):    0.000ns
  Clock Net Delay (Source):      3.194ns (routing 1.584ns, distribution 1.610ns)
  Clock Net Delay (Destination): 2.798ns (routing 1.450ns, distribution 1.348ns)
  Timing Exception:       False Path

    Location             Delay type                Incr(ns)  Path(ns)    Netlist Resource(s)
  -------------------------------------------------------------------    -------------------
                         (clock clk_pl_0 rise edge)
                                                      0.000     0.000 r  
    PS8_X0Y0             PS8                          0.000     0.000 r  gemm_block_i/zynq_ultra_ps_e_0/inst/PS8_i/PLCLK[0]
                         net (fo=1, routed)           0.229     0.229    gemm_block_i/zynq_ultra_ps_e_0/inst/pl_clk_unbuffered[0]
    BUFG_PS_X0Y80        BUFG_PS (Prop_BUFG_PS_I_O)
                                                      0.038     0.267 r  gemm_block_i/zynq_ultra_ps_e_0/inst/buffer_pl_clk_0.PL_CLK_0_BUFG/O
    X1Y1 (CLOCK_ROOT)    net (fo=58594, routed)       3.194     3.461    gemm_block_i/axi_smc_1/inst/clk_map/psr_aclk/U0/aclk
    SLICE_X9Y123         FDRE                                         r  gemm_block_i/axi_smc_1/inst/clk_map/psr_aclk/U0/ACTIVE_LOW_BSR_OUT_DFF[0].FDRE_BSR_N/C
  -------------------------------------------------------------------    -------------------
    SLICE_X9Y123         FDRE (Prop_DFF_SLICEL_C_Q)
                                                      0.114     3.575 r  gemm_block_i/axi_smc_1/inst/clk_map/psr_aclk/U0/ACTIVE_LOW_BSR_OUT_DFF[0].FDRE_BSR_N/Q
                         net (fo=66, routed)          2.197     5.772    gemm_block_i/axi_smc_1/inst/m00_nodes/m00_w_node/inst/s_sc_xpm_cdc_async_rst_inst/src_arst
    SLICE_X19Y42         FDCE                                         f  gemm_block_i/axi_smc_1/inst/m00_nodes/m00_w_node/inst/s_sc_xpm_cdc_async_rst_inst/arststages_ff_reg[0]/CLR  (IS_INVERTED)
  -------------------------------------------------------------------    -------------------

                         (clock clk_pl_0 rise edge)
                                                      0.000     0.000 r  
    PS8_X0Y0             PS8                          0.000     0.000 r  gemm_block_i/zynq_ultra_ps_e_0/inst/PS8_i/PLCLK[0]
                         net (fo=1, routed)           0.181     0.181    gemm_block_i/zynq_ultra_ps_e_0/inst/pl_clk_unbuffered[0]
    BUFG_PS_X0Y80        BUFG_PS (Prop_BUFG_PS_I_O)
                                                      0.035     0.216 r  gemm_block_i/zynq_ultra_ps_e_0/inst/buffer_pl_clk_0.PL_CLK_0_BUFG/O
    X1Y1 (CLOCK_ROOT)    net (fo=58594, routed)       2.798     3.014    gemm_block_i/axi_smc_1/inst/m00_nodes/m00_w_node/inst/s_sc_xpm_cdc_async_rst_inst/dest_clk
    SLICE_X19Y42         FDCE                                         r  gemm_block_i/axi_smc_1/inst/m00_nodes/m00_w_node/inst/s_sc_xpm_cdc_async_rst_inst/arststages_ff_reg[0]/C

Slack:                    inf
  Source:                 gemm_block_i/axi_smc_1/inst/clk_map/psr_aclk/U0/ACTIVE_LOW_BSR_OUT_DFF[0].FDRE_BSR_N/C
                            (rising edge-triggered cell FDRE clocked by clk_pl_0  {rise@0.000ns fall@2.500ns period=5.000ns})
  Destination:            gemm_block_i/axi_smc_1/inst/m00_nodes/m00_w_node/inst/s_sc_xpm_cdc_async_rst_inst/arststages_ff_reg[1]/CLR
                            (recovery check against rising-edge clock clk_pl_0  {rise@0.000ns fall@2.500ns period=5.000ns})
  Path Group:             (none)
  Path Type:              Recovery (Max at Slow Process Corner)
  Data Path Delay:        2.311ns  (logic 0.114ns (4.933%)  route 2.197ns (95.067%))
  Logic Levels:           0  
  Clock Path Skew:        -0.446ns (DCD - SCD + CPR)
    Destination Clock Delay (DCD):    3.014ns
    Source Clock Delay      (SCD):    3.461ns
    Clock Pessimism Removal (CPR):    0.000ns
  Clock Uncertainty:      0.129ns  ((TSJ^2 + DJ^2)^1/2) / 2 + PE
    Total System Jitter     (TSJ):    0.071ns
    Discrete Jitter          (DJ):    0.248ns
    Phase Error              (PE):    0.000ns
  Clock Net Delay (Source):      3.194ns (routing 1.584ns, distribution 1.610ns)
  Clock Net Delay (Destination): 2.798ns (routing 1.450ns, distribution 1.348ns)
  Timing Exception:       False Path

    Location             Delay type                Incr(ns)  Path(ns)    Netlist Resource(s)
  -------------------------------------------------------------------    -------------------
                         (clock clk_pl_0 rise edge)
                                                      0.000     0.000 r  
    PS8_X0Y0             PS8                          0.000     0.000 r  gemm_block_i/zynq_ultra_ps_e_0/inst/PS8_i/PLCLK[0]
                         net (fo=1, routed)           0.229     0.229    gemm_block_i/zynq_ultra_ps_e_0/inst/pl_clk_unbuffered[0]
    BUFG_PS_X0Y80        BUFG_PS (Prop_BUFG_PS_I_O)
                                                      0.038     0.267 r  gemm_block_i/zynq_ultra_ps_e_0/inst/buffer_pl_clk_0.PL_CLK_0_BUFG/O
    X1Y1 (CLOCK_ROOT)    net (fo=58594, routed)       3.194     3.461    gemm_block_i/axi_smc_1/inst/clk_map/psr_aclk/U0/aclk
    SLICE_X9Y123         FDRE                                         r  gemm_block_i/axi_smc_1/inst/clk_map/psr_aclk/U0/ACTIVE_LOW_BSR_OUT_DFF[0].FDRE_BSR_N/C
  -------------------------------------------------------------------    -------------------
    SLICE_X9Y123         FDRE (Prop_DFF_SLICEL_C_Q)
                                                      0.114     3.575 r  gemm_block_i/axi_smc_1/inst/clk_map/psr_aclk/U0/ACTIVE_LOW_BSR_OUT_DFF[0].FDRE_BSR_N/Q
                         net (fo=66, routed)          2.197     5.772    gemm_block_i/axi_smc_1/inst/m00_nodes/m00_w_node/inst/s_sc_xpm_cdc_async_rst_inst/src_arst
    SLICE_X19Y42         FDCE                                         f  gemm_block_i/axi_smc_1/inst/m00_nodes/m00_w_node/inst/s_sc_xpm_cdc_async_rst_inst/arststages_ff_reg[1]/CLR  (IS_INVERTED)
  -------------------------------------------------------------------    -------------------

                         (clock clk_pl_0 rise edge)
                                                      0.000     0.000 r  
    PS8_X0Y0             PS8                          0.000     0.000 r  gemm_block_i/zynq_ultra_ps_e_0/inst/PS8_i/PLCLK[0]
                         net (fo=1, routed)           0.181     0.181    gemm_block_i/zynq_ultra_ps_e_0/inst/pl_clk_unbuffered[0]
    BUFG_PS_X0Y80        BUFG_PS (Prop_BUFG_PS_I_O)
                                                      0.035     0.216 r  gemm_block_i/zynq_ultra_ps_e_0/inst/buffer_pl_clk_0.PL_CLK_0_BUFG/O
    X1Y1 (CLOCK_ROOT)    net (fo=58594, routed)       2.798     3.014    gemm_block_i/axi_smc_1/inst/m00_nodes/m00_w_node/inst/s_sc_xpm_cdc_async_rst_inst/dest_clk
    SLICE_X19Y42         FDCE                                         r  gemm_block_i/axi_smc_1/inst/m00_nodes/m00_w_node/inst/s_sc_xpm_cdc_async_rst_inst/arststages_ff_reg[1]/C

Slack:                    inf
  Source:                 gemm_block_i/axi_smc_1/inst/clk_map/psr_aclk/U0/ACTIVE_LOW_BSR_OUT_DFF[0].FDRE_BSR_N/C
                            (rising edge-triggered cell FDRE clocked by clk_pl_0  {rise@0.000ns fall@2.500ns period=5.000ns})
  Destination:            gemm_block_i/axi_smc_1/inst/m00_nodes/m00_w_node/inst/s_sc_xpm_cdc_async_rst_inst/arststages_ff_reg[2]/CLR
                            (recovery check against rising-edge clock clk_pl_0  {rise@0.000ns fall@2.500ns period=5.000ns})
  Path Group:             (none)
  Path Type:              Recovery (Max at Slow Process Corner)
  Data Path Delay:        2.311ns  (logic 0.114ns (4.933%)  route 2.197ns (95.067%))
  Logic Levels:           0  
  Clock Path Skew:        -0.446ns (DCD - SCD + CPR)
    Destination Clock Delay (DCD):    3.014ns
    Source Clock Delay      (SCD):    3.461ns
    Clock Pessimism Removal (CPR):    0.000ns
  Clock Uncertainty:      0.129ns  ((TSJ^2 + DJ^2)^1/2) / 2 + PE
    Total System Jitter     (TSJ):    0.071ns
    Discrete Jitter          (DJ):    0.248ns
    Phase Error              (PE):    0.000ns
  Clock Net Delay (Source):      3.194ns (routing 1.584ns, distribution 1.610ns)
  Clock Net Delay (Destination): 2.798ns (routing 1.450ns, distribution 1.348ns)
  Timing Exception:       False Path

    Location             Delay type                Incr(ns)  Path(ns)    Netlist Resource(s)
  -------------------------------------------------------------------    -------------------
                         (clock clk_pl_0 rise edge)
                                                      0.000     0.000 r  
    PS8_X0Y0             PS8                          0.000     0.000 r  gemm_block_i/zynq_ultra_ps_e_0/inst/PS8_i/PLCLK[0]
                         net (fo=1, routed)           0.229     0.229    gemm_block_i/zynq_ultra_ps_e_0/inst/pl_clk_unbuffered[0]
    BUFG_PS_X0Y80        BUFG_PS (Prop_BUFG_PS_I_O)
                                                      0.038     0.267 r  gemm_block_i/zynq_ultra_ps_e_0/inst/buffer_pl_clk_0.PL_CLK_0_BUFG/O
    X1Y1 (CLOCK_ROOT)    net (fo=58594, routed)       3.194     3.461    gemm_block_i/axi_smc_1/inst/clk_map/psr_aclk/U0/aclk
    SLICE_X9Y123         FDRE                                         r  gemm_block_i/axi_smc_1/inst/clk_map/psr_aclk/U0/ACTIVE_LOW_BSR_OUT_DFF[0].FDRE_BSR_N/C
  -------------------------------------------------------------------    -------------------
    SLICE_X9Y123         FDRE (Prop_DFF_SLICEL_C_Q)
                                                      0.114     3.575 r  gemm_block_i/axi_smc_1/inst/clk_map/psr_aclk/U0/ACTIVE_LOW_BSR_OUT_DFF[0].FDRE_BSR_N/Q
                         net (fo=66, routed)          2.197     5.772    gemm_block_i/axi_smc_1/inst/m00_nodes/m00_w_node/inst/s_sc_xpm_cdc_async_rst_inst/src_arst
    SLICE_X19Y42         FDCE                                         f  gemm_block_i/axi_smc_1/inst/m00_nodes/m00_w_node/inst/s_sc_xpm_cdc_async_rst_inst/arststages_ff_reg[2]/CLR  (IS_INVERTED)
  -------------------------------------------------------------------    -------------------

                         (clock clk_pl_0 rise edge)
                                                      0.000     0.000 r  
    PS8_X0Y0             PS8                          0.000     0.000 r  gemm_block_i/zynq_ultra_ps_e_0/inst/PS8_i/PLCLK[0]
                         net (fo=1, routed)           0.181     0.181    gemm_block_i/zynq_ultra_ps_e_0/inst/pl_clk_unbuffered[0]
    BUFG_PS_X0Y80        BUFG_PS (Prop_BUFG_PS_I_O)
                                                      0.035     0.216 r  gemm_block_i/zynq_ultra_ps_e_0/inst/buffer_pl_clk_0.PL_CLK_0_BUFG/O
    X1Y1 (CLOCK_ROOT)    net (fo=58594, routed)       2.798     3.014    gemm_block_i/axi_smc_1/inst/m00_nodes/m00_w_node/inst/s_sc_xpm_cdc_async_rst_inst/dest_clk
    SLICE_X19Y42         FDCE                                         r  gemm_block_i/axi_smc_1/inst/m00_nodes/m00_w_node/inst/s_sc_xpm_cdc_async_rst_inst/arststages_ff_reg[2]/C





Min Delay Paths
--------------------------------------------------------------------------------------
Slack:                    inf
  Source:                 gemm_block_i/axi_smc/inst/clk_map/psr_aclk/U0/ACTIVE_LOW_BSR_OUT_DFF[0].FDRE_BSR_N/C
                            (rising edge-triggered cell FDRE clocked by clk_pl_0  {rise@0.000ns fall@2.500ns period=5.000ns})
  Destination:            gemm_block_i/axi_smc/inst/s00_entry_pipeline/s00_transaction_regulator/inst/xpm_cdc_async_rst_inst/arststages_ff_reg[0]/CLR
                            (removal check against rising-edge clock clk_pl_0  {rise@0.000ns fall@2.500ns period=5.000ns})
  Path Group:             (none)
  Path Type:              Removal (Min at Fast Process Corner)
  Data Path Delay:        0.295ns  (logic 0.082ns (27.757%)  route 0.213ns (72.243%))
  Logic Levels:           0  
  Clock Path Skew:        0.206ns (DCD - SCD - CPR)
    Destination Clock Delay (DCD):    2.107ns
    Source Clock Delay      (SCD):    1.902ns
    Clock Pessimism Removal (CPR):    -0.000ns
  Clock Uncertainty:      0.129ns  ((TSJ^2 + DJ^2)^1/2) / 2 + PE
    Total System Jitter     (TSJ):    0.071ns
    Discrete Jitter          (DJ):    0.248ns
    Phase Error              (PE):    0.000ns
  Clock Net Delay (Source):      1.751ns (routing 0.886ns, distribution 0.865ns)
  Clock Net Delay (Destination): 1.920ns (routing 0.971ns, distribution 0.949ns)
  Timing Exception:       False Path

    Location             Delay type                Incr(ns)  Path(ns)    Netlist Resource(s)
  -------------------------------------------------------------------    -------------------
                         (clock clk_pl_0 rise edge)
                                                      0.000     0.000 r  
    PS8_X0Y0             PS8                          0.000     0.000 r  gemm_block_i/zynq_ultra_ps_e_0/inst/PS8_i/PLCLK[0]
                         net (fo=1, routed)           0.129     0.129    gemm_block_i/zynq_ultra_ps_e_0/inst/pl_clk_unbuffered[0]
    BUFG_PS_X0Y80        BUFG_PS (Prop_BUFG_PS_I_O)
                                                      0.022     0.151 r  gemm_block_i/zynq_ultra_ps_e_0/inst/buffer_pl_clk_0.PL_CLK_0_BUFG/O
    X1Y1 (CLOCK_ROOT)    net (fo=58594, routed)       1.751     1.902    gemm_block_i/axi_smc/inst/clk_map/psr_aclk/U0/aclk
    SLICE_X8Y129         FDRE                                         r  gemm_block_i/axi_smc/inst/clk_map/psr_aclk/U0/ACTIVE_LOW_BSR_OUT_DFF[0].FDRE_BSR_N/C
  -------------------------------------------------------------------    -------------------
    SLICE_X8Y129         FDRE (Prop_EFF_SLICEM_C_Q)
                                                      0.082     1.984 r  gemm_block_i/axi_smc/inst/clk_map/psr_aclk/U0/ACTIVE_LOW_BSR_OUT_DFF[0].FDRE_BSR_N/Q
                         net (fo=117, routed)         0.213     2.197    gemm_block_i/axi_smc/inst/s00_entry_pipeline/s00_transaction_regulator/inst/xpm_cdc_async_rst_inst/src_arst
    SLICE_X4Y129         FDCE                                         f  gemm_block_i/axi_smc/inst/s00_entry_pipeline/s00_transaction_regulator/inst/xpm_cdc_async_rst_inst/arststages_ff_reg[0]/CLR  (IS_INVERTED)
  -------------------------------------------------------------------    -------------------

                         (clock clk_pl_0 rise edge)
                                                      0.000     0.000 r  
    PS8_X0Y0             PS8                          0.000     0.000 r  gemm_block_i/zynq_ultra_ps_e_0/inst/PS8_i/PLCLK[0]
                         net (fo=1, routed)           0.164     0.164    gemm_block_i/zynq_ultra_ps_e_0/inst/pl_clk_unbuffered[0]
    BUFG_PS_X0Y80        BUFG_PS (Prop_BUFG_PS_I_O)
                                                      0.023     0.187 r  gemm_block_i/zynq_ultra_ps_e_0/inst/buffer_pl_clk_0.PL_CLK_0_BUFG/O
    X1Y1 (CLOCK_ROOT)    net (fo=58594, routed)       1.920     2.107    gemm_block_i/axi_smc/inst/s00_entry_pipeline/s00_transaction_regulator/inst/xpm_cdc_async_rst_inst/dest_clk
    SLICE_X4Y129         FDCE                                         r  gemm_block_i/axi_smc/inst/s00_entry_pipeline/s00_transaction_regulator/inst/xpm_cdc_async_rst_inst/arststages_ff_reg[0]/C

Slack:                    inf
  Source:                 gemm_block_i/axi_smc/inst/clk_map/psr_aclk/U0/ACTIVE_LOW_BSR_OUT_DFF[0].FDRE_BSR_N/C
                            (rising edge-triggered cell FDRE clocked by clk_pl_0  {rise@0.000ns fall@2.500ns period=5.000ns})
  Destination:            gemm_block_i/axi_smc/inst/s00_entry_pipeline/s00_transaction_regulator/inst/xpm_cdc_async_rst_inst/arststages_ff_reg[1]/CLR
                            (removal check against rising-edge clock clk_pl_0  {rise@0.000ns fall@2.500ns period=5.000ns})
  Path Group:             (none)
  Path Type:              Removal (Min at Fast Process Corner)
  Data Path Delay:        0.295ns  (logic 0.082ns (27.757%)  route 0.213ns (72.243%))
  Logic Levels:           0  
  Clock Path Skew:        0.206ns (DCD - SCD - CPR)
    Destination Clock Delay (DCD):    2.107ns
    Source Clock Delay      (SCD):    1.902ns
    Clock Pessimism Removal (CPR):    -0.000ns
  Clock Uncertainty:      0.129ns  ((TSJ^2 + DJ^2)^1/2) / 2 + PE
    Total System Jitter     (TSJ):    0.071ns
    Discrete Jitter          (DJ):    0.248ns
    Phase Error              (PE):    0.000ns
  Clock Net Delay (Source):      1.751ns (routing 0.886ns, distribution 0.865ns)
  Clock Net Delay (Destination): 1.920ns (routing 0.971ns, distribution 0.949ns)
  Timing Exception:       False Path

    Location             Delay type                Incr(ns)  Path(ns)    Netlist Resource(s)
  -------------------------------------------------------------------    -------------------
                         (clock clk_pl_0 rise edge)
                                                      0.000     0.000 r  
    PS8_X0Y0             PS8                          0.000     0.000 r  gemm_block_i/zynq_ultra_ps_e_0/inst/PS8_i/PLCLK[0]
                         net (fo=1, routed)           0.129     0.129    gemm_block_i/zynq_ultra_ps_e_0/inst/pl_clk_unbuffered[0]
    BUFG_PS_X0Y80        BUFG_PS (Prop_BUFG_PS_I_O)
                                                      0.022     0.151 r  gemm_block_i/zynq_ultra_ps_e_0/inst/buffer_pl_clk_0.PL_CLK_0_BUFG/O
    X1Y1 (CLOCK_ROOT)    net (fo=58594, routed)       1.751     1.902    gemm_block_i/axi_smc/inst/clk_map/psr_aclk/U0/aclk
    SLICE_X8Y129         FDRE                                         r  gemm_block_i/axi_smc/inst/clk_map/psr_aclk/U0/ACTIVE_LOW_BSR_OUT_DFF[0].FDRE_BSR_N/C
  -------------------------------------------------------------------    -------------------
    SLICE_X8Y129         FDRE (Prop_EFF_SLICEM_C_Q)
                                                      0.082     1.984 r  gemm_block_i/axi_smc/inst/clk_map/psr_aclk/U0/ACTIVE_LOW_BSR_OUT_DFF[0].FDRE_BSR_N/Q
                         net (fo=117, routed)         0.213     2.197    gemm_block_i/axi_smc/inst/s00_entry_pipeline/s00_transaction_regulator/inst/xpm_cdc_async_rst_inst/src_arst
    SLICE_X4Y129         FDCE                                         f  gemm_block_i/axi_smc/inst/s00_entry_pipeline/s00_transaction_regulator/inst/xpm_cdc_async_rst_inst/arststages_ff_reg[1]/CLR  (IS_INVERTED)
  -------------------------------------------------------------------    -------------------

                         (clock clk_pl_0 rise edge)
                                                      0.000     0.000 r  
    PS8_X0Y0             PS8                          0.000     0.000 r  gemm_block_i/zynq_ultra_ps_e_0/inst/PS8_i/PLCLK[0]
                         net (fo=1, routed)           0.164     0.164    gemm_block_i/zynq_ultra_ps_e_0/inst/pl_clk_unbuffered[0]
    BUFG_PS_X0Y80        BUFG_PS (Prop_BUFG_PS_I_O)
                                                      0.023     0.187 r  gemm_block_i/zynq_ultra_ps_e_0/inst/buffer_pl_clk_0.PL_CLK_0_BUFG/O
    X1Y1 (CLOCK_ROOT)    net (fo=58594, routed)       1.920     2.107    gemm_block_i/axi_smc/inst/s00_entry_pipeline/s00_transaction_regulator/inst/xpm_cdc_async_rst_inst/dest_clk
    SLICE_X4Y129         FDCE                                         r  gemm_block_i/axi_smc/inst/s00_entry_pipeline/s00_transaction_regulator/inst/xpm_cdc_async_rst_inst/arststages_ff_reg[1]/C

Slack:                    inf
  Source:                 gemm_block_i/axi_smc/inst/clk_map/psr_aclk/U0/ACTIVE_LOW_BSR_OUT_DFF[0].FDRE_BSR_N/C
                            (rising edge-triggered cell FDRE clocked by clk_pl_0  {rise@0.000ns fall@2.500ns period=5.000ns})
  Destination:            gemm_block_i/axi_smc/inst/s00_entry_pipeline/s00_transaction_regulator/inst/xpm_cdc_async_rst_inst/arststages_ff_reg[2]/CLR
                            (removal check against rising-edge clock clk_pl_0  {rise@0.000ns fall@2.500ns period=5.000ns})
  Path Group:             (none)
  Path Type:              Removal (Min at Fast Process Corner)
  Data Path Delay:        0.295ns  (logic 0.082ns (27.757%)  route 0.213ns (72.243%))
  Logic Levels:           0  
  Clock Path Skew:        0.206ns (DCD - SCD - CPR)
    Destination Clock Delay (DCD):    2.107ns
    Source Clock Delay      (SCD):    1.902ns
    Clock Pessimism Removal (CPR):    -0.000ns
  Clock Uncertainty:      0.129ns  ((TSJ^2 + DJ^2)^1/2) / 2 + PE
    Total System Jitter     (TSJ):    0.071ns
    Discrete Jitter          (DJ):    0.248ns
    Phase Error              (PE):    0.000ns
  Clock Net Delay (Source):      1.751ns (routing 0.886ns, distribution 0.865ns)
  Clock Net Delay (Destination): 1.920ns (routing 0.971ns, distribution 0.949ns)
  Timing Exception:       False Path

    Location             Delay type                Incr(ns)  Path(ns)    Netlist Resource(s)
  -------------------------------------------------------------------    -------------------
                         (clock clk_pl_0 rise edge)
                                                      0.000     0.000 r  
    PS8_X0Y0             PS8                          0.000     0.000 r  gemm_block_i/zynq_ultra_ps_e_0/inst/PS8_i/PLCLK[0]
                         net (fo=1, routed)           0.129     0.129    gemm_block_i/zynq_ultra_ps_e_0/inst/pl_clk_unbuffered[0]
    BUFG_PS_X0Y80        BUFG_PS (Prop_BUFG_PS_I_O)
                                                      0.022     0.151 r  gemm_block_i/zynq_ultra_ps_e_0/inst/buffer_pl_clk_0.PL_CLK_0_BUFG/O
    X1Y1 (CLOCK_ROOT)    net (fo=58594, routed)       1.751     1.902    gemm_block_i/axi_smc/inst/clk_map/psr_aclk/U0/aclk
    SLICE_X8Y129         FDRE                                         r  gemm_block_i/axi_smc/inst/clk_map/psr_aclk/U0/ACTIVE_LOW_BSR_OUT_DFF[0].FDRE_BSR_N/C
  -------------------------------------------------------------------    -------------------
    SLICE_X8Y129         FDRE (Prop_EFF_SLICEM_C_Q)
                                                      0.082     1.984 r  gemm_block_i/axi_smc/inst/clk_map/psr_aclk/U0/ACTIVE_LOW_BSR_OUT_DFF[0].FDRE_BSR_N/Q
                         net (fo=117, routed)         0.213     2.197    gemm_block_i/axi_smc/inst/s00_entry_pipeline/s00_transaction_regulator/inst/xpm_cdc_async_rst_inst/src_arst
    SLICE_X4Y129         FDCE                                         f  gemm_block_i/axi_smc/inst/s00_entry_pipeline/s00_transaction_regulator/inst/xpm_cdc_async_rst_inst/arststages_ff_reg[2]/CLR  (IS_INVERTED)
  -------------------------------------------------------------------    -------------------

                         (clock clk_pl_0 rise edge)
                                                      0.000     0.000 r  
    PS8_X0Y0             PS8                          0.000     0.000 r  gemm_block_i/zynq_ultra_ps_e_0/inst/PS8_i/PLCLK[0]
                         net (fo=1, routed)           0.164     0.164    gemm_block_i/zynq_ultra_ps_e_0/inst/pl_clk_unbuffered[0]
    BUFG_PS_X0Y80        BUFG_PS (Prop_BUFG_PS_I_O)
                                                      0.023     0.187 r  gemm_block_i/zynq_ultra_ps_e_0/inst/buffer_pl_clk_0.PL_CLK_0_BUFG/O
    X1Y1 (CLOCK_ROOT)    net (fo=58594, routed)       1.920     2.107    gemm_block_i/axi_smc/inst/s00_entry_pipeline/s00_transaction_regulator/inst/xpm_cdc_async_rst_inst/dest_clk
    SLICE_X4Y129         FDCE                                         r  gemm_block_i/axi_smc/inst/s00_entry_pipeline/s00_transaction_regulator/inst/xpm_cdc_async_rst_inst/arststages_ff_reg[2]/C

Slack:                    inf
  Source:                 gemm_block_i/axi_smc/inst/clk_map/psr_aclk/U0/ACTIVE_LOW_BSR_OUT_DFF[0].FDRE_BSR_N/C
                            (rising edge-triggered cell FDRE clocked by clk_pl_0  {rise@0.000ns fall@2.500ns period=5.000ns})
  Destination:            gemm_block_i/axi_smc/inst/s00_entry_pipeline/s00_mmu/inst/xpm_cdc_async_rst_inst/arststages_ff_reg[0]/CLR
                            (removal check against rising-edge clock clk_pl_0  {rise@0.000ns fall@2.500ns period=5.000ns})
  Path Group:             (none)
  Path Type:              Removal (Min at Fast Process Corner)
  Data Path Delay:        0.327ns  (logic 0.082ns (25.110%)  route 0.245ns (74.890%))
  Logic Levels:           0  
  Clock Path Skew:        0.203ns (DCD - SCD - CPR)
    Destination Clock Delay (DCD):    2.104ns
    Source Clock Delay      (SCD):    1.902ns
    Clock Pessimism Removal (CPR):    -0.000ns
  Clock Uncertainty:      0.129ns  ((TSJ^2 + DJ^2)^1/2) / 2 + PE
    Total System Jitter     (TSJ):    0.071ns
    Discrete Jitter          (DJ):    0.248ns
    Phase Error              (PE):    0.000ns
  Clock Net Delay (Source):      1.751ns (routing 0.886ns, distribution 0.865ns)
  Clock Net Delay (Destination): 1.917ns (routing 0.971ns, distribution 0.946ns)
  Timing Exception:       False Path

    Location             Delay type                Incr(ns)  Path(ns)    Netlist Resource(s)
  -------------------------------------------------------------------    -------------------
                         (clock clk_pl_0 rise edge)
                                                      0.000     0.000 r  
    PS8_X0Y0             PS8                          0.000     0.000 r  gemm_block_i/zynq_ultra_ps_e_0/inst/PS8_i/PLCLK[0]
                         net (fo=1, routed)           0.129     0.129    gemm_block_i/zynq_ultra_ps_e_0/inst/pl_clk_unbuffered[0]
    BUFG_PS_X0Y80        BUFG_PS (Prop_BUFG_PS_I_O)
                                                      0.022     0.151 r  gemm_block_i/zynq_ultra_ps_e_0/inst/buffer_pl_clk_0.PL_CLK_0_BUFG/O
    X1Y1 (CLOCK_ROOT)    net (fo=58594, routed)       1.751     1.902    gemm_block_i/axi_smc/inst/clk_map/psr_aclk/U0/aclk
    SLICE_X8Y129         FDRE                                         r  gemm_block_i/axi_smc/inst/clk_map/psr_aclk/U0/ACTIVE_LOW_BSR_OUT_DFF[0].FDRE_BSR_N/C
  -------------------------------------------------------------------    -------------------
    SLICE_X8Y129         FDRE (Prop_EFF_SLICEM_C_Q)
                                                      0.082     1.984 r  gemm_block_i/axi_smc/inst/clk_map/psr_aclk/U0/ACTIVE_LOW_BSR_OUT_DFF[0].FDRE_BSR_N/Q
                         net (fo=117, routed)         0.245     2.228    gemm_block_i/axi_smc/inst/s00_entry_pipeline/s00_mmu/inst/xpm_cdc_async_rst_inst/src_arst
    SLICE_X3Y129         FDCE                                         f  gemm_block_i/axi_smc/inst/s00_entry_pipeline/s00_mmu/inst/xpm_cdc_async_rst_inst/arststages_ff_reg[0]/CLR  (IS_INVERTED)
  -------------------------------------------------------------------    -------------------

                         (clock clk_pl_0 rise edge)
                                                      0.000     0.000 r  
    PS8_X0Y0             PS8                          0.000     0.000 r  gemm_block_i/zynq_ultra_ps_e_0/inst/PS8_i/PLCLK[0]
                         net (fo=1, routed)           0.164     0.164    gemm_block_i/zynq_ultra_ps_e_0/inst/pl_clk_unbuffered[0]
    BUFG_PS_X0Y80        BUFG_PS (Prop_BUFG_PS_I_O)
                                                      0.023     0.187 r  gemm_block_i/zynq_ultra_ps_e_0/inst/buffer_pl_clk_0.PL_CLK_0_BUFG/O
    X1Y1 (CLOCK_ROOT)    net (fo=58594, routed)       1.917     2.104    gemm_block_i/axi_smc/inst/s00_entry_pipeline/s00_mmu/inst/xpm_cdc_async_rst_inst/dest_clk
    SLICE_X3Y129         FDCE                                         r  gemm_block_i/axi_smc/inst/s00_entry_pipeline/s00_mmu/inst/xpm_cdc_async_rst_inst/arststages_ff_reg[0]/C

Slack:                    inf
  Source:                 gemm_block_i/axi_smc/inst/clk_map/psr_aclk/U0/ACTIVE_LOW_BSR_OUT_DFF[0].FDRE_BSR_N/C
                            (rising edge-triggered cell FDRE clocked by clk_pl_0  {rise@0.000ns fall@2.500ns period=5.000ns})
  Destination:            gemm_block_i/axi_smc/inst/s00_entry_pipeline/s00_mmu/inst/xpm_cdc_async_rst_inst/arststages_ff_reg[1]/CLR
                            (removal check against rising-edge clock clk_pl_0  {rise@0.000ns fall@2.500ns period=5.000ns})
  Path Group:             (none)
  Path Type:              Removal (Min at Fast Process Corner)
  Data Path Delay:        0.327ns  (logic 0.082ns (25.110%)  route 0.245ns (74.890%))
  Logic Levels:           0  
  Clock Path Skew:        0.203ns (DCD - SCD - CPR)
    Destination Clock Delay (DCD):    2.104ns
    Source Clock Delay      (SCD):    1.902ns
    Clock Pessimism Removal (CPR):    -0.000ns
  Clock Uncertainty:      0.129ns  ((TSJ^2 + DJ^2)^1/2) / 2 + PE
    Total System Jitter     (TSJ):    0.071ns
    Discrete Jitter          (DJ):    0.248ns
    Phase Error              (PE):    0.000ns
  Clock Net Delay (Source):      1.751ns (routing 0.886ns, distribution 0.865ns)
  Clock Net Delay (Destination): 1.917ns (routing 0.971ns, distribution 0.946ns)
  Timing Exception:       False Path

    Location             Delay type                Incr(ns)  Path(ns)    Netlist Resource(s)
  -------------------------------------------------------------------    -------------------
                         (clock clk_pl_0 rise edge)
                                                      0.000     0.000 r  
    PS8_X0Y0             PS8                          0.000     0.000 r  gemm_block_i/zynq_ultra_ps_e_0/inst/PS8_i/PLCLK[0]
                         net (fo=1, routed)           0.129     0.129    gemm_block_i/zynq_ultra_ps_e_0/inst/pl_clk_unbuffered[0]
    BUFG_PS_X0Y80        BUFG_PS (Prop_BUFG_PS_I_O)
                                                      0.022     0.151 r  gemm_block_i/zynq_ultra_ps_e_0/inst/buffer_pl_clk_0.PL_CLK_0_BUFG/O
    X1Y1 (CLOCK_ROOT)    net (fo=58594, routed)       1.751     1.902    gemm_block_i/axi_smc/inst/clk_map/psr_aclk/U0/aclk
    SLICE_X8Y129         FDRE                                         r  gemm_block_i/axi_smc/inst/clk_map/psr_aclk/U0/ACTIVE_LOW_BSR_OUT_DFF[0].FDRE_BSR_N/C
  -------------------------------------------------------------------    -------------------
    SLICE_X8Y129         FDRE (Prop_EFF_SLICEM_C_Q)
                                                      0.082     1.984 r  gemm_block_i/axi_smc/inst/clk_map/psr_aclk/U0/ACTIVE_LOW_BSR_OUT_DFF[0].FDRE_BSR_N/Q
                         net (fo=117, routed)         0.245     2.228    gemm_block_i/axi_smc/inst/s00_entry_pipeline/s00_mmu/inst/xpm_cdc_async_rst_inst/src_arst
    SLICE_X3Y129         FDCE                                         f  gemm_block_i/axi_smc/inst/s00_entry_pipeline/s00_mmu/inst/xpm_cdc_async_rst_inst/arststages_ff_reg[1]/CLR  (IS_INVERTED)
  -------------------------------------------------------------------    -------------------

                         (clock clk_pl_0 rise edge)
                                                      0.000     0.000 r  
    PS8_X0Y0             PS8                          0.000     0.000 r  gemm_block_i/zynq_ultra_ps_e_0/inst/PS8_i/PLCLK[0]
                         net (fo=1, routed)           0.164     0.164    gemm_block_i/zynq_ultra_ps_e_0/inst/pl_clk_unbuffered[0]
    BUFG_PS_X0Y80        BUFG_PS (Prop_BUFG_PS_I_O)
                                                      0.023     0.187 r  gemm_block_i/zynq_ultra_ps_e_0/inst/buffer_pl_clk_0.PL_CLK_0_BUFG/O
    X1Y1 (CLOCK_ROOT)    net (fo=58594, routed)       1.917     2.104    gemm_block_i/axi_smc/inst/s00_entry_pipeline/s00_mmu/inst/xpm_cdc_async_rst_inst/dest_clk
    SLICE_X3Y129         FDCE                                         r  gemm_block_i/axi_smc/inst/s00_entry_pipeline/s00_mmu/inst/xpm_cdc_async_rst_inst/arststages_ff_reg[1]/C

Slack:                    inf
  Source:                 gemm_block_i/axi_smc/inst/clk_map/psr_aclk/U0/ACTIVE_LOW_BSR_OUT_DFF[0].FDRE_BSR_N/C
                            (rising edge-triggered cell FDRE clocked by clk_pl_0  {rise@0.000ns fall@2.500ns period=5.000ns})
  Destination:            gemm_block_i/axi_smc/inst/s00_entry_pipeline/s00_mmu/inst/xpm_cdc_async_rst_inst/arststages_ff_reg[2]/CLR
                            (removal check against rising-edge clock clk_pl_0  {rise@0.000ns fall@2.500ns period=5.000ns})
  Path Group:             (none)
  Path Type:              Removal (Min at Fast Process Corner)
  Data Path Delay:        0.327ns  (logic 0.082ns (25.110%)  route 0.245ns (74.890%))
  Logic Levels:           0  
  Clock Path Skew:        0.203ns (DCD - SCD - CPR)
    Destination Clock Delay (DCD):    2.104ns
    Source Clock Delay      (SCD):    1.902ns
    Clock Pessimism Removal (CPR):    -0.000ns
  Clock Uncertainty:      0.129ns  ((TSJ^2 + DJ^2)^1/2) / 2 + PE
    Total System Jitter     (TSJ):    0.071ns
    Discrete Jitter          (DJ):    0.248ns
    Phase Error              (PE):    0.000ns
  Clock Net Delay (Source):      1.751ns (routing 0.886ns, distribution 0.865ns)
  Clock Net Delay (Destination): 1.917ns (routing 0.971ns, distribution 0.946ns)
  Timing Exception:       False Path

    Location             Delay type                Incr(ns)  Path(ns)    Netlist Resource(s)
  -------------------------------------------------------------------    -------------------
                         (clock clk_pl_0 rise edge)
                                                      0.000     0.000 r  
    PS8_X0Y0             PS8                          0.000     0.000 r  gemm_block_i/zynq_ultra_ps_e_0/inst/PS8_i/PLCLK[0]
                         net (fo=1, routed)           0.129     0.129    gemm_block_i/zynq_ultra_ps_e_0/inst/pl_clk_unbuffered[0]
    BUFG_PS_X0Y80        BUFG_PS (Prop_BUFG_PS_I_O)
                                                      0.022     0.151 r  gemm_block_i/zynq_ultra_ps_e_0/inst/buffer_pl_clk_0.PL_CLK_0_BUFG/O
    X1Y1 (CLOCK_ROOT)    net (fo=58594, routed)       1.751     1.902    gemm_block_i/axi_smc/inst/clk_map/psr_aclk/U0/aclk
    SLICE_X8Y129         FDRE                                         r  gemm_block_i/axi_smc/inst/clk_map/psr_aclk/U0/ACTIVE_LOW_BSR_OUT_DFF[0].FDRE_BSR_N/C
  -------------------------------------------------------------------    -------------------
    SLICE_X8Y129         FDRE (Prop_EFF_SLICEM_C_Q)
                                                      0.082     1.984 r  gemm_block_i/axi_smc/inst/clk_map/psr_aclk/U0/ACTIVE_LOW_BSR_OUT_DFF[0].FDRE_BSR_N/Q
                         net (fo=117, routed)         0.245     2.228    gemm_block_i/axi_smc/inst/s00_entry_pipeline/s00_mmu/inst/xpm_cdc_async_rst_inst/src_arst
    SLICE_X3Y129         FDCE                                         f  gemm_block_i/axi_smc/inst/s00_entry_pipeline/s00_mmu/inst/xpm_cdc_async_rst_inst/arststages_ff_reg[2]/CLR  (IS_INVERTED)
  -------------------------------------------------------------------    -------------------

                         (clock clk_pl_0 rise edge)
                                                      0.000     0.000 r  
    PS8_X0Y0             PS8                          0.000     0.000 r  gemm_block_i/zynq_ultra_ps_e_0/inst/PS8_i/PLCLK[0]
                         net (fo=1, routed)           0.164     0.164    gemm_block_i/zynq_ultra_ps_e_0/inst/pl_clk_unbuffered[0]
    BUFG_PS_X0Y80        BUFG_PS (Prop_BUFG_PS_I_O)
                                                      0.023     0.187 r  gemm_block_i/zynq_ultra_ps_e_0/inst/buffer_pl_clk_0.PL_CLK_0_BUFG/O
    X1Y1 (CLOCK_ROOT)    net (fo=58594, routed)       1.917     2.104    gemm_block_i/axi_smc/inst/s00_entry_pipeline/s00_mmu/inst/xpm_cdc_async_rst_inst/dest_clk
    SLICE_X3Y129         FDCE                                         r  gemm_block_i/axi_smc/inst/s00_entry_pipeline/s00_mmu/inst/xpm_cdc_async_rst_inst/arststages_ff_reg[2]/C

Slack:                    inf
  Source:                 gemm_block_i/axi_smc/inst/clk_map/psr_aclk/U0/ACTIVE_LOW_BSR_OUT_DFF[0].FDRE_BSR_N/C
                            (rising edge-triggered cell FDRE clocked by clk_pl_0  {rise@0.000ns fall@2.500ns period=5.000ns})
  Destination:            gemm_block_i/axi_smc/inst/m02_nodes/m02_ar_node/inst/s_sc_xpm_cdc_async_rst_inst/arststages_ff_reg[0]/CLR
                            (removal check against rising-edge clock clk_pl_0  {rise@0.000ns fall@2.500ns period=5.000ns})
  Path Group:             (none)
  Path Type:              Removal (Min at Fast Process Corner)
  Data Path Delay:        0.396ns  (logic 0.082ns (20.714%)  route 0.314ns (79.286%))
  Logic Levels:           0  
  Clock Path Skew:        0.166ns (DCD - SCD - CPR)
    Destination Clock Delay (DCD):    2.067ns
    Source Clock Delay      (SCD):    1.902ns
    Clock Pessimism Removal (CPR):    -0.000ns
  Clock Uncertainty:      0.129ns  ((TSJ^2 + DJ^2)^1/2) / 2 + PE
    Total System Jitter     (TSJ):    0.071ns
    Discrete Jitter          (DJ):    0.248ns
    Phase Error              (PE):    0.000ns
  Clock Net Delay (Source):      1.751ns (routing 0.886ns, distribution 0.865ns)
  Clock Net Delay (Destination): 1.880ns (routing 0.971ns, distribution 0.909ns)
  Timing Exception:       False Path

    Location             Delay type                Incr(ns)  Path(ns)    Netlist Resource(s)
  -------------------------------------------------------------------    -------------------
                         (clock clk_pl_0 rise edge)
                                                      0.000     0.000 r  
    PS8_X0Y0             PS8                          0.000     0.000 r  gemm_block_i/zynq_ultra_ps_e_0/inst/PS8_i/PLCLK[0]
                         net (fo=1, routed)           0.129     0.129    gemm_block_i/zynq_ultra_ps_e_0/inst/pl_clk_unbuffered[0]
    BUFG_PS_X0Y80        BUFG_PS (Prop_BUFG_PS_I_O)
                                                      0.022     0.151 r  gemm_block_i/zynq_ultra_ps_e_0/inst/buffer_pl_clk_0.PL_CLK_0_BUFG/O
    X1Y1 (CLOCK_ROOT)    net (fo=58594, routed)       1.751     1.902    gemm_block_i/axi_smc/inst/clk_map/psr_aclk/U0/aclk
    SLICE_X8Y129         FDRE                                         r  gemm_block_i/axi_smc/inst/clk_map/psr_aclk/U0/ACTIVE_LOW_BSR_OUT_DFF[0].FDRE_BSR_N/C
  -------------------------------------------------------------------    -------------------
    SLICE_X8Y129         FDRE (Prop_EFF_SLICEM_C_Q)
                                                      0.082     1.984 r  gemm_block_i/axi_smc/inst/clk_map/psr_aclk/U0/ACTIVE_LOW_BSR_OUT_DFF[0].FDRE_BSR_N/Q
                         net (fo=117, routed)         0.314     2.297    gemm_block_i/axi_smc/inst/m02_nodes/m02_ar_node/inst/s_sc_xpm_cdc_async_rst_inst/src_arst
    SLICE_X1Y117         FDCE                                         f  gemm_block_i/axi_smc/inst/m02_nodes/m02_ar_node/inst/s_sc_xpm_cdc_async_rst_inst/arststages_ff_reg[0]/CLR  (IS_INVERTED)
  -------------------------------------------------------------------    -------------------

                         (clock clk_pl_0 rise edge)
                                                      0.000     0.000 r  
    PS8_X0Y0             PS8                          0.000     0.000 r  gemm_block_i/zynq_ultra_ps_e_0/inst/PS8_i/PLCLK[0]
                         net (fo=1, routed)           0.164     0.164    gemm_block_i/zynq_ultra_ps_e_0/inst/pl_clk_unbuffered[0]
    BUFG_PS_X0Y80        BUFG_PS (Prop_BUFG_PS_I_O)
                                                      0.023     0.187 r  gemm_block_i/zynq_ultra_ps_e_0/inst/buffer_pl_clk_0.PL_CLK_0_BUFG/O
    X1Y1 (CLOCK_ROOT)    net (fo=58594, routed)       1.880     2.067    gemm_block_i/axi_smc/inst/m02_nodes/m02_ar_node/inst/s_sc_xpm_cdc_async_rst_inst/dest_clk
    SLICE_X1Y117         FDCE                                         r  gemm_block_i/axi_smc/inst/m02_nodes/m02_ar_node/inst/s_sc_xpm_cdc_async_rst_inst/arststages_ff_reg[0]/C

Slack:                    inf
  Source:                 gemm_block_i/axi_smc/inst/clk_map/psr_aclk/U0/ACTIVE_LOW_BSR_OUT_DFF[0].FDRE_BSR_N/C
                            (rising edge-triggered cell FDRE clocked by clk_pl_0  {rise@0.000ns fall@2.500ns period=5.000ns})
  Destination:            gemm_block_i/axi_smc/inst/m02_nodes/m02_ar_node/inst/s_sc_xpm_cdc_async_rst_inst/arststages_ff_reg[1]/CLR
                            (removal check against rising-edge clock clk_pl_0  {rise@0.000ns fall@2.500ns period=5.000ns})
  Path Group:             (none)
  Path Type:              Removal (Min at Fast Process Corner)
  Data Path Delay:        0.396ns  (logic 0.082ns (20.714%)  route 0.314ns (79.286%))
  Logic Levels:           0  
  Clock Path Skew:        0.166ns (DCD - SCD - CPR)
    Destination Clock Delay (DCD):    2.067ns
    Source Clock Delay      (SCD):    1.902ns
    Clock Pessimism Removal (CPR):    -0.000ns
  Clock Uncertainty:      0.129ns  ((TSJ^2 + DJ^2)^1/2) / 2 + PE
    Total System Jitter     (TSJ):    0.071ns
    Discrete Jitter          (DJ):    0.248ns
    Phase Error              (PE):    0.000ns
  Clock Net Delay (Source):      1.751ns (routing 0.886ns, distribution 0.865ns)
  Clock Net Delay (Destination): 1.880ns (routing 0.971ns, distribution 0.909ns)
  Timing Exception:       False Path

    Location             Delay type                Incr(ns)  Path(ns)    Netlist Resource(s)
  -------------------------------------------------------------------    -------------------
                         (clock clk_pl_0 rise edge)
                                                      0.000     0.000 r  
    PS8_X0Y0             PS8                          0.000     0.000 r  gemm_block_i/zynq_ultra_ps_e_0/inst/PS8_i/PLCLK[0]
                         net (fo=1, routed)           0.129     0.129    gemm_block_i/zynq_ultra_ps_e_0/inst/pl_clk_unbuffered[0]
    BUFG_PS_X0Y80        BUFG_PS (Prop_BUFG_PS_I_O)
                                                      0.022     0.151 r  gemm_block_i/zynq_ultra_ps_e_0/inst/buffer_pl_clk_0.PL_CLK_0_BUFG/O
    X1Y1 (CLOCK_ROOT)    net (fo=58594, routed)       1.751     1.902    gemm_block_i/axi_smc/inst/clk_map/psr_aclk/U0/aclk
    SLICE_X8Y129         FDRE                                         r  gemm_block_i/axi_smc/inst/clk_map/psr_aclk/U0/ACTIVE_LOW_BSR_OUT_DFF[0].FDRE_BSR_N/C
  -------------------------------------------------------------------    -------------------
    SLICE_X8Y129         FDRE (Prop_EFF_SLICEM_C_Q)
                                                      0.082     1.984 r  gemm_block_i/axi_smc/inst/clk_map/psr_aclk/U0/ACTIVE_LOW_BSR_OUT_DFF[0].FDRE_BSR_N/Q
                         net (fo=117, routed)         0.314     2.297    gemm_block_i/axi_smc/inst/m02_nodes/m02_ar_node/inst/s_sc_xpm_cdc_async_rst_inst/src_arst
    SLICE_X1Y117         FDCE                                         f  gemm_block_i/axi_smc/inst/m02_nodes/m02_ar_node/inst/s_sc_xpm_cdc_async_rst_inst/arststages_ff_reg[1]/CLR  (IS_INVERTED)
  -------------------------------------------------------------------    -------------------

                         (clock clk_pl_0 rise edge)
                                                      0.000     0.000 r  
    PS8_X0Y0             PS8                          0.000     0.000 r  gemm_block_i/zynq_ultra_ps_e_0/inst/PS8_i/PLCLK[0]
                         net (fo=1, routed)           0.164     0.164    gemm_block_i/zynq_ultra_ps_e_0/inst/pl_clk_unbuffered[0]
    BUFG_PS_X0Y80        BUFG_PS (Prop_BUFG_PS_I_O)
                                                      0.023     0.187 r  gemm_block_i/zynq_ultra_ps_e_0/inst/buffer_pl_clk_0.PL_CLK_0_BUFG/O
    X1Y1 (CLOCK_ROOT)    net (fo=58594, routed)       1.880     2.067    gemm_block_i/axi_smc/inst/m02_nodes/m02_ar_node/inst/s_sc_xpm_cdc_async_rst_inst/dest_clk
    SLICE_X1Y117         FDCE                                         r  gemm_block_i/axi_smc/inst/m02_nodes/m02_ar_node/inst/s_sc_xpm_cdc_async_rst_inst/arststages_ff_reg[1]/C

Slack:                    inf
  Source:                 gemm_block_i/axi_smc/inst/clk_map/psr_aclk/U0/ACTIVE_LOW_BSR_OUT_DFF[0].FDRE_BSR_N/C
                            (rising edge-triggered cell FDRE clocked by clk_pl_0  {rise@0.000ns fall@2.500ns period=5.000ns})
  Destination:            gemm_block_i/axi_smc/inst/m02_nodes/m02_ar_node/inst/s_sc_xpm_cdc_async_rst_inst/arststages_ff_reg[2]/CLR
                            (removal check against rising-edge clock clk_pl_0  {rise@0.000ns fall@2.500ns period=5.000ns})
  Path Group:             (none)
  Path Type:              Removal (Min at Fast Process Corner)
  Data Path Delay:        0.396ns  (logic 0.082ns (20.714%)  route 0.314ns (79.286%))
  Logic Levels:           0  
  Clock Path Skew:        0.166ns (DCD - SCD - CPR)
    Destination Clock Delay (DCD):    2.067ns
    Source Clock Delay      (SCD):    1.902ns
    Clock Pessimism Removal (CPR):    -0.000ns
  Clock Uncertainty:      0.129ns  ((TSJ^2 + DJ^2)^1/2) / 2 + PE
    Total System Jitter     (TSJ):    0.071ns
    Discrete Jitter          (DJ):    0.248ns
    Phase Error              (PE):    0.000ns
  Clock Net Delay (Source):      1.751ns (routing 0.886ns, distribution 0.865ns)
  Clock Net Delay (Destination): 1.880ns (routing 0.971ns, distribution 0.909ns)
  Timing Exception:       False Path

    Location             Delay type                Incr(ns)  Path(ns)    Netlist Resource(s)
  -------------------------------------------------------------------    -------------------
                         (clock clk_pl_0 rise edge)
                                                      0.000     0.000 r  
    PS8_X0Y0             PS8                          0.000     0.000 r  gemm_block_i/zynq_ultra_ps_e_0/inst/PS8_i/PLCLK[0]
                         net (fo=1, routed)           0.129     0.129    gemm_block_i/zynq_ultra_ps_e_0/inst/pl_clk_unbuffered[0]
    BUFG_PS_X0Y80        BUFG_PS (Prop_BUFG_PS_I_O)
                                                      0.022     0.151 r  gemm_block_i/zynq_ultra_ps_e_0/inst/buffer_pl_clk_0.PL_CLK_0_BUFG/O
    X1Y1 (CLOCK_ROOT)    net (fo=58594, routed)       1.751     1.902    gemm_block_i/axi_smc/inst/clk_map/psr_aclk/U0/aclk
    SLICE_X8Y129         FDRE                                         r  gemm_block_i/axi_smc/inst/clk_map/psr_aclk/U0/ACTIVE_LOW_BSR_OUT_DFF[0].FDRE_BSR_N/C
  -------------------------------------------------------------------    -------------------
    SLICE_X8Y129         FDRE (Prop_EFF_SLICEM_C_Q)
                                                      0.082     1.984 r  gemm_block_i/axi_smc/inst/clk_map/psr_aclk/U0/ACTIVE_LOW_BSR_OUT_DFF[0].FDRE_BSR_N/Q
                         net (fo=117, routed)         0.314     2.297    gemm_block_i/axi_smc/inst/m02_nodes/m02_ar_node/inst/s_sc_xpm_cdc_async_rst_inst/src_arst
    SLICE_X1Y117         FDCE                                         f  gemm_block_i/axi_smc/inst/m02_nodes/m02_ar_node/inst/s_sc_xpm_cdc_async_rst_inst/arststages_ff_reg[2]/CLR  (IS_INVERTED)
  -------------------------------------------------------------------    -------------------

                         (clock clk_pl_0 rise edge)
                                                      0.000     0.000 r  
    PS8_X0Y0             PS8                          0.000     0.000 r  gemm_block_i/zynq_ultra_ps_e_0/inst/PS8_i/PLCLK[0]
                         net (fo=1, routed)           0.164     0.164    gemm_block_i/zynq_ultra_ps_e_0/inst/pl_clk_unbuffered[0]
    BUFG_PS_X0Y80        BUFG_PS (Prop_BUFG_PS_I_O)
                                                      0.023     0.187 r  gemm_block_i/zynq_ultra_ps_e_0/inst/buffer_pl_clk_0.PL_CLK_0_BUFG/O
    X1Y1 (CLOCK_ROOT)    net (fo=58594, routed)       1.880     2.067    gemm_block_i/axi_smc/inst/m02_nodes/m02_ar_node/inst/s_sc_xpm_cdc_async_rst_inst/dest_clk
    SLICE_X1Y117         FDCE                                         r  gemm_block_i/axi_smc/inst/m02_nodes/m02_ar_node/inst/s_sc_xpm_cdc_async_rst_inst/arststages_ff_reg[2]/C

Slack:                    inf
  Source:                 gemm_block_i/axi_smc_1/inst/clk_map/psr_aclk/U0/ACTIVE_LOW_BSR_OUT_DFF[0].FDRE_BSR_N/C
                            (rising edge-triggered cell FDRE clocked by clk_pl_0  {rise@0.000ns fall@2.500ns period=5.000ns})
  Destination:            gemm_block_i/axi_smc_1/inst/s00_entry_pipeline/s00_mmu/inst/xpm_cdc_async_rst_inst/arststages_ff_reg[0]/CLR
                            (removal check against rising-edge clock clk_pl_0  {rise@0.000ns fall@2.500ns period=5.000ns})
  Path Group:             (none)
  Path Type:              Removal (Min at Fast Process Corner)
  Data Path Delay:        0.393ns  (logic 0.084ns (21.348%)  route 0.309ns (78.652%))
  Logic Levels:           0  
  Clock Path Skew:        0.150ns (DCD - SCD - CPR)
    Destination Clock Delay (DCD):    2.057ns
    Source Clock Delay      (SCD):    1.908ns
    Clock Pessimism Removal (CPR):    -0.000ns
  Clock Uncertainty:      0.129ns  ((TSJ^2 + DJ^2)^1/2) / 2 + PE
    Total System Jitter     (TSJ):    0.071ns
    Discrete Jitter          (DJ):    0.248ns
    Phase Error              (PE):    0.000ns
  Clock Net Delay (Source):      1.757ns (routing 0.886ns, distribution 0.871ns)
  Clock Net Delay (Destination): 1.870ns (routing 0.971ns, distribution 0.899ns)
  Timing Exception:       False Path

    Location             Delay type                Incr(ns)  Path(ns)    Netlist Resource(s)
  -------------------------------------------------------------------    -------------------
                         (clock clk_pl_0 rise edge)
                                                      0.000     0.000 r  
    PS8_X0Y0             PS8                          0.000     0.000 r  gemm_block_i/zynq_ultra_ps_e_0/inst/PS8_i/PLCLK[0]
                         net (fo=1, routed)           0.129     0.129    gemm_block_i/zynq_ultra_ps_e_0/inst/pl_clk_unbuffered[0]
    BUFG_PS_X0Y80        BUFG_PS (Prop_BUFG_PS_I_O)
                                                      0.022     0.151 r  gemm_block_i/zynq_ultra_ps_e_0/inst/buffer_pl_clk_0.PL_CLK_0_BUFG/O
    X1Y1 (CLOCK_ROOT)    net (fo=58594, routed)       1.757     1.908    gemm_block_i/axi_smc_1/inst/clk_map/psr_aclk/U0/aclk
    SLICE_X9Y123         FDRE                                         r  gemm_block_i/axi_smc_1/inst/clk_map/psr_aclk/U0/ACTIVE_LOW_BSR_OUT_DFF[0].FDRE_BSR_N/C
  -------------------------------------------------------------------    -------------------
    SLICE_X9Y123         FDRE (Prop_DFF_SLICEL_C_Q)
                                                      0.084     1.992 r  gemm_block_i/axi_smc_1/inst/clk_map/psr_aclk/U0/ACTIVE_LOW_BSR_OUT_DFF[0].FDRE_BSR_N/Q
                         net (fo=66, routed)          0.309     2.301    gemm_block_i/axi_smc_1/inst/s00_entry_pipeline/s00_mmu/inst/xpm_cdc_async_rst_inst/src_arst
    SLICE_X0Y87          FDCE                                         f  gemm_block_i/axi_smc_1/inst/s00_entry_pipeline/s00_mmu/inst/xpm_cdc_async_rst_inst/arststages_ff_reg[0]/CLR  (IS_INVERTED)
  -------------------------------------------------------------------    -------------------

                         (clock clk_pl_0 rise edge)
                                                      0.000     0.000 r  
    PS8_X0Y0             PS8                          0.000     0.000 r  gemm_block_i/zynq_ultra_ps_e_0/inst/PS8_i/PLCLK[0]
                         net (fo=1, routed)           0.164     0.164    gemm_block_i/zynq_ultra_ps_e_0/inst/pl_clk_unbuffered[0]
    BUFG_PS_X0Y80        BUFG_PS (Prop_BUFG_PS_I_O)
                                                      0.023     0.187 r  gemm_block_i/zynq_ultra_ps_e_0/inst/buffer_pl_clk_0.PL_CLK_0_BUFG/O
    X1Y1 (CLOCK_ROOT)    net (fo=58594, routed)       1.870     2.057    gemm_block_i/axi_smc_1/inst/s00_entry_pipeline/s00_mmu/inst/xpm_cdc_async_rst_inst/dest_clk
    SLICE_X0Y87          FDCE                                         r  gemm_block_i/axi_smc_1/inst/s00_entry_pipeline/s00_mmu/inst/xpm_cdc_async_rst_inst/arststages_ff_reg[0]/C





