   53997   115302    76439    33250   -73800   -25080     7129   -12207   121906   -32416   -78256   -23426   -69365    -3316      801   -65156   -21395   -41834   -48878   -33654   -67016   105110   -49112   -76154    18347    77135   -59950    47181     9380   110794  -106781    12943    54484    12037    47009    21263    53103   -36823   -34721   -52892      -54     7983   -32350  -101296   -18410    24094    15626   -66040     3938   -35311    27956   -66254  -150991    40830   -91029    -4318   -36359   -95259   -12830    52212   -53395    35859   -43015    18904   -71619   -19420   -68676   -56879    74044   -69775    49076    32026    -3318   -81635   -71817   115225   -32539   -61376     4998   -26240   174478    14115    11471    52245   -29319    20935  -109958   129583   -21619   -60152   -49843   -52917   -22350    66412     9463    56756    13558    52458    93497   -79825   -77832    66830     -602   -47033   -47109   -57189   -28863   -51866    57415    57360    62293    99915    75471   -45455    22472   -18051    53320   -35791     3833   -47931   -23412    48488   -38147    42935    57186    53941    14077    36794 
  -38842  -111025    55531    14142    28198   -21703   -87312   132711   -60391    34806  -183668     6256    52224   130917    -1655   -26646   -98509   -46464   -27246    74930    39539   -24676   -20759    29648     8406    46034   -42493   -53086    70807   -36218   -16782    99218    37991    32437    16496    18710   134500    76221    29953    52718   -85687   -21538   -80452   -34085   -54021   -18698    -4986    35205    55059   -26869    18749    71005    51115   110317   -65698     -702    47528   -78780    10721    32260    -3010   -18894    73476    -4520    20755   -17363   -13320  -154895   -49679   -98807   128758   123294    31509   -58136  -109253   117128    48160     2938  -106610    28341   -28816   -26264      514   -31589    53091    -1206   -56685    25613    39918   -85010    81919   -25735   -92642    36136   -18607    53333   -30032    44789    43805  -123525    77248   -48698    -7948   -77397   -89440   -18942   101776     6633   -45073    29850    62369    -6281    28822     7376  -116895  -128771    73905    63653    50392   -15936   132463   129795    24635    39927    71334    32550   -28389   -85957 
   37455    24589   -86501    16472    50890   -94527   179123    31710   -77339   -82319   -38473   -20325    79460    68622    68555    44456     7020     6220   -80804   -26400   -61758   -32637    16431    94701     3448   -67377    34817   -25719   -93737    57464    21960   -31649    46161   -45812   -51819   -25611   -18130     5112   -65106   -37908    19473   -80782    31482     8645     8206    79784  -154217   142275    52537   -52055   -43758   -25519    30005   -56944   -26973   -33625    81857   -49548   -88074    35774     9406   -38030   -66106    -9471    20916    82073    89896    64484    19620    45126   -35124   -10062  -101751   -29088    18114  -127377    75130   -45336   -64209   -40866  -110447    -5251     4760    19976     7219    30847   -90846    24092   -42875    37535   -68241   -45607    54121    69464    -1833    22966   -37185   -37178    32138   146734  -124061   -64915   -71044   -19593    -7175   -37136   -37120    44703    13306   -32334    -6821    25996   125884    33906    74806   -25799   -11288   -42717    31273   -39698    11998  -102856   -12505    84039     3495    70223   -19948   154721 
   36031     1253   100985    -3070    32649    -8200   -47105    61436    -4803   -61092    40791    43358    72890   -60312   133123    -8123    -9912   104219   -12373   -14811   -32149    56013   -53230    26697    28958  -108410     3684    31348    47169     1230   -21890   -72689   -43407  -110509   123174     1455    -9848    92645    43570    41213    14145    36704    -4785    89502   -66955   -34942   -28111    -8595    21164   -17079    72846   -24254   -15785    73195   -34931    45115    22778    19545     5608   -26092   -46429    58735   -17920  -117299    33853   -41577   -78947    67258      365    73342   -60857   -23631     2813   -18862   -24270   -64723    64485   -16093    -5994   101029    23195    20124   -28168   -80784   -48972   110722    49749  -136862   133270     5656     9822   -23987   -59170    34085    10441    87145     4078   -67445     2996   -18952    48504    35916     8483    26929      406    49919   -89392   -41948   105392    60442   -33982   -20527    99022   -18668    80312    -4364   -57557   -26967   174041   -32320    20879     3930   -48674    27488   -70774    33935   101649   -65018 
  -55707    23134   -79290    29095    -3851    31244    35111    20305    27853    -6213   -10189     1885    35663   -30358   -97552   -24616    21875   -53691     5605    68797   -41434   -51161    15700   -56506   -36057    -6639   -28523     6728   -84527     5874    17763  -112747   -37803   -51095   -96606    32292   -61520  -107528    94190    16355    66344    52041    70911   -18159     -917    39221   -16983   -75191   -16453    40666    29953   -25500    35158     7518    43430    19451   -84018    61233   -37728     2660   101235    16761    59287    20922    22040    59712    12820   -28743    44399   -15041   -37129   -34463   106171    90464   -10453   -32432   -34151    34717    25095  -115845    17516    21287   -18918    73971    57022  -136407    44469     -657   -17140   -50642    11945   -22016    17098   -37540  -191560  -124265   -32414    -2225    46633     7225    83780    18657   -30955    56529    79478     -774   -12378    67088   -24505   -10097   105973   -53561   -17494    61793   -24197   101139   -15360   102152    85371     2174   -25997    23479   117934    11642    22809    83973    12580    26322 
   57333    -1017   -32245    20182    27522   -71802    27203   -15657   -25468    88930   135935    55004   -17457   -72449   -48832    10157    69406   -36934   119212   -37811   -14191   -71390   -12735    22061    87962    60798   -53109   -23404   -57568     9298    -4987   -45904    98186    32154  -120530    85244    94033    24488    -7574   -55619    91932    67644    60620   -73526    41221   -45535    64924    88528   -13181   -45571    61883    86659   -66537    28166    -1816   -72149   -97352    68085   -26747   -38505    -7389   -35473    25446     4322   -97395    59171   -48719  -130036   -65548    28725     1808     8002  -141563   -27719   -58732    57960     1131    31954   -30586   -53666   -12001   -33829    77189    68629   -20050    21887   -76842    22143      689   -66612    57163    12932   -64571    98191  -107676    -5002    30774    71019     3924   120149   -18569    22045    27431   -29962   -31242   -61038   -90085   -21583   -45001    61802  -149222   104823    12418    32006   148095    67737    12428   -49043    31420   -34384   158792   -52521   -76570    93479    10388   -78714   155575   -81178 
   57377   -35139   -20866   -65333    54367   -17579    63518  -122949    43553   102951   -41149   -79189   -17587    29816    83208    49367    34345    30179  -123700   -11873   -93209   -70875   -18832    31847    60415    79910    26121    61121    65600    90367    38218   -84010    19006    -6863    53566  -131220   -34300   159809   -61722   -13142    37774    30120  -119731     6297  -127708   -61204   -61341    78273   -21764   -63192   -62663   -86822   100479   -19712   126361   -21421  -105232   -16730     6182   -20618  -131572   -77736   -37716    27422    75202    17202    45407   117272   -20247    96734     7116    11587    65925   126073   -18516    68907    -7296    22848    -1819    -5864   -15701   -36887   -45543  -111463   -58474   -14963    97251   -37500    58243   -19368    52548    -4165   -50156   -32503  -119453   -21268    63493   -17410    -1842   122841    34353   -41468   -42066    93692   -14961    -2843   -49677    36089    50618     5350  -120419    27615     8682   -52236     7694    23522   -33936    35458  -117011    11938    98210   -24938    12538    23258  -175577   135095     5670   -15299 
  -38670   -22839    18520    54399   -12167   110528   -59645     3705   -93902    10008    14333   -33101    96410    32132   -30517    61280    10454   130115     6392    26746    43613   -97328   -31843   -60341    45731   -54570    70845    88049    56867     8815    19813    15003   -70233   -33140   -36858   -15231    18526   -17075   -91275     -383    16538   -28298    90413    30929   -52398   -40338    -9949   -68094   -33447    -4295    78056   -37633   -31886     6044    28286    80000   -66846   109904    18551    88743   143728   -74789    59736   -93416   -26070  -105072   -26398   -75344    -9616    34979     6885    46933    67403   -85811    62593   -68875   100334   -63564    45784    55849   -10384   -36116   -13797   -69032   -98068    96611   103225    19021   106803   -21017   -24395    18134    32235  -101574    64660   -31717   -57522     2345    20913   109612   -72783   -58834   -69572   -12876    89997    10867    -2604    10842  -102916   136718   -86454   -56319   -60840    44469   -45458      505   -33709    -2480    42743    52981    22927  -118815   -63709   -81199   -17690    10177   -59616    56265 
  133750    35893    12651     7899  -126906    43145    32578    39167    17270   125378    44013   -29637  -100914   -93288    42560  -179163    46840    -6391      656        3    34035    73172    -7696  -120605   -58039    25078   -48627   -58753    45009   -42603    28172  -126678   -10166    20918    76592   -62601  -150595    82343     -669   -47400    17395   -34597   -60533    70964    25184      666   -16880    40219    16932    65424    35072    52424   -63079    60781   -23564   -37759  -140621   -44463     4462      531  -116984    25361    18606   142344    36668   -66542   -29867   110770   -60100    31279    28380    91160     -902   -17245    46781    43660   -74047    93086    12411    76301   110124    86003    33056   -87157   -16803   -27770   145692    18355    20153    23133    28285   -57300   -55637   -13306   -62413   -17527   -11236   -13840   -87708    12521   -53329   118571   111159    26648    56341     7882    47404    21960   -10806     7507     9447    48662   -49916   118005   -24913    -1388   -25945    21769   -16927    22536   107756   -13528    20225  -108446  -107354   -24318   -42789     8288 
   32904    22992   -38302   -26766     9328   -16226    33704   -16151  -119683  -101973  -119572    19742  -100151    46125    56468   -46505    -5609    24455    43862     5184     8974    12312   -11749   -13336    44821   -72361     7200   -60811    73025   -35981    52489   -94674  -129510   -68944    50220    67560   -94752   -20162  -132441  -139059   -54410    65987  -135138   -30357   -36933   -30558     2144   -24365   -67955   -86416    18692    -6078    -5394    57266  -102102    55240   -54732   -27446    27061    42288    40424    49440    82715    13219   -53302    31843    39460   -81008   -96252   -80084    42585    44914   -29060    81560   -62068    34255   -11967   -24377   -80148   -73215    42627  -103288   -20904   -14825    30458     9190   -98335   -26225   -51535    -9108     7853    87505   -38620    24179    23429     7498   101517     8919   -24902   -53291     4052    -1235    57786   -70779   -63878    11160    46380    21950   -45460  -110517    35762    48195   -52207    77876   -53317   -19084   -24762    78654    65948   -60510   -18172   -37728    51105   -97127    -2422    56972   -38700    14158 
 -101496   -66360   -23980    33815    77159    18939    31889    -3068    31522   -80486    63645  -172239    84653    24674    45742   -25274    -5924    10454   -22204  -148349   -59385   -62212    -3143    15334  -100130   145031    -5921    62726   -53011    -5817    50849   -28246    29596   -30926   -57878   -21206    -1913    -8426    42158   -48001   -41237    73107    64066   -93542   -88820   -15472   -28048    60683  -104365  -112956    50784    44188   -17988    61503      645    74538    25974  -104926   -65163   -52262   -61228    -4742   -23001    61166   -33845   -21709   -60829   -17542    -1033   -57231   -35348    36638     5661   -19069    -3563    65222    58563  -139595    96468   -63288    96091   -39081    22697    13611   -66051    -5446   -95824    42404   -14023    67103   -23821   -82993    -3256    11394   -33563   -25006    37014   -48686    20068   -26321    -3753   -10443    -9068   -62360    -6621   -21090   -63235   138320    26151  -106018    78591   173674   -93476   -97159    24414   -34822    16692    14226    86779    17940  -142370    -2493   -69116   105577    43698    73649  -120669    37100 
  127713    20440     4405   -81002   153187    22425    81682   -32799   -86505   -45678   -31337   -91629    28656  -108402   -15754    69294   -13315    36564   -23436   -93247    38962    43929     2416    82880     4477    51465   -24314   -62675     8769    82790    72334  -125638    54600    48852    22150   -52079    14827    16703    56998   -93414  -111102   -56302    62308  -108584     8128    51434   155124    87900    16060   -29244   108942    78196    51225   -15127   -18619    16498   -61785    22203   -56154   -90448    13675    54000    11920    21439   -48636    53127   -44900    75119     2370   -62479   -37326  -129203    32947    92892    20165   -85265    -7625    83931  -152665   -36635   -23613   -20875    41915    70934    64318   -21523    28211    51143    12187   -29106    27160   -20984  -105226   -18225  -104408    -6002   -19998   -63525   -12437    -9697   -37623    -7356    76671    61884    29469    21975    49909    54255   -10821   -40357   -29666   108032   -60608   -37513     6402   -31122   -31340     5883  -123016    49824    18891    55929    63427   -65932    39525   100535   -49537   -18119 
  -46922   -74673   -77313   -15182   -96583   -27718  -127794   145210   -65038    97300    19575   -11911  -101025   -30038    79723    10633   -45811   -12709    79077   -36032    -3297   -33851   -18487    43731   -52610   117423    38663   -13648   104567   -27094    -6341    29643    38768   131552    59123   -72312   -59203    57418   -85938   -17640   -76734    -2012   -21275    40354    64679    55529    74520   128994   -27476     4954   -49086     2459    86072    36311    92209   -19015   -42480    15386     2644    -9718   -51461   118293    60393    23263    60811   -53636     5874   -59040    46568    -9680   -59389    -6632   -53907   -81215   -20292    44840    19347  -160513   -69393     4275    21636    32493   108756   -20508   -12810    37423   -13800    25959    39269    21388    40876   -92421    30740    19807    25413     3888    -8601   -48514   -72355  -112689    98381    61805    24719    94623     2268   -26207    -7164   -15604    11741    50284   -91361   -71204  -131117  -143080    15091    -3079   -69816   -35823    65519   115653   -40371    21662   -29792    15212   -82288   -71093   -95911    44538 
 -111280   165428   -36658     7322   139617   -63426    47460   -47880   -92730     9352   -73311    41145    66712    22620    73573    46348    -3133    43173    42471    21117    26158  -178524   131936    30416    67735     6359   -48446    75463    41093    88080    79653    18420       12   121408   107369   -22522   -72909   -17493    53766  -108198  -176819   -66618    89326   -95972  -118103    -7640    82156   -54161     7593    -6138   109519   103658    10983    16490     8728    55658   -61684    13961    24485   -76621   -14229   -54633   -62534   -62008   151524   -14475   -66960   160942   -45134    57189    -4403    -1995    66089   -72008    32193   -26639    22525    24782   -77154   -28882    63314   -31596    56955    96205    90410   133124     1940    -1375    91976   -84826   -27017   -84265   -83326   -19519    75204    98295   -51843    -3358   133264   -52853    90993    -1436    88073     4228    31407    74627    91950   -49319   -20271   -16390     1971   -87762   -10136   -52434    95131   -39520   -62184   -80531   -16486   -35588     8313    58194   -15759   -97716     5213    23470   -87172   -94681 
   -3107    30094   -61952    -9360     7559    -7527   -14617    21195    -3196   -64095    67354    68229   -61539   -62223   -88276  -136600   -10854    41237   -81136   -70941   -56453   -53925    17943   -24516   -76255   -37155  -115432     5973    77665   -63195   -50489   -43515    51403   -32424    -4637   -36438    -8227    24995   -29918   -89826    33418    79825   -11593   122349    29927    48993     8681  -131319     6236   -35559    -8124   -40426   -34716   -33138    86179   -47023    -1600   -26634   -38139   -24699    76323   -12476    47439   -14132    33353  -108919   -64566   -20932    50087    65933    -7401    33990    95660    58040  -138831   -55088   -33603   -16247   -11600    76429   -39212  -174505   -10011    71722    39368    14513    61968    -5450   130544    42238    14648     3403   -26379   -57165   -10320  -111725   -53982   -90343    40622   -85463    33547   137079    34501    16815    70286   -56772   -43105   -28428    11440  -118227   -31323   -49079     1821   -58679   -18948   -75036    76457    36043    43348   -14145   -93646     6844    98172   -42822    15561    19559    34022   -10690 
  -35090   -79869    33016   -63157   -61805   -28139   -41016     6496   -10982   -22844   -77702   -12381   -12006   -12032    92707   -11627   119565   -55868  -134534  -111429   -45570   109641    26076    29527   -83433    62358    14982    78589    80628  -251028   -27171   -77621    10946    17973    88937   -39921   -58340   -46947    55858   -43612    56836    82897   121122    37047   -39929   -67497    45032   -50918  -104587    78105     9033   -51051    -5952   -68189    17595    23108   -77535   -85509   -77139   -20141    33500   -88475    40497    -1976   -48072    -4203   -91573    -1758    11366   -62078     3160  -207983   121172    21540    23920    89156    62653   -76678    89984   -29423    17313  -142498    -3433   -32714    51106    56629   -23325    63540   -42380    99701    55402    57741   -47801   -19648   -94958    41803   111537   -67418   110281   -12002    78674    11535   -93333     8692   -34944    40588     3116    15133   -59599  -103146   -47512   -76108   -13408   -43531   -39632    16801   -88583   -51446    38536   -90267    18802    53310    32148   -73710      860   -30918    -6572    62056 
   18385    31176    92478    59269   -10174     2624   -62184   -52714     5451    88654   -15064  -193601     4039   -73817    97651   -28986    49435   -62976   -42057   -18218     5377   -15740   -24569   102554   -46073   184491    40803   -29576    -5927   -98993  -111042    10709     1362   -21448    17256   -50974  -127860    23397   -10445   -63321    20664     5838    49691    12524    63707    75382    -5050    34601   -92797    63131   -29991   -81780    -9418    38912    81587   101912   -28393  -172689   -99449   -49082    66847    20346    58941   -22845   -40854  -108642   -17157     -631    51261    84653    13377    -1962     4034    68591    88390     7547      586    -5253    13074   -61894    -4525    -3409    -5472    13876     1111   -23028   -60881   103240    -1588    61943    45746    15106    -4965  -109570    24593   121810    80260    48286    28374      -35   -16933   -18582   -26633    40558   -41128   -90484    24050   -41052   -86043    12141   -32838    61835   -58521   -15324   -26579   -82149     5832    53255   -37725    34165    -4477   -28300    -9768   -18049   -63584   -35290   -99537    31683 
   -2816   -25699   -71130    91233  -111956    81979    -4542   -58132    10737   -54979    63976   -91101    79828   -54856   -83817   -31213    21585    46368    67465    11210   161493   -25702   -72488      400    19798   -50294  -102521   -42986   109248    51345    87737    66785   129660    92101   -60450    43681   -21481      989    96054    -8619   -85975    -2560   -60500    64360   112689   -58071   -73520    12791   183010    22203    31818    23289   -43809  -172964    14018    47751   -22976    95983    10268     -710    25406    89361    -7761   -81670    11623   -36885   -35267   124126    72422   -30792   -50833    62021   -40435    28819   -22037   -72662   -67315    25300  -138128    45909   -90629   115751    -5036   -11693   -62646    21471    18271     2192     9657  -108153  -105239     6447   -24196    25812   -44068   -44544    -5930    81434   -26887    30214   -20038    66819    -4739   -39603    85384  -128175    70699   -84051    66550   -21864    49572    42455    42754    62094     4872   -23213     9773   -73014   -17769    92093   -57814    22793    17506    -4359    44498    -8254   -14420    51507 
   60828   -30408   -42140   -27859   -36235    57739    33064    34095    33374    36307   -24956   -41271    18147   -41576    51177    55633   -64768    48509   101534    23627  -107960     5226   -36339   -97146    91509   -26646    47804  -140469    78475   -60367   -42853   -58284     5338   106541  -109094   -89630  -123765   -21088    77100     4619    49931   -14740    -6764    63456   -73279   -34325  -116897    72756    31531    -9740    75519      265    61819    -8674    32541   -24978   -54347    79795   -64720   -46210     6527    14027    84079   -54302    60782    18029   -29267    75358    11470     6778   -61476    16518    -4393   -82431   -78531  -169337   -36586   -32693  -146596    60103   -23722   -21147    52916    99979    61621    11815    13569     8267    -2584    48904   -21368     2031   -32636    72187   -28573    57053   -13059    19226      -19   123256   -20358   -30877    91516      434   -47108  -172267   -26177  -113341    41323   105959   -20649    43151    10713   -58387   119881   -15338   -47066    31862   -69158    82463   -34537    56341  -114494    10677   -92619   -37173    57118   -65113 
  -39792    17751     5649    50723   -49109    -5630   -92578  -106688    65376    87666    16471   -59493    89312   -73936     3706    31133   104361   -77777     -691   -39268   -38137    97738   141392    38849    46385   -78007    25676   138486  -136437    68962   -12547   -21024    -7622    -1753    -5945    54442   -56805   149949     6273   108651   -60615     -128   -40857   -18987    11996   -30960  -126791   -99118   -70306   -16244    35357   -98493     1167   -61780    51111   -38511   -28380   -93915    47610   -49685    11602   -73558   -34206    17428    55774   107400    64810    86567    22569    94331   -31199   -77137  -103243   -78594    39320    83517   -46774    13421   155031    15263     1558   -29105     6383   -89992   -17052    39097    63186   -27192   -18546   -31961    96520   128260   -28477   -17686    79450    75737   -12539    -9837    47685    48106    86355   -62820    51117    30677   -19467   105359    -4098     8515    88678   -89810   -14410     7236   -29155    -1576    23427    22620   138336   -13207   -98561   -43808   -51931   -26648   -84995    52543    39652    -7185   146640   -31017 
   45094    49613  -101454   102512    15313    29235   124480   -14172    87330    10447    67405    56504    19918    -3172     2657   -38165   -43084   -12503    10626    72884   -39942  -132262   -77421   -27004    43908   -95818   -45619   -32627   -12024   -48358   -30272   -73221   -24425    24613  -114439    63015    94085  -159195    11709  -143442     5688      478   -29897   -96878   -90831   -12213    95786   -44682    77302   -13216      413   -40873  -111149   -19315    86212    89091    34111    55362    17596   -13923    97046    16672   -29725  -102020   -15282   -71456    34756    66607  -105375   -13665   123700    47751    60217    93856  -177574   -75869   -88027   128365   -46825   -40087   -78280    21803   -44478    18492   -21446   -10981    34608   -31403   121837    32030       62   -36322    13696   -31841  -123391     4030    11174    59458     3546    91861    34214    -6108   152562   -71040   -20614    -7272   -24520  -132780    78132    25199    -9467   -45176    73545   124218   108387   -53509   -37074    42460    -2221  -156484   -96958     3510    35380   -54100    40406    46331    76464   -47318 
  -12013   -19360    97618    -8374     2252   -60352    -2145      430  -107735    50343   123093    41036   -29947    53783     8623    13322   -29673    64003   106882    11034    23613   -88580    58277     7507   -45779    13961    18661     8523    86277    95305    25924    36956    26056   -86732   -60927   -17988    27177  -125102  -167322   -79736   -40214   -34401   -33633    84950  -119575   -31494   -36538     2261    49187    12970     1392    16852    58516    57315    74267  -104825    64963    44045   -19553   111529     -513  -136313  -123400   -40690    96981   -56052    -1508     6191  -107976    -4660    57898    66625   -22566  -179406   -36775   -10754    66681   -35341   -77885   -41719    68012   -76872   -47566    44894   -14281   -96773   -46726    50140   -45910    71181    18701    55347    89798   -38132   -26384    -7290    33901   -37729   -90089    91058   117377   -83015    -8059   -47090   -47609    70559   -13650   -43955   -27562     3723   -12564    53231   -51125    26731   -31071    21885   -70659     3103    64929    76029    40722    41037   -26267     6897  -187609   -71542   -35784    29435 
   10119   -87067  -103956   -91058     5177    31050   -46565   -50989   -11406   -46288   -25361  -143798   -74377   -32518    -1735     3616    -5276    10886    54341   -17087   -57987    69204   -33980    57089   -42527   -32830    33847   -19645   -53226    90609    34383   -40688   -31046    43118   -84862    16950    -5862    58318  -122816    30016  -112207    12466   -76248    31193   -15360    75639   -65954    37760    -9732   -15507    61209   -12335  -131917    14341    60623   -49238   -29348    -9641    46348    38680   -24665    63701    22788    40592   -52638    -2661   -34970   -87056   -30792   -37672    47325    47168   -90609    27263    10542   -42153    66404   -20770  -111470    21830    44946    27432  -130535   -76097   -18280    26712    18553     4799   -93200    45058   -88860   126366   100463     2219    35185    -8773   -81502    76283   -67601    -7509   -29161    36255   -24821    37365     2103    43213   173340    18361    -1498  -148170   114175    31528   -80299    49372   -65198   -29836     3530   103530    86398   -18264   -22270   -40366   -31214   -69336    29653    36632    44903    94683 
  -42545   128742    -1480    -7034  -101140   -60642    48904    86632     4357   -10424    62933    79520   -72178   -15435   -24041    51886   100054   -65385     5647    52466   -29322    53373    -4739    74385    81216    -4378   -31965   -31856    11198    -5562   -36342    47040     5752   -18178    -5267    13486    30368   -13191    24733    -1632    33741  -157929    76312   -45094    20568   -15769   -24811   -67145   106766    54238   -63932  -130023    25264    -3692    -5899   -54271    70330    85232   -24661   -46472    66505    94990   -67396   -66019    82543    20319    14234   -24167    30359    19192  -118319    42490    64118   -32859   -14992  -162642   -11206    60787    96837   -52076   -36219   -94244   -67821   -42730    94743     8134   -50170    23946    99453  -157018    60466    84615   -16612    35415    42746   108639    -8248   109297   -39814    76809   137439    26924   -30577    46883    24824    56009   -15360     4305     8186    91765   -55704  -106726    68500    -2115    25596   -26599    -8959    25370   -51219     2520    66963   -30852   -68658   -33456   -36978   -69130    -3585    47903 
    -487   -47608    87475   -83201   -94075   -30813   -22888     1918    20901    43154    55490   -89412   -35517   116692  -134258    63944   -61593   -50514    33750    32338     1324    50770   -53306   -56912    36121    -2426     8054    83565    50487    -4247    79744   -32955   -57478     3784    26258     6962   -15646   117321    11962   -42494    29188    58144    29841   -23847    13734    -2449   -22894   -37165    28812    26963    28063    43774    -7899     -880   -88207     3467  -131566   -47778   -18410   125145   -51463    39387    17308    59980    29025    -6844    45143     2142    17971    -5029    56949    55624   -90680   -32868    58730    83467    27740    37994   134551   -15858    -8688   143454    16716    10774   -52395   -27591     8276   -37243    63485   -19552    59937  -123122   -81296    46753    83240   -14005   -84045   129398   -36376   -25800  -163781    14850    45951   -14949    75767   -79296    66177   -72635    -9000   -97180    -5624   -24229   -17090    17698   -35582   -41052     -537    31276   117350   -77783    -7920    18435   128363   -11431   -26637   -19505   -20245  -192376 
  -60170    -1352    48440    -7541     4369      222   -36075   -44264   -69828   -62246    39481     5125    23024    71545    13333    23446  -117789    83024     3898    57422   -29631   -52928   -95015    30953    45576    35402   -35915    70056     -667   -12639   108761    78297    31834   -27557    15596    34997    48495    24757     5431    -8915   -24492   -51805   -31750   -20230   -18032    50170    58772   -58883   -65763   102662   -16064  -105612   -24573    71693    18156   -26163   -12869    -4509  -114988    -3751    98839   -73388   -11256   -63255   -79107   -97903    57834  -134522    28714     6687    -8440    51249     4774    -4415    64359   -97443    69489     3694   -70831     6060    37393    13886   -82603    15371    25101    80110  -164940   -92282    91512   -16919     1498    47733   -59646   -19796    77390    42338   -13701    20670  -156352    -3661   -39273     -733   -56200   127377   -73654   -40609   -50517    39094  -142878    -4106     6371    92749  -118161    19623    29369   -58622   -16797    85286   152534   -45628    -3008   -63117    -2325   -22067    -1365   -70566   -23362   -66594 
  -40559   -38494    28563   -27785   -87408   -34114    21289    58803   -32017   -88654     9684   -94846   -30434   -59996   109200    43757    54093    37996   -21987     3168   -79077    81828    42165    11494    81365    97640   169965   -37749     5172     -970    80428     4052    -3926  -104474   -14518    61656   -38557    55063     6320    26425    -6116    12654    35376    50423   -17020   108410   -25663   -96713   -34344    30049     6011    22040   -18682    78870   -36515   -58356   193300   -86335    -7860    -3184    38176    20178    16358   -70936    -9675    75988   -74443   -34609    59033   -66163    25401   -11339    94291    26165    27903   -43008   123131   -72216   -46210   -48327    12143     2398    95587    28164    47326    46829  -128534   -17692   -64667   -14845    27604    61069   -12640   -37680     3320   102754   -29676   -76997    -1347    -6988   -93327    29332  -179261   110652   -59549   -46941     7679   -84543    21916    12660    31558   -37339   -21916   -35777   -97128   -24908   -47538    20179   -13934    69495     6140    11468  -120899    23719   -56488    42469   -18570    91797 
   64569   -95757    -1178   -62966    73210   -96284   -72706    79997    10960    21700   116605   -61458  -100085   137927    66192   174404   -31952   102277    36879    29207    24950    -5117    -9657    55892   -59140    -2517    46667    14114    -2349    24242   -50785  -104428  -116269    10828    63712  -114135   -66621    41080   -66092   -30894   -36901   -16828    18672   -91583   -74439    55177    15259   -43572  -136540    43444   -43383    43395    16637   -25087    58258    22208   -75951    33867   -39818    47226   -53764   -20939    20634    38729    77474   -59669   -92762    -7350    81983   -80931   -46322   -17592   134732   -79469    92494   -49192    88215   -33989    13280  -143842    68787   -15819   -32526    -9574    56642   -80582    12124    -5620     2119    -2609    38760    44809  -116639   -25579  -112680   151078    -9949   -28405    -2822   -77732    91715    53875   -47043     5430   -21043  -165365    74325  -145384  -107299    88495   -16048   -28338   -93323  -150234   117207   -73214  -113944    20581     -323    -2030   -44191    35950    -3070    45856   -32473    54345  -129801  -145896 
   26534  -162339   -19313   -24497    16960   -96571   -58588    12114    14058    68236  -118628   -58462   112439   -40269  -110145  -186458    10632  -106905   143263   -65054    67166    -8699   107744    10550     2157    18233  -123919    48145   -39533    39522   -14293   -42595   -37306     4656    79436  -140977   -22213    61627    35348   -33504  -128208     6804   -81856    30597    66199   -27037   -19528   137525   -93541    20931    10412   172205    67217   -36273   -40340    45172   -84168    26237     2604    14374     7035    64816   -45394    83518   -69297    38249     4557   -13762    31726   -21543  -140543   -33235   -47301   -53340    20167    26765    50223   -22979   -83869   -21415      195   -34211    88359    45639    60408   -23316    47901    38853  -103049    24299   -33991    66099    30065   -50929    33992    40304    91627   -95830     4733  -112061    67744   -43040   -92918   -50192   -93811    49115    11980   -41707   -30207   -76251    38540    38401    10826  -110985   -65354    17030    40067    30849   -12066   -90887    52167    42849    15769   101699    84186  -146152    86353   -58912 
   32812    69925   -79760   -43531  -100007   137020   -45447   -64009   126857   102253    28855   -58179   -44392   -35756    40447   -30487   -18266    50356    -3146    12820   -64351    63277    -6898   -84586     9678    11588   -95039    42865     6859    11082  -119926   -58564   -15072   -20435    14754   -11770   -17782   -86042   -78068   -81371   -22447    95741   -76062    19192   -69242   -14233    12448   -69506   -88063    80976   -61265   -36302   -19164   -25712    -1542   -68905   -20183     6877   -16626   -19725  -128291    33881   110972    67816   -20949    22595    37539    52247   -29967    -2491   -75071   -29198    57796    91072   -13460     6531  -138350    -1649    59020   -44483   105886   -97891   -24549     5647    24581   -35583    31396    32398    58847   -25761   -16686   -22386    43255   -54315   -21865   -16583    27805  -107239   -41803   -36097   -55721   -31356   -31038   -61509   -68424  -125797   -44199   -48006   -97432   -16052    41647    65343   -18645   -39518    67082  -106360    62100     -960      672   -24221  -108660   -44769   -50189   -37737   -31252    42730   147945    21381 
   29248     1640   -41505    57779   -34699   -23804   -48606    45175   -13256   -58030   -31317   -57686  -103142    21641    -9744    77916   -71042    45707    11689    48468   -11268     7455    -8042    19495   -32181    64086    41875    10577    18931     4857   -55004    28848    -4805   -23844    17831     2487  -105417   -85886   -29292    10921    -3867   -16543   -40487    97801    28940   130859    38796    41231   -19444   -77785  -123347    48990    42451   -46676   -57711   -38815     9910   -20500    18434   -22725    23990   -89204   -46871    59078   -83081   -13173   -65928   -59688   -93492   -45503    39209     6512   -76656   -66098   -67249    15334    45368  -197121   -50268   -69663   -58856   -19619    28330   -46162   -18410   -79221  -120299     7824  -153635    21899   -94162   -95502   -47572   -87947    31634    87673    16752  -120735   -66810   -98473    57352    41305    48892   -49547   -47701   -62743      872    15366   -76525    -4031    20974    58573   -90172  -109424    21737    31990   -71243    42616  -117334  -101791   -24791   185229   -48036    62474    74513   -81199    58206    28449 
   31225  -144043    12162   -19761   -86645  -106487   -13786   -73376   -87384   -33904    54489     8659     8020    39456    95124    71724    68511    61877   -50891    11073   -90437    16041     4788    57543  -106290  -127190   -18957    64961     5902   -78824    55496    30693   -11277     4938   -36029    26879    28676    -3583     2589    70556    34500   -72583    41029   -43406   -70418    57480    28608   -52268   -89096   -44449    -6610     7057   -44994   -10732    61783    60568    24784     1920   -88515    88208    -3808   -47593   -58848   -67017   -38806    20380    63357    23663    83349   -94061    24176    25408   114498   -19161    28489    -1204    86771   -74093    90745   -66205   108921   -26175   -63152   -33875    42187    -7279   -16949    82756  -144467    37577    42815   112975   -54894   -54422   -74998    80883   -63661   -34871   -14296    87529   -26324   -38509   -62564   -18412  -147472    50476    19612   -39272   -71972   -57818   108785    82132   -90051      330    51524   -60155   -65726   -34327   -88654   -59860   -59256  -149342   -41560    44405    53521    -7077    -9993   124449 
  -33388    89580   -25828    76887    42038    38458   -12394    58524    68821    22983    20805    14665   -64251   -74286   -20825   -46202   -46243   -13645   -65132   -99122   -61583    70675    52217   -79559    82401   -82969    31216   -58901    30946    43964   -70719    -8866    51778    -5193   -73788    84886  -105305   128244     9685   -42082    14091    24931   -53566    40252     2210   -43119  -136536    68899   156503    22538   -61926  -154468    58125    78089   -16778  -128415    29324    41851   -13209   -30476    66820    56980    28160     1935    52298   -20465   106572    -9277     7588    93535   100051   -52597   -71868   -40600     1070    78217   -98005    88699    42917    64856   -54253    -1575   -86950     4974       53     2576   -11169  -101606    61362    68723    28637   -30578    43225    44923    -9915   -90247   -31557    48608  -104713    57065     2362    19532   224855    39160     2800    22878  -189078    49507   137200    93496   -58732    -7339   105666    74015    -5903   -44891    -5689    43890    73767     9877     5388   -21536    67993    -6309   -60082    60539    -1689    -7565 
    2295  -183153    -2576   -48610    32054    65274   -71609   -19234     4687     5012    50986   -14630   -75721    17905   -35314  -134663    10713     -271    31709    54519   -66000    54209  -108800    50174    22517     4096    34347   -57477    -3997    59876   -53015   -77484    25875    35204    92759    36659    45955    47657    32290    -2294   -17332    40798    15052   116456    82571    74113  -148739    13853   -26283   -49423    58342    19083    25180    29872   -28856   -15362    84833   133624   -97583   -31551    44330   115108   -57880    19334    28699    16034   -48429   -38846    -4470   -13758  -187784   -99671   -51047   124647    68745     6470    20276   -45658    12872    28209    11876    24065   -29724    17353    65345    33837    94645    23339   -39960    84867   -48472   -98068    71924   -22577   -23846    -1301    34095    15920    19952   -13714   -23616   -58091  -144298    91739   -76027    33621    97844   -18698   -47533   -73340     4173    -9433     5779   -58487    38240     4483   -67927    76635    63465    15951    33857   -53200    66499    39276   -17386    61442    -9944    64308 
   53669   -44750   -17431    19717    -5465    24992   -97251      873   -78662   128771    87957    -9386    65927   -16216    -2667    13026    37408    36979    28805   -96002   121194    71977    61062    88275   -32583   -52045    -2742    15449   -39145   -34685   -54424   -34007   -84746    52832    34119     4689     6842   -26120    -3817    66746    54363   -59800   108337   -70268    11780   -36841   -45465    17292   -32616    17479   -21586    -5407   -63797    24376    92792    62716   -75459   -46296  -144026    -4473    63311    -1396   -19997    42440     9967   -51257    -9458   -23594    -4288   -15490   -17319    54558   -16418      393    16175    89566    17178    65554   110678    -2959   -43117     6446   -18027   -76334    42043    99524   -43674   -14076    32645   -43376    50259    72355  -103398    -1960     2926    90453    35560   -43352    54289   -41741    58504    60145  -113406     5516    32705  -120324    60367   -49567   -42167    23359    56117   -48036      894   -78358   -86741    40121   -84540   -26216    66849   -58565    90876    48520   -57693   -19890    22694  -106982   -27370   -65861 
  -46787   -11726    42710   -38041   -45471    63921    79058   -31479    48153   -34913   148155   -63801   190688    10942   128717    -8330    22969    89042  -162746     6748    -4675    -6386    67086     3723    30598    16584   128749   -68760    75455   -41233    62630   -13799   -46951     2430    -7419    24921   -38871   -61245   114162   -60411   -50359  -108844    25571   -46392   -42455   -11669    35632    51832    27218    62273   -33613    15547    25909    54095   -71043    39270    21935    38012     1902   -47137    84163   -11508   -93115   -15989    16002    41945     5328   -28905    11293    21229    47912   -25212    39371   -56064  -136913  -120992   -67971  -118988  -134945    49187   -90887    83535   -30596   -65745    17996   -27185    47940    44801    70910    45070   -38994    -9319   -35335   -39101   124552   -79929    24437   107993   -29075    18439   136782   -53405   -34502   -41957    -3618   -34600    30578   -26496    83240   -79064    33512   -76760    80970   -14199  -104525    46528    -5912    55233  -156862   -39824    23787   126979    72535    36822    22159    66026     5594    12122 
   -5400   -33728   -46573     4544   -48654     1141    11881    34055    51593   -11286    67591   -32089    85564   -24654    28231    -3701   -57699     9382   -51174    65412    95424     6201  -110975    54546   -30942  -128449    68116   -76654   -97233  -154897    87643   -57972    39816   -12242   -14875     6645    26528     4492    56382     6102    88291    99311    -1927    -2354     6342   -13072   -13462    -3586   -55657   -30260   -22373   -79928    20944   -42687   -34727    89344    63148   113615   -53213   -51310    46463      539   -25169   -81520     2871    43294    57730   -41076  -106163    -8522    -3393    48208    69160    98644    37925  -127930   -17829    38192    80785    37229   -74862     5822    36759    85932   -19599     6427    38172     1363    36730    42799   -65303    -6395   -79889   -19922   -57632   -27717     8939    78655  -100632    54328   -39611    -6359   -79783    20985   -34162   -61354   -23288   -60674   -64450   -64210   -59289   -54882    64843   106736   -66208   -90939    32729    55553   -51876   -29984    61573   -10608    37963   -30224     -702   -33530    20772   -44899 
    -766     2658   -87980    -3549   -44101    64248    50777   -84842  -135841  -103269   -18957   135427  -147700  -117273   -94636    14147   -68567   -87175    73569    48680    37672   -23812   -68407   -21419    -9098   -34262    62676    61763    45341    53479    89932    55865   -39963    43261   -96315    56744   -47789   -15601   -56638    39892    83196    20409     5148   -39097  -117620   -30660    69485   -49418   -59625   -79125    57206  -117981  -153787    77009   -96133   -26384   -75867   -54735    17011   -31803   -82809   -39682     6689    53784    21974    -6763    23452   -49463   -36928    61534   -20144    48596  -121081   -13402   -64556    81913    73292   -34091    56678    72488   -29720   -36098    27785   -35221    55747    49815   -56817    24959    37477   -52737    62189    -1614   -46399    27040    12418   -69471   -54442    91068    14023   -31582   -58806    14971    42847    -8303    94004   124082   105829    73919    82924    -7891    31437    37887   -41758    85774   -40883    25658   -37720     2955    46442   -57160  -119840     9736   -42178   -66809    10987  -136419   -77025   -12959 
   11917    85983  -156288    17410   -52709    31484    -1639   -18777     6379    58363   -38211   -44935   -13630    43135    34976   -96163   -98209    63133    56086  -136134     9209    -2570   -44288    90644   -49253  -113967   -61101    25336   -33258     -775    21591   -19579    45587  -101096   -56426    17256   -38612   161216    -6272   -18253   -30701    -5619    -9139   -20525     4384    28214   -73059   100938     5953    -1269   -99050   -49874    11989  -147357   -65875    37477   -89054    31178   -49249     6086    11635     1612   -52594    -8775   -12048   -16095    21332    63368  -110259     1822    -1314   -44204   -66235   -44523    15007        6   -66011     9876   -72761  -104877    22386    25045   -77474   -47047    23476   -12022    41873    57060    40799   -75647   -46217   -50780     6089   -10295   123565    38637    10787   -21381   -35330    53048   -24118    53258   -17883      539    11557   -74686    56324    46571   -63131   -28517   -28090   -95064    30558    38598   -25439    88051    77459   -10857   -89520   -59285   -23948    15020   -33965   -43371    41045   -34476     -752     9113 
  -50268    13251  -156263    -8746    17168   -88174    40308    46574   -35525     4976   -20742  -107586    18856    24230      342   -46217   -20738   -21783    36675  -105078    49278   -95225    88383   -19410    61172    24181    62688     1958   -63626    86731    30452     -595   -53772   -96613  -114472    66695   -14129   -40196   -47512   -25987   -37039   -31338    22338   -16580   -10736   -46328  -135814   -18869   -23465   -74182    34125    87435    33068    56478    18528    -4092    49477    27558    75411    49546    27919   -18393    37916   -45932    35511    -6186    85251   -19444   -25911    39552   115565   -34182    86720   -67004   -73912     2807   132148   -28001    96617   -58184   -87313     4215   -26769   -20412     9665    33816     2351    39813   -54408    39958    44010    23395    63639   -80374   -31395   -61164   -67877    62933   -34395    28359    10130   -10240     6082   -57934     9564   125259   -21712   -70600    -3254   -21478  -100189   -29701    13041     7729   -36350    45065   -65250   -11850   -16494   -63340    45047   -36052     9566   -23932    23378    32794    76499    21434 
   -9384    36668    28724    27230    85963    24623    28601    44232    -6287    42753     8408    25862     4750   -21362    29614   -28312     1100    72839    -7187    11390    40362   -32143    69484    14126     3048   -49654    81388   -47980   -45801   -40965   -46481     1119   -23640    28416   -44663    24136   -88058   -15391     -916   -21897   -12881   -64970    70946    -4066    12935    26791    -5830    47219    92612   -23383   104490   112653    23960    -6275    -8549    90063    71777   181091    -1865   -94171    99751    72751   -48883   -55128   -30853    80593    34363    51218   -55665    19146   -16810    44559    94339  -115658   -47948   -55745   -53428   -73413   -41128   -15394   -29003    44730    16414   -24326   -34519    30634    77296   -70885    -1734    10569   -40240     5042    42256    13633    76325      -78    17429    -8551    76499    92473    31061    28946     1962     3896   -33292    59810   -43996    99477    68932      659    10203    -1498    67065   -59305     9250   135724   -83454   -97518   -31441    60939    21196    31391    -6263   -31088    58943  -121054    47924   128559 
   59843  -118172    54766     2445   -25933    38840  -123559  -141527    68830   157605   136055    24675    10039   -43707   -55544   -25124    53752  -121847   -96064   152076    39329   -69723    24923   -23680    49761    34134   -81072    -4401   -38284   245687   -32566   -53133    64139    32263     -490   -63038    41299   -71861    17116     1294    10637    -6498   -28554    62449   -10259   -10334    64971   -32422    89451    62755    10460    38772   -86042    44011   -20139   -58383   -53118   127501    80447    36252    35123   -52263  -129013    13599   -10667    35805    26008    37295   -52240    38043    -6075    14069    54690    27950    11559    11433    72174    45480  -107719    45238   -45540    56205    67371   -38397   -56814   -43163    54621   -53987    14858    27594   -29063    73602    36569   -76526   -80959   -51277   -47840    -7173  -128092    33817    50271    48756    66978    26701   -36075    45461   -16312   -63683   -84466   -42420    50987   -27483   -57613    17528   -20312    87285    38720    69371    -1705  -110090   109513    92834   -45207   -34527   -96411  -119495   104223   -18938 
 -112247     5677   -17368   -50962   -65263   -11573   -55453    49976    43880     6839   -56558   -15843   -59113  -112774   -99034   -70347   -11948  -119673   -11620   -12494   -51661    65656     7231     5469   -97423   118494   -60826   -17161    30298   -59719    19147   -54518    25408    25638    20146   -73576   -38230     1764   112503   -76686    14052   -28483     8741    52323   -10486    87027   -81791     6702     -315    46591   -44608    48164    36026    -6203   -25076   -77252     9460     8824    58916   -18752   -57252    61596    18965   109659    53285    43729   -11262     5251    78576    93321     6346   -65600    -1915    41820    33795    63856   -19888   -15891   -28031    -7497   -10139   -59270     5053    27741    56222   -85309    13343    91464   -75125   -28718    52089   -14492     2670   -86237    22019   -48353   -16866  -123015   -11122    19218    15188     2152    38369    55563   -46612   -40548    11379   -40359    41248   -12981   -23609    78993    45064    22929    42825   -62540    19949   -78647   -21188   -65399   -13923   -28917    22729    69898    30729   -80607    16974    82142 
    7001    -1397   -55601    11386    10940   -45027    -2715   -41300   -62866    32288   -96475   -84909     7303   -65620     -362    81610     3544     6648   -45079    21435   -94623     3309    60855     2183   -59328   -42599   -16208    20988     -986    24000    20264    41122    54900    44255    -7022    33196   -99572    47177    68146   -42406   -27394    47126     3239   -48319   -45522    51823   -31343   133217    18484    27845     8623    42144    39686   -30320    13445   -66374   -77339    24369   -46568   -33933   -52571    88479    50339    40376    -4331    96997    10595    20560   101712   103255   -39453   -36905    -2757    26891    39662    73135    56987   -71044   -49386   127378    18696    51035   -63126    20387     6150    13666    30500      581  -103295    14145   -88220  -104784    13978     6787    -6428    20878   -66136   -71058   -29581   -44903    -4471    49284    38249    79412   -22258  -141716   -23962    72493   -26323    78037    33681    80111    49885    45610    -7409    15974   -51706   -17776   -29477  -116521    -7146    34606   -66568    71803     -361    15651    19445    30868 
   78227    24402   -46580    83725    55877    -6715     1979    51929     4427    60856   -42561   -59381   -33181   -32935   -60681   -80972    19019    -6426   -37145   -78527    73551    11531    30760    16342   -42336   -82441   -84323    67020     2635   -68807   -21537    36416   130959    48248    28760    56119    29425    27621    15960   -16773    34084    62559   -14592    77185   -54057   -47832    96668    45479    13879   -68529    20038    36508    65129     6124    37727   -15879   -89153   -62252    38589    40877   -87911    37933    -5770    78921     9846    16836    15766   108612    52297    39782    73485    46767   -43035    79777    17912   122038    -3342     4927    53713    33751   -23092   -31988   170552  -173572    83633   -45627    12509    22469   -48676    60903   -38127   -52735    57974   -24917   -69244    16787   -34219   -55878   -13084    56255     9332   -45614    64852    -6798    35553    92724  -126072    -4894   -36157    48258    50604    -7648    77797    40117   -43532   -37244   -11027    57025    36802   -50665    14949   -46582    34609    23615  -112858    59835    15237     3052 
 -132834     3820     4369   -37136     2985  -106791    57480    -8618   -12242   -64277  -164856    44201    35750    45083  -117931   -59931   -18002  -153102     4988     8255    68479   -88246    35126     9124   -71129    46524   -62669   -73458  -112444    22274    22336   -16869   -59973    18747     -920     6684    28555   -13225   -31682   -26199    88314   -56669   -20240  -118603      -62   106037    83572    32792   -56563     3949   -31116    71633    69936      354    -6072    -9529    48422   -87460   -67397    67711   -27566  -120586   -95203    79419    66970    20585   -86261    19436    13275    38543   -56651    40042    20204   -25854   -97152    -3281    42340   -52272  -124474  -107647   -48174    13880     5448    -7134    63521  -137831   -68054    63518   -63108    11913    63778    -6654   -62569    38174  -109654     7791   102963   -43661    64684   -11321    57099    62766    14599    21550    12148   108351    54296     3647    17256   -73662     8943    24385   -65370    36003    24032    -4818    42306    43795   -67806   -65276    17279    91330    56376   -16161    99871    14392   -56866    24028 
   59256   -98873     -517   127235   102538    51171    54141   -31936    92577    -5711   -55224    25896    39913    34316   -87297    17032    53433    65644   -48553   -84237    47495    78407     1926  -138312    73591  -110950  -106041    35511    57057    81905    36588    60452   -26173  -142714  -143151    16556    20837   -62008    89734   -37490    21609    46377   -11947    73079    38510   -48221    74513   -81268   -88689   -12895    97430   -30803     -989   -59462   -49800    32701  -115121   -64728   158525    43692   -77758    27766   -90797   112305    90598   -89131   -56674    49989   -35291   -27572   -43943   -30353  -134037   -11923    37754   -24987    23556   -25347   -24963    30546   -24766  -176414   -16133    -4946     6743   -14352   -83118    65491    27704    -4286   -54646   -51388    57044    12356       76    66084   -75664   -46667   -66485    31640   -23880     3437    50529   -46067    61230  -131103    51142   106649     -728    34892   107389    57250   105985    -7604   141509    42451    -6823  -110703    36206   -32094    29089    65857    87478   -33057  -129385     5145    -6253     5833 
   -7591    12037   -50757   -72446   -32895   -49007   -78730   -42588    22075   -38717   -76021   -23250    23312    54383    19399   -29299   -19959    52433    83074    22933    12190     3548    -5549    67407     -781   104194    57651  -105231   -47203    -8343    55366   -97065   -29873    58610    34820    30324    41779    94176   -38166     3878    62571   -41895   -21362    -1874   -47289  -126274    82752    -4127   -76376     8817    55467  -101517     4030   -80644    37489   -49148   -11584   -16779    22951   -13888   -12874  -156694   137476  -118388    45710    83290    16327   -16732   -18127   -45436   -42783    37620    56721    93582  -107846      230    52074   -82869   -37511   -15885  -106577   -32258   157900    40133    12285    -2157   -12515    34356    56470    64788    12681    41502   -47522   -11083    31076    46159   -34946    46459    38103    12059   -58578   -33760   -63985    60299    -7171     8815    31072   -46582    43023   -41143    62294  -213568    23729  -194001   -40764   -85615    29707    45134    10590    45216     9354    65823   -20545   -12441    90555    23253    -6236   -40550 
   -1689   120580   -48350    96662   -44152   -64108     7426   -47104   -42526   -44308   -21490    88388   -25501    72900    16482     1645   -55798    71358    53893    77837    55586    31971     2350     7420   -98839     7723    23512    27310   -52490   -26920    45605    27617    16631   -33012    15336   119285    23975  -134375   -13861    87900    60239    26559   -73493   -92910   -35107   -10187    81447   -26020   -98109   -71585    66064    87277   -27174   -85069   -99866    31945   -65795   -10200  -126020  -115252    49769  -152595    11340   -35611    47186    23572   -23282  -106742   -96765   -91364   -63487    74617    21939    12874   -45826    57298    37207   -60234     9217    24001   -60311  -121478    -1802   -27453    18646   116817  -139101    -5599    22086   -85028   -81133   -17025    10736   -21497     8146    43229  -129682     3792   -70300    86289   -41931      -90   -18369    32175    56736    37069   -30611    62673    36135    74255    87836   -11267    69196   -27268    15644    -9903   -26200   -28143   119484    -4793    32348      207   -87185  -153047    -8743   -25626    64418    20797 
  -88253   -44644    -6592    92657   150660    11574   -17468    88837    63875    42888   125688  -110125    78841   -47991    19182     5259   -20256   139533    -6486     3094   -17766  -133338    16496    69123    11584    24710    73913   -13473    67262   -20736   -23253   131351    15899    68372   -38790      382    55911    25929   -40358    -7726  -117179   -31187    23916    12972   -76932    57341   -22476   -40779    31082    17886    20264    24106    52245    51500   152456   -13193    88454   -50131    68825    -5642   -14004    27519   -27269   -88822   -22598  -149499    32138    75188   -35396   115133   111123    -8760   -57293    15746   -56002   -41290   -23905   100189   -42834   -66706   -23845    22578     1152     7594   -22643    62978   -30238   -28904    41488    39209    88608    -3792    39205   -66811   -11680   -31238   -10530    21386  -137194    17467    79854   -72084   -43656    -9096  -127185    26831   -44230   -72805    30415   -45973  -126176    45901    81506    51522     9328  -101508   104263    -5002    95417    66551   -48565   -89217    -7108   -14608   -61910    66525    31507   -43041 
  -79180    70965    78051    29270     5252   -52447   -81735    23671   -61251   -10549    32160    -9811   -21152   -91826    32110    -8744   -50891   147490   -66999    -4018   124807    60474    30143    35006    47174   -46902   -24509   -30277   116428    62979    27917    30180    30325   -46355  -144336    79342    17817     5824  -124068   -87323   -35826     8034    19324    30539   -22180    98959   -28851    -7427   -68170   -27015   131025   122404   -43608  -102467   -81611    14806    47544   -77628    13454     2908    18093   -60649  -128609    29884    -4105     3176    58603   -22962   -28046   -73453   -24446   -32637    85575  -104478   -77544    24332   -20892    63631     4887   -48564    28454    25182    -4096     4014    56017    74878    54221    42663   139611   -73162   -51910  -119970   -90640   -41378   -35595    72640  -119215    16377   -28911  -196608    -2311    56110    15101   -57771    59303     3463    25948   -60597   -44586      153    53354   -10912    -4172      936   -64435   -94854    10271  -104316   -53971   -23848   -61231   -59217    84694    23957    -4452    50037    12416    78470 
  -37873   -75794    18807    86233   -14752  -110309   -62096    40417    -5712   -67850   -51333    -9620    71228    51073   -62309     5196  -119546   -22256    85558   -22366    23962    11925    17213   -15167    -7840    54370    49598   157673   -38025    -3008    34813   108282    52386    34927     2215     5039    40158    43848    18728   -25134       53    11141   -98159   -35490    19528   -17017   -80819    30225    15309   -11580    40509    -4314    69019   -72252   -96166    48531    82123   -19203   -34943    74654      841   -49112   -76303     3425   -30288   -76069   -41605   -53973  -122846   -15961   -69610   -32608   -70476  -211000  -112115   -42863     4214   -64596   -12452    15066   -75623    56382   -23678    84758   -14932    11341   -56095      516   -36841    59462  -194644    -4555   -37293    -4505    89413    87717    80558    17799   -27875    44371     8349   -29082   -25324     1718    20935    -1730   -39616   -79831   117663    10574   -36140    26874    45681   -35586    58877    24613    11821  -161931   -33110    -9608    31840   -61750   -92267    34829    65618    19390    57125    -2640 
   10377    40413   -31414   -54784  -135598   -18741    24106    10894    75638    77882   -63916    34478    41725    29359    70454  -119807    14363  -185680    10029    22493   144161    62568    -1804    48292   -29683     9013    90370   -54293   -45826  -120242    21746     3380    30673    32253   -22711    72654    14949     9673    59933   -62334   124980   -52286   -46623    12790     -133    15748   -89905    30799   -15602   107266    34833   128633   -27025   -16638    -6015   -34750    29993    44984     5783    32888   -46078   -60436   -95722    28553    11845   100354   -16347   -30681   -58714     6655    34368    34194    15745    58022    50449    75348   -33630   131156     6782   -70791    20424   107436   -49310   -47485   -67761   -82546    18885    14558  -129532    27949   -25768    -3387   -26532    -6189   -21955     8013   106450    -9958    78953    88489    54360    16531   -28066   124277   -83378    48923    22838   -51866    -7952   -56189    77017    69933    20022    14944  -118812   175555   -45267    99751   -25352   -56641    96733   107873   -47448   -14611     3238   -13978   127088    30638 
  -54640    63782   -67222   102476    59902   -91825   -38658   -64026    17706    44357   -24152    57478   -15582   -58700    -4227    12911    54071    14317   -71560   -32138    92095  -133371     9125     2692    94628   -66142   -97581    -3477    53533    81176    71427   -40365    58172    26537    20230   -41741   -12887    46803   -12709   113025   -29636   -56097   -13640   119848    18207  -111746   143474   -70700    92836     5078    34392    48105   113409   -59922    28810   -91840   -19151   -22082   -16118    84168    18839    27228     9105   -28035   -31350   -76172   -23651    77851    -1682    31972    66381   -53140    68571   -72379    39864    48335    28768    10608    -1428    78930   120483   -22144    85795    26295    65728    29314   -54644   -57418   -51195   -94805      491   132410    56022    17857     4259   -41234    75425   -96021   -80130    12237    66941     4288   -67359    34757    24797  -135928  -117518    -1809   -11174    36478   -51672   -50412    61587   -18538    12998    27645   118273    27449    20406    72108   -55925   -38819   -46498    -9498   -11262   -43130    80385   -56810 
  -29283    95171    37421    18185    64925    28367    65639   -56422   -76187     2087     3746   154972     9652  -125354   -78420   -76542   -41695   -53829    -2181  -107986    60914   -15031    15403   -45098     3215     4005  -165557   105179    80259   101447     6512    14587    41911    16295    20475   -49413   116375      797   -28465  -109054   -28241   -54061    62136   -66287    11688   124347   -73289    19387   166849    -8120   -34498   -16069     7689    52355    36300   -46226   -89293   -84370     8732      180    21311   -19587   -54276     8367     -181   -51043   -44778    97313   -34420    58594    48336    -6334     3330   -59668   119512    55473   -91540   152005    40162    79207    -8445    21078   -17243   -16727   -23818   -19055    82470    -2640    17090    22179    44886   -12990   -81724   -10491    76359   -32675   -73254   -58039    96539     6901   -10430    94464   118521   -57450    90418    14294   -11868   -16303    50305   -84310   -29492    51936   -97279    26743    20778    11492   113439   -74666    -4756   -32868    -5559    21094    43633    47354   -92242   -76151   -62447   -15977 
  -38819   -32621    20903    19504   -44985   -12057   -72966    13988    91300    67267   -28340   -73685     4755   -29862    58026    14132   -62881   -49857    27896   -17494   137366    77016    47196    -8504   -30193   -33826    32807    -9646   -37315    48437    36523   -58408   -22600    63546    97804   -44944   -42381   -18276    38088    62750    99303    26607    13337   -14786    17387    51427    -9333   160054   -95079    44840     4115     5831   -56544   -56070   -60348    19071   -32572   -52113   -52939   -20831   -75769    20056    43367      775    58788   -25425    81255     3585   -21525   -32236  -121435    -3312    55965    49378    19318    94868   -67874    43872    81326   126889   -10652    85917     9272  -117633   -16124    -1960    52817    41880    48136    69798   -22481  -135049    18619   -14061   -33766   -12427    75116   -38152    61130  -111363   -92198   141343  -105817    18046    31005     9811    -6354    14826    43604    71266    96516    20899   -42399   -33586   -86060    78244   -61258   -15639    27864      421    -3148    75231   -41427    63860   -41652    -2113   -44164   -27246 
   96672   124425    22396    -7459  -120227   -90460   -37344    -1725   -19379  -109977    86599   -31205    41935   -92570   -61852    63722   -11444    11818    27193    52631   -83326   -41489   -41885    78775    64827   105874    72859    33640   -42130    32373   122779   -81894   -25087   -23751    73944    -9699    -1968    90186   -11455    59315   -68871   -40459     1976    -9411   -22129   -24420   147690   -50287   -27258   -28562    91179    79899    43998    89820  -115674    59279   -20571    15968  -129936   -81339    71486    22204    34218   -65185    26229     1280   -86380    69249    48590     5495    47876   -29715    62804   -18715    80211    25677   -14017   -87388   -70995    18556    -1996    69750    16559   133665    86614    63801   -64237    18549   -30711  -133937    17439    60509   -13679   -50140   124525    21259   -39092    69173   -82767   116918    39017   -87468   -51343    53860     7335    11473    35558  -115520    75840   100402   -65948   -83126    16130   -73086   -42732    -8062   -23670   -35050    -6387   -41396    22494    31895    16725   -62299   -60418   -58660   -39030   -65481 
  -55528  -102431   -46572   -43255   -80738   -83161   -87688   230384   -81016    23216   -30206   -91340    42182    -7525   -19264   -48400  -105441   -64134    90547     6709   -18530   -40770    81894   -58646   -99214    23580   -13231    29961   -25565   -42498     8539    56234    -5125   -88635   -29773      594    16289    94364   -11823     2544   -27734    40695     3293    -8092    41093    -2051  -123784     7354    77413  -102263    38726    81954    -9032    59043   -96739   -87063    -5987     1133  -100682    33124    15373    25940   -69870    56899   -30894     6726     3886   -10447  -100512    32843   -66569    -2743    43726  -116436    -1751    81178    39984  -145728   -25171    96068    -1475    24659   -68692   -14960    11132    48186   -73550    17793    75080    55056   -69020  -126512    86436    38873   -21381    -9257   -19556    70328    65148   -79190   -10686    14499   -92905    68873     2082    80955    58668    20754   -26615    63438   -39842    -7819     9647    54228    -5685   -30632   135323   -39124   165373   -81182   -28242    38196    33846    97280    73000   -93423  -100629   -45140 
   25749    67359   -79364    88246   166368   -85630   131916  -121050   -72294    36373    83614   -32797   -42119    66655    -4341    -2977  -103728    37654    96804   -49105   200538   -72784   -40083    75436    39207    26008   -91658    -9945   -61832   179443    32371   -63633    32386   -68322   -58261    48239   102757   -34314    54281   -77390   -30214    11957   -74597   -82305   -28399    76238    33548    26545    18732    -3583    76309     2553   -23651    22919    65241   -65922    51870    34738    55460    29416   -64073  -138740    -1715    -1393   -19483   -82916      682    62766   -90461   -17078    73620    65931   -14775     5265   -51736   -28510    56585   101705    24401   -89116    54422   -21723   -11451    51151   -55264  -106176     9884    46101    81551     3067     1166   -89697   -36853       63   -93695    16948    37595    43327   -59297    23124    25650    80681    19744     5951    23519   -19582    -3052   -16465    22174   -19131   -26473    44058   -38743    35199    61652   -40036    -5698    23040   -71275   -55513    53957    54761    23616   -22248   -38976    46437    34419  -134576 
  108395    46464   -16623   -13408   -92359   -41864   -31712    67328    30773   -48906   -45527   215365   134388   -42108   -67345     2407    28507  -120677   -23250    68799    20500    -5538   -39020    37807   -58624   -52626    84057    72858   -99730   -32506  -113337    20576   -36060    75438    67609   -47015   129780   -53580   -65174   110454    32540     5997   -15372  -118924   -48715     6367    39774    -6892    82211   -23992   -13532    14727   -20448   -35165   -66300   -28032    15080   -84358   -33806   -80642    52067    10454   -19985   -18255    55840   -21012    16507    29848    32614   -37184   -16153   -21236    51648    63508    88136    74353   -31102     2545    21298    13260   -27020    42328   -41036     1835   -11982     1197   -44484   -10440    46340    85455   -53742   115369   -96170   -76706     3694    77752   -84853    -6670   138210   129616   -40092   -50750     5526    36605   -14289    -1979    36436   -98106    59406    57409    95470    30827   106508   -47422    43848    43732    43807   -69509    50945   -15837    48963   -16632   -39695     2982   -69194   -31379    15095    11330 
   56569    33535   -21476    -9530   -51999   -64463   -61023   -13325   -78371    13900    13974   -48178   -12993   -78131    15904    65139   -37322    36807    12055   -22120   -35188   -36699    23646    69079   -49141   112898     5076    21554    73980   148467    23026   -27620   138269   105193   -38460   -97713    99719   -71172   -63966  -115256     3415   -99006    76096   -79313   -33877    78062    40323    58485   -15815   -22168    13700    76907   -58929     4618   -86084  -158631     7986    18522   -20142    22896    39266     -549   -85015    -3167   -29936    63522   -50728   -74360   -98482    59674    -8391    30640    -6154   -77712   -41884   -37547    47630    94310  -141363   106522   -62605     6543     -229   -88088    22724    30859    38945    27564   -42986   -17947    -7364    64857   -65270   -53439   -17477    20584    -1078   -29889   -36118    22197    47611    39899   -39602   -13318   102078   -71780     3779    -8506    36644    12951   -65013    39152   -82645    29302   -49799    73042    80110   -69876  -100351   -66325    66040   -12573   -20941     5237    33014   -30106    39254    26438 
   -9296   -19210   -36988    20485    27342    85167    38953    38079   -62753    86165   -68657    49364     6339    55153   -48059    19481     7559   -58690   -31559    41906   -89997   -91886    -1983     7087     9410    -1543   -47209   -18974    46520   -74683    42549    83174    76420     1345    57030   -10809     6461    85846     2851    90980   -13124   -83423    70825   -56998    90270   -13010    15796    41818   176822    43148   -54165    65918    13509   -24168    50540    -8270   -92123    22457   -17971   -24050    84035    76272    13076    35953   -38123    16946    -8089    13210   -56593    12355    25696   107445   -64238    18375    18971    14583    63725    -2303   -72058     8705    16221    73982    21541    -7344   -43301    16081   -35872    -4797    42001     4345    33631   -30844    37803      837    44136   -59597   -51562   -43603   101578    67116   -95761   -85235    33988   -19290    42928   -13084    55635    69898   -38388     4028   -57361    35864   -10869    61428   -31428    27480   146673    -2510    88573    21433   -33316   -17845     3689    61166   -67594   -32514  -126972    13473 
  113759   -74582   -56083    37910    -2662    -7275   -13122   -50192    40656     5230    -3829   109938  -122972    78612   -73285   -32868    33529   -50230    45905    41969   -87018    11317    32035    51032  -185914    13405   -79159    48382     7034     3906   -71105    21205    -5074    67732    22395    34867   137141   -51833   -26881    11372    16345   -33021    62775   -82178  -103104   -92242    90308    84842   -52801   -53925   149332    66416     8275    87585    -1916   -27786    37916    38823    12344   -66010   -60668   -53526   -31330    91827   -53473     9930     5489   -10260    49386    -3654   -69339   -49288    40066     3126   -45893    50645    -4746    78182   117984   115853    39081    92483    46079   -11456    81613     1171    38521    83768  -119959   122573    74746    27700   -34352   -24148   -12351    53339    -5499     6614   110877    -3985   114590  -115924    18240     2617   -37804    60797    44612   106000   -12939   -47669    22869   -31686   -10582  -100829   -15596    41141    17208    49541    10219   -39040     2282   -92606   -77376    -5523    18542   -71464    42253    34995 
   47397   -50085    28578    -3570    45038   -78973  -113794    17323    57670   107866   -11290    77871     -411    83397    71604    78506   -36390    46882    19718    32726    64136    13196    11110   122629    67026   -43902    27732   -33999   -21548    50776    20456   -36533   -33693    17547   140880  -101575    11464    31069   -94369   -12232     5930   -10196    10247   -39034   -92252   -80910    79496   -50599   -15304   -14350     3716   134347  -104315  -165738   -85548    24559   -87774    80828    23366   -48467   -45652   -52820   -33496   -67504    21010   156918    17721    48028  -110834   -35856    12259    69374    22040   -80086   -49210    67709   -47919    61672   -25729    38406   -29134    12284    49161   -57761     -704    78816   139909   -99075   -43802   -53409    74242   -33973   -95005   -39385    -6907    30944    17070   -23240    66853    43977    37065    12017   -23381   -47014    17983   -31157    44831   -28109    -7381    45034    -9894   -77441   -16129   -55054   -62034    98527     8364   -70303   -21293  -107617    81643   -54766    19307    11137    44496   -74040    32850      -12 
   36563   -57310    18799   -21525    21058   -75709   -77907    10675     1342    11258   -40191    28457  -130798   -53327   -33405    86260   -42922    13533  -106233   -31767    15184   160105   -12199    15552   -30719   -43486   -39962    45115    65775    38051   -40316     6998    82742    23106     9076   -79112    29585    12253    35693   -44720    92011   145778    58207    34233   -61017    25339   107085   -26513   -73693   -75746  -111522    -6174     -703    36520     9905  -137520    63724   -57071   -44283    24934   -79379    20853    35246   103452    42541    35375   -22687   -39899    89221   -32952    50641  -105351   -26666    47535    -7398     1521   -57427    62634   -10412    40080   -21463  -121598     9527  -106961    91831    -8197   -37971    53067   -26348   -47752    39897     2556  -102213  -148059  -135165     -820    32053  -139337    37482    10783     5109     -528    17553   -15095    72755   -15799    48008    22245   -48809    62656     3630    -6643    -9037    85259    -5412   -40094    45275   -83063    39984     4058    72109   -24937   -69927   -17490    13374    65339   -31178    68193 
  -73903    64260    15526  -139308  -166695    -4131  -119036    12487   133621    83995    -6295   -75258  -107665   -51899   -28621     1171    35244   -74622   -27190   -22283   -17676   -59944    32503    38681    34581   -50398    40281   -66853      490   -66316   -58093    39398    56137    60937    97271   -89847    18807    77745  -132402   -36222   113075   119524     6225    99032   -15105   -50033    51764    -9605   -23112   -36178   -69149  -103121   -90151    17216    59007   -22698   162199   -61042   108254    84483   -66563  -105811   154406   -94418    50345    39628   -39566   -48912    12708    98559   191264    15661   -75602     2613   110946    59937   -46102    65554   168895    33838   -50636    41111     7933    -5275   -51012   -36293   162271    59563     5418     1300   -12131    80922    93449   -45916    15378   -78951   195102    60620    84373    12437    43104    -6486    32821    11767    82153    61881    22881    73726   -74999   -64741  -123546   -44240   -99258   -16671  -115427    92097   -77591    28447   -84335    16553    93226    48444     7744   -85103   -69349   -57566   109261   -45825 
   13226   -96001    90880   -56014   -54089   -64136     6650   -15805  -120301    12407   -30254   118909   -62100   -94631    41276    84850   -13140   -81329   -44865    33343    93723    93225     9922   124053     2882    65239    12348    62604   -15593    48334   -50415    50502    59359   111023    21783   -59333   -37190    -5774   -48863    46731    -1718   -30174   148364   -41317   -26007    75669   135932   -16926   -34822    43559    46296   -55449    -7675   -30173    98003     1051     3012  -112976    -1395   -10018    46094   -76758   -57746    19003   -16688   -23461   -91140   -17147    59077    32886   -62448    -1720   -32450    -1741    83461    57878     5501   -76284    18085    43113    30655   100989    18677   -37266    50579   -58899    62001   -16839    37982    92446   -22692   -31948    -5327    -7560   -23171    37384   -13177   -51106    -3455  -106424    26990   123508     6166    64624    32320    57478   -24182    13616    35101   -43534    56413    23892  -161682   -28228  -127157    13980  -103506    75738     7603   -57904    11041    53761     8840   -45602   -58381   -20204    55928    34913 
  -61727   -31264    -4772    50287    73977     6589    -9726    -3005    70116    91164    -9669    51956    35410    48569    11073   -23409    71405   -88079     7954   -79052    80376   -39647    53888    -7412    50230    52215    17052    63502   -33414    47693    41954    -3118  -118070   -17391    42866   -57235    46671    65043    61008    95270    12968   -46124    77043   -30279    16655   -56379   -25370   -69066    64150    84900   -18193   -43531    11870    59002   -45643   -11749   -63636    21315     6118     5054    33098     1095   -80778   -10987     6385   -59407     6343    80923   -66606     4682   -16975    -4411    67771     2787   102419    17446    26421   -34891    38328   -40203    14561    -4307    -7950    39417    33189    40269   -81029  -133351   -11609   -96703   130132     4361   107688   151660   -12350   -21535     1920    25296    53734    -5279   -17023    72690  -122120    47077   -12996    77259   -38931    50731     4085   113806     8038  -131048    -3633   -15585   -68128   117303    13739    71199    49040    37798   139342    82665    52020   -38931   -63545    43343   -40273   -99463 
   -2219   -43283     5011   -35595    50812   -20538   -15161   -73212    44377    40043   -33958   -47727    -4072   -70167    13248   134567   104331   133493   -49259  -101068   -33330     8003    70493    34563    -6849    52760    51229   -45522   -79621   113450   -34806   -30630    90691   -24558    -2985    46318  -130518   -13693     4397    -3036    71694   -83472   -21404    91354   -85538    23538    28169    46997    -1837   -93603   -77461  -152471    47811    25783    61828    17716    62163    40762    60502    65599   -92269    71065   -11830   -45345    11819   -60591    -1510    48866    82350   -31922     1558    -5560   -28956    34800    73431    23575    30001   -49354    38837   -23395   -82868    52466   105647   -29050   -42487   -64795    96838   -81778     6062   110178     1820    18061    -4379   -82709     3965   -92475     9071    17445   -54887    19058    -1527    10620    19181   -39462    33131   -39103  -168674   106478   -50137   -81969   -21305    26080    80298     7626   -36929   -83027    16284   -19012   -56528   135209    88342   -28761   -17620   -45281   -68179   114064     3470    78372 
  -10131    71338   -64411    35720  -108298    17415     9833    68303    50218    20201   -76874   -82943    87980    33312     -795   -90327   -24301    59034   -48832   -67789     -379    50674    57272   -63419   -38731   -93641    -4668    13019   -45899  -121784    13178    -7177   -83699    30873   -82130     3229   105909    46726    81698    44220     -534   109386    -9571   -30241    75999  -108925    -4467    47124   -11309   -54643    71453    64807    63328    -2138   -57203    13807   -79494    36359    28444     3578    82490    29402   -42863    50215    21990    13233   -59121   -30076   -39689  -111731   -39684   -42642    33569   -45774   -21610   104837   -31939  -106394    33470    91372    49219    42398    83171    52594    19161    -8017    10105    85881    28201    10824   -76910   -44742   -13585    40208    46100   -14500   -15293    48667    11738   -48095    23507     3987   -40458   -26268     3507  -152782    18748    -2860    37987   107266    63321  -183240    69289    -3855    -6165   -16889    34849     1410    -4524    31594    21388    73765   -96821     8204    43301    19686     6260    90514 
  -15172   -52339    15515   -12056   -37675    52811  -135133    -1437    55227   -17150    -3150   -15988   -21301    -9663   -73578   -98792   -57707   -66227    32413    68379    -4461    48459   -93524   -92116     2366   -22293    26968   -28596    53671   -53220   -32966   -30897    44730    75372    72518   -29730   -38147   -68906    -8951    25712    40240    47306   -53327    54077   -22882    81403  -133193    24746    29526    18601   -62911    -6491   -85890   -26534   -59433   -52293    77159    21927     3865    -1771   -45452   138363     7538    38932  -123651    82880    21759   -44583    89646    57026    30218    64638     2673    86490    -1377    69290    82742    -5578   -66536    16714    -2612   -95083   -64060   -61634   -21550    86666   -95164   -28701    32303    24381   -31482   -13013    -8591     2554   -27244   -24470    17938  -150123   -13403   -54857   -82677   -45331    30417    31626    -4212    91204    28581   -22510   -67907    -5369    77304    58258    44821   -61972    28467   -61765    -1719   -15334    76460   -91092   -95246   -17297    24779   -50052   102517    64968     6136    37825 
  102767   -93518    86189    74356   -10593   -64245    -2414    78941   -71952   -68505    68087   121709   -86104    60400    33558   -67683   106865    42249  -114994    86601    73083    69876   -50580     9597   -19313  -162914    71911  -142846   179908   -71933    45462    29827   -16590    45155   134845   -10069   -26030   -50191    -9972    40259    23198    74413    68909   165308    27349   -38796    51461  -106894   -70956   -16198   126626    50908    21938   -92040    22945   100396    22926   -28340    10999   -60622    17531    -7605    40391  -123491     9986    27871    16509    60958    98769   104569    43685   -20356    12347   -16331    32237   -10404   -10987    -5488   122590    -6367    65589   -89623    43840    50903     3510    36446   -47667   135968   -87751     -458    24791   -24338    -9329    53370    41980   -32864    33927   -38902    20986    46599   -26231   -15511     9893  -106259   -95193   -11587    44178   -42724    10941    -8405   -51889   -66697    92662  -106883   -40562    13910  -116431   -29976    20809   -18804    14372   -17921   -18088  -142144     7657   -24439   -32220    78706 
  130201    84613   -13957     -116    48939   -10808    23752    73085   -84955   -20037   -42810    54744    13472   -27568     4493    45267   -21637     3420    54024   -19183    66511   -38771   -65535   -42009    -9077   -61892     9944   -56900   -11781   -71890    16892    -9032   -69059   -13922    34262   -33143    38503   -19413   -10902    91364    24688   -88936     5649    90194    20106   -87743   105309    -2622    46768   -54620   -10191      277    20320    12891    22539   124730   -32022    -6459    65389   -13867    -4621   -13942    66283   -18462    14926    13572   115503   117323    -5519    16742    41211  -103057    57764    35583    16491     -185   -30560    47052   -77874   -64494  -103558    -8286    31789   -68040   -24000   -41046   -34891    -5784   -30702   -79441    93179    76343    90550    53664   -74777     3181    26969   -15387   -62811   122939   -16933   -60876   -25564    79298   -76022   103075   -43543   -17422   170802    27332   -62350   -64585    28429    10468    33614    -9063  -172864   -15764    51614    63001    34192   -74368   -28070   -47810   -39041   -27544    52554   -37577 
   55404    -1044    51241    19485    34273    -6701    68489    16116   -37202  -109327     1604   123910   -58515   161187   -11038    92864    45750   -33038     8004   -32295    45812   -14936   -37403   -65115   166754   -53243    57732   -13567    82416   -13809   -13591    -7340     3357   -11489   -78004   -96910    -8923    37604  -122702   -19433  -172577    -7375    -7693    -2270    23044    29181  -122425     8430    -2569    12413   -78565    86381    23741  -119863    78839    -2811    50694     5769   -18883    -1317    22886    -3129    17961   -53838    22247   -54215    47865    -4133    -4587    19505    14113    56151   -32751    -1508   -69116   -88447  -107356    54300    21986    -4513   -11991  -102615   -26713    51553  -112905    74776   101773  -127784    79927    34253   -77588     5912   -33888   140797    75959   -77150    33957  -112381   -27725   -36645   -24899    70625    95712    -8266    16730   -52201   -44787    37787  -104214   -44189   -84043   -14815   -12020     1610    39251    59106   -64068    -9541  -156031    94881    -3863   -85428    97427    -9770   -12315   122903   -86945   -14266 
  -30896    16181   -35771   -69436   -34338   -51772   140089    98084  -180422    49241    27246    68285   -71106   -90950     -747    76530     -614   -38741    47569    93970   -38496   -27433   151848   -10292   -11037     2526    48203     -990    12697     8553    82663    16838   -71890    36067    -9855   -30548   -32286    -5367    19895      779    21747   -21470    38511    42935   -11292    -5371   -29928   -68166    83108   -79824    38796    13134   -38605   -28717   101871   -18466     5247    65102   -76461    43491    -2986   -59102   148422    44067   -12529   162541   -37722   -32378     8790    48752    37403   -17830   -54826    35816    11312    26497    61420    19483    58686    39701   -39813   -81045   -69989   -24677   -50449  -122819   -25282    15516   -11186   -67692   -30020    11329    28023   -14440   -50598   -88408     1094   -36011    35669    29906    11522   -17170    16499   -11592     1196    37108   122150    32694    -1747    38966    71690   -15338    43675   -85534    10912     4503   -50827    21933    94487   -55836  -102685    25635   -10819   124397    -2232   -62071   -49310  -121646 
 -102760    38909   -68624   -89728    -9395    -5257   -82079   -60315     6917   -47341   -28913    52052   -49120   -61439  -104417    60980   -16463    57688    47204   -41753    28332    32102   -54317   139279   -48561    39158    -7377   132316    -8324    59015   -32375     4277   106751    31774    28245  -100051   -32629   -22743  -103807     1700   -14781   -32281    50444    52507    36096   -47294   -29805    10519   -75073   -45426    -7278   -19746     8679   -92056    -9073    65030   -14103    31018   -71104    32823   -17162  -110574    52501    19154   -19011  -104159    65441   -33561     5602    48584   -98353   -35446    41569    58119    -9687   -64614    -1782   -56881   129868    -5428    26083    16938  -142827     1238   -33804    46020   -10644   -70379    79861  -121616   -73771   -61221   -21702    15305    76778   -77230    12163    22147   126878   -78216   -74286   -72053  -131422    54712    58683   -59596    62082    27703   -79521   -81574   -34876     1664    62881  -142643    19074    28204   -87349    76910    26737    94683    -2122  -107469    31656   -23392    76598    60877    87320    25791 
   54809     6089   -25449  -106718  -140216   -24351    34741  -116940    67675   -50700   -60198  -204295    -8850    64650   -19396   -20474    94525    80050    12336   -61013   -70741   -57551   -81701    97977   -12971   -29107     -320    56769   -16402   -23029    31807   -52187   -92734  -170751   -63598   118587   -28428   196682   -91678   -16550    23159   159836  -104097    27457     -190   -71657   -45624  -133224   -61332   -59333   129331   -26632   -37069     6019    90844    23930   -38337   -89286   -34593    27460   115407   -83413   -36009   -68689   122826    35856   -68456    19550    -7554   -38211    38787    21794   100369    -5381    77276   -90184    81834    25659    90247   -62283    34298    23409    24099    -1064   -40416    33160    22184   -25299   -38055   -10315   -24659    32864   -34725    32946   -97805   140098    59258   133924    11987    49183     8681   -31115  -123469   153868   -44027   -48220    77981  -101268   -52178    47754   -60342  -109145   -43157    48965   -42869    17065   -36735   126513    25186    36930    94770    78325    -7523   -13522   -21501    71840    61628   -47897 
     744    10035    -2245    26743    28812    86983   -25826    11060     7214   -76474    14863    11379    61777   -45678    37111    61053   -21401    42995     8812   -94319    37736    32225  -123701    48052    20046   -71060    17746   -26021   -12972    -4665   -48131    66321    38357   -32227   -52216    74137    60919    25878    10344    35131    52917   135125   -42695    30619     4193   -62189    16931    -5892   -39986    32755   -80755   -24343    21943   -49834   -70755    38763    -2119   -37954   -32121   -66099    47687   -45976    55027   -40060     8541   -18160   -22462   -54649   -86405   -49019    25694    -1227   -67074   -26522   -37661   -68693  -217475     8865    -8848    40914    52022   -25543   -11058    -5540    -9504   -25140   -36920     6957   -58607   -38802   -58976   -42073    -2290    10150   -16559   -66713    39556    -4200     6429   -62019   -34917   131878    29538   -36271   -10593   -45166     3359   -14354   -24805   -32300     4415    33539   -40911    31722   -32983    32685    20585    47001   -40265    28062    75546    36209    20702   -12230     6799    94909   -74515   -12831 
  -34074    27388     -404   -10474   -83949    20054    85975   -16875  -102069    31607  -115175    56886    12908   -30029    84078   -74022   -61108   -43742   109184    12226   123340   101147    16739    86297    31917   137874    43590    59085   -32100   -13738    37643    12602   -44110    34430   -36850   130353  -104223   -31286    -3355   -94236   -33324    -2949   -25874   -39945    -7078    -6428    14208   118580    41712    23670    54319  -136775    69560   -89856  -147906    38542   -38958    30123   -90646    -5019    46152   -49322   -59571   -48946   -10256    63529   -28062    31012   -52596   -58661   -91050   -49545   -87665    50739   -48005     1688     5158     4454   -57788   -20370   -74827    61615    62155    -5951   -36857   -92231   -84671    24686   144643     1923   -38368   -26826   -85961    -5412    53247   101774   -79931    60242   -72533   -70934   -82752   -55657   106861    88591   -10021    -5915   -25013    26102    28102     6547   112675  -117162     2462    -3084   -30014   -34024   -49546    22034     2003    58888   -26633    76697   -22776   -33634    60131  -112586   -43006    37669 
  -64579    -1131   -25244    74338    63598    23691   -14679   -36869    92026    25211    87880   -43020   134698    35083    77459   -41465   -21527   118083   -50159    46661   -55854   -77430   -95693     2764    69170   -22124    12776    26554    54307     2161  -106691     6204  -113367   -17417    39612   138199    96068    54915   -66862   -43488   -97804    52957  -169504   -27831     7471    58913     1948   -52080    22751   -33000   -32696   124156    78980       74    18758   -49177    -2690    50512   -55989  -120633    53529    -6761   -34454   -73371   -31757   -43424  -152960    23831   -56953   -36661     5461   -50577   -42583   -32500   -73532    27059   -64085   -36427  -160384   -37848     7453  -103903   -30054   -46996   -61866   119043     4159   -79715    55800    -6464    -2124    28422   -62303    34532   -15641   -11597   -44656    47938   -69322    -4098   114863    51508    -2815    -3187   -38367    64533   -11995    24616    26153   -47386   -43958   -76841    -2259    67902    15468     5632   144383   117772    24812    16971    -2123    41818     2960   -97720   -93923    58469   -36365   -37675 
  -42660    54607   219568    -9195    30547     4824      872   -80966   -28104   -38775     6536   -30101   103997  -115961   -16362   -58223    68031    12895  -169957   106131    34701   -71162   140812   -25925    19398   -18296  -121998   -80959    88903    16348   -70792   -11791    64611    31419   -90369     2872    41821   -32121    73265   -93848    22590    -8654   -11061    88883   -10083   -47818   -47387   -79776   -56331    23285    62947    33600   -49617    68199    -2464   -16033   -68814   -73616    94085     8835   125118   -40588   -76135     9210   107532    93872    86597   -58783    25414    72702   102376    53553    36606    36715    31048    11530   -32300   101095    -3271    91075   -43074    10073    43703      192     2678  -122949    32851   -87490    67242   -23777    94917    10921     9552   -58782   -20946    82260    29635     1260  -103715   -30824   -42410    32170    82214     3215     1067    76612   -42281    35292    92398   -93571    92929   175854   -72374   -46634   -80410     -487     2799     1188   105105  -202561   -65859    62170   127989    25969   -11743   -49884    93177    51218 
   25213    -6505   -31785   109823   181519    60116   -37453    14215    12285  -129473    78488   -41209   175191    30242    56312   -64882   -93242    69750    47519   -65565    55139  -127019   -20901   -15462    53367   -79263   -36551    -9697    66208   -36039   110855    20058   -27956    -6701   -69841    73944    79230   -69413    34637    35625   -45045    29037   -13828     9694  -115722  -180347    -7219    64361   -85176      936   123603    32925   -16787    37894   -64768    69385   -82593    30654    38826   -81197     9308   -63538    15908    -4300    40865   -45559    20948    26360   -36446   -53925   103333     2902    35025  -119430   -79310   -29124    27904    46632  -104592    50350    36651   -23947    -7369   168145    36151    54864   -28786   -17139     4462    65436   -37094    33959   -65760   -10627     5291   -28004   -37336    70630   -23033    80771    79865  -185485    45417  -102920   -40589    13852   -27471   -39776     1732    69354    10468    16082   102866   -51842   -27664   -28970    37011   -40184    86365   -19064    29576    30869    22484    89301    22882    71009    -3787  -169214 
  -11293    55921    52051    49015    -1255   -33972    39941     3092    81300    62051   -20096    67441   -64541    34565     7630   -31441    75605   -24528   -63012     9952   -70479    62371   -36333   -85105    69858    25156   -38589    32288    76285   112944    83695   -84542    76696    17002    20508   -22698    26520   154552    74987   -33322     6248    43876    33099    16385   -17002    26931    36896   -23434    -1953    74274    65357   128339   -95727     2555   -59374   -37026   -16726    51998    34161    12468   -67015    -1331   -69628    -2263    60410   -44126   -79002   -44891   -48804   -49615   -10481   -46910   -72866     4995   -80661    41055    32181    63613     2853    73402   103431    19431    58203     6082   -68938     9427    42753    25093     3134  -102977   102528   -92597  -141873     4184   -52053    62114   -40715  -105776    14224    19161   -54392   145710    12580   -70110    16779   -70907    -8449   -25480    75333    62249   -24213    40573    20869   130146    40859    74824    69014  -158014   -96564    49610    -4810    53096  -103540    99657   -40217   -12567    57387   -62895 
  -31084   -65750   -41007  -118279   -37708    59269   -55400     9045    87072    66729    76550   -10314   -69678    34902   -34015  -131992    71230   -44449    86349  -119296     4966    77083   -35813    13020  -221023    18948    66011    61432  -100136   -51423     9376   -32325   -60784    19705    -9655   -76337    -6801   -20229   -40627    54974    43466   101241    25521  -108507   -45533    69177   -41098    35258   -39267    37772   -54205     2145   -57376    61592   -47000    -5142    79853   -15750    25076   -63934  -116065   -44229   -73960    61346     5969   -13744   -64782    43284    49474   -11622   -50744    35214   -39759    21731    95637    87113    76680   -73393    72310  -137796   -27130   -27507    61344    33903   111263    26764    51097    33466   -88287    -1421    13171   -23699   -64927   -34474  -109792     1056    -3899   -12106   -97074    12543   161256     9767  -109113    27985    87611    86354    37378    54508   -77638   -36495    53310   -75642   -12269    95872   -18757    59388   -61021    31867   -84240    75539    35786    92063    -7475    64472     5543     8876   -19328   -20265 
   19686     1170   -50701   -35905   -45650   -32557    65820   -47636   -72220   -42909   -49064   -24322    73587     8603    -8734    28293    -2490   -83069    51742   -53762   -26692   -38979   -49711    62909    -6563   117760    27134    19671   -52533    -1716    22327     4866   149085    17636     7266    40651   -26276   -25118    16500    39317   -68732   -65627   -64236    75360   -93290   -19263     6261  -111600     4536   -32774    56873    23168    -8799    84184    84587   -38051    54022  -109571    17423    53214   -16390   -48430    59813   -88048   -33512   111118    37313    76438   -26054    82677   147839   125584   -26162   -75888    38551    51125    75878    16263    80298   -57346    -1479   -39108   151819    11911   -21564   -48248  -100108  -111313   -19801    -9748   -26418    22888    93643    10012   -26369    17161    80302     6644    24544    61700    42494   -48303    -1953    63567   -55908    63286   -25978    -9209   -69863   -75391    88784   -90136   -50443   -76332    -6380     -889    60582    75969    82425   -52147    25991   134581   -69671    -2471    48469    -4826   -14803   -63289 
   46738   -21010    77749    -3128   -12174   -84530    14986    50586     9392    -1893    13790    83638    38944    24601   -55061   -56621   -47302   -41711   -53588    45278   -61961    -5206    -9242    21438    29437   -77572   -82247    37952    71480    13744   -51346    26652    49137    97026   -77356   -66839    37598   -27555    42060   -98993    40225   -80013   -72019    66466   -70412    75638     2585   -23095     9552   -16091   -29260   -81332    35330   -58638    56109     4959    19922    42972    12523    -5615    84437   -18644   -28886     1645   -40280    39553    51364    27950    90157    12309    49058    33370   -16793  -112740   -38634   -82337   -44284    19470   -46636   -43202   -45010  -108035   -13133    18585   -39023   -90920    32867    79992   -20893    19507   -45556    70821  -120456   -33988   -30249   -35771    20230   -31209   -47121    27893    94411   -37422    45398   -34021  -100281    16605   -24997      553   -60292   -90367    14883     8900    48490    52817   -55171   -28359    23757    77795   -51140   -27061   -25434   -35358    -5940    28459    -1720    61879    23214    10011 
  -63404    31764     5554    56866   111854     7750    18777   -20311    59795   -72584    12027    -2105    97399     8451    77052    31643    23843    10549   -68425    -5162    81588  -136427    15562   -36634    16093    40579   -39933   -13899   129414    14870    31638   -57062   -76136   -64291    64567   -38586   -99593  -129055   -12433     7758  -102204   -22651   -71451   135971   105102   -80853    17178    49125   -10688    23316   -20042    16308   146148   -46745   129557    -7506   -53027    20662    67103     9021   -62918    10405    -8546    38797   -28029   -41606   -13989    60165   -12130   -42042    -9039   -63069   -12126     8188    33842    53371   -70700   -30468   -25839   -57817    28897   -54897   -70047     6602   -25231   -33795    75688   -54171     1696   -16632   -76292    60651   -41571   -48447     -958    -5615    75595   -99748    59375   -46948   116826     2266   -40210    75302   -49478    52194   -12480    27703   -24428   -18456   -69288    81448    64285   -55577    23550   -53418   -15399    94795    -1553     2626    74124   -22611    33238   -24822    24017    79455    25462   110895 
  -40862    31858   119987    -8496     6287   -60536  -156331   101228    58864    18567     6073   -80722   -85389   -19542   -57410    61638   -33358   121658    -9306    22888    66296    -8005  -103606     4507   -51371    35443    78733  -136651     9800   100094   -44958    14925   -26374  -113058    67439   -32679   -63222    39121   -42370   226887    -4996    54212    21056   140543    70501    20200    46621   -35843    -9270   -92560    32439   -76072   -11480   -56538    21538    45402   -10747   -27087   -12976    -4765    59724    74682    57718    18696    68743  -135090    95201   -18682    76639  -100455   -36027    24046   -32948   -40799    48290    59533   -32885  -139928    37966   -52483    39820    80388   -34931    80603  -111116   -29045   -65578     3455    58555   -18861   -20138   -70419    79512   -38785    90376   -26978   -57630    66669     -415    43271   -63028    20711   -78832   -62869   -16876   -17162    38729   -74469     5201   145701   -19063   -56878    10339    21873    30715   -53588    26788    52602    91715    83274   -18391    47372   -42405    13899   -26093   -73388   -48493    21172 
   27607    39378   -16537    33258   -64554    35590   -29918   -40977    30533   -39716    56948    27105    55146      554  -110120    18244   -85039    45533   -72141   102518    63362    37024   -59112     -709   -36218  -140195   -26934    67394   -24440    12469   -95062   -50850     -827    45549   -10169    94100    76395   -60820   -52920   -37229    13831   -16095   -68537   115670    74195   117007    49838   -18628    -7027    61194   -37199    62502  -114297     5756   -11664   -61495     3808    99479  -140447    40221     -243    -5849   -22103    83711   -35175   -60708      849    38986     3251   -55322    92521    53214    30990     7584   -15139   -26299    -7100    62079    35429    90208   -97012   -58898   -35797   -94789   -23798    17228    28165    31043   -82494    60063    -7719    -2093   -99650    13910  -138404   -20917   -84030    -5031    -4147    42147   -68749    40244   -11584   -30341   -46128   -87334    32044  -135873   -64009     8808    -6288   -85318    59516    94781    -8609  -107064   -61211   124963   -76666   -18399   -24362   -77401    -2502   -27283   -28202    50534     9932    28252 
   89716     2370    64375    61362   -62703    46463   -47215   -95907     9493    28337    79183   -45417   -83268   -92478    54111    -3186    -9553    51596   -31595    58252    67292    13463   -42044     9147   -31683    45986    19194   -82241    13998   163743    79174  -137054   103800    46582   -35460    43546    -4436    57315     2709   -25002    25498   -65351   -12789    34717   -50771   -28561    45257   -36617   -62358   -18816   133125   -73516   -86088    24110   -11926   -64826   -42334    37902   -66631   -21618    57425     4187   -31090   -66061    18401   -12316    46835   -63502   -35772   -46500    14476    24888    14116    40634    49021    56021   -65896   -15193   -39263   -68567   136835    63846    65952   -39874   -33093     3639   -40404     8184    55792   -87005   -61485   -67786    -3237   -49568   -63818    33394     9826      325    23224    68657   -87381   -28574     8211    57505   -72498    26683   -13160   -12054    -4650    87794   105385    99897   -60861    15512    84605   -44516    33778    31657     5349    31267    69373    14848   -45902    17103   -54436    -9382   -66879   -33778 
   45460    19861   -35131    -5662   -13524   -21498     5425   -91837    47571     3341    40767   -52086   134852    39847    84821    25918   106557   -87109   -16215   -36102     7727   -38471    65172    53361    50460    36215   107592    25997     4350   -33692    55777    52328   -10115   -12905    41121    51169   -74284    11125      245   -73644   -24530    68462    79844    73588    28031   -91962    95760   -20949     9907   113140    70829   178596    70219   -23538   -29428      784    44842   -64844  -110165  -108293    39621    21234   -42689   -75595   -44164    67996   -62832   -55814    25828    74294   -50538   -71611   -14689    29875   -78014     1436    26981    -5644    11717    79285   105537   212021    18825   -56784   -63966    74859   -88666   -70488   -38972    59561   -46061    45900   -51684   -28815    87226    24607    39757   -90730   -57863    19860     2034   -27740    31162   105650   -88843   -80923   -73734     7607    53199   -24897   -46420    17634   -36220    49063  -122071    79286   -67484    46219   110349    15488    28468    -5425  -164031    30510    58337   -55665    42070    -5665 
   34359  -102839    -1006   -69992    -1705    48466    24493    30612   -36928   -24325   -28663    43624     7617    66542    -2065   105537    16375   -55847     1334    32582    17534     1634   -48071   -38839    91697   -63691    17143   -63498   -30413   -27979   -24393    80210   -47523   -41703    22758   -77108   -65037   -38640    29863   144510   -30849     7329   -51449    -8001      163   -13151    39966  -155040   -49758    39806   -76439   -23758   -12974   125668    68804   -55968     6681     4410    52685    40944   -49099    48523    56177    24090    74751    43427   -75073   -24389    86507    54846    41269   151653   -59061   -54334   -38599   -83141    54189   -55931     9720   -61809     2879   -96486    81935    10011   -28502    85921     8251   -60817    31493   -44968    57606     9148    60749    30211     3865    19002   -55552    33309   -55905    57220    73304   -48086    -4577   -83593   -49236   -63784    16438   -19600    37067   -65986  -133124    60937   -21830   130285   -13775   -32723    40209    -1442    70660     3122   -28508    -2334    42013    64694   -11423   -18495    17333   -82272 
   89565    67990     2270   -92140   -16083    -8977     6178    87445   107309   -81129    40080    -6271   -77081    29006     9626   -22927    30763    24980   152546    29669   -63506    48173    -1878    84807   -53433   163239    35796   -59479   -16591   -69858   -13639   -23310   -44878     4338    36329    43074    60415   -95550   -67567      501   -58604   -64496     1324   -72907   -12111    80811   -13971      152    35592  -104162    -6657   -10985  -153146     4210   -16513   -57952   133116    63837   -41941  -121653    67976   -38693   -69271  -141637   -31188    92411     -757    41119   -40607   -60388   -49592   -88131    27938    83826   -53176   -38876   -73645    23838   -49397   -73534    37607     7941    50641    49138    59806   -12784   -72835      345  -103882    -2635    34276    15974   -28266    32569   -40635   100135    11004    56489    52387    51955   114452  -106778   -43854   102841   -53151    66775    21181   -19677    27629    30302   -37356   -27782    26356     -701   -31525    52357    25573   -56431   -35848   211998    67017   -12284    79227   136015   130523    20454   -15191   -39396 
 -164871    10078   104965   -37687    84631   -58075    13810   -19130    63594    82522  -152258    25563     7899    78759   -14314   -79287    40556     7030    -2074    43171    58551    84094    59936     9512    44394     5309   -44356   -57625   -69736   -48632    89616   -75891   -44016    25266    63233   -84992   -20353     6876    36178    33085    52457    13074    78605  -108764   140292    -6072    66106    83009   -99529   104033    98330    58384    89716    16251    15183   -81408    15307    -8358   -45430    24148   -55403   -30124   -54527    23375    -1128     6997    -1132   -40885     4718   -11070   -50955    41950     1003   -27357   -15386   -66874    61122    -1133   -34728    15915    39098    76718   -18075    21488    51964    21443    52729    74897    39874    59260    24631   -22507   -97568    56984    -7392   116243    69601    -8871   -15710   -33503    -8742   -25408    67555   -14196    26620    48422    26563    60563    29689   -15860   -74119   106211    22524    -5398      511   -26964    15573   -13051    11382    16251    62067  -121451   103678    -7107    72872    64028    33302    84992 
   14418   -29500    54459   117390   121582    -7704   -12829     1368   -52243   -72652   -78527   -46266    18244   -12668    -4266    32668    -2078   100051    -1832  -125497     4508   -11756  -100580    51504      733    24266   -39167    -4310   103740   -33349   -31424    10593    36337    26494    70360   -50197    90757   -44843   -51445   -33893   -51406   -54878    27234    58627  -143225    41906    48078    21801   -79027   -65787    59507    76956    13936   -86040   -53943    -1436   -69942    72145   -56387   -40925    49636    37682    29368    12921   -57657   -75372   -54886   -50953     4916     -301    13343   -49496    70129   -43775   -65090  -127126   109635   -15038    23818   116534    68967  -150388    53806    25671   -27675     7537   -32085    21637   -52078    65283   -49310    -4979   -56898   -79592    52949    46505   -40246   -97107    24336   -25930   -14659     -826    29260  -109714    13578    -1218   -71243    73719  -128168    51171    32734   -20805      171   -67254     1063   -34030    61154    -6457   -94260   -29292   -11344   -45220     3993    21350    -8159     4702   -87666   -10811 
    2448    48859   -71430  -110962   -28479    74320     -125   -59341   -52524   -62236     8342    39968  -101458    81758   -35438    54366   -76378     4321    -9062   100857   -63033   -18834    68521   -38258   -27604     8123    96805   -35001   -43944    63046    39702    44742   -41712    -1964    30466    -4983   -98498    35883   -60853   -65620    50611   -27306    24134   -26475    52694    61163   -46334   114139   -52162    37210   -79105  -122241  -105986     6101    30416   -11289    45616   -44470   108460    22058   -13488   -89357   -54421   -19294    16288    10738    47191   -14372   -26292   -19087  -110256    38330  -109120   -78422    36410   -46353   -15931    33112    -6645  -140870   -19504   140395    82943     9105    15300   -59886    17072      411    63117    78484   -29073   -23063   -52309    82433    87294    26107    40939     3187   -23466    25472  -172770    26353    -2107    48328     9808   -31734    47500    14305    43964   -24904    31009    -1261   -50983    -5814   -26709   -19980   -65049  -115650   -54254    34415   -33539   -56662   -43130    45728    62531   -13938   -23352    27081 
  -66246    14538    95517   -16789    -7149    -3452   -17568   137308    22379    -7147    45723    88423    19767   -58709  -127577   -26167   -12099   -33753   -80872   -47848    20665    70907   -14895   -26715   -53380    64766    42306    48673   -13555    85043     2173   -57157    15399    43621    21411   -25102    58323   -58729   -16946    17775  -106076    18287    42307    41818    17657    85166  -136888   -32173    15607    29689   140436    25202    28578    84084    77708    35924   -51144  -101683   -34531    -8102    43978   -59376     -534    41511    81534   -58402  -110995  -118724    96647   -12339    14635     8297    70424   -84185    71974    13280   -47047   -39605    60935    22664    50927     5621   -41823   -18079   -10655  -118856    83099    22849    35917    50438   -17732    20935   -46338    37980   -84384    27756  -108652    49864    24708   -14766     2948    39533   -10969    46037    63284    22727    -2405  -130139    73429   121559   -29939    39755   -78632   -64044   -11085    72171   -23412    86608    55813    95634    66097    56474     3781    94644   -80807   -14168   -89946   -26871 
 -153249    86335    71242   -29106    80505    15082    43087  -105886    33710    27733   -46306    35935   -18342    16904   -96347    72954   -75965    72709    31816    48922    16317    20115   -45719   -49124   104791   100568    38497    46277   -17533    36106    56530    49947   -30807    73658    41369    30902     1375  -115222    41465    45768   -64620   -79243   -28070     7977   -91351     2539   -53380  -112153    78227    88046   -98874   -30567   -35504   -17737   -65472   -25492    60693    -6935    16040    64748     3380   -18934    11610   -15708    21186   -14269   -11891    21522   -24525  -120265   -10110     4939   -51791   -60124   -58099    72268   -45526      772    15393    -2699   -67554   -50679    16572    89867   119459   -53788   -13188   -49245    12805    -6031   -12949   -27323   -25940   -31733    73138   -22783     8156    76081   -51652   -20945     2705    -6167     4062   -49498   112387   -18448     7363   -55988   -16695     1340    98408    -9723    -4356    26106   -14593   -62977     3027   -27252   -17190    54336     1495    55389    51102    -5231    83214    -3132   -11045    11638 
  -18007   -80129  -106478   103722  -138388   -54474   -27457    16695    47664    -2494    38257  -114004   -58831    50832    -1892   -42662   -36708    51288   124550   -17159   -49357    43284    69314    -9833   -33582    13734    -5608    67755   -32975   -84903    71506    30018   -43041     8989    -9951    44754      305    30462  -107139    66939    -7985    70256   -86137   -99325   -24079   -34721   -74000    11749   -99884   -31238    45717   -16886    16821     7443   -22071   -40242   -38446   -52003   -43259    -7678   -72346    11987    10457    31067    11798    20125   -24576  -102651    11250    39858   -15530    51283   -35333   -73217     6179    31440   145503   -82281    34380    63578    26576    10652   -25480     5925     2428    94946  -129937    19936   -50819   -62238    26016    61510     5228    71942    79589    68518    91838     1522  -167133   -28751    88145  -126917   -80363  -100649   -60449   -74596   -15379   -40664    74279    60361     9198    78787    -9097  -170889    77456   -49815    28744   -87136    71898   -78799   -35769    43456   -83852    71336    98386  -110986   182451   -61638 
  -65314    15690    77173   -54491   -26305    92274   -95434   -75596   131167   -16771    52810   -45010     7524   128864   -63956   -17404   -23274    84547    72065   114032  -113009    69551     6771   -34614   -76862    31661     4439    56159   143101    -1754     5081    55533   -29925   -77262   -41391   -56677    38417   -90407    96027  -116115   -77871  -174825   -65016   -61644   -68227    37457   -52069    -7151   -69550    85094   -32436    47393  -131660   150118   -52464    16451    63957    -3668    91252     5169    51187    20554   -15087    50796    81232    21222    99216     1873    41941  -124647  -104787   -16532    27147   -39738    14172   -75752    -9924     3547    41780   -43847   -82803   -34925   -52517   -19645     5713   -17884   -40160   -99951    43641    29475    -2283  -101106   -14488   -30538     7325   109097   -20108    36329   -59387   -88177    39421  -129396    17659    -9872    65650    77040   153864    68108   -35103   -26589   157663   -25295   -75419    48033     7759   -35037     9849   -97747    -8222   -45950   -68108    46706    35565    52053   -17920    79881  -133935   -37777 
    1338   -39686    53696   -28749   -11870    19057   -35295   -11422   -19881   -96207    46582   100621  -151950  -110309   -23173   -83188   -13114    79636   -25986    75892   130407   115722   -45198   -18205   -82853   -32920   -79985   -12541    18201    62619   -15629    18400   117635   -92163    36030   -15049   -22976    -3308  -127550   108449    45109     8744    15086    78308    66380    37166   -61533   -85025  -140135    17061   -43629   -67787   -66039    44369    36696   -99111     2002    47302    67382   -65990   -82157     4353     1044    40047   -71876    -9814   -19032   -98680    56584     8290   -45164    54956   -83355   -25165    35222   -23149   -36528  -161042    53830    84508    -7785   -82530    33142    36675   -40645    98251   102603    -9421   -98216    -9782    12233   -18769    94408    34334    20697  -100013   -47855   -72767   -21796    73970    -7872     -868   -25705   -64251    30722    74997    47065    14392   -92950   -27272  -121829   151971    21288   -33518   -22637   -83488    91708    26314   -12227    78520    52622   -56629     6659   -23013   -14068    37082   160743    86353 
   51286    57614    59353   -50657    63842    40644   -49300    36182    96662    46084    -3551    -2827    75843   -49958   -32520  -102368     6138   -14313   -23429    27141    92196    11389   -62252   -21617    -8314     1121      502     5984    25308   -64239    45571   -56873    -2047   -38221     8775   -22051    11534   -97549    79142   -10721    67256   -14431   -60053   166271    61911   -87396    87779     6563  -132305   -14965    74095   115107    78239   105439   -43252   -38816    40238    13003    63330    20305    72032    59576    -8569    14186    52106    31084    70502    22807   -59651   -26913    57617   -20826    41272    20940   -31593   -58263    16872    74070     7199    67949  -108434   -27167   104828    10980  -113686   -62898     5214   -68314   -81420    40827    29771    17277    74953   -48472   -32731   100710   -52107   -22902   -71254   -42452   -41956    17754    69492    70035      110    83283   -39680   -23728    37717   -59437   -26592    44900    59126    30343  -117573    35914    75026    44121   130847   -44971    21016    98213   115327      602   -35929     1433    64490   -50103 
   82598   129350     2650   -33716  -108170    16021    74747   -32312    79805    62997   -36824   -17507   -62899   -47303   -65324   -54996   -17679   -94225    24941    79285    65107    22341   100890   -10120    73115   -23445   108193    -2589   -37661    17049   -27922    19779     8458   -29770   -42387   124622   -17459   -17889    23348    57720   -37542   -43128   -26449    37510    64566    11561   153723   -64851   -15910    -7101    -3919   119964  -157501    70619   -15683     1912    96161     6682   -41440     4495    15217     2921   -15044   -78791   -27307   115938   -11599   -30135   -26176   -47261    15001    48243   118173     -347  -108933    56035    36948   -84493   -15570    10771   -67357    87496    92369  -104483   -48393   -51604   -68047    40126   -18134   -42130   -12125    43631    37136    13105    97127    17447     6673    14408    53248   -19034  -130080    66174    56036     5475   -21539    32979    30770     5907    41741   -94497    -1187   -90113   -11190   -50392   -49655    -9485   -42848   -60712    -5738    19287   -50787   123434   -20331   -37520    65109   -80228    68801    28165 
   58304   119904    51739   -20981    57247    50300    85361   -77749   -70729    87987    35837   -96281   -29472    42463   -12553    20348    28179    47367   -32725    25597    12921   -75483    14149    -4291   -33344    56271    -5985   -25320      -29    23780    25988    96801    27549   -39070   -12172    44127    32103    -4636    79262    76172    13061    36382    52186   -15527    47775    23603    37207    75816    40216    67148  -141547    53750    82117     5495   -10140    15368   111738    95337    -8513   -67266     9105    96836     2973   -34911   -62663    42266   -34058    -8800    73323   -88556    14798     8581    31079    60079   -91787    64476   -26280   -18351   -29793    27038   -26350   -18880    -5873   -69365   134852   -43114    -2205    74371    29237     4284    90100    13498    67000   -44498   -50279   -59363   -50731    15545    58440  -107543     7016   -22570   -38789    35781    33623    85830   -38297    96448    -2178   -56359   -88188   -43916   -34180    -7501   -87783    52087   -39952   -22721   -60460    -5879   -12848    13839    22968  -121945    46554    17955    12518   107344 
   45350    64501    -6227    -4209   -42472   -74983     5149    28191   -29150   -58857    55706    19075     3952   -85312   -37541   -32524    13933   -64551   -44649   -39730    29220   -10740    70833  -156675    -6009    41065    72402   -33538  -130057    76911    69685  -197388    21642    34613     -817   -34534    -4596    21830   -17772    36150    18722   116976    10106    41181   -46134   -19520   -41461    15312   -31540   -25691    63486    68449   -24747    98339  -106592   -23171     5079    -7857   -86411    -6036    24177    46767    15088   -42263   -61987    16373    58879   -46814    38187   -46324   -43192   -80755   155316    49417    60121    46008   -40585    -8109    31218    32767    59887   111052   136871   -76621    90651    34986    -3107   -85733     3641    -1974   -13436    34724   -63499    20314   -67711   -66292    25000   -83197    23597     6670   -90012   160468  -108602   -11411   -33252    16377  -167047   -92281    55659    78143    59867   -44600     4930    55541   -24485      335    23165   -62257    24460    -2035   -14211   -34598  -105320    53620   -51537     7648    19164     3586 
   -4709   158911   -88458    52864    92027    31766   -44867    20426    19698    41996    58006    34914    29980    61855    26656   -56838    49807   -50622   -17580   -91120    63387   -32596    61820   -30664    87113   -21280   -30097    -3163    74670   113098    10212   -80773   -37130   -37545    96307   -33871    -8053    31709    10658   -29792  -180886   -35890   -44820   -54064    28088   -26701    39168    61473    66147   113489   -15832   197978     6386    10186   -64440   105054   -98226   -63093   116516   -37073    33034   -19203    26991   -19033    27450   -39767   -38867   107692   -71999   -92922   -60034  -124715    47615    11136    -6499    -7265  -103509    47777   -52770  -159603   166561    67753    94562   -59973   105859   -10812   -30718  -132040    32414   -28334    77086    30612   -36131   -43451   -13962    49233     7588   -81085    35175    32359   -48503   -12594     5405   -19165    87004    14534   -27717   -59102    62776    61656   -52329   -56407  -114074   -45708    58028   186702    23863  -148413   -26394    76663    53938    33361   -41595   -25344   -70440     2801   -82469    54252 
  -52240   -33844   -13681   -21656   -16384   -62101   -40109    -4877     5172  -139460  -155017    61470    84864   -10722   -41595   -32471     5652   -69527    22315   -69522   -73653   -64524    18908  -110908    26061   -72937   -63895   -79663     7392    51853   -34524    51661    35978    46326    13562   -32350    73807   -22265    55893     1815   -38086    18799    18817   -32197    -8714  -137033    39507   106465   -18576   -51787    61074    24066   164795   -47656   -45045   -58381   -49282    51995    29009   -50811   -28844    48485     1499     2023   132931   102632   -29514    41692   -17762    61707  -102916    18072   -41364   -39683   -57358   -11914   -96010    66357   -50123    56848    74112   -76200   -14301    89179    37357    32202    33160    25373    13244    16406   -36369    40261    56359    51837     7846   -70941   -40201     5268    50791   -21702   -21590   -28339   -10552    72955   -57935   108281   -42439   108622    64214   -43114    -8128    35805     1861    28627    60150    73979   -25953    38888   -16348    28422    19537    38371    -5438    36622    56912  -100254    -2432    -3803 
   81539   -43747   -34130     5348   -59414    67139    39443    31372   -26815   -48695    89222    11817    53055    -1973    36551    14988    -8326    -1983   -24153    61704    24703   -94643   -26208   -85526    53042    52049    19308    68048    71355   110060    92155   -19735     8203    85756    -8644   -73824   -60790      331   -63502    43200   -64880  -105799    46609   126259    95338    -5798   -92530   -40447   -98154    53698    57562   -94978    97067   115526    53088  -108996    -5488    79651    13946   -12470    47805   184146    72245   -19456     5842     8786    37433   -44951    46278   -46479  -105931   -35214   -22285   -18317    86353   -29557    72801  -102314    16576    62028    -5573    20931   115372    -7730     8260    17336    69944   -99832    25797   -54135   -19946   -38835    47815    73315    27251    84244     1181   -11909   -71924    43486    55859    33681  -180566    74842    65774    64244     7594   -17410    31519    62759   -63256    -2900   -72123   -55296    34438    78923    -1032    54237    67774    57194    30801   103768   -10925   145750   -79908   -11466   -31547   -34545 
  -47505    82567    23013    -7079   110867    53469   -26454     3960    31892   -70156   -93568   -51040    19200  -149375    -8336   -20644    41193   -58170   -27677    55946    98839   -49347    31394   -22611    -1626    47665     1860   -51314   -41033    35544    65898     6247    12543    89440    10094   -73104    19017     3396   -27881    71727   -66867   -21216   -14541    19434   -14754   -34099    31227    30471     3778    -3907     1491     1947   -10745    24363   -10721   -23557    -5733    32375    11183   -57637   -24336   -19328    17377    21039    28691    -5828   128819    12169   -64998    52319     7588   -81971    71939    -6023    -3124   -10060  -152542    70735   -14178    13308  -108480    14623   -10487   -23325   105130   -28547    25094  -103679   -60575   -46650   -76136   -14204   -17118   -25216     7566  -129369    68667    94664   -78461    28221    58891   -15244    57161   -28143   -60295   136436   -55199    31927     2098   -42043   -23035   -21241     5097    61139    63398   -34715   114493  -123990    -2837   -40469    25107   -59238    90130    57575    58559   -39884     9155   -41047 
   30462    30902     -815   106607     6801    49006   -39760    84883   121839   -99383    34498    -8619   -36171   -97512   -75476    -2031    41292    56797   -41511  -104624   -14308    62230   -47568    89283  -146720    97641    65650   138325   -55751   -90641  -142905    43479   -48936    19424    -6238    48416    16158   -73922   -47610    47065   -48093    33883    17578   -50965   -22871    70417    15453    65855    -4679   -63990    10449  -135066  -118382     1495    -3835    57757   -38631    54397    74734  -120576    64704    52153   -26084   -31726   -69589   -71154   -40096     5649    76277   -41373  -116547   -75708       63     8796     5468   -77092   -56094   -81756   100777   -99190    34061    76247    51523   -40456  -170510   -79122    -1577   -46591     9609    22100   -17127    17946     8940   -16708   -21282   -73828   -90825     2214    -1493   -41609   -24702     6660    78649   -72632   -31967   120805  -117022   144372    98107    29514    66219   -26973   -15075    65848   -66133    83656    42274   -52328    41649    40376     2285   -39812    26686   -13317     6118     1240    -5823   145530 
  -84453    86703    12058   -34325   -45097   115795      625    63472     5064   107860    33411    27133  -163000   -62357   -65208   -36628   -86543   -58385    73484    14364     6829    10662     5420   -97194   -25722   -57720   -85867    54528    46836   -58631   -11557    52827   -32056    -2598   -35665    81638   -53559   -88198    14216   -55563    65214   -46110    91771    25236    60986    85147   -46108    -1181   127252    52590   -99032   -73362    12837    -8967   111224   -63397    30647    64525    11559   129335   -15842    73632   -28819   -46864   -62066    10931    65339    -7760    63249   116786    12719    29166    17893   -76694    -8727    37864   -44563    86425    49414   -22459    -2061    -2689   -71318  -100003    40443  -112331    21430    77232    16815    44273   -17327    14378     7659     7976    98736     1739   -25519     2240    84890   -94191    -4613    61896    86466    19457   120599    47883   -13912   -38832   -86024    -7237   -50939   -10681   -16148   -23964   -35473    69547   -36180    14847    24029   -70467  -109626    17004    50536    20541    47142  -108098    56655    12321 
  -22102    87585   -29650    35395   -95662   -59107   -53293   117138   -71024    55022   -11259    -3823   -40673    14622   -31208   -37100   -25824    38830   -43844    65071    47568   -54902   -21716   -14731   -20813   -61242   -40644   -19598    29203    21008    35046   -40937   -73663   -15241   115255    57928    90690    30642  -145351    19763   -79860    45892    37999    41945    44309     7378    -2278    74662   -31163     3487   -45391   153921    31273   -35944   -39744   -87094    65978   174178   -47607    27476    29582    47842   -59355    15275    90662    16274   -21598    14877   -89928    52221   -52548   -58722    40574    -1186   -32938     7283   -91294    44643   -37248    55478    19798    25005   -15358   -10966   -74201   -13505   -51943    75409    -6805   -46542    -6747   -24127    26292    23662    17257    45371    -6927   -90543   -12258   -53759  -113056    32288   -23956   -27555   -26871   -31868   101982   -39910    48095    -6255    -7272   -85148    77009    16088   -28881    25296    35925   -40046    30378  -104224   -69894   -48142   102245    69843    27186   -55165   -19543    59482 
  -41244    25853     4660   -30887  -161547  -110723   -19262     1071  -159072    18422   -20716    26850   -32827    53214   124890    82240    21936   -38369   -18758    41616   -44404    34306   118699    82189   -62183    58352    55538   110846    48933   -51378   -36443    33302   -97876    13310   -24025    55998   -68971   -20257   -87184   -87021    55567   -34408   -83802    38377   -55350    46333   -99596   -37531   -74106   -53976     1618     5527   -77117     6970    54286   -87032    23596   -23185   -81002    90295   -14746  -138179   -50353    75829    35786    17215    24461     2207    50924    74151   118243     9222   -16116  -127484   -60630    98608   148057  -118558    70723    62978    20319   -22690   -67038   -17234   -41719   -17085    64934   -17086     7085    40942    13324    26471    21247    20489   -60881    75977    20598      360   121708   -17858    63070    -4557   -24265    50375   -60590    -8934   -32864    43372   -48881   128989   158221    35941    32226   -26450   -38013   -41757   -33465    42964   -82256   -39127   -75327  -102783    50739    78944   -20969    75300    -8872    31750 
    4502   -25242   -14850   133478  -119326   -53225    84298    14903   -55537   -43092  -107449   -60325     4831  -103740   102771  -159805   -76788    72361   -16809   -31331    86279    10474    77334   -23374   -62115    86389   -34113    55407    49415   -73570   117127   -10440    47223    66696   -49138    66588   -39209   -61348    56664   -78420    25334  -112546   -64604    54048    75508    50129   -15997    37735    13243    60691   -39508   -77496     9999    -7921   -24076   -38111    58184  -148117    20092    32296   -50709    32903   -14565    33979  -161787   -74532    30161   -72178    49748    30846    74983     5717   -70849    99302     1945    13675   -12315   -72866   -80553    77117   -57867    46335    53518  -109621    86124    13726   -40798    60620   -36658   -22757   -55765    30296   -53255   -86672    75257    26988    32061  -111230   -58475    10013   -38646   -75284  -150773    82815     1410    -4737   -11235   -74107    57572    28977    28154    90307    56697    28172    28741   -63758     -347   -98843   -35906    70631    50490   -62921   -67925   -11523   131491   -23227   111837    92532 
   19938   -36589    68019    20876   146075    94210    33065   -45479   116093   -17694    17733   -59889    93359    29958    -4513    24094   130427    53790    43885    56023   -60625    37241    18584    42259    -8192   -44445   -39634   -37967   -39502    -9128   -37403    15244  -104163  -199524   -24252    39119    -1729   -93860   103814    52959   -64663    37810     5332    18355    32222      904   -40900   -80865    61720  -138163    46133    59273  -127825    21172   109481   121005   -77102   -46214   -25332   -47463    42613   -27446  -150522  -103880   101933  -109987   -37962    47826   -46423   -39261   -50179   -38382    30924    78499    -4990   -31220     4981    14801    42723   -28556   -20827     9455  -134015   -57234   -28812    13856     3968    39043    84288   102431   -40092    60322    -8791    -9481    -1708   136610    21553   158501   105997    40938      994   -54863    40309   -12132    51099    80889    43372    81871    44955    38399    69754    50536    21747    -3178    62778    21359    -8326   -52118    67283      522     3643   -18691    17342    16453   -17319   -24320   -58115    17876 
  -26916   -36433   144156   -97935    13248    14190    19012    -7870   -41284    20804   -44106    24906   -51133   -93527     1470   -77460    57215   -81499     1961   -24299    15500   -61432    47395    -7339    -8892    88808    36716   -69178    53572   -24933   -16615     3863    40695    80462    -1211    -3979  -128221    14549   -30139   -39700    34300   -78099    64952   113382    60961   -22303    84446    33465    20956   -39671    13571    13153    28330   -32911     -626    48523    48468   -12101    12858    50899   -75593   -43203   -46439    30854    -5504    80433   -36872   -32050    52014    16384   -30349    20712   -39377     8468    80993   102502    49453     1484   -68486   -30050   -59438    39336    81768    22702    -2648   -51545   118859   -17824   -58079   -11133    93859      185   -18005     4160   -97715   -46387    19299    73818    57238     3437   -68239     1142    21283    11377   -49183    90893    46090    56745    45451  -114331   -83568    -4807   -63869    58621     6174   -51555   -89637    29960  -111477    61484    94214    17490    55212    20496   -54737   -48065   -70639    30503 
  -11291     1540    98843    44830   -61118     9273    29209    20859     5629   -21846     3133  -106241    -1157     1045    -4478   136901    13820    47531   -53455    56380   -37027   -12918   -39595   -18765   107317   -13848   124730   -24034    69858    15342    25997       75   -88545   -42308   -23246    34003   -24995    66762    47059    91032   -49533   -37312   -51783    65058    50872     -137   -23267   -75662     7882    62353    41230   -76322    -7757     8695   -10510   -73102    23907    46554    65207    32492   109906    36572    60676  -131170   -44223    -4238    32246    16567   -32365   -25791    20725    11040   -22462   -64148    26916  -115558    38542   -66055    12737    75647   -42078   -43074   -22690     6326  -150168   -76155   -69952      602    -8910    10908   -21568    89935    44498    64083     8222    -6397    -3373    50532   -99296    41119   -82450     4391   -13287   -41245  -120530   -18339     1258    33558    -2648    89197   -67886     4698    60355    95857    43385     -403    60936    77948     7695    45392   -32241   -16974    -3026    38263    -7462    78262   -67992   -18045 
   62108   -12369    22625    49861    28483   -27066     6698   146250     6246    11286    38521    48548    -9815    37433    43888   -74217    49907   -56989    16163   -10130    20930    12036    -6307    24424   -61527    74836    54292   -63604     5386   -81576  -134734   -12066    10213    67461    40903    -2896    14802  -127886   -92641   -59347     1385   -29414    69375   -42941    20366    44990    22908    48686   103074   -21655    39526     5864    90946   -82902    39376    -7053    75704    51597    32824    -6133   -26090    71400   -11578    18642     5754     5621   -87961   -83654    69077     7439    36565    -7327   119936    -5503   -69681    -1654    38077    81892   -23829   -54623   -20621    38040   -82435   -40382    -1090   -44613    86750     5260    16008    54392    18531   -33627   -67401    -7153  -116602   -41097    -8588     5765    49720   -55248   169530    -4643    24103   -44057   -23103    49166    -1045     3140   -24750    53449   -45739   -89111    -3698   -78750     4647    -6827   -43874   -31226   -76436   101262    38937    -2014   140250    43478   -14015    10957   -38373    44804 
    -486   164889  -121748    10690   -91087   102868    88062   -81380   -12235   -20764   -55202    95795   -63335   -33502    22687   -69736   -21290    -7583     5442    -2985     7549    23137   -31337    11411    52416    23746    43446    56354   -22829    94719    99648  -113506   -15297   -20573   -97408    14478   -76209    10002   -41215    19045    71888  -151601    35443    62191   -14110    64714     6587    48809    13467    83655    69500   -71959   -30391    45290    13212   -39376   -19524    47161   -22472    72085    61292   -74189    17260   -59365   -28362    -5702    57839    36631   -62676   -20011    90152    36852  -118021   -26869     2052   -60369    61225    37235   -22959   -26501   -13418    64248    15907   -11109      257   -13519    14347   -71225   -68750   -37837    67895    43243     1737   -61822   -53821   -39566   -53650   -85535    22122   129693   -51828   -15368   -41346    43916    79680    -9433   -30980    29337    33806    49792    77989   -14344    13742    68210   -51016   140091    17581    -1794     6310    64163   -59136    51222   -75744    25518   -46245     7127    69003    34700 
  -88789   -24393   -12820  -111470   -42767   -64031     3545    17278   102308    72209    19020   -75860   -29694   122121    10339   109541    24634   -31856    54849    26588    18689    37641   -37798    91128    33507    90895    85156  -100609  -116024   -39878    41706    37818     5950   -55320     9750    50411    51202   122371   100062    58068   -45634   -47880   -42303    35247   -21940  -128650     7329   -26821    84512     4215     3100   -51003   -21001    11780    51079   -53656   127636    -2406    53833   100414   -49396   -44582     7859   -65577    21496   142076   118403    22375     2248     2805    -9357   -11873   -83878    12499  -122202     6948    25185   -27196    12637   -75649  -170837    -6757    20362   -58807  -115188   -34564  -115618    -9467    22824   -36454    39619   -30007   120287   113933    83837    15860    66145   124263  -155248   -52038    74229   -66318    51924   -20110   -85342    40634   -15153   -17117    44334   -88913   -28783   -82659   -48092   -28065   -68325    66574   -33992    66625      540   -38969   -28164   156700   -73118    35752   103183  -156589    84035   -95644 
   31573    85468     1857    52767    77982   -53293   121791    -3794    42572   -36693    73584     6535   -26103    47127   -49161   -35256     2258     3575   -43593    39610   -46405    17954   -56944   110199   135642    50836     6246    50227   -24878   110961  -185052   -52005    32973    27404    32810    48462    69404   -26046   -72903    -7230   -34958  -121429    31824   -92890    -6403    55762    15666    50729    73581    69095  -116811   -88973      -27    -5664   -33277    -1651    56977   -29736  -103716   -57277   139544    74686    19966    13926    13000   -14862   -95830    -2866   -65003  -159479   -80922   -63757    20064   -34157   -62759  -108730  -113756   -31841    34713  -121222   -35040   -53527    53975   -20528    32757   -47842   -55657    34655  -119321     5494    27406   -41498    43591    26007   -47861    66437    61110    -6750    58617    30129    26447    82997   -15892   -45677    99937    19119    25227    13791    -9203   -94923    -3054   -67104    -9660   -67673     9450    31175    16919   -13685   -81077    69960    58256    65961    33341   -81248   -63074    68890   -84451    77876 
  155905    52978    43931   -36704    38042    72378    60131   -74556   -43996   -19445   -39211   104261   -63610    24975     4705    45435   -42998    25254   -31483    69243   -20173    26017   -15887    -4110    92648    28016    -7252    39007   -30306    33630    -7529   -78098    36142    81184   -53225    -1030    15580     4436    53779    34300   -29137  -132913   100706   -18315    84838    17425    45896    76376    -1534     8404   118429     4179    16562    57162   -66588    14338    70024    42458   -77642     3027   -14294    43899    71900    28005   -47579    62022   -34152    -5203   -40771  -210019    24304   -72366    20487   126783    76237    16602    19209    63605   -63601    24876    -9066    28978   -18817    81641   -26743   -36261    74872    48007   -39150    61885    -7207   -78755    21580    18343   -29816    98653   -36551      853     5014    25500   -53649  -114761    29355    35028   -26004   -19333    84776    90194    -9073     7822    30278    96864    -9233   -73838   -30865    55323   -34830    26823   -28221   114730    59759   -12700    89935    24124   -87145    60871   -51759    11820 
  -32364    -7467   -89962   -25677    30721     1499    22142    -2087    89746   -34792   -79080    59192    56555    82190    48095  -113102   -36468    64337    51677   -17878     9849    -3062  -160131    32506    -2247   -99282   -77399    11981   -15928   -46658    17011   -31782   -74655     3987   -42792   -11934    43846   121323   -60044    76634     4449    38117   -85764   -41019   -55768    -5926   -63053    44423   -73586    72755    -8950   -53400   147450   -29761    20875   -20488   -38855    39438    52134    18779   -73646   113312    78732   -30844    56817   -23272    21625    59775    21124  -171729    29694    42031    19357    14088    13173   -89044    26625    35652    16300   -78983    92331     3553   -49867    44739   -17089   -45729     9032   -97751   -32786     9671    31612    35432  -158547    35384   -66350    17492    24931   -31566   -94620      688    27144   -79795   -46265   -54997   -61874   -70754   -17335   -31406   -64220   -23641    20933  -119289    38174    33796   121022   -82803   104362     4616    53121   -33191    39694    22503   -24663     2087    31355    90854    66281   -10328 
  -38499    28923    69657   -41908    21137    75170    97159    -5244   -92924   -57032   -44040    22380   161630   -12760    46370   -16002   -57408    11074   -32316   -79284   -82367   -32353    59686   -71955   158319    11546    42573     3261    81859    33990    74900    67318   -39955    -9170   -16027    17418   -12102  -104815    87075    22047   -33857   -55100    43279   -47968    18843    10731    -8734    61372    22377    49991   -60472    12468    45107   128521   -78972    14374   -14699  -137062    52483    68586   -40762   -32144   -21392   -18946   -58043   -45516      137      122   -31791    72517   113758  -109972  -118969   -81935    -8192    19095    65769    54266   -51221    44068    56632    20344    -9063    39068   190476    24343  -135786    95736    72491    60698    37302    -4076   -59870   -50423   145079    59835     -821   -14820   -41847    56436   -19217   -29509    40118   -80577    13783    26354    -8509     5075    52046    -1608   -53690   138010   134516   -22031    24078    50373     8164   -45621   -39146   -58154   119904     6098   -10917    31005    75617    69582    30578    25110 
   64153    71302    19645  -110201     1260   -73294    88864   -16948  -106114    78341    63172    -4302    13446   -69290   -47790   105894   -53903   -63975  -103810   -20633   -14947   -24159    54453   -18925   -12218    51009   -19963   -46359  -170549    93438   -30959   -30949    72329   151856    78998   -57826    38711    67114   -22224    -2863   -10854    10070    49039   -74051   -33899    -7717    65281      485    24318    60597    27003    39155      863   110471   -42813    -4857   -12923   -20284  -123682    47246    -5068    53229    64463    83084   116177    73517   -62305    -9090    60992    49822   -52407   -28545    18303   -74730    78145   -35991     7736   -40272    80355    69756    -9268    65444   167358    12083   107215   -68449    61568     9421    63862    -1986     9129  -101833    19724    41481     8475   -12259   -26401    81950    55469   -24042   -48891   105241     4913   -52689   177585   -42788   -68267   -57776   102941   -30549    60477   -43883   -12109   -16299    25188   -75573   100554  -109324    26583   -78740   -52602    61540   -17672   -42629  -105505   -56274   -18258   -99367 
  -65271    26957   -12163   -40279    20568   -25993   -81203   -15335    28349    29865    45309    14007   -57051   -55717   -27093    -9615  -122330   -31698    42720   -42612   -28471     3475     6454   -32854   -38251    21463    18666   -36665   -29535    63877    -3484    46895   -67928    93418    20836   -32367    16921    45315   -32947   -48060   -93632     1658    -3328   -88097   -40908    20366    23280    80439  -106327    34205    79631    35501   -11058   -16789    20860    29209   110609    92505     2379    21846   -57321   -16885   122200   -75778   -20171    59230    19420    66552    23334    28606  -122061    -6101    -6482  -133219   -73431    33442   -40076   -38785   -61613   -71463    59883   -30245    39773   158533    80468   -23059    -4617    77913    39558     -519   -91283    37079   -10880    -5317   134906    -8800   -42013    -6070    -6901   -39813   115940    96316    65541   -11418    17610   109964    23812    -9646    21556  -127097    50331   -55742    80841   -78765     5578   -25865    28887    -6595    13449    17781    -4397   -62237   -27010    15841    44188   -17989   -25391   -63488 
   45318   -68285   129333   -61533    40498    24287  -146070    67009    66172    -1166  -128905   -50528   -69794   -21967   -72646    32674    -4017    53643  -147698    29159   -67705   -81509   -51352   -75728   -41595    -6158    54305   -82841    46440   -66607   -72313    35306    -8029   -93819   -13151    -7868   -32709   122294   -65407    11810    79501   127154   -81779   120330    50317   -63736    -2144    45588    17489   -88538   -19352   -69314   -69905    67596   -52654   100101   -52993   -30814    18895   -16441    63960    18375    22822     9814   -49565  -105086    15578   -47318   -26764   -33123    42262   -68987    12976    66932    -2579    62035   -39507  -167352     7847    30560   -77913     2493    41880    44508   -80196   -23946   -46448   -21143    35637   105898   -88998   -65289   137003     -628    10458     9252   -54801    25231    38599    18148   -63641    21089   118043    70812   -51814    16663   -57935    50791   -41028     9267   -41422     5205    76149    52681    27826    -8127    12655    45925   100510     8501    48859   -27583    32051   -27608   -28007    18552   -29224    39574 
   83235   -86094    17833   -43177   -76454      955    38226    -4465   -54274   -22483   -59669   -65913   -34200    30520    47283   112990    40992    -5845   -13586    44812  -148803   -55688   -19516    28420  -110275   103739      799     6400   -23276   -82381    25422    75089   -16172     8126    75473   -69354   -51123     6263    16698     3574   -83140   -37698   -48256   -16099  -136942   -16753    -5114  -110232    73430   -53064    -4249   -45165   -77985   -14876    15734    14406   -13610    15957    -5478    43258    40791    36577   -29975   -49134    21655    62167   -57801    45553    22492    83820    61743   104986    21662   -60857   -32515   -49528    29500    14072   -88407    81902    43405   -81774   -35742   101665   -43049   -45982   -40390   -16262   -65732    59161   -12045    35661    34983    25857    83776      972    -1553    86516   -81441    52029    72282   -87210    29262    41595   -76579  -100619     4148    27698    -1491   -12133    30287    10996   -45170   -20859    13006   -15038    59733   -11011     9459   -59804   -48566    37509    39850   104375   151656   -69294    19315     9092 
