  -43827    21910    75846   -95021   -16616   -41264   -63529    -7099   -13162    33131    55813    93888     5920   -40641    -4188    15007   -11520    72079   -24680    24097   -62059   -65605   157486   -40430   -10133    35558   -51500   -95582   -32229    83730   -73248     3693    -8066   -66885   -76082    36767   -31122   -31267    -7457   178198    48724    -9951  -153761   -31369    19607    32672  -102502    -9883   -13076    83162    74710    92496    15249    29125    17015   -74573    36338   -40202   -40309    70518   -59052   -17812  -131833    35683  -100783    66940  -117883  -132686    40589     5167   -72313    57862    -8222    20184     5764   -47035     4794   -64255    68753   -74989    -1566   -23212   -19970   -28196   -58904    49361    64562    60560    73152     3238   -58323    53812    15110   120678   -24270    -8342   -55935    21558   171780   -37212   102653   111899    -6152   -80226    35666   -83622   -46483   -35320  -140353    37275   -34656    67541   -97394   -33943   -37857    79761    92632  -118690   -68648   -16638    81373   -31915   -14734    36855   -50610   -51779   -28429   -29218 
  -64732   -75160   102937      287    -3809   -25440    42539   -69442   -29722   111001    59213    34348    25811    -3433    41963    47401   -13856    76224    28070   -25859    69454    18316    65985    56711     3289   -40454     4416  -134909   -54055    82388  -116841    21851   -60082    26040    23380    24165   -20140   -54180    38714   164061   -27016   -69840   -14300   -59859   -36650   -22019    15534   -25929  -127670   -30821   116128    -5222   179703    13818   -25022   -50396    31665   -44881    18338   -27563   -12914    80334    41452   133962   -10085    57683   -82585  -121234    28681     4414    17461    32974     1050  -142556     3410    12765   -26435   -61159    -8810   -73930    86719    -4117    43199    12741    96974      474    73140   152325   -94199   113168    51714    45067    33549     -620    44497     4093    18040   -23354   -26905   -45547    83059    14220   -57882    26758   -10080   -21329   -41970    -4756     -111    66866   -51482   -20790   -57993  -113409     7493    50720    35478    96829   -97513   -29288     5815   -56199    64576  -114128   -31065    72742   -85111   -84507 
   81940   -64076    43369    -6201    45068   -19163    38674  -105599    85880    -8129   -21131    -9806   -25879    61063   118933    -3474   -14022    41346   -23851    -7195  -104796    17256    22434    -7526   -28739  -109175    11755   112088   133025   -53217    89550   -27881    -1446  -107994  -124721  -116321    65912   -27427    70747   -57324     5967    68063    82055   -38874   -48650   -12962    52149   -15882  -105615   -42689    82652   -15165    -5356   -35187    97950    -3611  -108227    63634    53227   127206   -21106   -66954   -44315   -63855     4434   -53176   -41608    83515    -1202    98689   152343   -14431   -53960    53720    18034   -53142    56613    36304    42557    21404    86064    37110    66328   -45551   -36000     7064    56140   -74283    28699   -51281    30528   -17265   -90066    50311    18397     2526    11994   -26614   -77375  -135533    43560   -82653    80279   -31490    82296     8489   -34638    66820    76317    52660   -15537   -25958    77604    17656   -45396    35441   -50563   -34581    96093   -39271   -57561   -10443   -71852   102105   -25933   -61510   -11201    19516 
  -17468     9730   -16592    40397   -75783  -120630   -55567    -3265  -106306  -113275    46804    80335   122337   107007   -44131     -285     6029    27191   234649   -12220    22157    13114   -15519    19460    12575   -35619    14492  -139347    38750    13748    11550   -43934    22822    19340    12961   -19263   -28746   -69718    11913    60115  -125336   -90478     8665     -882   -51327    32480   -30835   -24001   119201   -14067    85466     4454   -14456   129524    33583  -101845   -18637    15557   -31816   -42975    80712  -128401  -101871    28255   -30140    29833    20105  -114421    42756   114777   -50353    44271    53927   -35752  -140493    66195    10966   -52102    25909    37446  -102035   -57769    65130    40545   -70284   -28144   -48991     9050   -28840   -19331   -27519     6275   -98623   135688   -25739   -24620   -19657   -17966   -17833    50155    18409   -29582   -73779   -41470  -112748    15370   -34660   -42473  -109022    51137   -48828    53813   -26252    79344   -34922    13800    21715   -62638      -35    36733   117680     8961   -10050    14511   -11575    26512    53306    16621 
  -34206  -124133   -23585   -16359   -32768    63054     5302    11965  -129711  -102350    68812  -143490    70954    91238    21125  -116133    43771  -115734    10695    65684    84350    61122    -1133   -96670   -75947    90264     8744    14130   -17663   -86057   -17093   -11836   -43934   -35924    21932   -42923   -11156    21864    13673     7132    66514   191463   -21585     3612  -128888   -28755   -19619    30922   -36449     3365   -53252   -88259    40492    28480    44260     9143    86271     2278   -40908    28251    15542    62806   -55344   130262     9190   -17036     4319    64733   -64099    -7210  -123196    48742    68850    56013    -9384   -27508   116438   -29644   -23449   -37121    39637   -14561    30706   -48301    -5246   -33628   -19183   -35617   -15554   -22721   -29280   -86487    12135    95703   -73102   -25085    40515   -12242     6145    79492    49393  -120758    25664    16481   -19214    -7483   -60092     3523    -4200   -31147   -80292    28348   -25180    -9854    41232    36321   -18937    22996   -46395   -61977   -65433    15282    21965   133030  -100313    96328     9728   -16330 
  132875    77727    81338    12719    64965    67834    95252    32996    45456   -83136    55253   -12601   -21312    10316    -8581    24183   -85760    59313   -40952    64585    42384   -21730   132715     1052   -98589     -597    41722   -48925   -48503    58181    61432   -31093    22467  -112237    -4695    35546    90245     7689     5031   -14090    86369   -19691   -67367   -24835     9560   -21593    68707   -12885   -28312    60433   104632    32505   -56632   -51910   -69041    63079    37534    21800    -8985  -224841   -68814   -17633   -87815    22875   -58528   126667   -26130    29156   -47211    -2345    20117    96550   111170    16981   105070    39793   -10131    24425   -31369   -27473   -17789   -47861   -52272   -39976     4571     8964    49911    -4925   -50233   -19829    20405    36147    28209    29056  -124148   -37338    60137   -80318    47238    10536   -28255   -35788    -3380   -30022   -98016     7004   -89852    19821    37380   -31014    50013   -32879    26746  -100754    43616   -59442    -6714     1758    25144   -55319   -55867    10848   -30251    -4375   -14789    15494  -101073    40093 
  -98254    -9443     3006   -10827    45005   -97890    -4938    54921    27697     -522   -15778     9014    -5053   -83136    28313    -6349   -86610   -90088    12900  -123215   -15139   -25913    64415   -78639     5185    95487   -26167   -64643    18462     9026    -3982    67738    96908   -29284    61159   -72512   101027   119263  -102678   -23170   -27745    -5423    23393    -2768    84932      716     6021    32053    85564    -6199   -11522   110404    38175     4268   -44072      978    38046    -9901   -30807   -99821     9957  -134853   -76448    64415    48698    17278    -6151   -18889    -2936   -13775     9229     2660    40727    19547      704    99048    18504    51743    42898   126004   -48852    22907   -55304    75058   -82126    68745    28062   -18854    76977   -26424    -7184   103564   -24933    77656   -45820   -25244   -53654   -41542    26201    71907   -28970   -79006    16402   -87122   -43110    16838    54586     4416   -62617   -65559    13832    73569   -29262    74615   -60795    41308    90338   -42583    -8787    28420    21905   -53834      959   -48733    24837   -51710    52450    75341 
   -3600    42264    -7334   -86007    57229   -11271    21930    52649    72698    42826    15918   -55156   -44654   -27695    -4843   102679     6820   -34611      996    -2812   -16044   130268    49414    -3284   -11119    86694    54186    14588  -127120   -82988   -71265    76485   101941    17770    99024   -41099    95471    27710    54957   -62883   -25054  -151110   -36210   -32949   -91482    69170   -79649   105803   -38093    -2213     2694   -30891   -61543   -37445   -41967    11592   134939   105849     2761   -10349   -12093   -94138   -71324   113422    -2586   113266    47164    19471   -55069    97809  -113425    43230   -11708    68340    92191    55246    57088    83537    41713     6342   -10520   -15825  -111741    72030   -47833   -55427   -75683   -57599    62030     9824    34500    89974    25715   116160    -7056   -47132    29739   -22448   128488    39753  -220740   -21421  -138058   -30499    -1812    35803   -31408   -77232   -12665   -84686    44584   -52524   -15436     7903     6610   -30226    42218   -94546   -62214   -88328    58342    61393   -61788    61372   -39958    83997   -91123   -10551 
  -57486   -79229   -26273  -113452    -2738    11723    28407    62815   -52127   -74512   100186    96001   -24757  -118310    69395    10635   -49881      162   -20145   -41152   -36728   -31912    -8830    37458    42004    21936    49056    25186   170738   -70256    70672   -45334   -20890    17900   -47956  -153489   -46354    13426   -26277    -6499   -57964   120760    63640    25488    87288    -1352     2950    82979   -46872   119898   -52406     1735  -101844  -114007    98533    65043    30354    55119   -25294    33709    58513    21848   -54978   -67564    19654   -83685   -11972    66032   -32557   -22872    31808   -86399   119911   137522    20499   -83772   149722    72507   -60876    16809   -36922    31159    34580   -32925   -74851    13778    29996   -44037     4114    38939    66924   149428   -27277    32212   -29804    -6746   -25025   -24032   -46412   -61196   -88881    88358    79206    21502   128054   133266    27822   -73271     2831  -112148    59714   102765    -1757    51900    57666   -12756    14846    30091    94823    63807    69779    28456   -73099    38563    49399   -24460    13149   147675 
 -117291   -30285   -55463    74056      138   -86668    26706    -5388   -20663    47313   -56272    80709    72124    61445     1527    41208    28058  -139394   -56644    31889    24751    57673   -45922    73900    21042   -74525    55924   -58942    23925  -125380    25654   -86778     4782    -3780    37899   -10848  -115870     -717  -131780   114332     9757     5988    85901    17719   -52180    60767   -25377   115506   -16423   -30529    10231    73241   -11133    16864  -114094    88425    14494    62069   110209   -15841  -120713   -43299   -45187    32450    23412   -17125     4951  -146084    91489    63416    97217    -4286    49054    92680   -71523     9018    59741    25430    14868    20610   -10480      935   -70506    39436   -18119    95851      798   -25317   -26853   -35460   100330    85609   -70371   -16682    39737    70847  -121328     -946   -92440  -118476   -90339   -36833    18197   -37770    87317     -507    38367   130774    28485   151351     6104    54250   107652   -68961    25589    77439   -68068    -4929    45932    11025    72477   -11334    37788    92751   -97734    67447    29139  -105234 
    1683     2246    16626    25725     7841     1869   114698    86195   -31422   -64143    53459    10596    30710   -38174   -74959    -7731    -7646     8592     4159     7705  -118468  -102466    32447   -35649   -64341   -57137    94102    75580   -70384    73796    11489  -125871   102011    41598    -6863   -54236     -902    23001   -32158   -20094    76813    72836   -16260   114969    -4524  -108760     2488    11268    61927    69259     3551    -5085   -27227  -120595    -8640    42353    54158    99182    13085   -35842     4838     2124    77145    -7171    10043    44368   -26706    20696   -34657   -23245   -50891      831   -96009    -4756    -7744   -57137    79272   -10780   -42756   -21989    39494   -48778   -42772    16435   127793   -15645    20166  -156730    85894   -13206   -20803    91551   114565    71758    25310  -105840   117748   -10192    18314   -11450   -28525   -45759   -44427    72320     3171    12396   -60717    36591   -39286   -55151    14135     8815     5678   -57430    53343   -36265     3935     2746    80627    12132   102807   -46072    37845    41047    -4707    99920   -16546   -65624 
  -41677   -61094   -23082   -48705   -55364    15617  -144772     4715   -98524    69247    96282    59184   -12944   -42499   -13832   -85745   -26980    81674     8337   -26309   -18868   -17855    22507    20904    -1381    37035    23916   -72198   -33533    19487   -24463   -93706    -9332       54   -76794    32659   -51186   -45844    37135    95033    50877    11577  -108901    34458   -18473   -51127   -62475   -28373    10525    85644    97804    14687    26311   -12110     5997   -68849    36661   100018    55854   -34397    -1791   -53779   -98746   -95312    36151    -7343     9352   -62580    36205    11801    11737    25561    97271    35999  -110855    56251    12784  -142633    75742    25222   -74202   -20142    -6884   -31152    34569   114346   -15033    71867    -1435    40207    38522    44038     8594       67   -22179    44315    -7777     2149     6166    20777   -47161    17131   -53398    19110   -34896     9213    -7165    26546    36847    17830   -55968      751   -71286   -48752    28303   -68220   -27935   -13406   -72383    83919    56882    23823    74607    37517    28487   102253   -25323   -13946 
  -36156   128617    69583   -79310   -95989   -41907    20078    41429    42883   -24331     2318    -4209    25544   -98400    52040       26   -36727   -11958    89289   -32352      697    -8279    58100    33542   -96063   -70985    41479   -50389    67960    72926    31499    48807    39149   -38449    38281    21513   -28466    -9679   -32003   101580    40800  -138471   -32713    27631     6332    84102    53421   -35059    91768    95932    39190    52008   -35303   -18453    -6013   -13502   -59288    16301   -28424  -106695    15247   -94680     2911     8300    20457    52387   -67806    16725   -21727    16907    -4181   101127  -143083   -21494    20068    11402    13126   -19379   -99947     9144   -87175   -24114     2517   -27336   -43731    72824   -48664     2208   -32784    81870   -17058     3092   -21241   -34246     3233  -148597   -95378   -15291   -22793    25771    -2945    56803     3521      749   -52315     2517    -5171   -51709  -105030  -154313     8059    47002    56183   -66558   -36041   -88442  -110451     2204   -31677   -71100     7741    72349   -18326   -62100    63416    17177   -82522     2587 
   38109    21717    -5828     1167    18295    31288   -61077  -106076   130734   -56264    17409    49743    -1817    24244   -11028   -58172   -22239   128694   -26602   -75815   -13572    85529     7920   -78754    12054    26207   -64850   132105    23870   109608     2430      157    12493  -101895   -21705   -14248    50624    17186   249364    84319   -80106    50277   -34287   -59847  -112085    96346   -30935   -52258   -11948    11304    34757   -45363   -76293   -57631   -30515    51810   -30119   -64829    46258   160795    98034    24351   127378   -64098   -93057    -5458   -24548    17868    17220   -69553   -60755   -49199  -108424    22614   -41911   -39537    59525   -55587   106561   -29141    22046    13011    -4944   -46682   -45800   -58213    24186   -87673    83275    83811   -76856   -67535    70484   -33240   -28447   -42772    -5762    67736   -58613   100302   -33203    59818     3027   -65287    26960   -31706   -43941   -23555  -132953   -86247   -59619    30074   130708   -24647     6613    26288     8137   -50459   -40461   -60430   -46148    50140   159190    12536    41935   -14975   -27584   -42473 
  -18164   -60611  -149881    86893   -21688    -5730  -105494    98174   -77352   -10992    17671    59922    -7754   -23787   -49754     6617   -40259    29799    54846    41534    -7622   -26616   -74373   -11637   -89396    43982   134221    47823    91667    81366   -26046   162479   110328   -69736   -28260   100309    92462   134020   -67345    13582   -69995    -9115   -18168   123031   -62435    54181   -66982   -47068   106235    27513    57806   -50473   -57574   -14941   -63801   -29509    -7700    46276   102715    24708    75820   -19536    -1431   164763   104734   -32723  -121874  -124799   -55540   -27428   -27559    45667   -99760   -14546   -33135    88657    37376   -62214   191773    63971    55812   100608    95422    65403    20600    68029    62968    81820   -67336    85625    83474    74966    53793    36264  -130715    54354    90436   -31006    72550    77909  -116899   -43057    14795    62941   -72482    11857  -180405    76472   -58535   -83770   102201    10793     -885   -39841    60482   -77873    65037    75329   -10709    -3424   -65753    51303     1123    76841    15163    43267   -23748  -127671 
 -101330   -86831   -23478    23402    39699    89912    51627   -33708    23872    31587    -2389    58537    62083    92843   -61063    31920     4600   -45923    59234   -88959   -71548    39090   -16593   -81512   -34626   -50101   -60750    21237   -39465   -26763    15733    36976   -15664   -36422     5640   -71148    12103    75049    36521    86681    -8874  -116235    20881    67442   -51994    -6101    12554    18960    31677    -7559    -4182    92889   -20035    47730  -128686   110996    17381   -49231    63794  -116227   -54065   -39817    18011    35197   -13360   -67886    -6728    -9071   -39150   -14413    53805    55925   -25672    39504    20437    54226   -11765    49082   -41455    40143   -12749   -27870     7312    24505    81748    23106   -55199   -90277   -27653   -28117    21430    36498    28203      979   -40597  -124312   -60608   -21836    42741   -11206   -62447   -16846  -163900   -81296   -75528   120184      563    35098    -2528   -40605   -16320    52304    87630   -72975       -9    27936  -160163     8359   -36661   -99406    -4406    48383    81110    59539   -14349    69447   -35993   -31775 
   19740   -28740   -72693    80244    39209   -54381   -91621    29690   -64367    87048  -107177    58048  -103846   -10945  -104032    95465    20095   -39611   -20775   -66985    42448   -62614    23507    32016   119939     2453   -60633    22445    -4530    94392    53187    19291     9095    38184   -10314   -14083     9268  -133724   -33413   -13831    89505   -88758     1429    29925    52753   151791   -29654   -27815     2996   -12857    53335   -11248     4613     9187   -21924   101877  -129499      890   -93086   -22839   -94947   -16884    28747    -5482   102273    96056   -77597   -71626     3323     9519     5119    96529    12891    59985   -62350  -112761   -23429    70684    18688    24629    -3127   -33912   -25168    62969   -27313    24722    29872    28070   -63789    39501   -16356    32220   -60881    13843   -15032   -47621   -24904   106853    40789  -105710    42083    74469    43287     8244   -13403    16721   -96697    57446   -46389    70781    83729   -30709   -60680    39798    20847   -86789    -1258   120608    50320      241    22965    69594    -1176    45784   130750    23300    15117  -171397 
  -34558   -21488   -53846    28511   -27451   -84791    13730    96732   -43044    41995     2768   -10746  -208169   -48881   -54541   -77453   -54240   -88535    20561   -46730   -26274   -36439     1238    39191    95023   -46272   -61084    68603   -89911   134646  -175864    -5018    85221    57212   -95093   -18216   -87530   -65904   -58904    51237   -25721    -1617   -66571    83689   -53046   -36670  -127586    28951   -71699   -57478    20785   -81709   -61238    -1567     5258    -4892    33749    51241    -2452   -43038   100802    21559   133361    42902    52620   -59343    37449    -3541   -18994   -18363   -26842   -34522   -31147   -46543    21657  -117809   -71554    52747   -28529    47023    70536   127417    44574   105702    11367   -70183   -39023   -19626   -41814    11237   -44445   -16700    21509    29825   -68699   -38835    60891   -14996    97347     2235   -89340   -42820   -34686    47272   -12458  -108949    -9168    32175   113915   -28933   115864   -74763   -97486     8946     -332   -35911    34680    95898    40376   141360    13631   -60224    23115   -81401     6701   -30245    -4593  -150297 
  -35037   -78481    13323   -11136   -30955   -74357     1662    66678   -41309    -4033    -2041   -14772    86195    26202    -5399   -42952    66625   -44743    -2403    18804    26720     3263  -122002    13655   -28357   -55492    25610   -25024    43383     1323    -6680    75774    -4478   -23634   -19992     1657   -83560    31669  -131126  -104223   -27410   -18004    43778   -32157    -7612    55674  -152003   -26217    49556   -72185   -38751   -62000    30742   -37212     -421   140793    40438    43268   -97528   -31143   -81131   -58589   -67669    25434     2956   -38686    39648   -58277   -23770    -1608   121431    39396    36493   -15469    79908   -24004    37444   -45285   -42829    22569    31501    21359    60724   -85017   -73909   124572    68830   -53063    43719   -44782     2754   -38931   -62845   -53095   100661   -53920   -79668     9247    21069   -51150    84977     3879   126197   -47620    60669   -50841   -45788    17762   -26825    77870   -56294   -51832    44008      913   -32579   -45114     5519    -4907   -35217    18475    -5929   -22906     -163   110764    73457     5669    32147  -135057 
    4878   103898    47067   -41783    40775   -62622    16367   -65978    12523     8614     5652   -85580   -24684   -57640   -11072   101497  -102661   -22429    43088    70816    71337   -42292    31213     8522     7343    48480   -86783     8466   -21087    29179     4302   -78624   -24322    79040    18427   126555    54526   -44127    79694    42563   -61510   -82994   -44924  -107245    15122    28846   -53134    97580   142410   -19575   -16314   -17189    -5202    55988    35985   -14236    -7387   -78158     7134    38892    76955   -30981   103477    14360   -33257   105700   -58420   -12073   -31421    29172     7752     -985   -41639    -2367  -103155    12029    13224   141139    66857    37176   -72156    33923    94542    51882    29344    93827     4530    47900    -8515   -44422   -35588    46196   -47209   -10450   -53553    21880    65827   -88808   -60416    27526   -56231    -5992   -47041   -23288  -111554   -50497    23298   -62487    16786   -17837    -9634    -5522   -69276    40339    -1706    17561   -86991   -23171   -38577   -17931    62523  -106512   -11961   -69010    90636       32   -49675    10756 
    2429     9515   -33786    15146   116416    30546    60073   -90297    90115    -9040    -7688    -4660   -17780    11827    26999   104472     9508   -29311   -17097    18845    70847    41789    18086   164992   -19738   -35050    41031  -138101   -13799  -127182     -427   -47322   -95715   -18957   207750    38747   -86422   -51124   -30559    73954    44811    -6187    13703   -96484   -37722    -5971    38484    19125   -44763    43938   -42449    41562    17038    52289   -85155   -52368   -27822    47585    -3046   -78594   -90597   -35251    23021    33954    53989   -51303   -10842   -66150    12663    97808    -9505    29196    92603    69702     8472   -95355   -59686   -62634   -19230   -34416   -81166   -26963   -61064    -1998   -75600   -74713    -7315  -106124   -65832   -36263     9728   -33714   -32391    17426   -59802   -69210   -49413   -25855   -58421  -122799    17825   -70454  -102619   -49638    25984   -45158    44243    19977    90739    32713    49099    56737   -61458    70930   -48051    -7446     1059   -22316    29139   -47191    61617    90606   -29856   137506    55848    96823   -37818   -49368 
  101012   -66116   -15674   -28169    35810    43736   -43162    -6290   -56629    30797   -56333   -38668   -74899   -36485   -45684    16697   -13181   110262   101530    46744  -152258    43819    84985    -6259   -93497    21920   -55694   -87067    31613    -3135   -48770   -47623   -56410   -80760    34884   -28596    25454   -33236    -7213   -15466    31986    20789   -55004   -73805    60331   -62268    37461   -90290   -35324   108647    18743   -32469     8424     9353   -34671    57862    37513    72955     9254    -7288      679   -12924   -35585   -28439    16459    38336   -87445   -22107   -49232    69954   -56058   -27415   -38802    30210  -151466   -67650   -62116  -148630   -50566    -8339   -38238    18136   -18008   -53721    36510   -52119     9527    95419   -51402    49807   -16573    13215    11291     2881    93761     9790    61461     3659    -1642   -15072    63250     3041   -49581    91602    39940       81   -63004     5935    29068    -8548    69064   120184  -162668    -2870   -24454    -1102    68593    38205   -30583    53822    22829     7695    72556   121305   -33686    99256   -45252    86055 
    3958    63270    26165   114438  -144048    33188    76572    98631     9209   -32597    63437   -40813   -46430   -64695   -39953   -48273   -17907   -26972   -91900    52257   -22479     9494   102365    -6916    50855   -38831    58982    45041    12312    48982    31115    13458    25798    22415   -72221  -123228      972   -32950   124865    40429    90671   121546    -6209   -18471    -7834    82869   120390    -4340  -188721   -34575    27922   -52181    35968   127619    79012     6789     -584   -55724    65655    90609    81592    84188    24127    15469   -24560   -19194     9001    96801   -25588   -53277   -88170      -50    29278   174853    72542  -111534   -12743    30877  -187028   -54119    75346   -62744     6574   -98023   -22222  -119235    11077     6566  -114865   -16240   -65533  -101329    64661    22676   -53105  -115119    39026   -64895    64813    58575    91713   122986    52507    50126    16045    -1067  -143192   -23440    12669    65609   -47934     4549    47265    20679   -66115    23336   -10317    60326    59650   -34300   -24097   -35392   -12356     1480  -108832    30617   -40021   -87022 
   15200    32926     -456    31344   -99826   -64398   -58563   110001   -11924    22511    80272   -92449    36175    20092    11099   -37547   -33953  -131902   -54511   -16643    64141   -23167    34068  -133672   -85609     7776   -10181   -58739    11059   -13349    43202    -7678    -1900    43034   -25938    20144  -151899    41713    91339   -41847   -18827   126197   -35697   122535    23024  -118530    18361    36170  -115179   105597    64291   -40284    95118    33728    27010   -72314    14582    33935   172407    -3583   -48673    90540   -14361   -35730    47840  -101407     7990     -902    88716    -5892    -1634    26418   -75000   -83855    26622    64369   -38338   -50649   -61772    21150    19801   -49265    33737    43310    37564    63430    59452   -24931    88896   102270   -91806   -94301    43880    -9055    18059   -66537     3595    28387      448   -51762    68315   -11840    35949    80407    19586   -52617    28320   -71616   -29015   -30736     8144   -38024   -39200  -131682    19242   -21964    84608   -99890   102301      651   -59645     8165     5774   -53769    64987    42686   -55611   -71827 
  -12507    30540    31344    60005   -59549    11450   -23624    13439    86529    57320  -100706   -59959   -81670    53961     -929    71769    23763    41826   -24546   -96961    68068   -66675    49800    25625    80403   -58781   -21941   -46482   -27910    -3318    16800     6021    -4080    59242   -51893   -93202    85705   -76922   -74017    39440   -11738   -54478   -14905   -46358   -57467    -7265    61928   -49921    57526   -28323    -4378   -66313   -67150   -53766   -49580    22654  -125246    22346   -19966   -58018   -82325    12714   197833    69668   -64646   -21256    97692    63486   -83946    11405    34321   -54410   -69499   -18021    66746    15988   -53592    19781   -19786    10083    65222    71335   107814    12141    47177    67103    76550   -35105   -90862  -105733    69259    24853    -7015   -50033   142909   -13001   -42599    91442   -21391    32169    -2322    78669   -32692    48614   -97861    69000    60492    11747    69520    28402  -136650    62805   -42577   -15607   100564    66214   -43589    -5887    51278    72249   -25644    -6605   -28773   -60774   -18605   -68531    88860  -102037 
   48455    42227   -54894    26036   -55244    16941    19925    72834    45091   -13062   -84343   -81475    -1744    53540    23522   -54653    23939  -100294    -6527   -68826   -22096   -60599   -11729    65643   -18429    25402    41302   -39316   -59165    13409    -4606   -67994    11284    95350    40926    -5226   -72600   -33394    25003     2982    14849   125919   -22672   -49776   -27708   -16553    29414    46737   -24569    50321   -68142   -82709   -23647   -42545    -7313   101068   -80762    -6731   -84701    11500   -31356    64698    60676   -49750   -27448    30619   -16664    76614     5934   -24635  -109733   -30913  -104776    70518    39186    39945   -21863   -10288   -80621    24806   -49430    -2980   -65302    79164    21733   -45944    45136    71085    23852    15864   -33406   -19306   -63539   -13978    15529    82215    84885   -61041   -61442   -64440    43524   -34455     1409    73477     7791    28153    25057    35823    30193   -20127   120508   -44183    -2690   -92376   -78140    15068   -33369     4464    56104   -40331   -35723    31597   -19563   -29725   -94180   -27064    53409    31895 
   53374    76437    80415    54519  -132031    97260   -12192   -27503   -50956   -20326     5413    51105    57042   -68273    19236     8501    -3742   -41437   -98328    45098    47534   -56238   -19770     4597    -7050    -6122   -71094   -12081   -27616    41486   -10312   -66416    12923    11845    75913    29992    52673    48704  -101990    44968      155   100501    63137    52949   141757   -69139   -15155     6601  -112473    22940     4873   -15596    25604  -102237   -71919    31837    20152   -26555   -19854  -101647   -43841   -21048   -47445    90267   -48756    60088     2010   -34679    -9524   -65180   -66253  -100185    24448   104710    63663    88677    35037   -39856   -20274   -50140    -5119   -77947   -45551   -32970    17702     4212    65409     2534   -28854    26623      132   -81477   -39508   -39066    69759    66295    65634   -18363    43565    57026    24437   -54051    46070    74284    -6447    58633   -76930    60287   -47202    24495   -53675    12438   -17086   -57686  -113163    57316   102997   -77380   -37959   -17308   -34696   -97831   -37917   -30060  -127960    98882    86398    48358 
 -189285     3403   -57504   -83087   118957    45579    17766   -81896    24955   -31516   -82033    97125    71165   115146    32231    49922   -56427   -30590    41710    23270   -63178    37344   -30462   -30807   -86759    -1519    57942    11131   -47663  -105069   124479    33069   -28638    85129    30215  -100484    -1361    61509     3528   -27025   -12729     2954    58079   -17988   165305   -87327   -12382    57159   -95339  -140759    29248    -2774   123397    22815   -55851   -57580    21729    46632    62080   -10570  -122244   -60677     5034   -45106   -19203  -115108    95841   -66231   -48020    63126    18879   -73429    -7428    90292   -35071   -24279   -98727    20970    20035   -26854    11161   -51928   -68430  -125845    65653    -9229    96565    -2634    63291   194506    24918    -3553  -104152   -32601    20396    17772    52341   -59485    18263   -56011   -14705   -23099    26059  -174684    81915   -21535    36304    28141     8402   -27907    28081    46938  -105213   -35844    13600    93199   -85138   -98305   -28926   -83313    30573   124896     9851    -6911   -24983   121075   -34226    71094 
  -19052  -217533  -123205   -48942   -36603    99615    47830    61868    57377     5568   -96632  -133892   -55626    10501    45024   137945   158307   -31299    79309   -34380   -43396     8678     -184   -28981    -7838   -50845   -15134    22109    24018   -46867    60439    49022   -17390    60388     7620   -19378    16740   -22757   -54490     3126    -6260    57543   -37424   -28974    79002    21953   -51180   -56576    15372   -16085    53355    28038   -73712    33569    67542   -36227   -35266    35679  -101438    10104   -18616   -19355   -21022   -54288    15712   -92950    12424   170810   -53352    43490   -43328   -25868   -70045   -92446    96229   -68407    51063   -29409    13220   -11955   -76511    47698   -21744    69665    74708    22365   -39710    46095   126288    18847    67236     9056    56240    -4599    75371    31420   -53286   -34911    36055   -68747    27081  -107017    -7056    81808   104495    39863   102855   -54904    14111     9428   100736    71784    59054    97119   -38695   -13693     -429   -28710   130421   -87689   -17587    -4909   -71340    57703   -63129    22198   102831   -29350 
  -28182  -126827    50459   -10381  -113187   132533   -30296   -58821   -76949    78225    95529     2024    -8018   -28361    40865     9931    28233     6302    -2612   -15598   -58295   -29636     8407      367    32079    53171  -113127   -16833    28449    21352    48831   -17793   -57943    12368    29127   -29151   -41978   -55302   -42049   -17539   -18226   -95934   -68916    50485    68392    21046    86536     5575   -43704    26728    78160   114143    39372   -68331   -12405   112565   -20155  -128834   -38072   -73273    10550    34777   -85602   -67776    33670   -55182   -31692   -39714   -45899     2001    34290    90279   -72823     3887   -21678    -8324   -46863    22359  -105498   145877     -779  -104086    53103   -27032    98323   -55384   -89429    -2111   -98859   -77509   -11033     6717    24816   -43212    10447    37993    -3111    22441   -83772  -127314    26947   175983    66016    14432     9837   153635    -8469    52584   -50739   105207   -40849    24656    24143   -31221    -2522   -44488   -45873     3885    12001   -31302    19868    26169     9165    89292   -44814    19293     9641    56715 
  -65504  -101053   -36382    67953    -3510    68166     8594   -25497    25904    36298      375   230699    19930    -3700  -139167    15787    16588    15014   136730   -54311   -19737   115071   -15863     6869    40812   -67449     1100     2206     7485    29203   -50681   -14483    25343    90779    74265   -40967   -56177   112138   -77613   178044  -140680   -15127    70224    53840   -43628  -100613  -106399    36827    21242      287    40860   -23382    29250    50594    41481   -22817   -11795   -57577    36567   -77692    25916   -43876   -24775    40718    12468   -78659    63733    91862   -90521    26792   -88587  -122877    30874   -56112  -116797   -58254   -13138    33119   -47418   -18972    22803   109642    67188    71639    46706   101856    44178    57963   -61021   110863    95420   -13366    21897    28912    38909     -310   -67207     3756    62525    63703   -93566    15161    17481     8016     4340  -109124  -209308   -13615      331    20718    69873   183336     -673    38084   -11485   -58550   -35690    70393   -13719    22785    66417     1974   -19595      708    71460   133173  -116595    53339 
   35603   -55066    17294   -26134   -11162     8868   -59421   -60365    22617    13161    83871   -29400   108000     6902    50892    44203   -16281   -30866    77438    18534    84202    12395   -54000   -35212    25017    -6663    37615    94269   171585     6899   -77965    55178   -23221    10658   -20455    23041   -73275   -33458    79531     4475   -27168   -79693     7261   -91477    32941   -31907    53811     -294    26536   -14919   -82441     5079     4713    76908     2485    46152    31563  -137917     9950     9610    97402    93278    89433   -64992   -19839    60653   -93106    -7529   -26546    54682    28798    -3258   -12961    10976   -87818   -17011   -96673    79989    21294   -62826   -44571     5263    22290   -71490   -34222    20279   -20091    33546    29396    31403    64798     -378    46402  -125270   -19241    73346   -27047    -9591   -76824    24673     -355   -90808   126063   -36314    25025   -84906    29543   -42541    21571   -37328    16172    11218    51043  -104860     4982    68804   -57403   -65237    17357   -50077   -46182   -35297   -93610    88381   -34004    24843   -84221    87196 
 -126659     7642    81952     5997   -17449    -1714   -98255   -44804     7864    86048    67492    36897   -14745   -28568   -64050   136464    31622   -54271  -117943   -12262   -98009    71058   -23125    37553    64574    77468   -26845    85277    20836   -34989   -43164   -35879    82231   -76112    53902    42091    37338    13732    34671    64492    66081   -36313    85419   -28188     9671     5096    90823    66485    19177    27037    49371   122155    75773    85497   -54714  -101027    49329    13463    55810   -10844     3773    -7499     9266    27665    50577    62600   -51707   -15945   -29335   -11869   -37699    76470   -21552    55462  -111451   -34589  -146903     9933    92476    23506    -4966  -122804    -3988   -74942    40911    40619    27984  -102714   -41881  -111868    23642    62977    45128    28967   -35958   -26322   -14255   -21317   -41547   -52928  -103038   -69989     1690   -88905   -92455  -146736    27980    91466    78197    62339    21657   -68988    24211    39209    20832   -59483   -36363   -86241   -34242    26817    50202    19047    63692   -45822  -141914    14720  -106240   -49698 
   57713  -149628   -56707    33359   -65193   -30427  -140695   -16348   -92536    70221   -23100    32752   111080    13007    43225   150668   -22518  -100394    21920     -599   -38107   -77669  -127738   118587    -6744  -100581    45715   -44339     3027    67708    12325    16915   -32573   -44960   -12369    53771   -39821    68363    39126  -104715   -17832    67010    88977   159536   -30222  -113770   -17257   -73754   -81855   -37285   -40890   -29367   -75316    53984     7853    26058    -6909   151012    25618    65257    61752    47860      602   -39967   150961     7975  -166522    -5644     4312  -123203    77526    62561   -84526  -110350    12180    35838    19748   -12527    23385    19616   113370    11208   -13637   -54637   -19171    87155   -26153     4440    75971   138263    17806  -166297   -14318    44107   -14202   -80436    66835    47155    49381    28692    60606   -48507    67651   108095   -87949    76393    -7004   -94856    85235     -604    50990    27500     8002    97697   -15210   -61333   -11521   -29645   -75912   -59988   -88984   -38136   -64181    74752     3765   127515    76725   -14399 
   33635    21881    56043   -37596   -26821   -67604   -52621    75720    97806    85486    57705   -20379   -81866    42144   -18682   -27528   -22520   198694   -50333   -55481    -1267   -31601    83229    27035    14308   -23546   -52969  -123941   -15636    82302   -21730   129931   -45712  -121617    30508    -9080  -101734     6973    80600    -4077   -48541   -12452   -61423   -44972   -75876   -76373    25303  -124201   -38694    41277    68897   -53119   -40356   -22506    28300   -21495     -938   102213    54939     2287    95103    31925   -50805   -78643   -69959   -15384  -185625    23251   -98977   -49578   -15886    41453    29468   -77488   -13306    59523   -79180    71725   125306   -98853   -73764    67288   123978   -72420   -17646    31577   -30672   193383   -30678   -51355   -43553   -51407    14994   -11943    -6784   -15398   -77718  -111497  -123166   138439   -61455   127316    -7504   -22294    48572    26700    11106  -190053    75817   -25078   -35721   -48867   -15039   -49202   -30463   -46489      700   -95066    -7500   -41754      476   113035   -24105  -125903   -44959  -100504  -112432   116823 
  -51376    31911   112256   -29042    40380     8597    33698    -6838   139410  -110347    28681  -107963   -56551   -38679  -122146    11264    -4882     7801     5880    46640    93868    22094   -18708   -14487   -85380     8140   -96791   -13346   -79340   108927    23459    45638   -38303   -38100   -23466   -27725   -60905  -114877   -38889    38278   -40143     5629    12045     6514     9291   -60307   129950    -7052    -5153   -49110   -69307   -27879     7930    12024   -50988    60971   -41089   -59569    50553   -97716    48712   113470    86814   -15321   -37174   -53135   -91381    27111   -48999    84741   118028    71076   -72145  -101382    33848  -102915  -150998    19720   -98139    72743    10349   -90555    87814   -54313    85374   -72261   -79225   -86093    32481    50218   -78394   -18132    68390   -24530   -10811   -31760   -35354    51487   -17921   -88717    32507   -47264    19517    68310    -1954    -7415   -13431    43994  -110570   -48633   -50589    84056     8245  -109156    59329    89634    42334    18025     4227   -40140     1903    75684    -3650   -16640    79532   -61909   -13888  -133122 
   86556    24886    19275   120930     -528   104895  -107180   -46393    51234   127423    32214    12587  -106847   -60440    78747    47877    38107   -93992   -76278   -62324    83994   -79084   -76967    35860   -36903   -82389   -68976    19369    32506    45385   -41734   -73900     9266  -125159  -172335    38443   154642   -18836   -34254   -22726    51065    95254    11645    76604    37015    46273    41962   -85796   -86833    41466    11185    42325   -22403   -26535    15716   -41331    84230   -24270   226720    16437   -32076   -18784     9092   103958   125716    11283    50078   -52388    96095    26271   107689   101219     1408    31823   -89238     4083   -96117    85116    64288    45538    67977   -90223    37372    25760     1145   -56644    16667    75320   -18605   -67571    13766   189131   -40262    -1263   -72685    34560   -81369     5654    33890    78173    28886    43921    47555    83714    53767    14664    10254   106094    -8104  -100471  -109970    43102    31824   -15794    37596     6414    90703   -66135    -6423    15340   -10447   -56605   -11136     3790    18918   -42970     6974    -1393 
    -468   -87401     8718   146159   -42768    36428    20277    24607    21175    31928   -19822    53663   -24208     4809    30350   -63211    38392   -56747     7588   -40157    39352  -111750    19963   -43021   -28718   -37235   -53531    18228    81304    47735     7686    80074    29079     -163    23779     6429   -34677    52774   -44078   -61378    29407   112017    60395   147786    56567   -41683   -53505    25318  -148723    52150    -9795   -19432   140397    61897     5565   -66880  -129793    80780    34116    10974   -38875   -41972   -17854   -25114    30155  -114091   -28502   -69068   -13427    -2913   -33659   -47223    83355   -92828    42853   -21010   -56216  -121696   -41731   -42330    31150   -23780    51200    -6070    17869   -15355   -31104    10135     -501    28339    -8253  -175556    60970   -22832    19451   -24510   -76432     3102    34630    42878    94280    50798   224127    36370    71717     5434    35622   -52734   -42289    93618     4964  -143039   -89324    27621    56179   -32627    23593   -47722   -16406    62047     1360    23550    -6067   -28094   -23750    82869    53050    41129 
  -55180    17725     8957   -28607    98907   -36624   -37714    11464    57419    53840     2837    14476    -7689   -61441    32761  -145507   -41186   -61470   -66139    60018    39731   -21563   -37173   -62922   171133   -31203     5258     5754   -12959      241    35240   -15575    14591    28856    64014   108998  -105900   -85584   115361   -66723    82054   -42382    21104   -12431   171401     -148   -24560    51527   -94156  -126392   -88592   101976   107572    82237    21081    -7121   -15373    10730    89506    68413  -121570    10973      -18    37869    18189   -51657    69062    -5622    76272    59647    52460   -89892   122666   -22495   -41382   -34805   -21799   -50276    65019    21287    50514   -33506   -90471  -143451     2067   -25547    20336  -116003    49393    70082   -78481   -57268    75528   -33677   175051   -19258    21233    24742    -9280   -11351   -29994     6772   -95180   -81649    90025  -160341    80374    -4193   -57147    72393   -38759  -174469   -18813    44076    33881    63302   -15498   -18420  -134297   -58640   -18540   141187   -38002    59741    61662    43093    15601    73309 
   73381    29464   -13190   -14180  -123241   -27199    97897    85333   -36888   -39831    65043   -20312   -22134   -54821    37297   -68819  -103737   -15716    68158     9403  -101050    44838    -1811   -74224    23130   -25902    75818   -51953   -52506     1590  -113058    28583   -13405     4514    -1101    91715  -146149   -71915   -24319    39573    33822     9204   -87523   -36999   -51665    97415    25404   -27852    67627   157783    21930    31033    16508    16913     7467      572    -8004   -69368    41425    16803    55985    -7308    -3909    52914   114295    68823  -106068   -37754    -4865  -145216   -40140    20999   -72296   -42475   -58036    -8093    45664    -6475   -27949    74300  -152609    49069   106789   -16285   -35902    -9033   -15330   -28849     7098   -76125   -49146   101924   170014     6101   -85968   -51144     2426   -89183   -99518    80752   -28719    17214  -138391    28471   -57539   -14932    23842   -15859    34496   -51124    -7265   -38767   121436   -12070    18278   -21871   -29259    -2082    38969   -23457    -8066   -35691   135216   -42126    -1308   -55082   -43445   -50849 
  -39148   -50233   -58131    56874    14891   -91616   -74896   -36068   -96928    31816    25427   -32985   -55721     9853    21189     3092    11618   -35954   -82763   -10390     -823   -24526    -5631   181690   -20194    51743  -101082     4105   126140   -56235   -26528    48571    17855      -22   -85916    49547   -89905   -22677   -71131    65038      434   102349   -65790     4599   -24208    59210     1737   -81015    47706   -15170   128739     3436   -28834    34293   -38669    59154   -20835   -14474  -120405  -101370   -19501   -25188   -56193  -184597    51041    33021    84526   -32520    -8885    -8872    87743   118118    79916    53109   -40710  -114262   -52542     8229    15446   -89815   -78105    15812   -55625    12018    93313     4358   101228    26825    30304   -19261     8250   -74809   -79372   -19274   -80620   -41123   -92552    -3383    -6779   -38701    -6467    -4735    57765    63140   -53383   -83287   -10649     2083    73535    10850   107883    39186   -30589     7318    37519  -116789   -17510    27580    69212   186752   115249   -38853    21481    38581   -25927    -5710    67222   -97827 
  -78932    -1101    41125   -21983   -74135   -40795   -37820  -149487   -51342   -68659    97731    30344    42407   -45686   -81846    72298   -84080   -39599    45494   -30053    28297      827   -13343   -56827   -64976   103065   -65244   -29596      746    87036     8257   -31999   -49083   -13164   -48367    31568    25378     6454    69117    69127     3999   -70260   -37305    57114   -11561     5921   -27128   102532   101892   -79836   -46969   -22324     8289   -30671   -50534    10663   -43826   -26255     7968    12505   107215   107170    15520   -86461   -33658    14028    -7026   -98272   -62690   -64937    37124    30231   -77295   -61495   -20776    13690   -50803   -30128    88202    69916    58910   -15890    -2718    -3084   -11137    78943    14771   -31825    -4114     2851    -4852    32027     3374   -23268   137529     1186    41513    31973  -151289   -76562    41701   -26345   -28772  -132243   -67954    89740    16940   -50526   -67950   -55193   -30790    47432   107342  -125681   -13804    53819    14483   -87847    23109    26146   -46047   -37824    14052    99050    -4996   -83319    47296  -166009 
    8881   -22644    51278  -101850    22088   -61830   -58546   -11714   -82695   -41434    66386   -23766   -12103   -35202     9876   -42516   -86713    26179   -15609    12844   -38480   -18571   -79731   -53390   -56002    43625    38398    67109   -35199    79159    -2739   -40552       13     6350    15429    -1926    35479  -104492    71394    55792    48864   -15690   -67381    85518    11764  -143426    43670    87315  -105411   -19127    33631   -62721     1795   -94760   134725   -30413    -3370    41570    37370    90447    59871    30737     3697   -25083   103528   -72362  -148922   -39660   -54709    54102    64882    37442   -19852    28392    -5408     4838    29340   -12253   -29870    22784    10439   -13779    -1251    26970    81198   -22896   -23761    23388   -43507   128607   -44383   -58199    18212   166193   -10045   -22519   124985    54626    63916   -96495     8219    -6335    18510   -56469    -4199    29137   -75994   -65939    17439      462    99224   -61335   -56231   -36928    -3074   -67603    62603    29281    26077  -109692    19521    65966  -111153   -17910   -59564    24330   -16242   -10960 
   63912   -40506   -35966    44915    27868    33029   -74314   -21918   -76423    32120    -9266    31402   -13875   -25901   -16484  -137199   -30145   -57272    86862  -109534     1666   -34599  -100977   -82193    40170    35258   -37079    94834    -1249    65245   -50564    75926   -49270   -29362   -18994    73473   -33619   -49722    52916   -30112   -58719   -96560   -45764   -45513  -106431    75059  -139419     -823    26142   -57729   -17680    -5745   -33114    -6137    29660   118699   -31651   -94175   -39992    71585    -6392    52863      865   -21075     9723    70839    38168   -58261   -26262    25224   139339   -51418   -29429    57124   -22852    49069   -80036    45190    29595   -44488   -82728   113815    65212    -3720    -7644   -70201    -1785    31318     3878   -44241   -12577     4894    97541    -5542   -53459   -40720     -196    81154   -40022    -4715    86370     1311    15459  -101261  -143266   -38895   -24241    78653   -24048    73391    44382   -60665    18536   -74037   -35522    82269    39162    33786   -71366   -64864    32368   -81678   -47451    20091    44520    48098   -32184     8865 
   69649   -42470    27198  -114435   -10167  -110523    62100   -63492    24107    28542     3921    17416   -22089    78117    -5805   -46057    46905    76075      345   -25856   -36966     1222   114528    83491  -115802   -63091    40136  -100272   -86750   -31830   -59988  -110137     2199   -89664    17493    31320  -127855      -10    32719   -62251   108201   127280    92088   -56763    50298   -22450    30965   -12500   -57521    -3945    77307   -60066    33131    50893   -86333    10260    34432   -23748   -58097     4768  -106663    19423   -35097    12365   -11035   -35393   129035    -4243   146569    13500   126465    -2728  -142045    15162    21803   -35063     2816     3785   -71659   -55735    -4292   -44064    -4859  -102925   -64840    26238   124468   -33664    41474   107346   -86690   -87867   -51953   -25379    44108   -97234   -88224   -72516   -32335   -48804    59720     6006   -19262    46425    41145   -66129   -48872   -99041    52574    55165    88604   -54006   -98389     8809   -83880     6701   -47913    41388    27921   -31840    79625    59277    82855    41776    69166   -47747   -22031   -72763 
   24954    34596    76880   -13228    28480  -116530    17276    63006    33804    -7823   -14560    -3165    62005   -12089     6964   126482      949    15297    80657   -46142   112752   -66134    16038    55260    55836    30931    55086   -47183    17099   121066    83107    28982    16834    68062    40303   -27207   -58525   -66714    27932     4455    82463   -48982   101889    51013    22000     5741    40875    -4014   101267   -34399    10089   -23734    -8389    31499   -47937   -27042   -76961   -18214   -46432   -91096   -13653   -52821    71643   -12014    81491    31331   -65708   -45050   -42931   -38685    65203    70945    45841    -9777    -9918    46097    52776   -33077   -22984   146466     -769   -31779   -17439    -1672    14374    96374   146025   -56021   -20056     9404   -18010    -8345    20121    17422    54182   -28702    -6768    29238     9861   -29315   -43472    22281   102373   -34344   -32180   -46703   -30047  -162596   -75286     5715   -16837   -23159    48196   -21365    71072  -109547   -47453    32762   -58190   -14816   -30124    -2005   -18699   -84064    76273   -16219   109636  -130336 
   30964   100959     2829    60692   125041   -77340    89857    94526    29253  -129406   -15354   -10104   -29568     2910   -26666   -37692   -73071   -45904   -48217   -62292   -89681     8016   -73949    25239   162542    32842   -24182   -62728   -24318    14046   -12782   -65368    31872    72287   -36412  -134816    11843   -71822     2039   -27680   -20121   -51741    15523   -33901    24268   -73297    13870   -21872   -58540   -18632  -117562    20240   -40978   -21847   -22469      571   -66380    75740     2858    -9730   -23996   -42951   -39900   -51954    49735   -27773    62145    88504    68209   -16702    62357   -69981   168442   -39381    16072  -101670  -120240   -34374   -99442    97661  -127357    84721    11945   -32874    14596   -49910    -8254   -42540   -65890    -2261   -71227   -24072  -100214    33534    35113   -44464    76659   -19226   -32189    46174    49499    40995   -19452   -82783     8208   111744    68537  -117053    24488    31065   -15077   -21930    14018    53724   -14845    19173   -40292    49993    -2547    83011    96269     1673  -103150    -3319    -3487   -71828    -6659    -6341 
  -13736   -12125    33319   -52969    27794   132422   -42179   -25526   -92465   -24001    14167   -14910    10513    86699    38498   -56735   -49000   -81099    60471   -25064   -10053  -185168    41996   -52512   -91363  -114100    -6089   -25269   -13439    30553     8098    22181    42574    16888   -26831   120976    30396   -60694   -15953    47173    -2636    54975   -35281    23639    85100    35370   -52549     4516   -25490    27591   -22855  -137481  -101921     1859   -11887   -94368    60622   100315   -17514    75340    -5825    50107    92881   -83021    65177   -63040   -40058   -42876    12857   -36647  -151626     1758   -69415   -43539    75194    84568   -47169     3398    44498    53758    85758   -74788    55737    52470    67734   -35316   -96229    70955    38372   120947  -115001   -11488   -37099  -104408     -399      160   -82235    57610    12314    10363     2990   -99491   -47132   134689    21406   -84225   -49194    24115  -120502  -128143    16449   -91449   -62058    21008   -21972    36613    30897   -21878  -123644    -6312     5645    30678    20799    22729   -66517  -101631    -8691   -41206 
   -2965    31300  -123929   136152   -98997    -7144    -9547    10033     7604  -141164   -18031    -5063     3497   -86056   -12762   -36781   -28176    27849   148432   -25437   -45569    21787  -115132   -32517   -20530    51069    41132    22230      -59    15502    28164    65634    33138    46997    46607   -35882    97139   -25857   -70241    15208   -42350   -59767    13426    65370   -43359    14159   130426    -2548     7729    71429    -9551   -14922   -93626     5861    70599   -65894   -82914     1033   -42697   -21870    80517   -42940   -13409   110862    39125    29234    -1277     9174   -80489   -11443    36558   -31888   -17929   -10230    83380    46471   -33229    59602    36607    89741   -23066    47268    -5586   -22964   -17268    27655   -27043   107462   -14224    49837   -62120   -13820    64063    42504   -83782     4454    94117    70077   108359   191384    17547    92581   -42548    77788   -28289    16980   -43042    54130    26188   -12373   -55941   -56746   -27223    80936   -12351   -58416   115904    58783    44386    59908   -74674   -28431    35714   -34439    88544   -32749   -46377   -91317 
   23273    39294   -87815    19550    -8766   105098     -961   -26474    52714    28732   -24553    71961    36216    39554     5887   -39456    -2867   -45058    36846  -118015   -48155  -196510    -3235    13590  -126953   -38068   -13486  -124065   -20329    27074    95660    60913    56706  -118087   -53840   -17557     -264   -30383   -91970   -14037    39998     6934   -34435   137393    40278    84426    -1847   -73974   -70296    29864   -81903    28860  -100374  -103502    52237  -107500   -17100    75612     1352   -47392   -39524   -41792  -109833   -18328    12451   -26171   -26612  -116836    11632    26470    51706    82005    15641    41490   125696    84797   -66857   -18797     3116   -39087   -25091    38532    12493    43248    95549    64272    47691    34654    33112    22354    73249    42283    56148    -5521   -18520   -73933    34244   -23824    11277   -76038   107082    60614    68345    19969    34144    60736   -70381   113336   -81939    30071  -107905   -65503   -13308   -72218   -38398    22766   -18498    17357    32756   -35808    11614   -25789  -113235   159789   -30929   -20903    13221   -68164 
   -7902   -92025  -100190   -19651    45560    67004    51210    -6574     9101   -26706    90449   -39784     -873   -93147    -5614    64762   -35469    88667   -53591    36939   -86879   -27299   -29118    12340   -62829   -32749   -12413    11704   -39427   -70943   -70686    17817    55576  -140717    61597   -77463    15839    96996  -174011    79046    -1908   124277   -61422   -13975   -12407    -1901   -70251   -10506    90245   126446    29178   -34706   -38657   -34621    29542    -9000    27368   -89497    41657    -9966    88894   -21105    62314    63405     3421     9415  -114726  -111566  -160819    -1039    26799   -38354   -89106    -7782    54287   -18327    20080    -6033     2897   -44141    57795    54334    31141    18339    62852    35142    88014     8754     -741   -23222    24215    84817   107622   -96815   -17279    81674    58289   -44264    50858    39217   -65842   -24806    42450    48350   114151    23905     5063    66179    32297    52698   -53493   109656    39992   -37162   -12636     4690    -8284   -20492    39040   -17455    84423  -139676    13281   160603   -98083   -11956   140315   -41162 
  -26344   -64373    30534    25051    34680    17280   -17288    33939    41287    -8617   -24429   -71619   -61585    11328   -43859   -34995     4095  -131670    22904   -56458   -27632    41614    12592    38792   -17298   -46737   -17131  -157780   -63741    17684   -67800   -18853   -49971    -4932   -90793   -43640   -59711  -109707   -74485     8587    38132    -5393   -10701    36274     8109    53758    -3295    33927    24580   -67319   -50010    35241  -128185   144988   -19388    24166   151740    50408    50600    63994    62723   -24728   -62367    42216    42991   -47133   -31183    61787    67195  -104321   -34381    42942   -10246    14198   -62822   -56330   -26186   -46917    66388    58214   -11886    21895   -19024   -59037    24871   103332   -22451     4531     8780    -3049   -48992   -18029   -53636    74166    57759    19549    -7656     8236   102666    39884    18019    12693   -52039   -71869    13304    10819    58740   -33260    -5133   -53161   -74073   -53483  -123159      -13   -65542    -2735   -35936   -37837   -23289    58309    74668   -72186    57545    88707   -55816   -68590    68704  -109856 
   14123   -49428   -28039    65288   -30421     7370  -154319    41278   -59014   101751   -66431  -107440   -51234    11602   -71770    47462    55617   -14079   -37338    35459   -16519    21351    87217    40371   -75876    -4199    67284    36412   -17980   -17522   -42130    -4930    26378     1779    17318      694   -64631   109148  -139759    80617    73869    62171   -93242    -8799   -86710      608  -124819    21130   -44258   -45553    58472  -187417   -46617    10292   -55896     8196    -9176    39050    66263   -24655   -30234    26397    35216    74647   -60334    12573  -101768   -95669   -78725    15944   -29257    15647   -46811   -78999   102121    67634    38384    49489    50486   -29461    26494    52339    44351   104579    18791    93164   125424    -4615   -83954    35741    -2739   -71582    48035     6375   -25827    63193   -17170   -30454   130502    15937   -25222   -94782    54278   -99757   -74727   -43275   -72222     8434   -46213    40387     4208    78824    25990   -62994     1810   -95139    26236    46799     7731   -69095    89561   -61825    19289   -11729  -106949   126713    11681  -183073 
  -45390    -2826   -54128   -89175    27152   -85547   -43208    21423    30058   -47015    53424    77322   -89778    88882     6866   -46600    32997    95997    18264    40227   -31953    -3263   -33577   -16746    -2415    49310   -96747   -80404   -23901  -106073     8777   -96627    -6286   -73454   -71642   -29070    65594  -137976    18979   -38536    44384    30350    41455    -4506    39833    -3044   -28972    41090   -37022   -77327    -2615    13188    -9451    49084   -35897   -78365   118190  -155580    51532  -102374   -81604   -61469    56948   -47093     4764   -43102    88981   -68963   140409    56802    87321    76531   -10157   -30913   -38743   136681  -121523    66034  -124039  -113692   -24981    81845     8179  -176618  -108547   -66250   -38265   -14419   -49156   -27181  -109974   -80651   -54054   -22646   -39626   -80834    25469    39042    -6198    39546    61559   117471   -28253    28008     3619   -34414    17917   -12218    25979   -30982  -134433   -99175   -80431      582    -4292    48593    -1003    93792    -6313   -16278   -90901    62594    31051    81333   120367    53577   -64820     5718 
   48362   -20542   -14935    -8057   -14195    71769   -11886   -86722    23698    67068   -36743   -25099    84817    20867     7372    98317    73759      385    59291    86090   -26878  -117760   -53433    44842  -103671  -100246    -3773    53125   -56795    47680   174226   -73014     1076    92153   -85397    28058    56992   -10320   -47063    59426    70346    11790     7764    64719   -33753  -109702   -55037  -110319   -30478   -43334    30903    63260   -56765    16050   -46342    46636   -18509     7835    14974   -65592    -8272    56807   -19831   -72158    64209   -82372    31814    76967   -11005   -20470   137366      993   -20779   -45175    -1460    -2346   -73273   -14399   -51751    97612   111414   -59821   -44926   -29077   117796     5714     9238   -53125    66940   -45330    58389   -72195   109459   -60425   -48495    22785   -34510   -21743   -23347    16470   -65442   -94622   -35893     7492   -38787    11329    69873    27104    18404    12359   -56581    92767    66163    37568    44945     -213  -112531     8574   146995    65081   -64076    71933   132677   -85345       63   -53420   117845   -38204 
   58069    91178    90032    57434     1989   -41811   -67038   -76654   118676    77411    -2345   173488   -27078   -24089   -22354     9107     7351    -9712   106050     8173   -10726    23029    58488   -52936   -66794   -14325   -55312    89317   -62329   -30332    45962   -55039  -107717   -51658     8131   -49982   -56456    48533   132732   -31296   -28584    93185    62216   203613   -16422   -23694    58964    31544   -98410    71189  -138014   -22180   -29784    27903     2904    29332   -15732   -28980    91499   134377    14752   -22922   -69987   -67372   100796   -49369     7854     -347    37146    20915    17076   -19513   -44728   -32656    51954   -14413    73955    38001    -9888   -36159    28608    11044    11972    48305   -60274   -94636    28633   -27368   116551    20453   -10554   -41952   110585    17074   -34626  -126826   -24522    25543   -28971    53264    19142   111624   -46733    26965    -1440    89156   -93248    15760   -85488   -54269    19888   -32223    26870    30584   -56448   -46034    20201   -92153   -40242   -78535   -70376    -4463    34981    48638    83772    41307    51073  -103271 
 -110998   -45293    73443    17129   -10032    16547    41376    48266    76012    64986    -1076   -48359   -46606  -116742   -65684    31508    50377  -128615  -112140   -57047   -18153    13830    55470    17729    41680    35003   -12582    47329     2698   -26756   -31582    25404   115077   -35299    12294   -27093    30736    93952    35120    58058     -979   -11809    30152    30576   -48052   -77441   -19615    79727    40200    13450   -65269   119099   -20551   -13341   -48467    -7638   -71992    12304   -28915    12887    41473   -13710    10836    58801   -38103    49510   -51885  -103276   -52318   179420   -37895   -77083   -25239    62677   -49286     9391   -28792   -32021   -70058    52229    57873   -65922    33694   -12816   -44668   -30814   -50041   -51342     8995   -79228     2320   129587   148399    19570    83222      963    11750    60338   -48739   -30330   -32836     4348    49433   -19223    57964      691     4370    37149   -96709    98301    29892    22300    88080   -88681    57011   126449   122075    44942    54942    82602    -7483    31931   -39618   -29597   -73074   -78286    10644  -172169 
   54402   -52087    14065   -84804    -7978    79739   -32545    63578   -34618    43576    77912  -112190    -6439    47561   -24670    74976    70236    -1547   -68387    82874   -63535   -41911   -59237   -25670   -56332    53814    39507    73412   -63725   -57713    23678   -26602    22756    30570    38696  -115252     2233    49254    57463   -41819   -45879    95752    -5280    76518    10923   -74803    83420   -67506   -30264    53243    69475   -42388   -23401    39808    15987   -36717   131028    85855   216449   -72566    41157    71992   -28590   -43299   -21411   -60103    56291   108276   -39039    39883     1902    20851    40674   -14970    15622    15587   -12056   -16188     4957   -13625   -10798   -15097  -104600    50364   138348    72628    43696    76050    -8010    15794   104357   -35341    47240   -36872     3910    90209    33873  -115357    54782     4599  -131237  -147979    -4145    -8233    76397    62144   -56762   -38364    17665    26479    56056      113   -16864   -33091    21090   -74434    38368   -15733    46931   -44024    35372    -3633   -17599    56408  -156618   120605    29838   -69773 
    -479    -3354     4312     8749   -44423    -4903    15850     9756   -32784    -8338   -77141   -39755   -16418   -70982   153172   -32879   -73864   -53116   -15611    16368    89306    34138   -33512    45977    42017    84485   -16972    25626    37598   -61355  -142284   -83330   -41670    74672   126549   132043    91099    16162    34142   -69515   -79289   -87094   -23423    -3181    45816   -59571   -33254    30957    17449   -38404  -206237    31427    72315     4542   -94414   -48196   -16334    68788   -95271   -69887    28630   -66096   155673   -89733    37112   -47700   -18238    72270    98365    22851   -26653  -105199    10017   -49203    17093    -8908   -48130    13675     5745    95372   -29377   -31413   -52084    41354     3315   -86468    15832     4700   -23444   -30125    -7568   -92530   -58890   -90239   138405   -33660    -1234    39027  -109151   -84631    33195  -139961   -29255    51455    46568    -1292    38367   -60863   143216    45461    27578    19749    64245    74665    22815    72349    48053   -54205    12047   -56211   -10687    78813   -33039    89485   -87768    67097   -55586   104962 
  -47618  -109518    17118    58301   -16907    41751   -11255    41868  -180629     8308    60630   -64434  -114073   -83783    83570    77603     3443   -47908   -52563    30192    -8480   -65295    98211      621   -28982   -33115    21687    27506    30699   -95439   -23969   -18209    15896     6269   -66801    22142   -20940    -9222   -26998    92875   -71464   -33160   -24996   174991    -3592  -147475    77398     9674   -23027    18340    40030    30786    -9011   -12149   -87209   -12650    10055    51112    16841  -137133   -77752   143350    60906    43793    14740     4540   101084   -73948    64451    35656    -4341    37091   -61934  -136861    79745    81514    75278   -68933    -5114   -21381    53581    16323    54193    -7057    97474   -41790   -16819    27581   -54937    66057    32186    -7892   -13365   -34713    17202   -57052    20218    56673    13003   -23327    32093   -46637   -18727    56733   -23754    30161   -50159    33323    60924   -74301    74806    50039   -25830    12022    19747   -45719    89259     4399   -38053   -17953    20043    17846   -82003   -22346   -35177    51880   -15909   -80620 
   30053    81040   -77746    92077   -44815   -13522   -38002   100417   -95329     6171    84095   116090     1135    -2139   -20492   -15632  -142869   -79526   -24691   -54523   -77271   -32437   -48017   -51183   127760   -34582    76423   -14287   165306    47328     1624   124332    50728   -35641   -29061  -108640   -78959   -16763    48183   -37533  -102206   -27657    33040   -12215   -45831   110139   -49087   -37864   -59590    23233    33883   -45494    16293   102396    25959   -29893   -48196   -18595    84271    43824    95726   -70714     4777    12696    36891     3461  -122035  -104674   -12142  -130330   -81661     4131    70246   102489   -65007   -24851     9511   108475   -37998   -59021  -104056    32562    31397    15418   -93241    42616    14758    31314   -65233   -72909   -65827   -28804    21604    68815   -93927   -59750    14746   -73561   -54275    79527   -13614    40362   -40315   -33609    19260   -14057   -95096   -63317   -56778    97896   114441   -89313    24939    55204   -51048   -92909   -38115   117589     7206    -9121    68396   -65611    -9184    76955    -6952    61745  -112220   -50132 
   12338   -67346   -69411    46878   -44060    33139    61758    65483    91478    43942     3671   -62469   -91453   -86603   -66448    24243    43607    78717   -56977   -22383    42191   122994    28150    71118    31998   184205   122100    37539     8148     3859    24113    75323   -73265    18074    55545    91933   -17238   -73576   -22374    25782    64639    98894   -75216   -37725     4973    -1906    44886    79505  -119513   114393   -88538    43080   -24672   -53882   -61597   170563   -64362    17314    13891   114196   -49356    63658    21082    67171   -54591   -12246   -53248   -50908   -58650   -13566   -13356  -107653    46452    41117     4182   -32694    72410    66227   -15135   -24296   -68515    44209    57802   -92779   -10813   -81570    95278    -3356   -93714    42221    12791    73764    87281   -19896     7135    39315   129993    15838   -20164   -27928   -22705    31932   -82878   -56776     3842    56480    10773    59669    14379   -31789    76652    39419     3318    -3982    40954    23422    -3810   -31754    45290  -159525  -142051    73050    -4990    25294     -808     6917   -19299    23159 
  -13541   -24780    74292   -48128  -110457     8685    37553   -14764   -41254    -9648   -43671    92158    -8379    38527   -10490   -89450   -45669    22249    56789  -140017   -54029    21786    37636   -55002   -92323     3170    26885   -43939   -89768   -12738   -58070   -26605   -35026   -33649    14442   121058    19141    23920    -9344     9004   -16325   -70799   -83556    59228   -59254   127688    10521     7077    17701    92475   -19354   -64713   -28467    33670    34512   -46857   -41346    90176  -114041   -57935    66019   -46193   -19301   -28755    15922   -59974   -27775   -20456    16335   -98236   -10039   -21344   -58709    34854    79043    74560   -10633     9379   -19171    71899   -77560   113177   -13170    78913    42412    33883   122864   105736   -67505    38303    37767    39098    19101    24363    41838   -33122   -40540    80616    -7358   -68420   -42407     3547   -27136    37233   -45593   -48732  -140551     8685    52152    82044    35471    49941    17018   -11721   -59962      495     4700   -10562   -63245   -20751    82518    31176    15529   -21852   -14290    47124   -48914   -56048 
  -99322    25148    37702    44760   -16846   -29592   -11166   -33290    18130    42604    22481    -8059    28251    32224   -20681   -79947    57133   107643   -49196     5593   -43331  -148405     2737    -2653   -20649    58879  -128058  -136616   -51766   -14812    38663   -62601    41976  -131321   -26150    -3137    68025   -36377    79224    87676   -56707    62590    36944     6927     9646     8369   -61318  -109142   -78964    87458    89923    34745    18544  -124413  -113689   -49788     5334  -101828   -47716   -14433   -40998    64415   -12853  -138404   -68739     3319    57892   -86435    40153     3199    16541    35738   -53856   -54260   -25153    80030  -105290   -91131   -59944    14341   -29744   -41807    11813   -47847     1092     7362   -52839   220639   -41618    54679  -114487  -118449    14082   -42645   -58959   -41534  -110741   -77564   -48711    25015   142863    89090    -5146   -12370    25945   -17255   -10768    98349  -120626    88017  -102382  -147441     4397   -46282   -43244    52731     7755    64632   -46185      327    -4834    99461    70302    17504    80364   -40443   -68757    30785 
  -91966   -35131   -52249   -17639   -37092     -102  -110151   -16625   -46887    -5029   -39550  -121936    64543    79109    87042    44541   -36700  -113177    44172    48498   153377   -77486   -46151      829  -133339    61923  -116569   -26179    17157   -10173    44403   -23864    62179    72578    76807    -5264   -50810    58248    23373   -59361   -65182    11677    51742    91042    17160   -26063   112588     8918    41525   -59213    -1036  -116863    80594    41977   -10370    29473    12800    -5463   -69005   -95168    26170    79703    51873    -6077    56214   -63129    12540    44790   -60912   135405    23601    63183   -23422   -48016    74480    61861   -22712     8043   -19825    42567    59765   -19991   -44031   -22633    68900   -30967   -15696    52937   -53033     5343   -77710   -44612  -124592   -49605   -13258    33586   -50398    -1218   -72717   -97002    53282   -98489    17118    69838   -58753     7470  -115771     9490   -90779   -93114    62289    54860   -52585  -117272   -99562   -30958   -20084    46713   -37112  -130317   -44402    73483    96979   -72891   -29264   108472   126195   -43067 
   92114    37515   -44807     1836    53108   -79984   124973  -112376   153949   -23674    20399   -52819  -110245   -41082    54257    23175   -22061    28832    39140    -5792   -17817   -39324     9663    79943   -35184   -54208    19035  -106047   -92351   -29060   -91750  -173277   -14459   -23249    27899    66556    -8586  -138629   -97944   -35649    40352   -52369    28182   -95832    20362    63387    60085   106606   -56260   -37989   -36132    10360    -7399     1258   -30833    33727    55566   -77487  -117837   -46284   -25784      420   -41642    -8194    14995    84746   -12285    19773    49890   -29899    18197    49185   -15266    64749    53779      467   -56381    98612   -20706    72753    21442    65944    11598   -95285    -5823  -130596   -62390    48650    91055    36668   -18856    90546   -96973    34280   -68216    49031   -44310   -54487   -64897   -51299   -22262    46781     4207   111617    17637    59181   -10526   -20466   117098   -67526   -44737   -34383    32186    86984   -43919    10702    56699    -1350    12833     2563   -19384    61481    23692    51901   119949  -134907    17048   -52349 
  -44249   -92883   -27351    40966   -41916   -59084    29184   -52140    15007      357   -29016   -16088   -39638    30293   -54235    99100   150658   -14915   189818    -4570    96619   110207   -45054   133645    -8459    49342    88611     8158    61428    -2313   -40629   -41925   -58699   111480    88171    74727    54866    11346    26662   130665   -55676   -61539    16020    -5519   -20308    24618    53448   139211    19209   -68512    72786   -31706     3588   172431    75712     1277   109449   -37931   -57815   -18869   187531   -27604   -15644    33365    33917  -100769   -73446    -3429   -80293    57920   -99970   -12519   -54331    18783  -163211     5962   -59400    50267   -34365   142689   -66871   -31776     3418    27580    93738     9789   -91169   113739   -76567   -10215    53103   -16881    32628    23277     3879    50142   -64278   -74667   -91566   -34237   -26148   -21194   -21212   -78072  -109047    -7117    13094   -30109    12777    50282   -16912   110692   -76684    97245   -72718    48975   -10021     9593   -31197   128496    16253    37769    67447   -81098    13521   -72205     9644  -137200 
  -10558   -80337    48110    42567    16474    56001    62202  -121546    86704    -4028     4749   -27252   -24671  -130261    24043   -48812    68315    -5619   -41778    71381   -99158    -8357   -59666   -55200   -16204   -51294    90887   112433   -21689   -74606    99595   -16875    -9218    -6551    -9076    38262   -41667    12836    50736    26007   102606    15596   108495   -13982    30233    53925   139232   -53383  -135316   114884   -19334    71206   -35634    39771   -56282    34426  -130259    22372    81833   -14596   -17197    24860   -23525   -67168    32369    29748    95557    71311   -35474    -6753   139669   -48755    34930   121435     8837   -86608  -135937   -85757   -79881   -25297  -131527   144504   -23413  -242384     3323  -106020    26818   -72644    73113    17812    13002  -106365   195712    -7086   -45116    -7999   -43241   -43918   -54945    24378   -35989   -11793    47953     4599   -14178   -74697    50455   -29384   -59679    83884   -61030   -73913    98565    27475   -17278    57007    33945    84007    62270   -82134    12970    63691   -18565    65606    62871   -24607    76115   -29225 
  -14266    56693     1293   232374   -20826    -7793  -108724    52186     1036   108654   -16920    -1504     3292   -34743   -83415   -40507   -46176    -4839   -14853    54894    31235    38873    20099    40723     5947   -26079    41307    -7184  -113939    11375   -18725   -85363   -14012   -88009    38127   -66818    74038    73123    84890   -60122   -57739    88710    73375    70766   -77506   -27671    13475    -3151  -157114    54275     5752   -52895   -60799    40463   -52113    33552   -58538    65643   109689     6142    85026    25741    61034    66184   -69867   -35320     3230    24002    37360   -79322   -13956     9193    97593   -31945   -19483   -47590   -29312    11066   -18683   -42969   -25936   -44013    15667    -4867  -126292   103977  -105952    -9686   -36253    -2901   -43765   -48092    12888   135092    40750   -95658    30706    67871    56232   101771   -89081    60531     2073    11426   -37431   107404   -30675  -159408    -7265    70152    70295   -37634   -45246    45240    33090   -46521   -10916   -47436    29667   -48013    38790    -3290    -2879  -104237  -114162     9064   -50669     3757 
  -51639   109483    44492   -70662     -746   -64286    25088    38292     1343   -52183    85208    44368   -77625    19506  -106398    -8844    45087    -1346    23757   -79833    57187   155881  -133661    42570    27927    29754   -32823   -79385   -29453    47410      281    23027   -72779      355   -49535   -38007  -139703  -115489   -60941     -973   -23008   -26405    57046     -418   -68764    -1863     -185   107242    38129   -46660  -103198     4614    78472   -78894   -61580    46393    41334   -31117    27893   -30919    -4794    56626   121617    36169    32600    69224    22778   -24554    67208    18770    85688    59256    53239   -67772  -156498   -44818   -91161     6633   -14957   -13196    39474   -31997    43654   -50385   -38137   -41613   -84698   -76093    10969   -41049   -82818    54973    12055     5729    41497   -43802   -51679    73977  -125680  -102815   -20843    73314   -23273  -126213    45525     9833    36512   -20499   -24580   -44006   -65684   -43767     3508   -64509    50848   -44897    34020    63824    20429   107976    38181    85221    62687   -72350   175696    11450   -79835   -88069 
  -12571   -23961    43881    -1027     9173    46864    69795  -144940    61499   -64493   -72279   -86990    70789    -4380    -1073   102255   -43097   -24066    45199  -106905    45878    -9665   -73824    55688    52374     -141    67784   110295    76492   -73684   138194    36512  -142735    83230   -10957   -68161    37898   -71249   -78721    55859  -144357   -36285     9296   141766  -131927  -138951    28992   -36404    44384    27507   -13805    53219   -29703   -40404    -8812    19103    -1339       71    40645   -64475   -14380    27129    45077    12229    71933    17932    75418    10727  -184864   -52463   112933   -48792    36814     2288   -65103    -2123   -72858   -25530  -133685    28004   -55969    -7176   -15604   -72755   101290   -21539   -33792    30960   -95803     9754     2130   -89987    31890   -63910   -23084   -51582    13339   -74901  -101687    27443   -89413    16328    10622   -67336    10695    17551    70260    67350   -29209   -19710     4978    37772   -22412   -52935    10168    -1792   -59884    -3067    47755    32429   -23373   -56385    45203    28464    23767    -8442    -2478   -16278 
  -68718   -63620   110742    35330   -50838   107322     2974   -85304   -38330   -18436    30597    -7917    -7275    75998     4267   -74028   -42220   -48962  -136113   -95087    -2108   -57690   -38770   -12041    22506    42041    21111   -36591   -26466    50049    74760    44104    -1384   -36666   -65607   101016    -2644   -55126    89616    -6463    18773   -15573   -24476   -17913    24487    17256    28068   -67376    42232   116161   -27800    30209    44941   -64376   -47032   119379     6481   -16208    20765    46446    43783   138257    32561    56051    20227    56149   -19980     7775    47606  -165960   -45128    18508    85333    62179    -4298    13023    83521   -41180    21914    19987    27243   -86104   -20464     2248   -82849    56671    -5183    21132   -16658   -10524    46713    33432    65955    -6028    10677    63323    36419    92132   -15588    -4237   -10053    -8636    11461    66880   -11053    61848   -62313   105760  -104789    27114    -6273   -54535    -5151   -83853     7581     4149    77235   -76478   -49821   -14013   -41924    55429    13638    -4830    25576    43969    64007   -43732 
  -25055   -22301     1805  -103212   109199     8490   103487   -81565    80266   -35247    29969     5110    63048   101216   -36605    61323    50656    81865  -147935        9    95947     2246    47967    53707    19250   -71088   -39129    98966     8077   -14707    83934   -15069    62149  -133649   -64642   -14834     3170    85414    37056    19884   -63783     2431    27928   -13266   -71369   -42667      359   -34675    64820   -74413    80654   -10033   -66956   -22869   -28111    66950   -46549   -66988   -32581   -75909   -15159    60243    71056   -46832   -76067     9235    47549    40959    22385   -10910    85256    37909   -49479    14915    42003  -102356   -19983   -46152   131176    38368    15992    19590    41555    -8444   -43580    -7808    -4991     6511    18561    43969     4375   -91990   -77490   -58639    54829   -12073   -58407   -31480   -28459   -10956   -46965    36622    65596  -120081     6885   -85949   -14203   -46367   -63369    90714   -93109    39897    51727   -99147   -21856   -17283    81774   -11519     8961    47223    55994    15477   -55346   -45539    -5221     -461    72178   -40539 
   25171    41269    55857    32741    -4333      968     4068    49096    59828   -64125   -81483   -15913   -50496   -45604    23525   -22139   -22519   129779    11612    67804   -93912   -70266    15003    80879    54470     6451   -61149    54732   -28963    31205    24881   -29527   -30725    70687    10144   -54803    33055    44704    -8876   -26606    27135    -3976   -54361   -43737    60990   -19584   -23861   -43864    23083    50905   -57460   -93184  -130949   -69060   -15195    21294   -23515   100691    48031    81426    67119   -39048    74009   -54953   -59998     7010   -69895    23611   -98617   -37184  -124744   -86513   -70254   -44252    -9219   -60361   -94601   -72294   -56483    57759   -38940    18201    64234   -37461   101810  -118613    -2502   109041   -78867    16552   -51864   -76226   -42278     7765    11679    15937    30150   -76334    39050    72188    -4489   -29179   -28814     -486   -47257   -17662    33649   -26322    32749   -42519   -24428     4500   -46493    14961   -38255   -61502     3744    -7328  -110826    34112    33251   -46572    -3541    12250   -79898    42599    43979    14495 
   98254   -11998    41568    91639    37015   -32448   -12662   100417    37370   -40115   -36727    77182    -7859   -27850   -65259    54340    74247   -45210    -7834     6590    32269    26293    61079    61917   119022   -67931    13480   -10554    19054   -12294    12683   -24869   -27672    48162   -51112   -47680   -55546    -4331      964    -4079    85476     3937    70832    41279    -7159    14391    69495   -53581   -44750  -125145   -58652   -15367   -95054   115730    -1374    15314  -139398    48177    16038   -56165   -95095    71973    24112   -88273     -537  -105000   132165    77410    83588    32934    -6074    -5885    66700  -138065    -2285   -47442     4061     9103   -65576    18202    -7952    23446   -40849   -21853    24262    31372    34231   -71205      997    35814    27967   -99218   -23487   -24749    66214   -14363   -60633   -10055    22134   -11057    -5329    -5068    24193   -53113   -84453     3162    47445  -156478    41515    24998    52497   -49694    -4391    13737    43318    34373   -74922    -7923    31153   108611    -3493    45439  -147219   -71633    26325    -5828   -68642    17358 
   -8207   102145    47020  -117765   -14391    71048   -49574   -42554    87500    -5894   -35137   141201   135194   -40895   -86132    29157   -18598   -26746    14907   -19407     1043   -12665   -65995   -19541    10573   -39188   -62378    45012   -14032   -36594   137221     4821   -58298    28876    -4720    -7718   -33168   -42191    75001    53084     1731     5365    -7814   -10927     6169    37460    73360   -33018    37344    45866   -90128    54961   -21059    35395    91508    28676   -22596    36164    96618   -44351   104180    -9712    74787   -24593   -60754     9932   -56077    62014   -16717    29438    65495    14159    83768    34627   -80787   -49709  -131412    35563   -47594   -92663   -48832   -21584   -77348    12747   -97687    83724   -24601   -80906   -52483   -12613   118074    -8473    55781    -6498   -11519     8304    39595   -39892   -12845     3798   -12846    77025   -40984  -141153    -4941   -12312    -8685   -45787   -57368    20967   -86193    36552    55021   -59655    23890    46236  -101649   -74236    71538   -85536    24927   149779  -100008   -45769    33347    74330   -57494   257047 
  -11187   -84704   -11810   -55331     3647   -66500    13266   184253    -2857  -111022    49197   -23561   -55340   -61918     7835    26466    20472     -368    20558   -16071   -51169   -22295   133445   -44833    50657    15224    78385   -54807    62681   -50081   -24922    58350    59743   -45144    46808  -100352   -15825    67835    53270   -39225   -58671    -8859   -29349    24918   -33540   -78812    68267   -43946    37502    50317    15340    62630    65048    38592    31754   -26255     9014    -3796   -63312   -22484   102638   100859  -139451   -64287    13939    -5285    50705    32909    77753    29105   -23054     2534    31113   -33166   -16681    23434    11236   -90335  -115340   -13189   -36623    72693   -73713   -29689    35168     8898   -83775   199317    15188   -33993    41449    12189    54799     2614   -57767   -68650   -54600    13007   -68019    86034    17806    76448    27893  -149708    29402    28821     3859   -41749    70794    56621    31864    22431   -10715    15874   -71457   -46592   110890    53459    18704    54267     8601    21422   -64947  -140003    40250   -92562   -11698   -13514 
   48035    39690   -12028    -8130   -34510    57953    50725   -51892   -30508   102036    18732    33962    82064   -55102   -40130    79013    43586    10737    -2695   -72012    48015    29902   -28965   -13398   -15981     6968    53741    97341   -39328   -59262    82529    23653  -165437    93467    22762    13802   -55318   -42243    36266    52049     8941   -27159    -7103    21966  -123579    -6759   -24623    32613    13310    34459     7129    64321    89186    48196    34709   -38647     5009  -121989   -31637    30598   -82299    16953    74375    44512  -124961    95931    -4818    19449      226   -94254    69101    36417    27914   -16223    39993   -39533    47117    21166   -97900   -45236   -12496   107457   -19119   -20210     8728    24965    80392   -73770   -19175   120759    32448    31790    70792   138543    21672   -72406    99724    48556    12074   -36183    10496    12245   -81878     -717   -32768    12117    63933   -76817    55480    39175   -22012    48679    63207    75022    16090  -103591  -101135    57052   -19238   -51891   -24990   -93662     9198   -10319     6264    49114    53722    31171 
   22980    37367    42778   -57520    21290   120487    27714    91513    43060    53236   -74697    54672  -125265     7469    61896    23228    61711    54594   -43335   -28741   -83758    -8247   -32735     3399    70933   -99293   -80927   137884    93006   -48615    98813   -14297   -12779    45332  -156839  -152845   -43193   -19499    29313   -89112    33038    50662   -37624   -29860    36530   -37607   -53358   -19836   -25651    16837   -95548   106300  -143957    37834    31348    54349    33025   -54600    33794    41361    -5453  -135193  -100625   -10568   -48545    33114   -42134    30273    67109    15638    91783   -32635   -52744    51689   -39413   -76546    52104   122013   -69017   -12865   -21873  -117652    84299   -59508   -38242   -19347    -9765  -125630    93929     5853    23432   208971    33529    88527   -28165   -14850    99634   -48176    73718    13337   -32341    12897   -56586    24711   100569    -3623   124708    21394   -32872   -32558     7518    37298    34762   -38834    90744   -20646   -41317   -90824    23714   106014    -3411   -42550    62803   -11424   -17635   -69323    50744    26966 
   73124     6581    19352   -74808    88531    67354   -20063    10568   -30839   -35522   -67152    55163     9737   -98769    10497    19328   -22030    92685    35198    42436   -92723    37372    54987    83415    23644    39589    55109    78659    34512   -15781   -14932   -16923    23486    58823   -31071     1147   -25704   -86151    40702   -98919  -137651  -147705   -51180     8999    57746    21525   -41515    -2588    14070   -30883    45435    40111    69806    85965    12342   -98361   -64506    48870   -33877   -27231   -46876  -155417   -47915   -33007   -74557    12760    30649   126679   -68512    31653   -24069   -27768    63415   -41352    32067    29745    18357   -20675     5474   112835   -80325   -28745   -62736    66025   -18641    -6050    22438   143229    37230    49173    98620    90744   -52302     5113    52404   125562   -52186   -70101    34655   -24005   -54285   -11150  -105122    29942    46424   104073   -18926   -52726   -25128    89135   108458     -481   -12555    51591    64668   -55466   -35888     1983    12262   -63114   130879     2436   -41849    74173   -76910     8372    22183   115329 
  -26212   -22928    60027    44681   -28749    25231    38529    23545   -38263    67477     8676   -31504   -16049    25838   -15355   -43855    36328    79816   -24183   -49750   129576    69414    34645     4750   -89930    50782   -37444   -19851   -63096     8317   -80084    46747    -2281  -152986     3973    43500     2851   -18459   -28468    30857    71945   -10006   -67688     8020   -94774   -26316     1857   -43100    34022   -15948   -43881   -40057   103463   -11845   -15945    27699    95382   -37868   -22299   -70700   -22319    28768   -78842    59933   -85923   138760     -896   -51592   -10565    34512   -40257   133789    20830   -89090    54021    35834    68122    49105    -8949   -22344    68089     5095    38870   -49796    19769    36056   140414   109878   -62368    38670   -70558    37745    31804   103635   -23561   -77334   -13910   -86841    88539   107225    61690   -39445    37234   -29948   -71491   -90904   -76576    54253     5481   -44028  -104104    -3975      361   -65994  -103064   -48129   101585   -25747  -139290   -16856   -13747  -121337    26674     7870   -24061    74748   -37207   -35558 
  134891   -32291  -103617    63160    48714    78733    95123    22162    46974    -8281   -76462  -120208   -41113    27634    46925     6985    57243   -29601   -85490    60075    61989   -14750   -22458   130668    39166    19268    21353     7610   -38736  -129155   -27670    64066    45307    26438    26238    38029   -31340   -74617   -42508   -26399   -35618    33104   -12884   -41225    19276   114117    26244   104106   -21861    20536    61528    80324    71217    59921    25864   -51596     -762   -51166   -62491  -126262   -45028     7737     6443   -23417     5083    31203    87393   -63585    53511    -1452    53596    53726    50810    77090    12903   -57088   -23626    -6348    47381    -4991   -91117   -29176     9964    42247   160451   -60474   -12841    27678    68058   -58564   -56525    93972   -60249   -17216   -40267    30840   -95000    41374    -7226   -96610   -28210   -91927    10176    45580   -30932   -24396   129659    40901     8709    56230    73824    -7103   -40127   -18981     4300    72391   -88301    25169    35309   -46163   134493   -97537     6949    14803    -7586   -67695   -20949    73826 
  -25414   -17273   -25423  -164693   -37641   -10766    48031   -19339   -17190   102627    40676   -79434    19999    77511   130932    52495    69223   -21211     7215   -49648    49062    19614    59208   102016  -140938    35690   -37116   -72406   -20194   -79122    23635   -47518  -161570    33734   -60256     5050   -74600   -18187    43430    24135    15044    41410      328    23141   -38506    -8053   -34988    46587    61979   -49335     3533    15227    26339   -42918   -14873   -22126    96863   -56022   -36475     1216  -103464    72008   -64574    56801   -21593    10316   128495   -79965    59244   -60475    25162    55994  -125900    68265   127728     8713    62807    27901   -35124   -19892    -3579   -55542   -32112  -127214   -85037    -2812  -105670   -17288    49169   -13756    18697     2657  -101377   -11677     3138  -115636   -73339     8984    19114  -104930    95094   105412   -20831    23028    56498   102117   120197    60299    17998      -92    60688   132587   -33472   -30869   -62225   -10208  -123058   -60029   -85001   -47166    21184   -17610    29914    78647    33224    29803    70790    30832 
    -293    20115    -3498   -88474    12842     -846   -48674   -47320   -57276   -32930    49319    34397    51933     5338    20493    39732   -39261    55993    70116    74254    25256    36761    42756     2228   -33376    70133  -138989   -14369   -62094   -34995    76445   -51947   -25015   -85211   -22418    79167    31506    40566   -37907   -51330    34878   -23171   -80423   -33610    48698   -23099     2961   -68363    63150   -44572    13949    45565    30064   -29324   -31437     -993    21852    26610   -72358    -7105   -35678    31792    -4407   -15439   -15537    36792    -9003   -27093    33527    58333    30953    -3642   -14307   -83724    98693    20813    -4362   -67033    67819    34563   -54575   -10339   -25077   -39853     1281   -76656   -17300    65759  -100024    50431    -1610   -53532   -20664   -57688    26646   -52414   -22913     1239   -61391    29788    85747   -49007   -69295    16257   -69111   -33851     -233      796   -22602  -103933    -9656    75853    -5296    44145     9563   -21785   -16518    24551    28997   -32357    21544    28104    16193   -28687    13573    12930    35992      -87 
  -46933   -98159  -120579    88063   -57381    61473  -194092      552   -73029    79818   -91223   -45361  -111115    36342    15836    26805    -7379  -109637     9311   -18432   -91145   -76059   -41633    67805   -83442   -39055   -56652    28199    26743   -87267    30800    25776    22041  -145031   -82510    68159    99325    95959     1764    -1104   -67764    27227    22202    -7770    -6050    32643   -31267   -37668    47615   -67270    39718  -201213   -68421    61559    34591   -24752    15747    93832    21850   -76372   118622   -54129     3670   -38115    45518    44591    -5335    46279   -56116      732    58378   106670     2922    90888    19937    73535   -46170    69391    51879    12728     3269    51237   -42441    73796    15009   134532   -51491   123015   -66550    45184    52370    19206     8301   -17207   -32094    50023   -37649   -77510    44941   -16516   -19460   -94667   -32702   -10668    17283   -29454   -90963   128194    20775    33448   128534    27421   -38623    33098  -149005   -10584    -1671   100099    32865   113736     7649  -153810   -96787    85599   -64258   -42577    85540   -71934 
   15777  -114569   -57091     5357   -85639   107801    31429    19453    31873    -6504     2627    61339   -26270    41986   -56036     9456    38260    81880    15199    41107   -56363    51259   -41262   -26403   -43182   -51674    -1734   -96076   -57448    26036    -8337    46590     -155    -6411    50943    17411  -135701    35962  -153990    -6523    -5998    30578    41655  -111804    44080   -31519    49574   -28364    41037    14751   110024    18923    20538    25157   -27744   131067   -16282  -101303    25745   -92001   -14591   -45030   -48518     6485    18206   -77959   -42126   146440    91757   -44950   -16013     1558   -68640   -49064   -53672   -31445   -86760    41719    28666     9099   -12382    31467    57299    60370    83589     2880   -61944    32293    53907    59540    15155   -46305    60513   -19957   -30294    81337   -64624   -52222     5113    20531   -55167    56177   -69497    20263    54499    22733   -47364    73906    -7830    67674   -44270    68366  -104261   -52444   -28012    -1110    12868    90177   -70418   -29919   -28696    53330     8356   -68002    42279    60080   -26694    42210 
   41567   -45734   -37573   -98867   125178   -24415   -18636    25074    50467    27036   -11017   -85949      159   -67612    94347   -66262   -10184    73688    53345    29178   -38896    56164    66571    74749    30433    23243   127120   -38772  -118068   -28974   -98627  -118102   -25902   -70995   102296    49980   -27137   -24347   -99471   -49143   132086   -42318   -42751   -70539    -4633   -58761    45793   139246   -32782   -60383    91145    25573    39258    54024    -4768    -9472   -70218   -12752   -23125    50139   -71897   -88051    87396    93760     1976     8222    22570   -81212   -26363   107250    57560   -13397   -60778   -81380   -56639    57315    39333   -52885    73761    53363    67637    45644   -78929   -49795     9344     1310    36523    15485    28837      844   -24914    47187    33987    -5652   114352   189480    88600    52877    53175   -83887    52790   -63672   -41992   -45719   -63952   -26932    39624    33704    14973    50984     7672  -176710   -94579     6873   -92118    51133    -7843   -50796    12218   -66106   -72922   -73624   -35352   -63104   -35471    35216   -17025   -97695 
    6820     8925     6702    75271  -108953    71950    38874     4698    27347    52409    -3153    33983   100319    58015    13528   100689   140526    89074     6275  -115189      158    -7988   -32833     1433    79937  -115954    20158    18274    25639   -44132   111809   -55674   -36592    -8236    27608   -40209    25222    -3173    82920   187544    -1126    25162   -52594  -147786    25521    15469   -21902  -115844   -22657   -14439    19370    22124   -94044   -47127   118779    44762    12485   -37411   -65409   -18090    96311   -15563    15416   -63908    26174   -25985   -52712    96957    -5629    36030   -33889     4433    92434    68718    71024    11666   -38976    33605    60025  -122893   -22529   -97952   -28167   149174    41911   106941   -83346     8786    20281    37269    55214   -52263    67511   -21834  -109699     -657   -20834    58883   -24948    35609    65658    22944   -72578    43936   111364   -37035    98956   -13982   -95288    42387   -70188    61449    85367   -12189   -43122    44330   -49975   -54221    67677    51203   -22603   -42347   -80059  -155296   -10428   -10630   -36638    -2720 
   46381   -39271  -155388  -139708   131872   -57932    15146    74460   -59582  -104118   -82598   -13640    22446   -13266    -4409    17775    52445   -77845   -72998    -1476    45088   -66371   -62825   -35185    26343    19768    -3189    12922    52101   -23723    19015    96862    57640    73997   -15265   -61043   -26560    67980   -12312   -69537   -33240   -15591    43813    -4663    47902    33376    29873   -41676    62215   -49346    67547   -85215    60725   -20861    73591   -33124    30539    21012   -36803   -50127   -16032   -70180    27549    -5922    11155   -50272    68067    42470   -45053    -7300   -35718    76376    12613   -13228    -4682   -49033     9637    38913   -25937   -27864   -27637   172336   -34084    46797   103642    85698    46942    87048    46420     4889    52770   -37010   -86556   -30636    -2863    92167   -36498   -16847    -3180  -102120    78202   -84362     4354    22060    14909    27893   -29540   -53683    36761    -3381    33428    18517   -17945   -68295     4185   -16879   -20934   196557    75426    33326     4777     3299   -41180   131430    93507    53742    -9351   -15710 
   25793    92825    68291     8643   -66603   -58427   -70241    49507    10235    12554   -52842    -7970     6889   172693    97816  -141470   -21939    91620   -51415     7236   -54230    56784    33097    89060    15439   -17547    32124   -65928    15133   -79887   -36976    23174   -73445  -128124    50295    14797    84074    42065    -3313     2161    43250   -35417  -100502   -70008   -67287    42156     6954  -139999    43506   -17626   -55041   -53090    12755   -48992   -19753    48225     5454    41502   -73524   -35768   -28878   -41416    82741   -42054    80336    34875     5759    19952    78621   149223    18727    54300     -242    25862    45156    17050   -20790   -21416     2977   -59269    49375   -37097   -55300    36288   -85478    13471    74554    63822  -158907   -62318   -98971   -65766   -79069   -39915    47990   -25607  -139191    75943   -69027    18570   -25192   -10837    12886   -75839    38022   -10474   -39934    64094    53772    87711    47338   -87764   -37180   -13179  -124959    26614    27178   -15255   -93356    82716    -2090    19637  -164180    48688   -51801    24730   -49912    19011 
  -27085   -48384    26378    -3496   -76569    49790   -21042   -18831   -55291    28968    29115   -63102   -45625   -61105  -112883     7989     3507    23840     8588   -63915   -34719   -13633    35771    22160    10222   -21519    75464   -10650   -77412      854   -25520   -53012    56442  -137151   -33335    15124    -7800   -27307     4586    49747   -25354   -19961   -80047   -54841   -49234   -23701     9405   -74904    33570    17560    12335    15395   -40980   132795    30945   -12060  -101330     8736  -111695   -16701    96179    47749   -21710    -4211   -72852    22534   -74300   114812   -35471   -16485     4270      589   -25517   -36044    -6714   -21470    -2267    35420    34534    32909   -26853   -24422    -6733   104634    -5865   111631    -7505   222474   -78586    66691    39385    20052    33622    -7414   -69796   108933   100843  -112567    33228   -29380    49541   -84737   -78341    27372  -129876   -13388   -97238    92403   -71785    21869    88411   -37857   -35176    40546   -62713    -3758    28662    -5772   137817     1593   -81905    96651   -17771  -109620  -109145   -51284  -103970   -64533 
  -82879   -33845   -59841   -11723   -27373    -2168    19759    -9288    20527   113515    80370   -35619    56914    15597    56515   -27955    38921    65998    20426    -8494    87160    21771   -63243    -2679    34487   -49581    34201   -10173   -13101   141980    17548    19259    55259  -122692   -35311    89411    87266  -101585    90076   103817   -24336   -53220   -32941   -97720    48932   -62927   -90298    -3260   -62177   -75972   134964   116119   -27469    17872    15518    29640   100890   -14672    13337    24558   -87209   -24741   -35102    -8609    19181    32376   -20509    14688    27048    -6410    47732    14653    57868   -29067   -77161    86884    85348   -90243   129752   103256    -2443     2863    62058   -45707   -13291    33944   -66878    83685   -20667    24844   -60617   -48884    28842   -16948    15615   -89894   -19722    -8380   -38438    66466    97711   -33176   -28571  -135269   -21555   -15871    25416   -96176   -39929    46167  -108767   -33376    47334   107072   -21663    43328      763    14113     4902    10758   -76598   -14889    14107    25427     2020   -72233   -48838    97412 
  -90204    43116    -3812   -36643     3832    -6952   -33201    11260   -21073    -6903    -5164    46898    51946    80724    71990   -77593   -64866     8645    54830   -54817   -34661     7130     5980   -76613    87729   -67382     4690    -9761    -1685    46984   -70170    78766    -2198   -15805    -8855   -33312  -105400   -80771    18054   131333    -6078   -98197   -23598    54609    -8845   -64410   -15161    13417   -38842   -39358    91899   165891   -47324    45367   -37280    32754   -72522    86763   -72051    34301    47914      438  -134083    54526    34865   -93455  -108243   -22909   -64293   -90145    -9978   -80622    83364   -10213   -59719   -54423    21883   -43870   -40374   -24906   -14376    83158    13769   -52835    25796   -49449    28665   -16984   -46021    24119   -41181   -42993    25110    60706    34239  -142145    13335    20223     3597    26682     1195    16122   -14586    53302   -53849    34532     4638   -48523   -23648   -86260    29639   -62457  -103286    45807   -56025    15305  -102978  -113688     4888     9550   -57918    25030    57389   -40711   -36526   -64786   -72160    72824 
 -120397    49404   -31723   -56187   -32773    16241  -131528    35193    12141      419    50707   165976     1916    79002     8310    -5226   -92102    59621    56728    -7894  -101582     5479    46478   -42297    12470    70140    57051   -60099   107448    22876    -2604    68256   142348   -70499    68036   -38400   -33878      527    15185     7867   -49559     5916   -15372   -17861    45589    40769    -6994     8771   -36710   -34147    82950    42995   -28425    63402    -1175    30852   -72155   -12619   -12160   -10991    15863   -14324   -91505   -15863   -12184   -51976   -29757  -143311    72607    -1009   -82090   -84871    11578   -92251     5229   100204    55216    16502     1239   -28877     5097    78814   -27066   -35674   -94879   113468   105830    44860   -48862   100988    -1643   -32051    30024   -36093      932   -63112    55221   -42142  -107270     7040     2628      790   -70366   -55200    -9028    -8117  -127822    -1792  -133421     9265    80931   -89157  -102194    58113   -44562     3687   -41595   -30930   -48666   -60460   -30648   113252    77495    32870    50914    18941  -106490   -19611 
   81041    28318   -47353   105874  -103936  -113795   -55011    20983    -9478   170497   -67740   -48764    59653   -59237  -101232   112021    69042     3218    16249    88455   -16088   -64155    63175   -40784   -16276   -18804    52225   -26299  -136254   -43051   -28626  -126631   -20041   -12226    47392    65940  -114457    31614    72194    -7529    44483    55466    18128   101869   -44560   -26888    11114   -42712   -42637    83413    48450  -121062   -44218     1359   -47714   -28217   -19428   -38286    53577    75225     6278    62062    41301   -62283    -7584    62827    44606   -54363   -41711    -3340    25656    27390   -72583   -24694   -31333    20325   -45535    36345   -72479   -74996   129810    34757   -22340    32113    22380    19818   127073    15384    -1477   124817   -21573   -50178     5338   -63847   -19752    19544    41920    -5728   131747   -94391    31540    70275    88538    85574    19511   -57341  -125464    12023   -15690   126806    29514   -15202   -73794   -11400   -37016   -66898    -2321     7163    63968    33917   -45793    -7152    58065      340    66547    39942      585  -194915 
    -613   -22124    46614    17885    29463    -2666    50473   -45559    59313   -51335   -59858   106550   -64738     4117   -58647   -44827   -49992    -3556    -3075    19852   -51242   -47188    80635   -12231    22577    21364    15845    27371   -39625   117253   -55293   -17976   114843   -59523   -37724    47064    13643   101328   -83493    14598    18971   -78095    18047   -29881    36375   -41115   -23597    94558   -33985   -13824    40800    47824    75879    17550   -39544    32453   -96521    17105   -51282   -32993    17840   -18309   -20193   165145   -13390    43752   -34256   -54795   -28290   -90221    12970   -46336    36112    24991   -61962    11133  -112267  -116372   -67351     4800    65040   114106    -7217   -55343   -44648   -42517    65259    27517   -62807    18313    64303   -36385   -28284    -6656     2436    79127    96709  -105749    81549    24630    43173    33822   120782  -107324   -20937   -23281   -16588    94765    99436    81013   -26953     4637  -111772    30050  -105304   -24160    18999    12926   -24935   100341    25134   -52986    37591   -19486   -47013   -45731    93049   -57734 
    -268    28074    90879   -44969   -68693   -20074    72857   116201   -11594   -38710    89723    -4811    41252   -38021    10472   -43744    -3971    34741    58699   -55401    50639    93527    46089    37054    34311    87812   -18763   -83618   -60030    94726   -61844  -123032   -11663   -41455    76099    84609    43970   -25977    19578    58992   -34279   -39008   -71229   -21301   -17200   -17546    34595   -93634     4123   -34928   -62532    49890    57851     -439  -106092    40578   -65004    64567  -114106   -79830    -1260   -41933    -7152   107820    27199   122025   -36361    49352   171003    19544    33289    34418    35385   -28903    33140    -2473   -13864    21993    48460    55737    31976   -19983   -30632   -88088   -37899    43874    -2355    77235   -74740    21272   -14949    -5213   -45836    28421    21253   -95774    13102    19770   -15222    41884   -15982   -91910   -77990    12425    42429   -84776   -73166   -43179    10736    32025   -41582   -35220     4212     8273    47189   -31311    34630    49665   -47886  -116743    -3628    14878    67815   -63287    38854   112057  -161544    -7139 
   28264    62856    -5103   -51878   -22386   -77969    20906    22681   -19635   -34011  -133974   -27295    26283   -41664   -16257    81803   -32430    40018   -51763    68042   -70108   -68196   -51193   -29030   -14120   -48737   -19686    16612   -57314     2441    64865    39621   -50795   139356   -46652   -57187    32413    64544   107609    15930    55013    21474     1154   -52681   -51448    11029   -38209   -87799   -21616   121637    56188   -76772   -45638    26628    74067    28549   -55414    79425    69557    48820    55021   -72521    26113  -121619    30259   -15024   -68963    59042     3432    34052   102286    11560    65418    16401   -47537   -88359   -54166    65995  -110307     8340   -68906    25167    98908   143562    -8134   -76220     5891   -14733   -64048   -61781  -141394   -41282    19213   -38000   -96877   -94608    57207   -50724    37857   -83810   -33204    30174    28278     1521    56672     8151   -14640   -98044    -2429    -2733   122258   103190    41452     3827   -20098     7883   -14499    51531   106550    34788    48108   -39597   -77550    18327     -381    68931   -91853   -62242 
   30828  -133361    -9760     -398   -24204    -2513    53501  -107223    43289    24408    47716   103685     4187   -54850    25070    26144   -48565   -36387    77934   -73548   -73323   -40906  -145185    48845   -24846   -28574   -82799   -68278   -63149    52305    20583   -39993   -24661    70808   -78533   -33820   -65705   -17712   -86766    39289   -69250   -11670   -41496    80985    49894   -33172    15903    32840   -88529    -9250  -124668   -31673   -88604   -56082    76246    61659    69219    33492    68352   -69697     7240    62164  -106765   -18468    26064   -82675    28041   -28206   -11885     9891    81725   -81254     1764   -34808    90306     2377   -62769     9063    -1540    18862   -43850    52861    15558   -47683     2614   -20422   -64726    11443    85396    43147    42864    11485    -2375    67481   -31255    15811    27453   -67420    29986   -26267    86505    55694    61128    87309    -3542    89850   -44081    26290   -49249   -63251   -30983    83285   -24955    21629   -93711    46066   129527   -57945   -32437   -25002    29537    20910     2319    20739    -5172   103409   104217    73496 
   17200    20104   -63875    17017    43678   -18558    64314    26726    73019    31144  -128405  -112967   125358  -138439    25745   -33482     -155    49251  -107596    69626   -97392   -61346    -8437    14236   -19035    43766   -25381   -46275   -37819  -152090    38931    60034     7069   -38527   159743    45056    -2830     7161    76520   -11749   -44818     -208   -93160  -152952    68335    65198    21447   -79865    21311   133673   -38587    -8366    22695   -21658   131577   -14639    47521    98173   -69507    54703   -33532   -47084   -74335  -112877   -64147    37752   -67291    -9302    34340    63952    27549   -66165    54320   155630    90430    -2199    -4211  -136464   -50305    12620   -96259   -11773   -44399    32642   -36724   -20854     5384    72399    -3012   -16210   -41731   105276    10446   -39709    24492   -59158     5364   -53118  -114434   -19789    28635   -13463     8679    57517    54456   -73993    68740   -51244   -50302    78649   120556    72643    25337    87864   -75695    79080   104310    17389   -46838   -56337    97674     8574    47885    76979   -84962   -61760     8642   110041 
   91939    77777    -4197   100159   -10232    55933    26510   -76133    35028    58252    12987   -33527    68841  -117007    38380    81347    35699    -3142    23072    34573   100934    22701   -24005    38126   -67165    17084    65008    73694    69600   -47264    26584    64536   -65218    82299   -51013       31    -6740    60280   -46493    20228   -96598   -40042    43736    30072    -7824   -15848    76561    28318    23891    80141  -147016    18393   -51060   100186   -85605   -29293   -45555    -4978    -5339    35316   -94645     4149    11317    -7330   -16043   -24193    25078    21616    25428    47436    29259    -3824    32676    -6013    66468   -35811    10868    11237   -10784   -41550     6387   -15325    88520     6417    57667   -16026      350    79635    14311    26963    50334   118624    82776    86322  -120566    52635   -40002  -126667   -21823   -34710    59342    13731    13285   -39894   -65576    62197    31101    12379   -94929   -92237    22769   -67734    11549   -93604    88849   -47477    12801   -18421    35929   -26781   -49492   -30597   -40795    13833    -3364   -82483   -38200  -110253 
  -89238    50987   -16933  -141247    18310    29830    11579  -117615   -42533  -139014   -17988    75580    24823   -75592   -35904    74563   -52903   -36693    89676    68516    28825   116075   -84955   -28478    40321    55725    46929    -9609   101761  -103787    13471    -3217    -6008    17551    25840    55071   -17070    53715  -119277   -54910   -42739   -65574   -27221   -11721   -55199   -18342    63154   145428   190267   -98672   -82152    76550    64386    29118    16549    -3205     9554   -14787    41720   -72472    56234   -70379   -58716   140396     8782   -43521    99833   -81168   -95412    28483    20908   -15400    50116    -1833  -106264    48683   -10237    32594   -81645   146686    51470    68906   -85060    -8021   -73799   -12682   -65053   -85246   -17881   -93849     9620    86846    26117    81368     1876    25230     8630   -38001   -78574   -54554  -152211    21070    -9110   -53270   -19789    21369   101016    72197    55819   -72350   -64081    36707    27122    66802   -43448   -52442    -8900   -12522  -104252   139031   -12641    27973    52189   -10379   140977    27889   -18285    59642 
  -61408   -42746    21893    53557   -12957     5400   -40408   -10260    22432   133148   -81911    28945    -3521    55256   -86888    43051    79960   -36581    29284    41129   103281  -113437     9184   -17485   -25926    -6778    81769    57923    20364    32605   -83133   103912    34155    24435   -26626   -21653     2396    33400    52885    52506     8704   -47389    32632    49272    32848    46650    65742    64968   -14210    30438    65441   -33638  -119401    84731    48328    47160   -71086   125131   -23769    67120   -13800    14312     4370   -90973     2999   -58080    -9085   -64491   -93732    52408   -44239    34906   -43082    27323   -11901   -37760    -7693   103981    22446    -8295   -13038    57225    63024     2331   111302    54530    19192    32129    10605    70531    -2227    50650    31483   -65893    -6051    39503    44525   -44441   -14188  -124763    39917   -44673     9651    29835   -88485   -96210   -39107    26352     9214   -75118   125961  -118075   -73436  -151721   131446    24013  -119121   -31129    51914    48524   -97495   -55448     8365    65166    13687  -131192    31337  -161362 
  -69429  -143490     3992    67543    51231    -7614   -36166   -10763    79478  -111825    38902    37135    -4347     4024   -40101   -11062   -65914     1237   -16343     4311   -95283   -22737      961   -83212    87468   -35876    56506    23507    22361    11873  -152946   118598   174673   -40534    -4400   -37947  -158520   -28301    25845    -5877  -148758    21063    21962     6566    23352   -18337   -22698   -40292   -96770    -6003    98862   -30929    38199  -115826   -18354   100104    16282   -14599    46564    29561   101049    -3246    -9265    13670    23564   -40910   -76729   -47653   -66974    16329  -129202   -72509    -2353   -52293   -90569    26345   -61678  -123905   -70341  -120533    64838    62483   -19971    16605   108975  -167875    16036    76920    32127   148761    27684   -67612   115148  -101743  -110394   -24602    53214     5002  -103237   179206    14048     2705   -12209     4152    82780   -22361   -31174    46435  -111522   -98369   -41736   -63898     8820   -58496    37124    26819    90897    77677   -49568    16924   -16850     9090   156026   -24715   -31750  -108866    28125  -110112 
  -12855    39291   -29795  -111946   -34354    96051   -20794    78473     7568    66033  -123554   -97117  -153471   -57011     8589    67125    71645    12618   -23663   -34500   -20662   -26554    51474    33171   -34255   -71044    17733    49815   -20562   -92681     1972   101418   -68723   -67389   -34353   -96189    60481   -67671  -144016   -99976   123007   104937   -15007   -91758   -31305    79188    -5543   -65464    64209   -40743   -92178   -11488   -74352   103000   -43427   124464     1022     8903    56455     5772  -129069    -4691     1195   -19361   -56756    24052   111581    32319  -112249    -3442    29299   -29916  -113747    18501    84284   -26134     7010   -30495    -8531    32978   -37384    62000   -93307    22441   -62027   -19541   -58611    51386   -76611  -179738     3578    38986    56340    -2892    81184   -24863  -100826   -22930     9625    37742    21905    26605  -110630     4680     3874    99399    50384    50692    40633   -12513    41084   -65419    52403    16938   -75484    -6696   -45807   -38057    27043    -1337   -27124    27139   -58915   -19215  -163334   -54529    68163   -12876 
  -53231   -11673   -79973    54281    17018    -6336  -163301   -11976   -49811    78694    20950     9136    -8149   -79231   -25486    -2304   -23959   -67354    57263   105481    54400   -25048    11222   -85382   -21055    -3427   -77889      -37    75507    -8690   -72791    17059   -55356   -20154   -38182  -104721   -47748   152251   -66582   -59240   -37659    27340   105461     8267   -31501    40288  -116647     4388   -59620   -24526   -57268  -154395   -49094    54454   -24196    78678   -99071    30380    50756    13512    54015   -14163    31973   -43550  -119097   -85902   -63789  -128102   -71174    -5287    63470   -85683   -13906    -2300   -17985   -65848   -28936    82614    35268   -28250   191148    74315    48722   -51391    36850    99285    14899   -73242   -25429    44347    40706   -72750   -70009   -18766    10768    33296    57514     5460   -17805     9363    -7278    17462    94660    25842   122534   -23883   -57433   -45052      432   -57029    47729    11602   -14711    16360   103089   -26511  -163123     3302   -78255    -8416    27147    26682   -32541   168817    24760   -25199    16702   -91572 
   13690   -45315    98825    42809    95392  -110371    65939     1607    23869    11524     2266   -64529     8236    27011   -86354    70702   -30578    26656    65036   118992    10624   -44203    87707    -5322    -2471   -47100    63709   -48602   -15911   -39359    12387   -11178   -31372   110770   -26439   -47177     8077    39596    66448    -8869   -81113   -58448     2402    66423  -107614    -2683  -126625   -12792    56915   -35157   -34719   -72198     6684   -20927    39329  -103295    30308    40467   -16332    17471    68168    50727   -82882   -10155    -2199    87014   -19006   -22785     5954    -3059   -91632     4383    46280   -43995   -42744   -36580   115301   -79176    38038    93143     3273   137019    78448   -22063    55144   108733    14385    60532     1110  -136702   103036   -32503    -5737    22218    -2957    58135    93189  -151969   -18955     1297   -68016    25966   110675  -111057   -35273   -19550   -99484  -137288    28570   143753   -32431    18148    15492   -13836   -59055   -30911   -39564   -33802    14538    54984    34700    70534      668    -3648   -14145   -23077    84685   -75605 
   30786  -129209    48765   -15499    86915    69875   -52128   -38594     -383    37921     9662   -69405    -8620  -103904    81073   -87161   -37432    15534    60537   -62565   -63763  -176935    -7309     3190    10836    -5924   -55517    31892    11227    81733   -12636   -66361   -34910    25033  -163397    96505     9400   -57653   -23027   -71718    -1401    78132    41018   -32984    40563    87629   -54422   -39471    57631    28906   -26228    41019    16952     7343   -16515     7413   -19617   -74096   -30044   -15477  -111627     4508   -37118   -83764    76827   -75349    62405    81665   187143   -42245   121896    25460     3116    50788     3350    26906    41035   -40389   -56176    90067    16064    53439    16995   -45744    21655   -38374   -50057   -10962   112916   -13741   -67554    97026    -2689   -77899    -3762     2601   -22131   -41923   -47306   -24291   -14097    12375    31693    86240    80339    39010    66323    -9193   -28771   -51303    64334   -41792   -62771   -78429    -2263     7976    -7516   143544   -78252    60968   -52367  -103437    39684    67744    54258  -110869    65259   -56370 
  -34391    35871   -27004   -17972   -81126    -6646    83006   -16212   -22263   -22311   -39147   -73875    27912    83133    76342    -4132    48203   120615     5886   -25721   -44245    38272    -2747    13171   -87257   -19041    55175   -36979    63729    40065    38211    75694    10132    28982   -78438   -37328   -96297   -60352    42907   119373   -82188    62047   -22660   -23785    30353     1217    30069   -17019    38717   -26576    21778    61060    56962   -74561   -49249   -95708   -31828   -27788    -5323   -50078  -124739   -63488   -55349     -710    70894    45577    20915    77068   129267   -16200    71111    16476  -105701    12478     9386   -13376   -32541   -78065    21579   -10432      601    31359    25967    62134   139541     8793    55818   -77468    70872    83936   -31891    70491   -73159   -23260   101433  -160607   -13850    37209   -94264   -46189   -27135    96597   -32613    37784   115256    42631    78481     1364   -11426   -24220   -73663    81163    47250    24640    -6664   -64578    51077    71266   -92526    40074    45486   -51915    84303   -40197   -41849   -48268     8943   -55086 
   31941   -24483    72493   -84799   -18450    55785    13347    36255  -126633    13765    22693   157379    -6502     1133   -12432   145810    19040   108111    34602   -41193   -62366   -95254   -11104    63990    35006   -69524    40625   -20582    17397    47915   -22324    93155   -10297   -28469    35266  -124244    52080    29948    24156     9798    35243    37695   -62109    -4989   -54348   -33764   -16557  -169503    42632   -13741     2093  -106528   -59315  -101100     5272   102213    64986    40256    38079    -5170   152665    -5837    53077   -16202    45240    -4688   -43689   -47122   -48043    -7229    18022   -27645   -12871    82042   -24661   -38153    82549     6935   -26686   -18817    79096    20335     9445    52622   -27927     3097    64943    48008   -84869     4570    -7625   -30250    75649    34593    18213   -14399   -78238    36635   -58498    51554   -55710   -28771   -37826    22091    75459    40152  -100446   -67432   -25527   -37501    -9260   106348    33608    13710    34990   -33697    34710    51796   -37354   103532    52447    44424   -42549    66214   -99520    53644    84541    18679 
   83856   -35093   -89252    41831   -28063   -78060  -103842     6460   -22689    10865   -65672   165850    20271   -14271   -47022    51156   -15112    14889    39510    53347    27999    24356    -2613    51934   126057  -114758    45163    77148   102538     1381   110188    11983    46975    32101    31085    24540   -56729    62488   103543    15097    -9257    69888    34240   -45015  -172734    62587  -125450    11822   -69114    48633    71837   -74962   -99563   104889    34545    63853   -59804   104015    53717   127975    45733   -42062    33932   -31011     7175  -109581   -90977    41923    87584   -61462   -28866   -70375    44184    22064   -70743   -51444   143616   -47184    67100   -17463   -59309   155184     3441    68987  -130947    21101    38913   -91027   -17617    58489   -60131  -129687    24508    42353   -13546    -5936    53066   -12549   -97835   -17350   -84935   -60211     2948   -68872   -23515  -114525   -84728   -76089    51547   -59552    -1959    23458    76868    63053    13189  -103655  -114803    39440    42738     3640   -70136    51448    13250   -14663     9217    73562    42750    -3349 
  -16472   127912  -107105    62953   -82318   -31643    -7302    23212    -6834    56034   -20035    85641    64442    77339    38218  -104596    15984    47738    23461     2346    -9480    28521   -48059   -57118    94771    71707   108856    84745   -11113   -12072     2085     1505   -17742     3866    16248   -20671    10389   -26896    60617    17461   -57389    29370   -44467   -51074   -37832    98562   -12625   -55409   -62842    43403    31723    28074   -15095    40859    -4096   -50064   -28563   -22755    66360     6435    12853   -65189    30584   -47481     1862    -7002    78397   -71396    67366   -74180    -4633   -27468    36338   133018   -82258   -18179   -36823   -31710    67604    19869   -80565   -38755   -79275   130205   -39604   -38951    78248    34512    55647    18873   -93328    20847   -23368     2100   -71579   -12133    11937   -19812   -26819    43063   -58589   -37814  -109563    -4977     -804   -50148    73824    64737   -64101     5704    56152   -67788    73226    87500     -910    23942    50796   -29311    29488    69168   -19778    -8852    66399   -17217  -101900   -46452   -47162   -79266 
  -48607   136854   -17061    11176   -21605    55144  -130340   -67106   -52531  -123319      233    42521   -26379   104867    20699   -11555   -63954   -30207    55895    99136    38491  -107930   -71754    50136    61795   -58540  -100422   -55147   -30519   111972      942   -33980   -75062   124699    62729    11297    18318  -140345   -53730   -39924   -61332   -98719   -16998   -30672    14055   -49438    17429   -79882   -19671   -10231   -58051   -46586   -32307   -26051    -6167    18683   -32472   110136   -36361   110564    20480   -32025     4039     3335   -37260   -69112   -67848    22194   -59112    16214   -42326   -21782   -16016    65469    30272  -133056   -15321   -37730    63448    99017   -86510  -113387   -22897    66283  -122600    63994    84468    72476  -103340     -120   -13890   -38857   -36310    30848   147192    81817    43108   100312    60738   -45353   -97356   -29426   -76569   -25642    -5644   -28773   -72691    58775    22434   -44005    85856    12311    12187   108072   -24332   -44897   120972  -114145   -16782    33773    -9398    44776   -74693   103931   -79152    78426   -40520   -12756 
   -8821    66872  -124041   -93263    37131    45294    21045    13251     9929    32338   100438    43000    70003    27499    16503   -18425    11384   100643   123035    32892   -27277   114374   -48768    67517   -99367   -28153    31927    38587    78063       22   -73832     8335   -73549   -33435      933    16488   -44971    62578   -56756    12634   -53599    28988   -29746  -102167  -163450    47574  -113086   -62386   -17619    43062    89687    10818   -12719    30808    42233    68469    80939   -77877   121973    26005   -15806   -40657   -28743    52718    -7278   -30731   -72245   -82524    46414    64528   162235   -86520   -49676   -21719    17715   -66890    78966   -35799    75818    52475     8576    22774    64707    24572   -83888    10503    87653   -82781   -23697    38102    27125    -7548    -5331    -1159   -65140    27761   -15867       -4    57575   112265   -15601    35456   -37068    16930    86825   -11195    -9600   -66276    46889     5313    15807   106839     9111    -8110    85812   -39536   -73229    -9081   -52716    39027    73953     8438    11886    46469    42858    42477   -81141   121129 
   73991    93648    27839    -8918   -66512   -26446    16120    99579   -39948   118067  -129040    85417    51579    65920   -53343   -32969    85768    57504    56233   -51174  -117767   -30027   -89317   101420   -63073    33159   119843   -42257   -23851  -116559   -15352    59977   -40574    75336    77968   -66819    -9479    85213    12007   -54823   -23126    13916     3586    34087     -313    68731   -28840  -105822     3266   147761     -980    26636   -80252  -129074    77534   -26862   -33574    93455   -13864    12612    -3840   -32376   -34008   -50049    23342   -53819    28594   -50235    69148   -45301   -39162  -117292   -62938    46288   -12410    11286   -32715    56725  -103236   -24025   -22262    88147    36881    83838   -75741   -31472    97130    22198   -53683    14559   -59545    85501   -67565    34171    93954   -74047    49008   -93835   -41569   -86228     2141    58758   -53623    30520     8844    15889     1798    52320    -7438   -57126    58344   -19188   -46417   -26220   -26032   -36716   -11306   -11058    73697   -33299   -35288    52410   -43827    36760    -4381    -3110   -50330    70447 
  100342    33273    35805   -21478    -9659   -36884   -99933    52943   214065    19115    89934    53334   -94101   -43208    46138    66503   -44205  -105420    -1369   -41375   -25075    -2376    54592   -68250    94846    62011   -37110    73752   120815   100973   -75706   -41812   120739   -49716   -77882   -38987   169052   -98966    35651   -30780    -5866    -7024    36527    -7912   125973   -13394     5210    86215   -75588  -214085    -1884    -3041   -33048    -7976    25229    -6701   -24643    58713    14457   -15343    60120  -119684    56827    -5510     8844    85640   -83753    41573   -67563    16439   -36364    28172   134940   -30448    24525    97933   -12009   123429    77180   123029    70752   -35033    45105   -77662   -68351   -46500     2268   -54479    29447  -129122    61934    44008   -43903   -53751   -79110    14897   -13757   -40701    -3228   109521    24392   -99280    78115  -115943  -102333   -23963     1693    17655    75021     1409    -2306  -108695    87116    80477    25392   -28863   -39297   -44632    79495   104932  -108852   -39545    52442    37489    45810   -58600   -71161   -15994 
    8034      547    42254    29083    89683    43444    -5389   -34010    30918   -64509    60248    -9134   -25987  -100270   -15346    60810  -103638  -111104    28851    31647   -12684   -24719    56940    -3676    -3488   -12515    20569    47112   -65246     -570     2795    22596     7028     5388   -31448    -7214    11209   159977    40868     7780   -26834   -39961     8928   -90531   -96355    18342   -16449     -760   106456    41151   -16542   -90261   -47306    13906     9478    46981     4055   144072    94002    70866   175456    19780    30979   -17885     8398    54480    62059    38968  -145322    33945    16332   -20934   180120   -20465     -531   -78421   -32627  -108811   135613   -24834    23435   100672   -20787   -15410    -8651    71515    -1355   -92882   113402     3978    95003   -16830   138582   -74876    13360   160141      403    25721    -9792   -15012   -92735  -114288    55312   -63795   122572     5914      407  -105395   -34895   -18273    37974    48502    34373   -70690    37811    27123   -46467   -38259    80544   140799    82329  -125485  -113810    61679   -77233   -25349   118395  -115917 
  -30655   141731    79826  -147745    17662    46335   116442     9883   211767     6404    21353    43421     3397   -64778    10831    26386   -86120   -86784   -86261    17284   -64866   -80785    -6443   -59638  -128491    -1041   -51932     7783   -58096    42273    45886    49150    33013    76158   -20698   -82633   -79577    18492    56581   -30018     1574    -6305     2352   184551    73135    34475    74354   -30277   -53075     7586    -8718   165139   -87264   -12437   -11833   -19733    -8961    48087   109011    76977     9127   -52755   -35202   -52821   -26145   -32996    -3480    44644    82704   -35291  -101537   -12306   -75940    10763    37833   -85326   -13833   -32279   -62460   -55765    -8357   -41663   -40587    11512    13488  -143236    97530   -78743   101309   109239    -3158    76017    72743    28092   -21714   -71810   -35756   -56183    49617   -40093     4766   -48266    23374    32900    58770    56463    20548   -63350   -11940   -30052   -60568   -56308     2642   -57359    66405    -7390     9397   -28479    -1262  -117742     4624   -11504    93858   144152    74835    33648   -40994     2483 
  -65057    30861    71560  -109128   -53749   -72099     4770     9555    78814   -38949    65084   -95770    -5653   -11321    49946   -73391   -95349    -8287    35019   -12222   -97814    27412    51313  -102952   -49103   109372    16508   -37727    83480    26930    -1735   -63848   -12532    -7035   -57480     6209    49906    -8880   -11158   -16274    34211    57370   -39422    52379    29856    94452    12498    -5043    30866   -81889   -46737    -6987   -34190  -102594    29597   -91027    -2620   112325    69328    42457   -28327    40842   -57768     7821    32997    57838   108776    60901   -69561    22994   -66695   -69392    33644   -30008    49237    32359   -44688    11785    80985    94609   -11339   132331    56483  -122086    21323   -63532    18237    27702   -44708  -111394   -29080    47301   -67185    27262    -7626   -87825  -123478   -33153   -29558    93592   -48228   -47234   -35401  -123179   -65619    19774     1491   -41363   101895   -17156   -70357   -38495    43393   -41258   -63393    25406    12922   -38566  -131528   -10042      278   -57391    -3202     -988    37338    36505   -13951    22230 
  -42430     8580     7379    20022   -48107   -11195   -93875    11682    31109    65615    75475   -66597   -68247   -29339    16146  -153757    49158    61580    12915   -46612   -90045    86871    40271   105714    84730   122203   -36048   -97203    70608     8656  -135854    76745     9900   -15941    26251     9733   -53140   -44755   -51266    87315   -73899   -12089   -96777  -109427   -92529    -3207   -45036   -42495   -37030    -4716    91430   -35941   -37641   -17745    17054    46999   -35799   -57789  -120222    62586   132666   -55567   -62910   126091   -15119   -83259  -119184   -66103   -31088   -52336    10351    -6558    51575   -15044   -26292   -40361    76584   101116   -19096    15374    73118    35209    81227   -49321   -78544      -37   -20723    -1399   -87681   -48251     2829    -1296   102593    68850    37200   -25104    64703    27690   -68763    65638    37026   120048     9088    -9984    57409    10392   -23123    21451  -119136    44375   -64269   -62930   -53445     -546    38614   -51462   -33316   -22924   -20953    74697    42633    -4445    82104    25069    41033   -72573  -134781   -48388 
  -20064    -6108    79510   -16070     1429   166221  -101046   -38548    72370    -6317    21765    68605   -13955   -20306   -44879    99499   -50488    46851    54286   -37865   -72092   -12711    -2468   -21452    57461  -102608     2445    20340   170037   129357   -33577    12350     -861    -9189   -71983  -135464    76052   -32615   -95902    54723  -110937    -9171    34958   -58770   -24096   -72050    19828   -56511   -70072   -93356    41360    39663   -40196      -15   -45440    40459  -103838   -54371    56913   -32275   -65805    68894    -6159    66818   -45239   -50855   -20355    41757   -24794   -59048    44215   -83514    -8033   -16760   -12596   -13996   -14026   -15826   -22342    91372   111832  -114787    -4050    25085    58972    22624   -97808    49188   -34443    38507    66362    67366   -93463    -8911   -51864    49502    -5618    -3497   125751    48579   -25387    20231    32567   -18124    61789    98159   -10445    65113    -7671     3015    71993    88296   -32444    17229    54972   -71373   -39161   -45644   -89132    38685     9327    47763   -54716   -57958   -29820  -115302    33970    44867 
   75429    14706    29180    82659   -27634   -31640    18071    36448    20621    29827    71238  -114274    18747   -95976   -94475   -36414    65755     7194   -74397    76104   114347    75324    33860    13908    65872    24306    46704   -41019  -120683   -54405    -2292    -7633   -60874     8140    83640    52106   -30591    80535   -52009   -35711    31574   134962    -3910    28356   143286  -129219    90040   -54832    -8159    28556     2708    -6089   -16781   -60963     1935    99386    62529   -71689     4220   -47964    10872   123595    71224    57103   -31798    39936    90879    68600   -27002   -73334   -12330   -86417   101553   -27325    26446    -1401     8854   -43714    20881   -98579    -8561   -32486   -18253   -56918    15523    33096   -43030    65868   -74810   -36406      228    30176   134293  -152799    33663   100759   -60481    85599    -8062    50769    75678    43352    12578    43277    -6041    -1050    20574    10615    36875    -4180   -20917     6362    17007  -103573    25845   -16410   -17086    47961    67624   -28017   -31580     -507    90626  -155118   -27509   -17993    20741   -43127 
   72012   -35936    19700     9281   -88333    39900   -73934    34496    -9938    78795   -70477    41445    44847    -1893     4418    41932    98355    65848    96241   -59193    97410   -94051    19722     6518    20068   -73547    72331    50695    26607    40926   -41712   -56169   -70915    81853    30678    70560   -55092   -17206   -14934    64330   -35749    12361   -46034   -33102   -13679    45662     6843     9130     1515    64675    58268  -143080   -38847   -26678   128247   -73792   -77758    43466   -34956   -27887    43735    21359    -9280   -50611    -8517   -10577   -54635   -48863   -69816    76803   -77119    -5786   -98950   -72388    -2654    42373   -30278    70155   -43429    24242   -40053     6402   172013   139683   118804    44403   170690   142225   -36094   -40036    33820    71261    35377   -42642   -35049   115549   -49344   -70291   -20647    -5720   100764    41792    91852   124042   -34469    85869   -68953   -57539    41422   -46994    98189    89359    30496   -38142   -50522    82035    35842   -71605   -18724    71191    -2670   -71357  -123294  -113062  -118965    -3984   -28141   -84747 
  -43014    55232    54525   -56951    95802    37992   -54074     9174    60525   -14243    74339   -50731    30203    18327    61055    35172    19396    33895   -33771   161733    28155   -25309     5831    20129    84448   -20499    46444   -66607    27671     9543    -6206    38294   -88359   -34721    32469  -101360   -24831    32594  -113496    22556   121005     9588    61674     9197    43630   -82510   100720  -162582   -37265   -38368   -68442   202761   -21168    33983   -63925    70825   -69728   -29552  -104170    -7655  -112585    33181   -33880   112279    20186   -39563   -34750   -26639    70040     6662   114524   -22252   -83520      310   -38989   -27879    43744   -99690    -4558    -5151    74965    13253    31876  -132122    -7972   -59263   104680   -67223   -27531  -109624   -11359   -44016    93231    67611   -12824   -72829   130245    37885   -10755   -22451    20702   -77338   -95654   -30357   -50388   -69899   113290    13336    52747   -71031   -28615    74703    95297    82042    53167      695    -5912   -43133   -16502   -27387   -73606    -7141    15487   104704    60653     6916    -4898     2323 
  118773   -72727    29952    80653   -94600  -123357   -68766    12426   -50721    50723   -67235    85251   -43851    20030   -21293    87201    35599    56102   -32472   -37832   -47884   -81387    17895    45609    29087   -34360    28585   -20451    15171    65918   126019  -132851     2385    -9103   -21427   -27460    31248    50403   156386   -46079    56572    47849    46066    67856  -122674   -97830   -46639   -66116    -3544    55247     8922   -26710    63391  -104275  -131912    86281    74467     1996    29714    24655   -42913    69210    43673    16728    42799    95537    -4179    55787    46622    36542    83040    37309   -17918  -134157   -96221    72879    18963    -9230   -52429   -71973   148181   -66801   -99799    47477   -33434   -31789    -6147     2999   -40848     9651    57506    -2290    27993   -14592   -53585     9309    25238    16025   -40241    24506   -34219   -69613    60076     7084    23202    39525   -77030    75795   114040   133039   -17812   -11425    10518    79828   -36710   -43449    11406    16637    64439    29390  -180525    23838    32034     9822    60612    53446   -16998    11049 
  -91196    15368   -26754   -14890   -22578   -84993    19656    -2633    63997    59988    84710  -207897   -61322   -93569   -84115    -5058   -63756   -54099  -157544    12503    -2595    22614   -31028   -25273   -74676    76024   -23404   -15713   -28527     7043   -50089    21163   -17455   -78544    65057    -2037   -55110   -42971  -135364    -3456    45907   -35799   112129    82418   -49687   -72262    67680    19888    76266   -10325   -72548    94367   110597   -62299   -40252   -54257    54236   -70435    91008   -12110  -116560    50486    31184    87216   -12151   153574    39153    57660   -75407    98081   133809    57171   -20857   -18183    -7125   -17804    -1081    36943    47386   -42007    17954    13423    71844   -89305    -2073    71168   -66797  -106771   -46605    -6102    64779   121685   -35153     2871     9541     8760     8780     9069    46893   -10725   -68375   113421    68196    32100     2680    54355    -2067    45383    -2089    87837   -14815    48468    52109   -29018    -1691    17433    42927    41855   -43559   -17621    26299   -69903   -71604    63380    43033    96242    -5652    74201 
  -74911   100805     5373     2757    13492   -76140   -51347   -32072    -2806    -3476   -63294    34447    74047    24857    69530   -75040  -136841     9595     3002    97088    48052     3314   -27743   -16684    53715    23986   -35207   -11212    17208    68480    67101   -52522  -113602    63434  -115558   -63889    41590    72710   -46643    43455    18991    44090   -41165      337   -36906    42281  -110052    12775    62773    85003    10024    67466  -103565   -26079   -21279  -114004  -179682    62284    47776    59212   -93978  -105390    56953    42510    22446   -15496   -50791    -9519   184688     -602    98433   -68891    -6518    57167    -9002   -35588    62360   -78900    72624    97903    19946   156362    67808    44878   -77564   116608    51228   -48425    17576   -57741    64559   -15869    17687    37646   -10408    25399    43837    34720    48636   -88190   -96899    -7456    68669    -8831     -993    -3339    61822   -63698   130215     6185   -23511    21278    79410    72797    73217   -67977   -46020    31420    43401   -33803     7254    42394   -17952    -8795    -8270   -15976    38130  -122822 
   91049    88076   -85772   -43403  -134144    42167    -2134   110542   -98978   -92377   -37343   -38592    10491    57620    39399    15400    87048   -13947   -39355    19073   -33286   -84334   -84305   -14306   -30139   -48295   -75290   114908   -55288    26478    84867   -71532    65347   -29212   -85275   -26543    27872   -22201   104843   -41262    44804   157581   -64223    90049     6576    80245     4966   -42773   -53681   -47334   -35491   -68342   -75232    51548   -29499   -46824    -9052   -36215   146372   -78987    29224    52062   -14976   -72023    23671    16785    49956   112913    36975   -47694    93559    30246   -21359    50403    79468    45973   -30488    68710   -54925   -13322    12319   -69536   -44610    11424    70802    82884    99451     5991   -10761      258   -69089   -82487   -31236  -141227   -34599  -100860   -76242   -76075   121159    55058   -71714   -18350    28516   -24124   -28332    -4309    14988   -88976    57516     4476  -101129  -127122    73475   -28468   -21696   -61672   -51471    33233    79732   -64825     8577   -27224    92955   -84104  -112648    61873   -80336   -11423 
