  -18300    -1143   -60065    24492   -18212    -3084  -116153   -61935  -157019    37763    85737    74979   -81375    42473   -81443    -3348    58637    74035    32559   -53174    29052   -62558    -2882   -37867    81113    -7458   -15734     7339    46829   -33325   -14811   136769   -82188    14719   -47782   149276    72791   -36533    16200    16255    12597   -27742     8700    23786     5730    -8450    -9024    64641     7416    48879     5734    45770     3702    43486    43672    28398   -26077   -10163  -105209    68628   -86272    40898    71300   -59035    59589   -16867   101400   -17681    58827    55361   -19466   -43773   -57363    41504   -23024    78060    30813    18819    25719   -28956    56682   -37254   -36376    14449    33392   117325   -39705    55302   -51073     5292    38170   107301   -64144   -64648    29610    -4095   -55837    81406    16390     9646     5573    11964   -12555   -62700   -26379   -67876    -4630    13964   -47622   -10503   -16978    29568   -83853   -40881   -54084      223    59298   -39828   -57131   -41797   -27072    83502    34613   107847    20658  -134432  -149065   -38983 
  242997    22456   -93206    92734   131571   110931    18214   -54329   -48208   -86500    74958   -27901   -46960    84505   -56845    -8510   -14475     4300   -35680    -9706   -12978    42615   -13021    60205    11393   112319    30993   -51094   -62469    15827   -60675   -88127  -124654   -32395    15262   -19301    78789    61774   -26589    25887   -27903  -111073    27231   -26933     2919    15169    10321   -82721   -30086    60996   -19571    -6624    11458    24597   -76878   -61682      981  -173591   -10861     1003    16214   115328    13411    -2116   -86109    -6948   -47339   -45238   -52142   -65235   -25429    39298    66221    50628   -74977    25645   -61741    41533    19096    15278   -34023   -16265   114941     2844   -10641    11859    73268    -9322   132610   -16951    75611    -2305   -85923    -5693   -38236     9360    39438   123080    85750    27518   -10722    51789   -81388    20840    21585    -6007    51227    85859    27030    29065   -10101    55801   -31521    39416    68489    -6516   -27715  -121066   -99486    93184   -46050    46250   -80760     9263   -77327   -25172   -21151   -13966 
   19557    63076   -53518   -55058    49651   -38137   -21088   -91293    41486     6775   -16293  -117669    97698   -33606    18383    27320     1328    42322   -89311    77599   -68080    23660     5502    28510    10982    -1800    -7918   -46818   124042     4375   -85309    76496   -84505    30656   -12523    53115   -27074   -27999   -62163   -21647    16950    86416    14420    10784    41371    28851   111268   -13001   -28147     8037  -148883   -29395    54114    44219    -6294   -75539    12258   -97173  -128730   -16932   -76085   -33569   -30537  -106149    11769    15491    43828   -86637     4670   -34338    59646   -22882    22086    59695    56766     9261   -55421   -75645   119970    50127    15938     1405   -17759    21017    59374   113216    64270   -72416    10763    41579   -34864   -32018   -53481     9149    45623   -10810   135190    67949    34174   -52827   -26226    35835    39046     8004   -80256   -50322   140157  -101514   -11686   -25344   -15751    18682    43722     -402    95845   -72250   -90381    41892    24845    56334    23014   -84352   111723   -95348    26032    13517   138447   -62910 
   68979    85420   -88071   -15539     2773   -63525    13168   130639   -42141    77574   -63263   -20672   -17658    59768    24510    54783    34311    33700   -35527   -44841    29783   -71784   -54074   -10271    82909   113489   -51665    71148    40767    82676    -6020    60974    11800   -12519   -23440    37693    -4494    56757  -110899    -7313    44301    84418   -74954     2492    20755   104838    32116    10167   -15079    48210    19417    27745   -55936    65074   -11588    -3374   -49533    57929     9739    41221    83814   -10354    22467   -23932    31503   -15064    -1886    54434    67882   -38385   -16577    82928    77712  -105064   -56731   -28761    86005   -66894    -9613   -87139   -66478   -36576   -34076    -4180  -139421    -5315     1682    23948   -27521   -28646    47865   -19906    -7654    94124   -23644   -42726     5863    16367   -63934  -126901   -71646    73460    99375    25937    -6317   -90647    60208    10162    27977   -55549    70516   -20813    18762      289    -1273  -152731    20651    21763    60028   -13745    74068    89006   -23165    -3270    26653    89034    41279    -2666 
  -26790    67563   -60896    57778   -14426    -7840   -77055  -141136   105487   -21009    42675    59278   -67251   -33525    15418   -94108     1296    -3646    40394   -85917    26339    19251    14706   -56000   -83726   -41111   -10715    21031   -35741    -7487    99490    86432   -48126   138318   -36769   -68209  -162618    27571   -29504    28192   -38275   -41953  -122875    53881   -13025    47660   -19197    20453   -30996    54746    10262   -65200    51374   -53254    18187    63104   130245    36523   -23599  -110650   -24647   -45462   -22855     1016   -44126   -49541    83363  -127950    44116   154204   -62875    -1372   -21002  -138941    24522     4132    77893    46455   -65099    41606    22864   -63107   -18898    86294     2617    25501   -38987   -44177    24297     2329    45629   101147    36720    38439      936    25576   -24512    61501    33812   -14893   -44013   -15892   100199    42195    80252    55058    -7401   -54464   -29492    48885    -5278   -25363    -1168    25766     3534    16207    19467   111453   -84012    72331   -68656     1413  -111128    32008   -10337   -20126   142147   -60682 
    5697     3034   -78486    59388   -17243   -17984    22599   -92491   -75114     9780   -36000   -34372   -11775    65463   -48832   -35395   -19338    55612   -54496   -39551    54065   -24339   -18496    76376  -112565   -17463   -45528    11824  -106327    44940   -33945    43236     3787    24152   -81613   -87867   101817    53390    -2369   -82881   -11387  -114865    44575    51222   -11060    -6486     4740   126794    84739   112965   -41940   -48796   113086   -18862    82210   -60752    47734    50721   -41400     6627   -36434   -17515    -3241     3522     4791   -88112    46260   -50870   -42334    48002   -17761    69122    14307   -56404   104545    14223    24746    28766   -30199    36117     8163    55771   -16510    96525    52010    94766  -147703    44136   -17821  -114599    26207   -39061    -9255   103854   -40482    74198     1936     8252   -51244   -26734   -89802   -69186   -46203   -34963   -17350   -65156   -57730    52174    42737     7911    32942   -42293   -13812    21280   -20215   -15678   -12370    31666   -48500   -29509    52740   109747    23935    61232    25205    26217     -892   104192 
   89993   -36951    65493   -17959   -63938    64344    21400   -42966    37788    41867    98532   -41982   -36917  -139495   -37729   -47750   -28654    86688   -62993   -99297   -40768  -191656    91896    -6525  -101917   -67199   101096   -96284    19697    84929    -5993    38875     3268    79631    33135    14544    47557    71620    35746  -128809   -35572  -198152   -44105   -54420    25260    58267   -18773   -62474   -11345    96158      675   -47255  -145653   112738    13372   -95103    82302   -35979    15573    17294    19449    91879   -70516   -54293  -108142    15031    75819  -137276    24716    91192    66728    80233    52365   -64474   -75719    28985   -64910   -58516    87047   171593    26120    46586    83224    41907   -59960   -17388   102888   -92636   -15650   -23105    71883   -60083   125526     1266   -67207   -52487   -43548    40621   -12571   -96198    29828    92146    27225    11513  -142134   -79202   133168    80424   -28684   -80283    79529    18143    10327    95044    43351   -44194    18447   -47661   -25804   -61736   -47409   -50052    35728   -58469   -65464    30095   -42117    -5484 
  -45481    74360   -28534  -174268    68059   111307    12769   100812   -29380  -147727    39253   -16127     8651    45372   -46920   -32527    92994   -35179   -50412    32532    57639    19829   -65580   -30619    73597   147970    43250    61794   -17066   -69336     7366   -96031   -51295    47017    29526    16265    45612   158378    -8325    12329    38809    35625   -54552   -49044   139710   -46127    11464   -50837    -9114    21667    50938    27585   -25744  -120778   -51096    -2520    58284    18546   -50270   -46154    83513    -8954   -55735    80506   -71260    10165    87992    20808    38648   -41516   -42311    24254     7334    16380   -88442    90604   134759   -32973    13288   -66521   -60667    34718    87420     -846    41741   107091    44649    29838     5495    25211    95369   -31657    74386    16513   -51851   -40478   -36434    52026     6072   -95829    95936    57022    37038    82794   -69969     8544  -101177   -16819    40687   -61842   -34054   -60148   -98386   -16265    66862    54763   -41060   -98509   -80779    17737     2566   110936   -41009   -16178   -95788   -55600   -41314    68746 
   -4358     8295   -13617  -140131    49964   116716   -43196    18346    24454   -36312    24577  -101246    46376    11030      421   116919    -1740   -34194    -4036    87895   -83699   -67876    14006    45116    -2017   105348   -94663   -37101     4651    69748   -31351   -45290   -63337    29823    -2529    -2027   -11969    98309   -45608    77051     2057    36752  -110144    10028   -57618  -107886    48536   -75812   -52461    43773   -38993    22895   -39430   187496  -142360  -162651   -84972   -23102    43183   -97048    45505    66562   -49161    47703   -65545  -104863    40020   -55292   -57669   -40083   -55900    64619    65245    38852   -63467    57675   -22120   -52014   -79910   -43362   -32250     5229   -14093  -134850    30142   -12573    28488   -66319    23841    80057    82316      -74   -76244    13548    31813     6785    33905   152608    84485   -61345     1562     7576     6250    79065   -97192   -72687    56821    70527   117361    54674   -61677  -143181   -69998   -18130   -19196  -163643   -48340   -54637   -43684    28728   -37686    30483    65195    29105     2445   -31315   -66620   -72522 
  -21884    24235   -48982     4798    34991   -23506   -20445   -80421    72877     7854      343    47060   -87942   -38721   -33908    10623    49730     7673    67190    73449   -56454   -64907    -2972    15945    92218   -53402   149709   143586    -4344   -61840   -49631    10380    26993    54195   -17023   -16396    14624   -50428   -16789   -43086    55391   -12066   -77695   -40702       19     9979    41844   -54880   -43347  -157034   -32857   -58129     3550  -122911   -15858    -7120    15217    30012   -61728   -61918    33608  -190169    94797    16829    21743   154795    11493   -69084   -24857   -84812    -8810  -103558    43264   144287   -25693     2614    17261    -5543   103170   -57008    84539   119813   -21709     1834    33280    -7258    13001    16849   -11757     3651     5539   -71714    48337   100014   -16881     2908   -50969     7385    20811    98765    -7477   -16338     8688    -2977    45437   -29628    78946    -6609   -22493    59810   -48032   -51658    85678    65091   -28155    39923   -47612    38693    83551   -82264     5592    -2142   161317    27858    -5012   -60397    40353   115155 
   45350   -70058    31005   -99086    57767   -36095   -13857    77873   -57993   135648   -66242    18716    63178   -33640    63798  -151110   -42650    19524    53045  -117466    26353    23304    59688   -45948  -110087   -45917    -5012   -26621    -5669    58149   -36081    27475   100961    72796    87642    33739   -16555    30363    22217  -148137   -48687   -68433    52869   -71241    84974    33850   -56980   -43631   -75760   139606    80481  -114431   -46294    98567    -5503   -43066    87401    19346    38713   -17115    50435    21449    25606   -59872   124742   -54067    11685    45280   -39283   119738    -7524   141214    50819   -48023  -145241   -28389    -4571    14544  -108942    26284    17264   124831   -20201    95411   -90952    22057    98936   -56584    34836   -36543   -80617   -23154   -48180    12246   -37848   -17731   -32762   -63397   -70210    -7208      410   133473   -16547   -45324   -12339    -7416   -90528   -88942     5022   -97102    93668     -991    34461   -24319   -25146    -2623   -11931    62861    15200   -76125    34809    -7523   -31396   -37083    74652   -32233    29716    93267 
  -19588    56582   -36192   -79591    40999   112043    -1614    30187   -49951   -13805    42842    68424   -50326    80212   -34374   -63466    35152   104892    55536   -72631    82286  -104235    11355   -68791     8983   -42546     8481    11788   -54867   -34999    44962    35079    42750    -1750    21440   -14092   -24615     -305    39353    57381   -39142   -17270   -17127    40760    62804    38629   -51163    11748      709    -5756     6445    67310    52547     1807    40040   -63438    77253   -32967   -94738  -151387   -23263    88210     2672    23859   -32631    88511    16519    78576     4466  -102000    27580    38352   -35632   -40700    49968   158772    41243   -63802    19302   -44726    59814   -17830    -5369    40888    58817    61179   -18809    49188    55225    91894   116731    70277    49583    89595    -4065   -15884   -63860   -43266     5901     8920   -45192   -48433   -47792    32684   106242   -71871   -47375    55612    27205     4242   -21951   -12679   -79956    23543    45341    19148   -15290     6900   -81696    -1267  -101212    49477    33602    27854   -36589   -69391   -56018   -68808 
   21148   113722    -4870    96130    96025    -1239   -65488    13448    75354    71292   -26992   -28384   -56898   -50949   116289     7113    31201    54353  -102123   -11158   138463    31138   -59715     4649    22237     5397   -71744    28768   -26837    55719    10973   -45012    38092   -39980   -29839   -40547   -25526   -72962    58057    32514  -106413    95410    40519    11056    38677      932  -120732    66957   -72925   -64211     3993   117455    42297    -2827   -11992   116760    13793    62534    56139   -47362    17523    81143   135153    90918    80786     6258   -42583   149228    24076   130194   -11926    -8868    -4336    -1389    45351     4638    78741    77972   -96858    34815   -88892  -126537   -16639   171735     3720    48323    -4320    15083    77945   -73153   -17467   -27870   -73386   -74070   -23447    31212   -38897    68239    59658   -13648    33826  -121527    89406   -46524    47001   151119   -36492   -59343    -5407    22789   -19525   -16636    14038   -96505   -34639    75672   -42901    13850   -50660    15640   -65339   -65242   -43184     2373   -10984   -20917     9591   -70853 
   11171     8914   -45885     1380   -20883   -43770    18823   -85633   -46395   -35480    49656    35127   -29268     4315    36266  -122530    15399    21996    22752   -16375   -21415   -48632    70244    43480   -51495   -41880   -60218   -52901     9909   -76078    -5073    40930    44962    19583    93169     5979   -49776    56648   -26255     8524    39423    32406    -3589    10084     9925   141653   -38304    20086   -71737    54937    -8689    89206   109558    87880    30703   -57233    38698   -70414    10072   -63102    22120    50817   -96962    22534  -107145   -38643    43949   -21902    38540    70130    17132   -48748  -140336   -18471     9907   104312   -82277   -42180   -28923    38554    45205    -7775   -12595     5021    62674    -1885    45733   -38492   109971   -45654   -39625   -14123    11957    31261   -43400    21772   -44098   -82237   -69375   -39480    48545    64134    95953    26288    60684     5723   -55884    19449    89614      525    89895    23056  -110005   -20214   153411    48598   105545    94379   -68575    -2024   -87197    -9341    -1027   -50790    -6591   -88186    17558   -96530 
   57390   -74050   -50697     9598   -57130   -10837    77957   -60325     8533    92101   -90272    11138   -51622    21004   -44801     7564   -51441   -57337    19518   -78981    22733    87965    82190   116254   -67144    65390   -14588    94100     9097   -39490   -61361    -9643   -73139    71394  -193608  -131904   -64149    51144   -14505   -82718    73390   -85930   -52038    10037   -91787   -25976   -55661    43642    83762   -38945   -79855   -91064    36992    24292    36519   -15539   135477    61142   -10328   -34734   -23359   -22345   -15624   -77681   106729    80506    17860   -46973    89218   -42969    27114    63404    -6633    45539    80129    28924    80570    -6589   -32133  -209079   161120    55321     9556    18922   -89064    46836    -3694    32238   -73401   -51338   106707   -20671    44243   -41800    61056    45138    83479   -29926   -32972   -29452   -56706    35011    12397    -1530   114418    74038   160008    14580    45642   -64864   -68540  -107824    53959      -66   -39610   -61912   123222   -44641    89588   -60315    10953    23167   -88362    17171   150943    31298    84026    40910 
   23404   100790   -71119    -1443    98750    30172    42163   -23336    65607      538    22168    33284   -38289   -50037    -6687   -85773   -30906    27539    -7421   -14418    47863     7858    64416   -34479   133240   -64941   -38019    29402    66263   -47181    84311   147602   -83053    94945   119299    31190    49918    41450   -93083    28431   -78242  -108234   -89830   -91899   -37140    15562    27579     8843   -18421   -39401      778    22920    79649   100034   -19280   176388   -60698   -73134    49270   -27343  -100765    32869   -48308    67633    -6114    18467   217490   -58134    79887    57775      615    31067    39142      861    42642   -22295    -8328   -25653   118699    25848    14656  -194447   -14150   -59839   -11718   -23895     4581     -751   -56226   -18779    34957  -129915    47314    20888   -35719   -56617   -42253   -60971  -119140   -74748   -73962   121187    -7505   -58226    14187    25872   -51093   -20271   -64411     6652    -4807   133540    76976   115994    20414    86568   -48670    11960   -49990    69905   -48177   -19910   -22660  -130236  -107802   -28453    70122    27406 
   95470  -117416  -116686    28812    -4790   112710    29277   -77436   -32272    20894   -42810    15907   -74599    99598   105206   -73314    49763    46867    28545   -16344   -18544    27382   -28367     9479    -2434    18186   -95598   -11687    65337   -65121     5129    37447    89858  -120649   -35226    35523   -48465    10291   -83526   102379     1107     8157    58497   -31079  -154837   -19137    24798    40977   100168   -47174    16133   -48493   -34648   -50869   -19386    50153   -48946    37117   -88418    37141     7743   -38955   120621  -112763    42576   -18744   -44352   -12825   -57988    59925  -201977   -12911    43106    75334    97787   -62273    32485    71908     7867   -84344    46327     2149    93303    24987     4562   119020     5612   157615    29884    52156    86699    -3060   -13893    54418    -2844    13900    68235  -118181    22313   176191    -7458   -17066    -2287   -25068    66329    54585   -36282     3039   -31819   -54585   -49523   -20533   -11470    79161   -53607    39205     1647    26822   -76476     -944   156809   -22577    27844    36795    53027    37084   -76850  -108711 
   50502   -59165    -9894   190588   -43893   -91888   -73846  -114733     9978  -129190    -7552    12176    52858   -41732    22090    33260     6396    26880     9047   113611    30822    47696   -46262   -74963   -91329    11762    46665   -31555   139074    -7986     4256   -43084  -114092    -6550    15061   -29875     -689   -52614    48144    57535   105908    12163     6879    19899   -69534   -90847    13680    -7364    53815   -25614   -45663      316   -10348    28005   -45617    37343   -43108    -1523     9624    51911  -135934    26721   -72463   -94358   -29425   -45354   -42861   -97816   -30618     6697   -34380   -77728     5360    22348    14836    62199   -29092   -63500    75261     7227    84011   -72906    -7963    -8056    48988    36152   -25844    54707   -78339    47836  -156105    41122   -64334   -68248    31861   -21111    42530   -65995   -57645    52788    41634   -55933   -68629   -42928    11918    18101   -17284    99515    14428    28905   -49937    53641   -80214    64172    19909    34936    43614   -97239    95009   110475  -101688   -16434    15520    41731    -5416   -10164    14665  -141444 
  119339    -4349    12810    49955    51487  -106009    10616    -8207    -4996   -59980   -44832    55954     3283   -16444    11906    97687   -12787   -34123    31141    26783  -116496    54842   -21525     5497    32908   -43201   -33008   -37206     1469    64462     7416    30585   -60857    -8678   -31130    88420   -66709     4087    -8815   -82884  -129245    43733   -15342   -65230   -34962    34639    38909    80758    55671    33762   -61880    24490    71405    39917    22181    53767    21937   -78768    44257   -41386  -134663    35399    50086   -41005   -75760     8681    53546   -50571   -38724   108967    80751   -66572    87127   -59062   -28175  -154129  -108360    13591     7643     6871   -50595    -9767    88293    27518   -82172    66903   -16903    96894   -97982   -47933    30178    58672   -51258   -65168    91864    62846    16906    75228    75250  -105005    40098   -93474    73861   -63965   -53360    15677    25069   -23551    16072    41931   -29259    26816    -7363    48890   -80697   -45709   103891   -10942   -86178    83273    67929    60262    57970    75817   -14740    74144   -66571   -31852 
   80052    45543   -15217   127307    11905   -50415    27212     2201     6424   -28102     6686    67890   -45699   114437    24285   -15407   122518   -24614    69229   -22597    47797    31758   -57495   -88921    15511   -42667    23885   -74822   -71258    10597   -21703    16832    15992     5712    27803   127279   105171   -21844   -44265    44079     9803   -25518    44146    61051    50206     5382    28277   -69366   -86608     4512    46398    29629    75041  -114497    57073    37938   -57823   -23495   -32246    13940   -31553    28067   -51634   -64272    12774    14671    42258    24205   -38149  -143539    11266    -4951   -97483    68125    55619   -41382    -8779   -37803    88928   -15737    38531    75056    62868    -3256    78245     1909   -86307    23500   -55558   -45190   -54157   -81125   -65600    -9914   -64638    96930    -6295   -84113    23187   -13885   -54834  -139932  -118554    42749    78440    57377     8932    92008   -47425   120704   -12017    75446   -46039   -21368   -49205   167173   -48009   -81244   -41085    21530    19094   127189   -23987    56605   -30771   -16067    56353    -9764 
   26922    -6961    85895    65000    18395    -3595    58881    97077   -61621    25596    78651   105945  -192515    55750    35392     7924   -34163    45196     3458   -25987    11492   -47852    58109   109106   -29482   -30445    35424    27320    32693    41952   -26866    -9546   101448      143    -8306   -63451   -56869   -96713    -4519   -61373    53964    65382   235312    65824    71757   -70240    24954    76750    87390   -40361   -17280    31038   -43840   -16567    33762   -68314    32302   -62377  -115646    50978  -134080   -64777   -18783  -148672   -29892    43395   -30514    42183    44400    -7795    68510   -31577   -58547   -23254    76223    -5630    43076    69498   119439   146596    85026   -31681    34209    91317    25363    -2773    82241    -5223    68695   -27346    28294   -26349    29476    60784     3832   -20698   -11156    68388   -20388    44816    26891    -4982   -64544  -118598   -18765    44240   -78355     1086   -92807   -66884    15180    91592   153208   110161    34664    42746   -27727    39582    63476    26901   -67656  -115195    41254   -65810    -8466    18855   -17171    20995 
   52947   -31369    25267   109375   -86173   -22946   -11919    -9739   -60444   -27625    -1619    72854   -41010   -18977    19484   -88793    -3424   -46253    27365   -44921   -56121   -63223    69744    19166    12783     6420   -38984  -101124   -20548   103730   -75103   -34813   -35536   -24127   -81453   -20002   133151    58641   -24736    -6083   -32897   -32454    14426    16315    54509   -32680   -33953   -12995    43052    47702   131803    15091   -71795   -48365   -20377   -53858   -42223    83994   -24528    48935    23966    11096   -78007   -41096    39798    31346   -24032   -76940   -41447   -50016   -29346    50483  -157893    12631    63996    24000   -89059   -29552    15022    87972   102330    17944    47033    -1015   120135   112641  -103929    44283    -2012   -85330   -15491    37496   -85932    71478   -33712   -19942    25962   -10764   -92712    10579  -139097   -57166   -16368   150522   -75971   -13905     8739    21363   -18265   -10455    16965    18450    56004     9594   -36329    34912  -107072   -73184   -52883  -115740    31547   -46276    47075    23060   -16480    36450     4400   -37922 
  -17033    27309   -49969    -1731    75856    78572    18606    97851    46489    61217    53159   -30468    16593   -21327    91059    58332    68275    70664   -15018    42913    32484   -28217   125299   -23434    84846    19713    52946    57203    79989   -18571   -53607   -18088     3095   -64435    65500    59716   -21595    -5645    66591    -3267   -22141    23341    60031   -35427   -18367    65370    10202   -30825   -36304   -78000    16505    17755   -55696     4519   -27001    87389    -5035   -27867  -105874    51936  -130236   -41767   -15748    11436   -43478    45315     6731  -143116    32434    43902    59752    30557   -67238   -14164    50393  -127950   -66708    66530   -43108   -48196   -60130    -2039    63574   -92168   -51967   -44448   149817   -44965    70680    -9963    26606   -41061    11768    57348    10482    10062   -12473    52521    10504    -7678    45524    60049   -25832     7641    49179    40998   -44615    22074    -6390   -17959    68323   113986   -14702     -849    27312    13287   -65708    74258    83278    45393   -95616  -140334    32517   -85471   -40765    73985    12281   -46586 
   -9003   -77287    90503   -40986   -98299   -80278     7616   -98431   -37219  -129405   -50937    31178    -6336   -26862    81018   -19394    33724   -67335    28922   -21672   -42968   -69395    82116    43462   -19493   -43360   -61439    39341   -50598   -84054   -31249    29036    41534    -4262   -15789   -28163    15700    54371   -19578     8810   -89552    40157    37572    95974  -128783    23340    77000    88089    40462    20384   -28707   -16475   -54171    47108    82663   114698   -77799    -7748   -25982   -51677   -99693    19688   -43764  -167162    -1738   -47211    89803   -93766   -78613   165530    10341   -96567   -84522   -76408   -25223   -35026   -56143   -38345    67222    24946     8457    89472    14700    17802    26116   -61712   -42031    60466    68190    31837    55241    74888    49368   -88490   145259    58768    58444    31216    47446   -34151    38475   -36057    92522    41961   -51750   -11409   156877   -26211   -32708     3028    33710     9040  -102514    -3551    60285    28230   -32345    35129    49282  -164101    89775   -16992    49905    36209    99493     5582  -112750   -48347 
  -30241    62467    22109    99656    72129   132128   132327    -1157   -69859   -86039    45792    27397    59749   -30810   -37464    66712  -123645    98337   -24735    50879    55846    -5621   -77342   -45817    25215   -23059    38568   153532   -23825   -82219   -25488   -21878   -61319   138049   -99300   -65024    18107    -3063   -12571    80622    -3771  -127809  -169814   -96750     1300   -32620   -41220    -8762    71982    69678    33507   -37879   -55009    12550    54166   -74411    86553    -2994    10090   117866   -16231   -58113    10691    -4069    18504     4327   -44834   -91511    23179   -76309   -86438   -16483   111433      396   -48748   -86655    11502   118504    13041    43154    18333   -71627    89647  -110124   -36724   -91354    31724    16674   -92060   -63810    86433    48549   -13093    17789    11189    29388   -43434   155012    79719    19036   -54202   -41311   -83393   121865    43551   137381  -104624    96161   -49634    14632   116597    24147   -58787   -98347  -127668   -63626    35820   -54467   -49814   -19759   -93137   -28619  -104755     6678   170475  -115261    10272    46890 
  -23189    78224    35786   -87500     2259   -35050    -6281    81284    76846    75078   133759    21575   -39337    16579    53489    -8084    86302    54995    90668    18831    28251   121750    -2173   -92552    61505   -33900    25990   -25655   -39106   -72830    68164    -2769  -132065    -9652    37398    88280   -79150    52214    56089   -54355    91280   -43062  -105519    24946    49450    13215   -56308     -747  -113806   -18898   123196    82048    69050   -49100    54800     7801   -32972  -104472   -27403   -39397   -62598    67220    34877    32357    -7848   -27420   108775    -9690   139298  -109958    46549   -74353   -76573   -12181   -53440    91091    10215   -55436   -25217   -69950   -86209   -86917  -140297   -51725    63990  -104505    52102  -109750    -5687    -3392   -69210   -27298    60571   -61332  -116617    40263  -109191   -67492   -29185    23527     7072    21014    -3637   -39614    17627    51704    22469    66472    24456    23361    64593   107805   -15942   -43830    57616    48935    -3827   -25971   -19980    51780   -63649   -11197   -99169   -77213    -2415   -57847    60575   -51740 
  -57490  -102728    -6767    81698  -123864    45111   -17806   -95807   -58084   114968    -9208   -22310   -21808    19875   -54516   116134  -100638   -28873    46388   -10030    50276    58091    -1743    41710   148728    56144   -77848   -92234    38450   -21300   -33985    -9786   -19775   -45120     2932    79521    70722  -110357   113350   -42914    12883    39092   -43045    75221   -30122    25814    34948   123710   -44130    66238    54599   135582    -7829   -71868    -8241    37973    40701    36593   -41231    13162     2779   -43527   102320    65323    26421    40799   -39491   -76757    36543   -81717  -111882      728   -35408   -88356    99469    36553   112203   -64075    78302  -130992   -75761   -34347    -7992    94072   107766   -77571   -30274    31681   -91863   -20142    17335   -32293    10239   -38206    -9749   -80784   -32384    -9940    21311  -102845    32814   -13251     2167    32060  -163524    68085    55471     -548   -72851    78116   -36471    90171   -16282   -24732   140294   -22042   -84219    64502   -13113    11456  -116067   -49154   -22527    32756   -34395     5485    27009    27010 
  -46939    12580    35391    18291    28746    20803    23771    56582   -68105    49557   -15192   -56541     5613    73864   -47776    83208   -39043    23414   -96794    59523    14557   -54134   152684   114237    54086    14784    18350    63540   -57460     7176   -80469    90316    32155   -60079    61037  -128694   -40799    86481   -62680    72912    72618   -81472   -74391    13078    43604    13141    53782    -7100    12518    16414     3017   -35269    32586    83796   -86460   -82489   -32696    75835   -14703  -100468    30385   -53374    26054   165537  -122146  -107010  -101180  -102732    68812   -37291   -76403   100851    23438    33216    30464   -24922    34460   -26214   -75620    11151    -4881    59282    76349   -14715   -13019     8333     1920   107322   126114   -29366    88474   -67917   -14858    59520    60317    73082   -36757   -54829    71689    54597   -85783    18237   -44016    65924   -29136  -100894    85019      147    34568    45654    88813   -91664    29059    55864   -55601   -85357   -78111   128549    44860   -94106    -7828    74755    -8571   -18010   -31542    77336    76070    71963 
   38599     7425     6407   -60748   -46484    51496    70317   104894  -105552    26253   -62581    26698    -3803    90013    74423   -78568   -37549    -4507   -22512  -110886    12114   -72373    38528    60003     4470   100459    46564   118467   -11088    -9178   -92733   -37192    -1984    22916   -43511   -77948    65047   -66411   -29592   -24859   -34622   -61315    49341     7131   -12580    41033    68599   -14398    -8204    36334   -23176    95111    28225   -32878    91172  -119144   -59169     2352   -25503   -23887    97803    19600    22318    79121   -62467   -24641   -60892   -39921    28599    20539    15822   -16526   -14214   -19388    15345   -31687   -26792   -23781   -31441    43710    11178     8855    47596   128693    63943    18218    17472   -34798    45799    11943    35555   -71208    15752   169080   -75376   -47740     7115    55728   -39263   171372   -74173    34842   -22720    49515   -13773   -22010   -41246   -32409    62688   -37675     4428    27335   -44109   -43131   102526    48131  -142161   -66012  -171777    10377   -75796   -58407     9932   -13631   -43535    10728    43660    17238 
  -14364  -107808   -65649    27710   -14747    88075    37884   -47077    30500   -23365    -8180   -18825    41696    86686    -3376    59211    54988   107340   -56784   -65565    70170   -61136    26132   -25601   -35631   107264     6281    71111   -23032   -51203   -12749   -80480    -4024  -144363   -16653    29651    34575    94589   -47404    27211   -19732    38179   -43414    74040    96299      -17  -100063    10998    14313   -24685   -58717   -58990     2816   -72976    27734   -69526    60718   116182  -110242    34588   123125   125181    25292    33051    24224    16720    27754   -32395    21747    50949   -62058    84144  -104461    72838    42578   -11403   -11008   -83974   -38824    39754   -16186    30580   102909   161437    32643    15549    63155   -47967   -59945   -51727    37170    12505   -18778     1737    62587     1612    24869    19254     8197   -31513   -11570   -42547    59931    80036    67963    69888    29021    24114    40942    23698   -59393   -44141  -135176   -67054   -49878    11660   -48651   -62700   -46250   -93168    -2643   -85452   -37553   -57785    51176    65631   -41394  -110080 
  -17093    36923    33374   105161    78490     9108    38073   133908   -15446   -22467    62422    35685   -28263   -49004    62260    12151    56368    -7838     2216   -58805    21474   133143    48938   -28211   -70570  -113623   -83123  -160659   -86168    74083    39482    56291    17000    28470   -26214    55874   -25313    -7488   102116  -110525    61315    -7859   -12815   -67211    52860    26968   -82429   -88231   -57757    81503   109605    40004     2691   -33719    27997    18867    10310    13896   120597   -19297    46748    50988    13058   -16454   -19386    16554    66801    62293   -60610   -66045    39795    92335    54757   -16981    25877     4715    89446   -52038   102479   -19258   -31533   -63597    24906  -135854   -91459   -63760    52557   -28231   -90824    -7236  -146155   -47497    17444   -46732    -9950   -29673   -42520  -134057  -209970  -195772    21619     8714  -116814     1211    32818    25208   -28922   121883  -133851    -1264    69675   -62403   -14097   -13362    41965    80693   -17053  -167268   -91571    -2603    47637   -12545   -30556   -14779   -33408    90308    53131    38088 
  110336   131556      -11    59134   -17002   -79215   -65075   -50639    47817  -115611    10283   -14440   -70307   -51203   -27841     6352     9861   -89298   -38466    68826   -35388   111203   -70523   -17224   -51092     1842    -3206    13804      368  -103751   -14213    26351    21751    34678    56697    58483   -34527    -8935   -20623    29408    56168    61194   -10535   -45665   -20885   -74951   140986    26076   -12234    29935    26796   -12721   -67966    66671   -45320    21952    46237    -7769    28810   -19771    22774    54319    -1259     5441   -83990   -58295   -33512   -51126   -65614      -10   -63528    -4995   118242    45124  -151601   -10808    99531   -23366   -64140   -31903   -23082  -110198    30707    35519   -21765   -16140   -13706     6570    35443    34659   -21993    -5246   -39257   -45614   -49948   -21747    -4723   -46658    34036   -10155   -76671    56103    43110    12069    41322   115867    29236   -92569    41271    45254    -1696    45501    20979   -20373   151468    37034   -11147    74473    89186    21733     5367   114236    37327    -2681   -43778   -53188   -45526   -63839 
  -51429    23708  -152350   -29111   -77261   -74257   -28809   -25194   -12837   -39110    -1451    55004    60095    10678  -125795    91764    13896    -2447     -671    38714   -36180   -53849   -11825  -122791    76347    90009   -65062   121932  -107668  -168270    14218    49866   -95575   -60282    61113    65155   -45610   102890   -51246     1366    24366     2190   -78282   -21938     8779    76294   -67900    85398   -78367    41435    24599   -41958   -21909    54247   -34073    63655    62192    44892    -7501  -163234    91483    22030   149605    29805    -6497   -55378    65001    -4398    -8266   100471    36224   -58979    19592   -38362  -135299    15760    49955     6283   -19022    13960    38128    19624    21890    37468   -27768    19615   -23951    67664    12978  -110918    64360    25039   -18127    39596   -79114   -62636    -1475    49020   -21796  -120211   -31886    10608    90936    18466    11060   102426    31964    46290   -21786    27521   -22569    15674   -92480   -25257   -30615   -26596   104654    31302   -77867    26060   -66002    -6803  -146912     5322    81838   -25449    67718   -20029 
  -45440    78399     7331    29867    80932   -44082   -60866    56180    82213   107378    66135    -2272    61660     7194    -7385    67450   -60250  -101712    15137     2053    13255   104515   -24695     7304    -7653    -7118   -49396   -68843   -53241    69061   -50353  -117532    43316  -105591    -2017   140278    -4436  -135900   106460  -125954    57110    25097    67283     2220   149393   -59748    41192     5176   144890   -40593   -99250    31781    66949    -1332    45710  -133908   -29102   -37251    12566    90188    25914   -78850  -102728    17316   -15004   127934   -85084    93791    71167   -49426     5418    20977    -3016   143906    -2937    82323   -53626    46978     6687    16925    19564   -68175   -20211   -14802    33861   -51702   -15665   -88731  -100171    70948   -60308    31577   -19801  -103064    65287    25303   -29288    79466   -29550   -42043    93004    59547   -33842    53004    60611    47075    -3816    74922   -32751    28838    -4430     5609    60623    15319    12246    54261   -59998   -55338    11988    45624    -4927    41547    60912   105618  -175390   -14585    12094    13871 
  -37251    73911    22961    36895    16957    54418    48146   -44856   -94876   -78946    47473    72771    40427   -81054   -93345   -13501  -133089    14564    18109    -4423   -21877   -12180    -2609    61168   -46620  -131896     4911  -134837   -75915    60435   138519    47422   -14333    56666   -91165   -24275   -42758   -76522    -8515  -112110    25650   -41501     8806   -14328    31908    44316    -6483   109497    49047   -27885   -11244     3628    30498   -99593     2253    21876    63720   -67141    -6819    75369    43530   -89821   -26279   -87142    22138    30611   -30685   -83107   -43496    25827    27302     1539   -13922  -117237    57021   -41669   -56566    76093    67556    32472    38008    79457    14570    15088    66131    49470   -24266   -60407   -29254   -31555   -86593    58135     5435     5362    12842    29347    83748    57151    60100    -9868   -34954   -59092   -48550    37157   -67799  -140578   -39192    22708    21995   -37850    86334   107719   -19905   -82447   -58500    20014   -22625     5890     8139    20370    53717    13751    70234    57003   113021    -9485    65872    32639 
   39294   -58326    -8742   -10360    33910    -5100    19961    17218   -95455    -8589    44968    30960    45963   -25890    51436    32578  -118037    60902     6410   106264   119704  -111605    36380   -36837    62011    61135   100566    15418  -107423    87783    83250    -9450   158810   -24365    48819   -14100    -6594   -19403   -31519   -34946   -11923    40535    13840    13491    69116     9770    56853   -18217   -31118    34554    54041   137205    16581    97495   -79032    97635   -90390     3225   110648   -56671    71173  -123818    69141    36114    -8322   -13726  -127085   104938    12426    96770   -48575    93225   -22988   -35588   -46776   -42366    -7707   -24063   -24154   124623   108182    61135    39027   -41194    76377     4811    13578   -16058   103860   119839    63201    98725    24868    76466    89724   -79359   -50763    45628   -14797   -55196     8028   -58542     6341    74324   -81485  -162602   -37805    46372  -105556   116477    71627    22950     8130   -24884   -38604   -53652    42067   -36213    60462   -47304    46792    13512     9593   115101    39572   -32214   -82569    87740 
  -14146   129041    29360    68754    61026   -29111    52546   125052   -63662  -150134    58549  -153644    15861   -53526    63380    40045    97535   -61512   115200    76792    38953   -28903    90615     8375    34428    50260     3833   113289   -31226   -30836  -124346   -21832   -81964   -39488  -102484    10804    52312   -73537    30649   126312   168169      109   -68834   117249    26221    16815    39381    10402    -5268    60916    82539     8717    77420   -58338    89949    12809   -62210    68950    32467    33935  -108365    -2124  -133272   -23109   -48123   -64340   -22353    37462   -13891   -80600    69738    26348   -39598    53225    24777    94921    24177    67139   -32474    71286     7465   -86908   -74341   -25548   153203   -31146   -22784   -62551    14068   -89620   -13882   -95624   -30442   -52523    24801     2231   -88323    56835   -36135   -40679   -27093  -133491   -29439    -9254   -42991   -71705   -35268    31468     -393    34664    46737    -8576    30805    46153    55293    45976   -24286   -10630   -62118   -43037   -88289    -5135     5626    33516   -28488   -47989    31196   -37054 
  -54941   -73276    64080    -4217    51869   -12162   -45156    11307  -104117   -25899   -12207    42749   117863     9267    20969   -20730   -60372    14366   -74303   -39833   -68867    41429    49722  -139427    30259    12455    75765    -8837    -3689   -37732    51858   -48405   -60731   -27425   118969    83895   -19026  -115869    -6597    45020     4552    94887   -44414   -69762    87077   -25878   -11860   -15480    -1305     9448    19406    66514    96105    43604     6260   -80303     6092  -133769   -42118   -28294    54656   -61658   -14960    78230    69778   -33395  -128631    77860   -33955   -53794    43999   -35105     1028    49051    -8452    51643   -10167  -106511   -23739    -2532    18959   -46764   -43885    28488   -39228   -35962   -75284    49900   -47337    58179   -60352    94812  -127486    35788    51451   -15542     9366   107991   -55908   -30602    28494   -64124   -62058    13207   -41309    25277    17676    90969   -59658    19251    97162   -65634   -60395   -19602    64925     4598   -55339    -8745   -97878    48530   -98789    11771   -56563    83388   -64210   -91310   -24710    10297 
  110325    44132   -29815    -2578    53920    52104    39278   102727  -104595   -58681    23387    37872  -139471    69117    66689   -41915    31677    48007   -20167    48009   125862    46127   -93303    92055     5551    12181   -84295    39956    92464   104018   -31479   -13446    -7146    91137     7632   -66827   -74933   -61705    49007   -25575     1328    22968    45558     8309   -56101   -87512    35865    76355    91121   -62893    -3155     6598    52871   -36912    10086   -93461   118500   -24798   -69718    38322  -107512     9131    84316    22663   -81202    14690   -98669    70799    15245   -14733   -26758     8885   -38142   -47294    82308   -44573     9410    84964     8217   -67314   -39893   -20855    34603    23848    61395    45236    -5902    89401     3552   -56030    63236    15022   -34718   -28306    25843   -34799    93019    76857   145885   -27449    -9507    36076    73141   122597    13194    61341  -114216   -96603   -21570    88613   104029    71648    41425    -8482   -46428    50500    19244    79059     8014   141843   -57356    19947    34852   -89209    -9046   -28147    85846   -12612 
   52022    36219  -114142    83819   110820   -35363    67660    -8391    -6163    -1994    51730    31538    24655   -68418    32133  -107939   -41194    52151    32512    -8030    30548   -51377    10882    15444    89119  -125789  -100560   -41965   -98879   -39976   -25681   118738    36519     3922    72248    42536   -91637   -55085   -56257    85243   184860   -50393    37121   -18222    37214    29195   -24807   -67111   -13885   -75800    42597    73805    43140    63168   -93156    16716   -77281   -15151     2249   -72538   -73362    -5276     7101      222    14694   -62741   -80398   131792  -117657    73629    19025    -2048    59166   106257    26509    53945    -3254   -39138    39586    29165    61670     9781    34748    39053   -47183   -12313    48615    85711    77789   -20600   -10403   -62269   -45328     9642   -37450   -37557    10917    16217    52377   -15798    11870    92821     2062   -32805    52998    97063    19546   -73175   -26280   -14125   170384    67559   -24835    21034    43746    83060    -3128    11134  -122349    69115   -46632   -14779     8656   -36052    17133   -70056    24809   -88428 
   64961    17201   -31676    41716   -48520    24452    54336   -41711   -55080   -44968    26684   -82736    33306     2196  -120685   -33891   -26765   -67436   -75196     7225    -4228   -29793  -112727   -23732     7710   158305   112095   -20214   125915     6813   -32058    40834  -112577   126753    55463   -62963    50129    -6053   -86530   125122    -4787   -42108    17479  -110080   -48738    83560   129863    88886   -75694     6031  -100369    39695   -87721     8891  -110732    50174     8747   -54121    29108   -31239    27458    24566   -46953      156    -9212    34330    38433   -35371    29898    30440   -39416    15339    35247   -43498    15916   -15192   -34359   -51076    46295   -12996    -4231    96885   -61624    64164   -51125    88779   -23761    18438   -45774   103981    16339    58953    17388   -53660    35147   -52665    55687   -35893    35948   -51761    34153    95201     9318    43883  -106885  -197295    60918    89098    53153   -90984   -58708    10985  -107118    43895   -27296    12134    49223   -66943    38933    87428   -82100   220864    57127    -5774   -53786     6605    86567    -9666 
  -64158   -10628   -92151     5142   -56472   -41524    60088  -117813   138243    20593    37805   -49122   -45217    43919    31473    16688   -68217   -20485    60004    39200     -255    44257   -30362    -5148    30264   -11666   -72401   -12040   -98471    22614  -160305  -106544   114016   -84578   -19391   -71444   -17879  -172442   -47075   -27089    80847    62263   -21084    40225   -59585     8662    74951    62953   -45989    35075   -37415   -46454    52517     2512   113648    58110  -124064    12020    57453    22341    -9260    26437    78177   -36859    38775   129285    12698    66846   -70660    22887    56612    57525   -34080    34424    48874    56375    43338    33690   -35235     3073    25063    -4555   -48095   -35066    90476   -87620    79346    39286  -121515    -8919     5731    55260    13228   -56010   -48818     3394   -43518   -39280   -63775    24622    67240    -2014   -39973   -55405     8568   -73726   -58037   -67607   -91542   -34182   -61532  -106079    42125    90166    67241   -34344    52628   -90343    29973     2142    42623    55402   173443   151996    -9175    37609     1535   -11534 
   17620   -50288   -61152    66837   -24979    20762   -27319   -50146   129319    37056    85365     6031   -91179    37387   -18216    37165    28110    78394    40678    85066   -64822    54557    10838   -25304     5685   -64604     -557    70711     9873    60781   -40584   174445   -77595    41247   -62470   -58566    80359   106675    28135    41891   -20501   -26943   -92627   -16108    14264    17232   -65192    29959    75280   -72098   -79753   -81325    84500   -14097    30299     -781    78111    17511   -80861    41452   -17311    74955    68053   -22687    42797   -33314    81136  -108156   -12337    25000   103993   -74950   -71967     4713    51611    90890    81895   -38946    12745    -3044    18983   -31229   -67886   -56979    16725    -2263    -5238   -85782   -46231   -27975    51540    40367    -8960     7462    53828     6209    -8531    33447   -33737    46439  -100100    13120   -41486    41371    -5679    92209    74905    61276    46228   -41373    20493   -94546    35621    24536   -32914    23569    36970    35994    11408   -58320    29378    -2230   -23739    34036    35353    66405    39658   -21384 
   60133    73659   -60372    10048    -5931    58661    81626   -27944    21644    72730   -27276    29445   -53064   -24008    10887   -27204    21540    65315    46636     3303   -27165     1916    18187    20674     -620   -51127   -74119    47640   -19847    -4778   -82857   -23208   127650    61524    52686    -5565    11077   -15876    26980  -107791     1992   -32595    -9110   -36376    -5752   -18825   147953   -12473    97629     1459    22836   -29516   -54731    45341   -13390    38714    19044   -39789    71262    83366  -137411   -90514   -52130   -18873    19020   141026    98591    58472    97945   -33423    48536   -20608    30355    45080    59395    21440   -24313    16379    52196    -3458      962    22628    14186   -86538  -101575   -16214    49804   -40511    47923    32065   115912   -13002    39822   -12697   -34256   -14892   -30340    36716  -139038   -30017    33078    33779    98605    73745   -39434   113244   -56389    47560   -26141    32012   -20729     5985    97876    54519    84414   103417   -67842    51864   101347    -6707    14727   -46702    76194   -28769    -2247   -71092     6553    25425 
 -119016    94971   -20436   -25731   -65522    43137    55635   -11657   -42119    11754    44970    43881    14247   -55882   -47487   -73690    20520    43920   -59426    -4970   140077    -2419   -50091   -13661   -33609   -18059    48953   151408   -17202   -32151    13289    21355    65049    10818   -13923  -102421  -106492    10076   -71254    62344    24805    64223   -61764   -52283    15279   -58288   -32086    -5706    26823   -69925  -121620    41651    31099   -89950     4755    35788    60659    26368   -38847   -17348  -126732   -18817   134719   -11533    41422     4111   -52078    26559    70894    -6737   -65099   -37446    16222    -6733    25626   -22652    19890   -41646    24899     7765   -14292    84747    24820   113397   -71526    98208     7364    55032     5555    45887    21504    25998   -62579   -30808   -59167    95331    -9723    13688    75083    -6626   -32739   -88557      947   -27285   -53517   100978   -43600    40390   -23153     -289    14642   117483   -12466   -17109   -60996   -53884   -49149    99164   -25275    -6358   -50022   -65218   -60455    19915    25621   -84057     4610   -48253 
   59875   -60368  -119417   118448    82446   -23540   -52361    27477    31353   131899    51189   -42122    -4389    18275    -3218    21289   -56763   -56059    -3260    27548   -48485    80310    25805     6390   -33506    24278   -16841   -14962    75084    46246   -80943    29980   -61232    57053   172785    62294   -38913    72571    78070    61889   105343     9852   -25707    15983    16799    16039   -18515   -29099    44241   -40222    31675    -9682   -88475   -20196   -55412   -70705    53358    69939   -46445   111900   162964   -45385   -67305    47139   -24120  -117129   -56874     3634    -1044    43500   -22012   102063   -32105    70837     3556    45201   -30236    63660   -93694     6931      260    30493     8074   -52471     2508    20439    37127     8477   -54203   -75114    14423   -38191    21840     4503   -29781   -21720   -26313     6472    -9547     7717   102213   -17668    67569    45939   -39082    26168     6951   -35362    99232     5823    75589   -89118    47605   -18094    30203    66292    92944    78297   -50757   -69910     6415   -52354    28916    31831   -94819  -101252    44909   -84591 
  -36587    75711   -38452   118571   -44393   -14744    -1387   -15401   -41376   137896    74676    66699     4063    98033    57827     4175   -19033   -70152    11951   -44412   -31126    97091   -22661    63626    21159   -11120   -65250     -114   -55067   -67376   -83467    93797   -79903   -45143    46066    82832    28899    -2130    58514   -36216    33313   -55573    84349   -77026   -48993    39897   -67606    41732   -38335   -12053   -80019   -25245   -16454    46089    23848    66665    -8716    71164   -76771    63401     8544    16451     9826   -93096    68238    58706    39613   -22106   -40821   -10219    17369     5950     5457   -37256    62193   -12616   112360   -94536   132974    -1413   -43653   -10933     8532     5206   -96809   -19745   -62571    76308    19424   -14258   -19949    41778    20580      986    90735    23551     4817   -41803  -149352     5686   -73504    39826   -31536     6351   -44044    -7261    54221   110774   -30000   -22942   105820   155690   107103    20118    67506    70438   -74712     2744    15000    69866   -26085   -33918  -112426   -58802   -54925    19529     9046     3578 
   19434   -96559    17359    63040    14803   -72139   126998    85196   -38278    14408   -39385    86374    37379    -5900    18735     2460    99594   -29594    -6969    -7546     5477     7168   -66979   -49576    33878   -80009     3562   -50615   -26315   249399    21758   109495    27976   181075    17101    67113    57428    -9074   -12160    30791  -121259   -21078    64388    40687   128409   128633    13648   -97578   -62327    -3648   -24186   102098    -9351    33204   -14189   -79403    12074   -15533    42096       20   -93829   -33909     7056   131990   -28696    81899   -13388    72469    46382   -24613    59936    23619   -89081    60420    -3221   -32299  -109208    21567    41960    16618   -25859    41192   -67419    30043    42706   -78391    13120  -108451   -38134  -104244    26806    19892   -54509   112608   -11133    -7354     5390    67169    29135   -25995   -14172   -38569    61220    74198     2323   -13471    87748   -21858    14995   -19166   -35898   -31145    33241   -34070   -83528    22908    69314    55890   -11491    15998  -116380   -33946    51051    11565    54488    87349    87373   -11284 
  -93812   117748    21691    24548   -25710    15426    82275    45747    25359    73123   -53632    96361    -6026   108815   -10369   100994   -30172    56247   -62162    14535   155885   -78810    13838    77756   133567   -19535    12889   115703    32780    -2137     3929    21454     5458    64725   -93143    13616   -15317   -10773    12091    49290   -15148    56551     3162     7827   -23364   -31413   -94459    28853    31516   -49474   -60514   110041    -6303    68965   -29627   107922   -58212    89922   -79144     6238   -48027   -29244    40147   -27583    14329    43390    69647   102213    33593     1881    44901    -8519   -76289   -85438     8134    32473   -29472     1454    79595    -3299     2590   -72190   100274    76119     3357   -42109   -43399   -45718   -25671     3833    32670   -26366    61650   -21777   -30072    33825   -47369    65976   120586    13141   -67138    21772   125829   -39743   -55751   -36384   116704    -7051   -16012  -134240    66911    28312    58791     1443   -99969    -8141   -94960   -16736    29545      398   -47218    81627   -73245   -40508    37848     9430    27937    15936 
   -2807   -14803   -78667  -109805    28056   -54952   -47231    11319    51768    78872    54242     2653  -101063    56013     9319   -82085   -64461   -11847    49982    76586   -87829    61603    19868   -12246    44746    48632    14767   -42563    22384    -2919  -142055    52597   -47666    79636   -15548    29186    -8489    -9918    57594   -88370    53694   -25092   -33306    34340   -99521    39824    68933    16939     3568    15899    16244   -36758   -71271    36477   -55787    50667    -4542    32798    48069  -109091    31895   -35159    -2036   -13655    26024     1723   -44915   -60845    58999    17495   -70257    83434   -93865    53723    62216     9548   -36761     2178    99030   -13491   155488    -1617   103030   -13286    14402     6333     2514    77474    45287   -14373    30694   -40469   -13371    15668     7234   -55174    25744   -75238   -86355    15240    91446   -45976   -32607    92013   -24945    32761    50865    47840   -12307   152916    92285    60083   -78044     1700    30015      292    76594    -9780   -79151   -20916   -50459   -97881   -33741    -2582    65977    32755   -64540   -76348 
  -39781   -58313    41237   -43476    40541   -64751   203314    56037   -67302     1154   -91009    56392    62972   -39697   -33714   -54498   -31062     3052   -76058     7439   -41426   -70853   -14761    49251   -21151   -64964     4922    79927    13261   -10972    13164     1894     7892   101980   -25172   -56421    15276  -119786    49822    42027   -98416   -39467     4669   -87539   -29174   -92417   -71551   -21899   -60424   -13668     -168    50075   -16794    18430    33654     9856   -17258    37275   145433   -63847   -84453    25695   -28883   104448    49403   -80196    51868    37672    69133   -95174   -18581    54548   -19006   -38433    -2584    32470   -28689    59380   -56184    51239   -10410    18289    88778   -88335    70489   -85114    37921   -60915     4763   -98133     8465     2422    30146   -39699    65249     6809   -31480    78064   -21890   -14212    56379   -80015    21632   -35140    13000    96357    25425    67760   -42078    67951    16157    42282   -47562    16087   -65503   -32641    71712   -17548   -38573    26568   -21978    25044   -44365    80020   -33018   -31717   -44065    33089 
  -19686    96226    53066    75628   123843    64795   -38372    57726    78538    36416    31894   -13409    19720    83922   -51495    98216   -58482     2072   -27780  -111691   109118    58924     -530    43776   -46916    -6008    58552   -19731    95133    11129   -73964    19008   -83017    33371    74883     9470     4861   -33042    87222    35921    24168    40371   212613   -79197   196578    31590    23805     9520    39622  -127384   -70410    31932    65103   -21013     9488    37143   -46432   -44025   -62668    47268     3460   -32959   -19441   121386   -22357    12555    17426   -51062    39475    27471   -50875    72999    18868    56244    67074   -31416     7639   -41869   -37204    15419    15358    60313   -14297     1767    43792    -8060    49797   -12822     8810   119669    51655    22714    43840    -9994    45060   -85697   -37605    98340   -16602   -25250   -32293   -36101   -85542   -40599   -31784    -3852  -106400      402   -35398    42502    44660    22865    60937   -43226   -87985   -10492   -89012    76460    39510    64211    -1299   -18337   -42401   -52179   -21450   -84959   187617    53028 
    1071   -18247   -55711   -29278   -32162   -71827    10740   -19064   -40234   -40767   -59283   -12908    30485    59163   -86958   -26577    49415   -74189     8050   -45690    22305   -21121   128166    88986   119922    53832     1047    -6832    46550    45924    25411    78186    52144   -73884   -82768   -27156    20384   -71896  -153489   -90398   -43155    25975   -53984       -1     5200    16898    16964    82527   -20976   -38689    -2633   116172    43612   -15673    19097    23565   -97387   -45194    -3425   -51809   -73562    79109    37263   -10962     6688    99222    49569    28317    -9418   -60383    30014    38397   -82417   -55400   -37449   -27059  -106112   -30455    66734    33807    33135    46501    25689    65035   -70002    76358   -24617    14891   -56328   -84286   -77846  -110909   -35163   -52079  -102265    -3147    25837   -58167   -58364   -77727    19072    -9902     6093   -70943    40182    41590    73337   -42141    -2556    28835   -57982    48198  -123219    12378   -15603    32679   -38272    -4762   -78051    48486    57948   -10640   -41248    26470   -32510    59607    -5761    32170 
  -63344    24922     9897    31158   -63472   -32561   -20292    26211    33448   -55561  -111561    53478    78806    -9130   -63222    82546    53863   -15380   -18944    14901   -40974   100730   -93891    31657   -99319   -68463    -5678   -11900   -69173   -75052    54560   -75828    -2131   -59158    58093    -1928   -12796   -60270    38234    -9593   -28519    41894    49717  -102819     1047   -93704    54641   111813   121703   -24608   -80189   -90774   -54655   -96568    91605    38980    21112   -24533   -56421    76720   -31848  -145367    90179   -11768   -88059    35265    62088    58409    72947     1467   -14321  -100272    86126  -144460    -5863    36314    19492    -5537   -69531    -5787   -14406    23521    49585   100407  -122370    32495   -31526    19294    11938    95836   -19673    87477     8581  -119146     7135    57725   107644   -10280    89990   -29049    59139   -35728    82210    72004     4716    75671   -18388    84468    19664   -60018    32295    98136  -116605   -81058    -8820    62872   -42557   -22042    91411    74115    25157     7660   -38914    46223   -44697     1634    88214   -22769 
   89629  -117429    10430    20818   -90142  -119546   105041    11401   -74623  -111111    51522    73789    51511    41989   115223    29936   -14333   126327   -32484    42698    89051   -69225    70810    13647   125986    62783    91696    42955    -1595    12171    -2840    28639    70628    67931  -123443  -128323    44999   -59646   -49882   -35241  -105518   -63337    30684   -36755    23355    25748   -47357    44746   -47102    64409    16198   145919    33931   -35026    85914   -70287  -127509     6468     -450    65477   -68674   -27203   -27990   -27261   -27531   -71545    -5824   -66211   -60271   -37447    84514   -13270  -134739   -10206   -17525    36558  -117879   -52625   -11419    49568    10882    10437    69379    63413    55998   -17214    37785    51721    27995   -24424   -18596    41397   -20930    29513     9095     3893    54940   -66089    27023    15846   -41110    -4330   -14913    -6770   -52170   -28045    -3769    71034   -43853  -145380   155843   -29917   -67132   -75358    30912   -73687    31508  -187563    -5146    17082    29303    14164    72075    42065    93158   115877   -24016  -106846 
   63362   -67096   -53650    51365    49858    75124  -113656  -103578   -58023   -59971    23442    66917   -33898   -40174   -19862    40930   -62714   -10376    79536   -50598    28921   -30197    42889   -53405   -75897   -27641   131613   -53072   -11153    -9032   -59531   -20083  -126660    -7696    39319     1719    25100     3471   -54671    -4343    40252   -20033  -133094    27500   -55885     -697   131538   -35568    70242    73970   110770   -12288    53846    33217    50835   131238   -32571   -54482   -11962    54111    34150   -22339      727   -50294     8300   127627   -87773  -125961    45481    69051    -5419    94091     7261   -25063    72120    -4605    71260   -16210    33101   -65803    80621  -104382    -9041     9631   -59055    27399    -8021    89270   -73974    67538     2075   -63929    -7036    40011   -84399   -79598   -47655   -69889  -118995   -25859   -51590   -32322   -47362     -235    75364    -4469   -90676    31963   -37473    31637   -20681    65407   -63001   -16131    63322   -28984    24439   -18343    55903    22862   -38566   -65882    21367    47528     5667   -24871   -13762    -8141 
   75480    19723   -48998    79234   -64996    39919    11950    25849  -100991   -71047   -31936   -37239    38140    -7875   -22933     9619   -33163   -10238   -28538    -5831    94702   -47625   -20363    36428    14878    25294     1533  -128890     -432   180528   -39109   -63491    12115     3783   127123    93152    80282   -95904    31117    97597     7154    41346    66261    20271    73912    11889    17271   -51667   -19511    -9138   -26061    22007     9696    67386    38556    66400     8370    31589     1584    84727    35022    53629    40939     8479   -29068    79017   -91050   -11707   -71685   125673    45036    91794   109012   -26881   -45534    -4153    63135     2436   -71603    42083    34058    95525    40892   111223   -67611   -67559    21044    28850   -50349   -25179   -33026   -49988   -63158   -48342   -31353   -60257   -43352    58513    52220   -39437     9556    40113    50459   -76128      794   -56585   -59741    29899   -25482  -123959   -49602    -4334   -57681    99881  -101789   -74755    34395    59173    54480    48401    46302   -35971   -86287    58302     2784    15451   -71556   -50315 
   95287    32747    36415    13107   -72597    20992   -22726    -9534    23279    16191    58944   -27365     8307    73672   -78297    55355    35134    33107    25290    50908   -27337    20261   -45655   -38132   -56196   -72204   -81207    -5795   -10672   -37046   -33128    16739   -88632   -19899    12857   -56091    67897    13633    93628   -56252    22675  -145049   -16764   132509   -64254    85958    65588    33912   -56168   -31673    56400   -60957   -88350   -38784    35652   -76148   -27126     7329   -64907    38788   -32307    58686   102618   -46689   -43327   -35753    15364  -168109   -65671   -38649    34659   -24130   -29206    67490   -79773   -74778    16651    59201    -6727    62899    36760   -70053    69353   -74078   -72916     6761    33850    23637    91508   -16227     2020   -45242    80788    77579   -72948    13452    32142   -19217    42200    94942   -39808   -93524   -54272   -19388    27385    46962   -41572   -15442   -43560    37561     6214   126370    66160   -38378    46222   105913  -112539    36428   -44639    42401    -2551    13386    48174  -127416   131964    18752    15469   -93058 
   -5880    12831   -23558  -169703    97122   130614    31213    52542    96458   -22654    -8513    57443     -762     4338    91340    15313   -45491    -1815    70773    -7142   -56591   -20503    87768   -60064   -15769    38126    36242   -66005   -16806    40929   -37142   -58943   -54109   -49714    32362   -41481    60219   -50292   -23766    70221   -58048    61657   -39195   -24284    -6350   -27601    21321  -103317     8153   -26505    61934  -118856   -65571    88042   -34147    86064   -55775  -135382    64213   -75454   -25217   -54029  -133812   -22481    36684   -24488    79701    72448    71963   -60298    -4278    53482   -27064   -23368   -46005     9838   -61182    23781   -59481     7579    70460   -58465    47802   -65403   -26726   -30866    28799   -79751     2372   134290    39262   -63497   -64570   -24736     8713   -53215    -2216    -5514   -56148    26578   100876    63112    -9707   -59971    14771   -14747   -30526    68735   -32226    15529      694    80978   -43570    33610     6090   -52146     7933   -42162    -6735    51299    -3443      -66   -11909    60921   -95130  -113329   -44738    39744 
  -71313   -31424   -26928  -168112    27048    39542    -5013    38833   -77281    98011   -59362    -6195    78305    18234    43489   -18646    35493   -22489   -97615    86547      946    18744   -24081     -516   -52675     -949    28317     5140    28641    -5526    29898   -55943   -63075    -8378    28611   122246   -33364    95178    20284   -79017    -4630   -39006   -68012    16212    10718   -45046   -60290  -114938   -39097   -50831   -61399   -72322   -92470    35463    19421  -110347    -8696    -5583   -66007    60696     1416   -26983   -22229   -45138    -5408    12646   -67185   -38818    35705    -5247     6846    49611   -23705   -11459    -4984     3870   -96006   -11558   -17174   -84866   -17077   150500   -10825    10789      206    11785   -29003    16620   -18892    55375   -27129   -49546     -185    12006    23790    62172   146287    34962    36765    -6967    19205   104906   -57489   155197    51586   -85206   -45896    92062    27412   -38179    54023   -40957    -7678   -45579    15657    50590    77475    39948   103721    17065   -30276   -41259    22740   -44742   -43990  -102298   -37375   -27464 
  -93563   -27744    39002     9457   -47764    73465   -22147    27900     8091      263    62426   -22787   -46557    69527   -60789   -95119    -9761    16737   -46650   -90097     9977    66135  -136086    31255    -7376   -44944  -115524   -95813   -70007    21797   134327   -49780    40819    19000    13509  -105435   -42632    26073   -21956    19050   -73635     4101   -16109   -59446    51162    70478   -85043    -7751   -10351    43058    83147   -12402   -11516  -157327    22279   -29800    85060   -38523    22557    36985    51206   -11648   -41288    55349   -23195   -78992    19368    17189    -7543   -83268    83436    -6849     5847   -59793   -36662    -2979   -26988   -45894   -70367     7708   -74344    -8788    23310   -35122  -102341   -14573   106662   -12564   -20483   -32621    -2354    72798    58244    -3172   -75245    73540   -16827   -10328   -59575   -96683    30637  -150943   -30017   -34547  -152463    30958  -128670   -60591   -11768   -98025   -29597    13215    18504  -103571    57456     1591    25885  -138452  -130278   -62870    83482    -7325    39328   -30388    30507   -23108   -68161   -30542 
   12048    34802    72039    20817    66420   103649    21331   104470  -145727     4761    53214   -21733  -123369   142748    94150    61184   -25877   -78023  -106221  -158203   -57572  -147797   105817    37274   -37992     5856   -31996    56190  -134568    18308   -88873   -22392    -6565    40194   -39605    58123     5233    12396    -7017    31541    70236   113452   -42617    10817   -17592   157334   -20485   -38839     8757    -6452    48364    38075    31876    83952   -38377   -88739    22764   -39801    66153   -96105    32145   -13597  -107539   -47234   -46526    80272   -97576     4225    69216   -60191   100351    55103   -34929   104039   -17456    81149   -89944   -14936    86239   -27927   -23736    53142   -20865   -13936   -68837  -111534    41776    23566   -37595   -91869    67111   -29968   -59256    58424    62201    35699  -114927    33025   -64275   -77737    19270    58026   -56888  -128274   100380   -76122   -53826    30195   -22549   -18436    -5374  -143496   105226    47346     4705    13749    27826    18228     7099  -148478   -81904    48489    -7445   -37237    -9191   -15634  -120574    16991 
  -22187   -71406    24179    -9389  -109467   -49015    23069    12872   -79372    40493    14873   117644    76683    73225  -142573     1292   -65999    -3646    76054   -13294  -112094      621    -8722   -67918    46220    30930   -20190    21842     4467    -1848    55406   -65879   -53105   -92810   103108    18627    66215   100456    16206   -21755    -1268    45770   -64677   -65514   102052    58328    53953    70058     4325    -4926   -17494     6517   -80195   -52414    76451   -76689    62720    35528   -86676    -9369   -46527   -44453    -5265   101044   -10368    40494   -24992  -120993    37365   -99368    68338  -104102   -34005    75705  -109210    25416   -21976  -138651    61570    19626   111982    17180    60611    -2677   -26191    80866    69418   -61786   -96401  -110119    67649   121760    75141    73160    40181     7418    52729    82611    75849    76764   119848    -4774    29926    27719    -8770   -31254    46922   -43229   -24672    79857   -35438    58553   -34767   -41357   -97638    18129    -3239    23559   -45559   -52766   106779    36263    25882    21661    52278    19733   -90072    53986 
   74409   -14844   -26446     5499   -48664    25830   -51052   -38677    28144    -1618     7435   -32735    32229  -158225   -12901     9042    12024    29368    50417    74125     9195  -133186   -52359    -3992   -26503    63616     6710   104653   -53501   -86104    -9887     8836   101678     5860   -68646    82917   108868   -59264    46193   -69879   -39376   -57342   -93977    16832   -29459   -78709   -26135    41512    26917    76484    54542     4563    33064    64322    71132   -52903    17001    22457   103203   -39582   -21900    30626    21624    31993   -87895   -26440   -88177   -51911    14503     9990   -86116    86414   108949   -14566  -117084   -83394    -2177    -2971   -58806    96538   -32726  -112036    40254    46306    74788   -76044   -86360   -60244    60482    10102    55907    21687  -102764     3202    37989   -64931   -93420    52126    53679  -101921   -62440   -32550    17057    70708    12228    18812   -91207    17019   -47783   178567     7678   109110   -48097    16917   103051   -72155    24957    96061     8579    99262   -43509    28517    31984    45840    -8866   -19020    69716     5125 
  -25313    13389    27933   -85588    10493   -25653    23339   154484   -75980   -11992    61432   -51996     7826    56500    33984     7674   -15576     8995   -21920     3784   -84730    39997  -168178    12752    32452    37926     1706    -6694    52465    -8322    11297   -21137   -25005   -16165   -67607    61829   -24337    24094   -20692    -5210   -33171    32028     9187   -56179     4430    17303   -42363    50911   -48728  -150542    95104    71072   -84669  -139182   -17371   -67175   -17863   -26262    46473    66342   -40518     3984    10234   126757   -55652  -107842    57247    74299     7334    28344   -16697    64774    12145   -73059   -24047    13668   -61488   -23348    -9272   -28301   -46407   -10931    18214    22103    20261    18998    35804    50476   -21722    43045    46803     -857   -60959    16736    -7727   -16128    51820    47882    87952    38250    21868   -23659    -8592    -1099  -151806    30984   -25377   -20781    15862     1511    53873    -5357   -46397    15195    56985    28639    26299  -119926  -182422   -48654    37508   109596    34016   -73176   -70008   120711    15162   -35449 
  102499    -6744    74353     3394   -52193   -16482    16730   -31971    51544   -46192    56809   -24534    -9970     5258    -1824     5525    -4612     8113    -4783   -18441    60377   -14380    21919   117059   -26712    -4695   -31973    44238   -16109  -161381   -21549   -65792   101899    52397   -67811    10366   -32738    37947    48780  -171950   -46842    -9756    -5547   -41743    15380      235   -39831   132434    73308   -17666   -36453    45298    91327    11150   -22107    46746     9089    42182    52009     -136     6738   -85076    44352    38919    22567    37719   -61344   -86901  -106121    89237    34244    23260  -139745    66955    36261   -11160     2197    -2284    10206   -67411  -100505    76039   148444   -28815   107258   -95580    29718    93523    -8428   -18996    80199    56839    26388   -48412    79526   -33406   -69487    78145   -47209   -12689   -42858   -69209    92955   -82741   -12274    53002    14461    -3253    28289    54795    28604    56126    14399  -104723   -21672   -77856    12197    22263   -24012   -10376    82031    37392    13279     1215   114163    37416    -6736   -26187 
    1234   -35411    58973    44890   -58244   -73827   -14838    83463   -31959   126974  -135988   -35330    -8065    35893    63367    27369    10280   -24376    60399   -92724   -74569   -21959    15378    51980    43508  -109311   -12337   -51374    36735    44638    25294    -8221    -9680    18263   -57902    38933    25906  -136075   162477   -57018   -42384   -36681   -25896   101660   -32074   -13310   112803    19820  -136116   -85329   119411   124818   -42096   -54818    87125    25817    24601    85768  -121265     6204     9015   -61067   -51905  -129705   -96779   -14534    35848  -220292   -14712    15457   106736   -28768    -9992   -54231   -39069   -32260    -8412    -2817   -53863     -130   -62928   -41617    25817    67827   -67515     1275   -25282   -88372   -34199  -126405  -101666   -38289   103782   -83231     1486   -91209   -63473   -69905     -167   -19572    48305    -5515    74807  -136656   -22266    19131      194   -15926   -66787    -3146   102826   -36218    31943    14525   -29348    40772     9265    -8125   -68257   -68667    92449   -29537     1928     3752   -15961   -42885   103586   -45809 
   45856    64841   -94021      404    10678    33483    75317  -114029     1550    66764   -70257    16695    -3950    22305   -30112   127563  -144628     8673     4483    -9507   -32697   -82103    92775   110379   -50910    19473   -36405    29229    80672   -20344    -8045    27689   -30995    17181   -23302   -26672    13819   -24044    37308   -30802   -94665   -15944    19496    -7526   -60439  -100727   117497      922    88153    19254   -41302   -69797  -120337    94382   158990    42271    17773   -10335    18496    49734   -24069   -16460   -59959  -100550    54778  -182158   -36463   -38227    18230   -16599    19403   125180   -16262    -1768    -8118   -32093    37179    35472    -1229    19612    61553   -29942    64557   -77008   -26318     -382    63340  -164959   -41689   -12357    59012  -138161   -60847     7032    29505     4912    19184     2170    68381    69553   -22544   -27400   142171   -25002    67796    66081    32536   -59026   130272    96810   -50469    75693   -45138    23939     2420   -51376    83007    61375     9971   -70718   140890     4782   115832    55515    -2028   -13305   -10700   -73680 
 -101437  -107416   -70504   -32280   -94886   -11373    29096    27701    60184    -9323   -45657    13386    38223    45817    -8011    15414    80136   -95399    51404    -5177    70447      133    84914    38554   119611    28047    35415   114613   -25019    -4591   -31463  -100604   -17943   -82161   -48028    87843    70285    47753   -18799    54647    21998    81981   -27911   -50382   -31400   -31934     3861   -21060    34087     2874  -106288    26518   -25454    13212    68406    19144   -60417    43032  -131738    70084  -130010   -45948   -15577    13782   -52850   160048    46339   -76183    55550   -15425    30028   -65464  -140715     2504  -100462   -15726  -182744    51987    -9695     5715    55876    -6852    19192     9425   -11859    26680   -80871    -6566  -109220   -28597    31493   107665   -64751   -13545   -63174    66323    17895    76322    96519   -71857   -10706    -1632   -26393    27172    33804     4325    12858     5938   -16479   -63762    43982   -31824   -15815   102270   -17753   -27774     5206   -70642    18952   -94752    23481    11680     -764   102566    -2731    24596   -18897    46632 
   61431   -15119   -42631   -74755    25943    29314   -12664   -85861   -79222   -15768    58359   -31491   -15430   -67052   -65451    27303   -21770   -61942     4692    33377   -64571   -15703   -95689    12510  -134736    56384    -4060    99445    73557  -133509    14028   -87794   -15843    47941    56094   -82057   -86278    53046    33649   -69440   -11659   -74831    26907   -13135  -157422   -54237    73183    23886    51102    87397  -100993   -79545   -58438   -28538    28112   -79260    50884    20978    69399   -20671   -19585    38702    10230     8912   -95905   -82382     1684    -8976    24689     -386   -21117  -116858   129366   -44367   -90353    -9571   -50438   -12630   -16379    19044    16433    65604    67185    -5728  -115749    -7588    -7306   -16994   -23424    72375    46356    15328    31900    26203    72674    76055    92747   -35659     -768   -17731    32350   -68436   -56586   -32190   -89467    17875     6826    58999    24276    71325   -10500    48549   -75352    45204    50251   -37730    72190  -104939  -102526    -9897    86391    69686    39487   -64149   -40537    38879   -46952     6026 
  -75512    -7445    29403   -83586    40334    34741    72414    22994    58335    51023   -44901    18452    91975   -64623    15427    95135   -74608    34774    24158    84014   -56112   -55947    32870   -52788  -122644    39267     6148    83747   -17927   -10156   -34488   -53790    47195    64885   -65223   -80823   -55116   -39189   104301   -53001   -33545   -41779    -3102     -820    48351    61142   -71528     7208    40107   -12341   -28674   -63842   -33287    82246    -6200   -27591    75003    15538   109066   -68529      595   -93560   -32444   -71168    -8117   -64434    95121    27263     6785    48696    37552    78164     6966   -64612  -128852     5914   -11282    39951    26604   143387   -33813    49355    89584   -49840   -47060    37922    94744   -95344   -44951    13493   106654   -74699    51305    -2156   -24306   -18986  -111939    73542    -5645    16762   111263   -78034   125184   -40227   -75992    76199   -28909    85922    19222    35473    -7785     2425   102624    61307    -9795   -22902    17698   133144    44960     9716    63703   -25576    48462    91206   -13791   -67184   -31471     3259 
   18419   -69663   144000    28519    41648   -53410     9011    96848     5253   -77799   104244    28195   -26774     -699    61994   -10517   -16675   -10590    70737   -63338   -36942    -7662    -4171   -18339   -52388   -57476   -25727    27155  -124447   -13864   -70518  -100029   -79480   -16278   -97907   -72279   -90206    -7895    32959  -120419    68450   -11026    16166    12619   -61397    -5087    25208    21220    73558   -64021    89614  -149153   -33790  -101670   -32339   -99352   -65227    -7680   -35795    74570   -34749   -98983   -88302  -148277   -66619    10449   -47771    13771    93534    -1915    16892   -46181     8136   109860   -46964    59501   -85655    75297    36987    24442    25072    19074    25838   -41791  -105541    44978   108214   -20635   -20406    12185    28676   116712    30720   -35360    78814   -15678   -39617    99303   -85685   -12640    83101    20886   -98745  -122576    88787    80215   -36904    66823   -50432    -9898    68222   -27850    55591   -35522   -11351     8326   -18876  -222270   -72777  -104165   -64749    17315    18866   -28030    16659    56427   -79999    65068 
   -7353   -75165   -75277    56891    27548    91905    83943   -48695     4826    57116   -78100    86003    45656    38286    35489   -10955    -1840    38676   -27453     2401    64433  -102799   -78014    19131  -107146     6836  -138132    53005   -21620    54678    82590    51398    38802    91585   -69720   -28072  -118327   -11171    13779    29916    28071   -49066   -11028    -7820   -30642    58602  -118644    36796   -20540    79080   -75760   -44561    -8517   -43892   -29044   -15266    -3434    97487    79051   -61770   -49086     2060     -361   -42504    25658   -85683    57992   -18527   -78644    54520    -4030    12678   111336   -95514   107982  -185608   -54278   -48249    84134   -16805   -29734   121325   163605   -24412   -43416   -21603    31265    10615   -76091   -21958   -28050    20313     6803    53737   109598   -71790    33367    17379   -25182    40134   -29702   -66278    49725   -15734    34579   -11321    85639    -8668   -10260    29029   -37764    69566    -8788    -6698    15985   143654   -42362    36780  -123498   -13391    43203   -44420    18186    -8234   -22690   127267     9803   -77064 
  -51042    28871    18966    42398   -26538   -47371    88083    42123    38930  -107594    31488   -40766   129287   174199   -18617    52851   -50325   -66645  -103661   -47397   -14270    40949    26168   -18712    -4474     5850   -93488   -53406   -63104    79434  -100511   -66895   -73011    45790    48391     2555    45474    15443    20476    13065   -23910     2349    76132    -1105    53930   117992   101278   -13235    34385    93425    -5918  -128055   -46954     3439   -63937   -15024   -24834   -49520    -9774   -25632   -20902   -98919   -53983    48482   -73213   -30431    91804   -34877    50641     1462   -69520    93517    -5461    48145   -87032  -115573     2100   -77515    18721    86811   -15636    62703    73857   -30841   -51932    20651    15364    73301  -106571    58846    45621    -7683   -49473    39185   -27754   -47918   -92724   116657   -25035   -37825    46116   -37879    78441   -42949   -21800  -100519    52546   -13970   -32822    83531   -80787    49649   -15482   -15133   -70613   -55762   -95912   -22010   -15602   -20206     7403    45464    -1271    40662   -32063   -12416   -48117    72581 
   76319   114037     4240   -55726   -21853   -72557    39956    30582   -65108   -18552   -19680    73485   -33250   -68038    72413   -18115    21802   -55408   -12776  -101239    36185    32851   -14161    47344   -23506  -145275   -92577    10610    21089   -37664   -66312   -48074   -12297   -12104   -64905    44000   -79673    64104   -12696   -99789    -8831    28114    -2624   -27482   -31956    65048    26997    56393    39135    83669  -140629   -10440    43162    43908    60544   107536    45435    -6919    30217     2922   -66720   -21749    55753   -75293    28856    72436   -20111   -82817    -3563    86925    17892   -67912   -56339   -36336    20822    19153    19182    26406   104925    10387    37575     -240    33928    70547    -4099    89028   -56158    24845    -2936  -107628   115990   -76038    -5505     -886    30938   -13465    63988    14413   -51295   -94495    28778  -120991    36006   -92384     4025   125987    51714    56731   -48557    15580    40556    82670   -34132      231    21483    -5464    61949    44234   -25068     4825   -46252  -125835   -17503  -107765   129183     4003   104752   -31664 
   -1289    -9865   -21506     6053   -36075   -43442    11767    -4705    18821    -6206    40275    13515     2827     2973   -26623      -17   -61996    74461    52974   -21136   -45391    -6875   -24094   -39006   -35095      144    70673    21135   -43274   -33814   127123   -79375   -37748    21623   -51536    -5593     -730  -117573     5184    23753   -21543  -163414    -4074     2434    99238   -47406    -7016   -61776   -81762    53785   -10133   -43266      154    13582    38345  -139162   -15761   -94679   -60630   -11105    11831    -7853  -100182    24153   -77313   -34510    63372   -26566   -50480   -92033    79657    -2745     2441   -15878  -126652    57901   -42589   -78879     5719   144333    22088   -23094   -54299   142285    58721   -68198    13328  -110647   -18541    44407   -31689   -31202    67303     4138    44592   -65407    50453   -16319    50561    66658    41610    30540   -35313   -31132   -42640   -92696   152328    11209    17483    21810   -80665     2959  -108708    -4996    84169    53671    -8657   -20002   -56673    71919    23492    44420    35559    69488   -17073   -57653    48367    -4695 
  -50796    28584    30239   -24411    20320   131123   -35266   -96230    32439    35068    14141   -93111    49436    -6563   -85761    37376    46665   -87508    -6099    48773   -13788     9429   -67908    -8310   -48577     3377     -495     1428    49277   -55367   -76162  -145605    47428    75278    32811   -67866    29648   -14053    29459    34859   -41292    21759    26842  -138331   -63480   110646    18752   -38127   -53635    35670  -124907  -113317   -53440    49054   -30012   108104    15393    72542   117107     5147    29948    14742   -59988     5408   -26308    38847    19222   -53282   -86192    32672    39906    -3197    62629   -48157     4790    36815    38138     1533   -28518   -66070   -54635    23826    78410  -113376   -37721   -38121    12313   -69509    76174    32075    92819    21582    99243  -114841     5814    71878     3633   -65200    -5388    12679   135008    24030   -16103   -19537   -20371   -12911   -16185    66551    -4260  -117197  -105490   -44105   -47834   -24892     7374   -71225    52889   -33472    59376    60774    55991    83995    96679   -33361    20123    26415   -50011    28506 
   40334    19863   -12006    61848   -29316   -43471   -15975    34189  -114135    62524   116247   -18908    38568    44872   -39227    56731   -48385  -119868   -56260    -4239   -20862      518  -111324    -3294   -59504    50615    38078   -59607    38815    25559   -38187   -91760    45129    43552   134213    12435   -46761    70757    55873   -24149    12422    38600    46128   -49011    -5670    52654    79156   -37473   -16810    66933   -25418    20320   -87412    86626   -45249    44719   -91269    69087   -33561    18115    81975     6676     -655    70570    -4192    11607   -69823   -20544   -59950    60224    -8452   -18450    -8677   -77118  -113086   -34068    54438    27973   -33171    94046   -27551   -51684     7832    72889   -56495   -21107    -4569    -8421   -27910    31023   -35275   -82551    17277     5974    31212    77910    -5015    34350   -90709   103052   150845   -54125    51206   -45152   -23877   -70950   -31004    -3753    11312    26535   -15862    30603   -42419   -62956    12533   -89934    35441  -103130    60845    44125    18571   103532   -69778    53821   -12098   -34894     -335    49053 
   21117   -92393     5110   115985   -48890    68728    -4955  -137168    59512   -98454   -19611    96680   -55734   -25791    16078    42047   -59285    23420    -1245   -31355    88477   -83288     4298    62104    15405   -35166    29137   -54207    47135   101052   -25479    23744    77524   -25113   -14879   -64928    19346    29264    59787   -69727    17885    46061   -50815   -10843    49179   -16804   -33262   -21588   100631   102482   -19109   -41023    21478   -97030   -30148   -56135   117782    40884     7098    28778   -64703   -21814    84999     4229   -92079   -16969   -28650    39226   -18324     8242    31046   -82835    36037   -53054    -7702   -34230    -5290   -41828    16636   -55434   -96168    54468   -48593    47711  -100154    63005    -4694    -2169  -130890   -91883  -119998    13923   -49313   -38499   -71958     5418    42520   -74737   -85545   -41282    30714     -990     9232    69649    40925   117257  -114368     7436    70539    10434    46634  -115205    -9823    -2135      575   -52871   126930  -176914    98247   -43297    -4822    29395   -41398    49931   -44358   143470     4627   122559 
  -20309   -29317    51469    32258  -143950    -7856  -104900    52344   -19832    50675    16622  -150833   -22994    37667    71344    16026    36252    61008   -70467   -24770    51656    10919    96062    50963    -2943    38713   -77570    79251  -130779    30294   -25968      736    52505    37806   -42896   123251    54971     -738     5595   -40122    58736    -4973    50521     3191    20358   -67419    -7500   -22993   -24508    90816    94605    -4738    -3444   -52837    10275    79150    22547    43095   -64668     8341    81068    62249   -18158  -101427    -7055   -15774   -19932    26396   -93063    13969    48963    -6231   -25024   -19562    34395    48842    80435   -37362   -52619    69825   -30322   -40727  -151225    12280    77726   -54553    -8160   -89449    16794    34947   -79251   -48887    -5430   -16142   -63950   -44735   -94632    90290   -68323   -44051   -34672    84900    58318  -119517   -58323  -136268   -30720   -54826    38913   -96149  -115151   -69692    71122    11867    63147    58266  -111046    93357    67255  -129716    36630   -65838   -65945   -23999   -52784   -63479   -93123     6330 
  -67985   -57858   -66589   -46552   -44089   -68182    50380    42103  -111413   -20530   -26547   -57832   117160     1314   -59037   -13741    49411   -17626   -49840   -15414    52308   -40569   -23813   -24712    42236   -51352    27671    -3052    46440    76511    22365   135453   -35443   110522    61368    51271    54666    79265    16579   -22788    59389   -61503     3376   -54469    15032   -22078   -23336   -71648   -23574    40534       38    57857   154043   -59148   -32855    18322  -133664   -47417     2357    14696    -8644     3726    28518    94210   -17104      569     2769    17620     8904   -60806   -25025    50521   -46994    17176    40359    23156    37255  -113103   120511   -54580   -82855   122812  -163282   -93715    35444    51948     1169   -26273   -31836   -13222   -13458    22921   -49688   126420  -107266   -61217  -101175   -25810   -46850   -84111  -106075    10438    15901   -43524   -18996  -102211    31838    51939     4363   -32648   -12204   -58003   -38026    47261    71458   -76167   -11592    47084    -2691   -20340   -10769   -30456    -2635   -36260    24564   117900    41920   -32287 
   53446   -34410     6759    60906   -16983   -75990   -91588   -64684   -42661    47404   -42202   -15481   -19314   -15200    76068    33539   -40050   -47154   -32151    -3663     2280    55036   -82507   151397   -46803    15837   -67995   -61786   -53972    60389   -26353    42743   -24707   -88611    28088   104925  -106692   -33356     5881   -34709   -67560   127464   -84033   -42991   -65212   -66136    56172    25827   158058   -60740  -133768    10821    39610    54674    34916  -105291   -24107    10702  -145722   195405   -49344     6142     -516   -84929     5931   -68462  -157265    53454  -110957   111216   -30242   -47338   128475   133448    41845    49828   -54593   -86771    34755   -74087   -21745   -29072  -102583   115511   -99630    25208    37530    55062   -17599   110725    -9606   156436   -98239    40170    63733    35272    94596    40409    30787    25447   -22191    33601    -3062   -59807   -61977   -55334    51392    63395    59644    -9564   -28542   -26675   -18165   -72963    83337   -53926     9737   -96293   -29110   -23559   -17955   -66969    70629    55766    -3325   116000   -91665  -168347 
   37382    76823   -35582    91513     2545     3765   -51026   -14383     -114    13631   120324   -46490    17136     -629   -32289    40380    -1773   -60789    -3584   -22893   -36066    21087    24996   -53789    49658    50853    18075    26891    39988    12713   -49659    49692   -10820   -21908  -129426    80154    39493    -4221   -39024   -33493    -5326     3211   -82894  -131255   -16388    72575     5948   -63080    40505    61725    23309   -10135   -46098    92319   -95741    61425    55972    21472  -103018    79135    64092    47377    -8818   -80122    76022    72821    43166   -95482  -161141    36321  -133682    68419   142362     4857    66993   -16751     2703    15194    67454    -4831    62756   -69538     8965   -23581   -35454   100457   -18795    41486   -12465    80976    38232   -43547   -24919    21851        8  -120912    26411   -22508   -84550   -32292   -39172   150707   -26519   -29077    40012  -125731     7338    21836   -79291   -44832  -148719    18321     9502   -25272   -23423   -47245    76519   110496    36964    66679   -12856    -7470     3346    -7313   -13573   -25741    61409    43423 
   56088    49906   -16423   -43355     6234   -80405    17053   -90367   -54311   -66110   -61017    81146    17283    15827   -24913   -28653  -127932   -20414    -6207   -79277   -56396   -36004   -13441    46742   102800   -57083    39316    77240   -73814  -188818   -45599    11542   -63881    39504    -9017   -29223    97368   -33981   -54392    87901   -32659   -72307    15463   -40213   -80842   132897   -24176    49406   -87093  -126040    31182   -21716    31031    -7534    23878   -30041   -22289    77544  -127066   -40421    60259   -79504   -30850    -8568   151654    61944    36969   -13101   -20449   -29600     4784   -11140   -96964    64242    29233    28848   -54924    17149    44887    75518    83857    91556   -58314    84702    31956   129046   -70234   129936     8930    37614    53589   -22394    58823   -16648    54444    23495   101081    34622   136831     5308   -79936  -117660    38220    36551   -24992    -6809   -33593   -25841    45822   -47178    47298    15315    38086   -36167   -14320    59460    -3493   -40586    -1797   -81505   -32827    18750    91836   -26806   157337  -156714    22978    16882 
   58326   -76469   -52474   -44829    70134   -41103    -4403   -13335    54082   -11902   -45218   -67454  -137104   133964    34461   -95230   -19610     9189    40966  -102056    41856    27298     4983    62484   -78515  -114198    48175   -52822  -125319    84754    11076    92181    94542   -36987   -42578    -6451   -39082    26215     2579   -34510     8032   -54355   -23371    51950     1410   -78394    82209    30237     9608    57226    69285   -32608   124284   -11548     7870   -13608   -47473   -64936   -53067    72383   -45589   -16836   -66072    69707   -37166   -42344    32875   -15557   -17398    31959   -33180    68299    -5022    94922    25222    31222    54626    12321   -68193   -81041   -35831   -23316   -60890    10201    -9682    -4355   -20101   -36729   -42354     9751   -48080    40300   -29949    52748    15657     9677   -84084  -160845   -56697    35272   -96467     2508   -40250  -152345     3380   -29028     -465   -13185    17468    67144   -30402   -95207     9543   -12276    43670     7867   -14121   -97396   -30208   -31735    27033    -7224    10747    57755   -14426    -3755    23977     5453 
   38537    47480    68395   141662   -68733    11709   101770  -103316   -71383   -76707    -2937   -13958    38473    12828   -96297   -55215   -50104   -43931   -84275   -64122   -89527    36248   -46511   -37698   -40844   -33938   -42475   -56581   -18811    23254   -48827    45211   -88325   170269    17093  -115091   101586    74367    50713    87734   -38256   -51662    46006    43710   146838    67078    95367    -6111   -31895     -885    23240   -74464   -17513    -9030    32051    67002    98654    54027    44500    10393    49477     4282    -2535    20225    17422   -14113    64684  -125716   -26323    92232    56589    42019   -92044    29532    33710  -146655   127333   -19649   -34090   139291  -129917    14019   -21228   -35248   -32405    38962   -53462    33961    42255   -75495    43848    13375   -75925   -39052    74732  -102806    10455   145311  -151695   -36810   -31221   -81707   119908   118610  -153446   102792    25038   -74371     4816     1490   -31785    -4190    68186     4258    82640    74729   -17319    19379     6258   -90800   -74120     -731     7725     9910    60475   -40343   115055    65119 
  -36162   131817    21466   -53456    23839   -78705    11000    -5642   -53623    -4241    96039    53916    55986    -5359   -17325   104048    56589    51515    16308    14687   -63841    -9806    17726   -24836   136242   -34574   -50356   126741  -121919  -108224   -57309    74680     2772  -155122   -29520    27080   -15984   -48446   -52489   -59047    -4756   -19303    97597    -1196    36511   176890    31088    59260   -74599     2099   -80131   -46640   -83866   -10116   164531   -71678   -67391    47054   -38627   -32911     9775    19365    66555   -75396   -27328     6328     1478  -182209    -6728   -22037    82651   -23174    10766    64411   -15097   -53772   -25535    34172   -33040   123020    74859    34764    19282    21190    59150   -26149   -19469    74160    32406  -110804   -46183   -19149      200    -8924    50474   139261   100326    16511    -9330    44419   109370    47122  -136943    25709    85058  -133589   215843   -12518   -89183    22480    19240     -597   -90500   -15943   -78611   -73714   -24961   -73980    -4156   -82614    64884    67724    57410    99605    72831    69729  -122287    25818 
   48371    28650    26297    14254    23258   -26013   -24440  -115986    93118  -105851    37907    -5100   -40475   -36547    -6545    34583   -89437    11103   -69220    26986    42408   -61895   -15639    10241    43975     9785   129069    21767    84117   -23604    -3351     6706   -63267    37873   -67669  -122009   -31175   -25746    12942   -13491    -3242    18914    -1823    36029     3675   -17094    64792    62952    86020  -122446   -24284   -40962   -15760   -14155   -28357    41384    23745    35857     8368     8799   -10896  -155774   -17123    57044    36044  -118540    -5851    68638    89429    -9532  -101173   -46352    11638     8856    23520    14653   -17205    -1694     9137    22637    90541    49048    94979   -34506    15353    -2394    17483    -8647   -18191    26222    78792    71462   -19694    41945   141218      645    94484   -11117    39682    40446    35132  -118519    20516   -30855   -45993    -4074    83886   -32158    23865   134555     -397    26617   -20783   -43413   -49176   -46930     4602   -49198   -24259  -134203    78871    84021   -35168   -33774    36177    53709    47609    30373 
  -53973    79651   -54279   -56814    40301   -64702   -24090    17920   -17306   -30212   133320     2504    -6134   -63460     1172    49470    31789   -33559    39904   147190   -33199    50718   -63053   -70673     4064    63027    45666    16859   -93477   -54719    35708    32199    32181    65101   120094   -28693  -111544     8055   -42420    77913    39402   -88724   -29988    28306   -47651    17290   -11740   -44520  -144742    43543    29311   -59595    33104    96304   -38256   -19511   -94447   -36668    15540  -103025   -82716    -1984   -89406   -50191   -62129  -120602    11384   -48699   -40965    -6527    14735    59975    90111   -29820   -40526   -46128    25070    59234     7010   144216    20135   -32213     2014  -115684    72731   -19672    67040   -67067   117270    50458    61897   -31812    14113   -30555    88227   -48471    -3588    95936   119684    26591   -50015   -18700   -39523   -38484    10223  -174323    51777   -15352    -8337    52843     8282    27895   -55912   -27746   177337   -17780    61549    10800   -97979    74662   -20208   152098   100967    63361   -44248  -100392     5207   -51448 
   90939    21336   -63954    -4032    52202   -53138    50394   -39182   -11977   -33271    17775   -85964    26342    61843    33170    50473    31493    -6107   -65151    62089   -23966    44617   -76002    59498   -11934    -7193    42871    81215    -4301   -88484   -57147   -10861   -49650    17002    11638   -85244    48633    86583   -25876    68632    50397     9776    -4886   -20523  -126739    95768    56544    10674   -11296    30256   -65798    39499    49110    57038     2822    34458     2550   -38897    29542   -42458    62616    33758    20421    16072    33463   -34881   -14201   -51363   -27418    -7180   -42685    39660   -63901    21612   -98320    48410    85683   -55820    10416    43592    29519   -83589    56376    79384    -5739    49225     9676   111366    44329    19239   140753   -65502    69117    36747   -35452    28508   -26012   -49646   -53364   -27510     6615  -117686   -74485  -111781   -40775   -15975   115056    49842   -38680   -49395   120570    -8351   -33471    50395    52730   -74210    47883  -139210   -28727   -16897   -10144    77299    -9374   -31813    50111   -32896    14630    -5704 
   36522    45957   -23672    38399     -990    66053    75447    70757    45269   -80072   -12516    -2698   -92077    16910    26017    38003     6422    38303   -64413  -142332    66059   -14652  -105436     4181    27425  -121047  -121092   -28708   -18403   -36244    30642    20382   -50668    76021       27   -20198    78774   -32311    -8600    20812      780   -27763     3530   -14985    67040    16001   -20031    70492   103423   -71440   -38789    67104    76613  -107550    40102    -4493   -76790   -16303    -4871   -53780   -79261    35682    74331    52945    24413   -57441   -16664    20629   -49025     3914   -84887    19033   -19606    96200   121680   -24532    71668     3554    91391   -53089    47624    -4924   -74587  -101109    73933   -49939   -39349   111182   -66417    10177   120722   -31592    90878    31128    -3183   -30584    26034   -15858    74438   -18137   -46560   -32103    -7570   -17622   121285   103201   -14887   -28133    12461    75180   -23876    50795   -60447   -39266  -106424    17849    35913    32681   -67836   -36354   -20120   -19592   -35351   -59507    10988    50806    84623   -85762 
   57505   -90128   -27632   -20362    45942    -6034   -45050     2895    43606     4628    81020   -37307   -75134    12038   -27008   -45001    84635    22286    34123    45608   -93542   -40933   -49169    72351    -4264    97320    91342   -14538    53451   -50027  -128235   -25904    29180    26421    33550   -97267   -16264    24705   -37078   130672    35016    16919    22767  -101066   -55548     6020   -73708   -16148   -87276    50906   128648     1059   -26649   -41286    51979    -8367    56758   -32818   -70456    78059   -83028    85114   -10345    79009    33410   -66995   -33514  -115941   -19708    -1933   -43254   -43697    -3189   -52808  -101424   -43587   -39770   -58571    28951    28111   -20869   -85828    -6821   -34571     8460    32650    33754    24772    49542   -76925    42002     8241    -2824    65354   -47524    -7162   -71287    77846    94234    39589    65142   -13847   -75661     7241  -100896   -27331   -71113     3041   -67453   -67755    70633    85218     -967   -90375    12771    18537   -33360  -112682   -61781    57086   -97735    20016      385   -81864    -4147  -109309   -53820    -3925 
  -19744   -73093  -137765   -74587    17349   -71512    -7837    16596   -21235    40760    25587  -113419   135981  -114664    68109    24454    80432   -18756    58034    57526    44536    40953    11685  -107978     5792   -22524    -2326      -58   -45451    77747    91370   -22389   101948   -97702    40922    76850   -14532   -95765   -18836  -134398    -7408    27264   -60048   188090    25617    33085    14831   -12936    46466   -46182     2698    21017    -8240     -802    92490   140947   -68396    24189    67608   141517   -35059   -53854   122178    63384   -13610    88329  -169850    49877   -26951    63407   -37217   -25416    57089  -128237    59320   -56965    10663   -43135    26539      993   -16745    10133   -42715    22129    29633   -82053   -90070   -32602   -60838    40680   -90031    -1464   -31362    99041   -13345    -2284    36985    23072   -26853    81973     5301   -92741    28351    70857     4632   -50793    25230     4085   -23240    95676   -57119    74086   -80085   -47865    93884      535    34438    51497    52444    30642    29404  -224690    78792    31471    49258   -12127  -116203   -53913 
   42313    50790    -6079   133074    95153    34685    13946   -74801   104683   -31500    96229   -41894    38957   -60424    44230    31628   -76592   -11137   -25923    24154    31237    44462    -4142    14708   -55987  -141112    39805   -21430    51198    56356     7175  -122453    11071    -2547    44556    16274   -66306    20134    62637  -138159    -5028    46365      800   -80201   -28002   -45004    33629   -50590   -77739    34529    17220  -174852   -41054    56136   -57361    71797    12766     9346    14636   -83912    36854   -66502   -18231     3041   -20139    57205    32675   -26077   -57628   -60267   -58738    59325   -21833    20742   -21078    27257    11173    65119   -34775    43283    43924   -10782    98502     7671     8151   -55823    46687   -38223   -39592   -44980   -53460   -67694    42835    21938    68685    40275     8740   -18118   -58517    67829    42165   -62567   -20482  -139562    68825    38734   -17228       69   -85479   106546     2856    43338    97297    76761     -343    32547    16291   -30895    47947    -1212    17730    45396    11504   -13179  -141063   -55276   104910   131279 
  118624    59293    15710    36318   120562    63943    31833     7182   -62068   -82847    25777     -289   -43953     5700    33334    58649   -13416     2266    33234    30985    16872   -74581   -68549    -4350   -38183    15939   -85037    31757   -42240       77   -38164   -94013    -2343   -62050    87624   -43155   -32739    34240     7302   -30805    23706    21360   -76212    54931    -7176    40333    52354    66807    10682    43937   107304   -58402   103613    10750    12580   -27204   -33129    -7586    36937   -55709    11589    51467    -8317    16734    11648    61568   -83606   -83634   -17087    17056    42769    35142   -25738   -60995    -8017   -37776     1700    84195    43771    81769  -130710   -84286    51160   -38647    86185  -103935    -1814    35191  -108575  -150472   -12615   -11838   -61423    57355    31084    92028  -123595     4330   -94038   -51141    -5394   -35972     1471    16887    51186    34489  -100707   -30593   -71259    60996    42393    -7928   197652   161779   -16165   -34804   -45783   -12328   -32040    -9414    43544   185984    60887    -7587   -84405    45540    16718    -4906 
  -81075    44613   -30341   -58182    33567   -26058  -114977   -28548    91425   -50073   101543   -13168   -74893   -79469     3178    49873   113097   -38370   -39566   -23347    39972    79428     4833    49869   -23921   -64978   -75139   -28323    -5686    71608    45102     1894   -31671   -24658   -64732   -10977  -143695   -28369  -110442  -108253    26999    23647  -108398   -20928   -50079   -69096   -45832    40036    75873    64702      711    14958   119236   -25226   -44943    67979    48695   -41491    60857  -107660    20597    54494    26442   -28531    12601    51477   -70150   -72781   -35255    -2910    -7934    11953   -24200   -82664    27057    99166     2886   135021   -11248   -65997    -2888  -117497   -40257    41326     8988     8490    -9418   -40824   -90062   -89588   -37723     6788   108696  -110221    20496    51358  -121062   -74708   -33409   -98273    22416   -71850    21623  -166798   -17621   -20988    40910   -57007   -22970   -70009   -54710   -78898    24011    22172   -25366  -122650    45085    30066   -71582    71283     1169    42366    36720   -35800    22606    80694   -68515   -97446 
  -48743    42139   -14889   -93431    26532   -33390    58226    68395  -158804    94192    13545   -35879     4100   -11071   104930    -3930    25987    64207    23355   148874   -23227    81422   -38704    27851   184759   -31499   -28179    20769  -105080    38079     3302   -62919    23970    41854    -6115   110852    35776    17704  -117768    -8552  -103441    21779   -99579    25277   -56832  -135092   -42859   -49222   -14708    51394    76257    47864     4893    71340   -31516   -60819    91128   -18566   -30625   -49767    35051   -73064    58392  -147449    70852    96664  -104402    56126    23779   -61137    13485    59363   -82884   -26141   -60650   -22487   -33715    46934    64654   126970    21631   -74966    -2493    98022    29995   -68452   -96410   -11595    37531  -179131   -24818   -80194    48897   -41953    19118     7858    11748   -36054    -2892   -53097    33910   103019   -31833    66834    33039    68615   154470   -96680      518   -10755   145569    -9327    13382   -23766    63788    76837   -49096   -72438  -144734   -11322  -204910    41547   -98119   -79362   -53623  -108644   -70179   167911 
  -43003   -22825    13648    51720   -68172   -46091   -16001    16756   -55418   -25249    80953    -3450   -29183     2275    -7069    14743   -38665   -65019    78176    -6173    47021   -16901    71363  -103672    21392    36113    70879    70695   126655   -37649   136042    74263   -40855   -38836     6187   133246   -91486    74320   -22173    78116    74111    28779     5546    67243   -97450   -14162    11738   -46147   -10335   -25013    56922    49022   -81854     1845   -42315     5403   -78387    44343   -21557    75419    15203    -2191   -45803    -3411  -114934   -56196   -20338    45711    45538    82958  -115599   -15519   -42096   -57589   -19808    -3968   -44579    51404    14893     8378     9863   -50617   -50360    81110    59909     8510    34028    -9520    -5311    75484   -89027   -39165    24405    63421   -69165   -49841    44879   -27031   -46516    -2714     9197    55526    67325      173   -38571   -65417   -24193   -64165    60462     7824     9510    17197   -24427    94111    21895     2762    33128    95190   -38136    -6980  -112031   -60197  -106161   -58062   -53113    14315     4100   -15470 
   20480    53259    82072    38897    66162    39007   -64220    -7059  -121445  -174453    65040    88072    69327  -175446   144428    62130   -24270   -97282   -58666    -8431   -58342   -13021    55697   -18122   -16180   -14503   114177   -77192    20227    27545    32701   -30768   -92144   111531    99465   -29285   -33156   -23118   -37126    52052   -93721    84102    10594   -58124   -27880    30235    28178     7869   -32892    44457    13218    39029    46061    74770      723    35261   113609  -133796    -2369   -31955    12841  -138075   -15420   -10527    -8516     4774   -97684     3065     3395    -3917   162353   -72465    15206   -67490  -116783   -34711   -43221    23461   -15232     6585   -38670   -20455  -106574   -72602    18294    -1302    52968   -22431   -47081   -69587   -30645    27515  -114111    12000    -7237    38014   -14060    84365    12363    11678     6115   -32922    69861   -31582   -26001   -22441   -39745    25595    69204  -144019    98415    -8943   137717   -16745    36468    42903    63670   -74334    40183   -61198   -79140    79992   -16706     3415      474   -21882     9600    73305 
  -80914    57381   -37141   -24680   -19737     8840    36832    37268   -43470    71326    54490   -17270    79938    37735    -6855    57232    11724  -174242    70397   -70790    -1422   -41518    47496   -12396   -34216   106341   -52781  -164939   -52560   -11073   -65181    43749    30006   -40332    17146    74564    97238    -2678    93738   -50967   -13871   103838    27054    28867   107956    45039  -115075   -62923  -175387   180677     4368   -27314   -71446    32729    37606   -12569   -54099    54645    -5267   -52462    82901    17842    57929    23449    56736    -6179   -23122    56740   -11635   -82227   -56997    16293   125333   -47523    17000   -12190   145781    11082   163794    18381   -78410    -8532    -6836    32514   124601    18386   -50281   -55582    -9378    -3515   -43605   -67924   -70028   -30333    33399    27378    -7709   -12293   -94264   -14028   -62961    26797    23935    43662   -21427   -93293    26103    21587  -100452    27613   -55797     4005   103946   -53543    55242   -80738   -16167   -45679   -57121    19983   -28041   -94782   -70496   -41196    -9891     3212   -18396   112350 
   14300   -15035    24156    58160   -57528    46012    24857   -17963    42978    73219    29457     8697    88556   -51821   -31527   122138  -109064    37022    -1021   -14434   -29910   -69084    -9149   -44269    -3271   -45234    58740    -8141   -23319    11868   -28108     6177    19878   -85626   -89103    93370   -17560    47010    -9223    30036    55116   148323    21479    14303    23325    38507     9186    69891     5812   -30955     3175    53335    -3222    22623     3818    41265   -76974    51246   -40696    73655   115956    21007     -914    30242     9402    59026     3454   -61184     6511    73133   -64366    -2905    24353    -7812    86741    37281    47908   -55709   -61779   142036   165201   -92826    34937    37024   123323   -27278    26942   -60197  -106885    40965    15841    29687   -62381   156996    39334   -50354   -24040   -20680    52632    37460     1674    36500   -15644    52588   115833   -56686    32675   -40815   -78181    95322   -62598   -27982     3356    45921   -33171   -76377       23    82572    -1883   -59799    67590   -88036    28699    68129   -21317    71033     9344    20052 
   28452    -9754     4414   -14720    27949    42714    83315     7331   -73457    36169    32098    -4858   -44395    57378   -26422  -133068   -37690    33961    24052    38064  -110616    12898     4874    56831   108749    18313   -35667  -135083    27592    62667   -15778   -52788   -21204      578      510    29801   -75169   -70490   -95395    -6906    60230    55316  -105603    -1543    13536      613    66274   -65893   -49800    53623    -3125   -28181   -23329   -15342   -88543     5201    27297   -83062   -67019    63328    15426    80161    56489  -149840    50547    46425    31351    43181    31114     9773    11682   -12746     -904   -90608   -74490   -46917     5810   -52389    47446   111569   -27293    53754    59603    19319  -106967    17750    35974    45872   -61680   -17325   -63657    69814   -47190   -35034   -55486   -27802   -57969    93332    45267   -12152    36994    82822   -19164    87266   -58643   -99568   100152   -16810   -74440   -30747    14753    58302    -3265    37252   -65197   -19208    42078   -77238   -36397    13882    33634    78816    15007    71042   -45879    -3399  -116024   -10896 
   70258    -8775   -98401    27072   -17354   -23758    51635   -54227    22904   -56801    79532   -43809    60182      -25    24587    26942   -41243    47577   127564   103468   -31017    19750   -43397    31214     9950    33253   -37454   -30123    14481    55451   -70613   102084   -28846   -11616   -59188   -27913    12038    10995   -53414    31554   -49924   -55786    22607    31970   -79036    18541   101383    34293    77123     -988    20680   -64812    74664   -26777    47386    29139  -136163   -81718   -36370    96104   -95796   -36486     3358   -19628    -9388    25536   112265   -94603   -14471  -114639   -43129   -46079    10912    -4386    89324    27095   -10513   -32177    34904   -57226    24270   -11031   -81853    22528   107947   -25216    42323   -46086    11056    27848    -7867   -93664   -11059   136627     1157    15926    -6101    22488   -75676   168048  -104380    24512   -44419   -39398    69143  -110791    23866    16039   105889     8466   -48579    90952    74339     4100    24521    -4754    15472    37579    71245    26002    -9360   -71272    28142    15425    59241   -50959    37012   -41950 
   44899   119221    73248   -16958   -67538   -59183    22662    -4068   -59808    10692    39589     7627   -16080      591   -15299    -9585    -6487    41760   -81542   -33416    42497    57726    19447    91718    50630  -108565   -28433    74757  -110564   -62095    -3453   132039    -9524   102205   -22200   -57374   -26041    62469   -70504   -28191    19630   -68042   -19916     2443   -11029    40221      383    64584    37104  -105133    44046    54131    79448   -67205    65228    29734     5071    70381    20815   -41426   -40225    62376    34340    21074    68584    -8715   -10854  -144550    52108    41827    54224   -14272     2697    57555    69413    53197    46612   -56593   -67048    29335   -44736    -8405   -42219    55205    26500   -80132   -35294    70896    15279  -110168    -6406   -47399    92721   -65400  -166802    82414    36793     4986    51949    42837  -175876    32941   -20807   -68343   -43261    51883   124292   -30769    16752   -53180    81546    -5462   119287    -4953   -54192    -9207  -121542    42000    -5691    25909    58903    23003   -73833  -122223   110652    84797    48352    -6187 
  -53635   -73536   -95628   -29022    31142    12882   -44673    -3202   -21915    -9099   -38413   -72921     4178   -19907    47916   -51595    87220   -34927   109833    -2580    15289    35729   -47996   -16710     9407    -2459   -48977   -12186  -131976   -34744     8926   -41451    86449  -166347   -33387   135366    51100    61131  -136558    46571    29117    21018     8546    17240   -12631    15595    41103    32062   -14922   107654   -42009   101747   -14238    15500   -21487    -7790   -95051   -43425   -64175     8876    86213    19103   -46944   -65244   -25588    98852    24562   -36987    14567    33772  -116491   -48635     9983    40465   -85368    34275   -47761   124271   -75134    42314    11648  -114853     2125   -14082   115362    -6787   -61820   -54117    87643    60635    97268    45551   139615   -27405     2224    57698  -118335   -27125    69235    36663    79299   -47315    52018   -23844     4597   -73224   -25371   -48653    17165    30132    -7286   -22994   -88008    70648    84439   -32263   -68051   -32518   -67216     6500   142937    -1913    83716   123173   -43808  -163245   -62721    38830 
   25095   -78481    48840    37275   -45954   -48144  -103262    19864    56610     5501    -2412   -75987     7550   -21852    37964   -12167   -19988    12657   -11202   -43423    31807   102232    54142   -40061  -141618   -81816    21979     3364   -26371    77259    30908   -12990   -19068   -32842    -4275    54901    91875    92601    53119    -2715   -66323  -181014    30395    71594   -65739   -14388     -113  -129658    44248     4903     3291  -144123    64316    -1277    25942   -29121   -15541   -55754   -37147   111230    13968    48991   -95916    55989  -145486  -183392   -31879   -93899    -1238    76136   -96268    69460    42108    77838   -16405   -35369   -45466    55450   -97632    50900    19542  -102017    54087  -139747    21123    19789   -50099    -2805     -924     6961   -67082   -66754   -70704    31174   -43112   -17021    40953    24032    74445    27809    -7328    11361    -1864   -15609   -79807    24446   -31342    96840    19230    99111    -9841    -9912    53367    23526    48530    36899   -39716     4256   -44607   -16970   -31569     -834    42027    88044  -118478    43683    55401     5601 
   68573    22790    -9629     6240    45225   134533   -11171     5769   127068   -40292   -73169   -52211   -40669    15923    68814   -99857    29966    21278    33075   -39856    -2152  -148632    -9208    41180  -144438   -53000   -15451    65940   -31868    29687   -41216      364   160229     5422   -16725   -38412    38716   -29573     2412    33321    27399   -49755    40683     7740    45782   -23774   -27845   -83561    35970    60482     4141    -7469  -156263  -111039    36521   -97865   110135    95081    32255    46734    18058   -59470   -80704    94672   -25226    13632     4479    57325    68611   -48714   -63303    31693    44830   -43924    49292    25518    -6123   115329   -83729    75677    51393   -22725   147209   -42869   -34759   -19574   -96581   -15699   -53170   -23028   -13237   -24230   -21323    94350    95218    82960   -45048    31227    32485   -16052    35553   -38615    75360    70528    10437   -59859   -87695  -146772    66923    11970   -35337   -80233    16084   163767   -16485   -16157  -147134     -852   -36386   -22202   116849    44998    40847    70886   -59505    24466  -104904    35480 
  -40768   -57585   -96991   -10470   -75144   -79512    36456    35251  -104705    84025   -20445    36585    36566   -16733   -16544    22110   -76586   -99118   -15996    36341    11663    26546   103886     3235   -20774    -3893   -30266    57467    61354     6884   -21653    97522   -25582   -27182    67974   -35125    29704    56238    84584   -25249    96164    85989     2568    94233   -57151    34650    24433    17477    27470    68940    -3754   -20793   -13485   -28712   -20404    32385    33988   151091   -77388   -30473    23462   -41347    24210    85970   114395  -143218  -165406     7869   -44679    55093   -21886   -52886    33913    20162    70777   -29385    98655    29877   -34467  -145383     1136    12181    36151   -51975   -19678    84654    32376    64610  -109941    44353    15876    73895   -21891    88036    46892    99437   134651   -34022   -28633     7470    25537   -70839    18707   -96821  -149384  -115009   -70197   -42671    68925   105921    23098   -30150    62319   -35948    18316   -73855   -21133    48770   -84154   -29426   -15279   -33665   -31531    73514   -37435     2242    31408   131164 
    6238    69281   -29552   -96769    50652    38915    54976    15490   -46731   -46004     1774    41006    25228    37401   -24596    69383   158077    50358   -69331   -14439   -51267  -122975    11608   138825   129088   -64870    45051    24175   136458    -8378   -72727    10881   -10397    72810   138273     2726    30901    14119   -38897    67728    14595    46494    16706  -101034   111906     9150   -49872    27337    61971  -117560   -56570   147265   -18967   -29393   -61219   -63434   -31613   -16467     9472   -11768   -90989   -40380   129107    72116  -108967   -14516    66794   -98349   145011   -69250    -8635    -6639  -181944        3   -78910    36560   -86879   -41786    13586    83335   -93183   151162   -33883   -41781    36177    37768   -23774    99707    19963   -73386    83243     9106    61583   -73290   -15881   -58355    10807    28127    15102    11214   131977     3861   -76120    67993    51695    65247    14261   -40595    55852   -22553   148314    27980  -155525   -63551   -44049    14669     7632    30974    60382    53205   -94088    27079   -83972    15694   -50655   -83204   -23988   -21374 
  116392   -90272   -65499    10959    84498   -45891    39838   -82824   -76869    51445    17598   -92370   -41605   -14792     6127   -61879    64293     6556    27669   -77287   -51245    18964    53266    86340     -641  -101230  -100163    20310   -18812   -53716    39206    41190    -6938    19058   -44538    47150    89947    16690   -55454   -63489    28113   -68028   -56380   105866   -14588    53097   -25631    45007   -89219   -15504    45032    32610    78774   -39081    67269   -65435   -59754    61159   -27581    65788   -71398   124313   -19748    28580   -60341    -6371    27483   -35477   -84705    -7742   -18087    33644   -70504   -32440    -8588    57605   -55071   -55936     4515   -10327   -26609    54821     1195    -7424     4698   -21511   -82321    44227   -14120  -103808    32245    77892    67395    32855      745   -20810    34594     5301   -15100   -56995   -41414   -28993    -1345   -27131   -14305   -43343   120089   -19663    -4219    32425    91626   -59419   -65612    78777    93197    41619    20746   -23959  -104935   -43051     9331   -35220    30345   -84028    -4774    39356   -13534   -21736 
 -116107   108825   -85291     1339   -31863    61141   -33185   -41660    -3763   -18062   160394   -58370    10673    10507    -6792   170815   -12303   -81525   -84309     6965   -18357    37156   -13291    50632    73658   110443   -89798   -36134    -5504   -56914    -8903   -77916     1869  -102277   -35812    60564    38946   -98651   -51706   -11974    50005   140402   -26544   -60942    14385    23046    26501    46780     2454     1782   -22586    64413   -20161   -14111    60492    73942  -209029   -12930    11542   -16775    48178   123174    66664    80458   -96275    47914    -2432    21375    54036     3072    -7454   -27966   -29222   -20989      276    74956    82931   -51863     7395    54629    -2378  -136369   -58721    98280    98256   -67591   -25985   -31674   -22906    25497    34942    -5733   -42573   -19400   -86240    50871   -18133   138635    30509   -19217    66782    23406    70109   -74181     5154  -123017    71533    41423   -83798    76778   -77941    33769  -171190   -41488    94976   -45417   -55347   -48755   -61348   108481   -38648    14905   -62995    41189   -41686   -10637   -98467   -80561 
   75390   -21868   -94750    72435    52641    58171    21918   -58612    35426    -2963    30283   -77492   -40834    71742     3297    90644   -47964    64743    20759   107011    -7545     3077  -147527  -137045   117601    50383    30828    44803    12502  -129588    10568   -27117    24851   -87017    22644   121360    46211   -46628    24250   -21331    57707    71826    72452   -32448   -39577    16837    31629     6932   -26840   -47024   -21805    82831     -372   -32008    -5158    72156    39709   -50154     7712    33757    67435    28573   111531    -3048    75175    87524    25506    40392   -51667     7967   -47266   -45158     4946    72505   -15533    15158     4465    15490    95354   -10300     3898    33138    27491   -41069    21171      160    65875    41395    30829    77437    53075    27897    60669   -53452   -13888   -46421   -11214    -5238    55237    24315     3272   -17582    -9331     4129    62398    25756   -45363   -70398   -49665    -4603   -54426     -271   -26612    86688   -19867    13039     4516     9010   101348   100140    44844     5713   -59203   -62312    35813   -21605   -48264     -708 
   68734    63267   -55687    44567    23802   113559   -53947      920     5186   -16926   -52674    -9245   -15435   -26422   -33155    42632    59097   -57440    -9051  -128189   -72817      961    29947    24509   -42463   -30844   -42851     4980   125174   -35804   -97465  -109918   -90154  -139539    29938    59784    -5518   -54551   -19324    13877   104744   117053   -60631   -22985     -774    51842    38140   -52423    21059    10303    76034   -35373  -106419  -100198   -32513   -67690    23306    24343    57261    -8278    59765    -5112     8751    13388   -43951   -44665   -28961    45327   112559  -129320    14805    65824     7074    95642   -60904    79877    30441    34743   -21570  -143574    41258    47015    75744  -112444   -16008    50808    15590     4044   -79996   -67716     3499   -20829   -17316   -50407    65925   -81238    17110    -8512  -125542   -51728   167145   -69796     4860   -37741    49083    61574    52808   -93135   -27387   -32741  -105628   -99365  -191495  -118972    89910    69424    -3960  -161616   -95198   -41235   -38416    53467    14885     4230   -14187    57582    11913   -90791 
  -61290   -27638    56379    43880    28384    18030   -48427    42443   -15644    40219    95100    20075   -81514    30023    -7616   159329    71044    45200    19022   -75621    11115    77958   -62253    34283   -37505    49074   -30782    18455    -2678    -6602    32099    -4179    66891   -11549   -21381    -7181     4258   -75806    24464   -24334    23161    71755    84234  -105710    52215    24253   -84818    46007   123442   -18348   -32721    95390    38772    15277    77878    31516    47368   -57018    11287   -16211  -101617   -13226    58545   -13767     2611   -10901     9669   -10130    36350   -74756    44070    35279    18690   -55204    62773  -110224   -50977    13366    39694    -8125   -10075   -32940   -22178   -96342   -50931      -82   -23280    -7363   -38566   -25920   -50031   -26485    25475   -74804    18617   -10524    54027   -10028  -109182   -50660    98626  -104001   -75104    31548    88707    66553  -128185   -61608   -12482    51928   -46781    21807   -36370  -135835      189   -40953   140516   -70679    76168    -5936    -4757    27245    -6969    79951     3027   -96871   -73446    27217 
  -78955    47571    42858   -61738   -56254   -25422    36150    82079   -16927   -29519    -9277   106792    38280    -3045   134827   -58061   -31312   -39878    65271   -20906   -45082    -8973    38896    18552    49537   -14740     8099    16485    60471   -47033    82128    32868    19940   -89766   -35320   112473   100062   -35454   -78232     1480    28337    42925   -15405   -12005   -43629     5491     1957   -98794   -76093    16048    33039    -6707   -27022   -32526   -54564    97303  -128450  -100855    27018    83604     9335   -74974  -174004  -150460    -4824   -30482    84410   103442    10171    27199    16510    28945   -50010    20184  -106551   -25291    77794   155092    56999   -33829    55095  -110751   -44169   -14450    17820    37968    28581   -31849    -1469    26398   -60982   -70738   -32024   -39648    15606     9043     4410  -124304     4994    -4551   -27280   110335    89199   -51686   -51968   -97586    74581   -50311   -32123   -98202    27346     -500    34460    19716   112197   -51393    54106   -39774    67767    20349    35706    90362   107900    51547    46694    31853   -16080   -10124 
  -70922    20515    64802   -21622   -52445    28840   -15235   -62600   -67821    30585    10019   -53836    62232    86500    20555   131805    17109  -103644    -9662    15185    -1292  -187936    -5272     9849  -109939   -10607   -47136   -34798  -138959    25637   -17383      742    17875    73358    46541    -5144   -71621    25193   -77729    62231    48969   127542   -13138   113272   -87910    90670   110733   -94410   -40271    11510  -111504   -11320    53688    78404   -19329    64935    21916   -10515    51292   -24035    27844    35112    41476    41888   -64104   -33484   -19650    55286   -33133    70061   102657   -81068     3516   -20544   -11909   -77033   -37208   -84181   -51529   -19934   -65578    15153   -56250    13282    25941   -94348    81226   -36171    37268  -106713    10289    -9525   -79640    15726   -13962    76698   -26447     2160    10071   -50867     -558   -98930    97486   -18173   102724      231   -25512   -66948    70438    11752    28853   -76263    82949   -59317     9613   -64631    48138    44021    79241    14101   -33974    27110    26073     4707   117322   -11002   -42039    39620 
   51680   -15892    32688    17050   -25767    22037   -23120  -143497    31215  -107083    -9626   -63809    47300   -22617     1648    10465   -36054    78044     3705    18939   -10160   -27496  -120506    -1780    29262    32875   -36113    -8540   -95270    -7812   -92263     7225   -40578     1743   -29525  -105606    32303    24617   -24069   128678    15049   -15914    14462   -59784   -46776   149240     8011    64697   -14110    -5296  -123824    15784    28003    10361    27965    -8210    34010    16707   -26787     9166    11154    73389    -8695    12539    14434   -56784    45972  -106896   -93382    20778   -27364   -90329    18235    42693     3503    94134   -44487  -133651   -84443     7054    38966    15002    20889    14466    57544   -96218    17673    87891    49392   -29098    85199    94996    60518    42006    70642   -78631     6970    73258    81274   -51361      218   -34808   -88481     2953     4042    12399    70680   -72439    63675   -42546     -318   -88632   -97708    74567   -28879   -88758    31870   -36380   -24380   -22716    28082    58760   -63908    73948    35809    -3897   -68691    17633 
   34234    43260    60377    -7271    79018    57417     2861   116796    43251     5660   -82441   -40722   -36429   -46145   133197   -61620    27677    74361   -62894   -50617    14591   -19028    96276    37026     6210      692     9614    16627   -67826    35359   -76796     7244    80034   -56381   -49124    15215    10978   -74512    49192    13919      652    33676     1554    15279    15745  -114038   -77897     9044    20644   -32967    52887     8523    16639    20739    35744    62944   -16549   101086   109878   -46704    46729     9056    17315     1874    15432    10235  -148869   198783    53016    86239   -19559    47586    88175    62853    41703    12464    54576    81785   -58905     1432    92629     2328   -29469    28738   -20714   -81615   -46565    31801    25746   -21593    52605   -62349   -73128    37966    25125    53503    35323    73456   -41305   -19594  -115389    27216   -40994    16608     2182    58507   -30885    93213   -72390   -64529    84305   -32582     5752    25922  -120490   -17508    87885    19269    12735   -67542    29928   -87771   -21800   -61667    75746    60853    71275    37174 
 -119353    -4019   -83128  -128747   -32257     5170    20126    12421   -34304   101160   -51140    75783   -22448    21192    45746   -84002    24008   -13852    40159   -93382   -28446    97186   -36383     6524    56358  -100337   -54032    28705    51893   -16661    -7952    56792     8572   -78603    76749    39754   -57717   -38608   -46130    18892    -4855   -12932     2226   -26722   -72469   121132    23496    10759   -13279   -18246   -44776    -1898    93736    37611    34689   -16481   -34130    -8031   -89235   -11383    22449     5857    90308    99182   119746    64709    73157   -68412   -12431     8866   -11689   -60008    56124    31573    47827   -17144    86934   -92951     4965  -208051   -15716    34867   -25941   -97304    56630    17171    -2573   114966   -12074   114086    52288   -72097   122162    41305   -31353   -62313    42638     9781   -70951   155711   -50841    14954    32116    76776     6180   -77651    30712  -137038    45466   -60599   -42923    39047    50704   -89728    32115    27755   -40506   133680   106247    45658   -17953   -84128   119400   -10140    -7348   -94682    -4374     8986 
    7690   -24445    79156    40002   -55456   -51051   -10064   -72259  -167723    48686   -43276   -16068    64784    40840   -22167   -70072    17122   -22761   111270   -29631    -1685    77818    -5378    56947    -5272  -158142   -22388   -15786   -74807   -35810    69837    60319    98976   -20423    72119    20740   -81761    35519   -12625    -2944     4954     7379    -9884    90426   -53809   -13695   113691    28066    23709   -56200   -19259   -90125   130942  -107203   114796     6477    -8922   -29481   -62945    27570   -49390    -1131   -49797   -65710    -7484    31763   -85221  -114399     3872   -39398   -81265   -75648    39745   -13962     8828   -46808    32748     9081   -32101     9197    11192    16077   -44896     5134   100326    15612   -38318   120651   -64330   -26081   -78199    54019    33351   -25238   -33564    77792    91872    51361   -92029    91814    -7403    12646  -109076   -66233    37560    14715    95353   -38885   -66129   107951   -58804    -2084    -2850    25409    12428    32381   -43366    11052    14211   -24786    15626    14366     1054    71682    38955   -45277     6427   128691 
   76881  -110824    -7376    47944    22723    -7422    25201   -77390   -27620   -39489   -31898    -6999   -38380   -95579   -12591    33204   -11484   -10708   -46090   -24858   -51401     -744    26817   -74128   -20658    12732   101249   -29756    75344   -79902   -27894   -72200    -5575   -54184    17040    17289  -103197   -45589   118220   -58424    56072    67368    43540   -45413   -52400    31485    -9242   -14647   -67615    52661    39475   -37760   -30427   -88076    21086   118391   124177    50195   -26088    48814   -27376   -38870   -50203   -40894   -22774   -87892    -2766   -86291   -56829   146146    -1610   -51084    44211  -137517    29001   -23586    76551    56022    28720   -89263    22036    63989    72702    14844   -18710    78877     6850   -88486    18287   -35761    74131    68759   113613    19121    69823   -38782    60703    93818    31143  -103167    84957   -18093    18180    19155     8591   -10918     4079    54449      942   -76373   -11689  -131319   -54823    76590    51891    60924   118088   -73208   -25184   -33577   -59892    14142   -60667   -60140    34162   -69860    75881    98583 
  -14886   -86382    -3759    76726      803    69171    32672    49087    23600   127276   -88339  -141110    72944  -128395    68298    69262   -52465   -51198  -101987   -99616    27793    80146    -1947     4404  -139024    61681   -89192     1136     6349   -43111    22148   -62985   -57559    68345    -2952     3863     5029    53111   -43706    17219    18611    93148   -52185   -86120   -19118   -71219   -85469    22736   -33167    74646   -69058     3551    47517    91683   -73142   -64244   -34945    13405   141098   -43555    67496    98031     3491   -21749    49170  -122796   -26155    73588   -86311   -29944   -67538    16582   200060   -43234    56935    47968    86389   -34999    -4692   -65396    44405     2819   -43280   -73173   -55597     -973    35939   -14864   -93990    29064     9942   -13293  -119138    26403    46538   102152   -23839  -102794    36755   -38331   -31800    14272    33987   -61319    19838     3373    21724    98370    78989    50576    -6474   -87069    32141    59947     4657  -134089    75265    16289   -91519   -33889    76454    22718   -55620   -76270   -29020    77079   154230   -44520 
 -108900   -16080     6341   -22122   -45808   -44873   -16863    12404   -39107    44467   -46533   -33247    36651    -8160    71660    -5393   -59509   -65462   -18236    34707    38054    -6937    11726     -294   142509    16583    20177    90438    18079  -110635    -5644   -85546    37412   -23782     9230     1438     2380   -43970    40592     2018    93580    98427    11920   -23978   -70704     8137   -37957    19196   -75279    -2956    89867    40805   -62088     6913    -1606   113056   -59686   113646      531    75123   116879  -130248    97252   -30889    87765     7512  -155415    62845   -34419    66290   -59077   -17954   -64342   -24967   -18576   -46205    78291    93496   -49743    56671   -16618    -5464   -31167    11475     9678    50261    65771    59069   -47421   -14359    39540    36022     8424   -24714    34998    15706    -6600   -23370    37211   -73135    78586   -72506    74164    54083   -68936     1459   -39704   -93238   -93614   -33131   134721   -97800    97948    50606    81174   -47782     4837   -40641     1596   -82662    32092   -87452    47967     4364   118648   -71735   -32801    67676 
   31941   110542     4737   109097   -56603    21013   106082    64057   -95302   -32201     6955    79316   -57565    32550   119900    39887    35254  -118037    43938     -659    30594     2582   -22387    90922   -28518     8070   -64513   139104    62611   -31493     5350    -8515   -18580     2757   -28516    -4327    61170    -3781    69715   -30579    90931    60480   -39497    23916    22917   -17550    47899   122605    79498     8539   -11168   112030    16712    51377   157208   -31347    -4397    47388    96485    75271  -133048    35096   -23286   -82653   -58991    74744   -52398    67755    61643   -92220    61049   -37136   -68798   -30761    -3051     4869    -6740    29621     1451    60167    78100   -43064   -36421    -3617    21468   -51303   -13749   -21294   -61636   -59905    17149    -7420   -32072    -2713   118713   -46893    71149   -22989  -112322   -76770   -20024   -35802    64430    73867    85022     6128   -23131   -49666   -42870   -37472   -13312    31394  -110473    44410   107311    34657    31416   -33289    46295   -20673   -23246   -20547   -53617   -20438    91327    35392    19692   -61440 
  -16140    84802   -24914    30380   -82160   -89284    18431    12475   -34450  -103566   104772    54460   -46645   -45351     7736   -19560   -87908   -48683   -16066    -8844    88609    48935    31493    72720    73881   -50995   -13676    40320    78788   -68829   -56071   -50137  -123077   -34401   -16543    52162   -62923   -13831   -94570   -39785    39923    47854   125008   -59629    -5911   -10960   119669    44377   -26764   -53779   -34147   -43396   106406   -20111    57589    73741  -104422    -5247   -40277     2515     -459   -13782   -68806    47798    59115   152027    32936   -22145    29955     7029   150537    65173  -124180    74872    89910    56961     7731   -17453    22932   -52587    55650    86643   -63038   -42320    27703    25914     1937    36014     2440    49429    54862    45855    93453    46311     -905   -58764    30919    30803   -64553    -8751   -23358   -24651   -23524   -23717    25175    21130   -59997     5679   -48705    -1697     3315    36750    34007    18568     8054    79828   -72432    39706    31061   -22773    -3096    18668    34780   -32818   -74137    11622    24294    33430 
    7387   -56203    11338    22070    22790    93245   -40530   -74265   -57077    46198    -1189     9532   -10954   -12317   -50464   -13516     -732     -352    53480    70348   -35619    77928    36438    57514    38054    62086    40952   -90932    55375    91974   -62148   -35542     3150    -3663   -60933    27184   -39497   115959   -70146     9529   -82054   -50685    50954   -34773     8445    18617    44934    -6451    37102    85958     6006     7848   -19881    31884    -4668   -12969    82793   -40958   -34602    27989    19160    31941   -65699    -6814   157747    82850    45959     7648    14507    10530   -39552   -35730   -10109   -82222    -1778    57541    24515    76562   -58127   -48756    62183    17988    70201   -36828    79407      290    45362   -53438   155735    -2455   129659    33893    22080    47699     2892     3129    -6417    63840   -13454   -46563   -68461    72254       65   144081   -58040    13095    83035    44673   -52086   -64673    29050   -26056    26701   -90360     3814   -66389   -28351    72940   -51108   -25766    17456   -42307   -12248   -26908    72228   -66471   -75432    -6028 
  -76120   -37445     7103   -56637   -20209   -69201    51587    27820    54902  -104272  -137934    -9842    72940    26835    10917    88246   -32346    22566    54524    74043   -48762    14403     9928    31834    72081    90567    47646    -1176   -90501     5210    71554   -37879   -23627   -26917   -63184   -90554    57807   -78591   -60688    35523  -100644    17596   -40287    44030     7216    -7173   178626   -19522      336   -68194   -45549    13983    18381    11016     2106    39386   -61871   -47721   -63068    50394   -37035   -86278   -30612   -51566   -36424  -111519    42399   -11397    15125   -70884    83353   -42647   -15385   -91743    -3894   -57169   -97776   -30316    13241    63341   -51201    25375    51962    47769   -49521   -41081    10570   -36257     5186    33266   -41982   -53723   -80309    -3412    11289    -9383   126608    12696   122282    14821   -33087   -53870    49071    22024   -11758   -51579    82499   -67848   149754    55164   -37336    30639  -107231   -52798    35792   -82708   -78633   -39229    46961    -4645    50473   -45123    26933    89929   104877    46745    -7728   -15670 
  -36525    93536   -35780   -74286    -5132   -44468   127317    36747    -8674    -5168     9498    66158  -130426   -94740   140542    25175   -45897  -105916    50825    16322   103964    66402   114555    75394    64724    -6824   -38463    72478    31142    -7697   -12918   -23619    45978   -75583   -84958    -6995   -31537   -47265    28702   -94740   -17660   -85494   -13968    38540   -16859   -57507   -13052   -23200   173202   101874   -61929   -12214   -58433    37502    30910   -17187    52732    57616   -40368    58641   -37877  -110679    -7114  -158474    23504    42078   -18535    49983    18878    13444   -11419    18291     6997    -7813    11881    47619    33092   161982    92944    96867    62171    29216   109141    76955   -27591   108024   -18216   -33427   -51650    60925     6850   -46389    77655   -60495    42678    -3771    -3133   -54568    72073    18132    35947    14693    48420   -56914   -74691  -100534      543   -63845   -29747   -30966     -744   -44453    44244    64463   -17074    12424    29508   -38065   -35739   -98328   152687    22709    36119    87389   -45283   105244   -67153   -14303 
