Copyright 1986-2022 Xilinx, Inc. All Rights Reserved. Copyright 2022-2025 Advanced Micro Devices, Inc. All Rights Reserved.
---------------------------------------------------------------------------------------------------------------------------------------------
| Tool Version : Vivado v.2025.2 (win64) Build 6299465 Fri Nov 14 19:35:11 GMT 2025
| Date         : Wed Mar 25 22:57:07 2026
| Host         : VuDuong-32 running 64-bit major release  (build 9200)
| Command      : report_control_sets -verbose -file acc_block_wrapper_control_sets_placed.rpt
| Design       : acc_block_wrapper
| Device       : xck26
---------------------------------------------------------------------------------------------------------------------------------------------

Control Set Information

Table of Contents
-----------------
1. Summary
2. Histogram
3. Flip-Flop Distribution
4. Detailed Control Set Information

1. Summary
----------

+----------------------------------------------------------+-------+
|                          Status                          | Count |
+----------------------------------------------------------+-------+
| Total control sets                                       |   227 |
|    Minimum number of control sets                        |   227 |
|    Addition due to synthesis replication                 |     0 |
|    Addition due to physical synthesis replication        |     0 |
| Unused register locations in slices containing registers |   342 |
+----------------------------------------------------------+-------+
* Control sets can be merged at opt_design using control_set_merge or merge_equivalent_drivers
** Run report_qor_suggestions for automated merging and remapping suggestions


2. Histogram
------------

+--------------------+-------+
|       Fanout       | Count |
+--------------------+-------+
| Total control sets |   227 |
| >= 0 to < 4        |    92 |
| >= 4 to < 6        |    23 |
| >= 6 to < 8        |    16 |
| >= 8 to < 10       |    30 |
| >= 10 to < 12      |     6 |
| >= 12 to < 14      |    13 |
| >= 14 to < 16      |     1 |
| >= 16              |    46 |
+--------------------+-------+
* Control sets can be remapped at either synth_design or opt_design


3. Flip-Flop Distribution
-------------------------

+--------------+-----------------------+------------------------+-----------------+--------------+
| Clock Enable | Synchronous Set/Reset | Asynchronous Set/Reset | Total Registers | Total Slices |
+--------------+-----------------------+------------------------+-----------------+--------------+
| No           | No                    | No                     |             217 |           68 |
| No           | No                    | Yes                    |              81 |           26 |
| No           | Yes                   | No                     |             206 |          114 |
| Yes          | No                    | No                     |             884 |          130 |
| Yes          | No                    | Yes                    |              28 |            5 |
| Yes          | Yes                   | No                     |            1054 |          264 |
+--------------+-----------------------+------------------------+-----------------+--------------+


4. Detailed Control Set Information
-----------------------------------

+---------------------------------------------+----------------------------------------------------------------------------------------------------------------------------------------------------------------------------------------------------+----------------------------------------------------------------------------------------------------------------------------------------------------------------------+------------------+----------------+--------------+
|                 Clock Signal                |                                                                                            Enable Signal                                                                                           |                                                                           Set/Reset Signal                                                                           | Slice Load Count | Bel Load Count | Bels / Slice |
+---------------------------------------------+----------------------------------------------------------------------------------------------------------------------------------------------------------------------------------------------------+----------------------------------------------------------------------------------------------------------------------------------------------------------------------+------------------+----------------+--------------+
|  acc_block_i/zynq_ultra_ps_e_0/inst/pl_clk0 |                                                                                                                                                                                                    | acc_block_i/axi_smc/inst/s01_nodes/s01_aw_node/inst/s_sc_areset_pipe                                                                                                 |                1 |              1 |         1.00 |
|  acc_block_i/zynq_ultra_ps_e_0/inst/pl_clk0 | acc_block_i/axi_smc/inst/s00_entry_pipeline/s00_si_converter/inst/gen_normal.splitter_inst/gen_wsplitter.gen_wthread_loop[0].b_split_fifo/gen_srls[0].srl_nx1/shift_qual                           |                                                                                                                                                                      |                1 |              1 |         1.00 |
|  acc_block_i/zynq_ultra_ps_e_0/inst/pl_clk0 |                                                                                                                                                                                                    | acc_block_i/axi_smc/inst/switchboards/i_nodes/i_r_node/inst/s_sc_areset_pipe                                                                                         |                1 |              1 |         1.00 |
|  acc_block_i/zynq_ultra_ps_e_0/inst/pl_clk0 |                                                                                                                                                                                                    | acc_block_i/axi_smc/inst/s01_nodes/s01_ar_node/inst/s_sc_areset_pipe                                                                                                 |                1 |              1 |         1.00 |
|  acc_block_i/zynq_ultra_ps_e_0/inst/pl_clk0 |                                                                                                                                                                                                    | acc_block_i/axi_smc/inst/s00_nodes/s00_ar_node/inst/s_sc_areset_pipe                                                                                                 |                1 |              1 |         1.00 |
|  acc_block_i/zynq_ultra_ps_e_0/inst/pl_clk0 |                                                                                                                                                                                                    | acc_block_i/axi_smc/inst/s01_nodes/s01_b_node/inst/s_sc_areset_pipe                                                                                                  |                1 |              1 |         1.00 |
|  acc_block_i/zynq_ultra_ps_e_0/inst/pl_clk0 |                                                                                                                                                                                                    | acc_block_i/axi_smc/inst/s01_nodes/s01_r_node/inst/s_sc_areset_pipe                                                                                                  |                1 |              1 |         1.00 |
|  acc_block_i/zynq_ultra_ps_e_0/inst/pl_clk0 |                                                                                                                                                                                                    | acc_block_i/axi_smc/inst/s01_nodes/s01_w_node/inst/s_sc_areset_pipe                                                                                                  |                1 |              1 |         1.00 |
|  acc_block_i/zynq_ultra_ps_e_0/inst/pl_clk0 |                                                                                                                                                                                                    | acc_block_i/axi_smc/inst/s00_nodes/s00_aw_node/inst/s_sc_areset_pipe                                                                                                 |                1 |              1 |         1.00 |
|  acc_block_i/zynq_ultra_ps_e_0/inst/pl_clk0 |                                                                                                                                                                                                    | acc_block_i/axi_smc/inst/m00_nodes/m00_ar_node/inst/s_sc_areset_pipe                                                                                                 |                1 |              1 |         1.00 |
|  acc_block_i/zynq_ultra_ps_e_0/inst/pl_clk0 |                                                                                                                                                                                                    | acc_block_i/axi_smc/inst/m00_nodes/m00_aw_node/inst/s_sc_areset_pipe                                                                                                 |                1 |              1 |         1.00 |
|  acc_block_i/zynq_ultra_ps_e_0/inst/pl_clk0 |                                                                                                                                                                                                    | acc_block_i/axi_smc/inst/m00_nodes/m00_b_node/inst/s_sc_areset_pipe                                                                                                  |                1 |              1 |         1.00 |
|  acc_block_i/zynq_ultra_ps_e_0/inst/pl_clk0 |                                                                                                                                                                                                    | acc_block_i/axi_smc/inst/m00_nodes/m00_r_node/inst/s_sc_areset_pipe                                                                                                  |                1 |              1 |         1.00 |
|  acc_block_i/zynq_ultra_ps_e_0/inst/pl_clk0 |                                                                                                                                                                                                    | acc_block_i/axi_smc/inst/m00_nodes/m00_w_node/inst/s_sc_areset_pipe                                                                                                  |                1 |              1 |         1.00 |
|  acc_block_i/zynq_ultra_ps_e_0/inst/pl_clk0 |                                                                                                                                                                                                    | acc_block_i/axi_smc/inst/s00_nodes/s00_b_node/inst/s_sc_areset_pipe                                                                                                  |                1 |              1 |         1.00 |
|  acc_block_i/zynq_ultra_ps_e_0/inst/pl_clk0 |                                                                                                                                                                                                    | acc_block_i/axi_smc/inst/s00_nodes/s00_r_node/inst/s_sc_areset_pipe                                                                                                  |                1 |              1 |         1.00 |
|  acc_block_i/zynq_ultra_ps_e_0/inst/pl_clk0 |                                                                                                                                                                                                    | acc_block_i/axi_smc/inst/switchboards/i_nodes/i_w_node/inst/s_sc_areset_pipe                                                                                         |                1 |              1 |         1.00 |
|  acc_block_i/zynq_ultra_ps_e_0/inst/pl_clk0 |                                                                                                                                                                                                    | acc_block_i/axi_smc/inst/s00_nodes/s00_w_node/inst/s_sc_areset_pipe                                                                                                  |                1 |              1 |         1.00 |
|  acc_block_i/zynq_ultra_ps_e_0/inst/pl_clk0 | acc_block_i/axi_smc/inst/s00_entry_pipeline/s00_si_converter/inst/gen_normal.splitter_inst/aw_cmd_reg/state                                                                                        | acc_block_i/axi_smc/inst/s00_entry_pipeline/s00_si_converter/inst/areset                                                                                             |                1 |              1 |         1.00 |
|  acc_block_i/zynq_ultra_ps_e_0/inst/pl_clk0 |                                                                                                                                                                                                    | acc_block_i/axi_smc/inst/switchboards/i_nodes/i_ar_node/inst/s_sc_areset_pipe                                                                                        |                1 |              1 |         1.00 |
|  acc_block_i/zynq_ultra_ps_e_0/inst/pl_clk0 | acc_block_i/axi_smc/inst/switchboards/i_nodes/i_aw_node/inst/inst_si_handler/gen_m_axis_arb_fifo.inst_axis_arb_fifo/gen_pipelined.load_mesg                                                        |                                                                                                                                                                      |                1 |              1 |         1.00 |
|  acc_block_i/zynq_ultra_ps_e_0/inst/pl_clk0 | acc_block_i/axi_smc/inst/switchboards/i_nodes/i_aw_node/inst/inst_si_handler/gen_m_axis_arb_fifo.inst_axis_arb_fifo/gen_srls[1].srl_nx1/shift                                                      |                                                                                                                                                                      |                1 |              1 |         1.00 |
|  acc_block_i/zynq_ultra_ps_e_0/inst/pl_clk0 |                                                                                                                                                                                                    | acc_block_i/axi_smc/inst/switchboards/i_nodes/i_aw_node/inst/s_sc_areset_pipe                                                                                        |                1 |              1 |         1.00 |
|  acc_block_i/zynq_ultra_ps_e_0/inst/pl_clk0 | acc_block_i/axi_smc/inst/s00_entry_pipeline/s00_si_converter/inst/gen_normal.splitter_inst/gen_rsplitter.gen_rthread_loop[0].r_split_fifo/gen_srls[0].srl_nx1/shift_qual                           |                                                                                                                                                                      |                1 |              1 |         1.00 |
|  acc_block_i/zynq_ultra_ps_e_0/inst/pl_clk0 |                                                                                                                                                                                                    | acc_block_i/axi_smc/inst/switchboards/i_nodes/i_b_node/inst/s_sc_areset_pipe                                                                                         |                1 |              1 |         1.00 |
|  acc_block_i/zynq_ultra_ps_e_0/inst/pl_clk0 | acc_block_i/axi_smc/inst/switchboards/i_nodes/i_aw_node/inst/inst_si_handler/gen_si_handler.gen_request_counters.gen_req_counter[0].inst_req_counter/allow_transfer_r_reg[0]                       | acc_block_i/axi_smc/inst/switchboards/i_nodes/i_aw_node/inst/inst_si_handler/areset_r                                                                                |                1 |              2 |         2.00 |
|  acc_block_i/zynq_ultra_ps_e_0/inst/pl_clk0 |                                                                                                                                                                                                    | acc_block_i/axi_smc/inst/s01_entry_pipeline/s01_transaction_regulator/inst/gen_endpoint.gen_w_singleorder.w_singleorder/gen_id_reg.aresetn_d_reg_n_0_[0]             |                2 |              2 |         1.00 |
|  acc_block_i/zynq_ultra_ps_e_0/inst/pl_clk0 |                                                                                                                                                                                                    | acc_block_i/axi_smc/inst/s01_entry_pipeline/s01_transaction_regulator/inst/areset                                                                                    |                1 |              2 |         2.00 |
|  acc_block_i/zynq_ultra_ps_e_0/inst/pl_clk0 | acc_block_i/axi_gpio_0/U0/AXI_LITE_IPIF_I/I_SLAVE_ATTACHMENT/is_read_i_1_n_0                                                                                                                       | acc_block_i/axi_gpio_0/U0/AXI_LITE_IPIF_I/I_SLAVE_ATTACHMENT/SR[0]                                                                                                   |                1 |              2 |         2.00 |
|  acc_block_i/zynq_ultra_ps_e_0/inst/pl_clk0 | acc_block_i/axi_smc/inst/s00_entry_pipeline/s00_si_converter/inst/converter.low_area_converter.low_area_wrap_inst/gen_wsplitter.accum_bresp[0]                                                     | acc_block_i/axi_smc/inst/s00_entry_pipeline/s00_si_converter/inst/gen_normal.splitter_inst/gen_wsplitter.gen_wthread_loop[0].b_split_fifo/SR[0]                      |                1 |              2 |         2.00 |
|  acc_block_i/zynq_ultra_ps_e_0/inst/pl_clk0 | acc_block_i/axi_smc/inst/switchboards/i_nodes/i_aw_node/inst/inst_si_handler/gen_si_handler.gen_arbiter_rr_minimal_area.inst_arbiter/E[0]                                                          | acc_block_i/axi_smc/inst/switchboards/i_nodes/i_aw_node/inst/inst_si_handler/areset_r                                                                                |                1 |              2 |         2.00 |
|  acc_block_i/zynq_ultra_ps_e_0/inst/pl_clk0 | acc_block_i/axi_smc/inst/s00_entry_pipeline/s00_si_converter/inst/gen_normal.splitter_inst/gen_wsplitter.wsplit_first_offset_fifo/gen_srls[3].srl_nx1/shift_qual                                   |                                                                                                                                                                      |                1 |              2 |         2.00 |
|  acc_block_i/zynq_ultra_ps_e_0/inst/pl_clk0 |                                                                                                                                                                                                    | acc_block_i/axi_smc/inst/s00_entry_pipeline/s00_mmu/inst/areset_d                                                                                                    |                1 |              2 |         2.00 |
|  acc_block_i/zynq_ultra_ps_e_0/inst/pl_clk0 |                                                                                                                                                                                                    | acc_block_i/axi_smc/inst/switchboards/i_nodes/i_w_node/inst/inst_mi_handler/areset_r                                                                                 |                1 |              2 |         2.00 |
|  acc_block_i/zynq_ultra_ps_e_0/inst/pl_clk0 |                                                                                                                                                                                                    | acc_block_i/axi_smc/inst/switchboards/i_nodes/i_w_node/inst/inst_si_handler/areset_r                                                                                 |                1 |              2 |         2.00 |
|  acc_block_i/zynq_ultra_ps_e_0/inst/pl_clk0 |                                                                                                                                                                                                    | acc_block_i/axi_smc/inst/switchboards/i_nodes/i_ar_node/inst/inst_mi_handler/areset_r                                                                                |                1 |              2 |         2.00 |
|  acc_block_i/zynq_ultra_ps_e_0/inst/pl_clk0 |                                                                                                                                                                                                    | acc_block_i/axi_smc/inst/switchboards/i_nodes/i_ar_node/inst/inst_si_handler/areset_r                                                                                |                2 |              2 |         1.00 |
|  acc_block_i/zynq_ultra_ps_e_0/inst/pl_clk0 |                                                                                                                                                                                                    | acc_block_i/axi_smc/inst/switchboards/i_nodes/i_aw_node/inst/inst_mi_handler/areset_r                                                                                |                1 |              2 |         2.00 |
|  acc_block_i/zynq_ultra_ps_e_0/inst/pl_clk0 | acc_block_i/axi_smc/inst/m00_exit_pipeline/m00_exit/inst/exit_inst/gen_w_cmd_reg.s_write_cmd_vacancy_i_reg_0                                                                                       |                                                                                                                                                                      |                1 |              2 |         2.00 |
|  acc_block_i/zynq_ultra_ps_e_0/inst/pl_clk0 |                                                                                                                                                                                                    | acc_block_i/axi_smc/inst/switchboards/i_nodes/i_b_node/inst/inst_mi_handler/areset_r                                                                                 |                1 |              2 |         2.00 |
|  acc_block_i/zynq_ultra_ps_e_0/inst/pl_clk0 | acc_block_i/axi_smc/inst/m00_exit_pipeline/m00_exit/inst/splitter_inst/gen_axi4lite.axilite_conv/m_axi_bready_i1                                                                                   | acc_block_i/axi_smc/inst/m00_exit_pipeline/m00_exit/inst/splitter_inst/gen_axi4lite.axilite_conv/s_axi_bresp_i[1]_i_1_n_0                                            |                1 |              2 |         2.00 |
|  acc_block_i/zynq_ultra_ps_e_0/inst/pl_clk0 | acc_block_i/axi_smc/inst/m00_exit_pipeline/m00_exit/inst/splitter_inst/gen_axi4lite.axilite_conv/s_axi_rvalid_i                                                                                    | acc_block_i/axi_smc/inst/m00_exit_pipeline/m00_exit/inst/areset                                                                                                      |                1 |              2 |         2.00 |
|  acc_block_i/zynq_ultra_ps_e_0/inst/pl_clk0 | acc_block_i/axi_smc/inst/s01_entry_pipeline/s01_si_converter/inst/converter.low_area_converter.low_area_wrap_inst/FSM_sequential_b_state[1]_i_1_n_0                                                | acc_block_i/axi_smc/inst/s01_entry_pipeline/s01_si_converter/inst/areset                                                                                             |                2 |              2 |         1.00 |
|  acc_block_i/zynq_ultra_ps_e_0/inst/pl_clk0 | acc_block_i/axi_smc/inst/switchboards/i_nodes/i_aw_node/inst/inst_si_handler/gen_si_handler.gen_arbiter_rr_minimal_area.inst_arbiter/grant_i_reg[1]_0[0]                                           | acc_block_i/axi_smc/inst/switchboards/i_nodes/i_aw_node/inst/inst_si_handler/areset_r                                                                                |                1 |              2 |         2.00 |
|  acc_block_i/zynq_ultra_ps_e_0/inst/pl_clk0 | acc_block_i/axi_smc/inst/s01_entry_pipeline/s01_si_converter/inst/converter.low_area_converter.low_area_wrap_inst/bresp_accum[1]_i_1_n_0                                                           | acc_block_i/axi_smc/inst/s01_entry_pipeline/s01_si_converter/inst/areset                                                                                             |                1 |              2 |         2.00 |
|  acc_block_i/zynq_ultra_ps_e_0/inst/pl_clk0 | acc_block_i/axi_smc/inst/s01_entry_pipeline/s01_si_converter/inst/converter.low_area_converter.low_area_wrap_inst/aw_state[0]                                                                      | acc_block_i/axi_smc/inst/s01_entry_pipeline/s01_si_converter/inst/areset                                                                                             |                1 |              2 |         2.00 |
|  acc_block_i/zynq_ultra_ps_e_0/inst/pl_clk0 |                                                                                                                                                                                                    | acc_block_i/axi_smc/inst/s00_entry_pipeline/s00_transaction_regulator/inst/gen_endpoint.gen_w_singleorder.w_singleorder/gen_id_reg.aresetn_d_reg_n_0_[0]             |                2 |              2 |         1.00 |
|  acc_block_i/zynq_ultra_ps_e_0/inst/pl_clk0 |                                                                                                                                                                                                    | acc_block_i/axi_smc/inst/s00_entry_pipeline/s00_transaction_regulator/inst/areset                                                                                    |                1 |              2 |         2.00 |
|  acc_block_i/zynq_ultra_ps_e_0/inst/pl_clk0 | acc_block_i/axi_smc/inst/s01_entry_pipeline/s01_si_converter/inst/converter.low_area_converter.low_area_wrap_inst/ar_state[0]                                                                      | acc_block_i/axi_smc/inst/s01_entry_pipeline/s01_si_converter/inst/areset                                                                                             |                1 |              2 |         2.00 |
|  acc_block_i/zynq_ultra_ps_e_0/inst/pl_clk0 | acc_block_i/axi_smc/inst/s01_entry_pipeline/s01_mmu/inst/aw_reg_stall/E[0]                                                                                                                         | acc_block_i/axi_smc/inst/s01_entry_pipeline/s01_mmu/inst/areset                                                                                                      |                2 |              2 |         1.00 |
|  acc_block_i/zynq_ultra_ps_e_0/inst/pl_clk0 |                                                                                                                                                                                                    | acc_block_i/axi_smc/inst/m00_exit_pipeline/m00_exit/inst/exit_inst/gen_r_cmd_reg.aresetn_d_reg_n_0_[0]                                                               |                2 |              2 |         1.00 |
|  acc_block_i/zynq_ultra_ps_e_0/inst/pl_clk0 | acc_block_i/axi_smc/inst/s00_entry_pipeline/s00_si_converter/inst/converter.low_area_converter.low_area_wrap_inst/FSM_sequential_ar_state[1]_i_1_n_0                                               | acc_block_i/axi_smc/inst/s00_entry_pipeline/s00_si_converter/inst/areset                                                                                             |                1 |              2 |         2.00 |
|  acc_block_i/zynq_ultra_ps_e_0/inst/pl_clk0 | acc_block_i/axi_smc/inst/switchboards/i_nodes/i_w_node/inst/inst_mi_handler/gen_normal_area.inst_fifo_node_payld/gen_reg_fifo.inst_reg_fifo/E[0]                                                   |                                                                                                                                                                      |                1 |              2 |         2.00 |
|  acc_block_i/zynq_ultra_ps_e_0/inst/pl_clk0 | acc_block_i/axi_smc/inst/s00_entry_pipeline/s00_si_converter/inst/converter.low_area_converter.low_area_wrap_inst/FSM_sequential_aw_state[1]_i_1_n_0                                               | acc_block_i/axi_smc/inst/s00_entry_pipeline/s00_si_converter/inst/areset                                                                                             |                1 |              2 |         2.00 |
|  acc_block_i/zynq_ultra_ps_e_0/inst/pl_clk0 | acc_block_i/axi_smc/inst/s00_entry_pipeline/s00_si_converter/inst/converter.low_area_converter.low_area_wrap_inst/bready_i23_out                                                                   | acc_block_i/axi_smc/inst/s00_entry_pipeline/s00_si_converter/inst/areset                                                                                             |                1 |              2 |         2.00 |
|  acc_block_i/zynq_ultra_ps_e_0/inst/pl_clk0 | acc_block_i/axi_smc/inst/s00_entry_pipeline/s00_si_converter/inst/converter.low_area_converter.low_area_wrap_inst/bresp_accum[1]_i_1_n_0                                                           | acc_block_i/axi_smc/inst/s00_entry_pipeline/s00_si_converter/inst/areset                                                                                             |                1 |              2 |         2.00 |
|  acc_block_i/zynq_ultra_ps_e_0/inst/pl_clk0 | acc_block_i/axi_smc/inst/switchboards/i_nodes/i_aw_node/inst/inst_mi_handler/gen_normal_area.gen_fi_regulator.inst_fi_regulator/allow_transfer_r_reg_0                                             | acc_block_i/axi_smc/inst/switchboards/i_nodes/i_aw_node/inst/inst_si_handler/gen_m_axis_arb_fifo.inst_axis_arb_fifo/SR[0]                                            |                1 |              2 |         2.00 |
|  acc_block_i/zynq_ultra_ps_e_0/inst/pl_clk0 | acc_block_i/axi_smc/inst/m00_exit_pipeline/m00_exit/inst/exit_inst/gen_r_cmd_reg.s_read_cmd_vacancy_i_reg_0                                                                                        |                                                                                                                                                                      |                1 |              2 |         2.00 |
|  acc_block_i/zynq_ultra_ps_e_0/inst/pl_clk0 | acc_block_i/axi_smc/inst/switchboards/i_nodes/i_w_node/inst/inst_mi_handler/gen_normal_area.inst_fifo_node_payld/gen_reg_fifo.inst_reg_fifo/E[0]                                                   | acc_block_i/axi_smc/inst/switchboards/i_nodes/i_w_node/inst/inst_mi_handler/gen_normal_area.inst_fifo_node_payld/gen_reg_fifo.inst_reg_fifo/SR[0]                    |                1 |              2 |         2.00 |
|  acc_block_i/zynq_ultra_ps_e_0/inst/pl_clk0 | acc_block_i/axi_smc/inst/switchboards/i_nodes/i_ar_node/inst/inst_si_handler/gen_si_handler.gen_request_counters.gen_req_counter[1].inst_req_counter/allow_transfer_r_reg[0]                       | acc_block_i/axi_smc/inst/switchboards/i_nodes/i_ar_node/inst/inst_si_handler/areset_r                                                                                |                1 |              2 |         2.00 |
|  acc_block_i/zynq_ultra_ps_e_0/inst/pl_clk0 | acc_block_i/axi_smc/inst/switchboards/i_nodes/i_ar_node/inst/inst_mi_handler/gen_normal_area.gen_fi_regulator.inst_fi_regulator/allow_transfer_r_reg_0                                             | acc_block_i/axi_smc/inst/switchboards/i_nodes/i_ar_node/inst/inst_si_handler/gen_si_handler.gen_request_counters.gen_req_counter[0].inst_req_counter/areset_r_reg[0] |                1 |              2 |         2.00 |
|  acc_block_i/zynq_ultra_ps_e_0/inst/pl_clk0 | acc_block_i/axi_smc/inst/switchboards/i_nodes/i_ar_node/inst/inst_si_handler/gen_si_handler.gen_arbiter_rr_minimal_area.inst_arbiter/grant_i_reg[1]_0[0]                                           | acc_block_i/axi_smc/inst/switchboards/i_nodes/i_ar_node/inst/inst_si_handler/areset_r                                                                                |                1 |              2 |         2.00 |
|  acc_block_i/zynq_ultra_ps_e_0/inst/pl_clk0 | acc_block_i/axi_smc/inst/switchboards/i_nodes/i_ar_node/inst/inst_si_handler/gen_si_handler.gen_arbiter_rr_minimal_area.inst_arbiter/E[0]                                                          | acc_block_i/axi_smc/inst/switchboards/i_nodes/i_ar_node/inst/inst_si_handler/areset_r                                                                                |                1 |              2 |         2.00 |
|  acc_block_i/zynq_ultra_ps_e_0/inst/pl_clk0 | acc_block_i/axi_smc/inst/s00_entry_pipeline/s00_mmu/inst/aw_reg_stall/E[0]                                                                                                                         | acc_block_i/axi_smc/inst/s00_entry_pipeline/s00_mmu/inst/areset                                                                                                      |                1 |              2 |         2.00 |
|  acc_block_i/zynq_ultra_ps_e_0/inst/pl_clk0 | acc_block_i/axi_smc/inst/switchboards/i_nodes/i_w_node/inst/inst_si_handler/gen_si_handler.gen_request_fifos.gen_req_fifo[0].inst_req_fifo/gen_xpm_memory_fifo.inst_fifo/wr_wea                    |                                                                                                                                                                      |                1 |              2 |         2.00 |
|  acc_block_i/zynq_ultra_ps_e_0/inst/pl_clk0 | acc_block_i/axi_smc/inst/s00_entry_pipeline/s00_si_converter/inst/gen_normal.splitter_inst/gen_wsplitter.wsplit_first_offset_fifo/gen_pipelined.mesg_reg[0]                                        |                                                                                                                                                                      |                1 |              2 |         2.00 |
|  acc_block_i/zynq_ultra_ps_e_0/inst/pl_clk0 | acc_block_i/axi_smc/inst/s00_entry_pipeline/s00_si_converter/inst/gen_normal.splitter_inst/gen_wsplitter.wsplit_last_offset_fifo/gen_srls[3].srl_nx1/shift_qual                                    |                                                                                                                                                                      |                1 |              2 |         2.00 |
|  acc_block_i/zynq_ultra_ps_e_0/inst/pl_clk0 | acc_block_i/axi_smc/inst/s00_entry_pipeline/s00_si_converter/inst/gen_normal.splitter_inst/gen_wsplitter.wsplit_last_offset_fifo/gen_pipelined.mesg_reg[0]                                         |                                                                                                                                                                      |                1 |              2 |         2.00 |
|  acc_block_i/zynq_ultra_ps_e_0/inst/pl_clk0 | acc_block_i/axi_smc/inst/switchboards/i_nodes/i_r_node/inst/inst_mi_handler/gen_normal_area.gen_fi_regulator.inst_fi_regulator/s_sc_valid                                                          | acc_block_i/axi_smc/inst/switchboards/i_nodes/i_r_node/inst/inst_mi_handler/areset_r                                                                                 |                2 |              2 |         1.00 |
|  acc_block_i/zynq_ultra_ps_e_0/inst/pl_clk0 | acc_block_i/axi_smc/inst/m00_exit_pipeline/m00_exit/inst/splitter_inst/gen_axi4lite.axilite_conv/b_cnt[0]                                                                                          | acc_block_i/axi_smc/inst/m00_exit_pipeline/m00_exit/inst/areset                                                                                                      |                1 |              2 |         2.00 |
|  acc_block_i/zynq_ultra_ps_e_0/inst/pl_clk0 | acc_block_i/axi_smc/inst/m00_exit_pipeline/m00_exit/inst/splitter_inst/gen_axi4lite.axilite_conv/r_state[0]                                                                                        | acc_block_i/axi_smc/inst/m00_exit_pipeline/m00_exit/inst/areset                                                                                                      |                1 |              2 |         2.00 |
|  acc_block_i/zynq_ultra_ps_e_0/inst/pl_clk0 | acc_block_i/axi_smc/inst/s00_entry_pipeline/s00_si_converter/inst/converter.low_area_converter.low_area_wrap_inst/w_resp_fifo/FSM_sequential_b_state_reg[1]_0[0]                                   | acc_block_i/axi_smc/inst/s00_entry_pipeline/s00_si_converter/inst/areset                                                                                             |                1 |              2 |         2.00 |
|  acc_block_i/zynq_ultra_ps_e_0/inst/pl_clk0 | acc_block_i/axi_smc/inst/s01_entry_pipeline/s01_si_converter/inst/converter.low_area_converter.low_area_wrap_inst/w_resp_fifo/FSM_sequential_b_state_reg[1][0]                                     | acc_block_i/axi_smc/inst/s01_entry_pipeline/s01_si_converter/inst/areset                                                                                             |                1 |              2 |         2.00 |
|  acc_block_i/zynq_ultra_ps_e_0/inst/pl_clk0 | acc_block_i/axi_smc/inst/s00_entry_pipeline/s00_mmu/inst/aw_reg_stall/state                                                                                                                        | acc_block_i/axi_smc/inst/s00_entry_pipeline/s00_mmu/inst/areset                                                                                                      |                1 |              3 |         3.00 |
|  acc_block_i/zynq_ultra_ps_e_0/inst/pl_clk0 |                                                                                                                                                                                                    | acc_block_i/axi_smc/inst/switchboards/i_nodes/i_aw_node/inst/inst_si_handler/areset_r                                                                                |                3 |              3 |         1.00 |
|  acc_block_i/zynq_ultra_ps_e_0/inst/pl_clk0 |                                                                                                                                                                                                    | acc_block_i/axi_smc/inst/switchboards/i_nodes/i_r_node/inst/inst_mi_handler/areset_r                                                                                 |                2 |              3 |         1.50 |
|  acc_block_i/zynq_ultra_ps_e_0/inst/pl_clk0 | acc_block_i/axi_smc/inst/s00_entry_pipeline/s00_si_converter/inst/gen_normal.splitter_inst/ar_cmd_reg/state                                                                                        | acc_block_i/axi_smc/inst/s00_entry_pipeline/s00_si_converter/inst/areset                                                                                             |                1 |              3 |         3.00 |
|  acc_block_i/zynq_ultra_ps_e_0/inst/pl_clk0 | acc_block_i/axi_smc/inst/s00_entry_pipeline/s00_si_converter/inst/gen_normal.splitter_inst/gen_wsplitter.w_split_fifo/gen_pipelined.state[0]                                                       | acc_block_i/axi_smc/inst/s00_entry_pipeline/s00_si_converter/inst/areset                                                                                             |                2 |              3 |         1.50 |
|  acc_block_i/zynq_ultra_ps_e_0/inst/pl_clk0 | acc_block_i/axi_smc/inst/switchboards/i_nodes/i_w_node/inst/inst_si_handler/gen_si_handler.gen_request_fifos.gen_req_fifo[0].inst_req_fifo/gen_xpm_memory_fifo.inst_fifo/gen_rd.fifo_empty_r_reg_0 | acc_block_i/axi_smc/inst/switchboards/i_nodes/i_w_node/inst/inst_si_handler/areset_r                                                                                 |                1 |              3 |         3.00 |
|  acc_block_i/zynq_ultra_ps_e_0/inst/pl_clk0 | acc_block_i/axi_smc/inst/switchboards/i_nodes/i_aw_node/inst/inst_si_handler/gen_m_axis_arb_fifo.inst_axis_arb_fifo/gen_pipelined.state[1]_i_1_n_0                                                 | acc_block_i/axi_smc/inst/switchboards/i_nodes/i_aw_node/inst/inst_si_handler/areset_r                                                                                |                1 |              3 |         3.00 |
|  acc_block_i/zynq_ultra_ps_e_0/inst/pl_clk0 | acc_block_i/axi_smc/inst/m00_exit_pipeline/m00_exit/inst/splitter_inst/gen_axi4lite.axilite_conv/w_state[0]                                                                                        | acc_block_i/axi_smc/inst/m00_exit_pipeline/m00_exit/inst/areset                                                                                                      |                2 |              3 |         1.50 |
|  acc_block_i/zynq_ultra_ps_e_0/inst/pl_clk0 | acc_block_i/axi_smc/inst/s00_entry_pipeline/s00_mmu/inst/ar_reg_stall/state                                                                                                                        | acc_block_i/axi_smc/inst/s00_entry_pipeline/s00_mmu/inst/areset                                                                                                      |                1 |              3 |         3.00 |
|  acc_block_i/zynq_ultra_ps_e_0/inst/pl_clk0 | acc_block_i/axi_smc/inst/s00_entry_pipeline/s00_si_converter/inst/gen_normal.splitter_inst/gen_wsplitter.gen_wthread_loop[0].b_split_fifo/gen_pipelined.state[0]                                   | acc_block_i/axi_smc/inst/s00_entry_pipeline/s00_si_converter/inst/areset                                                                                             |                2 |              3 |         1.50 |
|  acc_block_i/zynq_ultra_ps_e_0/inst/pl_clk0 | acc_block_i/axi_smc/inst/s00_entry_pipeline/s00_si_converter/inst/gen_normal.splitter_inst/gen_wsplitter.wsplit_last_offset_fifo/gen_pipelined.state[0]                                            | acc_block_i/axi_smc/inst/s00_entry_pipeline/s00_si_converter/inst/areset                                                                                             |                2 |              3 |         1.50 |
|  acc_block_i/zynq_ultra_ps_e_0/inst/pl_clk0 | acc_block_i/axi_smc/inst/s00_entry_pipeline/s00_si_converter/inst/converter.low_area_converter.low_area_wrap_inst/w_resp_fifo/gen_pipelined.state[0]                                               | acc_block_i/axi_smc/inst/s00_entry_pipeline/s00_si_converter/inst/areset                                                                                             |                1 |              3 |         3.00 |
|  acc_block_i/zynq_ultra_ps_e_0/inst/pl_clk0 | acc_block_i/axi_smc/inst/s00_entry_pipeline/s00_si_converter/inst/gen_normal.splitter_inst/gen_rsplitter.gen_rthread_loop[0].r_split_fifo/gen_pipelined.state[0]                                   | acc_block_i/axi_smc/inst/s00_entry_pipeline/s00_si_converter/inst/areset                                                                                             |                2 |              3 |         1.50 |
|  acc_block_i/zynq_ultra_ps_e_0/inst/pl_clk0 | acc_block_i/axi_smc/inst/s00_entry_pipeline/s00_si_converter/inst/gen_normal.splitter_inst/gen_wsplitter.wsplit_first_offset_fifo/gen_pipelined.state[0]                                           | acc_block_i/axi_smc/inst/s00_entry_pipeline/s00_si_converter/inst/areset                                                                                             |                1 |              3 |         3.00 |
|  acc_block_i/zynq_ultra_ps_e_0/inst/pl_clk0 | acc_block_i/axi_smc/inst/s00_entry_pipeline/s00_mmu/inst/gen_endpoint.decerr_slave_inst/FSM_onehot_gen_axi.gen_write.write_cs[2]_i_1_n_0                                                           | acc_block_i/axi_smc/inst/s00_entry_pipeline/s00_mmu/inst/areset                                                                                                      |                1 |              3 |         3.00 |
|  acc_block_i/zynq_ultra_ps_e_0/inst/pl_clk0 | acc_block_i/axi_smc/inst/s01_entry_pipeline/s01_mmu/inst/ar_reg_stall/state                                                                                                                        | acc_block_i/axi_smc/inst/s01_entry_pipeline/s01_mmu/inst/areset                                                                                                      |                1 |              3 |         3.00 |
|  acc_block_i/zynq_ultra_ps_e_0/inst/pl_clk0 | acc_block_i/axi_smc/inst/s01_entry_pipeline/s01_mmu/inst/aw_reg_stall/state                                                                                                                        | acc_block_i/axi_smc/inst/s01_entry_pipeline/s01_mmu/inst/areset                                                                                                      |                1 |              3 |         3.00 |
|  acc_block_i/zynq_ultra_ps_e_0/inst/pl_clk0 | acc_block_i/axi_smc/inst/s01_entry_pipeline/s01_mmu/inst/gen_endpoint.decerr_slave_inst/FSM_onehot_gen_axi.gen_write.write_cs[2]_i_1_n_0                                                           | acc_block_i/axi_smc/inst/s01_entry_pipeline/s01_mmu/inst/areset                                                                                                      |                1 |              3 |         3.00 |
|  acc_block_i/zynq_ultra_ps_e_0/inst/pl_clk0 | acc_block_i/axi_smc/inst/s01_entry_pipeline/s01_si_converter/inst/converter.low_area_converter.low_area_wrap_inst/w_resp_fifo/gen_pipelined.state[2]_i_1_n_0                                       | acc_block_i/axi_smc/inst/s01_entry_pipeline/s01_si_converter/inst/areset                                                                                             |                1 |              3 |         3.00 |
|  acc_block_i/zynq_ultra_ps_e_0/inst/pl_clk0 | acc_block_i/axi_smc/inst/s00_entry_pipeline/s00_si_converter/inst/gen_normal.splitter_inst/gen_wsplitter.wsplit_last_offset_fifo/fifoaddr[3]_i_1__1_n_0                                            | acc_block_i/axi_smc/inst/s00_entry_pipeline/s00_si_converter/inst/areset                                                                                             |                2 |              4 |         2.00 |
|  acc_block_i/zynq_ultra_ps_e_0/inst/pl_clk0 | acc_block_i/acc_reg_0/inst/u_ctrl/next_state_n_0                                                                                                                                                   | acc_block_i/rst_ps8_0_99M/U0/peripheral_aresetn[0]                                                                                                                   |                1 |              4 |         4.00 |
|  acc_block_i/zynq_ultra_ps_e_0/inst/pl_clk0 | acc_block_i/axi_smc/inst/s00_entry_pipeline/s00_mmu/inst/ar_reg_stall/E[0]                                                                                                                         | acc_block_i/axi_smc/inst/s00_entry_pipeline/s00_mmu/inst/areset                                                                                                      |                1 |              4 |         4.00 |
|  acc_block_i/zynq_ultra_ps_e_0/inst/pl_clk0 | acc_block_i/axi_gpio_0/U0/AXI_LITE_IPIF_I/I_SLAVE_ATTACHMENT/bus2ip_addr_i[8]_i_1_n_0                                                                                                              | acc_block_i/axi_gpio_0/U0/AXI_LITE_IPIF_I/I_SLAVE_ATTACHMENT/SR[0]                                                                                                   |                2 |              4 |         2.00 |
|  acc_block_i/zynq_ultra_ps_e_0/inst/pl_clk0 | acc_block_i/axi_gpio_0/U0/AXI_LITE_IPIF_I/I_SLAVE_ATTACHMENT/start2                                                                                                                                | acc_block_i/axi_gpio_0/U0/AXI_LITE_IPIF_I/I_SLAVE_ATTACHMENT/I_DECODER/cs_ce_clr                                                                                     |                1 |              4 |         4.00 |
|  acc_block_i/zynq_ultra_ps_e_0/inst/pl_clk0 | acc_block_i/axi_smc/inst/s00_entry_pipeline/s00_si_converter/inst/gen_normal.splitter_inst/gen_wsplitter.w_split_fifo/fifoaddr[3]_i_1__2_n_0                                                       | acc_block_i/axi_smc/inst/s00_entry_pipeline/s00_si_converter/inst/areset                                                                                             |                2 |              4 |         2.00 |
|  acc_block_i/zynq_ultra_ps_e_0/inst/pl_clk0 | acc_block_i/axi_smc/inst/s00_entry_pipeline/s00_si_converter/inst/gen_normal.splitter_inst/gen_wsplitter.wsplit_first_offset_fifo/fifoaddr[3]_i_1__0_n_0                                           | acc_block_i/axi_smc/inst/s00_entry_pipeline/s00_si_converter/inst/areset                                                                                             |                2 |              4 |         2.00 |
|  acc_block_i/zynq_ultra_ps_e_0/inst/pl_clk0 |                                                                                                                                                                                                    | acc_block_i/rst_ps8_0_99M/U0/EXT_LPF/lpf_int                                                                                                                         |                2 |              4 |         2.00 |
|  acc_block_i/zynq_ultra_ps_e_0/inst/pl_clk0 | acc_block_i/axi_smc/inst/s00_entry_pipeline/s00_si_converter/inst/gen_normal.splitter_inst/gen_rsplitter.gen_rthread_loop[0].r_split_fifo/fifoaddr[3]_i_1__3_n_0                                   | acc_block_i/axi_smc/inst/s00_entry_pipeline/s00_si_converter/inst/areset                                                                                             |                1 |              4 |         4.00 |
|  acc_block_i/zynq_ultra_ps_e_0/inst/pl_clk0 | acc_block_i/axi_smc/inst/s01_entry_pipeline/s01_si_converter/inst/converter.low_area_converter.low_area_wrap_inst/read_bytes[3]_i_1_n_0                                                            | acc_block_i/axi_smc/inst/s01_entry_pipeline/s01_si_converter/inst/areset                                                                                             |                2 |              4 |         2.00 |
|  acc_block_i/zynq_ultra_ps_e_0/inst/pl_clk0 |                                                                                                                                                                                                    | acc_block_i/axi_gpio_0/U0/AXI_LITE_IPIF_I/I_SLAVE_ATTACHMENT/clear                                                                                                   |                1 |              4 |         4.00 |
|  acc_block_i/zynq_ultra_ps_e_0/inst/pl_clk0 |                                                                                                                                                                                                    | acc_block_i/axi_smc/inst/clk_map/psr_aclk/U0/EXT_LPF/lpf_int                                                                                                         |                1 |              4 |         4.00 |
|  acc_block_i/zynq_ultra_ps_e_0/inst/pl_clk0 | acc_block_i/axi_smc/inst/switchboards/i_nodes/i_aw_node/inst/inst_si_handler/gen_m_axis_arb_fifo.inst_axis_arb_fifo/fifoaddr[3]_i_1_n_0                                                            | acc_block_i/axi_smc/inst/switchboards/i_nodes/i_aw_node/inst/inst_si_handler/areset_r                                                                                |                1 |              4 |         4.00 |
|  acc_block_i/zynq_ultra_ps_e_0/inst/pl_clk0 | acc_block_i/axi_smc/inst/s01_entry_pipeline/s01_mmu/inst/ar_reg_stall/E[0]                                                                                                                         | acc_block_i/axi_smc/inst/s01_entry_pipeline/s01_mmu/inst/areset                                                                                                      |                1 |              4 |         4.00 |
|  acc_block_i/zynq_ultra_ps_e_0/inst/pl_clk0 | acc_block_i/axi_smc/inst/switchboards/i_nodes/i_b_node/inst/inst_mi_handler/gen_normal_area.inst_fifo_node_payld/gen_reg_fifo.inst_reg_fifo/gen_single_rank.data[8]_i_1_n_0                        |                                                                                                                                                                      |                2 |              4 |         2.00 |
|  acc_block_i/zynq_ultra_ps_e_0/inst/pl_clk0 | acc_block_i/axi_smc/inst/s00_entry_pipeline/s00_si_converter/inst/gen_normal.splitter_inst/gen_wsplitter.gen_wthread_loop[0].b_split_fifo/fifoaddr[3]_i_1_n_0                                      | acc_block_i/axi_smc/inst/s00_entry_pipeline/s00_si_converter/inst/areset                                                                                             |                2 |              4 |         2.00 |
|  acc_block_i/zynq_ultra_ps_e_0/inst/pl_clk0 | acc_block_i/axi_smc/inst/s00_entry_pipeline/s00_si_converter/inst/converter.low_area_converter.low_area_wrap_inst/read_bytes[3]_i_1_n_0                                                            | acc_block_i/axi_smc/inst/s00_entry_pipeline/s00_si_converter/inst/areset                                                                                             |                1 |              4 |         4.00 |
|  acc_block_i/zynq_ultra_ps_e_0/inst/pl_clk0 | acc_block_i/axi_smc/inst/m00_exit_pipeline/m00_exit/inst/splitter_inst/gen_axi4lite.axilite_conv/m_aruser[0]                                                                                       | acc_block_i/axi_smc/inst/m00_exit_pipeline/m00_exit/inst/areset                                                                                                      |                3 |              4 |         1.33 |
|  acc_block_i/zynq_ultra_ps_e_0/inst/pl_clk0 | acc_block_i/axi_smc/inst/s00_entry_pipeline/s00_si_converter/inst/gen_normal.splitter_inst/aw_cmd_reg/E[0]                                                                                         | acc_block_i/axi_smc/inst/s00_entry_pipeline/s00_si_converter/inst/areset                                                                                             |                1 |              5 |         5.00 |
|  acc_block_i/zynq_ultra_ps_e_0/inst/pl_clk0 | acc_block_i/axi_smc/inst/s00_entry_pipeline/s00_si_converter/inst/gen_normal.splitter_inst/ar_cmd_reg/E[0]                                                                                         | acc_block_i/axi_smc/inst/s00_entry_pipeline/s00_si_converter/inst/areset                                                                                             |                2 |              5 |         2.50 |
|  acc_block_i/zynq_ultra_ps_e_0/inst/pl_clk0 | acc_block_i/axi_smc/inst/s00_entry_pipeline/s00_si_converter/inst/converter.low_area_converter.low_area_wrap_inst/w_resp_fifo/fifoaddr[4]_i_1_n_0                                                  | acc_block_i/axi_smc/inst/s00_entry_pipeline/s00_si_converter/inst/areset                                                                                             |                2 |              5 |         2.50 |
|  acc_block_i/zynq_ultra_ps_e_0/inst/pl_clk0 | acc_block_i/axi_smc/inst/s01_entry_pipeline/s01_si_converter/inst/converter.low_area_converter.low_area_wrap_inst/w_resp_fifo/fifoaddr_afull_reg_0[0]                                              | acc_block_i/axi_smc/inst/s01_entry_pipeline/s01_si_converter/inst/areset                                                                                             |                2 |              5 |         2.50 |
|  acc_block_i/zynq_ultra_ps_e_0/inst/pl_clk0 | acc_block_i/axi_smc/inst/s01_entry_pipeline/s01_si_converter/inst/converter.low_area_converter.low_area_wrap_inst/w_resp_fifo/fifoaddr[4]_i_1_n_0                                                  | acc_block_i/axi_smc/inst/s01_entry_pipeline/s01_si_converter/inst/areset                                                                                             |                3 |              5 |         1.67 |
|  acc_block_i/zynq_ultra_ps_e_0/inst/pl_clk0 | acc_block_i/axi_smc/inst/s00_entry_pipeline/s00_si_converter/inst/converter.low_area_converter.low_area_wrap_inst/FSM_onehot_r_state[5]_i_1_n_0                                                    | acc_block_i/axi_smc/inst/s00_entry_pipeline/s00_si_converter/inst/areset                                                                                             |                4 |              6 |         1.50 |
|  acc_block_i/zynq_ultra_ps_e_0/inst/pl_clk0 | acc_block_i/axi_smc/inst/s01_entry_pipeline/s01_si_converter/inst/converter.low_area_converter.low_area_wrap_inst/num_outstanding_bursts_read[0]                                                   | acc_block_i/axi_smc/inst/s01_entry_pipeline/s01_si_converter/inst/areset                                                                                             |                1 |              6 |         6.00 |
|  acc_block_i/zynq_ultra_ps_e_0/inst/pl_clk0 | acc_block_i/axi_smc/inst/s01_entry_pipeline/s01_si_converter/inst/converter.low_area_converter.low_area_wrap_inst/num_outstanding_writes[0]                                                        | acc_block_i/axi_smc/inst/s01_entry_pipeline/s01_si_converter/inst/areset                                                                                             |                3 |              6 |         2.00 |
|  acc_block_i/zynq_ultra_ps_e_0/inst/pl_clk0 | acc_block_i/axi_smc/inst/s01_entry_pipeline/s01_si_converter/inst/converter.low_area_converter.low_area_wrap_inst/r_state[0]                                                                       | acc_block_i/axi_smc/inst/s01_entry_pipeline/s01_si_converter/inst/areset                                                                                             |                3 |              6 |         2.00 |
|  acc_block_i/zynq_ultra_ps_e_0/inst/pl_clk0 | acc_block_i/axi_smc/inst/s00_nodes/s00_w_node/inst/inst_mi_handler/m_sc_req[0]                                                                                                                     | acc_block_i/axi_smc/inst/switchboards/i_nodes/i_w_node/inst/inst_si_handler/areset_r                                                                                 |                1 |              6 |         6.00 |
|  acc_block_i/zynq_ultra_ps_e_0/inst/pl_clk0 | acc_block_i/axi_smc/inst/s00_entry_pipeline/s00_si_converter/inst/converter.low_area_converter.low_area_wrap_inst/num_outstanding_bursts_read[5]_i_1_n_0                                           | acc_block_i/axi_smc/inst/s00_entry_pipeline/s00_si_converter/inst/areset                                                                                             |                3 |              6 |         2.00 |
|  acc_block_i/zynq_ultra_ps_e_0/inst/pl_clk0 | acc_block_i/axi_smc/inst/s00_entry_pipeline/s00_si_converter/inst/converter.low_area_converter.low_area_wrap_inst/num_outstanding_writes_resp[5]_i_1_n_0                                           | acc_block_i/axi_smc/inst/s00_entry_pipeline/s00_si_converter/inst/areset                                                                                             |                1 |              6 |         6.00 |
|  acc_block_i/zynq_ultra_ps_e_0/inst/pl_clk0 | acc_block_i/axi_smc/inst/s00_entry_pipeline/s00_si_converter/inst/converter.low_area_converter.low_area_wrap_inst/num_outstanding_writes[5]_i_1_n_0                                                | acc_block_i/axi_smc/inst/s00_entry_pipeline/s00_si_converter/inst/areset                                                                                             |                2 |              6 |         3.00 |
|  acc_block_i/zynq_ultra_ps_e_0/inst/pl_clk0 |                                                                                                                                                                                                    | acc_block_i/axi_smc/inst/s00_entry_pipeline/s00_si_converter/inst/gen_normal.splitter_inst/gen_wsplitter.sr_axi_awlen_d[5]_i_1_n_0                                   |                4 |              6 |         1.50 |
|  acc_block_i/zynq_ultra_ps_e_0/inst/pl_clk0 | acc_block_i/rst_ps8_0_99M/U0/SEQ/seq_cnt_en                                                                                                                                                        | acc_block_i/rst_ps8_0_99M/U0/SEQ/seq_clr                                                                                                                             |                1 |              6 |         6.00 |
|  acc_block_i/zynq_ultra_ps_e_0/inst/pl_clk0 | acc_block_i/axi_smc/inst/s00_entry_pipeline/s00_si_converter/inst/converter.low_area_converter.low_area_wrap_inst/w_resp_fifo/E[0]                                                                 | acc_block_i/axi_smc/inst/s00_entry_pipeline/s00_si_converter/inst/areset                                                                                             |                2 |              6 |         3.00 |
|  acc_block_i/zynq_ultra_ps_e_0/inst/pl_clk0 | acc_block_i/axi_smc/inst/clk_map/psr_aclk/U0/SEQ/seq_cnt_en                                                                                                                                        | acc_block_i/axi_smc/inst/clk_map/psr_aclk/U0/SEQ/seq_clr                                                                                                             |                2 |              6 |         3.00 |
|  acc_block_i/zynq_ultra_ps_e_0/inst/pl_clk0 | acc_block_i/axi_smc/inst/m00_exit_pipeline/m00_exit/inst/splitter_inst/gen_axi4lite.axilite_conv/ar_addr_d[8]_i_1_n_0                                                                              | acc_block_i/axi_smc/inst/m00_exit_pipeline/m00_exit/inst/areset                                                                                                      |                2 |              7 |         3.50 |
|  acc_block_i/zynq_ultra_ps_e_0/inst/pl_clk0 | acc_block_i/axi_smc/inst/m00_exit_pipeline/m00_exit/inst/splitter_inst/gen_axi4lite.axilite_conv/aw_addr[8]_i_1_n_0                                                                                | acc_block_i/axi_smc/inst/m00_exit_pipeline/m00_exit/inst/areset                                                                                                      |                3 |              7 |         2.33 |
|  acc_block_i/zynq_ultra_ps_e_0/inst/pl_clk0 | acc_block_i/axi_smc/inst/s00_entry_pipeline/s00_si_converter/inst/gen_normal.splitter_inst/gen_wsplitter.w_split_fifo/gen_srls[6].srl_nx1/shift_qual                                               |                                                                                                                                                                      |                1 |              7 |         7.00 |
|  acc_block_i/zynq_ultra_ps_e_0/inst/pl_clk0 | acc_block_i/axi_smc/inst/s00_entry_pipeline/s00_si_converter/inst/gen_normal.splitter_inst/gen_wsplitter.w_split_fifo/gen_pipelined.mesg_reg[0]                                                    |                                                                                                                                                                      |                1 |              7 |         7.00 |
|  acc_block_i/zynq_ultra_ps_e_0/inst/pl_clk0 | acc_block_i/axi_smc/inst/s01_entry_pipeline/s01_si_converter/inst/converter.low_area_converter.low_area_wrap_inst/first_rd_iterations[7]_i_1_n_0                                                   | acc_block_i/axi_smc/inst/s01_entry_pipeline/s01_si_converter/inst/areset                                                                                             |                4 |              8 |         2.00 |
|  acc_block_i/zynq_ultra_ps_e_0/inst/pl_clk0 | acc_block_i/axi_smc/inst/s00_entry_pipeline/s00_si_converter/inst/gen_normal.splitter_inst/ar_cmd_reg/gen_rsplitter.arsplit_vacancy_reg_0[0]                                                       |                                                                                                                                                                      |                2 |              8 |         4.00 |
|  acc_block_i/zynq_ultra_ps_e_0/inst/pl_clk0 | acc_block_i/axi_smc/inst/s00_entry_pipeline/s00_si_converter/inst/converter.low_area_converter.low_area_wrap_inst/r_state__1[2]                                                                    | acc_block_i/axi_smc/inst/s00_entry_pipeline/s00_si_converter/inst/areset                                                                                             |                2 |              8 |         4.00 |
|  acc_block_i/zynq_ultra_ps_e_0/inst/pl_clk0 | acc_block_i/axi_smc/inst/s00_entry_pipeline/s00_mmu/inst/gen_endpoint.decerr_slave_inst/gen_axi.gen_read.read_cnt[7]_i_1_n_0                                                                       | acc_block_i/axi_smc/inst/s00_entry_pipeline/s00_mmu/inst/areset                                                                                                      |                2 |              8 |         4.00 |
|  acc_block_i/zynq_ultra_ps_e_0/inst/pl_clk0 | acc_block_i/axi_smc/inst/m00_exit_pipeline/m00_exit/inst/splitter_inst/gen_axi4lite.axilite_conv/r_beats[7]_i_1_n_0                                                                                | acc_block_i/axi_smc/inst/m00_exit_pipeline/m00_exit/inst/areset                                                                                                      |                3 |              8 |         2.67 |
|  acc_block_i/zynq_ultra_ps_e_0/inst/pl_clk0 | acc_block_i/axi_smc/inst/s00_entry_pipeline/s00_si_converter/inst/gen_normal.splitter_inst/aw_cmd_reg/skid_buffer[1136]_i_1_n_0                                                                    |                                                                                                                                                                      |                3 |              8 |         2.67 |
|  acc_block_i/zynq_ultra_ps_e_0/inst/pl_clk0 | acc_block_i/axi_smc/inst/s00_entry_pipeline/s00_si_converter/inst/gen_normal.splitter_inst/aw_cmd_reg/m_vector_i[0]                                                                                |                                                                                                                                                                      |                4 |              8 |         2.00 |
|  acc_block_i/zynq_ultra_ps_e_0/inst/pl_clk0 | acc_block_i/axi_smc/inst/s00_entry_pipeline/s00_si_converter/inst/converter.low_area_converter.low_area_wrap_inst/si_rd_count[7]_i_1_n_0                                                           | acc_block_i/axi_smc/inst/s00_entry_pipeline/s00_si_converter/inst/areset                                                                                             |                2 |              8 |         4.00 |
|  acc_block_i/zynq_ultra_ps_e_0/inst/pl_clk0 | acc_block_i/axi_smc/inst/s00_entry_pipeline/s00_si_converter/inst/gen_normal.splitter_inst/aw_cmd_reg/gen_wsplitter.awsplit_vacancy_reg[0]                                                         |                                                                                                                                                                      |                4 |              8 |         2.00 |
|  acc_block_i/zynq_ultra_ps_e_0/inst/pl_clk0 | acc_block_i/axi_smc/inst/s00_entry_pipeline/s00_si_converter/inst/converter.low_area_converter.low_area_wrap_inst/first_rd_iterations[7]_i_1_n_0                                                   | acc_block_i/axi_smc/inst/s00_entry_pipeline/s00_si_converter/inst/areset                                                                                             |                5 |              8 |         1.60 |
|  acc_block_i/zynq_ultra_ps_e_0/inst/pl_clk0 | acc_block_i/axi_smc/inst/s01_entry_pipeline/s01_si_converter/inst/converter.low_area_converter.low_area_wrap_inst/si_rd_count[7]_i_1_n_0                                                           | acc_block_i/axi_smc/inst/s01_entry_pipeline/s01_si_converter/inst/areset                                                                                             |                3 |              8 |         2.67 |
|  acc_block_i/zynq_ultra_ps_e_0/inst/pl_clk0 | acc_block_i/axi_smc/inst/s01_entry_pipeline/s01_si_converter/inst/converter.low_area_converter.low_area_wrap_inst/r_state__1[2]                                                                    | acc_block_i/axi_smc/inst/s01_entry_pipeline/s01_si_converter/inst/areset                                                                                             |                3 |              8 |         2.67 |
|  acc_block_i/zynq_ultra_ps_e_0/inst/pl_clk0 | acc_block_i/axi_smc/inst/s01_entry_pipeline/s01_mmu/inst/gen_endpoint.decerr_slave_inst/gen_axi.gen_read.read_cnt[7]_i_1_n_0                                                                       | acc_block_i/axi_smc/inst/s01_entry_pipeline/s01_mmu/inst/areset                                                                                                      |                2 |              8 |         4.00 |
|  acc_block_i/zynq_ultra_ps_e_0/inst/pl_clk0 | acc_block_i/acc_reg_0/inst/u_ctrl/Q[0]                                                                                                                                                             | acc_block_i/rst_ps8_0_99M/U0/peripheral_aresetn[0]                                                                                                                   |                2 |              8 |         4.00 |
|  acc_block_i/zynq_ultra_ps_e_0/inst/pl_clk0 | acc_block_i/axi_smc/inst/s00_entry_pipeline/s00_si_converter/inst/converter.low_area_converter.low_area_wrap_inst/E[0]                                                                             |                                                                                                                                                                      |                4 |              9 |         2.25 |
|  acc_block_i/zynq_ultra_ps_e_0/inst/pl_clk0 | acc_block_i/axi_smc/inst/s00_entry_pipeline/s00_si_converter/inst/converter.low_area_converter.low_area_wrap_inst/w_cnt[8]_i_1_n_0                                                                 | acc_block_i/axi_smc/inst/s00_entry_pipeline/s00_si_converter/inst/areset                                                                                             |                2 |              9 |         4.50 |
|  acc_block_i/zynq_ultra_ps_e_0/inst/pl_clk0 | acc_block_i/axi_smc/inst/s00_entry_pipeline/s00_si_converter/inst/converter.low_area_converter.low_area_wrap_inst/gen_wsplitter.aw_split_state_reg_0                                               |                                                                                                                                                                      |                7 |              9 |         1.29 |
|  acc_block_i/zynq_ultra_ps_e_0/inst/pl_clk0 | acc_block_i/axi_smc/inst/s00_entry_pipeline/s00_si_converter/inst/converter.low_area_converter.low_area_wrap_inst/conv_id[0]_i_1_n_0                                                               | acc_block_i/axi_smc/inst/s00_entry_pipeline/s00_si_converter/inst/areset                                                                                             |                5 |              9 |         1.80 |
|  acc_block_i/zynq_ultra_ps_e_0/inst/pl_clk0 | acc_block_i/axi_smc/inst/s00_entry_pipeline/s00_si_converter/inst/converter.low_area_converter.low_area_wrap_inst/w_resp_fifo/gen_srls[9].srl_nx1/shift_qual                                       |                                                                                                                                                                      |                2 |              9 |         4.50 |
|  acc_block_i/zynq_ultra_ps_e_0/inst/pl_clk0 | acc_block_i/axi_smc/inst/s00_entry_pipeline/s00_si_converter/inst/converter.low_area_converter.low_area_wrap_inst/b_cnt[8]_i_1_n_0                                                                 | acc_block_i/axi_smc/inst/s00_entry_pipeline/s00_si_converter/inst/areset                                                                                             |                2 |              9 |         4.50 |
|  acc_block_i/zynq_ultra_ps_e_0/inst/pl_clk0 | acc_block_i/axi_smc/inst/m00_exit_pipeline/m00_exit/inst/splitter_inst/gen_axi4lite.axilite_conv/ar_cnt[8]_i_1_n_0                                                                                 | acc_block_i/axi_smc/inst/m00_exit_pipeline/m00_exit/inst/areset                                                                                                      |                2 |              9 |         4.50 |
|  acc_block_i/zynq_ultra_ps_e_0/inst/pl_clk0 | acc_block_i/axi_smc/inst/m00_exit_pipeline/m00_exit/inst/splitter_inst/gen_axi4lite.axilite_conv/w_cnt[8]_i_1_n_0                                                                                  | acc_block_i/axi_smc/inst/m00_exit_pipeline/m00_exit/inst/areset                                                                                                      |                3 |              9 |         3.00 |
|  acc_block_i/zynq_ultra_ps_e_0/inst/pl_clk0 | acc_block_i/axi_smc/inst/s00_entry_pipeline/s00_si_converter/inst/converter.low_area_converter.low_area_wrap_inst/w_resp_fifo/gen_pipelined.mesg_reg[0]                                            |                                                                                                                                                                      |                5 |              9 |         1.80 |
|  acc_block_i/zynq_ultra_ps_e_0/inst/pl_clk0 | acc_block_i/axi_smc/inst/m00_exit_pipeline/m00_exit/inst/splitter_inst/gen_axi4lite.axilite_conv/b_cnt[0]                                                                                          | acc_block_i/axi_smc/inst/m00_exit_pipeline/m00_exit/inst/splitter_inst/gen_axi4lite.axilite_conv/b_cnt[8]_i_1_n_0                                                    |                2 |              9 |         4.50 |
|  acc_block_i/zynq_ultra_ps_e_0/inst/pl_clk0 | acc_block_i/axi_smc/inst/s01_entry_pipeline/s01_si_converter/inst/converter.low_area_converter.low_area_wrap_inst/b_cnt[8]_i_1_n_0                                                                 | acc_block_i/axi_smc/inst/s01_entry_pipeline/s01_si_converter/inst/areset                                                                                             |                2 |              9 |         4.50 |
|  acc_block_i/zynq_ultra_ps_e_0/inst/pl_clk0 | acc_block_i/axi_smc/inst/s00_entry_pipeline/s00_si_converter/inst/gen_normal.splitter_inst/gen_wsplitter.w_split_fifo/E[0]                                                                         | acc_block_i/axi_smc/inst/s00_entry_pipeline/s00_si_converter/inst/areset                                                                                             |                3 |              9 |         3.00 |
|  acc_block_i/zynq_ultra_ps_e_0/inst/pl_clk0 | acc_block_i/axi_smc/inst/s01_entry_pipeline/s01_si_converter/inst/converter.low_area_converter.low_area_wrap_inst/w_resp_fifo/gen_srls[9].srl_nx1/shift                                            |                                                                                                                                                                      |                2 |              9 |         4.50 |
|  acc_block_i/zynq_ultra_ps_e_0/inst/pl_clk0 | acc_block_i/axi_smc/inst/s01_entry_pipeline/s01_si_converter/inst/converter.low_area_converter.low_area_wrap_inst/w_resp_fifo/gen_pipelined.load_mesg                                              |                                                                                                                                                                      |                3 |              9 |         3.00 |
|  acc_block_i/zynq_ultra_ps_e_0/inst/pl_clk0 | acc_block_i/axi_gpio_0/U0/AXI_LITE_IPIF_I/I_SLAVE_ATTACHMENT/I_DECODER/E[0]                                                                                                                        | acc_block_i/axi_gpio_0/U0/AXI_LITE_IPIF_I/I_SLAVE_ATTACHMENT/SR[0]                                                                                                   |                3 |              9 |         3.00 |
|  acc_block_i/zynq_ultra_ps_e_0/inst/pl_clk0 | acc_block_i/axi_smc/inst/switchboards/i_nodes/i_aw_node/inst/inst_si_handler/gen_si_handler.gen_arbiter_rr_minimal_area.inst_arbiter/s_sc_valid                                                    |                                                                                                                                                                      |                3 |              9 |         3.00 |
|  acc_block_i/zynq_ultra_ps_e_0/inst/pl_clk0 | acc_block_i/axi_smc/inst/s00_entry_pipeline/s00_si_converter/inst/converter.low_area_converter.low_area_wrap_inst/w_resp_fifo/aw_done_reg[0]                                                       | acc_block_i/axi_smc/inst/s00_entry_pipeline/s00_si_converter/inst/areset                                                                                             |                3 |             10 |         3.33 |
|  acc_block_i/zynq_ultra_ps_e_0/inst/pl_clk0 |                                                                                                                                                                                                    | acc_block_i/axi_smc/inst/s00_entry_pipeline/s00_mmu/inst/areset                                                                                                      |                8 |             10 |         1.25 |
|  acc_block_i/zynq_ultra_ps_e_0/inst/pl_clk0 |                                                                                                                                                                                                    | acc_block_i/axi_smc/inst/s01_entry_pipeline/s01_mmu/inst/areset                                                                                                      |                7 |             10 |         1.43 |
|  acc_block_i/zynq_ultra_ps_e_0/inst/pl_clk0 | acc_block_i/axi_smc/inst/s01_entry_pipeline/s01_si_converter/inst/converter.low_area_converter.low_area_wrap_inst/w_resp_fifo/E[0]                                                                 | acc_block_i/axi_smc/inst/s01_entry_pipeline/s01_si_converter/inst/areset                                                                                             |                3 |             10 |         3.33 |
|  acc_block_i/zynq_ultra_ps_e_0/inst/pl_clk0 | acc_block_i/axi_smc/inst/s00_entry_pipeline/s00_si_converter/inst/converter.low_area_converter.low_area_wrap_inst/s_rvalid_i10_out                                                                 | acc_block_i/axi_smc/inst/s00_entry_pipeline/s00_si_converter/inst/areset                                                                                             |                6 |             11 |         1.83 |
|  acc_block_i/zynq_ultra_ps_e_0/inst/pl_clk0 | acc_block_i/axi_smc/inst/s01_entry_pipeline/s01_si_converter/inst/converter.low_area_converter.low_area_wrap_inst/s_rvalid_i_i_1_n_0                                                               | acc_block_i/axi_smc/inst/s01_entry_pipeline/s01_si_converter/inst/areset                                                                                             |                5 |             11 |         2.20 |
|  acc_block_i/zynq_ultra_ps_e_0/inst/pl_clk0 | acc_block_i/axi_smc/inst/s00_entry_pipeline/s00_si_converter/inst/converter.low_area_converter.low_area_wrap_inst/next_awaddr_i[0]                                                                 | acc_block_i/axi_smc/inst/s00_entry_pipeline/s00_si_converter/inst/areset                                                                                             |                2 |             12 |         6.00 |
|  acc_block_i/zynq_ultra_ps_e_0/inst/pl_clk0 | acc_block_i/axi_smc/inst/s00_entry_pipeline/s00_si_converter/inst/converter.low_area_converter.low_area_wrap_inst/r_wrap_last_araddr[0]                                                            | acc_block_i/axi_smc/inst/s00_entry_pipeline/s00_si_converter/inst/areset                                                                                             |                2 |             12 |         6.00 |
|  acc_block_i/zynq_ultra_ps_e_0/inst/pl_clk0 | acc_block_i/axi_smc/inst/s01_entry_pipeline/s01_si_converter/inst/converter.low_area_converter.low_area_wrap_inst/next_awaddr_i[0]                                                                 | acc_block_i/axi_smc/inst/s01_entry_pipeline/s01_si_converter/inst/areset                                                                                             |                2 |             12 |         6.00 |
|  acc_block_i/zynq_ultra_ps_e_0/inst/pl_clk0 | acc_block_i/axi_smc/inst/s00_entry_pipeline/s00_si_converter/inst/converter.low_area_converter.low_area_wrap_inst/conv_addr_i[11]_i_1_n_0                                                          | acc_block_i/axi_smc/inst/s00_entry_pipeline/s00_si_converter/inst/areset                                                                                             |                5 |             12 |         2.40 |
|  acc_block_i/zynq_ultra_ps_e_0/inst/pl_clk0 | acc_block_i/axi_smc/inst/s01_entry_pipeline/s01_si_converter/inst/converter.low_area_converter.low_area_wrap_inst/conv_araddr[8]_i_1_n_0                                                           | acc_block_i/axi_smc/inst/s01_entry_pipeline/s01_si_converter/inst/areset                                                                                             |                7 |             12 |         1.71 |
|  acc_block_i/zynq_ultra_ps_e_0/inst/pl_clk0 | acc_block_i/axi_smc/inst/s01_entry_pipeline/s01_si_converter/inst/converter.low_area_converter.low_area_wrap_inst/r_wrap_last_araddr[0]                                                            | acc_block_i/axi_smc/inst/s01_entry_pipeline/s01_si_converter/inst/areset                                                                                             |                2 |             12 |         6.00 |
|  acc_block_i/zynq_ultra_ps_e_0/inst/pl_clk0 | acc_block_i/axi_smc/inst/s00_entry_pipeline/s00_si_converter/inst/converter.low_area_converter.low_area_wrap_inst/conv_araddr[11]_i_1_n_0                                                          | acc_block_i/axi_smc/inst/s00_entry_pipeline/s00_si_converter/inst/areset                                                                                             |                5 |             12 |         2.40 |
|  acc_block_i/zynq_ultra_ps_e_0/inst/pl_clk0 | acc_block_i/axi_smc/inst/s00_entry_pipeline/s00_si_converter/inst/converter.low_area_converter.low_area_wrap_inst/w_wrap_awaddr[11]_i_1_n_0                                                        | acc_block_i/axi_smc/inst/s00_entry_pipeline/s00_si_converter/inst/areset                                                                                             |                7 |             12 |         1.71 |
|  acc_block_i/zynq_ultra_ps_e_0/inst/pl_clk0 | acc_block_i/axi_smc/inst/s01_entry_pipeline/s01_si_converter/inst/converter.low_area_converter.low_area_wrap_inst/w_wrap_awaddr[0]                                                                 | acc_block_i/axi_smc/inst/s01_entry_pipeline/s01_si_converter/inst/areset                                                                                             |                7 |             12 |         1.71 |
|  acc_block_i/zynq_ultra_ps_e_0/inst/pl_clk0 | acc_block_i/axi_smc/inst/s00_entry_pipeline/s00_si_converter/inst/converter.low_area_converter.low_area_wrap_inst/w_wrap_last_awaddr[11]_i_1_n_0                                                   | acc_block_i/axi_smc/inst/s00_entry_pipeline/s00_si_converter/inst/areset                                                                                             |                2 |             12 |         6.00 |
|  acc_block_i/zynq_ultra_ps_e_0/inst/pl_clk0 | acc_block_i/axi_smc/inst/s01_entry_pipeline/s01_si_converter/inst/converter.low_area_converter.low_area_wrap_inst/w_wrap_last_awaddr[0]                                                            | acc_block_i/axi_smc/inst/s01_entry_pipeline/s01_si_converter/inst/areset                                                                                             |                2 |             12 |         6.00 |
|  acc_block_i/zynq_ultra_ps_e_0/inst/pl_clk0 | acc_block_i/axi_smc/inst/s01_entry_pipeline/s01_si_converter/inst/converter.low_area_converter.low_area_wrap_inst/r_cnt[12]_i_1_n_0                                                                | acc_block_i/axi_smc/inst/s01_entry_pipeline/s01_si_converter/inst/areset                                                                                             |                5 |             13 |         2.60 |
|  acc_block_i/zynq_ultra_ps_e_0/inst/pl_clk0 | acc_block_i/axi_smc/inst/s00_entry_pipeline/s00_si_converter/inst/converter.low_area_converter.low_area_wrap_inst/r_cnt[12]_i_1_n_0                                                                | acc_block_i/axi_smc/inst/s00_entry_pipeline/s00_si_converter/inst/areset                                                                                             |                4 |             13 |         3.25 |
|  acc_block_i/zynq_ultra_ps_e_0/inst/pl_clk0 |                                                                                                                                                                                                    | acc_block_i/axi_smc/inst/m00_exit_pipeline/m00_exit/inst/areset                                                                                                      |                6 |             14 |         2.33 |
|  acc_block_i/zynq_ultra_ps_e_0/inst/pl_clk0 | acc_block_i/axi_smc/inst/s00_entry_pipeline/s00_mmu/inst/gen_endpoint.decerr_slave_inst/gen_axi.gen_read.s_axi_rid_i_0[0]                                                                          | acc_block_i/axi_smc/inst/s00_entry_pipeline/s00_mmu/inst/areset                                                                                                      |                3 |             16 |         5.33 |
|  acc_block_i/zynq_ultra_ps_e_0/inst/pl_clk0 | acc_block_i/axi_smc/inst/s01_entry_pipeline/s01_transaction_regulator/inst/gen_endpoint.gen_w_singleorder.w_singleorder/gen_id_reg.s_rid_i0                                                        |                                                                                                                                                                      |                4 |             16 |         4.00 |
|  acc_block_i/zynq_ultra_ps_e_0/inst/pl_clk0 | acc_block_i/axi_smc/inst/s00_entry_pipeline/s00_si_converter/inst/gen_normal.splitter_inst/ar_cmd_reg/m_vector_i[0]                                                                                |                                                                                                                                                                      |                8 |             16 |         2.00 |
|  acc_block_i/zynq_ultra_ps_e_0/inst/pl_clk0 | acc_block_i/axi_smc/inst/s00_entry_pipeline/s00_si_converter/inst/gen_normal.splitter_inst/ar_cmd_reg/skid_buffer[1136]_i_1__0_n_0                                                                 |                                                                                                                                                                      |                7 |             16 |         2.29 |
|  acc_block_i/zynq_ultra_ps_e_0/inst/pl_clk0 | acc_block_i/axi_smc/inst/s00_entry_pipeline/s00_mmu/inst/gen_endpoint.decerr_slave_inst/gen_axi.gen_write.s_axi_bid_i[15]_i_1_n_0                                                                  | acc_block_i/axi_smc/inst/s00_entry_pipeline/s00_mmu/inst/areset                                                                                                      |                3 |             16 |         5.33 |
|  acc_block_i/zynq_ultra_ps_e_0/inst/pl_clk0 | acc_block_i/axi_smc/inst/s00_entry_pipeline/s00_transaction_regulator/inst/gen_endpoint.gen_w_singleorder.w_singleorder/gen_id_reg.s_rid_i0                                                        |                                                                                                                                                                      |                3 |             16 |         5.33 |
|  acc_block_i/zynq_ultra_ps_e_0/inst/pl_clk0 | acc_block_i/axi_smc/inst/s01_entry_pipeline/s01_si_converter/inst/converter.low_area_converter.low_area_wrap_inst/awready_i_i_1_n_0                                                                | acc_block_i/axi_smc/inst/s01_entry_pipeline/s01_si_converter/inst/areset                                                                                             |               10 |             16 |         1.60 |
|  acc_block_i/zynq_ultra_ps_e_0/inst/pl_clk0 | acc_block_i/axi_gpio_0/U0/AXI_LITE_IPIF_I/I_SLAVE_ATTACHMENT/I_DECODER/bus2ip_rnw_i_reg[0]                                                                                                         | acc_block_i/axi_gpio_0/U0/AXI_LITE_IPIF_I/I_SLAVE_ATTACHMENT/SR[0]                                                                                                   |                5 |             16 |         3.20 |
|  acc_block_i/zynq_ultra_ps_e_0/inst/pl_clk0 | acc_block_i/acc_reg_0/inst/u_ctrl/Q[1]                                                                                                                                                             | acc_block_i/rst_ps8_0_99M/U0/peripheral_aresetn[0]                                                                                                                   |                2 |             16 |         8.00 |
|  acc_block_i/zynq_ultra_ps_e_0/inst/pl_clk0 | acc_block_i/axi_smc/inst/s01_entry_pipeline/s01_transaction_regulator/inst/gen_endpoint.gen_r_singleorder.r_singleorder/gen_id_reg.s_rid_i0                                                        |                                                                                                                                                                      |                3 |             16 |         5.33 |
|  acc_block_i/zynq_ultra_ps_e_0/inst/pl_clk0 | acc_block_i/axi_smc/inst/s00_entry_pipeline/s00_transaction_regulator/inst/gen_endpoint.gen_r_singleorder.r_singleorder/gen_id_reg.s_rid_i0                                                        |                                                                                                                                                                      |                3 |             16 |         5.33 |
|  acc_block_i/zynq_ultra_ps_e_0/inst/pl_clk0 | acc_block_i/axi_smc/inst/s01_entry_pipeline/s01_mmu/inst/gen_endpoint.decerr_slave_inst/gen_axi.gen_write.s_axi_bid_i[15]_i_1_n_0                                                                  | acc_block_i/axi_smc/inst/s01_entry_pipeline/s01_mmu/inst/areset                                                                                                      |                4 |             16 |         4.00 |
|  acc_block_i/zynq_ultra_ps_e_0/inst/pl_clk0 | acc_block_i/axi_smc/inst/s01_entry_pipeline/s01_mmu/inst/gen_endpoint.decerr_slave_inst/gen_axi.gen_read.s_axi_rid_i_0[0]                                                                          | acc_block_i/axi_smc/inst/s01_entry_pipeline/s01_mmu/inst/areset                                                                                                      |                3 |             16 |         5.33 |
|  acc_block_i/zynq_ultra_ps_e_0/inst/pl_clk0 | acc_block_i/axi_gpio_0/U0/AXI_LITE_IPIF_I/I_SLAVE_ATTACHMENT/s_axi_rresp_i[0]                                                                                                                      | acc_block_i/axi_gpio_0/U0/AXI_LITE_IPIF_I/I_SLAVE_ATTACHMENT/SR[0]                                                                                                   |                3 |             17 |         5.67 |
|  acc_block_i/zynq_ultra_ps_e_0/inst/pl_clk0 | acc_block_i/axi_smc/inst/s00_entry_pipeline/s00_si_converter/inst/converter.low_area_converter.low_area_wrap_inst/r_wrap_araddr[11]_i_1_n_0                                                        | acc_block_i/axi_smc/inst/s00_entry_pipeline/s00_si_converter/inst/areset                                                                                             |                6 |             17 |         2.83 |
|  acc_block_i/zynq_ultra_ps_e_0/inst/pl_clk0 | acc_block_i/axi_smc/inst/switchboards/i_nodes/i_ar_node/inst/inst_si_handler/gen_si_handler.gen_arbiter_rr_minimal_area.inst_arbiter/s_sc_valid                                                    |                                                                                                                                                                      |                4 |             17 |         4.25 |
|  acc_block_i/zynq_ultra_ps_e_0/inst/pl_clk0 | acc_block_i/axi_smc/inst/s01_entry_pipeline/s01_si_converter/inst/converter.low_area_converter.low_area_wrap_inst/max_read_bytes[0]                                                                | acc_block_i/axi_smc/inst/s01_entry_pipeline/s01_si_converter/inst/areset                                                                                             |                7 |             17 |         2.43 |
|  acc_block_i/zynq_ultra_ps_e_0/inst/pl_clk0 |                                                                                                                                                                                                    | acc_block_i/axi_smc/inst/s01_entry_pipeline/s01_si_converter/inst/areset                                                                                             |               11 |             17 |         1.55 |
|  acc_block_i/zynq_ultra_ps_e_0/inst/pl_clk0 | acc_block_i/axi_smc/inst/s01_entry_pipeline/s01_si_converter/inst/converter.low_area_converter.low_area_wrap_inst/w_cnt[8]_i_1_n_0                                                                 | acc_block_i/axi_smc/inst/s01_entry_pipeline/s01_si_converter/inst/areset                                                                                             |                7 |             21 |         3.00 |
|  acc_block_i/zynq_ultra_ps_e_0/inst/pl_clk0 |                                                                                                                                                                                                    | acc_block_i/axi_gpio_0/U0/AXI_LITE_IPIF_I/I_SLAVE_ATTACHMENT/I_DECODER/bus2ip_rnw_i_reg_0                                                                            |                6 |             25 |         4.17 |
|  acc_block_i/zynq_ultra_ps_e_0/inst/pl_clk0 | acc_block_i/axi_smc/inst/s00_entry_pipeline/s00_si_converter/inst/converter.low_area_converter.low_area_wrap_inst/aw_user[0]                                                                       | acc_block_i/axi_smc/inst/s00_entry_pipeline/s00_si_converter/inst/areset                                                                                             |               13 |             26 |         2.00 |
|  acc_block_i/zynq_ultra_ps_e_0/inst/pl_clk0 |                                                                                                                                                                                                    | acc_block_i/axi_gpio_0/U0/AXI_LITE_IPIF_I/I_SLAVE_ATTACHMENT/SR[0]                                                                                                   |                7 |             30 |         4.29 |
|  acc_block_i/zynq_ultra_ps_e_0/inst/pl_clk0 | acc_block_i/axi_smc/inst/m00_exit_pipeline/m00_exit/inst/splitter_inst/gen_axi4lite.axilite_conv/s_axi_rdata_i[31]_i_1_n_0                                                                         | acc_block_i/axi_smc/inst/m00_exit_pipeline/m00_exit/inst/areset                                                                                                      |                7 |             32 |         4.57 |
|  acc_block_i/zynq_ultra_ps_e_0/inst/pl_clk0 |                                                                                                                                                                                                    | acc_block_i/axi_smc/inst/s00_entry_pipeline/s00_si_converter/inst/areset                                                                                             |               24 |             32 |         1.33 |
|  acc_block_i/zynq_ultra_ps_e_0/inst/pl_clk0 | acc_block_i/axi_smc/inst/s00_entry_pipeline/s00_si_converter/inst/converter.low_area_converter.low_area_wrap_inst/r_burst_mask[11]_i_1_n_0                                                         | acc_block_i/axi_smc/inst/s00_entry_pipeline/s00_si_converter/inst/areset                                                                                             |               10 |             32 |         3.20 |
|  acc_block_i/zynq_ultra_ps_e_0/inst/pl_clk0 | acc_block_i/axi_smc/inst/s01_entry_pipeline/s01_si_converter/inst/converter.low_area_converter.low_area_wrap_inst/r_burst_bytes[0]                                                                 | acc_block_i/axi_smc/inst/s01_entry_pipeline/s01_si_converter/inst/areset                                                                                             |               11 |             32 |         2.91 |
|  acc_block_i/zynq_ultra_ps_e_0/inst/pl_clk0 | acc_block_i/axi_smc/inst/switchboards/i_nodes/i_r_node/inst/inst_mi_handler/gen_normal_area.gen_upsizer.inst_upsizer/gen_r_ch.accum[0]                                                             |                                                                                                                                                                      |               13 |             32 |         2.46 |
|  acc_block_i/zynq_ultra_ps_e_0/inst/pl_clk0 | acc_block_i/axi_smc/inst/switchboards/i_nodes/i_r_node/inst/inst_mi_handler/gen_normal_area.gen_upsizer.inst_upsizer/gen_r_ch.accum[bytes][4][userdata][7]_i_1_n_0                                 |                                                                                                                                                                      |               11 |             32 |         2.91 |
|  acc_block_i/zynq_ultra_ps_e_0/inst/pl_clk0 | acc_block_i/axi_smc/inst/switchboards/i_nodes/i_r_node/inst/inst_mi_handler/gen_normal_area.gen_upsizer.inst_upsizer/gen_r_ch.accum[bytes][8][userdata][7]_i_1_n_0                                 |                                                                                                                                                                      |               14 |             32 |         2.29 |
|  acc_block_i/zynq_ultra_ps_e_0/inst/pl_clk0 | acc_block_i/axi_smc/inst/switchboards/i_nodes/i_r_node/inst/inst_mi_handler/gen_normal_area.gen_upsizer.inst_upsizer/gen_r_ch.accum[bytes][0][userdata][7]_i_1_n_0                                 |                                                                                                                                                                      |               10 |             32 |         3.20 |
|  acc_block_i/zynq_ultra_ps_e_0/inst/pl_clk0 | acc_block_i/axi_smc/inst/s01_entry_pipeline/s01_si_converter/inst/converter.low_area_converter.low_area_wrap_inst/arready_i_i_1_n_0                                                                | acc_block_i/axi_smc/inst/s01_entry_pipeline/s01_si_converter/inst/areset                                                                                             |               15 |             34 |         2.27 |
|  acc_block_i/zynq_ultra_ps_e_0/inst/pl_clk0 | acc_block_i/axi_smc/inst/s00_entry_pipeline/s00_si_converter/inst/converter.low_area_converter.low_area_wrap_inst/ar_user[0]                                                                       | acc_block_i/axi_smc/inst/s00_entry_pipeline/s00_si_converter/inst/areset                                                                                             |               18 |             34 |         1.89 |
|  acc_block_i/zynq_ultra_ps_e_0/inst/pl_clk0 | acc_block_i/axi_smc/inst/s00_entry_pipeline/s00_si_converter/inst/converter.low_area_converter.low_area_wrap_inst/outstanding_awid[0]_i_1_n_0                                                      | acc_block_i/axi_smc/inst/s00_entry_pipeline/s00_si_converter/inst/areset                                                                                             |               13 |             39 |         3.00 |
|  acc_block_i/zynq_ultra_ps_e_0/inst/pl_clk0 | acc_block_i/axi_smc/inst/s01_entry_pipeline/s01_si_converter/inst/converter.low_area_converter.low_area_wrap_inst/outstanding_awid[0]                                                              | acc_block_i/axi_smc/inst/s01_entry_pipeline/s01_si_converter/inst/areset                                                                                             |                9 |             39 |         4.33 |
|  acc_block_i/zynq_ultra_ps_e_0/inst/pl_clk0 | acc_block_i/axi_smc/inst/s01_entry_pipeline/s01_mmu/inst/ar_reg_stall/skid_buffer[1136]_i_1_n_0                                                                                                    |                                                                                                                                                                      |                8 |             41 |         5.12 |
|  acc_block_i/zynq_ultra_ps_e_0/inst/pl_clk0 | acc_block_i/axi_smc/inst/s01_entry_pipeline/s01_mmu/inst/aw_reg_stall/skid_buffer[1136]_i_1__0_n_0                                                                                                 |                                                                                                                                                                      |                6 |             41 |         6.83 |
|  acc_block_i/zynq_ultra_ps_e_0/inst/pl_clk0 | acc_block_i/axi_smc/inst/s00_entry_pipeline/s00_mmu/inst/ar_reg_stall/skid_buffer[1136]_i_1_n_0                                                                                                    |                                                                                                                                                                      |                6 |             41 |         6.83 |
|  acc_block_i/zynq_ultra_ps_e_0/inst/pl_clk0 | acc_block_i/axi_smc/inst/s00_entry_pipeline/s00_mmu/inst/ar_reg_stall/m_vector_i[0]                                                                                                                |                                                                                                                                                                      |                6 |             41 |         6.83 |
|  acc_block_i/zynq_ultra_ps_e_0/inst/pl_clk0 | acc_block_i/axi_smc/inst/s01_entry_pipeline/s01_mmu/inst/aw_reg_stall/m_vector_i[0]                                                                                                                |                                                                                                                                                                      |                6 |             41 |         6.83 |
|  acc_block_i/zynq_ultra_ps_e_0/inst/pl_clk0 | acc_block_i/axi_smc/inst/s00_entry_pipeline/s00_mmu/inst/aw_reg_stall/skid_buffer[1136]_i_1__0_n_0                                                                                                 |                                                                                                                                                                      |                8 |             41 |         5.12 |
|  acc_block_i/zynq_ultra_ps_e_0/inst/pl_clk0 | acc_block_i/axi_smc/inst/s01_entry_pipeline/s01_mmu/inst/ar_reg_stall/m_vector_i[0]                                                                                                                |                                                                                                                                                                      |                8 |             41 |         5.12 |
|  acc_block_i/zynq_ultra_ps_e_0/inst/pl_clk0 | acc_block_i/axi_smc/inst/s00_entry_pipeline/s00_mmu/inst/aw_reg_stall/m_vector_i[0]                                                                                                                |                                                                                                                                                                      |                9 |             41 |         4.56 |
|  acc_block_i/zynq_ultra_ps_e_0/inst/pl_clk0 |                                                                                                                                                                                                    | acc_block_i/axi_smc/inst/clk_map/psr_aclk/U0/interconnect_aresetn[0]                                                                                                 |               26 |             81 |         3.12 |
|  acc_block_i/zynq_ultra_ps_e_0/inst/pl_clk0 | acc_block_i/axi_smc/inst/switchboards/i_nodes/i_w_node/inst/inst_si_handler/gen_si_handler.gen_request_fifos.gen_req_fifo[0].inst_req_fifo/gen_xpm_memory_fifo.inst_fifo/gen_rd.fifo_empty_r_reg_0 |                                                                                                                                                                      |               15 |             85 |         5.67 |
|  acc_block_i/zynq_ultra_ps_e_0/inst/pl_clk0 | acc_block_i/axi_smc/inst/switchboards/i_nodes/i_r_node/inst/inst_mi_handler/gen_normal_area.gen_upsizer.inst_upsizer/gen_normal_area.upsizer_valid                                                 |                                                                                                                                                                      |               29 |            131 |         4.52 |
|  acc_block_i/zynq_ultra_ps_e_0/inst/pl_clk0 |                                                                                                                                                                                                    |                                                                                                                                                                      |               68 |            219 |         3.22 |
+---------------------------------------------+----------------------------------------------------------------------------------------------------------------------------------------------------------------------------------------------------+----------------------------------------------------------------------------------------------------------------------------------------------------------------------+------------------+----------------+--------------+


