Copyright 1986-2022 Xilinx, Inc. All Rights Reserved. Copyright 2022-2025 Advanced Micro Devices, Inc. All Rights Reserved.
--------------------------------------------------------------------------------------------------------------------------------------------------------------------------------------------------------------------------------------------------------------------------
| Tool Version      : Vivado v.2025.2 (win64) Build 6299465 Fri Nov 14 19:35:11 GMT 2025
| Date              : Thu Jun 25 14:21:21 2026
| Host              : VuDuong-32 running 64-bit major release  (build 9200)
| Command           : report_timing_summary -max_paths 10 -routable_nets -report_unconstrained -file gemm_system_wrapper_timing_summary_routed.rpt -pb gemm_system_wrapper_timing_summary_routed.pb -rpx gemm_system_wrapper_timing_summary_routed.rpx -warn_on_violation
| Design            : gemm_system_wrapper
| Device            : xck26-sfvc784
| Speed File        : -2LV  PRODUCTION 1.30 05-15-2022
| Design State      : Routed
| Temperature Grade : C
--------------------------------------------------------------------------------------------------------------------------------------------------------------------------------------------------------------------------------------------------------------------------

Timing Summary Report

------------------------------------------------------------------------------------------------
| Timer Settings
| --------------
------------------------------------------------------------------------------------------------

  Enable Multi Corner Analysis               :  Yes
  Enable Pessimism Removal                   :  Yes
  Pessimism Removal Resolution               :  Nearest Common Node
  Enable Input Delay Default Clock           :  No
  Enable Preset / Clear Arcs                 :  No
  Disable Flight Delays                      :  No
  Ignore I/O Paths                           :  No
  Timing Early Launch at Borrowing Latches   :  No
  Borrow Time for Max Delay Exceptions       :  Yes
  Merge Timing Exceptions                    :  Yes
  Inter-SLR Compensation                     :  Conservative

  Corner  Analyze    Analyze    
  Name    Max Paths  Min Paths  
  ------  ---------  ---------  
  Slow    Yes        Yes        
  Fast    Yes        Yes        


------------------------------------------------------------------------------------------------
| Report Methodology
| ------------------
------------------------------------------------------------------------------------------------

No report available as report_methodology has not been run prior. Run report_methodology on the current design for the summary of methodology violations.



check_timing report

Table of Contents
-----------------
1. checking no_clock (0)
2. checking constant_clock (0)
3. checking pulse_width_clock (0)
4. checking unconstrained_internal_endpoints (0)
5. checking no_input_delay (0)
6. checking no_output_delay (0)
7. checking multiple_clock (0)
8. checking generated_clocks (0)
9. checking loops (0)
10. checking partial_input_delay (0)
11. checking partial_output_delay (0)
12. checking latch_loops (0)

1. checking no_clock (0)
------------------------
 There are 0 register/latch pins with no clock.


2. checking constant_clock (0)
------------------------------
 There are 0 register/latch pins with constant_clock.


3. checking pulse_width_clock (0)
---------------------------------
 There are 0 register/latch pins which need pulse_width check


4. checking unconstrained_internal_endpoints (0)
------------------------------------------------
 There are 0 pins that are not constrained for maximum delay.

 There are 0 pins that are not constrained for maximum delay due to constant clock.


5. checking no_input_delay (0)
------------------------------
 There are 0 input ports with no input delay specified.

 There are 0 input ports with no input delay but user has a false path constraint.


6. checking no_output_delay (0)
-------------------------------
 There are 0 ports with no output delay specified.

 There are 0 ports with no output delay but user has a false path constraint

 There are 0 ports with no output delay but with a timing clock defined on it or propagating through it


7. checking multiple_clock (0)
------------------------------
 There are 0 register/latch pins with multiple clocks.


8. checking generated_clocks (0)
--------------------------------
 There are 0 generated clocks that are not connected to a clock source.


9. checking loops (0)
---------------------
 There are 0 combinational loops in the design.


10. checking partial_input_delay (0)
------------------------------------
 There are 0 input ports with partial input delay specified.


11. checking partial_output_delay (0)
-------------------------------------
 There are 0 ports with partial output delay specified.


12. checking latch_loops (0)
----------------------------
 There are 0 combinational latch loops in the design through latch input



------------------------------------------------------------------------------------------------
| Design Timing Summary
| ---------------------
------------------------------------------------------------------------------------------------

    WNS(ns)      TNS(ns)  TNS Failing Endpoints  TNS Total Endpoints      WHS(ns)      THS(ns)  THS Failing Endpoints  THS Total Endpoints     WPWS(ns)     TPWS(ns)  TPWS Failing Endpoints  TPWS Total Endpoints  
    -------      -------  ---------------------  -------------------      -------      -------  ---------------------  -------------------     --------     --------  ----------------------  --------------------  
      2.558        0.000                      0               143820        0.010        0.000                      0               143820        3.500        0.000                       0                 31619  


All user specified timing constraints are met.


------------------------------------------------------------------------------------------------
| Clock Summary
| -------------
------------------------------------------------------------------------------------------------

Clock     Waveform(ns)       Period(ns)      Frequency(MHz)
-----     ------------       ----------      --------------
clk_pl_0  {0.000 5.000}      10.000          100.000         
clk_pl_1  {0.000 5.000}      10.000          100.000         


------------------------------------------------------------------------------------------------
| Intra Clock Table
| -----------------
------------------------------------------------------------------------------------------------

Clock             WNS(ns)      TNS(ns)  TNS Failing Endpoints  TNS Total Endpoints      WHS(ns)      THS(ns)  THS Failing Endpoints  THS Total Endpoints     WPWS(ns)     TPWS(ns)  TPWS Failing Endpoints  TPWS Total Endpoints  
-----             -------      -------  ---------------------  -------------------      -------      -------  ---------------------  -------------------     --------     --------  ----------------------  --------------------  
clk_pl_0            2.558        0.000                      0               143820        0.010        0.000                      0               143820        3.500        0.000                       0                 31619  


------------------------------------------------------------------------------------------------
| Inter Clock Table
| -----------------
------------------------------------------------------------------------------------------------

From Clock    To Clock          WNS(ns)      TNS(ns)  TNS Failing Endpoints  TNS Total Endpoints      WHS(ns)      THS(ns)  THS Failing Endpoints  THS Total Endpoints  
----------    --------          -------      -------  ---------------------  -------------------      -------      -------  ---------------------  -------------------  


------------------------------------------------------------------------------------------------
| Other Path Groups Table
| -----------------------
------------------------------------------------------------------------------------------------

Path Group    From Clock    To Clock          WNS(ns)      TNS(ns)  TNS Failing Endpoints  TNS Total Endpoints      WHS(ns)      THS(ns)  THS Failing Endpoints  THS Total Endpoints  
----------    ----------    --------          -------      -------  ---------------------  -------------------      -------      -------  ---------------------  -------------------  


------------------------------------------------------------------------------------------------
| User Ignored Path Table
| -----------------------
------------------------------------------------------------------------------------------------

Path Group    From Clock    To Clock    
----------    ----------    --------    
(none)                      clk_pl_0      
(none)        clk_pl_0      clk_pl_0      


------------------------------------------------------------------------------------------------
| Unconstrained Path Table
| ------------------------
------------------------------------------------------------------------------------------------

Path Group    From Clock    To Clock    
----------    ----------    --------    


------------------------------------------------------------------------------------------------
| Timing Details
| --------------
------------------------------------------------------------------------------------------------


---------------------------------------------------------------------------------------------------
From Clock:  clk_pl_0
  To Clock:  clk_pl_0

Setup :            0  Failing Endpoints,  Worst Slack        2.558ns,  Total Violation        0.000ns
Hold  :            0  Failing Endpoints,  Worst Slack        0.010ns,  Total Violation        0.000ns
PW    :            0  Failing Endpoints,  Worst Slack        3.500ns,  Total Violation        0.000ns
---------------------------------------------------------------------------------------------------


Max Delay Paths
--------------------------------------------------------------------------------------
Slack (MET) :             2.558ns  (required time - arrival time)
  Source:                 gemm_system_i/gemm_l2_axi_lite_regs_0/inst/r_scale_shift_reg[3]/C
                            (rising edge-triggered cell FDRE clocked by clk_pl_0  {rise@0.000ns fall@5.000ns period=10.000ns})
  Destination:            gemm_system_i/gemm_top_l2_0/inst/u_l2_v3/u_rescale/m_axis_tdata_reg[61]/D
                            (rising edge-triggered cell FDRE clocked by clk_pl_0  {rise@0.000ns fall@5.000ns period=10.000ns})
  Path Group:             clk_pl_0
  Path Type:              Setup (Max at Slow Process Corner)
  Requirement:            10.000ns  (clk_pl_0 rise@10.000ns - clk_pl_0 rise@0.000ns)
  Data Path Delay:        7.083ns  (logic 2.192ns (30.949%)  route 4.891ns (69.051%))
  Logic Levels:           15  (CARRY8=9 LUT2=1 LUT3=2 LUT5=1 LUT6=2)
  Clock Path Skew:        -0.242ns (DCD - SCD + CPR)
    Destination Clock Delay (DCD):    2.856ns = ( 12.856 - 10.000 ) 
    Source Clock Delay      (SCD):    3.338ns
    Clock Pessimism Removal (CPR):    0.239ns
  Clock Uncertainty:      0.160ns  ((TSJ^2 + DJ^2)^1/2) / 2 + PE
    Total System Jitter     (TSJ):    0.071ns
    Discrete Jitter          (DJ):    0.312ns
    Phase Error              (PE):    0.000ns
  Clock Net Delay (Source):      3.071ns (routing 1.584ns, distribution 1.487ns)
  Clock Net Delay (Destination): 2.640ns (routing 1.450ns, distribution 1.190ns)

    Location             Delay type                Incr(ns)  Path(ns)    Netlist Resource(s)
  -------------------------------------------------------------------    -------------------
                         (clock clk_pl_0 rise edge)
                                                      0.000     0.000 r  
    PS8_X0Y0             PS8                          0.000     0.000 r  gemm_system_i/zynq_ultra_ps_e_0/inst/PS8_i/PLCLK[0]
                         net (fo=1, routed)           0.229     0.229    gemm_system_i/zynq_ultra_ps_e_0/inst/pl_clk_unbuffered[0]
    BUFG_PS_X0Y80        BUFG_PS (Prop_BUFG_PS_I_O)
                                                      0.038     0.267 r  gemm_system_i/zynq_ultra_ps_e_0/inst/buffer_pl_clk_0.PL_CLK_0_BUFG/O
    X1Y1 (CLOCK_ROOT)    net (fo=32898, routed)       3.071     3.338    gemm_system_i/gemm_l2_axi_lite_regs_0/inst/S_AXI_ACLK
    SLICE_X18Y91         FDRE                                         r  gemm_system_i/gemm_l2_axi_lite_regs_0/inst/r_scale_shift_reg[3]/C
  -------------------------------------------------------------------    -------------------
    SLICE_X18Y91         FDRE (Prop_FFF_SLICEM_C_Q)
                                                      0.112     3.450 r  gemm_system_i/gemm_l2_axi_lite_regs_0/inst/r_scale_shift_reg[3]/Q
                         net (fo=1185, routed)        2.418     5.868    gemm_system_i/gemm_top_l2_0/inst/u_l2_v3/u_rescale/cfg_scale_shift[3]
    SLICE_X42Y63         LUT6 (Prop_A6LUT_SLICEL_I1_O)
                                                      0.152     6.020 r  gemm_system_i/gemm_top_l2_0/inst/u_l2_v3/u_rescale/m_axis_tdata[63]_i_215/O
                         net (fo=1, routed)           0.014     6.034    gemm_system_i/gemm_top_l2_0/inst/u_l2_v3/u_rescale/m_axis_tdata[63]_i_215_n_0
    SLICE_X42Y63         CARRY8 (Prop_CARRY8_SLICEL_S[0]_CO[7])
                                                      0.278     6.312 r  gemm_system_i/gemm_top_l2_0/inst/u_l2_v3/u_rescale/m_axis_tdata_reg[63]_i_138/CO[7]
                         net (fo=1, routed)           0.030     6.342    gemm_system_i/gemm_top_l2_0/inst/u_l2_v3/u_rescale/m_axis_tdata_reg[63]_i_138_n_0
    SLICE_X42Y64         CARRY8 (Prop_CARRY8_SLICEL_CI_CO[7])
                                                      0.065     6.407 r  gemm_system_i/gemm_top_l2_0/inst/u_l2_v3/u_rescale/m_axis_tdata_reg[63]_i_137/CO[7]
                         net (fo=1, routed)           0.030     6.437    gemm_system_i/gemm_top_l2_0/inst/u_l2_v3/u_rescale/m_axis_tdata_reg[63]_i_137_n_0
    SLICE_X42Y65         CARRY8 (Prop_CARRY8_SLICEL_CI_CO[7])
                                                      0.065     6.502 r  gemm_system_i/gemm_top_l2_0/inst/u_l2_v3/u_rescale/m_axis_tdata_reg[63]_i_135/CO[7]
                         net (fo=1, routed)           0.030     6.532    gemm_system_i/gemm_top_l2_0/inst/u_l2_v3/u_rescale/m_axis_tdata_reg[63]_i_135_n_0
    SLICE_X42Y66         CARRY8 (Prop_CARRY8_SLICEL_CI_CO[7])
                                                      0.065     6.597 r  gemm_system_i/gemm_top_l2_0/inst/u_l2_v3/u_rescale/m_axis_tdata_reg[63]_i_136/CO[7]
                         net (fo=1, routed)           0.030     6.627    gemm_system_i/gemm_top_l2_0/inst/u_l2_v3/u_rescale/m_axis_tdata_reg[63]_i_136_n_0
    SLICE_X42Y67         CARRY8 (Prop_CARRY8_SLICEL_CI_O[0])
                                                      0.078     6.705 r  gemm_system_i/gemm_top_l2_0/inst/u_l2_v3/u_rescale/m_axis_tdata_reg[63]_i_134/O[0]
                         net (fo=6, routed)           0.520     7.225    gemm_system_i/gemm_top_l2_0/inst/u_l2_v3/u_rescale/w_rnd[7]_1407[32]
    SLICE_X41Y61         LUT5 (Prop_E6LUT_SLICEM_I0_O)
                                                      0.187     7.412 r  gemm_system_i/gemm_top_l2_0/inst/u_l2_v3/u_rescale/m_axis_tdata[63]_i_223/O
                         net (fo=6, routed)           0.462     7.874    gemm_system_i/gemm_top_l2_0/inst/u_l2_v3/u_rescale/m_axis_tdata[63]_i_223_n_0
    SLICE_X37Y65         LUT6 (Prop_H6LUT_SLICEM_I0_O)
                                                      0.189     8.063 r  gemm_system_i/gemm_top_l2_0/inst/u_l2_v3/u_rescale/m_axis_tdata[63]_i_174/O
                         net (fo=4, routed)           0.113     8.176    gemm_system_i/gemm_top_l2_0/inst/u_l2_v3/u_rescale/m_axis_tdata[63]_i_174_n_0
    SLICE_X37Y64         LUT3 (Prop_D6LUT_SLICEM_I0_O)
                                                      0.185     8.361 r  gemm_system_i/gemm_top_l2_0/inst/u_l2_v3/u_rescale/m_axis_tdata[63]_i_123/O
                         net (fo=1, routed)           0.362     8.723    gemm_system_i/gemm_top_l2_0/inst/u_l2_v3/u_rescale/w_shr[7]_1375[17]
    SLICE_X40Y64         CARRY8 (Prop_CARRY8_SLICEM_DI[2]_CO[7])
                                                      0.164     8.887 r  gemm_system_i/gemm_top_l2_0/inst/u_l2_v3/u_rescale/m_axis_tdata_reg[63]_i_67/CO[7]
                         net (fo=1, routed)           0.030     8.917    gemm_system_i/gemm_top_l2_0/inst/u_l2_v3/u_rescale/m_axis_tdata_reg[63]_i_67_n_0
    SLICE_X40Y65         CARRY8 (Prop_CARRY8_SLICEM_CI_CO[7])
                                                      0.065     8.982 r  gemm_system_i/gemm_top_l2_0/inst/u_l2_v3/u_rescale/m_axis_tdata_reg[63]_i_66/CO[7]
                         net (fo=1, routed)           0.030     9.012    gemm_system_i/gemm_top_l2_0/inst/u_l2_v3/u_rescale/m_axis_tdata_reg[63]_i_66_n_0
    SLICE_X40Y66         CARRY8 (Prop_CARRY8_SLICEM_CI_O[1])
                                                      0.106     9.118 f  gemm_system_i/gemm_top_l2_0/inst/u_l2_v3/u_rescale/m_axis_tdata_reg[63]_i_65/O[1]
                         net (fo=4, routed)           0.279     9.397    gemm_system_i/gemm_top_l2_0/inst/u_l2_v3/u_rescale/m_axis_tdata_reg[63]_i_65_n_14
    SLICE_X39Y65         LUT2 (Prop_F6LUT_SLICEL_I1_O)
                                                      0.150     9.547 r  gemm_system_i/gemm_top_l2_0/inst/u_l2_v3/u_rescale/m_axis_tdata[63]_i_33/O
                         net (fo=1, routed)           0.015     9.562    gemm_system_i/gemm_top_l2_0/inst/u_l2_v3/u_rescale/m_axis_tdata[63]_i_33_n_0
    SLICE_X39Y65         CARRY8 (Prop_CARRY8_SLICEL_S[5]_CO[5])
                                                      0.145     9.707 r  gemm_system_i/gemm_top_l2_0/inst/u_l2_v3/u_rescale/m_axis_tdata_reg[63]_i_4/CO[5]
                         net (fo=8, routed)           0.432    10.139    gemm_system_i/gemm_top_l2_0/inst/u_l2_v3/u_rescale/w_clamp[7]1
    SLICE_X35Y62         LUT3 (Prop_C6LUT_SLICEM_I0_O)
                                                      0.186    10.325 r  gemm_system_i/gemm_top_l2_0/inst/u_l2_v3/u_rescale/m_axis_tdata[61]_i_1/O
                         net (fo=1, routed)           0.095    10.420    gemm_system_i/gemm_top_l2_0/inst/u_l2_v3/u_rescale/w_clamp[7]_1391[5]
    SLICE_X35Y62         FDRE                                         r  gemm_system_i/gemm_top_l2_0/inst/u_l2_v3/u_rescale/m_axis_tdata_reg[61]/D
  -------------------------------------------------------------------    -------------------

                         (clock clk_pl_0 rise edge)
                                                     10.000    10.000 r  
    PS8_X0Y0             PS8                          0.000    10.000 r  gemm_system_i/zynq_ultra_ps_e_0/inst/PS8_i/PLCLK[0]
                         net (fo=1, routed)           0.181    10.181    gemm_system_i/zynq_ultra_ps_e_0/inst/pl_clk_unbuffered[0]
    BUFG_PS_X0Y80        BUFG_PS (Prop_BUFG_PS_I_O)
                                                      0.035    10.216 r  gemm_system_i/zynq_ultra_ps_e_0/inst/buffer_pl_clk_0.PL_CLK_0_BUFG/O
    X1Y1 (CLOCK_ROOT)    net (fo=32898, routed)       2.640    12.856    gemm_system_i/gemm_top_l2_0/inst/u_l2_v3/u_rescale/aclk
    SLICE_X35Y62         FDRE                                         r  gemm_system_i/gemm_top_l2_0/inst/u_l2_v3/u_rescale/m_axis_tdata_reg[61]/C
                         clock pessimism              0.239    13.095    
                         clock uncertainty           -0.160    12.935    
    SLICE_X35Y62         FDRE (Setup_CFF_SLICEM_C_D)
                                                      0.043    12.978    gemm_system_i/gemm_top_l2_0/inst/u_l2_v3/u_rescale/m_axis_tdata_reg[61]
  -------------------------------------------------------------------
                         required time                         12.978    
                         arrival time                         -10.420    
  -------------------------------------------------------------------
                         slack                                  2.558    

Slack (MET) :             2.609ns  (required time - arrival time)
  Source:                 gemm_system_i/gemm_l2_axi_lite_regs_0/inst/r_scale_shift_reg[3]/C
                            (rising edge-triggered cell FDRE clocked by clk_pl_0  {rise@0.000ns fall@5.000ns period=10.000ns})
  Destination:            gemm_system_i/gemm_top_l2_0/inst/u_l2_v3/u_rescale/m_axis_tdata_reg[62]/D
                            (rising edge-triggered cell FDRE clocked by clk_pl_0  {rise@0.000ns fall@5.000ns period=10.000ns})
  Path Group:             clk_pl_0
  Path Type:              Setup (Max at Slow Process Corner)
  Requirement:            10.000ns  (clk_pl_0 rise@10.000ns - clk_pl_0 rise@0.000ns)
  Data Path Delay:        7.034ns  (logic 2.199ns (31.264%)  route 4.835ns (68.736%))
  Logic Levels:           15  (CARRY8=9 LUT2=1 LUT3=2 LUT5=1 LUT6=2)
  Clock Path Skew:        -0.242ns (DCD - SCD + CPR)
    Destination Clock Delay (DCD):    2.856ns = ( 12.856 - 10.000 ) 
    Source Clock Delay      (SCD):    3.338ns
    Clock Pessimism Removal (CPR):    0.239ns
  Clock Uncertainty:      0.160ns  ((TSJ^2 + DJ^2)^1/2) / 2 + PE
    Total System Jitter     (TSJ):    0.071ns
    Discrete Jitter          (DJ):    0.312ns
    Phase Error              (PE):    0.000ns
  Clock Net Delay (Source):      3.071ns (routing 1.584ns, distribution 1.487ns)
  Clock Net Delay (Destination): 2.640ns (routing 1.450ns, distribution 1.190ns)

    Location             Delay type                Incr(ns)  Path(ns)    Netlist Resource(s)
  -------------------------------------------------------------------    -------------------
                         (clock clk_pl_0 rise edge)
                                                      0.000     0.000 r  
    PS8_X0Y0             PS8                          0.000     0.000 r  gemm_system_i/zynq_ultra_ps_e_0/inst/PS8_i/PLCLK[0]
                         net (fo=1, routed)           0.229     0.229    gemm_system_i/zynq_ultra_ps_e_0/inst/pl_clk_unbuffered[0]
    BUFG_PS_X0Y80        BUFG_PS (Prop_BUFG_PS_I_O)
                                                      0.038     0.267 r  gemm_system_i/zynq_ultra_ps_e_0/inst/buffer_pl_clk_0.PL_CLK_0_BUFG/O
    X1Y1 (CLOCK_ROOT)    net (fo=32898, routed)       3.071     3.338    gemm_system_i/gemm_l2_axi_lite_regs_0/inst/S_AXI_ACLK
    SLICE_X18Y91         FDRE                                         r  gemm_system_i/gemm_l2_axi_lite_regs_0/inst/r_scale_shift_reg[3]/C
  -------------------------------------------------------------------    -------------------
    SLICE_X18Y91         FDRE (Prop_FFF_SLICEM_C_Q)
                                                      0.112     3.450 r  gemm_system_i/gemm_l2_axi_lite_regs_0/inst/r_scale_shift_reg[3]/Q
                         net (fo=1185, routed)        2.418     5.868    gemm_system_i/gemm_top_l2_0/inst/u_l2_v3/u_rescale/cfg_scale_shift[3]
    SLICE_X42Y63         LUT6 (Prop_A6LUT_SLICEL_I1_O)
                                                      0.152     6.020 r  gemm_system_i/gemm_top_l2_0/inst/u_l2_v3/u_rescale/m_axis_tdata[63]_i_215/O
                         net (fo=1, routed)           0.014     6.034    gemm_system_i/gemm_top_l2_0/inst/u_l2_v3/u_rescale/m_axis_tdata[63]_i_215_n_0
    SLICE_X42Y63         CARRY8 (Prop_CARRY8_SLICEL_S[0]_CO[7])
                                                      0.278     6.312 r  gemm_system_i/gemm_top_l2_0/inst/u_l2_v3/u_rescale/m_axis_tdata_reg[63]_i_138/CO[7]
                         net (fo=1, routed)           0.030     6.342    gemm_system_i/gemm_top_l2_0/inst/u_l2_v3/u_rescale/m_axis_tdata_reg[63]_i_138_n_0
    SLICE_X42Y64         CARRY8 (Prop_CARRY8_SLICEL_CI_CO[7])
                                                      0.065     6.407 r  gemm_system_i/gemm_top_l2_0/inst/u_l2_v3/u_rescale/m_axis_tdata_reg[63]_i_137/CO[7]
                         net (fo=1, routed)           0.030     6.437    gemm_system_i/gemm_top_l2_0/inst/u_l2_v3/u_rescale/m_axis_tdata_reg[63]_i_137_n_0
    SLICE_X42Y65         CARRY8 (Prop_CARRY8_SLICEL_CI_CO[7])
                                                      0.065     6.502 r  gemm_system_i/gemm_top_l2_0/inst/u_l2_v3/u_rescale/m_axis_tdata_reg[63]_i_135/CO[7]
                         net (fo=1, routed)           0.030     6.532    gemm_system_i/gemm_top_l2_0/inst/u_l2_v3/u_rescale/m_axis_tdata_reg[63]_i_135_n_0
    SLICE_X42Y66         CARRY8 (Prop_CARRY8_SLICEL_CI_CO[7])
                                                      0.065     6.597 r  gemm_system_i/gemm_top_l2_0/inst/u_l2_v3/u_rescale/m_axis_tdata_reg[63]_i_136/CO[7]
                         net (fo=1, routed)           0.030     6.627    gemm_system_i/gemm_top_l2_0/inst/u_l2_v3/u_rescale/m_axis_tdata_reg[63]_i_136_n_0
    SLICE_X42Y67         CARRY8 (Prop_CARRY8_SLICEL_CI_O[0])
                                                      0.078     6.705 r  gemm_system_i/gemm_top_l2_0/inst/u_l2_v3/u_rescale/m_axis_tdata_reg[63]_i_134/O[0]
                         net (fo=6, routed)           0.520     7.225    gemm_system_i/gemm_top_l2_0/inst/u_l2_v3/u_rescale/w_rnd[7]_1407[32]
    SLICE_X41Y61         LUT5 (Prop_E6LUT_SLICEM_I0_O)
                                                      0.187     7.412 r  gemm_system_i/gemm_top_l2_0/inst/u_l2_v3/u_rescale/m_axis_tdata[63]_i_223/O
                         net (fo=6, routed)           0.462     7.874    gemm_system_i/gemm_top_l2_0/inst/u_l2_v3/u_rescale/m_axis_tdata[63]_i_223_n_0
    SLICE_X37Y65         LUT6 (Prop_H6LUT_SLICEM_I0_O)
                                                      0.189     8.063 r  gemm_system_i/gemm_top_l2_0/inst/u_l2_v3/u_rescale/m_axis_tdata[63]_i_174/O
                         net (fo=4, routed)           0.113     8.176    gemm_system_i/gemm_top_l2_0/inst/u_l2_v3/u_rescale/m_axis_tdata[63]_i_174_n_0
    SLICE_X37Y64         LUT3 (Prop_D6LUT_SLICEM_I0_O)
                                                      0.185     8.361 r  gemm_system_i/gemm_top_l2_0/inst/u_l2_v3/u_rescale/m_axis_tdata[63]_i_123/O
                         net (fo=1, routed)           0.362     8.723    gemm_system_i/gemm_top_l2_0/inst/u_l2_v3/u_rescale/w_shr[7]_1375[17]
    SLICE_X40Y64         CARRY8 (Prop_CARRY8_SLICEM_DI[2]_CO[7])
                                                      0.164     8.887 r  gemm_system_i/gemm_top_l2_0/inst/u_l2_v3/u_rescale/m_axis_tdata_reg[63]_i_67/CO[7]
                         net (fo=1, routed)           0.030     8.917    gemm_system_i/gemm_top_l2_0/inst/u_l2_v3/u_rescale/m_axis_tdata_reg[63]_i_67_n_0
    SLICE_X40Y65         CARRY8 (Prop_CARRY8_SLICEM_CI_CO[7])
                                                      0.065     8.982 r  gemm_system_i/gemm_top_l2_0/inst/u_l2_v3/u_rescale/m_axis_tdata_reg[63]_i_66/CO[7]
                         net (fo=1, routed)           0.030     9.012    gemm_system_i/gemm_top_l2_0/inst/u_l2_v3/u_rescale/m_axis_tdata_reg[63]_i_66_n_0
    SLICE_X40Y66         CARRY8 (Prop_CARRY8_SLICEM_CI_O[1])
                                                      0.106     9.118 f  gemm_system_i/gemm_top_l2_0/inst/u_l2_v3/u_rescale/m_axis_tdata_reg[63]_i_65/O[1]
                         net (fo=4, routed)           0.279     9.397    gemm_system_i/gemm_top_l2_0/inst/u_l2_v3/u_rescale/m_axis_tdata_reg[63]_i_65_n_14
    SLICE_X39Y65         LUT2 (Prop_F6LUT_SLICEL_I1_O)
                                                      0.150     9.547 r  gemm_system_i/gemm_top_l2_0/inst/u_l2_v3/u_rescale/m_axis_tdata[63]_i_33/O
                         net (fo=1, routed)           0.015     9.562    gemm_system_i/gemm_top_l2_0/inst/u_l2_v3/u_rescale/m_axis_tdata[63]_i_33_n_0
    SLICE_X39Y65         CARRY8 (Prop_CARRY8_SLICEL_S[5]_CO[5])
                                                      0.145     9.707 r  gemm_system_i/gemm_top_l2_0/inst/u_l2_v3/u_rescale/m_axis_tdata_reg[63]_i_4/CO[5]
                         net (fo=8, routed)           0.432    10.139    gemm_system_i/gemm_top_l2_0/inst/u_l2_v3/u_rescale/w_clamp[7]1
    SLICE_X35Y62         LUT3 (Prop_C5LUT_SLICEM_I0_O)
                                                      0.193    10.332 r  gemm_system_i/gemm_top_l2_0/inst/u_l2_v3/u_rescale/m_axis_tdata[62]_i_1/O
                         net (fo=1, routed)           0.039    10.371    gemm_system_i/gemm_top_l2_0/inst/u_l2_v3/u_rescale/w_clamp[7]_1391[6]
    SLICE_X35Y62         FDRE                                         r  gemm_system_i/gemm_top_l2_0/inst/u_l2_v3/u_rescale/m_axis_tdata_reg[62]/D
  -------------------------------------------------------------------    -------------------

                         (clock clk_pl_0 rise edge)
                                                     10.000    10.000 r  
    PS8_X0Y0             PS8                          0.000    10.000 r  gemm_system_i/zynq_ultra_ps_e_0/inst/PS8_i/PLCLK[0]
                         net (fo=1, routed)           0.181    10.181    gemm_system_i/zynq_ultra_ps_e_0/inst/pl_clk_unbuffered[0]
    BUFG_PS_X0Y80        BUFG_PS (Prop_BUFG_PS_I_O)
                                                      0.035    10.216 r  gemm_system_i/zynq_ultra_ps_e_0/inst/buffer_pl_clk_0.PL_CLK_0_BUFG/O
    X1Y1 (CLOCK_ROOT)    net (fo=32898, routed)       2.640    12.856    gemm_system_i/gemm_top_l2_0/inst/u_l2_v3/u_rescale/aclk
    SLICE_X35Y62         FDRE                                         r  gemm_system_i/gemm_top_l2_0/inst/u_l2_v3/u_rescale/m_axis_tdata_reg[62]/C
                         clock pessimism              0.239    13.095    
                         clock uncertainty           -0.160    12.935    
    SLICE_X35Y62         FDRE (Setup_CFF2_SLICEM_C_D)
                                                      0.045    12.980    gemm_system_i/gemm_top_l2_0/inst/u_l2_v3/u_rescale/m_axis_tdata_reg[62]
  -------------------------------------------------------------------
                         required time                         12.980    
                         arrival time                         -10.371    
  -------------------------------------------------------------------
                         slack                                  2.609    

Slack (MET) :             2.614ns  (required time - arrival time)
  Source:                 gemm_system_i/gemm_l2_axi_lite_regs_0/inst/r_scale_shift_reg[3]/C
                            (rising edge-triggered cell FDRE clocked by clk_pl_0  {rise@0.000ns fall@5.000ns period=10.000ns})
  Destination:            gemm_system_i/gemm_top_l2_0/inst/u_l2_v3/u_rescale/m_axis_tdata_reg[59]/D
                            (rising edge-triggered cell FDRE clocked by clk_pl_0  {rise@0.000ns fall@5.000ns period=10.000ns})
  Path Group:             clk_pl_0
  Path Type:              Setup (Max at Slow Process Corner)
  Requirement:            10.000ns  (clk_pl_0 rise@10.000ns - clk_pl_0 rise@0.000ns)
  Data Path Delay:        7.027ns  (logic 2.191ns (31.182%)  route 4.836ns (68.818%))
  Logic Levels:           15  (CARRY8=9 LUT2=1 LUT3=2 LUT5=1 LUT6=2)
  Clock Path Skew:        -0.242ns (DCD - SCD + CPR)
    Destination Clock Delay (DCD):    2.856ns = ( 12.856 - 10.000 ) 
    Source Clock Delay      (SCD):    3.338ns
    Clock Pessimism Removal (CPR):    0.239ns
  Clock Uncertainty:      0.160ns  ((TSJ^2 + DJ^2)^1/2) / 2 + PE
    Total System Jitter     (TSJ):    0.071ns
    Discrete Jitter          (DJ):    0.312ns
    Phase Error              (PE):    0.000ns
  Clock Net Delay (Source):      3.071ns (routing 1.584ns, distribution 1.487ns)
  Clock Net Delay (Destination): 2.640ns (routing 1.450ns, distribution 1.190ns)

    Location             Delay type                Incr(ns)  Path(ns)    Netlist Resource(s)
  -------------------------------------------------------------------    -------------------
                         (clock clk_pl_0 rise edge)
                                                      0.000     0.000 r  
    PS8_X0Y0             PS8                          0.000     0.000 r  gemm_system_i/zynq_ultra_ps_e_0/inst/PS8_i/PLCLK[0]
                         net (fo=1, routed)           0.229     0.229    gemm_system_i/zynq_ultra_ps_e_0/inst/pl_clk_unbuffered[0]
    BUFG_PS_X0Y80        BUFG_PS (Prop_BUFG_PS_I_O)
                                                      0.038     0.267 r  gemm_system_i/zynq_ultra_ps_e_0/inst/buffer_pl_clk_0.PL_CLK_0_BUFG/O
    X1Y1 (CLOCK_ROOT)    net (fo=32898, routed)       3.071     3.338    gemm_system_i/gemm_l2_axi_lite_regs_0/inst/S_AXI_ACLK
    SLICE_X18Y91         FDRE                                         r  gemm_system_i/gemm_l2_axi_lite_regs_0/inst/r_scale_shift_reg[3]/C
  -------------------------------------------------------------------    -------------------
    SLICE_X18Y91         FDRE (Prop_FFF_SLICEM_C_Q)
                                                      0.112     3.450 r  gemm_system_i/gemm_l2_axi_lite_regs_0/inst/r_scale_shift_reg[3]/Q
                         net (fo=1185, routed)        2.418     5.868    gemm_system_i/gemm_top_l2_0/inst/u_l2_v3/u_rescale/cfg_scale_shift[3]
    SLICE_X42Y63         LUT6 (Prop_A6LUT_SLICEL_I1_O)
                                                      0.152     6.020 r  gemm_system_i/gemm_top_l2_0/inst/u_l2_v3/u_rescale/m_axis_tdata[63]_i_215/O
                         net (fo=1, routed)           0.014     6.034    gemm_system_i/gemm_top_l2_0/inst/u_l2_v3/u_rescale/m_axis_tdata[63]_i_215_n_0
    SLICE_X42Y63         CARRY8 (Prop_CARRY8_SLICEL_S[0]_CO[7])
                                                      0.278     6.312 r  gemm_system_i/gemm_top_l2_0/inst/u_l2_v3/u_rescale/m_axis_tdata_reg[63]_i_138/CO[7]
                         net (fo=1, routed)           0.030     6.342    gemm_system_i/gemm_top_l2_0/inst/u_l2_v3/u_rescale/m_axis_tdata_reg[63]_i_138_n_0
    SLICE_X42Y64         CARRY8 (Prop_CARRY8_SLICEL_CI_CO[7])
                                                      0.065     6.407 r  gemm_system_i/gemm_top_l2_0/inst/u_l2_v3/u_rescale/m_axis_tdata_reg[63]_i_137/CO[7]
                         net (fo=1, routed)           0.030     6.437    gemm_system_i/gemm_top_l2_0/inst/u_l2_v3/u_rescale/m_axis_tdata_reg[63]_i_137_n_0
    SLICE_X42Y65         CARRY8 (Prop_CARRY8_SLICEL_CI_CO[7])
                                                      0.065     6.502 r  gemm_system_i/gemm_top_l2_0/inst/u_l2_v3/u_rescale/m_axis_tdata_reg[63]_i_135/CO[7]
                         net (fo=1, routed)           0.030     6.532    gemm_system_i/gemm_top_l2_0/inst/u_l2_v3/u_rescale/m_axis_tdata_reg[63]_i_135_n_0
    SLICE_X42Y66         CARRY8 (Prop_CARRY8_SLICEL_CI_CO[7])
                                                      0.065     6.597 r  gemm_system_i/gemm_top_l2_0/inst/u_l2_v3/u_rescale/m_axis_tdata_reg[63]_i_136/CO[7]
                         net (fo=1, routed)           0.030     6.627    gemm_system_i/gemm_top_l2_0/inst/u_l2_v3/u_rescale/m_axis_tdata_reg[63]_i_136_n_0
    SLICE_X42Y67         CARRY8 (Prop_CARRY8_SLICEL_CI_O[0])
                                                      0.078     6.705 r  gemm_system_i/gemm_top_l2_0/inst/u_l2_v3/u_rescale/m_axis_tdata_reg[63]_i_134/O[0]
                         net (fo=6, routed)           0.520     7.225    gemm_system_i/gemm_top_l2_0/inst/u_l2_v3/u_rescale/w_rnd[7]_1407[32]
    SLICE_X41Y61         LUT5 (Prop_E6LUT_SLICEM_I0_O)
                                                      0.187     7.412 r  gemm_system_i/gemm_top_l2_0/inst/u_l2_v3/u_rescale/m_axis_tdata[63]_i_223/O
                         net (fo=6, routed)           0.462     7.874    gemm_system_i/gemm_top_l2_0/inst/u_l2_v3/u_rescale/m_axis_tdata[63]_i_223_n_0
    SLICE_X37Y65         LUT6 (Prop_H6LUT_SLICEM_I0_O)
                                                      0.189     8.063 r  gemm_system_i/gemm_top_l2_0/inst/u_l2_v3/u_rescale/m_axis_tdata[63]_i_174/O
                         net (fo=4, routed)           0.113     8.176    gemm_system_i/gemm_top_l2_0/inst/u_l2_v3/u_rescale/m_axis_tdata[63]_i_174_n_0
    SLICE_X37Y64         LUT3 (Prop_D6LUT_SLICEM_I0_O)
                                                      0.185     8.361 r  gemm_system_i/gemm_top_l2_0/inst/u_l2_v3/u_rescale/m_axis_tdata[63]_i_123/O
                         net (fo=1, routed)           0.362     8.723    gemm_system_i/gemm_top_l2_0/inst/u_l2_v3/u_rescale/w_shr[7]_1375[17]
    SLICE_X40Y64         CARRY8 (Prop_CARRY8_SLICEM_DI[2]_CO[7])
                                                      0.164     8.887 r  gemm_system_i/gemm_top_l2_0/inst/u_l2_v3/u_rescale/m_axis_tdata_reg[63]_i_67/CO[7]
                         net (fo=1, routed)           0.030     8.917    gemm_system_i/gemm_top_l2_0/inst/u_l2_v3/u_rescale/m_axis_tdata_reg[63]_i_67_n_0
    SLICE_X40Y65         CARRY8 (Prop_CARRY8_SLICEM_CI_CO[7])
                                                      0.065     8.982 r  gemm_system_i/gemm_top_l2_0/inst/u_l2_v3/u_rescale/m_axis_tdata_reg[63]_i_66/CO[7]
                         net (fo=1, routed)           0.030     9.012    gemm_system_i/gemm_top_l2_0/inst/u_l2_v3/u_rescale/m_axis_tdata_reg[63]_i_66_n_0
    SLICE_X40Y66         CARRY8 (Prop_CARRY8_SLICEM_CI_O[1])
                                                      0.106     9.118 f  gemm_system_i/gemm_top_l2_0/inst/u_l2_v3/u_rescale/m_axis_tdata_reg[63]_i_65/O[1]
                         net (fo=4, routed)           0.279     9.397    gemm_system_i/gemm_top_l2_0/inst/u_l2_v3/u_rescale/m_axis_tdata_reg[63]_i_65_n_14
    SLICE_X39Y65         LUT2 (Prop_F6LUT_SLICEL_I1_O)
                                                      0.150     9.547 r  gemm_system_i/gemm_top_l2_0/inst/u_l2_v3/u_rescale/m_axis_tdata[63]_i_33/O
                         net (fo=1, routed)           0.015     9.562    gemm_system_i/gemm_top_l2_0/inst/u_l2_v3/u_rescale/m_axis_tdata[63]_i_33_n_0
    SLICE_X39Y65         CARRY8 (Prop_CARRY8_SLICEL_S[5]_CO[5])
                                                      0.145     9.707 r  gemm_system_i/gemm_top_l2_0/inst/u_l2_v3/u_rescale/m_axis_tdata_reg[63]_i_4/CO[5]
                         net (fo=8, routed)           0.376    10.083    gemm_system_i/gemm_top_l2_0/inst/u_l2_v3/u_rescale/w_clamp[7]1
    SLICE_X35Y62         LUT3 (Prop_D6LUT_SLICEM_I0_O)
                                                      0.185    10.268 r  gemm_system_i/gemm_top_l2_0/inst/u_l2_v3/u_rescale/m_axis_tdata[59]_i_1/O
                         net (fo=1, routed)           0.096    10.364    gemm_system_i/gemm_top_l2_0/inst/u_l2_v3/u_rescale/w_clamp[7]_1391[3]
    SLICE_X35Y62         FDRE                                         r  gemm_system_i/gemm_top_l2_0/inst/u_l2_v3/u_rescale/m_axis_tdata_reg[59]/D
  -------------------------------------------------------------------    -------------------

                         (clock clk_pl_0 rise edge)
                                                     10.000    10.000 r  
    PS8_X0Y0             PS8                          0.000    10.000 r  gemm_system_i/zynq_ultra_ps_e_0/inst/PS8_i/PLCLK[0]
                         net (fo=1, routed)           0.181    10.181    gemm_system_i/zynq_ultra_ps_e_0/inst/pl_clk_unbuffered[0]
    BUFG_PS_X0Y80        BUFG_PS (Prop_BUFG_PS_I_O)
                                                      0.035    10.216 r  gemm_system_i/zynq_ultra_ps_e_0/inst/buffer_pl_clk_0.PL_CLK_0_BUFG/O
    X1Y1 (CLOCK_ROOT)    net (fo=32898, routed)       2.640    12.856    gemm_system_i/gemm_top_l2_0/inst/u_l2_v3/u_rescale/aclk
    SLICE_X35Y62         FDRE                                         r  gemm_system_i/gemm_top_l2_0/inst/u_l2_v3/u_rescale/m_axis_tdata_reg[59]/C
                         clock pessimism              0.239    13.095    
                         clock uncertainty           -0.160    12.935    
    SLICE_X35Y62         FDRE (Setup_DFF_SLICEM_C_D)
                                                      0.043    12.978    gemm_system_i/gemm_top_l2_0/inst/u_l2_v3/u_rescale/m_axis_tdata_reg[59]
  -------------------------------------------------------------------
                         required time                         12.978    
                         arrival time                         -10.364    
  -------------------------------------------------------------------
                         slack                                  2.614    

Slack (MET) :             2.647ns  (required time - arrival time)
  Source:                 gemm_system_i/gemm_l2_axi_lite_regs_0/inst/r_scale_shift_reg[3]/C
                            (rising edge-triggered cell FDRE clocked by clk_pl_0  {rise@0.000ns fall@5.000ns period=10.000ns})
  Destination:            gemm_system_i/gemm_top_l2_0/inst/u_l2_v3/u_rescale/m_axis_tdata_reg[103]/D
                            (rising edge-triggered cell FDRE clocked by clk_pl_0  {rise@0.000ns fall@5.000ns period=10.000ns})
  Path Group:             clk_pl_0
  Path Type:              Setup (Max at Slow Process Corner)
  Requirement:            10.000ns  (clk_pl_0 rise@10.000ns - clk_pl_0 rise@0.000ns)
  Data Path Delay:        7.118ns  (logic 2.049ns (28.785%)  route 5.069ns (71.215%))
  Logic Levels:           14  (CARRY8=8 LUT2=1 LUT3=1 LUT4=1 LUT6=3)
  Clock Path Skew:        -0.119ns (DCD - SCD + CPR)
    Destination Clock Delay (DCD):    2.977ns = ( 12.977 - 10.000 ) 
    Source Clock Delay      (SCD):    3.338ns
    Clock Pessimism Removal (CPR):    0.242ns
  Clock Uncertainty:      0.160ns  ((TSJ^2 + DJ^2)^1/2) / 2 + PE
    Total System Jitter     (TSJ):    0.071ns
    Discrete Jitter          (DJ):    0.312ns
    Phase Error              (PE):    0.000ns
  Clock Net Delay (Source):      3.071ns (routing 1.584ns, distribution 1.487ns)
  Clock Net Delay (Destination): 2.761ns (routing 1.450ns, distribution 1.311ns)

    Location             Delay type                Incr(ns)  Path(ns)    Netlist Resource(s)
  -------------------------------------------------------------------    -------------------
                         (clock clk_pl_0 rise edge)
                                                      0.000     0.000 r  
    PS8_X0Y0             PS8                          0.000     0.000 r  gemm_system_i/zynq_ultra_ps_e_0/inst/PS8_i/PLCLK[0]
                         net (fo=1, routed)           0.229     0.229    gemm_system_i/zynq_ultra_ps_e_0/inst/pl_clk_unbuffered[0]
    BUFG_PS_X0Y80        BUFG_PS (Prop_BUFG_PS_I_O)
                                                      0.038     0.267 r  gemm_system_i/zynq_ultra_ps_e_0/inst/buffer_pl_clk_0.PL_CLK_0_BUFG/O
    X1Y1 (CLOCK_ROOT)    net (fo=32898, routed)       3.071     3.338    gemm_system_i/gemm_l2_axi_lite_regs_0/inst/S_AXI_ACLK
    SLICE_X18Y91         FDRE                                         r  gemm_system_i/gemm_l2_axi_lite_regs_0/inst/r_scale_shift_reg[3]/C
  -------------------------------------------------------------------    -------------------
    SLICE_X18Y91         FDRE (Prop_FFF_SLICEM_C_Q)
                                                      0.112     3.450 r  gemm_system_i/gemm_l2_axi_lite_regs_0/inst/r_scale_shift_reg[3]/Q
                         net (fo=1185, routed)        1.783     5.233    gemm_system_i/gemm_top_l2_0/inst/u_l2_v3/u_rescale/cfg_scale_shift[3]
    SLICE_X47Y70         LUT6 (Prop_A6LUT_SLICEL_I1_O)
                                                      0.225     5.458 r  gemm_system_i/gemm_top_l2_0/inst/u_l2_v3/u_rescale/m_axis_tdata[103]_i_207/O
                         net (fo=1, routed)           0.014     5.472    gemm_system_i/gemm_top_l2_0/inst/u_l2_v3/u_rescale/m_axis_tdata[103]_i_207_n_0
    SLICE_X47Y70         CARRY8 (Prop_CARRY8_SLICEL_S[0]_CO[7])
                                                      0.278     5.750 f  gemm_system_i/gemm_top_l2_0/inst/u_l2_v3/u_rescale/m_axis_tdata_reg[103]_i_137/CO[7]
                         net (fo=1, routed)           0.030     5.780    gemm_system_i/gemm_top_l2_0/inst/u_l2_v3/u_rescale/m_axis_tdata_reg[103]_i_137_n_0
    SLICE_X47Y71         CARRY8 (Prop_CARRY8_SLICEL_CI_CO[7])
                                                      0.065     5.845 f  gemm_system_i/gemm_top_l2_0/inst/u_l2_v3/u_rescale/m_axis_tdata_reg[103]_i_135/CO[7]
                         net (fo=1, routed)           0.030     5.875    gemm_system_i/gemm_top_l2_0/inst/u_l2_v3/u_rescale/m_axis_tdata_reg[103]_i_135_n_0
    SLICE_X47Y72         CARRY8 (Prop_CARRY8_SLICEL_CI_CO[7])
                                                      0.065     5.940 f  gemm_system_i/gemm_top_l2_0/inst/u_l2_v3/u_rescale/m_axis_tdata_reg[103]_i_136/CO[7]
                         net (fo=1, routed)           0.030     5.970    gemm_system_i/gemm_top_l2_0/inst/u_l2_v3/u_rescale/m_axis_tdata_reg[103]_i_136_n_0
    SLICE_X47Y73         CARRY8 (Prop_CARRY8_SLICEL_CI_CO[0])
                                                      0.074     6.044 f  gemm_system_i/gemm_top_l2_0/inst/u_l2_v3/u_rescale/m_axis_tdata_reg[103]_i_134/CO[0]
                         net (fo=36, routed)          0.610     6.654    gemm_system_i/gemm_top_l2_0/inst/u_l2_v3/u_rescale/m_axis_tdata_reg[103]_i_134_n_7
    SLICE_X42Y69         LUT6 (Prop_F6LUT_SLICEL_I0_O)
                                                      0.056     6.710 r  gemm_system_i/gemm_top_l2_0/inst/u_l2_v3/u_rescale/m_axis_tdata[103]_i_84/O
                         net (fo=4, routed)           0.729     7.440    gemm_system_i/gemm_top_l2_0/inst/u_l2_v3/u_rescale/m_axis_tdata[103]_i_84_n_0
    SLICE_X49Y67         LUT6 (Prop_C6LUT_SLICEL_I5_O)
                                                      0.056     7.496 r  gemm_system_i/gemm_top_l2_0/inst/u_l2_v3/u_rescale/m_axis_tdata[103]_i_221/O
                         net (fo=5, routed)           0.848     8.343    gemm_system_i/gemm_top_l2_0/inst/u_l2_v3/u_rescale/m_axis_tdata[103]_i_221_n_0
    SLICE_X43Y66         LUT4 (Prop_C6LUT_SLICEM_I0_O)
                                                      0.149     8.492 r  gemm_system_i/gemm_top_l2_0/inst/u_l2_v3/u_rescale/m_axis_tdata[103]_i_152/O
                         net (fo=1, routed)           0.029     8.521    gemm_system_i/gemm_top_l2_0/inst/u_l2_v3/u_rescale/m_axis_tdata[103]_i_152_n_0
    SLICE_X43Y66         CARRY8 (Prop_CARRY8_SLICEM_S[2]_CO[7])
                                                      0.229     8.750 r  gemm_system_i/gemm_top_l2_0/inst/u_l2_v3/u_rescale/m_axis_tdata_reg[103]_i_98/CO[7]
                         net (fo=1, routed)           0.030     8.780    gemm_system_i/gemm_top_l2_0/inst/u_l2_v3/u_rescale/m_axis_tdata_reg[103]_i_98_n_0
    SLICE_X43Y67         CARRY8 (Prop_CARRY8_SLICEM_CI_O[0])
                                                      0.078     8.858 r  gemm_system_i/gemm_top_l2_0/inst/u_l2_v3/u_rescale/m_axis_tdata_reg[103]_i_67/O[0]
                         net (fo=4, routed)           0.601     9.459    gemm_system_i/gemm_top_l2_0/inst/u_l2_v3/u_rescale/m_axis_tdata_reg[103]_i_67_n_15
    SLICE_X47Y66         LUT2 (Prop_F6LUT_SLICEL_I0_O)
                                                      0.136     9.595 r  gemm_system_i/gemm_top_l2_0/inst/u_l2_v3/u_rescale/m_axis_tdata[103]_i_59/O
                         net (fo=1, routed)           0.015     9.610    gemm_system_i/gemm_top_l2_0/inst/u_l2_v3/u_rescale/m_axis_tdata[103]_i_59_n_0
    SLICE_X47Y66         CARRY8 (Prop_CARRY8_SLICEL_S[5]_CO[7])
                                                      0.232     9.842 r  gemm_system_i/gemm_top_l2_0/inst/u_l2_v3/u_rescale/m_axis_tdata_reg[103]_i_13/CO[7]
                         net (fo=1, routed)           0.030     9.872    gemm_system_i/gemm_top_l2_0/inst/u_l2_v3/u_rescale/m_axis_tdata_reg[103]_i_13_n_0
    SLICE_X47Y67         CARRY8 (Prop_CARRY8_SLICEL_CI_CO[5])
                                                      0.107     9.979 r  gemm_system_i/gemm_top_l2_0/inst/u_l2_v3/u_rescale/m_axis_tdata_reg[103]_i_3/CO[5]
                         net (fo=8, routed)           0.221    10.200    gemm_system_i/gemm_top_l2_0/inst/u_l2_v3/u_rescale/w_clamp[12]2
    SLICE_X48Y65         LUT3 (Prop_F6LUT_SLICEL_I1_O)
                                                      0.187    10.387 r  gemm_system_i/gemm_top_l2_0/inst/u_l2_v3/u_rescale/m_axis_tdata[103]_i_1/O
                         net (fo=1, routed)           0.069    10.456    gemm_system_i/gemm_top_l2_0/inst/u_l2_v3/u_rescale/m_axis_tdata[103]_i_1_n_0
    SLICE_X48Y65         FDRE                                         r  gemm_system_i/gemm_top_l2_0/inst/u_l2_v3/u_rescale/m_axis_tdata_reg[103]/D
  -------------------------------------------------------------------    -------------------

                         (clock clk_pl_0 rise edge)
                                                     10.000    10.000 r  
    PS8_X0Y0             PS8                          0.000    10.000 r  gemm_system_i/zynq_ultra_ps_e_0/inst/PS8_i/PLCLK[0]
                         net (fo=1, routed)           0.181    10.181    gemm_system_i/zynq_ultra_ps_e_0/inst/pl_clk_unbuffered[0]
    BUFG_PS_X0Y80        BUFG_PS (Prop_BUFG_PS_I_O)
                                                      0.035    10.216 r  gemm_system_i/zynq_ultra_ps_e_0/inst/buffer_pl_clk_0.PL_CLK_0_BUFG/O
    X1Y1 (CLOCK_ROOT)    net (fo=32898, routed)       2.761    12.977    gemm_system_i/gemm_top_l2_0/inst/u_l2_v3/u_rescale/aclk
    SLICE_X48Y65         FDRE                                         r  gemm_system_i/gemm_top_l2_0/inst/u_l2_v3/u_rescale/m_axis_tdata_reg[103]/C
                         clock pessimism              0.242    13.219    
                         clock uncertainty           -0.160    13.059    
    SLICE_X48Y65         FDRE (Setup_FFF_SLICEL_C_D)
                                                      0.044    13.103    gemm_system_i/gemm_top_l2_0/inst/u_l2_v3/u_rescale/m_axis_tdata_reg[103]
  -------------------------------------------------------------------
                         required time                         13.103    
                         arrival time                         -10.456    
  -------------------------------------------------------------------
                         slack                                  2.647    

Slack (MET) :             2.653ns  (required time - arrival time)
  Source:                 gemm_system_i/gemm_l2_axi_lite_regs_0/inst/r_scale_shift_reg[3]/C
                            (rising edge-triggered cell FDRE clocked by clk_pl_0  {rise@0.000ns fall@5.000ns period=10.000ns})
  Destination:            gemm_system_i/gemm_top_l2_0/inst/u_l2_v3/u_rescale/m_axis_tdata_reg[56]/D
                            (rising edge-triggered cell FDRE clocked by clk_pl_0  {rise@0.000ns fall@5.000ns period=10.000ns})
  Path Group:             clk_pl_0
  Path Type:              Setup (Max at Slow Process Corner)
  Requirement:            10.000ns  (clk_pl_0 rise@10.000ns - clk_pl_0 rise@0.000ns)
  Data Path Delay:        6.985ns  (logic 2.232ns (31.955%)  route 4.753ns (68.045%))
  Logic Levels:           14  (CARRY8=8 LUT2=1 LUT3=2 LUT5=1 LUT6=2)
  Clock Path Skew:        -0.246ns (DCD - SCD + CPR)
    Destination Clock Delay (DCD):    2.852ns = ( 12.852 - 10.000 ) 
    Source Clock Delay      (SCD):    3.338ns
    Clock Pessimism Removal (CPR):    0.239ns
  Clock Uncertainty:      0.160ns  ((TSJ^2 + DJ^2)^1/2) / 2 + PE
    Total System Jitter     (TSJ):    0.071ns
    Discrete Jitter          (DJ):    0.312ns
    Phase Error              (PE):    0.000ns
  Clock Net Delay (Source):      3.071ns (routing 1.584ns, distribution 1.487ns)
  Clock Net Delay (Destination): 2.636ns (routing 1.450ns, distribution 1.186ns)

    Location             Delay type                Incr(ns)  Path(ns)    Netlist Resource(s)
  -------------------------------------------------------------------    -------------------
                         (clock clk_pl_0 rise edge)
                                                      0.000     0.000 r  
    PS8_X0Y0             PS8                          0.000     0.000 r  gemm_system_i/zynq_ultra_ps_e_0/inst/PS8_i/PLCLK[0]
                         net (fo=1, routed)           0.229     0.229    gemm_system_i/zynq_ultra_ps_e_0/inst/pl_clk_unbuffered[0]
    BUFG_PS_X0Y80        BUFG_PS (Prop_BUFG_PS_I_O)
                                                      0.038     0.267 r  gemm_system_i/zynq_ultra_ps_e_0/inst/buffer_pl_clk_0.PL_CLK_0_BUFG/O
    X1Y1 (CLOCK_ROOT)    net (fo=32898, routed)       3.071     3.338    gemm_system_i/gemm_l2_axi_lite_regs_0/inst/S_AXI_ACLK
    SLICE_X18Y91         FDRE                                         r  gemm_system_i/gemm_l2_axi_lite_regs_0/inst/r_scale_shift_reg[3]/C
  -------------------------------------------------------------------    -------------------
    SLICE_X18Y91         FDRE (Prop_FFF_SLICEM_C_Q)
                                                      0.112     3.450 r  gemm_system_i/gemm_l2_axi_lite_regs_0/inst/r_scale_shift_reg[3]/Q
                         net (fo=1185, routed)        2.418     5.868    gemm_system_i/gemm_top_l2_0/inst/u_l2_v3/u_rescale/cfg_scale_shift[3]
    SLICE_X42Y63         LUT6 (Prop_A6LUT_SLICEL_I1_O)
                                                      0.152     6.020 r  gemm_system_i/gemm_top_l2_0/inst/u_l2_v3/u_rescale/m_axis_tdata[63]_i_215/O
                         net (fo=1, routed)           0.014     6.034    gemm_system_i/gemm_top_l2_0/inst/u_l2_v3/u_rescale/m_axis_tdata[63]_i_215_n_0
    SLICE_X42Y63         CARRY8 (Prop_CARRY8_SLICEL_S[0]_CO[7])
                                                      0.278     6.312 r  gemm_system_i/gemm_top_l2_0/inst/u_l2_v3/u_rescale/m_axis_tdata_reg[63]_i_138/CO[7]
                         net (fo=1, routed)           0.030     6.342    gemm_system_i/gemm_top_l2_0/inst/u_l2_v3/u_rescale/m_axis_tdata_reg[63]_i_138_n_0
    SLICE_X42Y64         CARRY8 (Prop_CARRY8_SLICEL_CI_CO[7])
                                                      0.065     6.407 r  gemm_system_i/gemm_top_l2_0/inst/u_l2_v3/u_rescale/m_axis_tdata_reg[63]_i_137/CO[7]
                         net (fo=1, routed)           0.030     6.437    gemm_system_i/gemm_top_l2_0/inst/u_l2_v3/u_rescale/m_axis_tdata_reg[63]_i_137_n_0
    SLICE_X42Y65         CARRY8 (Prop_CARRY8_SLICEL_CI_CO[7])
                                                      0.065     6.502 r  gemm_system_i/gemm_top_l2_0/inst/u_l2_v3/u_rescale/m_axis_tdata_reg[63]_i_135/CO[7]
                         net (fo=1, routed)           0.030     6.532    gemm_system_i/gemm_top_l2_0/inst/u_l2_v3/u_rescale/m_axis_tdata_reg[63]_i_135_n_0
    SLICE_X42Y66         CARRY8 (Prop_CARRY8_SLICEL_CI_CO[7])
                                                      0.065     6.597 r  gemm_system_i/gemm_top_l2_0/inst/u_l2_v3/u_rescale/m_axis_tdata_reg[63]_i_136/CO[7]
                         net (fo=1, routed)           0.030     6.627    gemm_system_i/gemm_top_l2_0/inst/u_l2_v3/u_rescale/m_axis_tdata_reg[63]_i_136_n_0
    SLICE_X42Y67         CARRY8 (Prop_CARRY8_SLICEL_CI_O[0])
                                                      0.078     6.705 r  gemm_system_i/gemm_top_l2_0/inst/u_l2_v3/u_rescale/m_axis_tdata_reg[63]_i_134/O[0]
                         net (fo=6, routed)           0.520     7.225    gemm_system_i/gemm_top_l2_0/inst/u_l2_v3/u_rescale/w_rnd[7]_1407[32]
    SLICE_X41Y61         LUT5 (Prop_E6LUT_SLICEM_I0_O)
                                                      0.187     7.412 r  gemm_system_i/gemm_top_l2_0/inst/u_l2_v3/u_rescale/m_axis_tdata[63]_i_223/O
                         net (fo=6, routed)           0.462     7.874    gemm_system_i/gemm_top_l2_0/inst/u_l2_v3/u_rescale/m_axis_tdata[63]_i_223_n_0
    SLICE_X37Y65         LUT6 (Prop_H6LUT_SLICEM_I0_O)
                                                      0.189     8.063 r  gemm_system_i/gemm_top_l2_0/inst/u_l2_v3/u_rescale/m_axis_tdata[63]_i_174/O
                         net (fo=4, routed)           0.113     8.176    gemm_system_i/gemm_top_l2_0/inst/u_l2_v3/u_rescale/m_axis_tdata[63]_i_174_n_0
    SLICE_X37Y64         LUT3 (Prop_D6LUT_SLICEM_I0_O)
                                                      0.185     8.361 r  gemm_system_i/gemm_top_l2_0/inst/u_l2_v3/u_rescale/m_axis_tdata[63]_i_123/O
                         net (fo=1, routed)           0.362     8.723    gemm_system_i/gemm_top_l2_0/inst/u_l2_v3/u_rescale/w_shr[7]_1375[17]
    SLICE_X40Y64         CARRY8 (Prop_CARRY8_SLICEM_DI[2]_O[5])
                                                      0.284     9.007 r  gemm_system_i/gemm_top_l2_0/inst/u_l2_v3/u_rescale/m_axis_tdata_reg[63]_i_67/O[5]
                         net (fo=4, routed)           0.243     9.250    gemm_system_i/gemm_top_l2_0/inst/u_l2_v3/u_rescale/m_axis_tdata_reg[63]_i_67_n_10
    SLICE_X38Y64         LUT2 (Prop_H6LUT_SLICEM_I1_O)
                                                      0.138     9.388 r  gemm_system_i/gemm_top_l2_0/inst/u_l2_v3/u_rescale/m_axis_tdata[63]_i_57/O
                         net (fo=1, routed)           0.021     9.409    gemm_system_i/gemm_top_l2_0/inst/u_l2_v3/u_rescale/m_axis_tdata[63]_i_57_n_0
    SLICE_X38Y64         CARRY8 (Prop_CARRY8_SLICEM_S[7]_CO[7])
                                                      0.175     9.584 f  gemm_system_i/gemm_top_l2_0/inst/u_l2_v3/u_rescale/m_axis_tdata_reg[63]_i_13/CO[7]
                         net (fo=1, routed)           0.030     9.614    gemm_system_i/gemm_top_l2_0/inst/u_l2_v3/u_rescale/m_axis_tdata_reg[63]_i_13_n_0
    SLICE_X38Y65         CARRY8 (Prop_CARRY8_SLICEM_CI_CO[5])
                                                      0.107     9.721 f  gemm_system_i/gemm_top_l2_0/inst/u_l2_v3/u_rescale/m_axis_tdata_reg[63]_i_3/CO[5]
                         net (fo=8, routed)           0.382    10.103    gemm_system_i/gemm_top_l2_0/inst/u_l2_v3/u_rescale/w_clamp[7]2
    SLICE_X36Y62         LUT3 (Prop_D6LUT_SLICEL_I1_O)
                                                      0.152    10.255 r  gemm_system_i/gemm_top_l2_0/inst/u_l2_v3/u_rescale/m_axis_tdata[56]_i_1/O
                         net (fo=1, routed)           0.067    10.322    gemm_system_i/gemm_top_l2_0/inst/u_l2_v3/u_rescale/w_clamp[7]_1391[0]
    SLICE_X36Y62         FDRE                                         r  gemm_system_i/gemm_top_l2_0/inst/u_l2_v3/u_rescale/m_axis_tdata_reg[56]/D
  -------------------------------------------------------------------    -------------------

                         (clock clk_pl_0 rise edge)
                                                     10.000    10.000 r  
    PS8_X0Y0             PS8                          0.000    10.000 r  gemm_system_i/zynq_ultra_ps_e_0/inst/PS8_i/PLCLK[0]
                         net (fo=1, routed)           0.181    10.181    gemm_system_i/zynq_ultra_ps_e_0/inst/pl_clk_unbuffered[0]
    BUFG_PS_X0Y80        BUFG_PS (Prop_BUFG_PS_I_O)
                                                      0.035    10.216 r  gemm_system_i/zynq_ultra_ps_e_0/inst/buffer_pl_clk_0.PL_CLK_0_BUFG/O
    X1Y1 (CLOCK_ROOT)    net (fo=32898, routed)       2.636    12.852    gemm_system_i/gemm_top_l2_0/inst/u_l2_v3/u_rescale/aclk
    SLICE_X36Y62         FDRE                                         r  gemm_system_i/gemm_top_l2_0/inst/u_l2_v3/u_rescale/m_axis_tdata_reg[56]/C
                         clock pessimism              0.239    13.091    
                         clock uncertainty           -0.160    12.931    
    SLICE_X36Y62         FDRE (Setup_DFF_SLICEL_C_D)
                                                      0.044    12.975    gemm_system_i/gemm_top_l2_0/inst/u_l2_v3/u_rescale/m_axis_tdata_reg[56]
  -------------------------------------------------------------------
                         required time                         12.975    
                         arrival time                         -10.322    
  -------------------------------------------------------------------
                         slack                                  2.653    

Slack (MET) :             2.654ns  (required time - arrival time)
  Source:                 gemm_system_i/gemm_l2_axi_lite_regs_0/inst/r_scale_shift_reg[3]/C
                            (rising edge-triggered cell FDRE clocked by clk_pl_0  {rise@0.000ns fall@5.000ns period=10.000ns})
  Destination:            gemm_system_i/gemm_top_l2_0/inst/u_l2_v3/u_rescale/m_axis_tdata_reg[97]/D
                            (rising edge-triggered cell FDRE clocked by clk_pl_0  {rise@0.000ns fall@5.000ns period=10.000ns})
  Path Group:             clk_pl_0
  Path Type:              Setup (Max at Slow Process Corner)
  Requirement:            10.000ns  (clk_pl_0 rise@10.000ns - clk_pl_0 rise@0.000ns)
  Data Path Delay:        7.111ns  (logic 1.945ns (27.350%)  route 5.166ns (72.650%))
  Logic Levels:           14  (CARRY8=8 LUT2=1 LUT3=1 LUT4=1 LUT6=3)
  Clock Path Skew:        -0.119ns (DCD - SCD + CPR)
    Destination Clock Delay (DCD):    2.977ns = ( 12.977 - 10.000 ) 
    Source Clock Delay      (SCD):    3.338ns
    Clock Pessimism Removal (CPR):    0.242ns
  Clock Uncertainty:      0.160ns  ((TSJ^2 + DJ^2)^1/2) / 2 + PE
    Total System Jitter     (TSJ):    0.071ns
    Discrete Jitter          (DJ):    0.312ns
    Phase Error              (PE):    0.000ns
  Clock Net Delay (Source):      3.071ns (routing 1.584ns, distribution 1.487ns)
  Clock Net Delay (Destination): 2.761ns (routing 1.450ns, distribution 1.311ns)

    Location             Delay type                Incr(ns)  Path(ns)    Netlist Resource(s)
  -------------------------------------------------------------------    -------------------
                         (clock clk_pl_0 rise edge)
                                                      0.000     0.000 r  
    PS8_X0Y0             PS8                          0.000     0.000 r  gemm_system_i/zynq_ultra_ps_e_0/inst/PS8_i/PLCLK[0]
                         net (fo=1, routed)           0.229     0.229    gemm_system_i/zynq_ultra_ps_e_0/inst/pl_clk_unbuffered[0]
    BUFG_PS_X0Y80        BUFG_PS (Prop_BUFG_PS_I_O)
                                                      0.038     0.267 r  gemm_system_i/zynq_ultra_ps_e_0/inst/buffer_pl_clk_0.PL_CLK_0_BUFG/O
    X1Y1 (CLOCK_ROOT)    net (fo=32898, routed)       3.071     3.338    gemm_system_i/gemm_l2_axi_lite_regs_0/inst/S_AXI_ACLK
    SLICE_X18Y91         FDRE                                         r  gemm_system_i/gemm_l2_axi_lite_regs_0/inst/r_scale_shift_reg[3]/C
  -------------------------------------------------------------------    -------------------
    SLICE_X18Y91         FDRE (Prop_FFF_SLICEM_C_Q)
                                                      0.112     3.450 r  gemm_system_i/gemm_l2_axi_lite_regs_0/inst/r_scale_shift_reg[3]/Q
                         net (fo=1185, routed)        1.783     5.233    gemm_system_i/gemm_top_l2_0/inst/u_l2_v3/u_rescale/cfg_scale_shift[3]
    SLICE_X47Y70         LUT6 (Prop_A6LUT_SLICEL_I1_O)
                                                      0.225     5.458 r  gemm_system_i/gemm_top_l2_0/inst/u_l2_v3/u_rescale/m_axis_tdata[103]_i_207/O
                         net (fo=1, routed)           0.014     5.472    gemm_system_i/gemm_top_l2_0/inst/u_l2_v3/u_rescale/m_axis_tdata[103]_i_207_n_0
    SLICE_X47Y70         CARRY8 (Prop_CARRY8_SLICEL_S[0]_CO[7])
                                                      0.278     5.750 f  gemm_system_i/gemm_top_l2_0/inst/u_l2_v3/u_rescale/m_axis_tdata_reg[103]_i_137/CO[7]
                         net (fo=1, routed)           0.030     5.780    gemm_system_i/gemm_top_l2_0/inst/u_l2_v3/u_rescale/m_axis_tdata_reg[103]_i_137_n_0
    SLICE_X47Y71         CARRY8 (Prop_CARRY8_SLICEL_CI_CO[7])
                                                      0.065     5.845 f  gemm_system_i/gemm_top_l2_0/inst/u_l2_v3/u_rescale/m_axis_tdata_reg[103]_i_135/CO[7]
                         net (fo=1, routed)           0.030     5.875    gemm_system_i/gemm_top_l2_0/inst/u_l2_v3/u_rescale/m_axis_tdata_reg[103]_i_135_n_0
    SLICE_X47Y72         CARRY8 (Prop_CARRY8_SLICEL_CI_CO[7])
                                                      0.065     5.940 f  gemm_system_i/gemm_top_l2_0/inst/u_l2_v3/u_rescale/m_axis_tdata_reg[103]_i_136/CO[7]
                         net (fo=1, routed)           0.030     5.970    gemm_system_i/gemm_top_l2_0/inst/u_l2_v3/u_rescale/m_axis_tdata_reg[103]_i_136_n_0
    SLICE_X47Y73         CARRY8 (Prop_CARRY8_SLICEL_CI_CO[0])
                                                      0.074     6.044 f  gemm_system_i/gemm_top_l2_0/inst/u_l2_v3/u_rescale/m_axis_tdata_reg[103]_i_134/CO[0]
                         net (fo=36, routed)          0.610     6.654    gemm_system_i/gemm_top_l2_0/inst/u_l2_v3/u_rescale/m_axis_tdata_reg[103]_i_134_n_7
    SLICE_X42Y69         LUT6 (Prop_F6LUT_SLICEL_I0_O)
                                                      0.056     6.710 r  gemm_system_i/gemm_top_l2_0/inst/u_l2_v3/u_rescale/m_axis_tdata[103]_i_84/O
                         net (fo=4, routed)           0.729     7.440    gemm_system_i/gemm_top_l2_0/inst/u_l2_v3/u_rescale/m_axis_tdata[103]_i_84_n_0
    SLICE_X49Y67         LUT6 (Prop_C6LUT_SLICEL_I5_O)
                                                      0.056     7.496 r  gemm_system_i/gemm_top_l2_0/inst/u_l2_v3/u_rescale/m_axis_tdata[103]_i_221/O
                         net (fo=5, routed)           0.848     8.343    gemm_system_i/gemm_top_l2_0/inst/u_l2_v3/u_rescale/m_axis_tdata[103]_i_221_n_0
    SLICE_X43Y66         LUT4 (Prop_C6LUT_SLICEM_I0_O)
                                                      0.149     8.492 r  gemm_system_i/gemm_top_l2_0/inst/u_l2_v3/u_rescale/m_axis_tdata[103]_i_152/O
                         net (fo=1, routed)           0.029     8.521    gemm_system_i/gemm_top_l2_0/inst/u_l2_v3/u_rescale/m_axis_tdata[103]_i_152_n_0
    SLICE_X43Y66         CARRY8 (Prop_CARRY8_SLICEM_S[2]_CO[7])
                                                      0.229     8.750 r  gemm_system_i/gemm_top_l2_0/inst/u_l2_v3/u_rescale/m_axis_tdata_reg[103]_i_98/CO[7]
                         net (fo=1, routed)           0.030     8.780    gemm_system_i/gemm_top_l2_0/inst/u_l2_v3/u_rescale/m_axis_tdata_reg[103]_i_98_n_0
    SLICE_X43Y67         CARRY8 (Prop_CARRY8_SLICEM_CI_O[0])
                                                      0.078     8.858 r  gemm_system_i/gemm_top_l2_0/inst/u_l2_v3/u_rescale/m_axis_tdata_reg[103]_i_67/O[0]
                         net (fo=4, routed)           0.601     9.459    gemm_system_i/gemm_top_l2_0/inst/u_l2_v3/u_rescale/m_axis_tdata_reg[103]_i_67_n_15
    SLICE_X47Y66         LUT2 (Prop_F6LUT_SLICEL_I0_O)
                                                      0.136     9.595 r  gemm_system_i/gemm_top_l2_0/inst/u_l2_v3/u_rescale/m_axis_tdata[103]_i_59/O
                         net (fo=1, routed)           0.015     9.610    gemm_system_i/gemm_top_l2_0/inst/u_l2_v3/u_rescale/m_axis_tdata[103]_i_59_n_0
    SLICE_X47Y66         CARRY8 (Prop_CARRY8_SLICEL_S[5]_CO[7])
                                                      0.232     9.842 f  gemm_system_i/gemm_top_l2_0/inst/u_l2_v3/u_rescale/m_axis_tdata_reg[103]_i_13/CO[7]
                         net (fo=1, routed)           0.030     9.872    gemm_system_i/gemm_top_l2_0/inst/u_l2_v3/u_rescale/m_axis_tdata_reg[103]_i_13_n_0
    SLICE_X47Y67         CARRY8 (Prop_CARRY8_SLICEL_CI_CO[5])
                                                      0.107     9.979 f  gemm_system_i/gemm_top_l2_0/inst/u_l2_v3/u_rescale/m_axis_tdata_reg[103]_i_3/CO[5]
                         net (fo=8, routed)           0.324    10.303    gemm_system_i/gemm_top_l2_0/inst/u_l2_v3/u_rescale/w_clamp[12]2
    SLICE_X48Y65         LUT3 (Prop_E6LUT_SLICEL_I1_O)
                                                      0.083    10.386 r  gemm_system_i/gemm_top_l2_0/inst/u_l2_v3/u_rescale/m_axis_tdata[97]_i_1/O
                         net (fo=1, routed)           0.063    10.449    gemm_system_i/gemm_top_l2_0/inst/u_l2_v3/u_rescale/w_clamp[12]_1396[1]
    SLICE_X48Y65         FDRE                                         r  gemm_system_i/gemm_top_l2_0/inst/u_l2_v3/u_rescale/m_axis_tdata_reg[97]/D
  -------------------------------------------------------------------    -------------------

                         (clock clk_pl_0 rise edge)
                                                     10.000    10.000 r  
    PS8_X0Y0             PS8                          0.000    10.000 r  gemm_system_i/zynq_ultra_ps_e_0/inst/PS8_i/PLCLK[0]
                         net (fo=1, routed)           0.181    10.181    gemm_system_i/zynq_ultra_ps_e_0/inst/pl_clk_unbuffered[0]
    BUFG_PS_X0Y80        BUFG_PS (Prop_BUFG_PS_I_O)
                                                      0.035    10.216 r  gemm_system_i/zynq_ultra_ps_e_0/inst/buffer_pl_clk_0.PL_CLK_0_BUFG/O
    X1Y1 (CLOCK_ROOT)    net (fo=32898, routed)       2.761    12.977    gemm_system_i/gemm_top_l2_0/inst/u_l2_v3/u_rescale/aclk
    SLICE_X48Y65         FDRE                                         r  gemm_system_i/gemm_top_l2_0/inst/u_l2_v3/u_rescale/m_axis_tdata_reg[97]/C
                         clock pessimism              0.242    13.219    
                         clock uncertainty           -0.160    13.059    
    SLICE_X48Y65         FDRE (Setup_EFF_SLICEL_C_D)
                                                      0.044    13.103    gemm_system_i/gemm_top_l2_0/inst/u_l2_v3/u_rescale/m_axis_tdata_reg[97]
  -------------------------------------------------------------------
                         required time                         13.103    
                         arrival time                         -10.449    
  -------------------------------------------------------------------
                         slack                                  2.654    

Slack (MET) :             2.656ns  (required time - arrival time)
  Source:                 gemm_system_i/gemm_l2_axi_lite_regs_0/inst/r_scale_shift_reg[3]/C
                            (rising edge-triggered cell FDRE clocked by clk_pl_0  {rise@0.000ns fall@5.000ns period=10.000ns})
  Destination:            gemm_system_i/gemm_top_l2_0/inst/u_l2_v3/u_rescale/m_axis_tdata_reg[57]/D
                            (rising edge-triggered cell FDRE clocked by clk_pl_0  {rise@0.000ns fall@5.000ns period=10.000ns})
  Path Group:             clk_pl_0
  Path Type:              Setup (Max at Slow Process Corner)
  Requirement:            10.000ns  (clk_pl_0 rise@10.000ns - clk_pl_0 rise@0.000ns)
  Data Path Delay:        6.982ns  (logic 2.230ns (31.941%)  route 4.752ns (68.059%))
  Logic Levels:           14  (CARRY8=8 LUT2=1 LUT3=2 LUT5=1 LUT6=2)
  Clock Path Skew:        -0.246ns (DCD - SCD + CPR)
    Destination Clock Delay (DCD):    2.852ns = ( 12.852 - 10.000 ) 
    Source Clock Delay      (SCD):    3.338ns
    Clock Pessimism Removal (CPR):    0.239ns
  Clock Uncertainty:      0.160ns  ((TSJ^2 + DJ^2)^1/2) / 2 + PE
    Total System Jitter     (TSJ):    0.071ns
    Discrete Jitter          (DJ):    0.312ns
    Phase Error              (PE):    0.000ns
  Clock Net Delay (Source):      3.071ns (routing 1.584ns, distribution 1.487ns)
  Clock Net Delay (Destination): 2.636ns (routing 1.450ns, distribution 1.186ns)

    Location             Delay type                Incr(ns)  Path(ns)    Netlist Resource(s)
  -------------------------------------------------------------------    -------------------
                         (clock clk_pl_0 rise edge)
                                                      0.000     0.000 r  
    PS8_X0Y0             PS8                          0.000     0.000 r  gemm_system_i/zynq_ultra_ps_e_0/inst/PS8_i/PLCLK[0]
                         net (fo=1, routed)           0.229     0.229    gemm_system_i/zynq_ultra_ps_e_0/inst/pl_clk_unbuffered[0]
    BUFG_PS_X0Y80        BUFG_PS (Prop_BUFG_PS_I_O)
                                                      0.038     0.267 r  gemm_system_i/zynq_ultra_ps_e_0/inst/buffer_pl_clk_0.PL_CLK_0_BUFG/O
    X1Y1 (CLOCK_ROOT)    net (fo=32898, routed)       3.071     3.338    gemm_system_i/gemm_l2_axi_lite_regs_0/inst/S_AXI_ACLK
    SLICE_X18Y91         FDRE                                         r  gemm_system_i/gemm_l2_axi_lite_regs_0/inst/r_scale_shift_reg[3]/C
  -------------------------------------------------------------------    -------------------
    SLICE_X18Y91         FDRE (Prop_FFF_SLICEM_C_Q)
                                                      0.112     3.450 r  gemm_system_i/gemm_l2_axi_lite_regs_0/inst/r_scale_shift_reg[3]/Q
                         net (fo=1185, routed)        2.418     5.868    gemm_system_i/gemm_top_l2_0/inst/u_l2_v3/u_rescale/cfg_scale_shift[3]
    SLICE_X42Y63         LUT6 (Prop_A6LUT_SLICEL_I1_O)
                                                      0.152     6.020 r  gemm_system_i/gemm_top_l2_0/inst/u_l2_v3/u_rescale/m_axis_tdata[63]_i_215/O
                         net (fo=1, routed)           0.014     6.034    gemm_system_i/gemm_top_l2_0/inst/u_l2_v3/u_rescale/m_axis_tdata[63]_i_215_n_0
    SLICE_X42Y63         CARRY8 (Prop_CARRY8_SLICEL_S[0]_CO[7])
                                                      0.278     6.312 r  gemm_system_i/gemm_top_l2_0/inst/u_l2_v3/u_rescale/m_axis_tdata_reg[63]_i_138/CO[7]
                         net (fo=1, routed)           0.030     6.342    gemm_system_i/gemm_top_l2_0/inst/u_l2_v3/u_rescale/m_axis_tdata_reg[63]_i_138_n_0
    SLICE_X42Y64         CARRY8 (Prop_CARRY8_SLICEL_CI_CO[7])
                                                      0.065     6.407 r  gemm_system_i/gemm_top_l2_0/inst/u_l2_v3/u_rescale/m_axis_tdata_reg[63]_i_137/CO[7]
                         net (fo=1, routed)           0.030     6.437    gemm_system_i/gemm_top_l2_0/inst/u_l2_v3/u_rescale/m_axis_tdata_reg[63]_i_137_n_0
    SLICE_X42Y65         CARRY8 (Prop_CARRY8_SLICEL_CI_CO[7])
                                                      0.065     6.502 r  gemm_system_i/gemm_top_l2_0/inst/u_l2_v3/u_rescale/m_axis_tdata_reg[63]_i_135/CO[7]
                         net (fo=1, routed)           0.030     6.532    gemm_system_i/gemm_top_l2_0/inst/u_l2_v3/u_rescale/m_axis_tdata_reg[63]_i_135_n_0
    SLICE_X42Y66         CARRY8 (Prop_CARRY8_SLICEL_CI_CO[7])
                                                      0.065     6.597 r  gemm_system_i/gemm_top_l2_0/inst/u_l2_v3/u_rescale/m_axis_tdata_reg[63]_i_136/CO[7]
                         net (fo=1, routed)           0.030     6.627    gemm_system_i/gemm_top_l2_0/inst/u_l2_v3/u_rescale/m_axis_tdata_reg[63]_i_136_n_0
    SLICE_X42Y67         CARRY8 (Prop_CARRY8_SLICEL_CI_O[0])
                                                      0.078     6.705 r  gemm_system_i/gemm_top_l2_0/inst/u_l2_v3/u_rescale/m_axis_tdata_reg[63]_i_134/O[0]
                         net (fo=6, routed)           0.520     7.225    gemm_system_i/gemm_top_l2_0/inst/u_l2_v3/u_rescale/w_rnd[7]_1407[32]
    SLICE_X41Y61         LUT5 (Prop_E6LUT_SLICEM_I0_O)
                                                      0.187     7.412 r  gemm_system_i/gemm_top_l2_0/inst/u_l2_v3/u_rescale/m_axis_tdata[63]_i_223/O
                         net (fo=6, routed)           0.462     7.874    gemm_system_i/gemm_top_l2_0/inst/u_l2_v3/u_rescale/m_axis_tdata[63]_i_223_n_0
    SLICE_X37Y65         LUT6 (Prop_H6LUT_SLICEM_I0_O)
                                                      0.189     8.063 r  gemm_system_i/gemm_top_l2_0/inst/u_l2_v3/u_rescale/m_axis_tdata[63]_i_174/O
                         net (fo=4, routed)           0.113     8.176    gemm_system_i/gemm_top_l2_0/inst/u_l2_v3/u_rescale/m_axis_tdata[63]_i_174_n_0
    SLICE_X37Y64         LUT3 (Prop_D6LUT_SLICEM_I0_O)
                                                      0.185     8.361 r  gemm_system_i/gemm_top_l2_0/inst/u_l2_v3/u_rescale/m_axis_tdata[63]_i_123/O
                         net (fo=1, routed)           0.362     8.723    gemm_system_i/gemm_top_l2_0/inst/u_l2_v3/u_rescale/w_shr[7]_1375[17]
    SLICE_X40Y64         CARRY8 (Prop_CARRY8_SLICEM_DI[2]_O[5])
                                                      0.284     9.007 r  gemm_system_i/gemm_top_l2_0/inst/u_l2_v3/u_rescale/m_axis_tdata_reg[63]_i_67/O[5]
                         net (fo=4, routed)           0.243     9.250    gemm_system_i/gemm_top_l2_0/inst/u_l2_v3/u_rescale/m_axis_tdata_reg[63]_i_67_n_10
    SLICE_X38Y64         LUT2 (Prop_H6LUT_SLICEM_I1_O)
                                                      0.138     9.388 r  gemm_system_i/gemm_top_l2_0/inst/u_l2_v3/u_rescale/m_axis_tdata[63]_i_57/O
                         net (fo=1, routed)           0.021     9.409    gemm_system_i/gemm_top_l2_0/inst/u_l2_v3/u_rescale/m_axis_tdata[63]_i_57_n_0
    SLICE_X38Y64         CARRY8 (Prop_CARRY8_SLICEM_S[7]_CO[7])
                                                      0.175     9.584 f  gemm_system_i/gemm_top_l2_0/inst/u_l2_v3/u_rescale/m_axis_tdata_reg[63]_i_13/CO[7]
                         net (fo=1, routed)           0.030     9.614    gemm_system_i/gemm_top_l2_0/inst/u_l2_v3/u_rescale/m_axis_tdata_reg[63]_i_13_n_0
    SLICE_X38Y65         CARRY8 (Prop_CARRY8_SLICEM_CI_CO[5])
                                                      0.107     9.721 f  gemm_system_i/gemm_top_l2_0/inst/u_l2_v3/u_rescale/m_axis_tdata_reg[63]_i_3/CO[5]
                         net (fo=8, routed)           0.379    10.100    gemm_system_i/gemm_top_l2_0/inst/u_l2_v3/u_rescale/w_clamp[7]2
    SLICE_X36Y62         LUT3 (Prop_C6LUT_SLICEL_I1_O)
                                                      0.150    10.250 r  gemm_system_i/gemm_top_l2_0/inst/u_l2_v3/u_rescale/m_axis_tdata[57]_i_1/O
                         net (fo=1, routed)           0.069    10.319    gemm_system_i/gemm_top_l2_0/inst/u_l2_v3/u_rescale/w_clamp[7]_1391[1]
    SLICE_X36Y62         FDRE                                         r  gemm_system_i/gemm_top_l2_0/inst/u_l2_v3/u_rescale/m_axis_tdata_reg[57]/D
  -------------------------------------------------------------------    -------------------

                         (clock clk_pl_0 rise edge)
                                                     10.000    10.000 r  
    PS8_X0Y0             PS8                          0.000    10.000 r  gemm_system_i/zynq_ultra_ps_e_0/inst/PS8_i/PLCLK[0]
                         net (fo=1, routed)           0.181    10.181    gemm_system_i/zynq_ultra_ps_e_0/inst/pl_clk_unbuffered[0]
    BUFG_PS_X0Y80        BUFG_PS (Prop_BUFG_PS_I_O)
                                                      0.035    10.216 r  gemm_system_i/zynq_ultra_ps_e_0/inst/buffer_pl_clk_0.PL_CLK_0_BUFG/O
    X1Y1 (CLOCK_ROOT)    net (fo=32898, routed)       2.636    12.852    gemm_system_i/gemm_top_l2_0/inst/u_l2_v3/u_rescale/aclk
    SLICE_X36Y62         FDRE                                         r  gemm_system_i/gemm_top_l2_0/inst/u_l2_v3/u_rescale/m_axis_tdata_reg[57]/C
                         clock pessimism              0.239    13.091    
                         clock uncertainty           -0.160    12.931    
    SLICE_X36Y62         FDRE (Setup_CFF_SLICEL_C_D)
                                                      0.044    12.975    gemm_system_i/gemm_top_l2_0/inst/u_l2_v3/u_rescale/m_axis_tdata_reg[57]
  -------------------------------------------------------------------
                         required time                         12.975    
                         arrival time                         -10.319    
  -------------------------------------------------------------------
                         slack                                  2.656    

Slack (MET) :             2.666ns  (required time - arrival time)
  Source:                 gemm_system_i/gemm_l2_axi_lite_regs_0/inst/r_scale_shift_reg[3]/C
                            (rising edge-triggered cell FDRE clocked by clk_pl_0  {rise@0.000ns fall@5.000ns period=10.000ns})
  Destination:            gemm_system_i/gemm_top_l2_0/inst/u_l2_v3/u_rescale/m_axis_tdata_reg[60]/D
                            (rising edge-triggered cell FDRE clocked by clk_pl_0  {rise@0.000ns fall@5.000ns period=10.000ns})
  Path Group:             clk_pl_0
  Path Type:              Setup (Max at Slow Process Corner)
  Requirement:            10.000ns  (clk_pl_0 rise@10.000ns - clk_pl_0 rise@0.000ns)
  Data Path Delay:        6.977ns  (logic 2.196ns (31.477%)  route 4.781ns (68.523%))
  Logic Levels:           15  (CARRY8=9 LUT2=1 LUT3=2 LUT5=1 LUT6=2)
  Clock Path Skew:        -0.242ns (DCD - SCD + CPR)
    Destination Clock Delay (DCD):    2.856ns = ( 12.856 - 10.000 ) 
    Source Clock Delay      (SCD):    3.338ns
    Clock Pessimism Removal (CPR):    0.239ns
  Clock Uncertainty:      0.160ns  ((TSJ^2 + DJ^2)^1/2) / 2 + PE
    Total System Jitter     (TSJ):    0.071ns
    Discrete Jitter          (DJ):    0.312ns
    Phase Error              (PE):    0.000ns
  Clock Net Delay (Source):      3.071ns (routing 1.584ns, distribution 1.487ns)
  Clock Net Delay (Destination): 2.640ns (routing 1.450ns, distribution 1.190ns)

    Location             Delay type                Incr(ns)  Path(ns)    Netlist Resource(s)
  -------------------------------------------------------------------    -------------------
                         (clock clk_pl_0 rise edge)
                                                      0.000     0.000 r  
    PS8_X0Y0             PS8                          0.000     0.000 r  gemm_system_i/zynq_ultra_ps_e_0/inst/PS8_i/PLCLK[0]
                         net (fo=1, routed)           0.229     0.229    gemm_system_i/zynq_ultra_ps_e_0/inst/pl_clk_unbuffered[0]
    BUFG_PS_X0Y80        BUFG_PS (Prop_BUFG_PS_I_O)
                                                      0.038     0.267 r  gemm_system_i/zynq_ultra_ps_e_0/inst/buffer_pl_clk_0.PL_CLK_0_BUFG/O
    X1Y1 (CLOCK_ROOT)    net (fo=32898, routed)       3.071     3.338    gemm_system_i/gemm_l2_axi_lite_regs_0/inst/S_AXI_ACLK
    SLICE_X18Y91         FDRE                                         r  gemm_system_i/gemm_l2_axi_lite_regs_0/inst/r_scale_shift_reg[3]/C
  -------------------------------------------------------------------    -------------------
    SLICE_X18Y91         FDRE (Prop_FFF_SLICEM_C_Q)
                                                      0.112     3.450 r  gemm_system_i/gemm_l2_axi_lite_regs_0/inst/r_scale_shift_reg[3]/Q
                         net (fo=1185, routed)        2.418     5.868    gemm_system_i/gemm_top_l2_0/inst/u_l2_v3/u_rescale/cfg_scale_shift[3]
    SLICE_X42Y63         LUT6 (Prop_A6LUT_SLICEL_I1_O)
                                                      0.152     6.020 r  gemm_system_i/gemm_top_l2_0/inst/u_l2_v3/u_rescale/m_axis_tdata[63]_i_215/O
                         net (fo=1, routed)           0.014     6.034    gemm_system_i/gemm_top_l2_0/inst/u_l2_v3/u_rescale/m_axis_tdata[63]_i_215_n_0
    SLICE_X42Y63         CARRY8 (Prop_CARRY8_SLICEL_S[0]_CO[7])
                                                      0.278     6.312 r  gemm_system_i/gemm_top_l2_0/inst/u_l2_v3/u_rescale/m_axis_tdata_reg[63]_i_138/CO[7]
                         net (fo=1, routed)           0.030     6.342    gemm_system_i/gemm_top_l2_0/inst/u_l2_v3/u_rescale/m_axis_tdata_reg[63]_i_138_n_0
    SLICE_X42Y64         CARRY8 (Prop_CARRY8_SLICEL_CI_CO[7])
                                                      0.065     6.407 r  gemm_system_i/gemm_top_l2_0/inst/u_l2_v3/u_rescale/m_axis_tdata_reg[63]_i_137/CO[7]
                         net (fo=1, routed)           0.030     6.437    gemm_system_i/gemm_top_l2_0/inst/u_l2_v3/u_rescale/m_axis_tdata_reg[63]_i_137_n_0
    SLICE_X42Y65         CARRY8 (Prop_CARRY8_SLICEL_CI_CO[7])
                                                      0.065     6.502 r  gemm_system_i/gemm_top_l2_0/inst/u_l2_v3/u_rescale/m_axis_tdata_reg[63]_i_135/CO[7]
                         net (fo=1, routed)           0.030     6.532    gemm_system_i/gemm_top_l2_0/inst/u_l2_v3/u_rescale/m_axis_tdata_reg[63]_i_135_n_0
    SLICE_X42Y66         CARRY8 (Prop_CARRY8_SLICEL_CI_CO[7])
                                                      0.065     6.597 r  gemm_system_i/gemm_top_l2_0/inst/u_l2_v3/u_rescale/m_axis_tdata_reg[63]_i_136/CO[7]
                         net (fo=1, routed)           0.030     6.627    gemm_system_i/gemm_top_l2_0/inst/u_l2_v3/u_rescale/m_axis_tdata_reg[63]_i_136_n_0
    SLICE_X42Y67         CARRY8 (Prop_CARRY8_SLICEL_CI_O[0])
                                                      0.078     6.705 r  gemm_system_i/gemm_top_l2_0/inst/u_l2_v3/u_rescale/m_axis_tdata_reg[63]_i_134/O[0]
                         net (fo=6, routed)           0.520     7.225    gemm_system_i/gemm_top_l2_0/inst/u_l2_v3/u_rescale/w_rnd[7]_1407[32]
    SLICE_X41Y61         LUT5 (Prop_E6LUT_SLICEM_I0_O)
                                                      0.187     7.412 r  gemm_system_i/gemm_top_l2_0/inst/u_l2_v3/u_rescale/m_axis_tdata[63]_i_223/O
                         net (fo=6, routed)           0.462     7.874    gemm_system_i/gemm_top_l2_0/inst/u_l2_v3/u_rescale/m_axis_tdata[63]_i_223_n_0
    SLICE_X37Y65         LUT6 (Prop_H6LUT_SLICEM_I0_O)
                                                      0.189     8.063 r  gemm_system_i/gemm_top_l2_0/inst/u_l2_v3/u_rescale/m_axis_tdata[63]_i_174/O
                         net (fo=4, routed)           0.113     8.176    gemm_system_i/gemm_top_l2_0/inst/u_l2_v3/u_rescale/m_axis_tdata[63]_i_174_n_0
    SLICE_X37Y64         LUT3 (Prop_D6LUT_SLICEM_I0_O)
                                                      0.185     8.361 r  gemm_system_i/gemm_top_l2_0/inst/u_l2_v3/u_rescale/m_axis_tdata[63]_i_123/O
                         net (fo=1, routed)           0.362     8.723    gemm_system_i/gemm_top_l2_0/inst/u_l2_v3/u_rescale/w_shr[7]_1375[17]
    SLICE_X40Y64         CARRY8 (Prop_CARRY8_SLICEM_DI[2]_CO[7])
                                                      0.164     8.887 r  gemm_system_i/gemm_top_l2_0/inst/u_l2_v3/u_rescale/m_axis_tdata_reg[63]_i_67/CO[7]
                         net (fo=1, routed)           0.030     8.917    gemm_system_i/gemm_top_l2_0/inst/u_l2_v3/u_rescale/m_axis_tdata_reg[63]_i_67_n_0
    SLICE_X40Y65         CARRY8 (Prop_CARRY8_SLICEM_CI_CO[7])
                                                      0.065     8.982 r  gemm_system_i/gemm_top_l2_0/inst/u_l2_v3/u_rescale/m_axis_tdata_reg[63]_i_66/CO[7]
                         net (fo=1, routed)           0.030     9.012    gemm_system_i/gemm_top_l2_0/inst/u_l2_v3/u_rescale/m_axis_tdata_reg[63]_i_66_n_0
    SLICE_X40Y66         CARRY8 (Prop_CARRY8_SLICEM_CI_O[1])
                                                      0.106     9.118 f  gemm_system_i/gemm_top_l2_0/inst/u_l2_v3/u_rescale/m_axis_tdata_reg[63]_i_65/O[1]
                         net (fo=4, routed)           0.279     9.397    gemm_system_i/gemm_top_l2_0/inst/u_l2_v3/u_rescale/m_axis_tdata_reg[63]_i_65_n_14
    SLICE_X39Y65         LUT2 (Prop_F6LUT_SLICEL_I1_O)
                                                      0.150     9.547 r  gemm_system_i/gemm_top_l2_0/inst/u_l2_v3/u_rescale/m_axis_tdata[63]_i_33/O
                         net (fo=1, routed)           0.015     9.562    gemm_system_i/gemm_top_l2_0/inst/u_l2_v3/u_rescale/m_axis_tdata[63]_i_33_n_0
    SLICE_X39Y65         CARRY8 (Prop_CARRY8_SLICEL_S[5]_CO[5])
                                                      0.145     9.707 r  gemm_system_i/gemm_top_l2_0/inst/u_l2_v3/u_rescale/m_axis_tdata_reg[63]_i_4/CO[5]
                         net (fo=8, routed)           0.376    10.083    gemm_system_i/gemm_top_l2_0/inst/u_l2_v3/u_rescale/w_clamp[7]1
    SLICE_X35Y62         LUT3 (Prop_D5LUT_SLICEM_I0_O)
                                                      0.190    10.273 r  gemm_system_i/gemm_top_l2_0/inst/u_l2_v3/u_rescale/m_axis_tdata[60]_i_1/O
                         net (fo=1, routed)           0.041    10.314    gemm_system_i/gemm_top_l2_0/inst/u_l2_v3/u_rescale/w_clamp[7]_1391[4]
    SLICE_X35Y62         FDRE                                         r  gemm_system_i/gemm_top_l2_0/inst/u_l2_v3/u_rescale/m_axis_tdata_reg[60]/D
  -------------------------------------------------------------------    -------------------

                         (clock clk_pl_0 rise edge)
                                                     10.000    10.000 r  
    PS8_X0Y0             PS8                          0.000    10.000 r  gemm_system_i/zynq_ultra_ps_e_0/inst/PS8_i/PLCLK[0]
                         net (fo=1, routed)           0.181    10.181    gemm_system_i/zynq_ultra_ps_e_0/inst/pl_clk_unbuffered[0]
    BUFG_PS_X0Y80        BUFG_PS (Prop_BUFG_PS_I_O)
                                                      0.035    10.216 r  gemm_system_i/zynq_ultra_ps_e_0/inst/buffer_pl_clk_0.PL_CLK_0_BUFG/O
    X1Y1 (CLOCK_ROOT)    net (fo=32898, routed)       2.640    12.856    gemm_system_i/gemm_top_l2_0/inst/u_l2_v3/u_rescale/aclk
    SLICE_X35Y62         FDRE                                         r  gemm_system_i/gemm_top_l2_0/inst/u_l2_v3/u_rescale/m_axis_tdata_reg[60]/C
                         clock pessimism              0.239    13.095    
                         clock uncertainty           -0.160    12.935    
    SLICE_X35Y62         FDRE (Setup_DFF2_SLICEM_C_D)
                                                      0.045    12.980    gemm_system_i/gemm_top_l2_0/inst/u_l2_v3/u_rescale/m_axis_tdata_reg[60]
  -------------------------------------------------------------------
                         required time                         12.980    
                         arrival time                         -10.314    
  -------------------------------------------------------------------
                         slack                                  2.666    

Slack (MET) :             2.667ns  (required time - arrival time)
  Source:                 gemm_system_i/gemm_l2_axi_lite_regs_0/inst/r_scale_shift_reg[3]/C
                            (rising edge-triggered cell FDRE clocked by clk_pl_0  {rise@0.000ns fall@5.000ns period=10.000ns})
  Destination:            gemm_system_i/gemm_top_l2_0/inst/u_l2_v3/u_rescale/m_axis_tdata_reg[100]/D
                            (rising edge-triggered cell FDRE clocked by clk_pl_0  {rise@0.000ns fall@5.000ns period=10.000ns})
  Path Group:             clk_pl_0
  Path Type:              Setup (Max at Slow Process Corner)
  Requirement:            10.000ns  (clk_pl_0 rise@10.000ns - clk_pl_0 rise@0.000ns)
  Data Path Delay:        7.098ns  (logic 2.101ns (29.601%)  route 4.997ns (70.399%))
  Logic Levels:           14  (CARRY8=8 LUT2=1 LUT3=1 LUT4=1 LUT6=3)
  Clock Path Skew:        -0.119ns (DCD - SCD + CPR)
    Destination Clock Delay (DCD):    2.977ns = ( 12.977 - 10.000 ) 
    Source Clock Delay      (SCD):    3.338ns
    Clock Pessimism Removal (CPR):    0.242ns
  Clock Uncertainty:      0.160ns  ((TSJ^2 + DJ^2)^1/2) / 2 + PE
    Total System Jitter     (TSJ):    0.071ns
    Discrete Jitter          (DJ):    0.312ns
    Phase Error              (PE):    0.000ns
  Clock Net Delay (Source):      3.071ns (routing 1.584ns, distribution 1.487ns)
  Clock Net Delay (Destination): 2.761ns (routing 1.450ns, distribution 1.311ns)

    Location             Delay type                Incr(ns)  Path(ns)    Netlist Resource(s)
  -------------------------------------------------------------------    -------------------
                         (clock clk_pl_0 rise edge)
                                                      0.000     0.000 r  
    PS8_X0Y0             PS8                          0.000     0.000 r  gemm_system_i/zynq_ultra_ps_e_0/inst/PS8_i/PLCLK[0]
                         net (fo=1, routed)           0.229     0.229    gemm_system_i/zynq_ultra_ps_e_0/inst/pl_clk_unbuffered[0]
    BUFG_PS_X0Y80        BUFG_PS (Prop_BUFG_PS_I_O)
                                                      0.038     0.267 r  gemm_system_i/zynq_ultra_ps_e_0/inst/buffer_pl_clk_0.PL_CLK_0_BUFG/O
    X1Y1 (CLOCK_ROOT)    net (fo=32898, routed)       3.071     3.338    gemm_system_i/gemm_l2_axi_lite_regs_0/inst/S_AXI_ACLK
    SLICE_X18Y91         FDRE                                         r  gemm_system_i/gemm_l2_axi_lite_regs_0/inst/r_scale_shift_reg[3]/C
  -------------------------------------------------------------------    -------------------
    SLICE_X18Y91         FDRE (Prop_FFF_SLICEM_C_Q)
                                                      0.112     3.450 r  gemm_system_i/gemm_l2_axi_lite_regs_0/inst/r_scale_shift_reg[3]/Q
                         net (fo=1185, routed)        1.783     5.233    gemm_system_i/gemm_top_l2_0/inst/u_l2_v3/u_rescale/cfg_scale_shift[3]
    SLICE_X47Y70         LUT6 (Prop_A6LUT_SLICEL_I1_O)
                                                      0.225     5.458 r  gemm_system_i/gemm_top_l2_0/inst/u_l2_v3/u_rescale/m_axis_tdata[103]_i_207/O
                         net (fo=1, routed)           0.014     5.472    gemm_system_i/gemm_top_l2_0/inst/u_l2_v3/u_rescale/m_axis_tdata[103]_i_207_n_0
    SLICE_X47Y70         CARRY8 (Prop_CARRY8_SLICEL_S[0]_CO[7])
                                                      0.278     5.750 f  gemm_system_i/gemm_top_l2_0/inst/u_l2_v3/u_rescale/m_axis_tdata_reg[103]_i_137/CO[7]
                         net (fo=1, routed)           0.030     5.780    gemm_system_i/gemm_top_l2_0/inst/u_l2_v3/u_rescale/m_axis_tdata_reg[103]_i_137_n_0
    SLICE_X47Y71         CARRY8 (Prop_CARRY8_SLICEL_CI_CO[7])
                                                      0.065     5.845 f  gemm_system_i/gemm_top_l2_0/inst/u_l2_v3/u_rescale/m_axis_tdata_reg[103]_i_135/CO[7]
                         net (fo=1, routed)           0.030     5.875    gemm_system_i/gemm_top_l2_0/inst/u_l2_v3/u_rescale/m_axis_tdata_reg[103]_i_135_n_0
    SLICE_X47Y72         CARRY8 (Prop_CARRY8_SLICEL_CI_CO[7])
                                                      0.065     5.940 f  gemm_system_i/gemm_top_l2_0/inst/u_l2_v3/u_rescale/m_axis_tdata_reg[103]_i_136/CO[7]
                         net (fo=1, routed)           0.030     5.970    gemm_system_i/gemm_top_l2_0/inst/u_l2_v3/u_rescale/m_axis_tdata_reg[103]_i_136_n_0
    SLICE_X47Y73         CARRY8 (Prop_CARRY8_SLICEL_CI_CO[0])
                                                      0.074     6.044 f  gemm_system_i/gemm_top_l2_0/inst/u_l2_v3/u_rescale/m_axis_tdata_reg[103]_i_134/CO[0]
                         net (fo=36, routed)          0.610     6.654    gemm_system_i/gemm_top_l2_0/inst/u_l2_v3/u_rescale/m_axis_tdata_reg[103]_i_134_n_7
    SLICE_X42Y69         LUT6 (Prop_F6LUT_SLICEL_I0_O)
                                                      0.056     6.710 r  gemm_system_i/gemm_top_l2_0/inst/u_l2_v3/u_rescale/m_axis_tdata[103]_i_84/O
                         net (fo=4, routed)           0.729     7.440    gemm_system_i/gemm_top_l2_0/inst/u_l2_v3/u_rescale/m_axis_tdata[103]_i_84_n_0
    SLICE_X49Y67         LUT6 (Prop_C6LUT_SLICEL_I5_O)
                                                      0.056     7.496 r  gemm_system_i/gemm_top_l2_0/inst/u_l2_v3/u_rescale/m_axis_tdata[103]_i_221/O
                         net (fo=5, routed)           0.848     8.343    gemm_system_i/gemm_top_l2_0/inst/u_l2_v3/u_rescale/m_axis_tdata[103]_i_221_n_0
    SLICE_X43Y66         LUT4 (Prop_C6LUT_SLICEM_I0_O)
                                                      0.149     8.492 r  gemm_system_i/gemm_top_l2_0/inst/u_l2_v3/u_rescale/m_axis_tdata[103]_i_152/O
                         net (fo=1, routed)           0.029     8.521    gemm_system_i/gemm_top_l2_0/inst/u_l2_v3/u_rescale/m_axis_tdata[103]_i_152_n_0
    SLICE_X43Y66         CARRY8 (Prop_CARRY8_SLICEM_S[2]_CO[7])
                                                      0.229     8.750 r  gemm_system_i/gemm_top_l2_0/inst/u_l2_v3/u_rescale/m_axis_tdata_reg[103]_i_98/CO[7]
                         net (fo=1, routed)           0.030     8.780    gemm_system_i/gemm_top_l2_0/inst/u_l2_v3/u_rescale/m_axis_tdata_reg[103]_i_98_n_0
    SLICE_X43Y67         CARRY8 (Prop_CARRY8_SLICEM_CI_CO[7])
                                                      0.065     8.845 r  gemm_system_i/gemm_top_l2_0/inst/u_l2_v3/u_rescale/m_axis_tdata_reg[103]_i_67/CO[7]
                         net (fo=1, routed)           0.030     8.875    gemm_system_i/gemm_top_l2_0/inst/u_l2_v3/u_rescale/m_axis_tdata_reg[103]_i_67_n_0
    SLICE_X43Y68         CARRY8 (Prop_CARRY8_SLICEM_CI_O[0])
                                                      0.078     8.953 f  gemm_system_i/gemm_top_l2_0/inst/u_l2_v3/u_rescale/m_axis_tdata_reg[103]_i_66/O[0]
                         net (fo=4, routed)           0.570     9.523    gemm_system_i/gemm_top_l2_0/inst/u_l2_v3/u_rescale/m_axis_tdata_reg[103]_i_66_n_15
    SLICE_X48Y67         LUT2 (Prop_B6LUT_SLICEL_I0_O)
                                                      0.188     9.711 r  gemm_system_i/gemm_top_l2_0/inst/u_l2_v3/u_rescale/m_axis_tdata[103]_i_37/O
                         net (fo=1, routed)           0.013     9.724    gemm_system_i/gemm_top_l2_0/inst/u_l2_v3/u_rescale/m_axis_tdata[103]_i_37_n_0
    SLICE_X48Y67         CARRY8 (Prop_CARRY8_SLICEL_S[1]_CO[5])
                                                      0.273     9.997 r  gemm_system_i/gemm_top_l2_0/inst/u_l2_v3/u_rescale/m_axis_tdata_reg[103]_i_4/CO[5]
                         net (fo=8, routed)           0.180    10.177    gemm_system_i/gemm_top_l2_0/inst/u_l2_v3/u_rescale/w_clamp[12]1
    SLICE_X48Y65         LUT3 (Prop_H6LUT_SLICEL_I0_O)
                                                      0.188    10.365 r  gemm_system_i/gemm_top_l2_0/inst/u_l2_v3/u_rescale/m_axis_tdata[100]_i_1/O
                         net (fo=1, routed)           0.070    10.435    gemm_system_i/gemm_top_l2_0/inst/u_l2_v3/u_rescale/w_clamp[12]_1396[4]
    SLICE_X48Y65         FDRE                                         r  gemm_system_i/gemm_top_l2_0/inst/u_l2_v3/u_rescale/m_axis_tdata_reg[100]/D
  -------------------------------------------------------------------    -------------------

                         (clock clk_pl_0 rise edge)
                                                     10.000    10.000 r  
    PS8_X0Y0             PS8                          0.000    10.000 r  gemm_system_i/zynq_ultra_ps_e_0/inst/PS8_i/PLCLK[0]
                         net (fo=1, routed)           0.181    10.181    gemm_system_i/zynq_ultra_ps_e_0/inst/pl_clk_unbuffered[0]
    BUFG_PS_X0Y80        BUFG_PS (Prop_BUFG_PS_I_O)
                                                      0.035    10.216 r  gemm_system_i/zynq_ultra_ps_e_0/inst/buffer_pl_clk_0.PL_CLK_0_BUFG/O
    X1Y1 (CLOCK_ROOT)    net (fo=32898, routed)       2.761    12.977    gemm_system_i/gemm_top_l2_0/inst/u_l2_v3/u_rescale/aclk
    SLICE_X48Y65         FDRE                                         r  gemm_system_i/gemm_top_l2_0/inst/u_l2_v3/u_rescale/m_axis_tdata_reg[100]/C
                         clock pessimism              0.242    13.219    
                         clock uncertainty           -0.160    13.059    
    SLICE_X48Y65         FDRE (Setup_HFF_SLICEL_C_D)
                                                      0.044    13.103    gemm_system_i/gemm_top_l2_0/inst/u_l2_v3/u_rescale/m_axis_tdata_reg[100]
  -------------------------------------------------------------------
                         required time                         13.103    
                         arrival time                         -10.435    
  -------------------------------------------------------------------
                         slack                                  2.667    

Slack (MET) :             2.675ns  (required time - arrival time)
  Source:                 gemm_system_i/gemm_l2_axi_lite_regs_0/inst/r_scale_shift_reg[3]/C
                            (rising edge-triggered cell FDRE clocked by clk_pl_0  {rise@0.000ns fall@5.000ns period=10.000ns})
  Destination:            gemm_system_i/gemm_top_l2_0/inst/u_l2_v3/u_rescale/m_axis_tdata_reg[96]/D
                            (rising edge-triggered cell FDRE clocked by clk_pl_0  {rise@0.000ns fall@5.000ns period=10.000ns})
  Path Group:             clk_pl_0
  Path Type:              Setup (Max at Slow Process Corner)
  Requirement:            10.000ns  (clk_pl_0 rise@10.000ns - clk_pl_0 rise@0.000ns)
  Data Path Delay:        7.092ns  (logic 2.061ns (29.060%)  route 5.031ns (70.940%))
  Logic Levels:           14  (CARRY8=8 LUT2=1 LUT3=1 LUT4=1 LUT6=3)
  Clock Path Skew:        -0.119ns (DCD - SCD + CPR)
    Destination Clock Delay (DCD):    2.977ns = ( 12.977 - 10.000 ) 
    Source Clock Delay      (SCD):    3.338ns
    Clock Pessimism Removal (CPR):    0.242ns
  Clock Uncertainty:      0.160ns  ((TSJ^2 + DJ^2)^1/2) / 2 + PE
    Total System Jitter     (TSJ):    0.071ns
    Discrete Jitter          (DJ):    0.312ns
    Phase Error              (PE):    0.000ns
  Clock Net Delay (Source):      3.071ns (routing 1.584ns, distribution 1.487ns)
  Clock Net Delay (Destination): 2.761ns (routing 1.450ns, distribution 1.311ns)

    Location             Delay type                Incr(ns)  Path(ns)    Netlist Resource(s)
  -------------------------------------------------------------------    -------------------
                         (clock clk_pl_0 rise edge)
                                                      0.000     0.000 r  
    PS8_X0Y0             PS8                          0.000     0.000 r  gemm_system_i/zynq_ultra_ps_e_0/inst/PS8_i/PLCLK[0]
                         net (fo=1, routed)           0.229     0.229    gemm_system_i/zynq_ultra_ps_e_0/inst/pl_clk_unbuffered[0]
    BUFG_PS_X0Y80        BUFG_PS (Prop_BUFG_PS_I_O)
                                                      0.038     0.267 r  gemm_system_i/zynq_ultra_ps_e_0/inst/buffer_pl_clk_0.PL_CLK_0_BUFG/O
    X1Y1 (CLOCK_ROOT)    net (fo=32898, routed)       3.071     3.338    gemm_system_i/gemm_l2_axi_lite_regs_0/inst/S_AXI_ACLK
    SLICE_X18Y91         FDRE                                         r  gemm_system_i/gemm_l2_axi_lite_regs_0/inst/r_scale_shift_reg[3]/C
  -------------------------------------------------------------------    -------------------
    SLICE_X18Y91         FDRE (Prop_FFF_SLICEM_C_Q)
                                                      0.112     3.450 r  gemm_system_i/gemm_l2_axi_lite_regs_0/inst/r_scale_shift_reg[3]/Q
                         net (fo=1185, routed)        1.783     5.233    gemm_system_i/gemm_top_l2_0/inst/u_l2_v3/u_rescale/cfg_scale_shift[3]
    SLICE_X47Y70         LUT6 (Prop_A6LUT_SLICEL_I1_O)
                                                      0.225     5.458 r  gemm_system_i/gemm_top_l2_0/inst/u_l2_v3/u_rescale/m_axis_tdata[103]_i_207/O
                         net (fo=1, routed)           0.014     5.472    gemm_system_i/gemm_top_l2_0/inst/u_l2_v3/u_rescale/m_axis_tdata[103]_i_207_n_0
    SLICE_X47Y70         CARRY8 (Prop_CARRY8_SLICEL_S[0]_CO[7])
                                                      0.278     5.750 f  gemm_system_i/gemm_top_l2_0/inst/u_l2_v3/u_rescale/m_axis_tdata_reg[103]_i_137/CO[7]
                         net (fo=1, routed)           0.030     5.780    gemm_system_i/gemm_top_l2_0/inst/u_l2_v3/u_rescale/m_axis_tdata_reg[103]_i_137_n_0
    SLICE_X47Y71         CARRY8 (Prop_CARRY8_SLICEL_CI_CO[7])
                                                      0.065     5.845 f  gemm_system_i/gemm_top_l2_0/inst/u_l2_v3/u_rescale/m_axis_tdata_reg[103]_i_135/CO[7]
                         net (fo=1, routed)           0.030     5.875    gemm_system_i/gemm_top_l2_0/inst/u_l2_v3/u_rescale/m_axis_tdata_reg[103]_i_135_n_0
    SLICE_X47Y72         CARRY8 (Prop_CARRY8_SLICEL_CI_CO[7])
                                                      0.065     5.940 f  gemm_system_i/gemm_top_l2_0/inst/u_l2_v3/u_rescale/m_axis_tdata_reg[103]_i_136/CO[7]
                         net (fo=1, routed)           0.030     5.970    gemm_system_i/gemm_top_l2_0/inst/u_l2_v3/u_rescale/m_axis_tdata_reg[103]_i_136_n_0
    SLICE_X47Y73         CARRY8 (Prop_CARRY8_SLICEL_CI_CO[0])
                                                      0.074     6.044 f  gemm_system_i/gemm_top_l2_0/inst/u_l2_v3/u_rescale/m_axis_tdata_reg[103]_i_134/CO[0]
                         net (fo=36, routed)          0.610     6.654    gemm_system_i/gemm_top_l2_0/inst/u_l2_v3/u_rescale/m_axis_tdata_reg[103]_i_134_n_7
    SLICE_X42Y69         LUT6 (Prop_F6LUT_SLICEL_I0_O)
                                                      0.056     6.710 r  gemm_system_i/gemm_top_l2_0/inst/u_l2_v3/u_rescale/m_axis_tdata[103]_i_84/O
                         net (fo=4, routed)           0.729     7.440    gemm_system_i/gemm_top_l2_0/inst/u_l2_v3/u_rescale/m_axis_tdata[103]_i_84_n_0
    SLICE_X49Y67         LUT6 (Prop_C6LUT_SLICEL_I5_O)
                                                      0.056     7.496 r  gemm_system_i/gemm_top_l2_0/inst/u_l2_v3/u_rescale/m_axis_tdata[103]_i_221/O
                         net (fo=5, routed)           0.848     8.343    gemm_system_i/gemm_top_l2_0/inst/u_l2_v3/u_rescale/m_axis_tdata[103]_i_221_n_0
    SLICE_X43Y66         LUT4 (Prop_C6LUT_SLICEM_I0_O)
                                                      0.149     8.492 r  gemm_system_i/gemm_top_l2_0/inst/u_l2_v3/u_rescale/m_axis_tdata[103]_i_152/O
                         net (fo=1, routed)           0.029     8.521    gemm_system_i/gemm_top_l2_0/inst/u_l2_v3/u_rescale/m_axis_tdata[103]_i_152_n_0
    SLICE_X43Y66         CARRY8 (Prop_CARRY8_SLICEM_S[2]_CO[7])
                                                      0.229     8.750 r  gemm_system_i/gemm_top_l2_0/inst/u_l2_v3/u_rescale/m_axis_tdata_reg[103]_i_98/CO[7]
                         net (fo=1, routed)           0.030     8.780    gemm_system_i/gemm_top_l2_0/inst/u_l2_v3/u_rescale/m_axis_tdata_reg[103]_i_98_n_0
    SLICE_X43Y67         CARRY8 (Prop_CARRY8_SLICEM_CI_O[0])
                                                      0.078     8.858 r  gemm_system_i/gemm_top_l2_0/inst/u_l2_v3/u_rescale/m_axis_tdata_reg[103]_i_67/O[0]
                         net (fo=4, routed)           0.601     9.459    gemm_system_i/gemm_top_l2_0/inst/u_l2_v3/u_rescale/m_axis_tdata_reg[103]_i_67_n_15
    SLICE_X47Y66         LUT2 (Prop_F6LUT_SLICEL_I0_O)
                                                      0.136     9.595 r  gemm_system_i/gemm_top_l2_0/inst/u_l2_v3/u_rescale/m_axis_tdata[103]_i_59/O
                         net (fo=1, routed)           0.015     9.610    gemm_system_i/gemm_top_l2_0/inst/u_l2_v3/u_rescale/m_axis_tdata[103]_i_59_n_0
    SLICE_X47Y66         CARRY8 (Prop_CARRY8_SLICEL_S[5]_CO[7])
                                                      0.232     9.842 f  gemm_system_i/gemm_top_l2_0/inst/u_l2_v3/u_rescale/m_axis_tdata_reg[103]_i_13/CO[7]
                         net (fo=1, routed)           0.030     9.872    gemm_system_i/gemm_top_l2_0/inst/u_l2_v3/u_rescale/m_axis_tdata_reg[103]_i_13_n_0
    SLICE_X47Y67         CARRY8 (Prop_CARRY8_SLICEL_CI_CO[5])
                                                      0.107     9.979 f  gemm_system_i/gemm_top_l2_0/inst/u_l2_v3/u_rescale/m_axis_tdata_reg[103]_i_3/CO[5]
                         net (fo=8, routed)           0.221    10.200    gemm_system_i/gemm_top_l2_0/inst/u_l2_v3/u_rescale/w_clamp[12]2
    SLICE_X48Y65         LUT3 (Prop_F5LUT_SLICEL_I1_O)
                                                      0.199    10.399 r  gemm_system_i/gemm_top_l2_0/inst/u_l2_v3/u_rescale/m_axis_tdata[96]_i_1/O
                         net (fo=1, routed)           0.031    10.430    gemm_system_i/gemm_top_l2_0/inst/u_l2_v3/u_rescale/w_clamp[12]_1396[0]
    SLICE_X48Y65         FDRE                                         r  gemm_system_i/gemm_top_l2_0/inst/u_l2_v3/u_rescale/m_axis_tdata_reg[96]/D
  -------------------------------------------------------------------    -------------------

                         (clock clk_pl_0 rise edge)
                                                     10.000    10.000 r  
    PS8_X0Y0             PS8                          0.000    10.000 r  gemm_system_i/zynq_ultra_ps_e_0/inst/PS8_i/PLCLK[0]
                         net (fo=1, routed)           0.181    10.181    gemm_system_i/zynq_ultra_ps_e_0/inst/pl_clk_unbuffered[0]
    BUFG_PS_X0Y80        BUFG_PS (Prop_BUFG_PS_I_O)
                                                      0.035    10.216 r  gemm_system_i/zynq_ultra_ps_e_0/inst/buffer_pl_clk_0.PL_CLK_0_BUFG/O
    X1Y1 (CLOCK_ROOT)    net (fo=32898, routed)       2.761    12.977    gemm_system_i/gemm_top_l2_0/inst/u_l2_v3/u_rescale/aclk
    SLICE_X48Y65         FDRE                                         r  gemm_system_i/gemm_top_l2_0/inst/u_l2_v3/u_rescale/m_axis_tdata_reg[96]/C
                         clock pessimism              0.242    13.219    
                         clock uncertainty           -0.160    13.059    
    SLICE_X48Y65         FDRE (Setup_FFF2_SLICEL_C_D)
                                                      0.046    13.105    gemm_system_i/gemm_top_l2_0/inst/u_l2_v3/u_rescale/m_axis_tdata_reg[96]
  -------------------------------------------------------------------
                         required time                         13.105    
                         arrival time                         -10.430    
  -------------------------------------------------------------------
                         slack                                  2.675    





Min Delay Paths
--------------------------------------------------------------------------------------
Slack (MET) :             0.010ns  (arrival time - required time)
  Source:                 gemm_system_i/gemm_top_l2_0/inst/u_l2_v3/u_core/systolic_array_inst/ROW[9].COL[8].u_pe/weight_out_reg[1]/C
                            (rising edge-triggered cell FDRE clocked by clk_pl_0  {rise@0.000ns fall@5.000ns period=10.000ns})
  Destination:            gemm_system_i/gemm_top_l2_0/inst/u_l2_v3/u_core/systolic_array_inst/ROW[10].COL[8].u_pe/weight_out_reg[1]/D
                            (rising edge-triggered cell FDRE clocked by clk_pl_0  {rise@0.000ns fall@5.000ns period=10.000ns})
  Path Group:             clk_pl_0
  Path Type:              Hold (Min at Slow Process Corner)
  Requirement:            0.000ns  (clk_pl_0 rise@0.000ns - clk_pl_0 rise@0.000ns)
  Data Path Delay:        0.313ns  (logic 0.115ns (36.693%)  route 0.198ns (63.307%))
  Logic Levels:           0  
  Clock Path Skew:        0.202ns (DCD - SCD - CPR)
    Destination Clock Delay (DCD):    3.336ns
    Source Clock Delay      (SCD):    2.890ns
    Clock Pessimism Removal (CPR):    0.243ns
  Clock Net Delay (Source):      2.674ns (routing 1.450ns, distribution 1.224ns)
  Clock Net Delay (Destination): 3.069ns (routing 1.584ns, distribution 1.485ns)

    Location             Delay type                Incr(ns)  Path(ns)    Netlist Resource(s)
  -------------------------------------------------------------------    -------------------
                         (clock clk_pl_0 rise edge)
                                                      0.000     0.000 r  
    PS8_X0Y0             PS8                          0.000     0.000 r  gemm_system_i/zynq_ultra_ps_e_0/inst/PS8_i/PLCLK[0]
                         net (fo=1, routed)           0.181     0.181    gemm_system_i/zynq_ultra_ps_e_0/inst/pl_clk_unbuffered[0]
    BUFG_PS_X0Y80        BUFG_PS (Prop_BUFG_PS_I_O)
                                                      0.035     0.216 r  gemm_system_i/zynq_ultra_ps_e_0/inst/buffer_pl_clk_0.PL_CLK_0_BUFG/O
    X1Y1 (CLOCK_ROOT)    net (fo=32898, routed)       2.674     2.890    gemm_system_i/gemm_top_l2_0/inst/u_l2_v3/u_core/systolic_array_inst/ROW[9].COL[8].u_pe/aclk
    SLICE_X40Y143        FDRE                                         r  gemm_system_i/gemm_top_l2_0/inst/u_l2_v3/u_core/systolic_array_inst/ROW[9].COL[8].u_pe/weight_out_reg[1]/C
  -------------------------------------------------------------------    -------------------
    SLICE_X40Y143        FDRE (Prop_FFF2_SLICEM_C_Q)
                                                      0.115     3.005 r  gemm_system_i/gemm_top_l2_0/inst/u_l2_v3/u_core/systolic_array_inst/ROW[9].COL[8].u_pe/weight_out_reg[1]/Q
                         net (fo=2, routed)           0.198     3.204    gemm_system_i/gemm_top_l2_0/inst/u_l2_v3/u_core/systolic_array_inst/ROW[10].COL[8].u_pe/Q[1]
    SLICE_X41Y143        FDRE                                         r  gemm_system_i/gemm_top_l2_0/inst/u_l2_v3/u_core/systolic_array_inst/ROW[10].COL[8].u_pe/weight_out_reg[1]/D
  -------------------------------------------------------------------    -------------------

                         (clock clk_pl_0 rise edge)
                                                      0.000     0.000 r  
    PS8_X0Y0             PS8                          0.000     0.000 r  gemm_system_i/zynq_ultra_ps_e_0/inst/PS8_i/PLCLK[0]
                         net (fo=1, routed)           0.229     0.229    gemm_system_i/zynq_ultra_ps_e_0/inst/pl_clk_unbuffered[0]
    BUFG_PS_X0Y80        BUFG_PS (Prop_BUFG_PS_I_O)
                                                      0.038     0.267 r  gemm_system_i/zynq_ultra_ps_e_0/inst/buffer_pl_clk_0.PL_CLK_0_BUFG/O
    X1Y1 (CLOCK_ROOT)    net (fo=32898, routed)       3.069     3.336    gemm_system_i/gemm_top_l2_0/inst/u_l2_v3/u_core/systolic_array_inst/ROW[10].COL[8].u_pe/aclk
    SLICE_X41Y143        FDRE                                         r  gemm_system_i/gemm_top_l2_0/inst/u_l2_v3/u_core/systolic_array_inst/ROW[10].COL[8].u_pe/weight_out_reg[1]/C
                         clock pessimism             -0.243     3.092    
    SLICE_X41Y143        FDRE (Hold_EFF_SLICEM_C_D)
                                                      0.101     3.193    gemm_system_i/gemm_top_l2_0/inst/u_l2_v3/u_core/systolic_array_inst/ROW[10].COL[8].u_pe/weight_out_reg[1]
  -------------------------------------------------------------------
                         required time                         -3.193    
                         arrival time                           3.204    
  -------------------------------------------------------------------
                         slack                                  0.010    

Slack (MET) :             0.011ns  (arrival time - required time)
  Source:                 gemm_system_i/smartconnect_1/inst/s00_entry_pipeline/s00_transaction_regulator/inst/gen_endpoint.gen_w_singleorder.w_singleorder/gen_cmd_reg.cmd_reg/m_vector_i_reg[1068]/C
                            (rising edge-triggered cell FDRE clocked by clk_pl_0  {rise@0.000ns fall@5.000ns period=10.000ns})
  Destination:            gemm_system_i/smartconnect_1/inst/s00_entry_pipeline/s00_si_converter/inst/converter.low_area_converter.low_area_wrap_inst/orig_awaddr_reg[7]/D
                            (rising edge-triggered cell FDRE clocked by clk_pl_0  {rise@0.000ns fall@5.000ns period=10.000ns})
  Path Group:             clk_pl_0
  Path Type:              Hold (Min at Slow Process Corner)
  Requirement:            0.000ns  (clk_pl_0 rise@0.000ns - clk_pl_0 rise@0.000ns)
  Data Path Delay:        0.251ns  (logic 0.112ns (44.622%)  route 0.139ns (55.379%))
  Logic Levels:           0  
  Clock Path Skew:        0.138ns (DCD - SCD - CPR)
    Destination Clock Delay (DCD):    3.413ns
    Source Clock Delay      (SCD):    3.034ns
    Clock Pessimism Removal (CPR):    0.240ns
  Clock Net Delay (Source):      2.818ns (routing 1.450ns, distribution 1.368ns)
  Clock Net Delay (Destination): 3.146ns (routing 1.584ns, distribution 1.562ns)

    Location             Delay type                Incr(ns)  Path(ns)    Netlist Resource(s)
  -------------------------------------------------------------------    -------------------
                         (clock clk_pl_0 rise edge)
                                                      0.000     0.000 r  
    PS8_X0Y0             PS8                          0.000     0.000 r  gemm_system_i/zynq_ultra_ps_e_0/inst/PS8_i/PLCLK[0]
                         net (fo=1, routed)           0.181     0.181    gemm_system_i/zynq_ultra_ps_e_0/inst/pl_clk_unbuffered[0]
    BUFG_PS_X0Y80        BUFG_PS (Prop_BUFG_PS_I_O)
                                                      0.035     0.216 r  gemm_system_i/zynq_ultra_ps_e_0/inst/buffer_pl_clk_0.PL_CLK_0_BUFG/O
    X1Y1 (CLOCK_ROOT)    net (fo=32898, routed)       2.818     3.034    gemm_system_i/smartconnect_1/inst/s00_entry_pipeline/s00_transaction_regulator/inst/gen_endpoint.gen_w_singleorder.w_singleorder/gen_cmd_reg.cmd_reg/aclk
    SLICE_X4Y88          FDRE                                         r  gemm_system_i/smartconnect_1/inst/s00_entry_pipeline/s00_transaction_regulator/inst/gen_endpoint.gen_w_singleorder.w_singleorder/gen_cmd_reg.cmd_reg/m_vector_i_reg[1068]/C
  -------------------------------------------------------------------    -------------------
    SLICE_X4Y88          FDRE (Prop_DFF_SLICEM_C_Q)
                                                      0.112     3.146 r  gemm_system_i/smartconnect_1/inst/s00_entry_pipeline/s00_transaction_regulator/inst/gen_endpoint.gen_w_singleorder.w_singleorder/gen_cmd_reg.cmd_reg/m_vector_i_reg[1068]/Q
                         net (fo=1, routed)           0.139     3.285    gemm_system_i/smartconnect_1/inst/s00_entry_pipeline/s00_si_converter/inst/converter.low_area_converter.low_area_wrap_inst/s_axi_awaddr[7]
    SLICE_X2Y86          FDRE                                         r  gemm_system_i/smartconnect_1/inst/s00_entry_pipeline/s00_si_converter/inst/converter.low_area_converter.low_area_wrap_inst/orig_awaddr_reg[7]/D
  -------------------------------------------------------------------    -------------------

                         (clock clk_pl_0 rise edge)
                                                      0.000     0.000 r  
    PS8_X0Y0             PS8                          0.000     0.000 r  gemm_system_i/zynq_ultra_ps_e_0/inst/PS8_i/PLCLK[0]
                         net (fo=1, routed)           0.229     0.229    gemm_system_i/zynq_ultra_ps_e_0/inst/pl_clk_unbuffered[0]
    BUFG_PS_X0Y80        BUFG_PS (Prop_BUFG_PS_I_O)
                                                      0.038     0.267 r  gemm_system_i/zynq_ultra_ps_e_0/inst/buffer_pl_clk_0.PL_CLK_0_BUFG/O
    X1Y1 (CLOCK_ROOT)    net (fo=32898, routed)       3.146     3.413    gemm_system_i/smartconnect_1/inst/s00_entry_pipeline/s00_si_converter/inst/converter.low_area_converter.low_area_wrap_inst/aclk
    SLICE_X2Y86          FDRE                                         r  gemm_system_i/smartconnect_1/inst/s00_entry_pipeline/s00_si_converter/inst/converter.low_area_converter.low_area_wrap_inst/orig_awaddr_reg[7]/C
                         clock pessimism             -0.240     3.173    
    SLICE_X2Y86          FDRE (Hold_BFF2_SLICEM_C_D)
                                                      0.102     3.275    gemm_system_i/smartconnect_1/inst/s00_entry_pipeline/s00_si_converter/inst/converter.low_area_converter.low_area_wrap_inst/orig_awaddr_reg[7]
  -------------------------------------------------------------------
                         required time                         -3.275    
                         arrival time                           3.285    
  -------------------------------------------------------------------
                         slack                                  0.011    

Slack (MET) :             0.011ns  (arrival time - required time)
  Source:                 gemm_system_i/gemm_top_l2_0/inst/u_l2_v3/u_core/systolic_array_inst/ROW[5].COL[13].u_pe/weight_out_reg[1]/C
                            (rising edge-triggered cell FDRE clocked by clk_pl_0  {rise@0.000ns fall@5.000ns period=10.000ns})
  Destination:            gemm_system_i/gemm_top_l2_0/inst/u_l2_v3/u_core/systolic_array_inst/ROW[6].COL[13].u_pe/weight_out_reg[1]/D
                            (rising edge-triggered cell FDRE clocked by clk_pl_0  {rise@0.000ns fall@5.000ns period=10.000ns})
  Path Group:             clk_pl_0
  Path Type:              Hold (Min at Slow Process Corner)
  Requirement:            0.000ns  (clk_pl_0 rise@0.000ns - clk_pl_0 rise@0.000ns)
  Data Path Delay:        0.234ns  (logic 0.113ns (48.228%)  route 0.121ns (51.772%))
  Logic Levels:           0  
  Clock Path Skew:        0.121ns (DCD - SCD - CPR)
    Destination Clock Delay (DCD):    3.204ns
    Source Clock Delay      (SCD):    2.846ns
    Clock Pessimism Removal (CPR):    0.236ns
  Clock Net Delay (Source):      2.630ns (routing 1.450ns, distribution 1.180ns)
  Clock Net Delay (Destination): 2.937ns (routing 1.584ns, distribution 1.353ns)

    Location             Delay type                Incr(ns)  Path(ns)    Netlist Resource(s)
  -------------------------------------------------------------------    -------------------
                         (clock clk_pl_0 rise edge)
                                                      0.000     0.000 r  
    PS8_X0Y0             PS8                          0.000     0.000 r  gemm_system_i/zynq_ultra_ps_e_0/inst/PS8_i/PLCLK[0]
                         net (fo=1, routed)           0.181     0.181    gemm_system_i/zynq_ultra_ps_e_0/inst/pl_clk_unbuffered[0]
    BUFG_PS_X0Y80        BUFG_PS (Prop_BUFG_PS_I_O)
                                                      0.035     0.216 r  gemm_system_i/zynq_ultra_ps_e_0/inst/buffer_pl_clk_0.PL_CLK_0_BUFG/O
    X1Y1 (CLOCK_ROOT)    net (fo=32898, routed)       2.630     2.846    gemm_system_i/gemm_top_l2_0/inst/u_l2_v3/u_core/systolic_array_inst/ROW[5].COL[13].u_pe/aclk
    SLICE_X34Y108        FDRE                                         r  gemm_system_i/gemm_top_l2_0/inst/u_l2_v3/u_core/systolic_array_inst/ROW[5].COL[13].u_pe/weight_out_reg[1]/C
  -------------------------------------------------------------------    -------------------
    SLICE_X34Y108        FDRE (Prop_HFF2_SLICEM_C_Q)
                                                      0.113     2.959 r  gemm_system_i/gemm_top_l2_0/inst/u_l2_v3/u_core/systolic_array_inst/ROW[5].COL[13].u_pe/weight_out_reg[1]/Q
                         net (fo=2, routed)           0.121     3.080    gemm_system_i/gemm_top_l2_0/inst/u_l2_v3/u_core/systolic_array_inst/ROW[6].COL[13].u_pe/Q[1]
    SLICE_X35Y108        FDRE                                         r  gemm_system_i/gemm_top_l2_0/inst/u_l2_v3/u_core/systolic_array_inst/ROW[6].COL[13].u_pe/weight_out_reg[1]/D
  -------------------------------------------------------------------    -------------------

                         (clock clk_pl_0 rise edge)
                                                      0.000     0.000 r  
    PS8_X0Y0             PS8                          0.000     0.000 r  gemm_system_i/zynq_ultra_ps_e_0/inst/PS8_i/PLCLK[0]
                         net (fo=1, routed)           0.229     0.229    gemm_system_i/zynq_ultra_ps_e_0/inst/pl_clk_unbuffered[0]
    BUFG_PS_X0Y80        BUFG_PS (Prop_BUFG_PS_I_O)
                                                      0.038     0.267 r  gemm_system_i/zynq_ultra_ps_e_0/inst/buffer_pl_clk_0.PL_CLK_0_BUFG/O
    X1Y1 (CLOCK_ROOT)    net (fo=32898, routed)       2.937     3.204    gemm_system_i/gemm_top_l2_0/inst/u_l2_v3/u_core/systolic_array_inst/ROW[6].COL[13].u_pe/aclk
    SLICE_X35Y108        FDRE                                         r  gemm_system_i/gemm_top_l2_0/inst/u_l2_v3/u_core/systolic_array_inst/ROW[6].COL[13].u_pe/weight_out_reg[1]/C
                         clock pessimism             -0.236     2.968    
    SLICE_X35Y108        FDRE (Hold_BFF2_SLICEM_C_D)
                                                      0.102     3.070    gemm_system_i/gemm_top_l2_0/inst/u_l2_v3/u_core/systolic_array_inst/ROW[6].COL[13].u_pe/weight_out_reg[1]
  -------------------------------------------------------------------
                         required time                         -3.070    
                         arrival time                           3.080    
  -------------------------------------------------------------------
                         slack                                  0.011    

Slack (MET) :             0.011ns  (arrival time - required time)
  Source:                 gemm_system_i/gemm_top_l2_0/inst/u_l2_v3/u_core/systolic_array_inst/ROW[4].COL[14].u_pe/weight_out_reg[1]/C
                            (rising edge-triggered cell FDRE clocked by clk_pl_0  {rise@0.000ns fall@5.000ns period=10.000ns})
  Destination:            gemm_system_i/gemm_top_l2_0/inst/u_l2_v3/u_core/systolic_array_inst/ROW[5].COL[14].u_pe/weight_out_reg[1]/D
                            (rising edge-triggered cell FDRE clocked by clk_pl_0  {rise@0.000ns fall@5.000ns period=10.000ns})
  Path Group:             clk_pl_0
  Path Type:              Hold (Min at Slow Process Corner)
  Requirement:            0.000ns  (clk_pl_0 rise@0.000ns - clk_pl_0 rise@0.000ns)
  Data Path Delay:        0.238ns  (logic 0.114ns (47.838%)  route 0.124ns (52.162%))
  Logic Levels:           0  
  Clock Path Skew:        0.125ns (DCD - SCD - CPR)
    Destination Clock Delay (DCD):    3.195ns
    Source Clock Delay      (SCD):    2.833ns
    Clock Pessimism Removal (CPR):    0.236ns
  Clock Net Delay (Source):      2.617ns (routing 1.450ns, distribution 1.167ns)
  Clock Net Delay (Destination): 2.928ns (routing 1.584ns, distribution 1.344ns)

    Location             Delay type                Incr(ns)  Path(ns)    Netlist Resource(s)
  -------------------------------------------------------------------    -------------------
                         (clock clk_pl_0 rise edge)
                                                      0.000     0.000 r  
    PS8_X0Y0             PS8                          0.000     0.000 r  gemm_system_i/zynq_ultra_ps_e_0/inst/PS8_i/PLCLK[0]
                         net (fo=1, routed)           0.181     0.181    gemm_system_i/zynq_ultra_ps_e_0/inst/pl_clk_unbuffered[0]
    BUFG_PS_X0Y80        BUFG_PS (Prop_BUFG_PS_I_O)
                                                      0.035     0.216 r  gemm_system_i/zynq_ultra_ps_e_0/inst/buffer_pl_clk_0.PL_CLK_0_BUFG/O
    X1Y1 (CLOCK_ROOT)    net (fo=32898, routed)       2.617     2.833    gemm_system_i/gemm_top_l2_0/inst/u_l2_v3/u_core/systolic_array_inst/ROW[4].COL[14].u_pe/aclk
    SLICE_X34Y99         FDRE                                         r  gemm_system_i/gemm_top_l2_0/inst/u_l2_v3/u_core/systolic_array_inst/ROW[4].COL[14].u_pe/weight_out_reg[1]/C
  -------------------------------------------------------------------    -------------------
    SLICE_X34Y99         FDRE (Prop_AFF2_SLICEM_C_Q)
                                                      0.114     2.947 r  gemm_system_i/gemm_top_l2_0/inst/u_l2_v3/u_core/systolic_array_inst/ROW[4].COL[14].u_pe/weight_out_reg[1]/Q
                         net (fo=2, routed)           0.124     3.071    gemm_system_i/gemm_top_l2_0/inst/u_l2_v3/u_core/systolic_array_inst/ROW[5].COL[14].u_pe/p_reg_reg_2[1]
    SLICE_X35Y99         FDRE                                         r  gemm_system_i/gemm_top_l2_0/inst/u_l2_v3/u_core/systolic_array_inst/ROW[5].COL[14].u_pe/weight_out_reg[1]/D
  -------------------------------------------------------------------    -------------------

                         (clock clk_pl_0 rise edge)
                                                      0.000     0.000 r  
    PS8_X0Y0             PS8                          0.000     0.000 r  gemm_system_i/zynq_ultra_ps_e_0/inst/PS8_i/PLCLK[0]
                         net (fo=1, routed)           0.229     0.229    gemm_system_i/zynq_ultra_ps_e_0/inst/pl_clk_unbuffered[0]
    BUFG_PS_X0Y80        BUFG_PS (Prop_BUFG_PS_I_O)
                                                      0.038     0.267 r  gemm_system_i/zynq_ultra_ps_e_0/inst/buffer_pl_clk_0.PL_CLK_0_BUFG/O
    X1Y1 (CLOCK_ROOT)    net (fo=32898, routed)       2.928     3.195    gemm_system_i/gemm_top_l2_0/inst/u_l2_v3/u_core/systolic_array_inst/ROW[5].COL[14].u_pe/aclk
    SLICE_X35Y99         FDRE                                         r  gemm_system_i/gemm_top_l2_0/inst/u_l2_v3/u_core/systolic_array_inst/ROW[5].COL[14].u_pe/weight_out_reg[1]/C
                         clock pessimism             -0.236     2.959    
    SLICE_X35Y99         FDRE (Hold_EFF2_SLICEM_C_D)
                                                      0.102     3.061    gemm_system_i/gemm_top_l2_0/inst/u_l2_v3/u_core/systolic_array_inst/ROW[5].COL[14].u_pe/weight_out_reg[1]
  -------------------------------------------------------------------
                         required time                         -3.061    
                         arrival time                           3.071    
  -------------------------------------------------------------------
                         slack                                  0.011    

Slack (MET) :             0.011ns  (arrival time - required time)
  Source:                 gemm_system_i/gemm_top_l2_0/inst/u_l2_v3/s2mm_tdata_reg[44]/C
                            (rising edge-triggered cell FDRE clocked by clk_pl_0  {rise@0.000ns fall@5.000ns period=10.000ns})
  Destination:            gemm_system_i/axi_datamover_0/U0/GEN_S2MM_FULL.I_S2MM_FULL_WRAPPER/ENABLE_AXIS_SKID.I_S2MM_STRM_SKID_BUF/sig_data_skid_reg_reg[44]/D
                            (rising edge-triggered cell FDRE clocked by clk_pl_0  {rise@0.000ns fall@5.000ns period=10.000ns})
  Path Group:             clk_pl_0
  Path Type:              Hold (Min at Slow Process Corner)
  Requirement:            0.000ns  (clk_pl_0 rise@0.000ns - clk_pl_0 rise@0.000ns)
  Data Path Delay:        0.275ns  (logic 0.112ns (40.791%)  route 0.163ns (59.210%))
  Logic Levels:           0  
  Clock Path Skew:        0.162ns (DCD - SCD - CPR)
    Destination Clock Delay (DCD):    3.196ns
    Source Clock Delay      (SCD):    2.846ns
    Clock Pessimism Removal (CPR):    0.188ns
  Clock Net Delay (Source):      2.630ns (routing 1.450ns, distribution 1.180ns)
  Clock Net Delay (Destination): 2.929ns (routing 1.584ns, distribution 1.345ns)

    Location             Delay type                Incr(ns)  Path(ns)    Netlist Resource(s)
  -------------------------------------------------------------------    -------------------
                         (clock clk_pl_0 rise edge)
                                                      0.000     0.000 r  
    PS8_X0Y0             PS8                          0.000     0.000 r  gemm_system_i/zynq_ultra_ps_e_0/inst/PS8_i/PLCLK[0]
                         net (fo=1, routed)           0.181     0.181    gemm_system_i/zynq_ultra_ps_e_0/inst/pl_clk_unbuffered[0]
    BUFG_PS_X0Y80        BUFG_PS (Prop_BUFG_PS_I_O)
                                                      0.035     0.216 r  gemm_system_i/zynq_ultra_ps_e_0/inst/buffer_pl_clk_0.PL_CLK_0_BUFG/O
    X1Y1 (CLOCK_ROOT)    net (fo=32898, routed)       2.630     2.846    gemm_system_i/gemm_top_l2_0/inst/u_l2_v3/aclk
    SLICE_X32Y57         FDRE                                         r  gemm_system_i/gemm_top_l2_0/inst/u_l2_v3/s2mm_tdata_reg[44]/C
  -------------------------------------------------------------------    -------------------
    SLICE_X32Y57         FDRE (Prop_EFF_SLICEM_C_Q)
                                                      0.112     2.958 r  gemm_system_i/gemm_top_l2_0/inst/u_l2_v3/s2mm_tdata_reg[44]/Q
                         net (fo=2, routed)           0.163     3.121    gemm_system_i/axi_datamover_0/U0/GEN_S2MM_FULL.I_S2MM_FULL_WRAPPER/ENABLE_AXIS_SKID.I_S2MM_STRM_SKID_BUF/s_axis_s2mm_tdata[44]
    SLICE_X32Y60         FDRE                                         r  gemm_system_i/axi_datamover_0/U0/GEN_S2MM_FULL.I_S2MM_FULL_WRAPPER/ENABLE_AXIS_SKID.I_S2MM_STRM_SKID_BUF/sig_data_skid_reg_reg[44]/D
  -------------------------------------------------------------------    -------------------

                         (clock clk_pl_0 rise edge)
                                                      0.000     0.000 r  
    PS8_X0Y0             PS8                          0.000     0.000 r  gemm_system_i/zynq_ultra_ps_e_0/inst/PS8_i/PLCLK[0]
                         net (fo=1, routed)           0.229     0.229    gemm_system_i/zynq_ultra_ps_e_0/inst/pl_clk_unbuffered[0]
    BUFG_PS_X0Y80        BUFG_PS (Prop_BUFG_PS_I_O)
                                                      0.038     0.267 r  gemm_system_i/zynq_ultra_ps_e_0/inst/buffer_pl_clk_0.PL_CLK_0_BUFG/O
    X1Y1 (CLOCK_ROOT)    net (fo=32898, routed)       2.929     3.196    gemm_system_i/axi_datamover_0/U0/GEN_S2MM_FULL.I_S2MM_FULL_WRAPPER/ENABLE_AXIS_SKID.I_S2MM_STRM_SKID_BUF/m_axi_s2mm_aclk
    SLICE_X32Y60         FDRE                                         r  gemm_system_i/axi_datamover_0/U0/GEN_S2MM_FULL.I_S2MM_FULL_WRAPPER/ENABLE_AXIS_SKID.I_S2MM_STRM_SKID_BUF/sig_data_skid_reg_reg[44]/C
                         clock pessimism             -0.188     3.008    
    SLICE_X32Y60         FDRE (Hold_CFF2_SLICEM_C_D)
                                                      0.102     3.110    gemm_system_i/axi_datamover_0/U0/GEN_S2MM_FULL.I_S2MM_FULL_WRAPPER/ENABLE_AXIS_SKID.I_S2MM_STRM_SKID_BUF/sig_data_skid_reg_reg[44]
  -------------------------------------------------------------------
                         required time                         -3.110    
                         arrival time                           3.121    
  -------------------------------------------------------------------
                         slack                                  0.011    

Slack (MET) :             0.011ns  (arrival time - required time)
  Source:                 gemm_system_i/gemm_top_l2_0/inst/u_l2_v3/u_core/systolic_array_inst/ROW[6].COL[11].u_pe/u_mac/psum_out_reg[6]/C
                            (rising edge-triggered cell FDRE clocked by clk_pl_0  {rise@0.000ns fall@5.000ns period=10.000ns})
  Destination:            gemm_system_i/gemm_top_l2_0/inst/u_l2_v3/u_core/systolic_array_inst/ROW[6].COL[11].u_pe/hold_psum_reg[6]/D
                            (rising edge-triggered cell FDRE clocked by clk_pl_0  {rise@0.000ns fall@5.000ns period=10.000ns})
  Path Group:             clk_pl_0
  Path Type:              Hold (Min at Slow Process Corner)
  Requirement:            0.000ns  (clk_pl_0 rise@0.000ns - clk_pl_0 rise@0.000ns)
  Data Path Delay:        0.313ns  (logic 0.196ns (62.620%)  route 0.117ns (37.380%))
  Logic Levels:           1  (LUT3=1)
  Clock Path Skew:        0.201ns (DCD - SCD - CPR)
    Destination Clock Delay (DCD):    3.229ns
    Source Clock Delay      (SCD):    2.843ns
    Clock Pessimism Removal (CPR):    0.185ns
  Clock Net Delay (Source):      2.627ns (routing 1.450ns, distribution 1.177ns)
  Clock Net Delay (Destination): 2.962ns (routing 1.584ns, distribution 1.378ns)

    Location             Delay type                Incr(ns)  Path(ns)    Netlist Resource(s)
  -------------------------------------------------------------------    -------------------
                         (clock clk_pl_0 rise edge)
                                                      0.000     0.000 r  
    PS8_X0Y0             PS8                          0.000     0.000 r  gemm_system_i/zynq_ultra_ps_e_0/inst/PS8_i/PLCLK[0]
                         net (fo=1, routed)           0.181     0.181    gemm_system_i/zynq_ultra_ps_e_0/inst/pl_clk_unbuffered[0]
    BUFG_PS_X0Y80        BUFG_PS (Prop_BUFG_PS_I_O)
                                                      0.035     0.216 r  gemm_system_i/zynq_ultra_ps_e_0/inst/buffer_pl_clk_0.PL_CLK_0_BUFG/O
    X1Y1 (CLOCK_ROOT)    net (fo=32898, routed)       2.627     2.843    gemm_system_i/gemm_top_l2_0/inst/u_l2_v3/u_core/systolic_array_inst/ROW[6].COL[11].u_pe/u_mac/aclk
    SLICE_X34Y119        FDRE                                         r  gemm_system_i/gemm_top_l2_0/inst/u_l2_v3/u_core/systolic_array_inst/ROW[6].COL[11].u_pe/u_mac/psum_out_reg[6]/C
  -------------------------------------------------------------------    -------------------
    SLICE_X34Y119        FDRE (Prop_HFF_SLICEM_C_Q)
                                                      0.112     2.955 r  gemm_system_i/gemm_top_l2_0/inst/u_l2_v3/u_core/systolic_array_inst/ROW[6].COL[11].u_pe/u_mac/psum_out_reg[6]/Q
                         net (fo=1, routed)           0.072     3.027    gemm_system_i/gemm_top_l2_0/inst/u_l2_v3/u_core/systolic_array_inst/ROW[6].COL[11].u_pe/u_mac/mac_psum_out[6]
    SLICE_X34Y120        LUT3 (Prop_F6LUT_SLICEM_I0_O)
                                                      0.084     3.111 r  gemm_system_i/gemm_top_l2_0/inst/u_l2_v3/u_core/systolic_array_inst/ROW[6].COL[11].u_pe/u_mac/hold_psum[6]_i_1__90/O
                         net (fo=1, routed)           0.045     3.156    gemm_system_i/gemm_top_l2_0/inst/u_l2_v3/u_core/systolic_array_inst/ROW[6].COL[11].u_pe/p_2_in[6]
    SLICE_X34Y120        FDRE                                         r  gemm_system_i/gemm_top_l2_0/inst/u_l2_v3/u_core/systolic_array_inst/ROW[6].COL[11].u_pe/hold_psum_reg[6]/D
  -------------------------------------------------------------------    -------------------

                         (clock clk_pl_0 rise edge)
                                                      0.000     0.000 r  
    PS8_X0Y0             PS8                          0.000     0.000 r  gemm_system_i/zynq_ultra_ps_e_0/inst/PS8_i/PLCLK[0]
                         net (fo=1, routed)           0.229     0.229    gemm_system_i/zynq_ultra_ps_e_0/inst/pl_clk_unbuffered[0]
    BUFG_PS_X0Y80        BUFG_PS (Prop_BUFG_PS_I_O)
                                                      0.038     0.267 r  gemm_system_i/zynq_ultra_ps_e_0/inst/buffer_pl_clk_0.PL_CLK_0_BUFG/O
    X1Y1 (CLOCK_ROOT)    net (fo=32898, routed)       2.962     3.229    gemm_system_i/gemm_top_l2_0/inst/u_l2_v3/u_core/systolic_array_inst/ROW[6].COL[11].u_pe/aclk
    SLICE_X34Y120        FDRE                                         r  gemm_system_i/gemm_top_l2_0/inst/u_l2_v3/u_core/systolic_array_inst/ROW[6].COL[11].u_pe/hold_psum_reg[6]/C
                         clock pessimism             -0.185     3.044    
    SLICE_X34Y120        FDRE (Hold_FFF_SLICEM_C_D)
                                                      0.101     3.145    gemm_system_i/gemm_top_l2_0/inst/u_l2_v3/u_core/systolic_array_inst/ROW[6].COL[11].u_pe/hold_psum_reg[6]
  -------------------------------------------------------------------
                         required time                         -3.145    
                         arrival time                           3.156    
  -------------------------------------------------------------------
                         slack                                  0.011    

Slack (MET) :             0.011ns  (arrival time - required time)
  Source:                 gemm_system_i/gemm_top_l2_0/inst/u_l2_v3/u_core/systolic_array_inst/ROW[12].COL[3].u_pe/clear_acc_fwd_reg/C
                            (rising edge-triggered cell FDRE clocked by clk_pl_0  {rise@0.000ns fall@5.000ns period=10.000ns})
  Destination:            gemm_system_i/gemm_top_l2_0/inst/u_l2_v3/u_core/systolic_array_inst/ROW[12].COL[4].u_pe/clear_acc_fwd_reg/D
                            (rising edge-triggered cell FDRE clocked by clk_pl_0  {rise@0.000ns fall@5.000ns period=10.000ns})
  Path Group:             clk_pl_0
  Path Type:              Hold (Min at Slow Process Corner)
  Requirement:            0.000ns  (clk_pl_0 rise@0.000ns - clk_pl_0 rise@0.000ns)
  Data Path Delay:        0.240ns  (logic 0.112ns (46.691%)  route 0.128ns (53.309%))
  Logic Levels:           0  
  Clock Path Skew:        0.128ns (DCD - SCD - CPR)
    Destination Clock Delay (DCD):    3.253ns
    Source Clock Delay      (SCD):    2.885ns
    Clock Pessimism Removal (CPR):    0.240ns
  Clock Net Delay (Source):      2.669ns (routing 1.450ns, distribution 1.219ns)
  Clock Net Delay (Destination): 2.986ns (routing 1.584ns, distribution 1.402ns)

    Location             Delay type                Incr(ns)  Path(ns)    Netlist Resource(s)
  -------------------------------------------------------------------    -------------------
                         (clock clk_pl_0 rise edge)
                                                      0.000     0.000 r  
    PS8_X0Y0             PS8                          0.000     0.000 r  gemm_system_i/zynq_ultra_ps_e_0/inst/PS8_i/PLCLK[0]
                         net (fo=1, routed)           0.181     0.181    gemm_system_i/zynq_ultra_ps_e_0/inst/pl_clk_unbuffered[0]
    BUFG_PS_X0Y80        BUFG_PS (Prop_BUFG_PS_I_O)
                                                      0.035     0.216 r  gemm_system_i/zynq_ultra_ps_e_0/inst/buffer_pl_clk_0.PL_CLK_0_BUFG/O
    X1Y1 (CLOCK_ROOT)    net (fo=32898, routed)       2.669     2.885    gemm_system_i/gemm_top_l2_0/inst/u_l2_v3/u_core/systolic_array_inst/ROW[12].COL[3].u_pe/aclk
    SLICE_X31Y179        FDRE                                         r  gemm_system_i/gemm_top_l2_0/inst/u_l2_v3/u_core/systolic_array_inst/ROW[12].COL[3].u_pe/clear_acc_fwd_reg/C
  -------------------------------------------------------------------    -------------------
    SLICE_X31Y179        FDRE (Prop_HFF_SLICEM_C_Q)
                                                      0.112     2.997 r  gemm_system_i/gemm_top_l2_0/inst/u_l2_v3/u_core/systolic_array_inst/ROW[12].COL[3].u_pe/clear_acc_fwd_reg/Q
                         net (fo=2, routed)           0.128     3.125    gemm_system_i/gemm_top_l2_0/inst/u_l2_v3/u_core/systolic_array_inst/ROW[12].COL[4].u_pe/clr_wire[12][4]_1168
    SLICE_X32Y179        FDRE                                         r  gemm_system_i/gemm_top_l2_0/inst/u_l2_v3/u_core/systolic_array_inst/ROW[12].COL[4].u_pe/clear_acc_fwd_reg/D
  -------------------------------------------------------------------    -------------------

                         (clock clk_pl_0 rise edge)
                                                      0.000     0.000 r  
    PS8_X0Y0             PS8                          0.000     0.000 r  gemm_system_i/zynq_ultra_ps_e_0/inst/PS8_i/PLCLK[0]
                         net (fo=1, routed)           0.229     0.229    gemm_system_i/zynq_ultra_ps_e_0/inst/pl_clk_unbuffered[0]
    BUFG_PS_X0Y80        BUFG_PS (Prop_BUFG_PS_I_O)
                                                      0.038     0.267 r  gemm_system_i/zynq_ultra_ps_e_0/inst/buffer_pl_clk_0.PL_CLK_0_BUFG/O
    X1Y1 (CLOCK_ROOT)    net (fo=32898, routed)       2.986     3.253    gemm_system_i/gemm_top_l2_0/inst/u_l2_v3/u_core/systolic_array_inst/ROW[12].COL[4].u_pe/aclk
    SLICE_X32Y179        FDRE                                         r  gemm_system_i/gemm_top_l2_0/inst/u_l2_v3/u_core/systolic_array_inst/ROW[12].COL[4].u_pe/clear_acc_fwd_reg/C
                         clock pessimism             -0.240     3.013    
    SLICE_X32Y179        FDRE (Hold_HFF_SLICEM_C_D)
                                                      0.101     3.114    gemm_system_i/gemm_top_l2_0/inst/u_l2_v3/u_core/systolic_array_inst/ROW[12].COL[4].u_pe/clear_acc_fwd_reg
  -------------------------------------------------------------------
                         required time                         -3.114    
                         arrival time                           3.125    
  -------------------------------------------------------------------
                         slack                                  0.011    

Slack (MET) :             0.012ns  (arrival time - required time)
  Source:                 gemm_system_i/gemm_top_l2_0/inst/u_l2_v3/s2mm_tdata_reg[87]/C
                            (rising edge-triggered cell FDRE clocked by clk_pl_0  {rise@0.000ns fall@5.000ns period=10.000ns})
  Destination:            gemm_system_i/axi_datamover_0/U0/GEN_S2MM_FULL.I_S2MM_FULL_WRAPPER/ENABLE_AXIS_SKID.I_S2MM_STRM_SKID_BUF/sig_data_skid_reg_reg[87]/D
                            (rising edge-triggered cell FDRE clocked by clk_pl_0  {rise@0.000ns fall@5.000ns period=10.000ns})
  Path Group:             clk_pl_0
  Path Type:              Hold (Min at Slow Process Corner)
  Requirement:            0.000ns  (clk_pl_0 rise@0.000ns - clk_pl_0 rise@0.000ns)
  Data Path Delay:        0.214ns  (logic 0.112ns (52.434%)  route 0.102ns (47.566%))
  Logic Levels:           0  
  Clock Path Skew:        0.099ns (DCD - SCD - CPR)
    Destination Clock Delay (DCD):    3.173ns
    Source Clock Delay      (SCD):    2.838ns
    Clock Pessimism Removal (CPR):    0.236ns
  Clock Net Delay (Source):      2.622ns (routing 1.450ns, distribution 1.172ns)
  Clock Net Delay (Destination): 2.906ns (routing 1.584ns, distribution 1.322ns)

    Location             Delay type                Incr(ns)  Path(ns)    Netlist Resource(s)
  -------------------------------------------------------------------    -------------------
                         (clock clk_pl_0 rise edge)
                                                      0.000     0.000 r  
    PS8_X0Y0             PS8                          0.000     0.000 r  gemm_system_i/zynq_ultra_ps_e_0/inst/PS8_i/PLCLK[0]
                         net (fo=1, routed)           0.181     0.181    gemm_system_i/zynq_ultra_ps_e_0/inst/pl_clk_unbuffered[0]
    BUFG_PS_X0Y80        BUFG_PS (Prop_BUFG_PS_I_O)
                                                      0.035     0.216 r  gemm_system_i/zynq_ultra_ps_e_0/inst/buffer_pl_clk_0.PL_CLK_0_BUFG/O
    X1Y1 (CLOCK_ROOT)    net (fo=32898, routed)       2.622     2.838    gemm_system_i/gemm_top_l2_0/inst/u_l2_v3/aclk
    SLICE_X31Y67         FDRE                                         r  gemm_system_i/gemm_top_l2_0/inst/u_l2_v3/s2mm_tdata_reg[87]/C
  -------------------------------------------------------------------    -------------------
    SLICE_X31Y67         FDRE (Prop_EFF_SLICEM_C_Q)
                                                      0.112     2.950 r  gemm_system_i/gemm_top_l2_0/inst/u_l2_v3/s2mm_tdata_reg[87]/Q
                         net (fo=2, routed)           0.102     3.052    gemm_system_i/axi_datamover_0/U0/GEN_S2MM_FULL.I_S2MM_FULL_WRAPPER/ENABLE_AXIS_SKID.I_S2MM_STRM_SKID_BUF/s_axis_s2mm_tdata[87]
    SLICE_X30Y67         FDRE                                         r  gemm_system_i/axi_datamover_0/U0/GEN_S2MM_FULL.I_S2MM_FULL_WRAPPER/ENABLE_AXIS_SKID.I_S2MM_STRM_SKID_BUF/sig_data_skid_reg_reg[87]/D
  -------------------------------------------------------------------    -------------------

                         (clock clk_pl_0 rise edge)
                                                      0.000     0.000 r  
    PS8_X0Y0             PS8                          0.000     0.000 r  gemm_system_i/zynq_ultra_ps_e_0/inst/PS8_i/PLCLK[0]
                         net (fo=1, routed)           0.229     0.229    gemm_system_i/zynq_ultra_ps_e_0/inst/pl_clk_unbuffered[0]
    BUFG_PS_X0Y80        BUFG_PS (Prop_BUFG_PS_I_O)
                                                      0.038     0.267 r  gemm_system_i/zynq_ultra_ps_e_0/inst/buffer_pl_clk_0.PL_CLK_0_BUFG/O
    X1Y1 (CLOCK_ROOT)    net (fo=32898, routed)       2.906     3.173    gemm_system_i/axi_datamover_0/U0/GEN_S2MM_FULL.I_S2MM_FULL_WRAPPER/ENABLE_AXIS_SKID.I_S2MM_STRM_SKID_BUF/m_axi_s2mm_aclk
    SLICE_X30Y67         FDRE                                         r  gemm_system_i/axi_datamover_0/U0/GEN_S2MM_FULL.I_S2MM_FULL_WRAPPER/ENABLE_AXIS_SKID.I_S2MM_STRM_SKID_BUF/sig_data_skid_reg_reg[87]/C
                         clock pessimism             -0.236     2.937    
    SLICE_X30Y67         FDRE (Hold_FFF2_SLICEL_C_D)
                                                      0.103     3.040    gemm_system_i/axi_datamover_0/U0/GEN_S2MM_FULL.I_S2MM_FULL_WRAPPER/ENABLE_AXIS_SKID.I_S2MM_STRM_SKID_BUF/sig_data_skid_reg_reg[87]
  -------------------------------------------------------------------
                         required time                         -3.040    
                         arrival time                           3.052    
  -------------------------------------------------------------------
                         slack                                  0.012    

Slack (MET) :             0.012ns  (arrival time - required time)
  Source:                 gemm_system_i/gemm_top_l2_0/inst/u_l2_v3/u_core/systolic_array_inst/ROW[11].COL[9].u_pe/weight_out_reg[6]/C
                            (rising edge-triggered cell FDRE clocked by clk_pl_0  {rise@0.000ns fall@5.000ns period=10.000ns})
  Destination:            gemm_system_i/gemm_top_l2_0/inst/u_l2_v3/u_core/systolic_array_inst/ROW[12].COL[9].u_pe/weight_out_reg[6]/D
                            (rising edge-triggered cell FDRE clocked by clk_pl_0  {rise@0.000ns fall@5.000ns period=10.000ns})
  Path Group:             clk_pl_0
  Path Type:              Hold (Min at Slow Process Corner)
  Requirement:            0.000ns  (clk_pl_0 rise@0.000ns - clk_pl_0 rise@0.000ns)
  Data Path Delay:        0.309ns  (logic 0.112ns (36.210%)  route 0.197ns (63.790%))
  Logic Levels:           0  
  Clock Path Skew:        0.194ns (DCD - SCD - CPR)
    Destination Clock Delay (DCD):    3.331ns
    Source Clock Delay      (SCD):    2.893ns
    Clock Pessimism Removal (CPR):    0.243ns
  Clock Net Delay (Source):      2.677ns (routing 1.450ns, distribution 1.227ns)
  Clock Net Delay (Destination): 3.064ns (routing 1.584ns, distribution 1.480ns)

    Location             Delay type                Incr(ns)  Path(ns)    Netlist Resource(s)
  -------------------------------------------------------------------    -------------------
                         (clock clk_pl_0 rise edge)
                                                      0.000     0.000 r  
    PS8_X0Y0             PS8                          0.000     0.000 r  gemm_system_i/zynq_ultra_ps_e_0/inst/PS8_i/PLCLK[0]
                         net (fo=1, routed)           0.181     0.181    gemm_system_i/zynq_ultra_ps_e_0/inst/pl_clk_unbuffered[0]
    BUFG_PS_X0Y80        BUFG_PS (Prop_BUFG_PS_I_O)
                                                      0.035     0.216 r  gemm_system_i/zynq_ultra_ps_e_0/inst/buffer_pl_clk_0.PL_CLK_0_BUFG/O
    X1Y1 (CLOCK_ROOT)    net (fo=32898, routed)       2.677     2.893    gemm_system_i/gemm_top_l2_0/inst/u_l2_v3/u_core/systolic_array_inst/ROW[11].COL[9].u_pe/aclk
    SLICE_X40Y132        FDRE                                         r  gemm_system_i/gemm_top_l2_0/inst/u_l2_v3/u_core/systolic_array_inst/ROW[11].COL[9].u_pe/weight_out_reg[6]/C
  -------------------------------------------------------------------    -------------------
    SLICE_X40Y132        FDRE (Prop_GFF_SLICEM_C_Q)
                                                      0.112     3.005 r  gemm_system_i/gemm_top_l2_0/inst/u_l2_v3/u_core/systolic_array_inst/ROW[11].COL[9].u_pe/weight_out_reg[6]/Q
                         net (fo=2, routed)           0.197     3.202    gemm_system_i/gemm_top_l2_0/inst/u_l2_v3/u_core/systolic_array_inst/ROW[12].COL[9].u_pe/Q[6]
    SLICE_X41Y132        FDRE                                         r  gemm_system_i/gemm_top_l2_0/inst/u_l2_v3/u_core/systolic_array_inst/ROW[12].COL[9].u_pe/weight_out_reg[6]/D
  -------------------------------------------------------------------    -------------------

                         (clock clk_pl_0 rise edge)
                                                      0.000     0.000 r  
    PS8_X0Y0             PS8                          0.000     0.000 r  gemm_system_i/zynq_ultra_ps_e_0/inst/PS8_i/PLCLK[0]
                         net (fo=1, routed)           0.229     0.229    gemm_system_i/zynq_ultra_ps_e_0/inst/pl_clk_unbuffered[0]
    BUFG_PS_X0Y80        BUFG_PS (Prop_BUFG_PS_I_O)
                                                      0.038     0.267 r  gemm_system_i/zynq_ultra_ps_e_0/inst/buffer_pl_clk_0.PL_CLK_0_BUFG/O
    X1Y1 (CLOCK_ROOT)    net (fo=32898, routed)       3.064     3.331    gemm_system_i/gemm_top_l2_0/inst/u_l2_v3/u_core/systolic_array_inst/ROW[12].COL[9].u_pe/aclk
    SLICE_X41Y132        FDRE                                         r  gemm_system_i/gemm_top_l2_0/inst/u_l2_v3/u_core/systolic_array_inst/ROW[12].COL[9].u_pe/weight_out_reg[6]/C
                         clock pessimism             -0.243     3.087    
    SLICE_X41Y132        FDRE (Hold_HFF2_SLICEM_C_D)
                                                      0.103     3.190    gemm_system_i/gemm_top_l2_0/inst/u_l2_v3/u_core/systolic_array_inst/ROW[12].COL[9].u_pe/weight_out_reg[6]
  -------------------------------------------------------------------
                         required time                         -3.190    
                         arrival time                           3.202    
  -------------------------------------------------------------------
                         slack                                  0.012    

Slack (MET) :             0.012ns  (arrival time - required time)
  Source:                 gemm_system_i/gemm_top_l2_0/inst/u_l2_v3/u_core/systolic_array_inst/ROW[0].COL[0].u_pe/act_out_reg[6]/C
                            (rising edge-triggered cell FDRE clocked by clk_pl_0  {rise@0.000ns fall@5.000ns period=10.000ns})
  Destination:            gemm_system_i/gemm_top_l2_0/inst/u_l2_v3/u_core/systolic_array_inst/ROW[0].COL[1].u_pe/act_out_reg[6]/D
                            (rising edge-triggered cell FDRE clocked by clk_pl_0  {rise@0.000ns fall@5.000ns period=10.000ns})
  Path Group:             clk_pl_0
  Path Type:              Hold (Min at Slow Process Corner)
  Requirement:            0.000ns  (clk_pl_0 rise@0.000ns - clk_pl_0 rise@0.000ns)
  Data Path Delay:        0.239ns  (logic 0.113ns (47.220%)  route 0.126ns (52.780%))
  Logic Levels:           0  
  Clock Path Skew:        0.125ns (DCD - SCD - CPR)
    Destination Clock Delay (DCD):    3.240ns
    Source Clock Delay      (SCD):    2.880ns
    Clock Pessimism Removal (CPR):    0.234ns
  Clock Net Delay (Source):      2.664ns (routing 1.450ns, distribution 1.214ns)
  Clock Net Delay (Destination): 2.973ns (routing 1.584ns, distribution 1.389ns)

    Location             Delay type                Incr(ns)  Path(ns)    Netlist Resource(s)
  -------------------------------------------------------------------    -------------------
                         (clock clk_pl_0 rise edge)
                                                      0.000     0.000 r  
    PS8_X0Y0             PS8                          0.000     0.000 r  gemm_system_i/zynq_ultra_ps_e_0/inst/PS8_i/PLCLK[0]
                         net (fo=1, routed)           0.181     0.181    gemm_system_i/zynq_ultra_ps_e_0/inst/pl_clk_unbuffered[0]
    BUFG_PS_X0Y80        BUFG_PS (Prop_BUFG_PS_I_O)
                                                      0.035     0.216 r  gemm_system_i/zynq_ultra_ps_e_0/inst/buffer_pl_clk_0.PL_CLK_0_BUFG/O
    X1Y1 (CLOCK_ROOT)    net (fo=32898, routed)       2.664     2.880    gemm_system_i/gemm_top_l2_0/inst/u_l2_v3/u_core/systolic_array_inst/ROW[0].COL[0].u_pe/aclk
    SLICE_X31Y209        FDRE                                         r  gemm_system_i/gemm_top_l2_0/inst/u_l2_v3/u_core/systolic_array_inst/ROW[0].COL[0].u_pe/act_out_reg[6]/C
  -------------------------------------------------------------------    -------------------
    SLICE_X31Y209        FDRE (Prop_HFF2_SLICEM_C_Q)
                                                      0.113     2.993 r  gemm_system_i/gemm_top_l2_0/inst/u_l2_v3/u_core/systolic_array_inst/ROW[0].COL[0].u_pe/act_out_reg[6]/Q
                         net (fo=2, routed)           0.126     3.119    gemm_system_i/gemm_top_l2_0/inst/u_l2_v3/u_core/systolic_array_inst/ROW[0].COL[1].u_pe/p_reg_reg_1[6]
    SLICE_X32Y209        FDRE                                         r  gemm_system_i/gemm_top_l2_0/inst/u_l2_v3/u_core/systolic_array_inst/ROW[0].COL[1].u_pe/act_out_reg[6]/D
  -------------------------------------------------------------------    -------------------

                         (clock clk_pl_0 rise edge)
                                                      0.000     0.000 r  
    PS8_X0Y0             PS8                          0.000     0.000 r  gemm_system_i/zynq_ultra_ps_e_0/inst/PS8_i/PLCLK[0]
                         net (fo=1, routed)           0.229     0.229    gemm_system_i/zynq_ultra_ps_e_0/inst/pl_clk_unbuffered[0]
    BUFG_PS_X0Y80        BUFG_PS (Prop_BUFG_PS_I_O)
                                                      0.038     0.267 r  gemm_system_i/zynq_ultra_ps_e_0/inst/buffer_pl_clk_0.PL_CLK_0_BUFG/O
    X1Y1 (CLOCK_ROOT)    net (fo=32898, routed)       2.973     3.240    gemm_system_i/gemm_top_l2_0/inst/u_l2_v3/u_core/systolic_array_inst/ROW[0].COL[1].u_pe/aclk
    SLICE_X32Y209        FDRE                                         r  gemm_system_i/gemm_top_l2_0/inst/u_l2_v3/u_core/systolic_array_inst/ROW[0].COL[1].u_pe/act_out_reg[6]/C
                         clock pessimism             -0.234     3.005    
    SLICE_X32Y209        FDRE (Hold_EFF2_SLICEM_C_D)
                                                      0.102     3.107    gemm_system_i/gemm_top_l2_0/inst/u_l2_v3/u_core/systolic_array_inst/ROW[0].COL[1].u_pe/act_out_reg[6]
  -------------------------------------------------------------------
                         required time                         -3.107    
                         arrival time                           3.119    
  -------------------------------------------------------------------
                         slack                                  0.012    





Pulse Width Checks
--------------------------------------------------------------------------------------
Clock Name:         clk_pl_0
Waveform(ns):       { 0.000 5.000 }
Period(ns):         10.000
Sources:            { gemm_system_i/zynq_ultra_ps_e_0/inst/PS8_i/PLCLK[0] }

Check Type        Corner  Lib Pin          Reference Pin  Required(ns)  Actual(ns)  Slack(ns)  Location       Pin
Min Period        n/a     PS8/MAXIGP0ACLK  n/a            3.000         10.000      7.000      PS8_X0Y0       gemm_system_i/zynq_ultra_ps_e_0/inst/PS8_i/MAXIGP0ACLK
Min Period        n/a     PS8/SAXIGP0RCLK  n/a            3.000         10.000      7.000      PS8_X0Y0       gemm_system_i/zynq_ultra_ps_e_0/inst/PS8_i/SAXIGP0RCLK
Min Period        n/a     PS8/SAXIGP0WCLK  n/a            3.000         10.000      7.000      PS8_X0Y0       gemm_system_i/zynq_ultra_ps_e_0/inst/PS8_i/SAXIGP0WCLK
Min Period        n/a     PS8/SAXIGP1RCLK  n/a            3.000         10.000      7.000      PS8_X0Y0       gemm_system_i/zynq_ultra_ps_e_0/inst/PS8_i/SAXIGP1RCLK
Min Period        n/a     PS8/SAXIGP1WCLK  n/a            3.000         10.000      7.000      PS8_X0Y0       gemm_system_i/zynq_ultra_ps_e_0/inst/PS8_i/SAXIGP1WCLK
Min Period        n/a     URAM288/CLK      n/a            2.471         10.000      7.529      URAM288_X0Y20  gemm_system_i/gemm_top_l2_0/inst/u_l2_v3/u_c_accum/xpm_memory_base_inst/gen_wr_a.gen_word_narrow.mem_reg_uram_0/CLK
Min Period        n/a     URAM288/CLK      n/a            2.471         10.000      7.529      URAM288_X0Y21  gemm_system_i/gemm_top_l2_0/inst/u_l2_v3/u_c_accum/xpm_memory_base_inst/gen_wr_a.gen_word_narrow.mem_reg_uram_1/CLK
Min Period        n/a     URAM288/CLK      n/a            2.471         10.000      7.529      URAM288_X0Y16  gemm_system_i/gemm_top_l2_0/inst/u_l2_v3/u_c_accum/xpm_memory_base_inst/gen_wr_a.gen_word_narrow.mem_reg_uram_2/CLK
Min Period        n/a     URAM288/CLK      n/a            2.471         10.000      7.529      URAM288_X0Y17  gemm_system_i/gemm_top_l2_0/inst/u_l2_v3/u_c_accum/xpm_memory_base_inst/gen_wr_a.gen_word_narrow.mem_reg_uram_3/CLK
Min Period        n/a     URAM288/CLK      n/a            2.471         10.000      7.529      URAM288_X0Y22  gemm_system_i/gemm_top_l2_0/inst/u_l2_v3/u_c_accum/xpm_memory_base_inst/gen_wr_a.gen_word_narrow.mem_reg_uram_4/CLK
Low Pulse Width   Slow    PS8/MAXIGP0ACLK  n/a            1.500         5.000       3.500      PS8_X0Y0       gemm_system_i/zynq_ultra_ps_e_0/inst/PS8_i/MAXIGP0ACLK
Low Pulse Width   Fast    PS8/MAXIGP0ACLK  n/a            1.500         5.000       3.500      PS8_X0Y0       gemm_system_i/zynq_ultra_ps_e_0/inst/PS8_i/MAXIGP0ACLK
Low Pulse Width   Slow    PS8/SAXIGP0RCLK  n/a            1.500         5.000       3.500      PS8_X0Y0       gemm_system_i/zynq_ultra_ps_e_0/inst/PS8_i/SAXIGP0RCLK
Low Pulse Width   Fast    PS8/SAXIGP0RCLK  n/a            1.500         5.000       3.500      PS8_X0Y0       gemm_system_i/zynq_ultra_ps_e_0/inst/PS8_i/SAXIGP0RCLK
Low Pulse Width   Slow    PS8/SAXIGP0WCLK  n/a            1.500         5.000       3.500      PS8_X0Y0       gemm_system_i/zynq_ultra_ps_e_0/inst/PS8_i/SAXIGP0WCLK
Low Pulse Width   Fast    PS8/SAXIGP0WCLK  n/a            1.500         5.000       3.500      PS8_X0Y0       gemm_system_i/zynq_ultra_ps_e_0/inst/PS8_i/SAXIGP0WCLK
Low Pulse Width   Slow    PS8/SAXIGP1RCLK  n/a            1.500         5.000       3.500      PS8_X0Y0       gemm_system_i/zynq_ultra_ps_e_0/inst/PS8_i/SAXIGP1RCLK
Low Pulse Width   Fast    PS8/SAXIGP1RCLK  n/a            1.500         5.000       3.500      PS8_X0Y0       gemm_system_i/zynq_ultra_ps_e_0/inst/PS8_i/SAXIGP1RCLK
Low Pulse Width   Slow    PS8/SAXIGP1WCLK  n/a            1.500         5.000       3.500      PS8_X0Y0       gemm_system_i/zynq_ultra_ps_e_0/inst/PS8_i/SAXIGP1WCLK
Low Pulse Width   Fast    PS8/SAXIGP1WCLK  n/a            1.500         5.000       3.500      PS8_X0Y0       gemm_system_i/zynq_ultra_ps_e_0/inst/PS8_i/SAXIGP1WCLK
High Pulse Width  Slow    PS8/MAXIGP0ACLK  n/a            1.500         5.000       3.500      PS8_X0Y0       gemm_system_i/zynq_ultra_ps_e_0/inst/PS8_i/MAXIGP0ACLK
High Pulse Width  Fast    PS8/MAXIGP0ACLK  n/a            1.500         5.000       3.500      PS8_X0Y0       gemm_system_i/zynq_ultra_ps_e_0/inst/PS8_i/MAXIGP0ACLK
High Pulse Width  Slow    PS8/SAXIGP0RCLK  n/a            1.500         5.000       3.500      PS8_X0Y0       gemm_system_i/zynq_ultra_ps_e_0/inst/PS8_i/SAXIGP0RCLK
High Pulse Width  Fast    PS8/SAXIGP0RCLK  n/a            1.500         5.000       3.500      PS8_X0Y0       gemm_system_i/zynq_ultra_ps_e_0/inst/PS8_i/SAXIGP0RCLK
High Pulse Width  Slow    PS8/SAXIGP0WCLK  n/a            1.500         5.000       3.500      PS8_X0Y0       gemm_system_i/zynq_ultra_ps_e_0/inst/PS8_i/SAXIGP0WCLK
High Pulse Width  Fast    PS8/SAXIGP0WCLK  n/a            1.500         5.000       3.500      PS8_X0Y0       gemm_system_i/zynq_ultra_ps_e_0/inst/PS8_i/SAXIGP0WCLK
High Pulse Width  Slow    PS8/SAXIGP1RCLK  n/a            1.500         5.000       3.500      PS8_X0Y0       gemm_system_i/zynq_ultra_ps_e_0/inst/PS8_i/SAXIGP1RCLK
High Pulse Width  Fast    PS8/SAXIGP1RCLK  n/a            1.500         5.000       3.500      PS8_X0Y0       gemm_system_i/zynq_ultra_ps_e_0/inst/PS8_i/SAXIGP1RCLK
High Pulse Width  Slow    PS8/SAXIGP1WCLK  n/a            1.500         5.000       3.500      PS8_X0Y0       gemm_system_i/zynq_ultra_ps_e_0/inst/PS8_i/SAXIGP1WCLK
High Pulse Width  Fast    PS8/SAXIGP1WCLK  n/a            1.500         5.000       3.500      PS8_X0Y0       gemm_system_i/zynq_ultra_ps_e_0/inst/PS8_i/SAXIGP1WCLK



--------------------------------------------------------------------------------------
Path Group:  (none)
From Clock:  
  To Clock:  clk_pl_0

Max Delay             1 Endpoint
Min Delay             1 Endpoint
--------------------------------------------------------------------------------------


Max Delay Paths
--------------------------------------------------------------------------------------
Slack:                    inf
  Source:                 gemm_system_i/zynq_ultra_ps_e_0/inst/PS8_i/EMIOGPIOO[95]
                            (internal pin)
  Destination:            gemm_system_i/rst_ps8_0_99M/U0/EXT_LPF/ACTIVE_LOW_EXT.ACT_LO_EXT/syncstages_ff_reg[0]/D
                            (rising edge-triggered cell FDRE clocked by clk_pl_0  {rise@0.000ns fall@5.000ns period=10.000ns})
  Path Group:             (none)
  Path Type:              Setup (Max at Slow Process Corner)
  Data Path Delay:        1.469ns  (logic 0.227ns (15.453%)  route 1.242ns (84.547%))
  Logic Levels:           1  (LUT1=1)
  Clock Uncertainty:      0.158ns  ((TSJ^2 + DJ^2)^1/2) / 2 + PE
    Total System Jitter     (TSJ):    0.050ns
    Discrete Jitter          (DJ):    0.312ns
    Phase Error              (PE):    0.000ns
  Clock Net Delay (Destination): 2.897ns (routing 1.450ns, distribution 1.447ns)
  Timing Exception:       False Path

    Location             Delay type                Incr(ns)  Path(ns)    Netlist Resource(s)
  -------------------------------------------------------------------    -------------------
    PS8_X0Y0             PS8                          0.000     0.000 f  gemm_system_i/zynq_ultra_ps_e_0/inst/PS8_i/EMIOGPIOO[95]
                         net (fo=1, routed)           0.871     0.871    gemm_system_i/rst_ps8_0_99M/U0/EXT_LPF/ext_reset_in
    SLICE_X3Y185         LUT1 (Prop_H6LUT_SLICEL_I0_O)
                                                      0.227     1.098 r  gemm_system_i/rst_ps8_0_99M/U0/EXT_LPF/ACTIVE_LOW_EXT.ACT_LO_EXT_i_1/O
                         net (fo=1, routed)           0.371     1.469    gemm_system_i/rst_ps8_0_99M/U0/EXT_LPF/ACTIVE_LOW_EXT.ACT_LO_EXT/src_in
    SLICE_X4Y184         FDRE                                         r  gemm_system_i/rst_ps8_0_99M/U0/EXT_LPF/ACTIVE_LOW_EXT.ACT_LO_EXT/syncstages_ff_reg[0]/D
  -------------------------------------------------------------------    -------------------

                         (clock clk_pl_0 rise edge)
                                                      0.000     0.000 r  
    PS8_X0Y0             PS8                          0.000     0.000 r  gemm_system_i/zynq_ultra_ps_e_0/inst/PS8_i/PLCLK[0]
                         net (fo=1, routed)           0.181     0.181    gemm_system_i/zynq_ultra_ps_e_0/inst/pl_clk_unbuffered[0]
    BUFG_PS_X0Y80        BUFG_PS (Prop_BUFG_PS_I_O)
                                                      0.035     0.216 r  gemm_system_i/zynq_ultra_ps_e_0/inst/buffer_pl_clk_0.PL_CLK_0_BUFG/O
    X1Y1 (CLOCK_ROOT)    net (fo=32898, routed)       2.897     3.113    gemm_system_i/rst_ps8_0_99M/U0/EXT_LPF/ACTIVE_LOW_EXT.ACT_LO_EXT/dest_clk
    SLICE_X4Y184         FDRE                                         r  gemm_system_i/rst_ps8_0_99M/U0/EXT_LPF/ACTIVE_LOW_EXT.ACT_LO_EXT/syncstages_ff_reg[0]/C





Min Delay Paths
--------------------------------------------------------------------------------------
Slack:                    inf
  Source:                 gemm_system_i/zynq_ultra_ps_e_0/inst/PS8_i/EMIOGPIOO[95]
                            (internal pin)
  Destination:            gemm_system_i/rst_ps8_0_99M/U0/EXT_LPF/ACTIVE_LOW_EXT.ACT_LO_EXT/syncstages_ff_reg[0]/D
                            (rising edge-triggered cell FDRE clocked by clk_pl_0  {rise@0.000ns fall@5.000ns period=10.000ns})
  Path Group:             (none)
  Path Type:              Hold (Min at Fast Process Corner)
  Data Path Delay:        0.559ns  (logic 0.104ns (18.605%)  route 0.455ns (81.395%))
  Logic Levels:           1  (LUT1=1)
  Clock Uncertainty:      0.158ns  ((TSJ^2 + DJ^2)^1/2) / 2 + PE
    Total System Jitter     (TSJ):    0.050ns
    Discrete Jitter          (DJ):    0.312ns
    Phase Error              (PE):    0.000ns
  Clock Net Delay (Destination): 1.937ns (routing 0.971ns, distribution 0.966ns)
  Timing Exception:       False Path

    Location             Delay type                Incr(ns)  Path(ns)    Netlist Resource(s)
  -------------------------------------------------------------------    -------------------
    PS8_X0Y0             PS8                          0.000     0.000 f  gemm_system_i/zynq_ultra_ps_e_0/inst/PS8_i/EMIOGPIOO[95]
                         net (fo=1, routed)           0.340     0.340    gemm_system_i/rst_ps8_0_99M/U0/EXT_LPF/ext_reset_in
    SLICE_X3Y185         LUT1 (Prop_H6LUT_SLICEL_I0_O)
                                                      0.104     0.444 r  gemm_system_i/rst_ps8_0_99M/U0/EXT_LPF/ACTIVE_LOW_EXT.ACT_LO_EXT_i_1/O
                         net (fo=1, routed)           0.115     0.559    gemm_system_i/rst_ps8_0_99M/U0/EXT_LPF/ACTIVE_LOW_EXT.ACT_LO_EXT/src_in
    SLICE_X4Y184         FDRE                                         r  gemm_system_i/rst_ps8_0_99M/U0/EXT_LPF/ACTIVE_LOW_EXT.ACT_LO_EXT/syncstages_ff_reg[0]/D
  -------------------------------------------------------------------    -------------------

                         (clock clk_pl_0 rise edge)
                                                      0.000     0.000 r  
    PS8_X0Y0             PS8                          0.000     0.000 r  gemm_system_i/zynq_ultra_ps_e_0/inst/PS8_i/PLCLK[0]
                         net (fo=1, routed)           0.164     0.164    gemm_system_i/zynq_ultra_ps_e_0/inst/pl_clk_unbuffered[0]
    BUFG_PS_X0Y80        BUFG_PS (Prop_BUFG_PS_I_O)
                                                      0.023     0.187 r  gemm_system_i/zynq_ultra_ps_e_0/inst/buffer_pl_clk_0.PL_CLK_0_BUFG/O
    X1Y1 (CLOCK_ROOT)    net (fo=32898, routed)       1.937     2.124    gemm_system_i/rst_ps8_0_99M/U0/EXT_LPF/ACTIVE_LOW_EXT.ACT_LO_EXT/dest_clk
    SLICE_X4Y184         FDRE                                         r  gemm_system_i/rst_ps8_0_99M/U0/EXT_LPF/ACTIVE_LOW_EXT.ACT_LO_EXT/syncstages_ff_reg[0]/C





--------------------------------------------------------------------------------------
Path Group:  (none)
From Clock:  clk_pl_0
  To Clock:  clk_pl_0

Max Delay            69 Endpoints
Min Delay            69 Endpoints
--------------------------------------------------------------------------------------


Max Delay Paths
--------------------------------------------------------------------------------------
Slack:                    inf
  Source:                 gemm_system_i/rst_ps8_0_99M/U0/ACTIVE_LOW_PR_OUT_DFF[0].FDRE_PER_N_replica/C
                            (rising edge-triggered cell FDRE clocked by clk_pl_0  {rise@0.000ns fall@5.000ns period=10.000ns})
  Destination:            gemm_system_i/axi_smc/inst/clk_map/psr_aclk/U0/EXT_LPF/ACTIVE_LOW_AUX.ACT_LO_AUX/syncstages_ff_reg[0]/D
                            (rising edge-triggered cell FDRE clocked by clk_pl_0  {rise@0.000ns fall@5.000ns period=10.000ns})
  Path Group:             (none)
  Path Type:              Setup (Max at Slow Process Corner)
  Data Path Delay:        4.421ns  (logic 0.340ns (7.691%)  route 4.081ns (92.309%))
  Logic Levels:           1  (LUT1=1)
  Clock Path Skew:        -0.384ns (DCD - SCD + CPR)
    Destination Clock Delay (DCD):    3.041ns
    Source Clock Delay      (SCD):    3.425ns
    Clock Pessimism Removal (CPR):    0.000ns
  Clock Uncertainty:      0.160ns  ((TSJ^2 + DJ^2)^1/2) / 2 + PE
    Total System Jitter     (TSJ):    0.071ns
    Discrete Jitter          (DJ):    0.312ns
    Phase Error              (PE):    0.000ns
  Clock Net Delay (Source):      3.158ns (routing 1.584ns, distribution 1.574ns)
  Clock Net Delay (Destination): 2.825ns (routing 1.450ns, distribution 1.375ns)
  Timing Exception:       False Path

    Location             Delay type                Incr(ns)  Path(ns)    Netlist Resource(s)
  -------------------------------------------------------------------    -------------------
                         (clock clk_pl_0 rise edge)
                                                      0.000     0.000 r  
    PS8_X0Y0             PS8                          0.000     0.000 r  gemm_system_i/zynq_ultra_ps_e_0/inst/PS8_i/PLCLK[0]
                         net (fo=1, routed)           0.229     0.229    gemm_system_i/zynq_ultra_ps_e_0/inst/pl_clk_unbuffered[0]
    BUFG_PS_X0Y80        BUFG_PS (Prop_BUFG_PS_I_O)
                                                      0.038     0.267 r  gemm_system_i/zynq_ultra_ps_e_0/inst/buffer_pl_clk_0.PL_CLK_0_BUFG/O
    X1Y1 (CLOCK_ROOT)    net (fo=32898, routed)       3.158     3.425    gemm_system_i/rst_ps8_0_99M/U0/slowest_sync_clk
    SLICE_X3Y180         FDRE                                         r  gemm_system_i/rst_ps8_0_99M/U0/ACTIVE_LOW_PR_OUT_DFF[0].FDRE_PER_N_replica/C
  -------------------------------------------------------------------    -------------------
    SLICE_X3Y180         FDRE (Prop_AFF_SLICEL_C_Q)
                                                      0.114     3.539 f  gemm_system_i/rst_ps8_0_99M/U0/ACTIVE_LOW_PR_OUT_DFF[0].FDRE_PER_N_replica/Q
                         net (fo=373, routed)         3.839     7.378    gemm_system_i/axi_smc/inst/clk_map/psr_aclk/U0/EXT_LPF/peripheral_aresetn[0]_bufg_place_replica
    SLICE_X5Y112         LUT1 (Prop_G6LUT_SLICEM_I0_O)
                                                      0.226     7.604 r  gemm_system_i/axi_smc/inst/clk_map/psr_aclk/U0/EXT_LPF/ACTIVE_LOW_AUX.ACT_LO_AUX_i_1/O
                         net (fo=1, routed)           0.242     7.846    gemm_system_i/axi_smc/inst/clk_map/psr_aclk/U0/EXT_LPF/ACTIVE_LOW_AUX.ACT_LO_AUX/src_in
    SLICE_X5Y112         FDRE                                         r  gemm_system_i/axi_smc/inst/clk_map/psr_aclk/U0/EXT_LPF/ACTIVE_LOW_AUX.ACT_LO_AUX/syncstages_ff_reg[0]/D
  -------------------------------------------------------------------    -------------------

                         (clock clk_pl_0 rise edge)
                                                      0.000     0.000 r  
    PS8_X0Y0             PS8                          0.000     0.000 r  gemm_system_i/zynq_ultra_ps_e_0/inst/PS8_i/PLCLK[0]
                         net (fo=1, routed)           0.181     0.181    gemm_system_i/zynq_ultra_ps_e_0/inst/pl_clk_unbuffered[0]
    BUFG_PS_X0Y80        BUFG_PS (Prop_BUFG_PS_I_O)
                                                      0.035     0.216 r  gemm_system_i/zynq_ultra_ps_e_0/inst/buffer_pl_clk_0.PL_CLK_0_BUFG/O
    X1Y1 (CLOCK_ROOT)    net (fo=32898, routed)       2.825     3.041    gemm_system_i/axi_smc/inst/clk_map/psr_aclk/U0/EXT_LPF/ACTIVE_LOW_AUX.ACT_LO_AUX/dest_clk
    SLICE_X5Y112         FDRE                                         r  gemm_system_i/axi_smc/inst/clk_map/psr_aclk/U0/EXT_LPF/ACTIVE_LOW_AUX.ACT_LO_AUX/syncstages_ff_reg[0]/C

Slack:                    inf
  Source:                 gemm_system_i/rst_ps8_0_99M/U0/ACTIVE_LOW_PR_OUT_DFF[0].FDRE_PER_N_replica/C
                            (rising edge-triggered cell FDRE clocked by clk_pl_0  {rise@0.000ns fall@5.000ns period=10.000ns})
  Destination:            gemm_system_i/smartconnect_0/inst/clk_map/psr_aclk/U0/EXT_LPF/ACTIVE_LOW_AUX.ACT_LO_AUX/syncstages_ff_reg[0]/D
                            (rising edge-triggered cell FDRE clocked by clk_pl_0  {rise@0.000ns fall@5.000ns period=10.000ns})
  Path Group:             (none)
  Path Type:              Setup (Max at Slow Process Corner)
  Data Path Delay:        2.996ns  (logic 0.197ns (6.575%)  route 2.799ns (93.425%))
  Logic Levels:           1  (LUT1=1)
  Clock Path Skew:        -0.369ns (DCD - SCD + CPR)
    Destination Clock Delay (DCD):    3.056ns
    Source Clock Delay      (SCD):    3.425ns
    Clock Pessimism Removal (CPR):    0.000ns
  Clock Uncertainty:      0.160ns  ((TSJ^2 + DJ^2)^1/2) / 2 + PE
    Total System Jitter     (TSJ):    0.071ns
    Discrete Jitter          (DJ):    0.312ns
    Phase Error              (PE):    0.000ns
  Clock Net Delay (Source):      3.158ns (routing 1.584ns, distribution 1.574ns)
  Clock Net Delay (Destination): 2.840ns (routing 1.450ns, distribution 1.390ns)
  Timing Exception:       False Path

    Location             Delay type                Incr(ns)  Path(ns)    Netlist Resource(s)
  -------------------------------------------------------------------    -------------------
                         (clock clk_pl_0 rise edge)
                                                      0.000     0.000 r  
    PS8_X0Y0             PS8                          0.000     0.000 r  gemm_system_i/zynq_ultra_ps_e_0/inst/PS8_i/PLCLK[0]
                         net (fo=1, routed)           0.229     0.229    gemm_system_i/zynq_ultra_ps_e_0/inst/pl_clk_unbuffered[0]
    BUFG_PS_X0Y80        BUFG_PS (Prop_BUFG_PS_I_O)
                                                      0.038     0.267 r  gemm_system_i/zynq_ultra_ps_e_0/inst/buffer_pl_clk_0.PL_CLK_0_BUFG/O
    X1Y1 (CLOCK_ROOT)    net (fo=32898, routed)       3.158     3.425    gemm_system_i/rst_ps8_0_99M/U0/slowest_sync_clk
    SLICE_X3Y180         FDRE                                         r  gemm_system_i/rst_ps8_0_99M/U0/ACTIVE_LOW_PR_OUT_DFF[0].FDRE_PER_N_replica/C
  -------------------------------------------------------------------    -------------------
    SLICE_X3Y180         FDRE (Prop_AFF_SLICEL_C_Q)
                                                      0.114     3.539 f  gemm_system_i/rst_ps8_0_99M/U0/ACTIVE_LOW_PR_OUT_DFF[0].FDRE_PER_N_replica/Q
                         net (fo=373, routed)         2.396     5.935    gemm_system_i/smartconnect_0/inst/clk_map/psr_aclk/U0/EXT_LPF/peripheral_aresetn[0]_bufg_place_replica
    SLICE_X6Y62          LUT1 (Prop_H6LUT_SLICEL_I0_O)
                                                      0.083     6.018 r  gemm_system_i/smartconnect_0/inst/clk_map/psr_aclk/U0/EXT_LPF/ACTIVE_LOW_AUX.ACT_LO_AUX_i_1/O
                         net (fo=1, routed)           0.403     6.421    gemm_system_i/smartconnect_0/inst/clk_map/psr_aclk/U0/EXT_LPF/ACTIVE_LOW_AUX.ACT_LO_AUX/src_in
    SLICE_X6Y62          FDRE                                         r  gemm_system_i/smartconnect_0/inst/clk_map/psr_aclk/U0/EXT_LPF/ACTIVE_LOW_AUX.ACT_LO_AUX/syncstages_ff_reg[0]/D
  -------------------------------------------------------------------    -------------------

                         (clock clk_pl_0 rise edge)
                                                      0.000     0.000 r  
    PS8_X0Y0             PS8                          0.000     0.000 r  gemm_system_i/zynq_ultra_ps_e_0/inst/PS8_i/PLCLK[0]
                         net (fo=1, routed)           0.181     0.181    gemm_system_i/zynq_ultra_ps_e_0/inst/pl_clk_unbuffered[0]
    BUFG_PS_X0Y80        BUFG_PS (Prop_BUFG_PS_I_O)
                                                      0.035     0.216 r  gemm_system_i/zynq_ultra_ps_e_0/inst/buffer_pl_clk_0.PL_CLK_0_BUFG/O
    X1Y1 (CLOCK_ROOT)    net (fo=32898, routed)       2.840     3.056    gemm_system_i/smartconnect_0/inst/clk_map/psr_aclk/U0/EXT_LPF/ACTIVE_LOW_AUX.ACT_LO_AUX/dest_clk
    SLICE_X6Y62          FDRE                                         r  gemm_system_i/smartconnect_0/inst/clk_map/psr_aclk/U0/EXT_LPF/ACTIVE_LOW_AUX.ACT_LO_AUX/syncstages_ff_reg[0]/C

Slack:                    inf
  Source:                 gemm_system_i/rst_ps8_0_99M/U0/ACTIVE_LOW_PR_OUT_DFF[0].FDRE_PER_N_replica/C
                            (rising edge-triggered cell FDRE clocked by clk_pl_0  {rise@0.000ns fall@5.000ns period=10.000ns})
  Destination:            gemm_system_i/smartconnect_1/inst/clk_map/psr_aclk/U0/EXT_LPF/ACTIVE_LOW_AUX.ACT_LO_AUX/syncstages_ff_reg[0]/D
                            (rising edge-triggered cell FDRE clocked by clk_pl_0  {rise@0.000ns fall@5.000ns period=10.000ns})
  Path Group:             (none)
  Path Type:              Setup (Max at Slow Process Corner)
  Data Path Delay:        2.865ns  (logic 0.268ns (9.354%)  route 2.597ns (90.646%))
  Logic Levels:           1  (LUT1=1)
  Clock Path Skew:        -0.378ns (DCD - SCD + CPR)
    Destination Clock Delay (DCD):    3.047ns
    Source Clock Delay      (SCD):    3.425ns
    Clock Pessimism Removal (CPR):    0.000ns
  Clock Uncertainty:      0.160ns  ((TSJ^2 + DJ^2)^1/2) / 2 + PE
    Total System Jitter     (TSJ):    0.071ns
    Discrete Jitter          (DJ):    0.312ns
    Phase Error              (PE):    0.000ns
  Clock Net Delay (Source):      3.158ns (routing 1.584ns, distribution 1.574ns)
  Clock Net Delay (Destination): 2.831ns (routing 1.450ns, distribution 1.381ns)
  Timing Exception:       False Path

    Location             Delay type                Incr(ns)  Path(ns)    Netlist Resource(s)
  -------------------------------------------------------------------    -------------------
                         (clock clk_pl_0 rise edge)
                                                      0.000     0.000 r  
    PS8_X0Y0             PS8                          0.000     0.000 r  gemm_system_i/zynq_ultra_ps_e_0/inst/PS8_i/PLCLK[0]
                         net (fo=1, routed)           0.229     0.229    gemm_system_i/zynq_ultra_ps_e_0/inst/pl_clk_unbuffered[0]
    BUFG_PS_X0Y80        BUFG_PS (Prop_BUFG_PS_I_O)
                                                      0.038     0.267 r  gemm_system_i/zynq_ultra_ps_e_0/inst/buffer_pl_clk_0.PL_CLK_0_BUFG/O
    X1Y1 (CLOCK_ROOT)    net (fo=32898, routed)       3.158     3.425    gemm_system_i/rst_ps8_0_99M/U0/slowest_sync_clk
    SLICE_X3Y180         FDRE                                         r  gemm_system_i/rst_ps8_0_99M/U0/ACTIVE_LOW_PR_OUT_DFF[0].FDRE_PER_N_replica/C
  -------------------------------------------------------------------    -------------------
    SLICE_X3Y180         FDRE (Prop_AFF_SLICEL_C_Q)
                                                      0.114     3.539 f  gemm_system_i/rst_ps8_0_99M/U0/ACTIVE_LOW_PR_OUT_DFF[0].FDRE_PER_N_replica/Q
                         net (fo=373, routed)         2.222     5.761    gemm_system_i/smartconnect_1/inst/clk_map/psr_aclk/U0/EXT_LPF/peripheral_aresetn[0]_bufg_place_replica
    SLICE_X4Y76          LUT1 (Prop_H6LUT_SLICEM_I0_O)
                                                      0.154     5.915 r  gemm_system_i/smartconnect_1/inst/clk_map/psr_aclk/U0/EXT_LPF/ACTIVE_LOW_AUX.ACT_LO_AUX_i_1/O
                         net (fo=1, routed)           0.375     6.290    gemm_system_i/smartconnect_1/inst/clk_map/psr_aclk/U0/EXT_LPF/ACTIVE_LOW_AUX.ACT_LO_AUX/src_in
    SLICE_X4Y76          FDRE                                         r  gemm_system_i/smartconnect_1/inst/clk_map/psr_aclk/U0/EXT_LPF/ACTIVE_LOW_AUX.ACT_LO_AUX/syncstages_ff_reg[0]/D
  -------------------------------------------------------------------    -------------------

                         (clock clk_pl_0 rise edge)
                                                      0.000     0.000 r  
    PS8_X0Y0             PS8                          0.000     0.000 r  gemm_system_i/zynq_ultra_ps_e_0/inst/PS8_i/PLCLK[0]
                         net (fo=1, routed)           0.181     0.181    gemm_system_i/zynq_ultra_ps_e_0/inst/pl_clk_unbuffered[0]
    BUFG_PS_X0Y80        BUFG_PS (Prop_BUFG_PS_I_O)
                                                      0.035     0.216 r  gemm_system_i/zynq_ultra_ps_e_0/inst/buffer_pl_clk_0.PL_CLK_0_BUFG/O
    X1Y1 (CLOCK_ROOT)    net (fo=32898, routed)       2.831     3.047    gemm_system_i/smartconnect_1/inst/clk_map/psr_aclk/U0/EXT_LPF/ACTIVE_LOW_AUX.ACT_LO_AUX/dest_clk
    SLICE_X4Y76          FDRE                                         r  gemm_system_i/smartconnect_1/inst/clk_map/psr_aclk/U0/EXT_LPF/ACTIVE_LOW_AUX.ACT_LO_AUX/syncstages_ff_reg[0]/C

Slack:                    inf
  Source:                 gemm_system_i/axi_smc/inst/clk_map/psr_aclk/U0/ACTIVE_LOW_BSR_OUT_DFF[0].FDRE_BSR_N/C
                            (rising edge-triggered cell FDRE clocked by clk_pl_0  {rise@0.000ns fall@5.000ns period=10.000ns})
  Destination:            gemm_system_i/axi_smc/inst/s00_entry_pipeline/s00_mmu/inst/xpm_cdc_async_rst_inst/arststages_ff_reg[0]/CLR
                            (recovery check against rising-edge clock clk_pl_0  {rise@0.000ns fall@5.000ns period=10.000ns})
  Path Group:             (none)
  Path Type:              Recovery (Max at Slow Process Corner)
  Data Path Delay:        1.018ns  (logic 0.114ns (11.203%)  route 0.904ns (88.797%))
  Logic Levels:           0  
  Clock Path Skew:        -0.322ns (DCD - SCD + CPR)
    Destination Clock Delay (DCD):    3.044ns
    Source Clock Delay      (SCD):    3.366ns
    Clock Pessimism Removal (CPR):    0.000ns
  Clock Uncertainty:      0.160ns  ((TSJ^2 + DJ^2)^1/2) / 2 + PE
    Total System Jitter     (TSJ):    0.071ns
    Discrete Jitter          (DJ):    0.312ns
    Phase Error              (PE):    0.000ns
  Clock Net Delay (Source):      3.099ns (routing 1.584ns, distribution 1.515ns)
  Clock Net Delay (Destination): 2.828ns (routing 1.450ns, distribution 1.378ns)
  Timing Exception:       False Path

    Location             Delay type                Incr(ns)  Path(ns)    Netlist Resource(s)
  -------------------------------------------------------------------    -------------------
                         (clock clk_pl_0 rise edge)
                                                      0.000     0.000 r  
    PS8_X0Y0             PS8                          0.000     0.000 r  gemm_system_i/zynq_ultra_ps_e_0/inst/PS8_i/PLCLK[0]
                         net (fo=1, routed)           0.229     0.229    gemm_system_i/zynq_ultra_ps_e_0/inst/pl_clk_unbuffered[0]
    BUFG_PS_X0Y80        BUFG_PS (Prop_BUFG_PS_I_O)
                                                      0.038     0.267 r  gemm_system_i/zynq_ultra_ps_e_0/inst/buffer_pl_clk_0.PL_CLK_0_BUFG/O
    X1Y1 (CLOCK_ROOT)    net (fo=32898, routed)       3.099     3.366    gemm_system_i/axi_smc/inst/clk_map/psr_aclk/U0/aclk
    SLICE_X3Y115         FDRE                                         r  gemm_system_i/axi_smc/inst/clk_map/psr_aclk/U0/ACTIVE_LOW_BSR_OUT_DFF[0].FDRE_BSR_N/C
  -------------------------------------------------------------------    -------------------
    SLICE_X3Y115         FDRE (Prop_DFF_SLICEL_C_Q)
                                                      0.114     3.480 r  gemm_system_i/axi_smc/inst/clk_map/psr_aclk/U0/ACTIVE_LOW_BSR_OUT_DFF[0].FDRE_BSR_N/Q
                         net (fo=27, routed)          0.904     4.384    gemm_system_i/axi_smc/inst/s00_entry_pipeline/s00_mmu/inst/xpm_cdc_async_rst_inst/src_arst
    SLICE_X3Y101         FDCE                                         f  gemm_system_i/axi_smc/inst/s00_entry_pipeline/s00_mmu/inst/xpm_cdc_async_rst_inst/arststages_ff_reg[0]/CLR  (IS_INVERTED)
  -------------------------------------------------------------------    -------------------

                         (clock clk_pl_0 rise edge)
                                                      0.000     0.000 r  
    PS8_X0Y0             PS8                          0.000     0.000 r  gemm_system_i/zynq_ultra_ps_e_0/inst/PS8_i/PLCLK[0]
                         net (fo=1, routed)           0.181     0.181    gemm_system_i/zynq_ultra_ps_e_0/inst/pl_clk_unbuffered[0]
    BUFG_PS_X0Y80        BUFG_PS (Prop_BUFG_PS_I_O)
                                                      0.035     0.216 r  gemm_system_i/zynq_ultra_ps_e_0/inst/buffer_pl_clk_0.PL_CLK_0_BUFG/O
    X1Y1 (CLOCK_ROOT)    net (fo=32898, routed)       2.828     3.044    gemm_system_i/axi_smc/inst/s00_entry_pipeline/s00_mmu/inst/xpm_cdc_async_rst_inst/dest_clk
    SLICE_X3Y101         FDCE                                         r  gemm_system_i/axi_smc/inst/s00_entry_pipeline/s00_mmu/inst/xpm_cdc_async_rst_inst/arststages_ff_reg[0]/C

Slack:                    inf
  Source:                 gemm_system_i/axi_smc/inst/clk_map/psr_aclk/U0/ACTIVE_LOW_BSR_OUT_DFF[0].FDRE_BSR_N/C
                            (rising edge-triggered cell FDRE clocked by clk_pl_0  {rise@0.000ns fall@5.000ns period=10.000ns})
  Destination:            gemm_system_i/axi_smc/inst/s00_entry_pipeline/s00_mmu/inst/xpm_cdc_async_rst_inst/arststages_ff_reg[1]/CLR
                            (recovery check against rising-edge clock clk_pl_0  {rise@0.000ns fall@5.000ns period=10.000ns})
  Path Group:             (none)
  Path Type:              Recovery (Max at Slow Process Corner)
  Data Path Delay:        1.018ns  (logic 0.114ns (11.203%)  route 0.904ns (88.797%))
  Logic Levels:           0  
  Clock Path Skew:        -0.322ns (DCD - SCD + CPR)
    Destination Clock Delay (DCD):    3.044ns
    Source Clock Delay      (SCD):    3.366ns
    Clock Pessimism Removal (CPR):    0.000ns
  Clock Uncertainty:      0.160ns  ((TSJ^2 + DJ^2)^1/2) / 2 + PE
    Total System Jitter     (TSJ):    0.071ns
    Discrete Jitter          (DJ):    0.312ns
    Phase Error              (PE):    0.000ns
  Clock Net Delay (Source):      3.099ns (routing 1.584ns, distribution 1.515ns)
  Clock Net Delay (Destination): 2.828ns (routing 1.450ns, distribution 1.378ns)
  Timing Exception:       False Path

    Location             Delay type                Incr(ns)  Path(ns)    Netlist Resource(s)
  -------------------------------------------------------------------    -------------------
                         (clock clk_pl_0 rise edge)
                                                      0.000     0.000 r  
    PS8_X0Y0             PS8                          0.000     0.000 r  gemm_system_i/zynq_ultra_ps_e_0/inst/PS8_i/PLCLK[0]
                         net (fo=1, routed)           0.229     0.229    gemm_system_i/zynq_ultra_ps_e_0/inst/pl_clk_unbuffered[0]
    BUFG_PS_X0Y80        BUFG_PS (Prop_BUFG_PS_I_O)
                                                      0.038     0.267 r  gemm_system_i/zynq_ultra_ps_e_0/inst/buffer_pl_clk_0.PL_CLK_0_BUFG/O
    X1Y1 (CLOCK_ROOT)    net (fo=32898, routed)       3.099     3.366    gemm_system_i/axi_smc/inst/clk_map/psr_aclk/U0/aclk
    SLICE_X3Y115         FDRE                                         r  gemm_system_i/axi_smc/inst/clk_map/psr_aclk/U0/ACTIVE_LOW_BSR_OUT_DFF[0].FDRE_BSR_N/C
  -------------------------------------------------------------------    -------------------
    SLICE_X3Y115         FDRE (Prop_DFF_SLICEL_C_Q)
                                                      0.114     3.480 r  gemm_system_i/axi_smc/inst/clk_map/psr_aclk/U0/ACTIVE_LOW_BSR_OUT_DFF[0].FDRE_BSR_N/Q
                         net (fo=27, routed)          0.904     4.384    gemm_system_i/axi_smc/inst/s00_entry_pipeline/s00_mmu/inst/xpm_cdc_async_rst_inst/src_arst
    SLICE_X3Y101         FDCE                                         f  gemm_system_i/axi_smc/inst/s00_entry_pipeline/s00_mmu/inst/xpm_cdc_async_rst_inst/arststages_ff_reg[1]/CLR  (IS_INVERTED)
  -------------------------------------------------------------------    -------------------

                         (clock clk_pl_0 rise edge)
                                                      0.000     0.000 r  
    PS8_X0Y0             PS8                          0.000     0.000 r  gemm_system_i/zynq_ultra_ps_e_0/inst/PS8_i/PLCLK[0]
                         net (fo=1, routed)           0.181     0.181    gemm_system_i/zynq_ultra_ps_e_0/inst/pl_clk_unbuffered[0]
    BUFG_PS_X0Y80        BUFG_PS (Prop_BUFG_PS_I_O)
                                                      0.035     0.216 r  gemm_system_i/zynq_ultra_ps_e_0/inst/buffer_pl_clk_0.PL_CLK_0_BUFG/O
    X1Y1 (CLOCK_ROOT)    net (fo=32898, routed)       2.828     3.044    gemm_system_i/axi_smc/inst/s00_entry_pipeline/s00_mmu/inst/xpm_cdc_async_rst_inst/dest_clk
    SLICE_X3Y101         FDCE                                         r  gemm_system_i/axi_smc/inst/s00_entry_pipeline/s00_mmu/inst/xpm_cdc_async_rst_inst/arststages_ff_reg[1]/C

Slack:                    inf
  Source:                 gemm_system_i/axi_smc/inst/clk_map/psr_aclk/U0/ACTIVE_LOW_BSR_OUT_DFF[0].FDRE_BSR_N/C
                            (rising edge-triggered cell FDRE clocked by clk_pl_0  {rise@0.000ns fall@5.000ns period=10.000ns})
  Destination:            gemm_system_i/axi_smc/inst/s00_entry_pipeline/s00_mmu/inst/xpm_cdc_async_rst_inst/arststages_ff_reg[2]/CLR
                            (recovery check against rising-edge clock clk_pl_0  {rise@0.000ns fall@5.000ns period=10.000ns})
  Path Group:             (none)
  Path Type:              Recovery (Max at Slow Process Corner)
  Data Path Delay:        1.018ns  (logic 0.114ns (11.203%)  route 0.904ns (88.797%))
  Logic Levels:           0  
  Clock Path Skew:        -0.322ns (DCD - SCD + CPR)
    Destination Clock Delay (DCD):    3.044ns
    Source Clock Delay      (SCD):    3.366ns
    Clock Pessimism Removal (CPR):    0.000ns
  Clock Uncertainty:      0.160ns  ((TSJ^2 + DJ^2)^1/2) / 2 + PE
    Total System Jitter     (TSJ):    0.071ns
    Discrete Jitter          (DJ):    0.312ns
    Phase Error              (PE):    0.000ns
  Clock Net Delay (Source):      3.099ns (routing 1.584ns, distribution 1.515ns)
  Clock Net Delay (Destination): 2.828ns (routing 1.450ns, distribution 1.378ns)
  Timing Exception:       False Path

    Location             Delay type                Incr(ns)  Path(ns)    Netlist Resource(s)
  -------------------------------------------------------------------    -------------------
                         (clock clk_pl_0 rise edge)
                                                      0.000     0.000 r  
    PS8_X0Y0             PS8                          0.000     0.000 r  gemm_system_i/zynq_ultra_ps_e_0/inst/PS8_i/PLCLK[0]
                         net (fo=1, routed)           0.229     0.229    gemm_system_i/zynq_ultra_ps_e_0/inst/pl_clk_unbuffered[0]
    BUFG_PS_X0Y80        BUFG_PS (Prop_BUFG_PS_I_O)
                                                      0.038     0.267 r  gemm_system_i/zynq_ultra_ps_e_0/inst/buffer_pl_clk_0.PL_CLK_0_BUFG/O
    X1Y1 (CLOCK_ROOT)    net (fo=32898, routed)       3.099     3.366    gemm_system_i/axi_smc/inst/clk_map/psr_aclk/U0/aclk
    SLICE_X3Y115         FDRE                                         r  gemm_system_i/axi_smc/inst/clk_map/psr_aclk/U0/ACTIVE_LOW_BSR_OUT_DFF[0].FDRE_BSR_N/C
  -------------------------------------------------------------------    -------------------
    SLICE_X3Y115         FDRE (Prop_DFF_SLICEL_C_Q)
                                                      0.114     3.480 r  gemm_system_i/axi_smc/inst/clk_map/psr_aclk/U0/ACTIVE_LOW_BSR_OUT_DFF[0].FDRE_BSR_N/Q
                         net (fo=27, routed)          0.904     4.384    gemm_system_i/axi_smc/inst/s00_entry_pipeline/s00_mmu/inst/xpm_cdc_async_rst_inst/src_arst
    SLICE_X3Y101         FDCE                                         f  gemm_system_i/axi_smc/inst/s00_entry_pipeline/s00_mmu/inst/xpm_cdc_async_rst_inst/arststages_ff_reg[2]/CLR  (IS_INVERTED)
  -------------------------------------------------------------------    -------------------

                         (clock clk_pl_0 rise edge)
                                                      0.000     0.000 r  
    PS8_X0Y0             PS8                          0.000     0.000 r  gemm_system_i/zynq_ultra_ps_e_0/inst/PS8_i/PLCLK[0]
                         net (fo=1, routed)           0.181     0.181    gemm_system_i/zynq_ultra_ps_e_0/inst/pl_clk_unbuffered[0]
    BUFG_PS_X0Y80        BUFG_PS (Prop_BUFG_PS_I_O)
                                                      0.035     0.216 r  gemm_system_i/zynq_ultra_ps_e_0/inst/buffer_pl_clk_0.PL_CLK_0_BUFG/O
    X1Y1 (CLOCK_ROOT)    net (fo=32898, routed)       2.828     3.044    gemm_system_i/axi_smc/inst/s00_entry_pipeline/s00_mmu/inst/xpm_cdc_async_rst_inst/dest_clk
    SLICE_X3Y101         FDCE                                         r  gemm_system_i/axi_smc/inst/s00_entry_pipeline/s00_mmu/inst/xpm_cdc_async_rst_inst/arststages_ff_reg[2]/C

Slack:                    inf
  Source:                 gemm_system_i/smartconnect_0/inst/clk_map/psr_aclk/U0/ACTIVE_LOW_BSR_OUT_DFF[0].FDRE_BSR_N/C
                            (rising edge-triggered cell FDRE clocked by clk_pl_0  {rise@0.000ns fall@5.000ns period=10.000ns})
  Destination:            gemm_system_i/smartconnect_0/inst/s00_entry_pipeline/s00_si_converter/inst/xpm_cdc_async_rst_inst/arststages_ff_reg[0]/CLR
                            (recovery check against rising-edge clock clk_pl_0  {rise@0.000ns fall@5.000ns period=10.000ns})
  Path Group:             (none)
  Path Type:              Recovery (Max at Slow Process Corner)
  Data Path Delay:        0.898ns  (logic 0.116ns (12.924%)  route 0.782ns (87.076%))
  Logic Levels:           0  
  Clock Path Skew:        -0.331ns (DCD - SCD + CPR)
    Destination Clock Delay (DCD):    3.066ns
    Source Clock Delay      (SCD):    3.397ns
    Clock Pessimism Removal (CPR):    0.000ns
  Clock Uncertainty:      0.160ns  ((TSJ^2 + DJ^2)^1/2) / 2 + PE
    Total System Jitter     (TSJ):    0.071ns
    Discrete Jitter          (DJ):    0.312ns
    Phase Error              (PE):    0.000ns
  Clock Net Delay (Source):      3.130ns (routing 1.584ns, distribution 1.546ns)
  Clock Net Delay (Destination): 2.850ns (routing 1.450ns, distribution 1.400ns)
  Timing Exception:       False Path

    Location             Delay type                Incr(ns)  Path(ns)    Netlist Resource(s)
  -------------------------------------------------------------------    -------------------
                         (clock clk_pl_0 rise edge)
                                                      0.000     0.000 r  
    PS8_X0Y0             PS8                          0.000     0.000 r  gemm_system_i/zynq_ultra_ps_e_0/inst/PS8_i/PLCLK[0]
                         net (fo=1, routed)           0.229     0.229    gemm_system_i/zynq_ultra_ps_e_0/inst/pl_clk_unbuffered[0]
    BUFG_PS_X0Y80        BUFG_PS (Prop_BUFG_PS_I_O)
                                                      0.038     0.267 r  gemm_system_i/zynq_ultra_ps_e_0/inst/buffer_pl_clk_0.PL_CLK_0_BUFG/O
    X1Y1 (CLOCK_ROOT)    net (fo=32898, routed)       3.130     3.397    gemm_system_i/smartconnect_0/inst/clk_map/psr_aclk/U0/aclk
    SLICE_X5Y63          FDRE                                         r  gemm_system_i/smartconnect_0/inst/clk_map/psr_aclk/U0/ACTIVE_LOW_BSR_OUT_DFF[0].FDRE_BSR_N/C
  -------------------------------------------------------------------    -------------------
    SLICE_X5Y63          FDRE (Prop_DFF_SLICEM_C_Q)
                                                      0.116     3.513 r  gemm_system_i/smartconnect_0/inst/clk_map/psr_aclk/U0/ACTIVE_LOW_BSR_OUT_DFF[0].FDRE_BSR_N/Q
                         net (fo=18, routed)          0.782     4.295    gemm_system_i/smartconnect_0/inst/s00_entry_pipeline/s00_si_converter/inst/xpm_cdc_async_rst_inst/src_arst
    SLICE_X3Y65          FDCE                                         f  gemm_system_i/smartconnect_0/inst/s00_entry_pipeline/s00_si_converter/inst/xpm_cdc_async_rst_inst/arststages_ff_reg[0]/CLR  (IS_INVERTED)
  -------------------------------------------------------------------    -------------------

                         (clock clk_pl_0 rise edge)
                                                      0.000     0.000 r  
    PS8_X0Y0             PS8                          0.000     0.000 r  gemm_system_i/zynq_ultra_ps_e_0/inst/PS8_i/PLCLK[0]
                         net (fo=1, routed)           0.181     0.181    gemm_system_i/zynq_ultra_ps_e_0/inst/pl_clk_unbuffered[0]
    BUFG_PS_X0Y80        BUFG_PS (Prop_BUFG_PS_I_O)
                                                      0.035     0.216 r  gemm_system_i/zynq_ultra_ps_e_0/inst/buffer_pl_clk_0.PL_CLK_0_BUFG/O
    X1Y1 (CLOCK_ROOT)    net (fo=32898, routed)       2.850     3.066    gemm_system_i/smartconnect_0/inst/s00_entry_pipeline/s00_si_converter/inst/xpm_cdc_async_rst_inst/dest_clk
    SLICE_X3Y65          FDCE                                         r  gemm_system_i/smartconnect_0/inst/s00_entry_pipeline/s00_si_converter/inst/xpm_cdc_async_rst_inst/arststages_ff_reg[0]/C

Slack:                    inf
  Source:                 gemm_system_i/smartconnect_0/inst/clk_map/psr_aclk/U0/ACTIVE_LOW_BSR_OUT_DFF[0].FDRE_BSR_N/C
                            (rising edge-triggered cell FDRE clocked by clk_pl_0  {rise@0.000ns fall@5.000ns period=10.000ns})
  Destination:            gemm_system_i/smartconnect_0/inst/s00_entry_pipeline/s00_si_converter/inst/xpm_cdc_async_rst_inst/arststages_ff_reg[1]/CLR
                            (recovery check against rising-edge clock clk_pl_0  {rise@0.000ns fall@5.000ns period=10.000ns})
  Path Group:             (none)
  Path Type:              Recovery (Max at Slow Process Corner)
  Data Path Delay:        0.898ns  (logic 0.116ns (12.924%)  route 0.782ns (87.076%))
  Logic Levels:           0  
  Clock Path Skew:        -0.331ns (DCD - SCD + CPR)
    Destination Clock Delay (DCD):    3.066ns
    Source Clock Delay      (SCD):    3.397ns
    Clock Pessimism Removal (CPR):    0.000ns
  Clock Uncertainty:      0.160ns  ((TSJ^2 + DJ^2)^1/2) / 2 + PE
    Total System Jitter     (TSJ):    0.071ns
    Discrete Jitter          (DJ):    0.312ns
    Phase Error              (PE):    0.000ns
  Clock Net Delay (Source):      3.130ns (routing 1.584ns, distribution 1.546ns)
  Clock Net Delay (Destination): 2.850ns (routing 1.450ns, distribution 1.400ns)
  Timing Exception:       False Path

    Location             Delay type                Incr(ns)  Path(ns)    Netlist Resource(s)
  -------------------------------------------------------------------    -------------------
                         (clock clk_pl_0 rise edge)
                                                      0.000     0.000 r  
    PS8_X0Y0             PS8                          0.000     0.000 r  gemm_system_i/zynq_ultra_ps_e_0/inst/PS8_i/PLCLK[0]
                         net (fo=1, routed)           0.229     0.229    gemm_system_i/zynq_ultra_ps_e_0/inst/pl_clk_unbuffered[0]
    BUFG_PS_X0Y80        BUFG_PS (Prop_BUFG_PS_I_O)
                                                      0.038     0.267 r  gemm_system_i/zynq_ultra_ps_e_0/inst/buffer_pl_clk_0.PL_CLK_0_BUFG/O
    X1Y1 (CLOCK_ROOT)    net (fo=32898, routed)       3.130     3.397    gemm_system_i/smartconnect_0/inst/clk_map/psr_aclk/U0/aclk
    SLICE_X5Y63          FDRE                                         r  gemm_system_i/smartconnect_0/inst/clk_map/psr_aclk/U0/ACTIVE_LOW_BSR_OUT_DFF[0].FDRE_BSR_N/C
  -------------------------------------------------------------------    -------------------
    SLICE_X5Y63          FDRE (Prop_DFF_SLICEM_C_Q)
                                                      0.116     3.513 r  gemm_system_i/smartconnect_0/inst/clk_map/psr_aclk/U0/ACTIVE_LOW_BSR_OUT_DFF[0].FDRE_BSR_N/Q
                         net (fo=18, routed)          0.782     4.295    gemm_system_i/smartconnect_0/inst/s00_entry_pipeline/s00_si_converter/inst/xpm_cdc_async_rst_inst/src_arst
    SLICE_X3Y65          FDCE                                         f  gemm_system_i/smartconnect_0/inst/s00_entry_pipeline/s00_si_converter/inst/xpm_cdc_async_rst_inst/arststages_ff_reg[1]/CLR  (IS_INVERTED)
  -------------------------------------------------------------------    -------------------

                         (clock clk_pl_0 rise edge)
                                                      0.000     0.000 r  
    PS8_X0Y0             PS8                          0.000     0.000 r  gemm_system_i/zynq_ultra_ps_e_0/inst/PS8_i/PLCLK[0]
                         net (fo=1, routed)           0.181     0.181    gemm_system_i/zynq_ultra_ps_e_0/inst/pl_clk_unbuffered[0]
    BUFG_PS_X0Y80        BUFG_PS (Prop_BUFG_PS_I_O)
                                                      0.035     0.216 r  gemm_system_i/zynq_ultra_ps_e_0/inst/buffer_pl_clk_0.PL_CLK_0_BUFG/O
    X1Y1 (CLOCK_ROOT)    net (fo=32898, routed)       2.850     3.066    gemm_system_i/smartconnect_0/inst/s00_entry_pipeline/s00_si_converter/inst/xpm_cdc_async_rst_inst/dest_clk
    SLICE_X3Y65          FDCE                                         r  gemm_system_i/smartconnect_0/inst/s00_entry_pipeline/s00_si_converter/inst/xpm_cdc_async_rst_inst/arststages_ff_reg[1]/C

Slack:                    inf
  Source:                 gemm_system_i/smartconnect_0/inst/clk_map/psr_aclk/U0/ACTIVE_LOW_BSR_OUT_DFF[0].FDRE_BSR_N/C
                            (rising edge-triggered cell FDRE clocked by clk_pl_0  {rise@0.000ns fall@5.000ns period=10.000ns})
  Destination:            gemm_system_i/smartconnect_0/inst/s00_entry_pipeline/s00_si_converter/inst/xpm_cdc_async_rst_inst/arststages_ff_reg[2]/CLR
                            (recovery check against rising-edge clock clk_pl_0  {rise@0.000ns fall@5.000ns period=10.000ns})
  Path Group:             (none)
  Path Type:              Recovery (Max at Slow Process Corner)
  Data Path Delay:        0.898ns  (logic 0.116ns (12.924%)  route 0.782ns (87.076%))
  Logic Levels:           0  
  Clock Path Skew:        -0.331ns (DCD - SCD + CPR)
    Destination Clock Delay (DCD):    3.066ns
    Source Clock Delay      (SCD):    3.397ns
    Clock Pessimism Removal (CPR):    0.000ns
  Clock Uncertainty:      0.160ns  ((TSJ^2 + DJ^2)^1/2) / 2 + PE
    Total System Jitter     (TSJ):    0.071ns
    Discrete Jitter          (DJ):    0.312ns
    Phase Error              (PE):    0.000ns
  Clock Net Delay (Source):      3.130ns (routing 1.584ns, distribution 1.546ns)
  Clock Net Delay (Destination): 2.850ns (routing 1.450ns, distribution 1.400ns)
  Timing Exception:       False Path

    Location             Delay type                Incr(ns)  Path(ns)    Netlist Resource(s)
  -------------------------------------------------------------------    -------------------
                         (clock clk_pl_0 rise edge)
                                                      0.000     0.000 r  
    PS8_X0Y0             PS8                          0.000     0.000 r  gemm_system_i/zynq_ultra_ps_e_0/inst/PS8_i/PLCLK[0]
                         net (fo=1, routed)           0.229     0.229    gemm_system_i/zynq_ultra_ps_e_0/inst/pl_clk_unbuffered[0]
    BUFG_PS_X0Y80        BUFG_PS (Prop_BUFG_PS_I_O)
                                                      0.038     0.267 r  gemm_system_i/zynq_ultra_ps_e_0/inst/buffer_pl_clk_0.PL_CLK_0_BUFG/O
    X1Y1 (CLOCK_ROOT)    net (fo=32898, routed)       3.130     3.397    gemm_system_i/smartconnect_0/inst/clk_map/psr_aclk/U0/aclk
    SLICE_X5Y63          FDRE                                         r  gemm_system_i/smartconnect_0/inst/clk_map/psr_aclk/U0/ACTIVE_LOW_BSR_OUT_DFF[0].FDRE_BSR_N/C
  -------------------------------------------------------------------    -------------------
    SLICE_X5Y63          FDRE (Prop_DFF_SLICEM_C_Q)
                                                      0.116     3.513 r  gemm_system_i/smartconnect_0/inst/clk_map/psr_aclk/U0/ACTIVE_LOW_BSR_OUT_DFF[0].FDRE_BSR_N/Q
                         net (fo=18, routed)          0.782     4.295    gemm_system_i/smartconnect_0/inst/s00_entry_pipeline/s00_si_converter/inst/xpm_cdc_async_rst_inst/src_arst
    SLICE_X3Y65          FDCE                                         f  gemm_system_i/smartconnect_0/inst/s00_entry_pipeline/s00_si_converter/inst/xpm_cdc_async_rst_inst/arststages_ff_reg[2]/CLR  (IS_INVERTED)
  -------------------------------------------------------------------    -------------------

                         (clock clk_pl_0 rise edge)
                                                      0.000     0.000 r  
    PS8_X0Y0             PS8                          0.000     0.000 r  gemm_system_i/zynq_ultra_ps_e_0/inst/PS8_i/PLCLK[0]
                         net (fo=1, routed)           0.181     0.181    gemm_system_i/zynq_ultra_ps_e_0/inst/pl_clk_unbuffered[0]
    BUFG_PS_X0Y80        BUFG_PS (Prop_BUFG_PS_I_O)
                                                      0.035     0.216 r  gemm_system_i/zynq_ultra_ps_e_0/inst/buffer_pl_clk_0.PL_CLK_0_BUFG/O
    X1Y1 (CLOCK_ROOT)    net (fo=32898, routed)       2.850     3.066    gemm_system_i/smartconnect_0/inst/s00_entry_pipeline/s00_si_converter/inst/xpm_cdc_async_rst_inst/dest_clk
    SLICE_X3Y65          FDCE                                         r  gemm_system_i/smartconnect_0/inst/s00_entry_pipeline/s00_si_converter/inst/xpm_cdc_async_rst_inst/arststages_ff_reg[2]/C

Slack:                    inf
  Source:                 gemm_system_i/smartconnect_0/inst/clk_map/psr_aclk/U0/ACTIVE_LOW_BSR_OUT_DFF[0].FDRE_BSR_N/C
                            (rising edge-triggered cell FDRE clocked by clk_pl_0  {rise@0.000ns fall@5.000ns period=10.000ns})
  Destination:            gemm_system_i/smartconnect_0/inst/s00_entry_pipeline/s00_mmu/inst/xpm_cdc_async_rst_inst/arststages_ff_reg[0]/CLR
                            (recovery check against rising-edge clock clk_pl_0  {rise@0.000ns fall@5.000ns period=10.000ns})
  Path Group:             (none)
  Path Type:              Recovery (Max at Slow Process Corner)
  Data Path Delay:        0.842ns  (logic 0.116ns (13.770%)  route 0.726ns (86.230%))
  Logic Levels:           0  
  Clock Path Skew:        -0.342ns (DCD - SCD + CPR)
    Destination Clock Delay (DCD):    3.055ns
    Source Clock Delay      (SCD):    3.397ns
    Clock Pessimism Removal (CPR):    0.000ns
  Clock Uncertainty:      0.160ns  ((TSJ^2 + DJ^2)^1/2) / 2 + PE
    Total System Jitter     (TSJ):    0.071ns
    Discrete Jitter          (DJ):    0.312ns
    Phase Error              (PE):    0.000ns
  Clock Net Delay (Source):      3.130ns (routing 1.584ns, distribution 1.546ns)
  Clock Net Delay (Destination): 2.839ns (routing 1.450ns, distribution 1.389ns)
  Timing Exception:       False Path

    Location             Delay type                Incr(ns)  Path(ns)    Netlist Resource(s)
  -------------------------------------------------------------------    -------------------
                         (clock clk_pl_0 rise edge)
                                                      0.000     0.000 r  
    PS8_X0Y0             PS8                          0.000     0.000 r  gemm_system_i/zynq_ultra_ps_e_0/inst/PS8_i/PLCLK[0]
                         net (fo=1, routed)           0.229     0.229    gemm_system_i/zynq_ultra_ps_e_0/inst/pl_clk_unbuffered[0]
    BUFG_PS_X0Y80        BUFG_PS (Prop_BUFG_PS_I_O)
                                                      0.038     0.267 r  gemm_system_i/zynq_ultra_ps_e_0/inst/buffer_pl_clk_0.PL_CLK_0_BUFG/O
    X1Y1 (CLOCK_ROOT)    net (fo=32898, routed)       3.130     3.397    gemm_system_i/smartconnect_0/inst/clk_map/psr_aclk/U0/aclk
    SLICE_X5Y63          FDRE                                         r  gemm_system_i/smartconnect_0/inst/clk_map/psr_aclk/U0/ACTIVE_LOW_BSR_OUT_DFF[0].FDRE_BSR_N/C
  -------------------------------------------------------------------    -------------------
    SLICE_X5Y63          FDRE (Prop_DFF_SLICEM_C_Q)
                                                      0.116     3.513 r  gemm_system_i/smartconnect_0/inst/clk_map/psr_aclk/U0/ACTIVE_LOW_BSR_OUT_DFF[0].FDRE_BSR_N/Q
                         net (fo=18, routed)          0.726     4.240    gemm_system_i/smartconnect_0/inst/s00_entry_pipeline/s00_mmu/inst/xpm_cdc_async_rst_inst/src_arst
    SLICE_X5Y71          FDCE                                         f  gemm_system_i/smartconnect_0/inst/s00_entry_pipeline/s00_mmu/inst/xpm_cdc_async_rst_inst/arststages_ff_reg[0]/CLR  (IS_INVERTED)
  -------------------------------------------------------------------    -------------------

                         (clock clk_pl_0 rise edge)
                                                      0.000     0.000 r  
    PS8_X0Y0             PS8                          0.000     0.000 r  gemm_system_i/zynq_ultra_ps_e_0/inst/PS8_i/PLCLK[0]
                         net (fo=1, routed)           0.181     0.181    gemm_system_i/zynq_ultra_ps_e_0/inst/pl_clk_unbuffered[0]
    BUFG_PS_X0Y80        BUFG_PS (Prop_BUFG_PS_I_O)
                                                      0.035     0.216 r  gemm_system_i/zynq_ultra_ps_e_0/inst/buffer_pl_clk_0.PL_CLK_0_BUFG/O
    X1Y1 (CLOCK_ROOT)    net (fo=32898, routed)       2.839     3.055    gemm_system_i/smartconnect_0/inst/s00_entry_pipeline/s00_mmu/inst/xpm_cdc_async_rst_inst/dest_clk
    SLICE_X5Y71          FDCE                                         r  gemm_system_i/smartconnect_0/inst/s00_entry_pipeline/s00_mmu/inst/xpm_cdc_async_rst_inst/arststages_ff_reg[0]/C





Min Delay Paths
--------------------------------------------------------------------------------------
Slack:                    inf
  Source:                 gemm_system_i/smartconnect_1/inst/clk_map/psr_aclk/U0/ACTIVE_LOW_BSR_OUT_DFF[0].FDRE_BSR_N/C
                            (rising edge-triggered cell FDRE clocked by clk_pl_0  {rise@0.000ns fall@5.000ns period=10.000ns})
  Destination:            gemm_system_i/smartconnect_1/inst/s00_nodes/s00_w_node/inst/s_sc_xpm_cdc_async_rst_inst/arststages_ff_reg[0]/CLR
                            (removal check against rising-edge clock clk_pl_0  {rise@0.000ns fall@5.000ns period=10.000ns})
  Path Group:             (none)
  Path Type:              Removal (Min at Fast Process Corner)
  Data Path Delay:        0.172ns  (logic 0.083ns (48.351%)  route 0.089ns (51.649%))
  Logic Levels:           0  
  Clock Path Skew:        0.202ns (DCD - SCD - CPR)
    Destination Clock Delay (DCD):    2.073ns
    Source Clock Delay      (SCD):    1.871ns
    Clock Pessimism Removal (CPR):    -0.000ns
  Clock Uncertainty:      0.160ns  ((TSJ^2 + DJ^2)^1/2) / 2 + PE
    Total System Jitter     (TSJ):    0.071ns
    Discrete Jitter          (DJ):    0.312ns
    Phase Error              (PE):    0.000ns
  Clock Net Delay (Source):      1.720ns (routing 0.886ns, distribution 0.834ns)
  Clock Net Delay (Destination): 1.886ns (routing 0.971ns, distribution 0.915ns)
  Timing Exception:       False Path

    Location             Delay type                Incr(ns)  Path(ns)    Netlist Resource(s)
  -------------------------------------------------------------------    -------------------
                         (clock clk_pl_0 rise edge)
                                                      0.000     0.000 r  
    PS8_X0Y0             PS8                          0.000     0.000 r  gemm_system_i/zynq_ultra_ps_e_0/inst/PS8_i/PLCLK[0]
                         net (fo=1, routed)           0.129     0.129    gemm_system_i/zynq_ultra_ps_e_0/inst/pl_clk_unbuffered[0]
    BUFG_PS_X0Y80        BUFG_PS (Prop_BUFG_PS_I_O)
                                                      0.022     0.151 r  gemm_system_i/zynq_ultra_ps_e_0/inst/buffer_pl_clk_0.PL_CLK_0_BUFG/O
    X1Y1 (CLOCK_ROOT)    net (fo=32898, routed)       1.720     1.871    gemm_system_i/smartconnect_1/inst/clk_map/psr_aclk/U0/aclk
    SLICE_X4Y74          FDRE                                         r  gemm_system_i/smartconnect_1/inst/clk_map/psr_aclk/U0/ACTIVE_LOW_BSR_OUT_DFF[0].FDRE_BSR_N/C
  -------------------------------------------------------------------    -------------------
    SLICE_X4Y74          FDRE (Prop_DFF_SLICEM_C_Q)
                                                      0.083     1.954 r  gemm_system_i/smartconnect_1/inst/clk_map/psr_aclk/U0/ACTIVE_LOW_BSR_OUT_DFF[0].FDRE_BSR_N/Q
                         net (fo=21, routed)          0.089     2.042    gemm_system_i/smartconnect_1/inst/s00_nodes/s00_w_node/inst/s_sc_xpm_cdc_async_rst_inst/src_arst
    SLICE_X3Y74          FDCE                                         f  gemm_system_i/smartconnect_1/inst/s00_nodes/s00_w_node/inst/s_sc_xpm_cdc_async_rst_inst/arststages_ff_reg[0]/CLR  (IS_INVERTED)
  -------------------------------------------------------------------    -------------------

                         (clock clk_pl_0 rise edge)
                                                      0.000     0.000 r  
    PS8_X0Y0             PS8                          0.000     0.000 r  gemm_system_i/zynq_ultra_ps_e_0/inst/PS8_i/PLCLK[0]
                         net (fo=1, routed)           0.164     0.164    gemm_system_i/zynq_ultra_ps_e_0/inst/pl_clk_unbuffered[0]
    BUFG_PS_X0Y80        BUFG_PS (Prop_BUFG_PS_I_O)
                                                      0.023     0.187 r  gemm_system_i/zynq_ultra_ps_e_0/inst/buffer_pl_clk_0.PL_CLK_0_BUFG/O
    X1Y1 (CLOCK_ROOT)    net (fo=32898, routed)       1.886     2.073    gemm_system_i/smartconnect_1/inst/s00_nodes/s00_w_node/inst/s_sc_xpm_cdc_async_rst_inst/dest_clk
    SLICE_X3Y74          FDCE                                         r  gemm_system_i/smartconnect_1/inst/s00_nodes/s00_w_node/inst/s_sc_xpm_cdc_async_rst_inst/arststages_ff_reg[0]/C

Slack:                    inf
  Source:                 gemm_system_i/smartconnect_1/inst/clk_map/psr_aclk/U0/ACTIVE_LOW_BSR_OUT_DFF[0].FDRE_BSR_N/C
                            (rising edge-triggered cell FDRE clocked by clk_pl_0  {rise@0.000ns fall@5.000ns period=10.000ns})
  Destination:            gemm_system_i/smartconnect_1/inst/s00_nodes/s00_w_node/inst/s_sc_xpm_cdc_async_rst_inst/arststages_ff_reg[1]/CLR
                            (removal check against rising-edge clock clk_pl_0  {rise@0.000ns fall@5.000ns period=10.000ns})
  Path Group:             (none)
  Path Type:              Removal (Min at Fast Process Corner)
  Data Path Delay:        0.172ns  (logic 0.083ns (48.351%)  route 0.089ns (51.649%))
  Logic Levels:           0  
  Clock Path Skew:        0.202ns (DCD - SCD - CPR)
    Destination Clock Delay (DCD):    2.073ns
    Source Clock Delay      (SCD):    1.871ns
    Clock Pessimism Removal (CPR):    -0.000ns
  Clock Uncertainty:      0.160ns  ((TSJ^2 + DJ^2)^1/2) / 2 + PE
    Total System Jitter     (TSJ):    0.071ns
    Discrete Jitter          (DJ):    0.312ns
    Phase Error              (PE):    0.000ns
  Clock Net Delay (Source):      1.720ns (routing 0.886ns, distribution 0.834ns)
  Clock Net Delay (Destination): 1.886ns (routing 0.971ns, distribution 0.915ns)
  Timing Exception:       False Path

    Location             Delay type                Incr(ns)  Path(ns)    Netlist Resource(s)
  -------------------------------------------------------------------    -------------------
                         (clock clk_pl_0 rise edge)
                                                      0.000     0.000 r  
    PS8_X0Y0             PS8                          0.000     0.000 r  gemm_system_i/zynq_ultra_ps_e_0/inst/PS8_i/PLCLK[0]
                         net (fo=1, routed)           0.129     0.129    gemm_system_i/zynq_ultra_ps_e_0/inst/pl_clk_unbuffered[0]
    BUFG_PS_X0Y80        BUFG_PS (Prop_BUFG_PS_I_O)
                                                      0.022     0.151 r  gemm_system_i/zynq_ultra_ps_e_0/inst/buffer_pl_clk_0.PL_CLK_0_BUFG/O
    X1Y1 (CLOCK_ROOT)    net (fo=32898, routed)       1.720     1.871    gemm_system_i/smartconnect_1/inst/clk_map/psr_aclk/U0/aclk
    SLICE_X4Y74          FDRE                                         r  gemm_system_i/smartconnect_1/inst/clk_map/psr_aclk/U0/ACTIVE_LOW_BSR_OUT_DFF[0].FDRE_BSR_N/C
  -------------------------------------------------------------------    -------------------
    SLICE_X4Y74          FDRE (Prop_DFF_SLICEM_C_Q)
                                                      0.083     1.954 r  gemm_system_i/smartconnect_1/inst/clk_map/psr_aclk/U0/ACTIVE_LOW_BSR_OUT_DFF[0].FDRE_BSR_N/Q
                         net (fo=21, routed)          0.089     2.042    gemm_system_i/smartconnect_1/inst/s00_nodes/s00_w_node/inst/s_sc_xpm_cdc_async_rst_inst/src_arst
    SLICE_X3Y74          FDCE                                         f  gemm_system_i/smartconnect_1/inst/s00_nodes/s00_w_node/inst/s_sc_xpm_cdc_async_rst_inst/arststages_ff_reg[1]/CLR  (IS_INVERTED)
  -------------------------------------------------------------------    -------------------

                         (clock clk_pl_0 rise edge)
                                                      0.000     0.000 r  
    PS8_X0Y0             PS8                          0.000     0.000 r  gemm_system_i/zynq_ultra_ps_e_0/inst/PS8_i/PLCLK[0]
                         net (fo=1, routed)           0.164     0.164    gemm_system_i/zynq_ultra_ps_e_0/inst/pl_clk_unbuffered[0]
    BUFG_PS_X0Y80        BUFG_PS (Prop_BUFG_PS_I_O)
                                                      0.023     0.187 r  gemm_system_i/zynq_ultra_ps_e_0/inst/buffer_pl_clk_0.PL_CLK_0_BUFG/O
    X1Y1 (CLOCK_ROOT)    net (fo=32898, routed)       1.886     2.073    gemm_system_i/smartconnect_1/inst/s00_nodes/s00_w_node/inst/s_sc_xpm_cdc_async_rst_inst/dest_clk
    SLICE_X3Y74          FDCE                                         r  gemm_system_i/smartconnect_1/inst/s00_nodes/s00_w_node/inst/s_sc_xpm_cdc_async_rst_inst/arststages_ff_reg[1]/C

Slack:                    inf
  Source:                 gemm_system_i/smartconnect_1/inst/clk_map/psr_aclk/U0/ACTIVE_LOW_BSR_OUT_DFF[0].FDRE_BSR_N/C
                            (rising edge-triggered cell FDRE clocked by clk_pl_0  {rise@0.000ns fall@5.000ns period=10.000ns})
  Destination:            gemm_system_i/smartconnect_1/inst/s00_nodes/s00_w_node/inst/s_sc_xpm_cdc_async_rst_inst/arststages_ff_reg[2]/CLR
                            (removal check against rising-edge clock clk_pl_0  {rise@0.000ns fall@5.000ns period=10.000ns})
  Path Group:             (none)
  Path Type:              Removal (Min at Fast Process Corner)
  Data Path Delay:        0.172ns  (logic 0.083ns (48.351%)  route 0.089ns (51.649%))
  Logic Levels:           0  
  Clock Path Skew:        0.202ns (DCD - SCD - CPR)
    Destination Clock Delay (DCD):    2.073ns
    Source Clock Delay      (SCD):    1.871ns
    Clock Pessimism Removal (CPR):    -0.000ns
  Clock Uncertainty:      0.160ns  ((TSJ^2 + DJ^2)^1/2) / 2 + PE
    Total System Jitter     (TSJ):    0.071ns
    Discrete Jitter          (DJ):    0.312ns
    Phase Error              (PE):    0.000ns
  Clock Net Delay (Source):      1.720ns (routing 0.886ns, distribution 0.834ns)
  Clock Net Delay (Destination): 1.886ns (routing 0.971ns, distribution 0.915ns)
  Timing Exception:       False Path

    Location             Delay type                Incr(ns)  Path(ns)    Netlist Resource(s)
  -------------------------------------------------------------------    -------------------
                         (clock clk_pl_0 rise edge)
                                                      0.000     0.000 r  
    PS8_X0Y0             PS8                          0.000     0.000 r  gemm_system_i/zynq_ultra_ps_e_0/inst/PS8_i/PLCLK[0]
                         net (fo=1, routed)           0.129     0.129    gemm_system_i/zynq_ultra_ps_e_0/inst/pl_clk_unbuffered[0]
    BUFG_PS_X0Y80        BUFG_PS (Prop_BUFG_PS_I_O)
                                                      0.022     0.151 r  gemm_system_i/zynq_ultra_ps_e_0/inst/buffer_pl_clk_0.PL_CLK_0_BUFG/O
    X1Y1 (CLOCK_ROOT)    net (fo=32898, routed)       1.720     1.871    gemm_system_i/smartconnect_1/inst/clk_map/psr_aclk/U0/aclk
    SLICE_X4Y74          FDRE                                         r  gemm_system_i/smartconnect_1/inst/clk_map/psr_aclk/U0/ACTIVE_LOW_BSR_OUT_DFF[0].FDRE_BSR_N/C
  -------------------------------------------------------------------    -------------------
    SLICE_X4Y74          FDRE (Prop_DFF_SLICEM_C_Q)
                                                      0.083     1.954 r  gemm_system_i/smartconnect_1/inst/clk_map/psr_aclk/U0/ACTIVE_LOW_BSR_OUT_DFF[0].FDRE_BSR_N/Q
                         net (fo=21, routed)          0.089     2.042    gemm_system_i/smartconnect_1/inst/s00_nodes/s00_w_node/inst/s_sc_xpm_cdc_async_rst_inst/src_arst
    SLICE_X3Y74          FDCE                                         f  gemm_system_i/smartconnect_1/inst/s00_nodes/s00_w_node/inst/s_sc_xpm_cdc_async_rst_inst/arststages_ff_reg[2]/CLR  (IS_INVERTED)
  -------------------------------------------------------------------    -------------------

                         (clock clk_pl_0 rise edge)
                                                      0.000     0.000 r  
    PS8_X0Y0             PS8                          0.000     0.000 r  gemm_system_i/zynq_ultra_ps_e_0/inst/PS8_i/PLCLK[0]
                         net (fo=1, routed)           0.164     0.164    gemm_system_i/zynq_ultra_ps_e_0/inst/pl_clk_unbuffered[0]
    BUFG_PS_X0Y80        BUFG_PS (Prop_BUFG_PS_I_O)
                                                      0.023     0.187 r  gemm_system_i/zynq_ultra_ps_e_0/inst/buffer_pl_clk_0.PL_CLK_0_BUFG/O
    X1Y1 (CLOCK_ROOT)    net (fo=32898, routed)       1.886     2.073    gemm_system_i/smartconnect_1/inst/s00_nodes/s00_w_node/inst/s_sc_xpm_cdc_async_rst_inst/dest_clk
    SLICE_X3Y74          FDCE                                         r  gemm_system_i/smartconnect_1/inst/s00_nodes/s00_w_node/inst/s_sc_xpm_cdc_async_rst_inst/arststages_ff_reg[2]/C

Slack:                    inf
  Source:                 gemm_system_i/smartconnect_0/inst/clk_map/psr_aclk/U0/ACTIVE_LOW_BSR_OUT_DFF[0].FDRE_BSR_N/C
                            (rising edge-triggered cell FDRE clocked by clk_pl_0  {rise@0.000ns fall@5.000ns period=10.000ns})
  Destination:            gemm_system_i/smartconnect_0/inst/s00_nodes/s00_r_node/inst/s_sc_xpm_cdc_async_rst_inst/arststages_ff_reg[0]/CLR
                            (removal check against rising-edge clock clk_pl_0  {rise@0.000ns fall@5.000ns period=10.000ns})
  Path Group:             (none)
  Path Type:              Removal (Min at Fast Process Corner)
  Data Path Delay:        0.177ns  (logic 0.083ns (46.826%)  route 0.094ns (53.174%))
  Logic Levels:           0  
  Clock Path Skew:        0.206ns (DCD - SCD - CPR)
    Destination Clock Delay (DCD):    2.078ns
    Source Clock Delay      (SCD):    1.873ns
    Clock Pessimism Removal (CPR):    -0.000ns
  Clock Uncertainty:      0.160ns  ((TSJ^2 + DJ^2)^1/2) / 2 + PE
    Total System Jitter     (TSJ):    0.071ns
    Discrete Jitter          (DJ):    0.312ns
    Phase Error              (PE):    0.000ns
  Clock Net Delay (Source):      1.722ns (routing 0.886ns, distribution 0.836ns)
  Clock Net Delay (Destination): 1.891ns (routing 0.971ns, distribution 0.920ns)
  Timing Exception:       False Path

    Location             Delay type                Incr(ns)  Path(ns)    Netlist Resource(s)
  -------------------------------------------------------------------    -------------------
                         (clock clk_pl_0 rise edge)
                                                      0.000     0.000 r  
    PS8_X0Y0             PS8                          0.000     0.000 r  gemm_system_i/zynq_ultra_ps_e_0/inst/PS8_i/PLCLK[0]
                         net (fo=1, routed)           0.129     0.129    gemm_system_i/zynq_ultra_ps_e_0/inst/pl_clk_unbuffered[0]
    BUFG_PS_X0Y80        BUFG_PS (Prop_BUFG_PS_I_O)
                                                      0.022     0.151 r  gemm_system_i/zynq_ultra_ps_e_0/inst/buffer_pl_clk_0.PL_CLK_0_BUFG/O
    X1Y1 (CLOCK_ROOT)    net (fo=32898, routed)       1.722     1.873    gemm_system_i/smartconnect_0/inst/clk_map/psr_aclk/U0/aclk
    SLICE_X5Y63          FDRE                                         r  gemm_system_i/smartconnect_0/inst/clk_map/psr_aclk/U0/ACTIVE_LOW_BSR_OUT_DFF[0].FDRE_BSR_N/C
  -------------------------------------------------------------------    -------------------
    SLICE_X5Y63          FDRE (Prop_DFF_SLICEM_C_Q)
                                                      0.083     1.956 r  gemm_system_i/smartconnect_0/inst/clk_map/psr_aclk/U0/ACTIVE_LOW_BSR_OUT_DFF[0].FDRE_BSR_N/Q
                         net (fo=18, routed)          0.094     2.050    gemm_system_i/smartconnect_0/inst/s00_nodes/s00_r_node/inst/s_sc_xpm_cdc_async_rst_inst/src_arst
    SLICE_X5Y64          FDCE                                         f  gemm_system_i/smartconnect_0/inst/s00_nodes/s00_r_node/inst/s_sc_xpm_cdc_async_rst_inst/arststages_ff_reg[0]/CLR  (IS_INVERTED)
  -------------------------------------------------------------------    -------------------

                         (clock clk_pl_0 rise edge)
                                                      0.000     0.000 r  
    PS8_X0Y0             PS8                          0.000     0.000 r  gemm_system_i/zynq_ultra_ps_e_0/inst/PS8_i/PLCLK[0]
                         net (fo=1, routed)           0.164     0.164    gemm_system_i/zynq_ultra_ps_e_0/inst/pl_clk_unbuffered[0]
    BUFG_PS_X0Y80        BUFG_PS (Prop_BUFG_PS_I_O)
                                                      0.023     0.187 r  gemm_system_i/zynq_ultra_ps_e_0/inst/buffer_pl_clk_0.PL_CLK_0_BUFG/O
    X1Y1 (CLOCK_ROOT)    net (fo=32898, routed)       1.891     2.078    gemm_system_i/smartconnect_0/inst/s00_nodes/s00_r_node/inst/s_sc_xpm_cdc_async_rst_inst/dest_clk
    SLICE_X5Y64          FDCE                                         r  gemm_system_i/smartconnect_0/inst/s00_nodes/s00_r_node/inst/s_sc_xpm_cdc_async_rst_inst/arststages_ff_reg[0]/C

Slack:                    inf
  Source:                 gemm_system_i/smartconnect_0/inst/clk_map/psr_aclk/U0/ACTIVE_LOW_BSR_OUT_DFF[0].FDRE_BSR_N/C
                            (rising edge-triggered cell FDRE clocked by clk_pl_0  {rise@0.000ns fall@5.000ns period=10.000ns})
  Destination:            gemm_system_i/smartconnect_0/inst/s00_nodes/s00_r_node/inst/s_sc_xpm_cdc_async_rst_inst/arststages_ff_reg[1]/CLR
                            (removal check against rising-edge clock clk_pl_0  {rise@0.000ns fall@5.000ns period=10.000ns})
  Path Group:             (none)
  Path Type:              Removal (Min at Fast Process Corner)
  Data Path Delay:        0.177ns  (logic 0.083ns (46.826%)  route 0.094ns (53.174%))
  Logic Levels:           0  
  Clock Path Skew:        0.206ns (DCD - SCD - CPR)
    Destination Clock Delay (DCD):    2.078ns
    Source Clock Delay      (SCD):    1.873ns
    Clock Pessimism Removal (CPR):    -0.000ns
  Clock Uncertainty:      0.160ns  ((TSJ^2 + DJ^2)^1/2) / 2 + PE
    Total System Jitter     (TSJ):    0.071ns
    Discrete Jitter          (DJ):    0.312ns
    Phase Error              (PE):    0.000ns
  Clock Net Delay (Source):      1.722ns (routing 0.886ns, distribution 0.836ns)
  Clock Net Delay (Destination): 1.891ns (routing 0.971ns, distribution 0.920ns)
  Timing Exception:       False Path

    Location             Delay type                Incr(ns)  Path(ns)    Netlist Resource(s)
  -------------------------------------------------------------------    -------------------
                         (clock clk_pl_0 rise edge)
                                                      0.000     0.000 r  
    PS8_X0Y0             PS8                          0.000     0.000 r  gemm_system_i/zynq_ultra_ps_e_0/inst/PS8_i/PLCLK[0]
                         net (fo=1, routed)           0.129     0.129    gemm_system_i/zynq_ultra_ps_e_0/inst/pl_clk_unbuffered[0]
    BUFG_PS_X0Y80        BUFG_PS (Prop_BUFG_PS_I_O)
                                                      0.022     0.151 r  gemm_system_i/zynq_ultra_ps_e_0/inst/buffer_pl_clk_0.PL_CLK_0_BUFG/O
    X1Y1 (CLOCK_ROOT)    net (fo=32898, routed)       1.722     1.873    gemm_system_i/smartconnect_0/inst/clk_map/psr_aclk/U0/aclk
    SLICE_X5Y63          FDRE                                         r  gemm_system_i/smartconnect_0/inst/clk_map/psr_aclk/U0/ACTIVE_LOW_BSR_OUT_DFF[0].FDRE_BSR_N/C
  -------------------------------------------------------------------    -------------------
    SLICE_X5Y63          FDRE (Prop_DFF_SLICEM_C_Q)
                                                      0.083     1.956 r  gemm_system_i/smartconnect_0/inst/clk_map/psr_aclk/U0/ACTIVE_LOW_BSR_OUT_DFF[0].FDRE_BSR_N/Q
                         net (fo=18, routed)          0.094     2.050    gemm_system_i/smartconnect_0/inst/s00_nodes/s00_r_node/inst/s_sc_xpm_cdc_async_rst_inst/src_arst
    SLICE_X5Y64          FDCE                                         f  gemm_system_i/smartconnect_0/inst/s00_nodes/s00_r_node/inst/s_sc_xpm_cdc_async_rst_inst/arststages_ff_reg[1]/CLR  (IS_INVERTED)
  -------------------------------------------------------------------    -------------------

                         (clock clk_pl_0 rise edge)
                                                      0.000     0.000 r  
    PS8_X0Y0             PS8                          0.000     0.000 r  gemm_system_i/zynq_ultra_ps_e_0/inst/PS8_i/PLCLK[0]
                         net (fo=1, routed)           0.164     0.164    gemm_system_i/zynq_ultra_ps_e_0/inst/pl_clk_unbuffered[0]
    BUFG_PS_X0Y80        BUFG_PS (Prop_BUFG_PS_I_O)
                                                      0.023     0.187 r  gemm_system_i/zynq_ultra_ps_e_0/inst/buffer_pl_clk_0.PL_CLK_0_BUFG/O
    X1Y1 (CLOCK_ROOT)    net (fo=32898, routed)       1.891     2.078    gemm_system_i/smartconnect_0/inst/s00_nodes/s00_r_node/inst/s_sc_xpm_cdc_async_rst_inst/dest_clk
    SLICE_X5Y64          FDCE                                         r  gemm_system_i/smartconnect_0/inst/s00_nodes/s00_r_node/inst/s_sc_xpm_cdc_async_rst_inst/arststages_ff_reg[1]/C

Slack:                    inf
  Source:                 gemm_system_i/smartconnect_0/inst/clk_map/psr_aclk/U0/ACTIVE_LOW_BSR_OUT_DFF[0].FDRE_BSR_N/C
                            (rising edge-triggered cell FDRE clocked by clk_pl_0  {rise@0.000ns fall@5.000ns period=10.000ns})
  Destination:            gemm_system_i/smartconnect_0/inst/s00_nodes/s00_r_node/inst/s_sc_xpm_cdc_async_rst_inst/arststages_ff_reg[2]/CLR
                            (removal check against rising-edge clock clk_pl_0  {rise@0.000ns fall@5.000ns period=10.000ns})
  Path Group:             (none)
  Path Type:              Removal (Min at Fast Process Corner)
  Data Path Delay:        0.177ns  (logic 0.083ns (46.826%)  route 0.094ns (53.174%))
  Logic Levels:           0  
  Clock Path Skew:        0.206ns (DCD - SCD - CPR)
    Destination Clock Delay (DCD):    2.078ns
    Source Clock Delay      (SCD):    1.873ns
    Clock Pessimism Removal (CPR):    -0.000ns
  Clock Uncertainty:      0.160ns  ((TSJ^2 + DJ^2)^1/2) / 2 + PE
    Total System Jitter     (TSJ):    0.071ns
    Discrete Jitter          (DJ):    0.312ns
    Phase Error              (PE):    0.000ns
  Clock Net Delay (Source):      1.722ns (routing 0.886ns, distribution 0.836ns)
  Clock Net Delay (Destination): 1.891ns (routing 0.971ns, distribution 0.920ns)
  Timing Exception:       False Path

    Location             Delay type                Incr(ns)  Path(ns)    Netlist Resource(s)
  -------------------------------------------------------------------    -------------------
                         (clock clk_pl_0 rise edge)
                                                      0.000     0.000 r  
    PS8_X0Y0             PS8                          0.000     0.000 r  gemm_system_i/zynq_ultra_ps_e_0/inst/PS8_i/PLCLK[0]
                         net (fo=1, routed)           0.129     0.129    gemm_system_i/zynq_ultra_ps_e_0/inst/pl_clk_unbuffered[0]
    BUFG_PS_X0Y80        BUFG_PS (Prop_BUFG_PS_I_O)
                                                      0.022     0.151 r  gemm_system_i/zynq_ultra_ps_e_0/inst/buffer_pl_clk_0.PL_CLK_0_BUFG/O
    X1Y1 (CLOCK_ROOT)    net (fo=32898, routed)       1.722     1.873    gemm_system_i/smartconnect_0/inst/clk_map/psr_aclk/U0/aclk
    SLICE_X5Y63          FDRE                                         r  gemm_system_i/smartconnect_0/inst/clk_map/psr_aclk/U0/ACTIVE_LOW_BSR_OUT_DFF[0].FDRE_BSR_N/C
  -------------------------------------------------------------------    -------------------
    SLICE_X5Y63          FDRE (Prop_DFF_SLICEM_C_Q)
                                                      0.083     1.956 r  gemm_system_i/smartconnect_0/inst/clk_map/psr_aclk/U0/ACTIVE_LOW_BSR_OUT_DFF[0].FDRE_BSR_N/Q
                         net (fo=18, routed)          0.094     2.050    gemm_system_i/smartconnect_0/inst/s00_nodes/s00_r_node/inst/s_sc_xpm_cdc_async_rst_inst/src_arst
    SLICE_X5Y64          FDCE                                         f  gemm_system_i/smartconnect_0/inst/s00_nodes/s00_r_node/inst/s_sc_xpm_cdc_async_rst_inst/arststages_ff_reg[2]/CLR  (IS_INVERTED)
  -------------------------------------------------------------------    -------------------

                         (clock clk_pl_0 rise edge)
                                                      0.000     0.000 r  
    PS8_X0Y0             PS8                          0.000     0.000 r  gemm_system_i/zynq_ultra_ps_e_0/inst/PS8_i/PLCLK[0]
                         net (fo=1, routed)           0.164     0.164    gemm_system_i/zynq_ultra_ps_e_0/inst/pl_clk_unbuffered[0]
    BUFG_PS_X0Y80        BUFG_PS (Prop_BUFG_PS_I_O)
                                                      0.023     0.187 r  gemm_system_i/zynq_ultra_ps_e_0/inst/buffer_pl_clk_0.PL_CLK_0_BUFG/O
    X1Y1 (CLOCK_ROOT)    net (fo=32898, routed)       1.891     2.078    gemm_system_i/smartconnect_0/inst/s00_nodes/s00_r_node/inst/s_sc_xpm_cdc_async_rst_inst/dest_clk
    SLICE_X5Y64          FDCE                                         r  gemm_system_i/smartconnect_0/inst/s00_nodes/s00_r_node/inst/s_sc_xpm_cdc_async_rst_inst/arststages_ff_reg[2]/C

Slack:                    inf
  Source:                 gemm_system_i/axi_smc/inst/clk_map/psr_aclk/U0/ACTIVE_LOW_BSR_OUT_DFF[0].FDRE_BSR_N/C
                            (rising edge-triggered cell FDRE clocked by clk_pl_0  {rise@0.000ns fall@5.000ns period=10.000ns})
  Destination:            gemm_system_i/axi_smc/inst/s00_nodes/s00_ar_node/inst/s_sc_xpm_cdc_async_rst_inst/arststages_ff_reg[0]/CLR
                            (removal check against rising-edge clock clk_pl_0  {rise@0.000ns fall@5.000ns period=10.000ns})
  Path Group:             (none)
  Path Type:              Removal (Min at Fast Process Corner)
  Data Path Delay:        0.228ns  (logic 0.084ns (36.895%)  route 0.144ns (63.105%))
  Logic Levels:           0  
  Clock Path Skew:        0.214ns (DCD - SCD - CPR)
    Destination Clock Delay (DCD):    2.076ns
    Source Clock Delay      (SCD):    1.862ns
    Clock Pessimism Removal (CPR):    -0.000ns
  Clock Uncertainty:      0.160ns  ((TSJ^2 + DJ^2)^1/2) / 2 + PE
    Total System Jitter     (TSJ):    0.071ns
    Discrete Jitter          (DJ):    0.312ns
    Phase Error              (PE):    0.000ns
  Clock Net Delay (Source):      1.711ns (routing 0.886ns, distribution 0.825ns)
  Clock Net Delay (Destination): 1.889ns (routing 0.971ns, distribution 0.918ns)
  Timing Exception:       False Path

    Location             Delay type                Incr(ns)  Path(ns)    Netlist Resource(s)
  -------------------------------------------------------------------    -------------------
                         (clock clk_pl_0 rise edge)
                                                      0.000     0.000 r  
    PS8_X0Y0             PS8                          0.000     0.000 r  gemm_system_i/zynq_ultra_ps_e_0/inst/PS8_i/PLCLK[0]
                         net (fo=1, routed)           0.129     0.129    gemm_system_i/zynq_ultra_ps_e_0/inst/pl_clk_unbuffered[0]
    BUFG_PS_X0Y80        BUFG_PS (Prop_BUFG_PS_I_O)
                                                      0.022     0.151 r  gemm_system_i/zynq_ultra_ps_e_0/inst/buffer_pl_clk_0.PL_CLK_0_BUFG/O
    X1Y1 (CLOCK_ROOT)    net (fo=32898, routed)       1.711     1.862    gemm_system_i/axi_smc/inst/clk_map/psr_aclk/U0/aclk
    SLICE_X3Y115         FDRE                                         r  gemm_system_i/axi_smc/inst/clk_map/psr_aclk/U0/ACTIVE_LOW_BSR_OUT_DFF[0].FDRE_BSR_N/C
  -------------------------------------------------------------------    -------------------
    SLICE_X3Y115         FDRE (Prop_DFF_SLICEL_C_Q)
                                                      0.084     1.946 r  gemm_system_i/axi_smc/inst/clk_map/psr_aclk/U0/ACTIVE_LOW_BSR_OUT_DFF[0].FDRE_BSR_N/Q
                         net (fo=27, routed)          0.144     2.090    gemm_system_i/axi_smc/inst/s00_nodes/s00_ar_node/inst/s_sc_xpm_cdc_async_rst_inst/src_arst
    SLICE_X5Y110         FDCE                                         f  gemm_system_i/axi_smc/inst/s00_nodes/s00_ar_node/inst/s_sc_xpm_cdc_async_rst_inst/arststages_ff_reg[0]/CLR  (IS_INVERTED)
  -------------------------------------------------------------------    -------------------

                         (clock clk_pl_0 rise edge)
                                                      0.000     0.000 r  
    PS8_X0Y0             PS8                          0.000     0.000 r  gemm_system_i/zynq_ultra_ps_e_0/inst/PS8_i/PLCLK[0]
                         net (fo=1, routed)           0.164     0.164    gemm_system_i/zynq_ultra_ps_e_0/inst/pl_clk_unbuffered[0]
    BUFG_PS_X0Y80        BUFG_PS (Prop_BUFG_PS_I_O)
                                                      0.023     0.187 r  gemm_system_i/zynq_ultra_ps_e_0/inst/buffer_pl_clk_0.PL_CLK_0_BUFG/O
    X1Y1 (CLOCK_ROOT)    net (fo=32898, routed)       1.889     2.076    gemm_system_i/axi_smc/inst/s00_nodes/s00_ar_node/inst/s_sc_xpm_cdc_async_rst_inst/dest_clk
    SLICE_X5Y110         FDCE                                         r  gemm_system_i/axi_smc/inst/s00_nodes/s00_ar_node/inst/s_sc_xpm_cdc_async_rst_inst/arststages_ff_reg[0]/C

Slack:                    inf
  Source:                 gemm_system_i/axi_smc/inst/clk_map/psr_aclk/U0/ACTIVE_LOW_BSR_OUT_DFF[0].FDRE_BSR_N/C
                            (rising edge-triggered cell FDRE clocked by clk_pl_0  {rise@0.000ns fall@5.000ns period=10.000ns})
  Destination:            gemm_system_i/axi_smc/inst/s00_nodes/s00_ar_node/inst/s_sc_xpm_cdc_async_rst_inst/arststages_ff_reg[1]/CLR
                            (removal check against rising-edge clock clk_pl_0  {rise@0.000ns fall@5.000ns period=10.000ns})
  Path Group:             (none)
  Path Type:              Removal (Min at Fast Process Corner)
  Data Path Delay:        0.228ns  (logic 0.084ns (36.895%)  route 0.144ns (63.105%))
  Logic Levels:           0  
  Clock Path Skew:        0.214ns (DCD - SCD - CPR)
    Destination Clock Delay (DCD):    2.076ns
    Source Clock Delay      (SCD):    1.862ns
    Clock Pessimism Removal (CPR):    -0.000ns
  Clock Uncertainty:      0.160ns  ((TSJ^2 + DJ^2)^1/2) / 2 + PE
    Total System Jitter     (TSJ):    0.071ns
    Discrete Jitter          (DJ):    0.312ns
    Phase Error              (PE):    0.000ns
  Clock Net Delay (Source):      1.711ns (routing 0.886ns, distribution 0.825ns)
  Clock Net Delay (Destination): 1.889ns (routing 0.971ns, distribution 0.918ns)
  Timing Exception:       False Path

    Location             Delay type                Incr(ns)  Path(ns)    Netlist Resource(s)
  -------------------------------------------------------------------    -------------------
                         (clock clk_pl_0 rise edge)
                                                      0.000     0.000 r  
    PS8_X0Y0             PS8                          0.000     0.000 r  gemm_system_i/zynq_ultra_ps_e_0/inst/PS8_i/PLCLK[0]
                         net (fo=1, routed)           0.129     0.129    gemm_system_i/zynq_ultra_ps_e_0/inst/pl_clk_unbuffered[0]
    BUFG_PS_X0Y80        BUFG_PS (Prop_BUFG_PS_I_O)
                                                      0.022     0.151 r  gemm_system_i/zynq_ultra_ps_e_0/inst/buffer_pl_clk_0.PL_CLK_0_BUFG/O
    X1Y1 (CLOCK_ROOT)    net (fo=32898, routed)       1.711     1.862    gemm_system_i/axi_smc/inst/clk_map/psr_aclk/U0/aclk
    SLICE_X3Y115         FDRE                                         r  gemm_system_i/axi_smc/inst/clk_map/psr_aclk/U0/ACTIVE_LOW_BSR_OUT_DFF[0].FDRE_BSR_N/C
  -------------------------------------------------------------------    -------------------
    SLICE_X3Y115         FDRE (Prop_DFF_SLICEL_C_Q)
                                                      0.084     1.946 r  gemm_system_i/axi_smc/inst/clk_map/psr_aclk/U0/ACTIVE_LOW_BSR_OUT_DFF[0].FDRE_BSR_N/Q
                         net (fo=27, routed)          0.144     2.090    gemm_system_i/axi_smc/inst/s00_nodes/s00_ar_node/inst/s_sc_xpm_cdc_async_rst_inst/src_arst
    SLICE_X5Y110         FDCE                                         f  gemm_system_i/axi_smc/inst/s00_nodes/s00_ar_node/inst/s_sc_xpm_cdc_async_rst_inst/arststages_ff_reg[1]/CLR  (IS_INVERTED)
  -------------------------------------------------------------------    -------------------

                         (clock clk_pl_0 rise edge)
                                                      0.000     0.000 r  
    PS8_X0Y0             PS8                          0.000     0.000 r  gemm_system_i/zynq_ultra_ps_e_0/inst/PS8_i/PLCLK[0]
                         net (fo=1, routed)           0.164     0.164    gemm_system_i/zynq_ultra_ps_e_0/inst/pl_clk_unbuffered[0]
    BUFG_PS_X0Y80        BUFG_PS (Prop_BUFG_PS_I_O)
                                                      0.023     0.187 r  gemm_system_i/zynq_ultra_ps_e_0/inst/buffer_pl_clk_0.PL_CLK_0_BUFG/O
    X1Y1 (CLOCK_ROOT)    net (fo=32898, routed)       1.889     2.076    gemm_system_i/axi_smc/inst/s00_nodes/s00_ar_node/inst/s_sc_xpm_cdc_async_rst_inst/dest_clk
    SLICE_X5Y110         FDCE                                         r  gemm_system_i/axi_smc/inst/s00_nodes/s00_ar_node/inst/s_sc_xpm_cdc_async_rst_inst/arststages_ff_reg[1]/C

Slack:                    inf
  Source:                 gemm_system_i/axi_smc/inst/clk_map/psr_aclk/U0/ACTIVE_LOW_BSR_OUT_DFF[0].FDRE_BSR_N/C
                            (rising edge-triggered cell FDRE clocked by clk_pl_0  {rise@0.000ns fall@5.000ns period=10.000ns})
  Destination:            gemm_system_i/axi_smc/inst/s00_nodes/s00_ar_node/inst/s_sc_xpm_cdc_async_rst_inst/arststages_ff_reg[2]/CLR
                            (removal check against rising-edge clock clk_pl_0  {rise@0.000ns fall@5.000ns period=10.000ns})
  Path Group:             (none)
  Path Type:              Removal (Min at Fast Process Corner)
  Data Path Delay:        0.228ns  (logic 0.084ns (36.895%)  route 0.144ns (63.105%))
  Logic Levels:           0  
  Clock Path Skew:        0.214ns (DCD - SCD - CPR)
    Destination Clock Delay (DCD):    2.076ns
    Source Clock Delay      (SCD):    1.862ns
    Clock Pessimism Removal (CPR):    -0.000ns
  Clock Uncertainty:      0.160ns  ((TSJ^2 + DJ^2)^1/2) / 2 + PE
    Total System Jitter     (TSJ):    0.071ns
    Discrete Jitter          (DJ):    0.312ns
    Phase Error              (PE):    0.000ns
  Clock Net Delay (Source):      1.711ns (routing 0.886ns, distribution 0.825ns)
  Clock Net Delay (Destination): 1.889ns (routing 0.971ns, distribution 0.918ns)
  Timing Exception:       False Path

    Location             Delay type                Incr(ns)  Path(ns)    Netlist Resource(s)
  -------------------------------------------------------------------    -------------------
                         (clock clk_pl_0 rise edge)
                                                      0.000     0.000 r  
    PS8_X0Y0             PS8                          0.000     0.000 r  gemm_system_i/zynq_ultra_ps_e_0/inst/PS8_i/PLCLK[0]
                         net (fo=1, routed)           0.129     0.129    gemm_system_i/zynq_ultra_ps_e_0/inst/pl_clk_unbuffered[0]
    BUFG_PS_X0Y80        BUFG_PS (Prop_BUFG_PS_I_O)
                                                      0.022     0.151 r  gemm_system_i/zynq_ultra_ps_e_0/inst/buffer_pl_clk_0.PL_CLK_0_BUFG/O
    X1Y1 (CLOCK_ROOT)    net (fo=32898, routed)       1.711     1.862    gemm_system_i/axi_smc/inst/clk_map/psr_aclk/U0/aclk
    SLICE_X3Y115         FDRE                                         r  gemm_system_i/axi_smc/inst/clk_map/psr_aclk/U0/ACTIVE_LOW_BSR_OUT_DFF[0].FDRE_BSR_N/C
  -------------------------------------------------------------------    -------------------
    SLICE_X3Y115         FDRE (Prop_DFF_SLICEL_C_Q)
                                                      0.084     1.946 r  gemm_system_i/axi_smc/inst/clk_map/psr_aclk/U0/ACTIVE_LOW_BSR_OUT_DFF[0].FDRE_BSR_N/Q
                         net (fo=27, routed)          0.144     2.090    gemm_system_i/axi_smc/inst/s00_nodes/s00_ar_node/inst/s_sc_xpm_cdc_async_rst_inst/src_arst
    SLICE_X5Y110         FDCE                                         f  gemm_system_i/axi_smc/inst/s00_nodes/s00_ar_node/inst/s_sc_xpm_cdc_async_rst_inst/arststages_ff_reg[2]/CLR  (IS_INVERTED)
  -------------------------------------------------------------------    -------------------

                         (clock clk_pl_0 rise edge)
                                                      0.000     0.000 r  
    PS8_X0Y0             PS8                          0.000     0.000 r  gemm_system_i/zynq_ultra_ps_e_0/inst/PS8_i/PLCLK[0]
                         net (fo=1, routed)           0.164     0.164    gemm_system_i/zynq_ultra_ps_e_0/inst/pl_clk_unbuffered[0]
    BUFG_PS_X0Y80        BUFG_PS (Prop_BUFG_PS_I_O)
                                                      0.023     0.187 r  gemm_system_i/zynq_ultra_ps_e_0/inst/buffer_pl_clk_0.PL_CLK_0_BUFG/O
    X1Y1 (CLOCK_ROOT)    net (fo=32898, routed)       1.889     2.076    gemm_system_i/axi_smc/inst/s00_nodes/s00_ar_node/inst/s_sc_xpm_cdc_async_rst_inst/dest_clk
    SLICE_X5Y110         FDCE                                         r  gemm_system_i/axi_smc/inst/s00_nodes/s00_ar_node/inst/s_sc_xpm_cdc_async_rst_inst/arststages_ff_reg[2]/C

Slack:                    inf
  Source:                 gemm_system_i/axi_smc/inst/clk_map/psr_aclk/U0/ACTIVE_LOW_BSR_OUT_DFF[0].FDRE_BSR_N/C
                            (rising edge-triggered cell FDRE clocked by clk_pl_0  {rise@0.000ns fall@5.000ns period=10.000ns})
  Destination:            gemm_system_i/axi_smc/inst/s00_entry_pipeline/s00_si_converter/inst/xpm_cdc_async_rst_inst/arststages_ff_reg[0]/CLR
                            (removal check against rising-edge clock clk_pl_0  {rise@0.000ns fall@5.000ns period=10.000ns})
  Path Group:             (none)
  Path Type:              Removal (Min at Fast Process Corner)
  Data Path Delay:        0.229ns  (logic 0.084ns (36.733%)  route 0.145ns (63.267%))
  Logic Levels:           0  
  Clock Path Skew:        0.216ns (DCD - SCD - CPR)
    Destination Clock Delay (DCD):    2.078ns
    Source Clock Delay      (SCD):    1.862ns
    Clock Pessimism Removal (CPR):    -0.000ns
  Clock Uncertainty:      0.160ns  ((TSJ^2 + DJ^2)^1/2) / 2 + PE
    Total System Jitter     (TSJ):    0.071ns
    Discrete Jitter          (DJ):    0.312ns
    Phase Error              (PE):    0.000ns
  Clock Net Delay (Source):      1.711ns (routing 0.886ns, distribution 0.825ns)
  Clock Net Delay (Destination): 1.891ns (routing 0.971ns, distribution 0.920ns)
  Timing Exception:       False Path

    Location             Delay type                Incr(ns)  Path(ns)    Netlist Resource(s)
  -------------------------------------------------------------------    -------------------
                         (clock clk_pl_0 rise edge)
                                                      0.000     0.000 r  
    PS8_X0Y0             PS8                          0.000     0.000 r  gemm_system_i/zynq_ultra_ps_e_0/inst/PS8_i/PLCLK[0]
                         net (fo=1, routed)           0.129     0.129    gemm_system_i/zynq_ultra_ps_e_0/inst/pl_clk_unbuffered[0]
    BUFG_PS_X0Y80        BUFG_PS (Prop_BUFG_PS_I_O)
                                                      0.022     0.151 r  gemm_system_i/zynq_ultra_ps_e_0/inst/buffer_pl_clk_0.PL_CLK_0_BUFG/O
    X1Y1 (CLOCK_ROOT)    net (fo=32898, routed)       1.711     1.862    gemm_system_i/axi_smc/inst/clk_map/psr_aclk/U0/aclk
    SLICE_X3Y115         FDRE                                         r  gemm_system_i/axi_smc/inst/clk_map/psr_aclk/U0/ACTIVE_LOW_BSR_OUT_DFF[0].FDRE_BSR_N/C
  -------------------------------------------------------------------    -------------------
    SLICE_X3Y115         FDRE (Prop_DFF_SLICEL_C_Q)
                                                      0.084     1.946 r  gemm_system_i/axi_smc/inst/clk_map/psr_aclk/U0/ACTIVE_LOW_BSR_OUT_DFF[0].FDRE_BSR_N/Q
                         net (fo=27, routed)          0.145     2.091    gemm_system_i/axi_smc/inst/s00_entry_pipeline/s00_si_converter/inst/xpm_cdc_async_rst_inst/src_arst
    SLICE_X5Y110         FDCE                                         f  gemm_system_i/axi_smc/inst/s00_entry_pipeline/s00_si_converter/inst/xpm_cdc_async_rst_inst/arststages_ff_reg[0]/CLR  (IS_INVERTED)
  -------------------------------------------------------------------    -------------------

                         (clock clk_pl_0 rise edge)
                                                      0.000     0.000 r  
    PS8_X0Y0             PS8                          0.000     0.000 r  gemm_system_i/zynq_ultra_ps_e_0/inst/PS8_i/PLCLK[0]
                         net (fo=1, routed)           0.164     0.164    gemm_system_i/zynq_ultra_ps_e_0/inst/pl_clk_unbuffered[0]
    BUFG_PS_X0Y80        BUFG_PS (Prop_BUFG_PS_I_O)
                                                      0.023     0.187 r  gemm_system_i/zynq_ultra_ps_e_0/inst/buffer_pl_clk_0.PL_CLK_0_BUFG/O
    X1Y1 (CLOCK_ROOT)    net (fo=32898, routed)       1.891     2.078    gemm_system_i/axi_smc/inst/s00_entry_pipeline/s00_si_converter/inst/xpm_cdc_async_rst_inst/dest_clk
    SLICE_X5Y110         FDCE                                         r  gemm_system_i/axi_smc/inst/s00_entry_pipeline/s00_si_converter/inst/xpm_cdc_async_rst_inst/arststages_ff_reg[0]/C





