==================================================
          MA TRAN A GOC - ORIGINAL (128x64)      
==================================================
  0  -3  -3  -1   1   1  -3  -2   1   1   2   1   1   0   1  -2  -3  -2   1  -1  -2   3   2  -2   0  -3   0  -3  -3  -3  -1   2   0   0   2  -3  -2  -1  -3  -1   3  -3  -2  -2   1  -1   3   2  -2   0   2   2   1   0   0  -3   3   2   2   2   0   2  -1  -3 
  1   3  -1   2  -2   1   1   1   2   0   3   3   0  -1  -1   0  -1   1  -3   0  -1  -3   2   0  -2   0  -1   1   2  -2   1   1   3  -1   1   0   3   1  -1   2   0  -2  -2   0   2  -2   3  -1  -1  -1  -1   0   3  -1  -2   2   1  -3  -2  -3  -3  -1   1   0 
  0   2   3   2   0  -2  -3  -1   2   2  -1  -2   2   0   1   0   0   3   0  -3   3  -3   1  -3  -2   2   2   1  -2   0   3   1   0   0   0  -3  -1  -2   0   0  -3   1   0   2  -2  -3   2   0  -1   2   2   2   1  -2  -3   3   2   0   2  -2   1   0   2   0 
  2  -1  -1   1  -2  -3   3  -3   2   0   1  -3  -3   1  -3   0   3  -1   0  -2   2   0   1  -3   2  -2  -1   2   2  -3   2   0  -3   0   2   3   3  -1   2   2   0   1   2   0   3  -2   2  -2   2  -3   0   0   2   1  -3   2  -1  -1  -1   1   2  -3  -1   3 
  0  -2   3   2   0  -3   3  -2  -2   1   0   0   1  -2  -3  -1   0   3  -2  -1  -2   0   3   0   2   0  -3  -3  -3   3   1   0   3   1  -1   0   0  -2   0  -2  -2  -3   1  -3   3   1   1  -1   0  -1  -1  -3  -3   3   1   1  -3   2   2  -3   3   0  -2  -2 
  0  -1   2   0   0   0   0   2  -3   0   0   1   0   0   2   2   1  -3   3  -1   1  -2   1   1  -3  -2   3   0   0  -3  -1   2  -1  -2   0   1   0   0   2   0   1  -3   3  -3  -2  -3  -1   3  -1   3   1   1   0  -3   0  -3   2   0   1  -2   0   2   0   0 
  3   2   0  -2   0   0   2  -1  -2  -3   2  -2  -3   0  -3   3   0   3   2  -3   0   0   0   0   3  -2   1   0  -1   3   0   3   0   1  -3  -1   0   3   1   0   2   1  -3   0   0   3   3  -2   0  -3   2   0  -1   1  -2  -2   1   0  -2   3   3   2   3   0 
 -1  -3   0   1   1   3   0  -3  -3   3   2   0   3   0   0  -1  -2   0   3   1   0   3   2   1   3   1   3   0   2  -3   0  -1  -2   3  -3   0  -2  -1   1  -3  -2   0  -3   0   0   1  -3  -1   2   1   1   0   0  -2   3  -3  -3   2  -2   0  -3   3  -1  -1 
  2   1   3   3   1   1  -1  -3  -2  -3   2   0   2  -3   1   1   1  -3  -3   3  -1  -3   0  -2  -2   1  -2   0   0  -1  -3   0   2   0   3   1   0  -1  -2  -1   0  -2   0  -3   1  -1   0  -3   0  -3   2  -3   1   2   2   0   0   1  -1   0   0   1   0   3 
  0   1  -3   0   1  -3   0   0   0   0  -3   1  -3   1  -3   0  -2   0   0  -2  -2   2  -1  -1  -3   3   1  -1  -3  -2   0  -2   0   2   0   1   3   0   3   0  -3   1   3   0   0   0   1   1  -2  -1   0   0   0   2  -2   0  -3   2   2   3   2   0  -3   3 
  3   0   2   1   3   3  -3   0  -3   3   3  -1   0   1   2   0   3   2   2  -3   0  -2  -2   0  -2   0  -3   3   0   0   3  -3   3   1  -3  -1  -1   0  -1  -2  -2   2   1  -1  -2  -3   1   1   0   0   0  -2  -3   3  -1  -2  -3  -2   0   0   0  -2   2   0 
 -3  -2   2   3   3  -1   3  -1   0   2  -2   0  -1  -1   0   0   1  -3   1  -3  -3   0  -2   0   3   0   3  -2   0   0   0   0   3   0  -3   3   0   3  -1  -2   1   0  -1  -3  -2   0   1   1   0   0   0   0   3  -1  -3   0   0   3  -1   3   3   0   2   1 
 -1  -2   2  -1   0   3   0   1   1  -2   0  -2   0   0  -1   0   1   2   2   0  -1   0   0  -1   0  -3   1   3   3   1   0  -1   3   0   0  -3  -2   1  -3   1   3  -1  -2  -1   0   1   0   1   3   0   0   2   2  -1  -1   0  -2   3   1  -1   1  -3   0   2 
  0   0   1   0   0  -1  -2  -3  -2  -2  -3   2   0   2   2   3  -2  -1  -1   2   0   1   2   1  -1  -1  -3   0   1  -2   0  -3  -3   3   0   3  -1   1   1  -1  -3   2  -1   0  -2   0  -1   0   3  -2   3   2   0  -2   0   3   2  -2  -1   0   3   0   2   1 
  3   0   0   1  -1   0   1   3  -3   3   0  -3   0  -2  -1  -3   0  -3  -3  -2  -3   3  -3   0  -1  -2   3   2   0   0  -2  -2   0  -2   2   2  -3  -1   3  -2  -2   0   1  -1   2   3  -1  -3   2  -2   1   1   0   0   0   2  -1   0   3   1   0   1   0  -1 
  3   0   3   3   3   3   0   3  -2  -3   2  -2   0   2  -3   2  -3   2  -2   1  -1   1   3   0  -1  -3  -3   0   2  -3   3   1   0   3  -3   0   0  -3   2  -2  -1   1   0   0   1   0   2   0   1   3   1  -3   1  -1   2   3   2   3  -2   1   0   3   0  -1 
 -2   1   2  -3   2  -2   0   3   0   0  -3   1   3  -1   1   0  -1   3  -2  -3   0  -1  -3   1   3  -1  -2   1   0  -3   1   1   3   2  -3  -1   3   1   2  -2   0   1   3  -2   0   0   1  -3  -3  -2   0  -1   2   0   0   0   0   0   1   1   0  -2   0   0 
  0  -3  -3  -3  -3   3  -2   0   0   0  -3  -3   3   3  -1   0   0   2   1   2   2   0   1  -2   3  -3  -3  -3   0   0  -2  -1  -1   3   0   0  -2   0   2  -1  -3   3  -2   2   2   3  -2  -1   0  -3   3  -3   1   2  -3  -3   0  -2  -1   0   0  -2   1   2 
  0   1  -2  -3   1  -3   0   1   0   3   1   1   2   0   2   0   0   0  -2   3  -3  -1   3  -1   1  -3  -2   0  -1  -3  -1   2  -3  -3   0  -1   0  -1   1  -1   2   3   0  -3   3   2   2   2   3   0   0   0  -2   0   1  -2   2   0  -1   0   3  -3   0  -3 
 -2   0  -2  -2  -3  -3  -1   1   0   2  -3  -2   1   1  -1   0  -3  -1   0   1   1   1  -1   0   2   0   1   1  -1   0   1   0   2   3   1   0   2  -3   0   3   0  -1   1   0   1  -1  -1   0   0   2   1   2   0   3   0   2   1  -2   2   3   3   0   0   0 
 -3  -3  -2  -3  -3  -2   1   0  -1   3   1  -2   3   3   0  -3   0  -1   0   2   1   1  -3   3   0   0  -1  -1  -3   0  -2  -1   1  -2   3  -1  -3   1   0  -3   2   0   0  -1  -2   2  -1   2  -3   0   2   0   3   0   0   0  -3   3   2   3   3  -2  -2   2 
  1   0  -3   1   0  -1   0  -3   2   3   0  -3  -1   0   1   1   0  -3   0   3   0   2  -1   0   0   2   3  -2   2   0   0   0   2   0  -3  -1  -1   0   0   1   0  -3   1   1  -1   3  -2   0   2   0  -2  -3  -3   1  -1   0   0   0  -1   3  -1   2   3  -2 
  1   0   0  -2  -2   0   0   0   2   0   0  -1  -3  -3  -3   3   2   2  -3  -3   2  -1  -2   3   0   0  -2   2  -3   1   3   0  -1  -3  -2  -1   2   0   0  -1  -3   2  -2   1   1   1   3   3   2   2  -2   3  -3   0   1   2  -1   3   1   0   1   0   0   2 
  2   1   0  -1  -3   0   0   0   1  -1   0   3   0   1  -3   0   3   3  -3   2  -1   1  -1  -1   2  -1  -3  -3  -1  -3  -2   3   1   1   2  -1   2   1   3  -2  -3  -2   2  -2  -2  -1  -2  -3   2  -3  -1   0  -2  -3  -2  -3   1   3   3   0   3  -1   0  -1 
  0  -1   3   0   3  -1   0  -2  -3   2   0   0   0   3   3  -1   0   0  -3   0   2  -2   1   0  -2  -3  -2   0   0  -3   2  -1  -1   3  -3   2   2   3  -3   2   3   0   0   1   0   1   1   1  -1   1  -1  -2  -1   0  -3   0  -1   2  -3  -1  -3   0   3  -2 
 -1   0  -2   0  -3  -3   3   0   3  -2  -2   3   1  -2   0  -1   0   3  -2   0   1   3  -3  -3  -1  -2  -1   2   0  -1   0   0   1   3  -2   0   2  -3   0   1  -1   0   3   1   0  -1  -1   1   0   2   3   1   2  -1   0   3  -3  -3   1  -2   2   0  -1   1 
 -1  -3  -1   2   0   0  -2   1   0  -2   3  -2   0  -1   1   0  -1   0   3   0  -1  -2   0  -2  -2  -2   0   3   2   3   2   2  -3   0   0  -3  -3  -2   2  -3   0  -2   0  -3   0   0   0   2   0   3   1   0   3   3   2  -2   2   0   0   2   2  -3   3  -2 
 -2   1  -1   3  -1   0   2   2  -2  -3   2   1   0  -3   1  -3   3  -1   0  -1   0   3   3  -1   0   0  -1   1  -2  -3  -3   0   0  -3  -1   0   0   3   0   3  -2  -3  -3   2  -3  -1   1  -1   3  -1  -1  -2  -3   3  -1   3  -1   0   1  -3  -3   1   2  -2 
  1  -1   0   1   3   2   1  -2  -1  -2   3   0  -2   2   0  -2  -2   0   0   3   3  -2  -3  -2  -2   3   3  -3  -1   0   0  -2   1  -1  -1   0   0  -2  -1   0   3   0   3  -3   0  -3   1   0   1  -1  -2   0   0   2  -3   0  -2  -2   0   0  -2   0   3  -3 
 -3   2   3   1   0   0  -3   0   0  -2   0   2  -1   0   0  -2   1   1   3   1   3   3  -1   3  -1   0   3   2   0   3   3  -1   0   0   3   0   0  -1   2   0   2   0   0   3  -1   3   0   0  -1   0  -1  -3  -1   0   1  -2   0   0   0   0  -1   1  -1  -1 
  1   0  -2  -3   1   1  -2   0   2   0   2  -2   1   1   2   1  -2   2  -1   2   0   0   2  -2   0   2   3  -1   3   3   0  -1   0   0   2   2   3  -2   1   0   2  -1  -3   0   0  -1  -3   2   1   0   3   0   2  -3  -2   1  -2   0   1   0   3   0   0   0 
  2   2   2   1   3   2  -2   2   3  -1  -1  -3   1  -3  -3   2  -2   3  -2   1   3  -3   3  -2  -1   3   3  -3   0  -1   0   0   0   3  -3  -1   0  -2   3   2   2   1   0  -2   0   0   1  -2   2  -3  -2  -3   0   0   0  -2  -1   2  -3   1   2   1   3  -1 
  1   0  -3   1   0  -2   0   0  -3   3  -3   1  -3   2  -3   2  -1   0   1  -2   0   2  -3  -1   0   1   0   1   1  -3   1   0   0   0  -3   0  -3  -2   0   1   0   1  -2  -2  -3   0   1   0   0  -1  -1  -1  -3   0  -3   3  -1  -2  -2   0   2  -2  -2   3 
  0   2   0   0   1   0   0   3   0   3   0   2  -1   2   0  -2  -2   3  -2  -1  -2  -2  -3   0   2   1  -3   1   0  -2   1   1   1  -2  -3   3  -1  -1  -2   0   0   0   1  -1  -1   0  -1   3   2   2   0   2   0  -3  -2   0   0  -2   0   2   0   0   2   0 
  0   0   1  -2   0   0   0  -2  -1  -1   0   0   3   3   0  -1   0   0   2  -2   1  -3   0  -3  -3  -3  -1  -1   2  -2   0   2  -1   2   1  -3  -1  -1   3  -2   0   0   2   0   2  -1   0  -1   0  -3   0  -3  -3  -2   2  -3   0   3   3  -2  -2   2   0   2 
  3   0   2   2   2   1   1   0   3   2   0  -2   0  -3   2   1   0  -1  -2   0  -3  -2   3   2   0   2   3  -1   1  -2  -3   0   1  -2  -1  -3  -1   2   3   0  -2   1  -2   1   1   0   2  -2   0  -1  -1   0   3   0   1  -3   0   0  -2   0   2   3   3   0 
  3  -1   3   0   0   3  -3   0  -2   0   2   0  -2   3   0  -2  -2  -1  -3  -3  -3  -3  -3   1  -1  -3  -1  -3  -2  -3  -3   1   0   2   0  -2   0   0  -2   0  -1  -1   0  -3   3  -1  -2   1   3   0   2   2   2   1  -3   3  -2   0   0  -1   1   3   3   0 
  0   0   2   2  -3  -3  -3   0   0  -3   1   0   0  -3  -2   3  -3   0  -1  -2   0   1  -2  -2  -3  -3   1   0  -1  -1   1  -2  -3  -2   3   0   0   3  -1  -2   1  -3   1   0  -3   0   2   0  -1   0  -3   3   1   1   3  -1  -2   3   2   3   0   1   3   0 
  0   2  -3  -2   1  -1  -1   1   0  -1   1   0   2   2   3  -1   1  -3   2  -3   3  -3  -3  -3  -1   2  -3  -1   1   2   0  -3   3   1   0   3   1   1  -2  -2  -2  -2   1   1   0  -2   0   0  -2  -3   3   3   0   3   2  -3   0  -3   2   3   1  -3   3   3 
  1   1  -2  -3  -2   1  -3   3   3   2   0  -3   3   1   0   1   0   2   0  -2   3  -2   3   1   2   3  -3  -2  -3   1  -3  -2   2  -1  -3   1  -1   3   2  -1  -3  -1   0   0  -1  -3   0   3   0   0  -2   0  -2   3   2   0   3   0   1  -1   2  -1   2  -1 
  1   0   1   1   2  -3   3   2  -2  -1   3   0   3  -1  -1   0   0  -2   3   1   2   3   1   2   0   0   0   0   2   2   0   1   0   3  -1  -1  -3   2  -2   0  -1   2  -2   1   2   3   0   0   0   1   0  -2   3   1  -3  -1   2   1   0   2  -1  -3   0   1 
  0  -1   0   3   2   0   0   2   0  -1   0   0   1  -1   0   1   2  -3  -2   1  -2   3   0  -1   2   0  -2   2   1  -1  -3   1   3   0  -3   0   0  -3  -1   2  -1   3   0  -2  -1  -3   2   1   3   1  -1  -3   2   0   0  -2   2   3   1   0   3   0   3  -1 
  0  -2   1   0   0   0  -3  -2   1   0   1  -3  -2   0  -2   3   0  -2   1   1   0  -3   3   0   3  -2   0  -2   2  -3   2  -2   0   2   3  -1  -3   0  -1   3  -1   1  -3   0   3  -2   0   3  -2   2   0  -3   3   3   2   0  -3  -3  -2   0  -1   3   1  -2 
  0   3  -2   3   1  -2  -1  -3  -2   3   3  -3   3   2  -1   1   3   1   1  -2   1   2  -2   0   2   3  -3   3  -3  -3   0   3   0  -3  -1   0   2  -2   2   0  -3  -3  -3  -3  -3  -2   2  -3   3  -2   0   0  -3   2  -2  -2   0  -1   0   2   0   1   3   1 
 -1  -1  -1   0   2   0   3  -1  -1  -2  -1   2  -2   0  -1   3  -3  -3  -1   2   0   0   0   3   2   2   2  -1  -3  -2   2   0  -3   1  -1  -2   0   2   0   3   2   1   2   2   2   3   3  -1   0  -3  -3   2   0   0   0   2   0   1  -3   0   0  -2   3   0 
  1   0   2  -2   2   3  -3  -1  -1   2  -1   1   0  -2   3   0   3   2   0  -3   0   0  -3  -3   1   1   0  -1   2   0  -1   0   1  -1   0   2  -3  -3   0   0  -1  -3  -1   2   2  -2   0   3  -3   2   0   3   3  -2   1   0   3  -3  -2   0  -3  -2   2  -3 
  1  -1  -2   0   1   2   0   1   1  -3  -3  -1  -1   3  -1   0  -2   3  -1   2  -3   0   0   0   0   1   0   0  -1   2   3   3  -3  -3  -1   1   3   1  -3  -1   3   1   3   0   0   2  -3  -1   1   2   3   3   2  -2   1   0  -1   0   0   0   0  -1   2   1 
  3  -1   2   3   1   0   2   0  -3   1   1  -1   1  -1   2   2   1   0   0  -3   0   0  -3   0   0   2   2   1  -1   0  -2   0   2  -2   2   1  -2  -2  -3   3   3   0  -3   0   1  -1  -2   0  -3   3   0   0   0   0   3   1   2   1   2   3  -2  -2   0   3 
 -2  -1  -2  -2   0   1  -2  -3  -2   1   3  -3   2  -3   3  -1   0   0   1  -2  -3   0  -1   1   2   2  -3  -3   0   0   2   2   3   0  -1   0   1  -1   3   3   0  -3   2   1   3   0  -1   3   2   1   3   3  -3  -1   0   2  -1   3   0  -2  -3   2  -3   2 
  2   3   1  -1  -1   0   3   1   2  -2  -2   3   0  -3   3   0   1  -2   0  -3   3   0  -1   2  -2   1  -1   0  -2   0  -3  -2   0   1  -1  -2  -3   1   3   0   0   0   1  -1   2   0  -3  -1   2   3  -1   2   0   3  -3   3  -2  -1   0   0   2  -2   0  -2 
 -1  -2  -1   3   0   1  -3  -2   0  -1   0   3   2  -2   0   2  -2   3   3  -1   3   2   1   3  -1   3   2   2  -1   1  -1   2   3  -2   3  -2   3   2   2   0   0  -3  -3  -2  -2  -1   3  -1  -2  -3   1  -2   1   0   0   0   0   2   3  -1   0  -3   1   2 
 -2   1   3  -2   0   0   0  -2   0  -1  -1   2  -1   0   3  -3  -3  -2   1  -2  -2  -2  -3   3   3   3   0  -3  -3  -3  -1  -1  -3   0   1  -3  -3  -1   1   0   1   3   1   0  -2   0   2   0   1  -1   2   1   3  -3   3   3  -3  -2   0   1   2   1   3  -1 
  2  -3   1   2   0  -1  -2  -3  -2   2  -3   1   3   2  -3  -1  -2   2  -2   0  -1   0  -2  -2   0  -3   1  -1   1  -3   2  -1  -3   2  -1   0   0  -2  -3  -2  -2  -2   2   2  -3   0  -1   0  -1   0   0   0  -1  -3   3   1   0   1   3   3   0  -1   2  -1 
  0   0   0  -1  -1   3   0  -2   0  -1   3   3   1   0   0   1  -1   3  -1  -3   1   3   0   3   0   0   0  -3   1   2  -3   2   3   0  -2  -3  -1   3   0  -2   0   0   2   2   0  -3   0   3  -3  -1   1   2  -3   0  -3  -2  -1   2   3   3   2   0   1   2 
 -3  -1   0  -3   1  -2   0  -3  -1   1   2   0  -3   1   2   2  -3   0   1  -3   0   3  -2   2  -1   3  -3  -1  -2   3   2   1   1   0   0  -2  -3   1   0   0   0  -2   2   1   0  -1  -2   1   2  -3  -3  -3  -3  -3   0   3  -2  -1   0   2   3   2   0  -1 
  3   0   0  -1  -3   1  -1   1   2  -2  -3   3   3   1   0   0  -1   0  -3   2   1  -1   0   2   0  -1  -1   2  -3   0  -2   1  -3   0  -3   3   2   1  -2   3  -1   3   0   2   0  -2   3   0   3   0  -1   3   2  -3   0   2  -1  -3   0  -2  -2  -2   1   2 
  3  -3   0  -3   3  -2   0  -1   1  -1   3  -1   1   0   0  -3  -2   0   2  -2   0  -1   1   3  -1  -1   3   0   1  -1   0   3  -1   1   0   3  -2  -3   0  -2   0  -1   1   0   0  -3   1   2  -2   3   0  -2   0   2  -2   1   3   0   1   0  -1   3   2  -1 
  2   2   0  -3  -3   2   2   0  -2   0   0  -3   0   0  -2   3   3  -1   0  -2   0   2  -3   1   3  -3   2   0   3  -2   0   2  -1   0   2   2   2  -3   3  -2   0   1   2   3   3  -1   0   0  -1   0  -3   1   3   0  -2   0   1   1  -1   1   2   0   0   1 
  3  -2  -3  -3  -3   0  -3  -2   2   1   0  -1   1  -3  -3  -2  -1   0  -3   3  -2   0  -1  -2  -3   3   2   0   0  -1  -1   2   0   0   0   0   2   1   1   1  -1   0   2  -2   0   0  -2   3   1   0   0   1   0   2  -1   3   1  -2  -2   1  -3  -3  -3   3 
 -1  -3   2  -2   0   3  -3   3   0  -3   1  -3   0  -1  -2   1  -3   2  -1   0  -1   0   2   2   2   2   0  -3   1   1  -3  -2   1   1  -3  -1   1   0   2   0  -3   0  -2  -3   3   0  -3  -2   1   0   2   1   2   0   0   0   1   3  -3   2   1   1   2   1 
 -1  -2   0   2   3   3  -1  -1   0   0  -3  -1   0   1   3   0   1  -2   3   0  -2  -3   0  -3   0  -1   2   0  -3   0   1   2   3  -2   1   0  -3   2   1  -3   1   1  -1   3   1   2   3   1   0   2  -3   0  -3   2  -3   1  -1   3   3   0   0   0   1  -2 
  1  -2  -1   2  -3   3  -2  -3   3  -2   0  -1  -1  -1   1   2   1  -2  -1   3   3   0   1  -2   0   2  -3   0   0   0   1   1   3  -1  -2  -2   0   2   0   0  -1  -2  -2   0   2  -3   0   2   0   0  -1   1   0  -1   2  -1   0   2  -3   3   0  -2  -1  -2 
  3  -2   3  -1  -2   3   3  -3   1   1  -3  -1   3   1   1   3  -1   3   0   1   0   3   0   1  -3   0   0   0  -3   0   0  -2  -1  -2  -2   0   0   3  -1  -3  -2  -2   2   0  -3   1   3   3   2   3   1  -3   0  -2  -2   2  -2   0   1   3   2  -2   1   1 
  1   0   0   0  -3   2   0  -2   1   2  -3   0   1  -3   1   2   0   0   0  -3   2   3  -3   1  -2   0   2   0   0   0  -2   2  -3   0  -3  -2  -2   1   0   3  -2  -2   0  -3   3   2   0  -3  -3  -1   0  -1  -3   3   3   3  -2  -1   0  -2   3  -1  -2  -2 
 -3   2   0   1  -2   0   1   0  -2  -1  -2   0   0   3  -1  -1   2  -1  -1   3   0   2  -1  -2   2  -2   3   0   3   3   1   0   2  -3  -2   0  -1   0   1  -3   2   0   0   0  -2  -1  -2   1   1   1   1   2  -1   2   0   0  -3   0   3   0  -3  -3  -2   0 
 -3   3   0   1   3  -3   0   3  -3   0   0   0   3   3   0   2  -2  -2   1  -3   2  -3   2   3  -1   0  -2   3   1  -3  -2   2   0  -1   2   0   0  -1  -2   0  -2   0   2   0  -1   3   1  -2   3  -1   0   2  -2   1  -3   1  -2   2   1  -3  -2   3   0  -1 
  2   0  -3   0  -2   3   0   2  -1  -2   2   1  -2  -3  -3   1   2  -1   1   0  -2   2   0   0   2   1   3   0  -3   1  -1   2   0   2  -1  -1   1   1   3  -2   1  -2  -3   0   3   2   0   3   2   1   0   2  -1  -3   1  -2   1   1  -2   0   2  -3   0  -2 
  3   0   2  -3   0  -1   1   0   2  -1  -3  -2   0  -1   1   0   3  -3  -2  -1  -3  -2   0   0   0   0  -2  -1  -2   2   2  -3  -1  -3   2   0  -3   3   3   0   2   0  -3  -1  -3   0   0  -3   3  -1  -1  -2  -3  -3   3   1   0  -1   0   1   0  -2  -3  -2 
 -1  -1   0   3   2   3   0   0   0   2   2  -2   1   1   0   0   2   1   2   2  -2  -1  -3   3  -2   0   0   0  -3   1   0   0  -1   1   0   2  -2   3   1   0  -1   3  -3  -2   1   0   2   2   0   0   0  -3   1   0   3   3   1   0   0  -1  -3  -1  -1   1 
  1  -1   0   3  -1   0   0   0  -3   0  -1  -2  -3  -1   0  -2   2   1  -3   3   1  -3   2   0   0  -2   0   1   0   0  -2   3   2  -3  -1   1  -1  -3  -1  -2   0   3   0   0   1  -3   3   2  -3  -1   3  -1   3   3   1   0   0  -3   1  -2   2  -2   0  -1 
  3   0   0  -1  -1   0   2   1   0   3   2   0  -3  -3   3   0  -1   2   1   0   0  -3   1   3  -3   0  -1   3   0  -1   1   0   0   3  -3  -3  -1   1   1   2  -1  -3   0   1   2   0  -2  -3  -3   0   1  -1   3  -1   3   1  -3   0  -1  -3   2   2  -2  -1 
  1   2  -3   0   1   0   3   3   2   0   3   0   0   1   2   0   0  -2  -1  -2   0   0   2   3  -1  -1  -2  -3   3   2  -3   3   1   0  -1   0   2   2  -3  -1   3  -1  -3   3   3  -1   0   1   0   2  -3   1   1  -2  -1   0   0  -3  -3   0   0   0   2  -3 
 -2  -3   1   0   1  -1  -2  -2   1  -2  -3   2  -1   3   2  -3  -3  -2   2  -3   0   3   3   0   0  -3   0   2  -2   0  -3   0   0  -1  -2  -1   0  -1   0   0  -1   0  -3   2   0   2  -2   0   1  -2   1   1  -2   2   1   3  -2  -1  -1  -2   0   3  -2  -3 
  2   0  -3  -1   1   0  -2   2   2   0   2  -3  -1   0   1   0   0   0  -1   2   0   1  -1  -3   2   2   0   3   3  -3   0   2   0   0   0   1   3  -3  -3   2   2   2   2  -1   0   0  -2  -1  -3  -2   0  -3   1  -1   0  -2   1   2   3  -2   2   3  -1   1 
  0  -2   3  -3  -1   3  -2  -3   2   2  -3   0   2   1  -3   0   3   0  -1   3  -2  -2   1   2  -3   2   1  -2   2   0  -2   1   2  -2   3  -3   0  -2   0  -1  -3  -2   2   3   3   2  -2  -1   2   2   1   1   3   1   2  -3   3   2  -1   1   0   2   2   2 
  0   2   0  -3   0  -1   0   0  -1   3  -3   0  -3  -1  -1   0   0   3   3   1   3   1   0  -1   0   1  -3  -1   3   0   3   0  -1   0   0   3   1   2   0  -1   2   3  -3   0   3   1  -2  -1   0   1   2  -3   1  -2  -2   2  -3  -2   0  -2   0   1  -2   3 
 -3   2   2  -1   2   0   1  -2  -2   3   0   3  -1  -2   1   0   2   2   1   2  -2   2   2   1  -1   0   0   1  -2   2   2   3   2   3   0   2   0  -3  -3  -2  -1   1   1   0   1   3   0  -1   2   0   0  -3   0  -1   0  -2   0  -3  -1   0   2   2   0   0 
  0   3  -2   2   1  -2  -2  -2   1   1  -1  -2  -1   0  -1  -1  -3   2  -1  -3  -1   0  -1  -1  -3   1  -3   0   0   0   1   1   3  -3  -2  -2   1  -2  -3   0   0  -2   0  -2   0   3   2   1   0   0   0   3  -1  -1   0   0   3   3   2  -2   1  -2   1   3 
  2   1  -2   2  -3   3   0   0   2   1   0  -2   0  -2   0   1   2   3   3   0   0   3   1  -2  -1  -1   0   0   0  -2   2   1   0  -1   2  -1  -1   0   2  -2  -1  -1  -1  -1   0  -1  -3   2   1   3   3  -1  -1  -2   0   0  -2   3   3   1  -2   0  -2  -3 
  0   0   3  -3   1  -1  -1   0   2  -2  -1   1   0  -2  -3   1  -2  -1   1   0   2   1   2   2   2  -3   0   0  -2   0   3   0   2   3   1   0  -1   0  -3  -2   2   0   0   2   3   0   0  -2  -2   0   1  -2  -3   2  -3   1   0   1   3   0  -2   3  -2   0 
  1   0  -1  -3   1  -1   2   0  -1   0   3   2  -1   1   0  -1   2  -1   3   2   0   0   0   3   0   3   2   3  -3   2  -3   1   0   1   3   0  -2   0   3  -1  -2   2   0  -2   3  -3   2   2  -3   1   1   1   2   0   2  -2   0   1   0   1  -1   3  -3  -3 
 -2  -1  -1   3   0   0   3   0   1   2   0   0   0   1  -2   3   1   1  -2   1  -2   2  -1   0  -2   3   3  -3   1   1   1  -2  -2   0  -1   2   2   0   3   3  -3   3  -3  -1   1  -2  -1   0  -2   3  -2   1  -3  -1  -1   3  -1   1   3  -2  -1  -1   1  -1 
  0   2  -3   0  -3   0   0  -3  -1   0   1  -2   3   3   0   3  -1   1   1  -3   2  -2  -3   1  -2  -1  -3   1   0  -1   1   1  -2  -3   0   0   0   0   1   0   0  -2   3  -3  -2  -2   2  -1   0  -3   0   2   3   2   2   3   3  -2  -3   0  -2   0   0   2 
  1   3  -1   0   1  -3  -1  -3  -2   2   0   0  -1   1   1  -1   3   3  -3   0  -2   1   0  -3  -2   0  -3   0   1   3   3   3   2   2  -1  -1   2   3   3  -1   1  -3   2  -2  -3   0  -1   1   3  -2   2  -2   1  -3   1   3   0  -1   1   1   3   0   0   0 
 -2   3   1  -3   2   2   0   0  -1   2   0  -2  -3   0   1   0  -3   3  -2  -1  -2   1   1   0  -2  -1  -3   0  -1   0   3   1  -1   0  -2   0  -2   0  -1   1  -3  -3  -2  -1  -2   0  -2  -1  -2   2  -3  -2   0   3   0   1   2   0  -1   2  -1  -2   0   2 
  0   1   1  -1   0   0  -2  -3   0  -3  -3  -1   2  -2   2  -1   3   3   0   1   1  -1   2  -3   1   0   2  -3   1  -3   0   3  -2  -3  -3  -3   0   3   3   1   2  -3  -3   2   3  -3   0   0   2  -3  -2   0   3   1  -2  -3   0   3  -3  -3   0  -1  -3  -1 
 -1   0  -3   2  -1  -2   2   0  -1   1   3   3   3   0   1  -2  -1  -1   2  -2   0   1   1   0   0   1   3   2   0   3  -1   3   1   1   0   3  -1   1  -2  -1  -3   0  -1   0   2   0   0   0   1   2  -1   1  -1  -3   0  -1  -2   1   1   3   2  -2   1   2 
 -3  -3   3   0   2   3   1   0   0   3   0  -3  -1   0  -3  -1  -2  -1  -1  -3  -3   0   2   0   0   2   3   0   2   0  -3   1  -2   0   2  -3   0   3   0  -2   3  -1   0   3   0  -1  -1   2  -1   0  -3   0  -3   3   0   1   2   0   3  -3   0  -2   0  -1 
  3   1   3  -1   1  -1  -3   1   3  -3   1   0   3  -1  -2  -3   2  -1   0  -3  -3  -2  -1  -3  -2  -1   2  -3   0   0   0   1  -2   1   1   2   0   1   2  -3   3   0   0   0  -2   2   2  -3  -2   3  -1   3  -2  -2   2   0   2  -3  -1   3  -1   0   3  -2 
  0   1   3  -3   3   1   3  -1   3   0   0  -3   0  -1  -2  -3   0  -3   3   2  -3   0  -2   2   1  -1   3  -3   0   3   2  -2   3   3   0   2  -3   0   0  -3  -2   3   0   2   3  -3  -2  -3  -3   3  -3   0  -3  -1  -3  -1   3   3   0   3   0   1   3  -2 
  2  -3   2  -3   3  -2   2   0  -2   2  -1  -2   0   1  -1  -2   1  -3  -3   0  -1   0   0   3   2  -2   2  -1   3   0  -1   0   1  -1   3  -3   0  -2   1   0   1   0  -1   0   3  -2  -1  -2   0  -1   0  -3   3   3  -2  -2  -2  -2  -3   1   1  -1   1  -2 
 -1  -1   3   0  -2   3  -3   1  -1   0   3   3   1   3   2  -1   0  -1   0  -2   0  -2   3   3   3   3   3  -1  -2  -1  -2  -2   3   3   0   1  -1   0  -1   2   2   2  -3   2   0  -1  -1   3  -3   2  -1   1  -3   0   2  -1   2   0  -1   2   0   3   0   1 
  0   0  -3   0   2   1  -1   1   2   0   1  -1  -1  -2   0   0   2  -2   1  -1   3   2  -3  -2   0  -3   3   1   0  -1   0   0   2   0   1   3   0   0  -3   3  -3   0   0  -1   3  -3  -1   0   1   0   3   1  -3   0   0   0   3  -2   0  -1   1  -1  -3  -3 
  0   3   2   1   0   0   2  -1  -3  -1  -1  -1   0   1   3   0   3   2   1  -1   0  -1  -2   3   3  -3  -2   0   2   3   2  -3   0   0  -1  -2  -1   2   0  -2   2  -2   3   0  -1   0  -2  -1   2   1   2   0   0  -1   0  -2  -1   2  -3  -3  -1   1   0   3 
 -2   3   2   3  -3   2  -1   3  -2   0   3   2   3  -2   1   3   2   2   3   2   1   1   0   2   3  -3   2   3   1   0   2   0  -3   3   3  -3  -1  -2  -2   3   1   0   1  -2   0  -3  -2  -3  -2   3   0   1  -1  -3   0  -3   0   1   3   3  -1   1   0   0 
 -3   0   0   2   0   0   3   1   1   2  -2  -2   3  -1   3   0  -3  -2  -1  -1   0   3  -3  -2  -1   2   0   2   2   0   2  -2  -3   0   3   0  -3  -2   3   1   3   1   1  -2   1   2  -3  -2  -2   0  -1  -1  -3   0   1  -2   3  -2   1   1   2  -1  -1  -2 
  3  -3   0  -1   1   1   0  -1  -3  -3  -3   0   0   2  -1   3   0   1   0  -3   2   1  -2   3   3  -2   3   1   0   0   2   1  -1   0   1  -2   2   0  -1   0   3   0   1   0  -3   0   0   3   3  -3   2  -1   3  -3  -3  -1   1   1   3   2  -1   1  -3  -2 
  0  -2   1   0   2   0   3   1   3   0  -2  -1  -2  -2  -3  -1   1  -1   2   1   0  -2  -3   0  -1   2   1   2   3   2   1   2  -3   1   2   0   0  -3   1   2  -2  -2  -3  -1   0   0   2   2   2   2   1   0  -2   3  -2   0   1   0  -1   2   1   0   0  -1 
 -1   3  -1   0  -3   0   2   0   0   3   2  -1  -2   0   1   0   2   3  -1  -3   0  -2   3   1  -3   0   0  -2   2  -2   0  -1   2   0   3   0   0   2   1   0   0   1   3  -3  -1   0   2  -2   3   0  -2  -3   0  -2   1   0  -1   0  -2   0   0   2  -2   1 
  0   2  -3  -2   0  -2  -1   2  -1  -3   0  -1   3  -1  -2   2   0   1   1  -3   0   0  -2   1  -2   0   2   0   1   0  -3  -3   3   3   3   1  -3  -2  -3  -2   1   1   1   0  -1  -2  -1   1  -3  -3  -2  -2  -2   0  -1   0   2   3  -1   0   0   0   0  -2 
  2   0   3   1  -2   1  -2  -2   0   2   0   2  -2  -2  -1   3   1   0  -3   0   0   3   3   0   0   2   3   0   2  -1   0  -2   0   2  -2   0  -2   0   3  -2   0   2   0  -2  -3  -1  -1   0   3   1   3   2  -3  -2   3  -2  -3  -1  -1  -3   3   1   0  -1 
 -3   3   0  -2   3   0   2  -3   0  -3   0   1   0   0   0   0  -2   0   0   3  -1   0   0  -3   0  -3  -2   0  -1   2   0   2   0   1   1   0   3   1   0   0   1  -2   2   3   3   1  -2  -2  -3   3   3   1   0   3   1   2   1  -3   2   3  -1   0  -1   3 
  0   0   0   3   0  -1   3   2  -1   2  -3   2   3  -2  -3  -1   0   0   1   0  -1   2   2   0   0   1   0  -3  -2   2   1   1   0   3   0  -3   0   3   1   3   3   3   0  -2  -1   3   3  -1   2   0   2  -2   0  -2  -2   0   0   1   3   1   0   1   3  -3 
  3  -2   2   0   1   2   0   1   0   0  -3   1   0   3   1  -3  -2   0   0   3  -1  -1   3   0   2  -3   1  -2  -1   1   2  -2   1  -1  -2  -3   3  -1   1   0  -2  -2   0  -1   2  -1   3  -3   3   2  -1  -3   2  -1  -2  -2   2  -1   3   3   1   0   0   1 
 -3   0  -1  -2  -2   3  -2   0   2  -1  -2  -2   1  -2   3   0   0   3   0   0  -1  -3   0   1  -2   0  -3   3   0   0   0  -3   2  -2   2  -3   1  -1   0  -2   1   0   3  -2   1   2  -2  -2  -3   1   3   1   0   2   0   1  -1   3   0   3   3   3  -2  -1 
 -1  -2   0  -2   2  -2  -2   0   1   3  -3   0   3   2   0  -3  -3   1   1  -3   3   2  -1  -2   3  -1   0  -2   3   1  -3  -3   3   2  -3   3   0   3  -3  -1   0   0  -1   1  -1   1   0  -1  -2   0   3   2   3  -3   3   0  -2   0   3   3  -1  -1  -3  -3 
  1   0   2   1   0   0   2  -1  -3  -2   3  -2   0   0   2   3   1  -3   2   0   1  -3  -3  -1  -3   0   0   0  -3   0  -3  -2   2   0  -3   0  -3  -2   0  -3  -2  -3   1   1   0  -1  -3   1   0   0   1   0  -3   1   0  -1   3  -3   1  -3  -1  -1   2   0 
  3   0   0   2  -3  -2   0   2  -3   0  -2  -3   2   3   1   1  -2  -2  -1   2  -1  -2   0  -1   3   0  -2   0  -1   1   3  -1   0  -2   2   3  -1  -3   3   1  -2   3  -1   0   2  -1  -1  -1  -1   3  -2   1  -1   1   0   0   0   2  -3   1  -3  -2  -1   3 
 -3  -2  -1   0   3  -2   0   0  -1   2   0   3   1   2   1   3   2   1  -2   0  -2   2  -3  -3  -2   1   0   1   0  -1  -1   0   0   0   3   0   1   2   0   0  -2   2  -2   3  -1  -2   3   0  -2   0   0  -3   3   0   1   0   3   2  -1  -3   2   0   3  -3 
  1   3  -1   0   3  -2   0   0  -2   1   1   0   0   1  -3   0  -2  -3  -3   0   3  -2   2  -1  -1   0   0  -1  -3   2  -3   0  -2   1   1   1  -1   1   0   1   2   2   3   0   0   1  -1   1   2   1   1   0   2   3  -3  -2   0   2   1  -1  -1   0   1   3 
  0   1   0   1   3  -3  -1  -2  -2  -1   0   0   3   3   0   0   0  -3  -3   0   0  -1   0   1   0   3   2  -2   3   1   0  -2   1   2  -2  -1  -3  -2   0   0   0   0   1   0  -2  -2   0   0   0  -1  -2   2   1   0   1   2  -1   3   0  -3  -2   2   0  -2 
  0   3   2  -3   0   0   1   1  -3   1   2   2  -3   3  -1  -2  -3  -3   3  -3   3  -3  -3   1  -2   2   1   0  -1  -1  -2  -1   0  -3  -1   0  -3   0   3   3  -2  -2   0   2   3   0   0   1   2   3   0  -3  -1   2  -2   2   3   3  -1   2   0   2  -3   0 
  2   2   3   2  -1  -2   0   1  -3  -3   1  -2  -2   2  -1  -2   3  -1   2   0  -3   2   2   2  -1   1   1   2   0  -3   2   1   3  -1  -3   1   0   3  -3   0  -2  -2   3   1   1  -3   0   0  -2   0   1  -3  -3   3   2   3   0   0  -1   3   3   2   2   3 
  0  -3   0  -3   2   2  -3   2  -2  -3  -3  -2  -3  -1   2   3   3  -3   2   0  -1  -2   1  -1   1   3  -3   3   2  -3  -1  -3   2  -2  -2   1   0  -3   0   0   0   0   3   1  -3   2  -2   0   0  -3  -2  -1   0   0  -1   0  -3  -2   0  -2  -3   3   0   3 
 -1   3  -2  -1   3   0   2   2  -1   0   1  -1   3  -3   2   1  -2   1   2   0  -1   1  -1   0   0   0  -3   3   0   0  -3   1   0   2   0   3  -1  -1   2   1  -2   0   0  -2  -3  -2  -1   0  -1  -2  -3   0  -2   1   2   1  -3   1  -3   0  -1   0   1  -1 
  1   0   0   3   0   3   0  -2   1  -1  -2  -3  -3   0   0   0   3   3   2   1   3  -2  -3   0  -1   3   0   0   2   0   0   2  -3   3  -1   3  -3   1   0   0   2   1  -2  -2   2   1   1  -3   0  -1   0   1   0  -1   0   0   1  -1  -1   3   2   0   2   0 
  3   0  -1  -3  -3   0  -3   1  -2  -3  -3   2  -3   3   2  -2  -2  -3   0  -3   0  -3  -2  -1   3   0   3   3   3   1  -2   2  -1   0   3   1  -3   0   0   2   1  -2   0   1   1  -3  -2  -3   0  -1  -1   2   0   0  -1  -2  -2   1   0  -1   0   3  -3   0 
  3  -3   0   0   0   0   3   2  -2   1   0  -2   0   2  -3   0  -2  -3   2   0  -1  -3   3   0   0   2  -1   3  -1  -1   1   1  -1   0  -1  -1  -1   2   3   2   1   0  -3   0   0   3   2   0  -3   1  -3   1   3   0  -3   2  -1  -2  -3  -3   3   1   3   2 
 -2   0  -3   0   2   0  -2  -3   0  -2   1   0   0   0  -2   0  -1  -3   1  -3  -2  -2   1   3  -2   0   2   0   0   1   1  -1   0   0  -2   2  -2  -2  -2   0   0   0   3   0  -3   2   0  -3  -3  -3   3  -1   3   2  -2   0   0  -3  -1  -2   0   0  -3   3 
 -2  -1   3   0  -2   0   1  -3  -3  -3   0   1  -2  -3   3   3  -1   0   3  -3  -1   3  -2   3   1  -1  -3   0  -3   2   1  -1  -2   2   0  -3   3  -2   0  -2  -3   0   2   3   1  -2   0   1   0  -1  -2  -2  -3  -1  -2  -2   3   2   1  -1   0   1  -2  -1 
  1   3   0   0   0   2   0  -2   2   1   0  -1   0   0   2  -1   0   3  -3   2  -1   3   3   0  -1  -3   2   0   1  -1  -2   1   3  -1   1   3   0  -1   1  -2  -3   3   0  -1  -2   1   1   2  -3   2   0   3   3   0   0   1   2   0  -1   0  -3  -1  -2  -1 
 -1  -1   1  -2  -1  -1   2   0  -2   1  -1   2  -1   1   0   1   3   0  -3   0  -1   3  -2  -3  -2   3   3  -1   3  -2  -3   0   1   1   0   0   1  -3   3  -3   3   0   0   3   1   1  -1   0   1   1   2   1  -2   3   2   0  -2   0   3   3   0  -3   0  -3 
 -1   2   0   0  -1  -3   0  -3   0  -3   0   2  -2   3   2   0   2   0   3   3  -3   2   0   2  -2   3   0   0   0   0   1   0   0   0   0   0   0  -3   0  -3   1  -2  -3   0   3  -1  -3   3  -3   0  -1   2   0   2   3  -1   1   3  -1   0  -1   2   0   2 
  1   0   2   3  -2   1   0   2   0   0  -1  -2   0   2  -1  -1  -2   2  -1  -2   3   2   2   2  -3  -3   0  -1   2  -1   1   0   3   3  -2   1   0  -3  -3   3   0  -3   2  -3  -2  -1   0  -2   3  -2   2   0   2  -2   3  -3   0  -1  -1   3   0   0   0   0 
 -1   0   1   0   2   2   2   2   2  -2  -1  -2   0   1  -1  -3   0   0   0   0  -2  -3  -1  -3   2   1  -1   0  -2  -1   1   0   0  -1  -1   0   0   0   0   0   3   1   0  -2   0   2   0   1  -3   0  -1   1  -2   0   0  -3   0   2   3   3   0   0  -2  -2 
  0  -2   2  -1   0   3   0   0  -3   3   0  -3   0   0   0   3   3   0   1  -3  -1   0   0   2   0  -2   0  -2   2   0  -3  -2  -2  -2   2  -1   0   0  -3   3   3   0   1  -3   2   2   1  -2  -1   0   2   0  -3   2   0  -1  -1   0   2   0   0  -2   0   2 
 -1   2   3  -3  -2   0   0   0   0  -3   3  -2   1  -2   0   0   3   3   0   1  -3  -3  -2  -3   3   0  -1   0  -1  -3   3   0   1   1  -1   0   0  -2   0   0   1   0   2  -2   1   3   3  -2   0  -2   1  -2   1   2  -1  -2   0   1  -1   1   2   3  -3   0 
  0   2  -2  -3  -3   0   0  -3   3   0   0   2   3  -1  -1   0  -1  -1  -3   3   0   1  -2  -3   3  -2  -1   2  -2   2   0   0  -2   2   3   0  -2   1   0  -3  -1   2  -3   1   0   1   0   0   0   2   1  -2   3   0   0   2  -2   3  -1  -2  -1  -3  -2  -3 


==================================================
          MA TRAN B GOC - ORIGINAL (64x256)      
==================================================
  2   3  -1   3  -2   3  -3   3   2   0   2  -1   2   2   1   0  -1  -3   2  -2   1   2  -1   1   1   0  -3   0   2  -2   2   1  -3   1   2   3  -1  -3   0   0   2   3  -1  -2  -1  -2  -3   0  -1  -2  -3   3   1  -1  -3   3  -1  -1   0  -2   2   3   1   3   1   3   0  -3   0   0   0   2   3   1   2   1  -2  -1   1  -1   2   3   0   2   0  -3   2   3   1  -3  -2   0   3   0  -1  -1   1  -2  -1  -3   2   1   1  -2   0   2  -2  -1   0   0   0   1   0  -1   0   0   0   0   1   0  -2   0  -1  -3  -1  -1  -2  -2  -3   3  -1   2  -1   0  -2   0   0  -3   1   3   1   2   2  -2   0   2  -2   3   0  -1   0   3  -2   0   0   3   0   1  -1  -1  -1   0   2   2  -2   0  -3   0   1   2  -1   1  -3   0   2   2  -3   0  -2  -2  -2   0   0   1   0   1   1  -2   0  -2   2  -3  -1   2  -3  -3   1   0   3   2  -3   1  -3   2   0  -3   1  -3   3  -1  -3   0   0   0  -2  -1   2  -2   0   0  -2  -1  -3   2   0  -2  -2   1   3   3   1  -2   1   0   0  -1   3   3  -3   3  -3   1   3   0   0  -3   2   0  -3  -2   1   1  -2   0  -2  -3 
  2   3  -3   1   0  -3  -2   2  -3  -1   3   0   1   0   3  -3   1  -2  -2  -3   1  -2  -1  -2   3   1   0   2   1  -1   2  -3   3  -3  -3  -3  -3   0  -2   2   0   2   1   0   3  -1  -2   0  -1   0   0  -3   0   1  -3  -2   0  -1   3  -3  -1   1  -1   3   3   2   2  -1  -3  -1  -3   1   2   0  -2  -2  -3   3  -1  -1   3   1  -2   0   0  -3   0  -1  -2  -2  -2  -2   0   3   0   0   0  -1  -2  -2   1   3  -1   0   3   0   2   0  -1   2  -1   0  -1   2   1  -3   3  -3   2  -2  -1   2  -3   2   1  -3   0   1   3   2  -1   1  -2   0  -2  -2  -1   2  -2  -2   2  -3  -3   0   3  -3   3   2   0  -3  -2  -2   2   3   2   2   1   3   3   0  -3  -3  -3   3  -2   0   0   3   1   2  -1   2   1   1   2   3  -3   2  -3   3   3   2   0   0  -3   0   1  -1   1  -2  -3  -3   3   0   2   3   0  -3   3   1  -1  -2   1   0   1   2   3   0   2   0   3   2   0  -3  -2   2   2   0   2   2   0   3  -2   0   0  -3   0   0   1  -3   0   0  -1  -1   1  -2  -2   1   3   0   3  -1   2  -1  -3  -2   3   2   2   0   0   3   0  -3   1  -1 
 -2  -3  -1   1   1  -3   0   0   0  -1   0   0   1   2   2  -2   1   2   0   0   0   1  -1   3  -2  -3  -3  -3  -1   2  -3   0   2  -1   1   1   0   0  -1  -2   2   2   3   3   0   0  -3   2  -1  -2   3   0   3  -1  -3  -3   3  -3  -1   3   0   1   0   3   1  -1   0  -2   1   3   0   3   3  -1  -2   1  -3  -1   1   0   3   0  -2   3   1   0   2   0  -2   2  -1  -1   1   3   0   3   0   2   0   0   3   2   3   3  -1  -1  -2   1   0   0   0  -3   1  -3  -1   2   3  -3   3   0   0   3   0   2   2  -2   0  -1  -3  -1   0  -2   3  -1   0  -1  -2   0  -1  -2   0   1   0   0   0  -1  -1   2  -1   2  -1   1   0   1   1   0  -3  -1   2  -3   0   3   1   2  -3   0   1   0   1   2  -2   0   3   2   2  -3   0   0   2   0  -3   3   0   3  -3   2   2  -1   1   2   3   0   0   3   2   0   1   0  -3  -3   1   0   1   0   0   0   2   0  -1   0   0   1  -3   2  -2  -3  -3   2   2  -1   2   0  -3   0   0  -3   3   2   2  -3   0   0   0  -2   3   2  -1   3  -2  -3   0  -2   0   2   3   2   0   0  -3   0   0  -3   0   1   3  -3 
  3  -3  -3   0  -1   2  -3   3  -1  -1  -3  -3   1   0  -1   0   0  -2   0   0   0   3   3  -1  -1   0  -1  -1  -3   3   3  -1  -3   2   0   3   1  -3  -3   3   3   2   0   0   2  -2   0   0   0   3  -1   0   3   3  -3   0   3  -2   0   1  -1   0   3  -3   0  -3  -1   0  -1   0   1   3   1   0   1  -3  -2   3   1  -1   1  -2   0   1   1   2   3  -3  -1   0   1   0   0  -2  -2   1   0  -1   3  -2   3  -1   0   0   2   3   0   1  -3  -2   1   3   1  -1   1   0  -2   0   0   2   0   3   1  -3   2   0   0   0   0   2   0  -2   3   2   3  -3   0   3   3   0   0  -3   1   0   0  -3   0  -2   3   2  -3   3  -1  -3  -2  -3   0  -3  -1  -3  -1  -1  -3   0  -3   2   1  -1   0  -1  -3   3  -2  -1   0   0   1   1   2  -2   2   0   0   2  -2   2   0  -2   0  -1   0   2  -3   0   3  -1   0   3  -3   0  -2  -1   3   1   0   3   2  -3  -2   0   0   0  -2  -2   1   3   1  -2  -1  -1   2   0  -1   0   0  -2  -2   3   1   2  -1   3   1  -2  -1   0   2   1   2   3   0   0  -3   2   0  -3   0   2  -3  -1  -3  -2   0   3   3  -2 
  0  -1   0   1  -1   0   3   0   1   0  -3   3   3  -2   0   3   1   2  -1   0   0  -3  -2   0  -3  -2   2   0   1   2   0   0   0  -1  -3   0   0  -1   1   3   0  -1   0  -2  -2  -1   0   0  -3   0  -2   0   2  -1   0   3  -3   2  -1  -2   2   0  -2   3  -1   1  -2  -3   3  -2   0   1   2   1   0  -1  -3   3   1   2  -2   3   0  -3  -2   0   1  -3  -2  -3  -3   0  -2  -1   0  -3  -3   2   3  -3  -3   0   0   0   1   3   3  -3   0  -3  -1  -3  -3   1   0  -2  -3  -1   1   0   1  -3  -1   0   2  -3   2   1   0  -1  -3   0   0   2   1  -3   2  -2   2   3   0   2   3   2   3   3   0  -2  -1  -3  -2   2   0   0   0  -1  -2   2  -1   0   3   1   1   0  -1   1  -3   0   2   0   3   0   2  -3  -2   0  -3   2   0   0  -1   3  -1  -3   0  -3  -1  -3   2   3   0  -1   3  -1   0   1  -3   0   3   1  -1   2   2  -1   1   1   2   2   1   0  -3  -1   2   1   1   2  -2   0  -3   3  -2   2   0   2   2  -2  -3  -3  -2  -3   3   3   1  -1   3   0  -3   0   2  -2   3   2  -1  -2   2  -1  -3   0  -1   1   0   3  -1  -1  -1   1 
 -2  -2  -1   0   2   3   0   0  -1   1   0  -1  -1   0   2   3  -3   2   0   0  -1   2   2  -3   1  -2  -1   1  -3   0   0   0   1  -2   1   0   2   3   2   1   0  -3   0  -2  -2  -3   0   0   0   1  -1   0   2  -2   0  -2   0   0   3  -2   0  -1   3   3   0   3  -3   0  -3  -2   1  -3  -2   3  -3  -2   0   0   2   2   2  -3   3   0  -1  -3   2  -2  -2   1  -2   0  -1  -2   0   1  -2  -2  -2   3  -3  -1   1   1  -1   0   0  -1   0   3  -2  -3  -2   3  -2   0  -3  -3  -3   2   0  -2   3  -2   0   1   3   0   0   1   3  -3   0   0   0   0   3  -2   1   3  -2   2  -3   0   0   0   3   3  -2   0   0   0  -1   1   3  -1   3   0  -2  -3   0   1   2  -1   0  -3   0  -1   0  -1   0  -1   3   3  -3   0  -1  -2   0   3   1   2   3   3   0  -1   0  -1  -1   0   3  -1   1   0   1  -2   0   2  -1   0   3   2  -1   3   2   0   0   1   2   3   1   3   3  -1   0   0   1  -2  -3   2   1  -2   0   3   3   3   1   3   1   0  -3   1   2   0   2   0  -3   3   0  -2   0   0   0  -1  -1   0   2   2  -1   1   0  -1  -3  -3   1   0 
 -3   3   3   2  -2  -1   2   1   0   0   2   0   3  -1   0   3   0  -3   0   1   3  -2  -3   1  -2  -3  -3   1   0   0   2  -1  -2  -2  -2   2   1   0   2  -3   0   0   3   3   0  -1  -2  -3   2   2  -1  -3   1  -3   3  -3  -3  -3  -3  -2   0   0   3  -2   0   2   1  -2  -3  -2   0   2  -1   1   3   2   0   0   0  -1   0  -2   0   0   0   1   3  -2   0   0   0   3   0  -1  -1   0   0   0  -2   0  -1   3   0   0  -3  -2   1  -1  -3   2   2  -3  -1   0  -2   3   1   2   2   0   0   2   0   0   2   2  -2   2  -3   1   0   0  -3  -1  -3   0   0  -2  -1   1   1  -1   0   0   0   1   3   0  -2   1  -3  -1  -1   2   0  -1   3  -3   0  -2  -3   2  -1   0   3   3  -3   3   2   2   1  -1  -3   1   1   2   0  -1   3   2   3   0  -2   2  -2   3   2   1  -1   0   0  -3   0  -2   3   0   1   2   0  -3  -1   3   0   0  -3  -2  -2  -3  -3   2   0   0   0  -3   3   3   2   2   2   1  -1  -3  -2   0   2   1  -3   3   2   1  -3   1  -3  -2  -3   3   2   2   2   3  -1   1   0   0   1  -3  -2   0   0   0  -3   3   2   2   2  -3 
  0   2   3  -2  -3  -3  -2   0   1  -1   0   3   0  -2   0  -3  -3   0  -2  -1   3  -2   0   2   1  -1   0  -3   1   2   0   1  -1  -3   3  -2  -1  -2   0  -2   0   3  -2  -2   2   1   0  -1  -2   2   1  -2  -3  -2   3  -1  -1  -3   0  -2   0  -1   2   0   2  -1  -3   2   3   0   0  -2  -2   0   3   1  -2  -3  -1   1   1  -1   0   1  -3   0   0   3  -1   2   0  -2  -1  -1  -3   2  -1  -1   2  -1   3   1   1   1  -2   1  -3   0   2  -2   3   3   1  -3   1  -1   0   2  -2  -3  -2   0   2  -2   3  -2   1  -1   3  -2   3  -2  -3  -1   0  -2   1   0   0   1   1   0   0   0   3   2   3  -2   2  -2   2  -3  -3   1  -2   3   2  -3  -3  -2   3  -3   0   0   3  -3   3   2   0   1  -3   0   0  -1  -2   1  -1  -1   0  -3   0  -3  -3   1   1   2   1   2  -1   2   1  -1   0   2  -2   2   0  -2  -1  -1  -1   1   0  -1  -2   1   1  -3   3  -3   0   1   1  -3  -2  -3   0   0  -3   0   0   2   0  -1   1   2  -2  -3  -3   3   3   0  -3  -3   3   2  -3  -3   1   1  -3  -2   1  -2  -1   1  -2  -3  -1   2   0  -2   3  -3  -2   2 
  0  -2   3   1  -2   0   0  -3   1  -2   1  -1   2  -3   0   0  -3  -1   2   1   3   0  -1  -2  -2   0  -3   0   2   2   0   3   1   0  -3   1  -1  -3   3  -2   3   0  -1  -2   2   3   0   3  -3  -2  -3   0  -3   3   2  -2  -1   0   0   1   3   0   0   2   0   2  -3   0   3   3   2   0   2   0  -1   0   0   2   2   0   0   0  -3  -2  -2   2  -3   3   0   2  -3   0  -2   1   2   3  -2   1  -1   1  -3   3   0   0   0   0   1  -2   2   1   0   1  -1  -2   1  -1   0  -2   2  -1  -3   2  -3   2   2   3   2   3   1   2  -3  -2  -1   1   1   2   1   2   1   2  -3   1   1   1   0  -1   0   0   2  -1   3   0   0  -1   1   2  -3   2   0   0   2   2  -2  -2  -2  -3   3   3   1   2  -3  -1   0   2   0  -3  -2  -1   0   1   2  -3   0   0  -2   0   2   2  -3  -1   0   0   0   0   0   1   1   0   1   0  -2  -1   0   3   3   1  -3  -1   0   0  -1   2  -2   1  -3   0   0   2   0  -2   0   1   0  -2   0   0   3  -2  -1   2  -1   0   3   1   0   0   0  -3  -3   0  -2   3  -3   0  -3   0   2  -1  -1  -1   0   0  -2  -2   1   1 
  0   0   0  -1   0   0   3   0  -3   3   1  -3   2   0   2   0  -1   2   1   3   3  -2   1   3   0  -1   3   3   2  -3   3   3   0  -2  -1   3  -3   1   0   0  -3   0  -3   0  -1  -2   0   3   2  -2   0  -2   1  -1  -3  -3   1   1   1  -1   1   3   0  -2  -2  -1  -2  -3   2   0  -2   3   1   1  -2   1   0   0   3   0  -2   0  -2   0  -1   0   2   0  -1  -3  -1  -3   0  -3   2   3   2   0   0  -3  -2   3   0   2   0   0   0  -2  -2   1  -2   1   3   3  -3   3   0   1   2  -3   3   2   2  -1   1   0  -1  -3  -1   3   0   0  -1   0   3   0   1  -3   1   0   3  -1   3   0   3  -1   0   3  -1   2   3   2  -3   3   2   0   2   2   3  -2  -3   1   0   3   3  -2  -3   1   1   3  -1   3   2   0   3  -3   2   2   1   2   0  -3   3   2   1  -3   0   2   3   2   2   0   1  -1  -1   0  -3   3   0  -2  -3   2   3  -3  -3   0   2   1  -1   2   0   0   0   1   3  -2  -3  -2   1   3   0   2   3  -1   0   0   0  -3  -2   2   0  -2   2  -3   1  -2  -3   0  -3   0  -2  -1   0   3  -1  -1  -2   1   1  -2  -2  -2   0   1   3   0 
  1   0  -3  -1   1  -3   1  -2  -3   0  -3   0   2   0   0   1   0   0   1  -2   0   3   0   3   0   1  -1  -3   1  -3  -3   2   3   1   1   3   1   3  -1   3   0   2   1   3  -3  -3  -3   0   2   1   1   1  -3  -2   3   0   0  -3   0   1  -1  -3   0   1  -3  -3   3  -3  -2   1   0  -3   3  -2  -3   0  -3   1   0   1   3   0   0  -2   0  -3   2   0  -1  -2   3  -2   1   3   0  -2  -1   1  -3   3   0   0  -1   1   0   1   2   0  -1   0   2   1   2  -1   2   0   0   3   2   2   1   0   0   2  -1  -2  -2  -1  -1  -3   3  -3   1  -1   0   0   1   0   1   0  -1   0   1  -1   2  -1  -2  -2   3   1   0  -3   0  -1   0   2   3   3   0   2   0   1  -2  -2   2   0  -3   2   1  -3  -3  -3   0  -1   2   3  -2   2  -2  -1   2  -1   2  -3  -3   0   0   2   0   2   3   2   3   0   2   0   2  -1   1   3   3  -2   1   0   0   0   0  -3  -3   0   0   2   1  -1  -2   1   0   1   0   0  -2   1   1  -1   1   2  -3  -1   0   0   0   2   0   2   0   3  -1   0   3  -3   3  -1   0  -2  -3   0  -3  -2   0   0  -3   0   2  -2   0   1 
  3  -2   2   1   0  -1   0  -3   0   2   0   0   0   0   3   2   0  -2  -3  -2   0   3  -2   3   1   1   3  -1   3   0   1   0   3  -1   0   1  -1  -2   0  -3   2   0   1   3   0   0  -2  -2  -3   0   0   0   1   1   2  -2  -3   0   0   2   3   1  -2   3  -3   1   0  -1   1   0   0   1  -3   0  -1   0   3   3  -2  -1  -2   0   1   0   2  -3  -1   0   1   3   0  -1   0   0  -2   3   0  -1   3   0   1  -2  -1  -2   0  -2   0  -1   1   1  -2   3  -1  -1  -2  -3   0   0  -3   0  -3  -2   0   2   0   2   0   0  -2  -2   2   1   1   0   2   2   0   1  -1  -3   3   2   0   3   2   3   2  -3   3  -1   0   3   0  -3   0   3   3   0   0  -2   0  -1   1   0   3   0  -1   0   1   3   3   0   0   2  -2   2   0  -3   0   0   1  -3   0   0   2   2  -3   1   0   2   2   0  -3   3   2   3  -2   0  -1   2   1  -2  -1   1  -3   0   3   1   2   1  -2  -3  -2   1   0   3   1   3   0   0   0   3  -2  -2   2  -3  -1  -1   3  -1   1   0   2   0   0   0  -2   1   2  -1   0  -1  -1  -3   3  -3   1   0  -3   1   1   0   2  -2   3  -3 
  1  -3   0   2  -2   3   1   2  -1   0   3   3  -1   0  -2   1  -2   3   2   1  -3   3  -3   0   0  -3   1   0   1   1  -3   1   0   1   3  -2   3  -2   2   0  -1  -1   0  -3   0  -1   1   1  -2   3  -2   0  -3  -2  -3  -3   0  -3   2  -1  -2   3  -1   0  -3  -1  -2   3   1   0  -2  -2   3   3   0   1   2  -3  -3   2   0   0   0  -1   3   0  -1  -3   0  -2  -1  -1   3  -1   2   0  -3   3   1   0   3   1   1  -3   0   0  -3  -1  -3   1   3   1  -1  -1   0  -1   1   0   1  -2  -1   2   1   0   0   1   1   0   3   0   2   3   3   3  -2  -2   2  -2   2   0   0   0   1   0   2   2   1   2   0   0   0  -2  -2  -3   0   0   1   2   3   0   1  -2   0   0  -2   0  -2  -3   0  -1   0   1   1   2   3  -3   0  -1   1   2  -1  -1   3  -2   2  -1  -1   0  -1  -1   1   0  -1   0   2   1   0  -1   0  -2  -1   3   0   3   2   0   2   3  -3  -1   3   0   0   2   2   1   3   3  -3   0   0  -1   2  -3   0   2  -3  -2  -3  -1   0   0  -1   2  -2   3  -2  -3  -3  -3  -1   3   1  -3  -3  -3   0   2   0   0  -2  -3  -2   0   1   1 
  0  -2   2  -3  -3   0   0  -3  -2   0   0  -2   3   0   3   1  -2  -3  -2  -2   1  -3   3   0  -3   3   1   0  -3   1   3  -3  -3   2   2   1   1  -1  -1   2   0   3  -2   1   1   2   1  -3   2  -3  -2   0   1  -1   3  -1   0  -3  -3  -1   1   0   3   0  -2   2   0  -2   0  -3   1   2   0  -1   1   0   2  -1   1  -2   0   3   2   3  -3  -2   3   1   1   3   2  -2  -2   3   1   0   0  -3   3   2   0   2  -3  -2  -1   3  -3  -3  -3   1   0   0  -3   3   1  -3  -3   0   0  -1  -1  -3  -1   2   0   2  -3  -1   0   0   2  -1   3  -2   0   0   1   3   3   0   2  -2   2   3   0   2  -2  -2   0   0   0   0   1   1  -1   0  -1  -2   1   2  -2   0   0   2   3   2   0   3   3  -1   0   3   2  -3   1   2   3   2   0   1  -3   3   1  -3  -2  -1  -2   2   1   2  -2   0   2   2   2   1  -1   3   2  -3   0  -3   0   3   1   0  -2  -3   2   0  -3   0   1   2   0   0  -1   2  -1  -1   0  -3   0  -2  -1   1   0   3   1   0   1  -2   0   2   0   0   3   2  -3  -3   1   2  -3  -2   0   0   0  -1   0  -1   1   1  -3   0  -2   3 
  3   1   0  -1  -2   2   1  -2   0   0   1  -1   3   0   1  -2  -2   2  -3   3   2   3  -3   0  -1   3   2   0   0   2  -3  -1   2   0  -3  -1  -3   2  -3   1  -3  -1   0   2   0  -2  -3   2   0   0   0   0  -2   3   1  -2   1   0  -3  -1   2   2  -2   3   0   0   3  -1  -3   0  -1  -1   1   3  -3   0  -1  -2  -2   3   3   2  -3   3   2   0   3   1   0   0  -1  -3   3  -1   3   2  -2  -3   2   2  -1   0   3  -3  -3   3   1   0  -1   2  -1   0   2   2   0   0   1   3  -1  -3   0   2  -2   0   2   1  -1  -3  -2   2  -1   2   2  -1   0   0  -1  -2   0   2  -2  -3   0   2   0   1   2   3  -3   3   0  -2   2   3  -2   0   0   1   2  -2   0   3   3   3  -1  -2  -1   0   2   0  -1  -1   1   1   0  -1  -3   0  -2   3   0  -1   3   3  -3  -3   3   3   2   0   3   2  -2   2  -2   0  -3   0  -1   1   1   0   0   0  -3  -3  -1   1  -1  -3  -2   0  -1   1   2  -2   0   0   3   1   2  -3   2  -2  -2  -3   3   3  -1  -2   0  -2   0  -2  -2  -2  -3  -1   2   2  -3   1  -1   3  -2   3  -1   1  -2   0   2   0   3   2   2   0 
 -1   1  -1   3  -3   1   0  -3   1   1   2  -2  -3  -3  -1  -1   0  -2   1   0   2   0   2  -3   3  -1   0   0  -1  -2  -3   1   1   0  -3  -1   0  -2  -2   3   2   0   1   0   3  -2  -2   0   1  -2   1  -2   2  -2  -1   0   1  -2   2  -2  -1  -1   0   1  -2   3  -3   3   0  -1  -2  -1  -2   0   0  -2   2   1  -1   1   1   1   0   3   0  -3   2   2   0  -1   2   0  -1   0   0   0  -2   2  -3   1   0  -1  -1   2   0   3   0   1   1  -1   2   2  -2  -3  -3  -1   2   1  -2  -2   3  -1   3  -3   3  -1   0  -3   0   1   0   0   2   1  -2   2   0  -3   0   1   2   0   2   2   0   3   3  -3   2   2   0   0   1   0   3   0   0  -2  -3   1  -1   0   0  -1   0  -2   0   2   0  -3   2   0  -3   1   0  -2  -3  -2  -3  -1  -2   2  -3   2  -3   2  -2   0   2   0  -2   0   3   0   3  -3   1   2  -3   0  -3  -1   3  -1  -2  -2  -3   1  -2   1   2   0   1   0   0   0  -1  -3   0   3   0   0   2  -3   2   0   2  -3   3   2   0   0   0  -2  -2   1   0   0   0   0   0   0  -1   0   1   0   1   2   1   3   3  -1   0   3   1   0 
  0   0   2  -3  -1  -2   1  -2  -1  -2  -2  -2  -3   2   2  -2   0  -1   0  -2   3  -3   0   1   0  -3  -1  -1  -3   0  -1   2   0   2   2   2   0   3   0   2  -3   2  -2   0  -1  -2   0  -1   1   3   0  -1  -1   1  -3  -1  -2   2   1  -3   3   2   0   2   1  -1   0   1   1   0   3   0   2   2  -1  -2  -3   0  -2   0  -3  -1   0   0  -2   1   2  -2  -2  -3   2  -3  -2   0   0  -3  -2   1   1  -2   3  -1   0   1   2   0  -2   3   1   0  -2   0   0   3  -3  -1   2   2   1   0   3   2  -3  -2   0   2  -3   1   3   2  -3   0   1   0   1  -2  -3  -3  -1   2   0  -1   2   3   1  -2   0   3  -1   0  -1  -1  -3   3  -3  -2   3  -3   0   0   2   2   0  -3   0   0  -1  -1  -2   3   0  -1   2  -3   0  -3   0  -1   0   3   1   0  -1   0  -1  -2  -3   0   1   2   0   0   0   0   1   0  -1  -2  -3   0   1   3  -3  -1  -1   3   0  -2   3   2   3  -3  -1   1   1  -1   0   0   3   1   1   0  -3   3  -2   0  -3   1  -3  -1  -1   0   0   0   2   2   0  -3  -2   2   2  -1  -2   2   3  -3   0   0   2  -2   2  -3   0  -2  -1   0 
 -3   0   1  -2   3   0  -1   0  -1   0  -3  -1   1   3  -2  -3  -1   3  -3   0   0   0   1  -3  -1   2   0  -3  -3  -3   1  -2   3   1   2  -1  -1  -3  -1   0  -3  -3   2  -3   1   3  -1   3  -1  -3   1  -3   0  -2   3  -3   0  -3  -3  -1  -2   0   0  -2   0   1   0   2   0   2  -2  -1  -2   0   1  -2  -3  -1   1   0   0   1   3  -3   0   0  -3   2  -3   2   3   3  -3   1   2   0   2   2   0   2   0   1   0  -2   3  -2   0   3   2  -2   0   3  -3   2  -1  -1  -1   3   0   1  -3  -1  -3   2   0   0   0   0   2   1  -2  -2   1  -3   2   0   2  -3   2   0   3   2   2   1   2   0   2  -3   0  -3  -1  -3  -1   2   0   0  -2  -2  -3   1  -2  -2   1  -3  -2  -2   0  -3   3  -2  -2  -1   0  -2  -3   1   1  -3   0   3   3   1   0   3   2   0   2   0   0  -1   0   0  -3  -3  -2  -2  -1   2  -2  -2   0   0   3   0  -1   0   0  -3   3  -2   0   3  -3   2  -1   1   2  -2  -2  -2   1   3  -1   0  -1  -3   1   0  -3   1  -1  -2   3  -2   2   1   2   2   2   2   2   1  -1   1  -2  -2  -1   1  -3   3  -2  -1  -1   2   3   2 
 -1  -3  -3  -2   0  -1   3   1   0   3  -1  -2   2   0   3   2   1  -1  -3  -2   1  -1   3   1   0  -2   2   3  -3  -1  -2   1   3  -2   3   3   0   0   1  -1   0   0  -3   0   0   3  -1   0   0  -2  -3   0   0   3   0   0   0  -1  -1   1  -1  -1  -2  -3   0  -2   0  -3   1   2  -2  -3   1  -1  -2   1  -1  -2   1  -3  -3   3   0   3  -2  -1   1  -2  -2  -3   1  -1  -2  -3  -1   3   0   1   0   0   3  -1  -3   0   0   0   1   0   0  -1  -3   3   0   0   3  -1   0  -2  -2   3   0   0   2  -3   2   0  -2  -3   2   1   0  -1   0  -2   2   0  -2   3   0   0   3  -3   0   0  -3  -3  -1   0  -3   2   2   3  -2  -1   1   2  -1  -2   1  -3  -2   0   2   0   1   2  -1  -3   0  -2   3  -3   3  -2   3   3  -2   2   3  -1   2  -2  -2  -3  -1  -3   0   0  -3  -3   0  -2  -1   0   0   3   2   0  -2   3   0   1   0   3  -1  -3   0   0   2   1  -2   1   3   3   0   3  -2   3   0   3   0   0   0   0   0  -3  -2  -2   3   0   1   2  -2  -3   0  -3   0   0   2   3  -3   3  -2   3   1  -3  -3   2  -3  -2   0   0   1  -2  -1  -1 
 -3   1  -3   0   0  -1   1   0   0   3   1  -2   0   2  -3   3  -3  -1   3  -2   2   1   0   1   2   0   2  -3   0   0  -3  -2   0  -3  -3   1  -2  -3  -3   0   3   0  -1   0   0   0  -1   2  -1  -1   3  -2   1   0  -2  -2  -2  -1  -2  -2   0  -3   3  -1   0   3   0   3   1  -2   1   0   0  -1   3   0   2   2   2   2  -3  -3   0   1   0  -3   0   2   1  -1   1   0  -1   0  -1   0  -3   1  -3  -3  -3  -1   0  -3   1  -1   1   3  -1   1   0   0   2  -2   2   0  -3  -3   0   0  -3  -1   0   0   0   3  -2  -2  -1  -1   3  -2   1  -3   3  -2  -2   1   2  -3   0   1  -2   0  -2   3  -2   3  -2   1   1   1   3  -2   3   3   0   0   0   0   3   0   0   1   3   0  -1   0  -3  -2   3   0   0   3   2  -3   0   2   0  -3   1  -3  -1  -1   1   1   0   2   2   2  -1   0  -2   0  -1  -3  -2   3   0   1  -2   0   0   0   0   3  -2   0   3  -3   3  -1   1  -2   1  -3   3  -2  -2  -1  -1   0   3  -1  -1   2  -2   2   0   1   1  -1   0   0   2  -2   0   2  -1   0   2   0   0   3   0   3  -1   0  -1  -3   3   1  -1   3   1  -1 
  0   2  -3  -3  -2   0   1  -3  -1  -1   3   0   0  -1   3  -2   0   2   0  -3   3   2   1  -2   2  -3   3  -2   2   3   0   3  -3   2  -2   1   3   3   2   0   1  -3  -3  -2   0  -3  -3  -3  -3   0   3   2   2   3  -1   1  -3   2   2   2  -3   1   3   0  -3  -1   0  -1  -2   0  -3  -3  -2   3  -1   1   1   1   0   1   0   2   2   0   2   2  -1  -2   1   0   2   3   3   0  -2   1   0   3  -2   0   0   1   1   0  -3   3  -3  -1   3   3   0  -2  -1  -1  -1  -2  -2   3  -1   1   0  -3   0   2  -3   3  -2  -2   0  -1   1   0   0  -3   1  -2   1  -1   3  -1  -2   1  -3   1   3   0   0   3   3   0   0   3  -2  -3   3   0   3   0   1  -1   1   2   1   1   3  -2   2   0   1  -1  -2   0  -3   0  -2  -3   1  -1   0  -2   0   0   0  -2   1   0  -3  -3  -3  -3   0   0  -3  -1  -3  -1   0   0  -1  -3  -3  -2   0  -2  -2  -3   0  -3  -1   0   2  -2  -1  -3  -2  -1  -2   0   2   2   0   1   2   1  -3  -3  -1   0   2   3   3  -1   2   0   0   1   1   0  -3  -1  -2  -2   0  -2  -1   1   2   1  -1   2   3  -3   3  -1  -2  -2 
  3   1   2   0  -2   3   3   0  -1   0   3   3   1  -3   3  -3  -2  -3  -2   1   1   3   2  -2   3  -3   1   2   3   0  -3   3  -1   0   0   0  -2  -2   2  -3  -1   2  -2  -3   2  -2   3   1  -2   0   2   2  -1  -2   0  -1  -2   0   0  -2   0  -1  -2   0   3   0  -3  -3  -3  -1   0  -3   1   1   2   0  -2   1  -2  -3   1   3  -2  -1  -3  -2  -2  -1   3  -1  -3  -1   2   3   0   0  -1  -1   3   2   1   3   3   1  -3   0   0   1   0   1   0   1  -2   0  -2   0  -1   1   1  -1   0   1  -3   0  -3   2   0   0   2  -3   0   0  -3  -2  -2   3   0  -1  -1   0   1   1  -3  -1  -3  -3  -1  -1   0  -2   3   1  -2  -2   0   0  -2  -2   2   0   3  -3   0  -1   1   2   2   2   0  -3  -3  -2   0   2   3   1   1   3  -2   0  -1  -1  -3   0   3   1   3  -2   0   2   0   3   1   3   0  -1  -3   1   0  -1   2  -2  -1   1   2   3  -1  -1   1  -1  -1   2   2  -2  -2  -3   3  -3   3  -3   0  -3  -1   2  -3  -3   0   1   3  -2   2   1   0  -3  -3  -3   2   3   0   2   0  -1  -1   3   2   2   0  -2   0  -2  -3   0  -1  -3  -2   0 
 -1  -3   3  -3   0   3  -1   0   1  -2   3   0  -2   3   3   2   2   0  -1   2  -2  -2  -2  -2  -2   0   0  -2   3  -1  -3   2  -3   0  -1  -2   3   2   3   0   0   0  -1  -2  -3  -1  -2   1  -3   0  -1   2   0  -1  -3   1   0  -3   3  -2  -2   3  -1  -2  -3   3   2   3   3   3   0  -2  -2  -1   1   0   0  -2   2  -3   0   0   1   3   3   2   0   3   2   1  -3   1   0   0   1   2   2   0   0   2   1  -1   0   3   0   1   2   0   3   0   2  -3   0   1   0  -2   0   1  -2   0   2  -3   3   2   0   3  -2  -2   0   0  -1   3   0  -3   1  -1   3   3   3   1   1  -3  -3   2  -1  -2   2   0  -2  -1   1   3   0   2  -2  -1  -1  -1  -3   0  -2  -3  -2   0   1   3   0   2   0   0  -1  -3  -1   3   0  -2   0   3  -2  -1   2   0   2  -2  -2  -3  -1   0   2   2   3   1  -2   1   0  -3   0   0  -1   0   0  -2  -3   2   2   1  -1  -1  -2  -2   3  -2   0  -1  -1  -1  -3  -3  -2  -1   0  -1   3   2   0  -1   2   0   1   2   0   1  -3  -1   1  -1   1  -3   0   3  -3   0   0  -1  -3  -2   1   0   2  -3   0   0   1   1   1   1 
  0  -1   1  -3   0   0   0   3   0   1   2   2  -3  -2   0  -1   0  -1   3  -1   0   1  -1   2  -1   1   1   1   2  -3   0  -1   0   2   2  -2   3   0   2  -3   2  -1  -1   0  -2   1  -2  -1   2   0   2   3   2   0  -2   3   0   0  -1  -3   0   2   0   0   0   0   0  -2  -1   0  -2  -3   0   1   3   2   3   2  -2   3   3   0   2   3  -3   0   3  -1   3  -2   2   3  -3   3   1   0  -1   3   2   0  -1   3  -2   0   3   3   0   0   2   3   0  -2   0  -2   0  -3   1  -3   0  -3  -3   3   3  -2   2  -2  -2   2   3   2  -1   0   1  -3   1   1   1   0   2   0   2   1  -1   2  -1   2   2   1  -1   0   0   1   3  -3  -2   2   0   1   3  -1   1   0   1   3   3  -3   0  -3  -2   3   1   2   0   1   3   0  -3  -2   1   2  -2  -3  -1  -3  -1   3   0   0   3   0   1   3   3   0  -1  -2   0   0   0   2  -3   3  -1   0   0   0   0  -1   2   0   1  -2  -1   0   3   1   1   3  -2   1   2   3   2   1  -3  -1   0  -2  -2   3   3  -2  -2  -3   0  -2  -3   0   1   0  -3   0   3   1   0  -2   3   1   2  -2   0   2  -1  -1   2   1 
  1   3  -2   3   2  -2   0   0   2   0  -3  -2   1   0  -2  -3   2  -3   0   0   1  -1  -1  -2  -3   1   3   0  -3  -3  -3   0   0   1  -3   0   0   2   2   1  -2   3   2   0   3   3  -1   2   3   3   0   0   3   1  -2   2   2  -2  -3  -1   0  -1  -1   1   3   2  -2   0   0   3   2   2   0  -3  -3  -3   3  -1   3   2   0   0   1   3   0  -2  -3  -1   2  -2   1  -3  -3   0  -1   0   3   0   0  -3   3  -3  -1  -1  -3   2   1   2   3  -2   3   0  -1   2  -2   1   3   0  -2  -2   2   3   0  -1   0   3  -3  -2   3   0  -1   3   0  -2   3   0  -1  -3   0   0   1  -2  -3  -2  -3   2  -3  -1  -3   0  -2  -1   0  -2  -1  -3   0   2  -3  -3  -3   0   0  -3   0   0   1  -3  -3  -1   2   1   2   3  -2   0   0   2   1  -2   1   0  -1  -1  -3  -3  -2   1   3   0   2   3  -3   1  -1   1  -1   1   3  -2  -2  -3   0   0   2   3   1   0   0   2  -2   3   1   3   0   3   2   0  -1  -1   0   2   0  -2  -2   1  -2  -2  -3  -2   0  -2   2   1   3  -1  -2   3   2   3   3   0   0   2   0   0   0  -2   0  -2   2   0   0  -1   2   0 
  3   1   0   0  -1  -2  -3  -2  -1   0  -1  -1  -2  -1  -3  -3  -2   3   0   2  -1  -3   0   2  -3   0  -1   2  -2  -1   2  -1   0  -2   0   1   3  -2  -3  -2   3  -1  -3  -3   1   1   0  -2  -2  -2   0  -2   0   0   3   0  -3   3   0   1   0   2   1  -3   3   2   0  -3   0  -1   3   1  -3  -3   1  -3   1  -1  -3   1  -1   0  -1   1  -1  -1   3  -1  -2   0   0   2   0   0   0  -1   1  -1  -1  -3   0  -3   1   3   0  -3  -3  -2   0  -3  -1   3  -3   3  -1   1   0   3  -1   0   1  -1  -2  -2   0   3   3   0   3  -3  -1   2  -2   0   3   2   0   0   1   2   0   3   0   0  -2   2  -2   1   3   2   0   1   3  -2  -3  -1   3  -3   1   2  -3  -2   0  -3  -2   1   1  -1   3  -1  -2  -3   1  -3  -2   0   3  -3  -3   2   1  -1   0  -3  -3   1  -2   0   2  -2  -3  -2  -1   0   0   3   0   0  -1   0  -2   0   0  -3  -2   1   3  -2   1   0   1   0   0  -2   0  -3   1   0   1   3  -3  -2   0  -1   0   1  -3   1  -2  -2   3   0  -2   0   1   1   0   2   0   2   0   0   0   0  -1  -2  -2  -1   3  -3  -3  -2   0  -2   2  -2 
  2   0   3   0  -3  -1   0   3   0   1   0  -2   0   2   0  -3   0   0   3  -3   0  -3   0   2  -2  -3   0   0  -1  -1   1  -2   1  -3   0  -3  -3  -1   2  -3   2   0  -1   0  -3  -1   3   2   3  -3   3   0   2  -1   3  -2  -2  -1   0  -2  -2   3  -2   3   0   0  -2   0   2   0  -1  -2  -3  -2   1  -1  -1  -3   0  -2   1   0  -1  -2  -3   0   1   2  -1  -2  -2  -1  -2   2   0  -2   3  -1  -2  -1   0   1  -3  -2   1   2   1   3  -1   0  -1  -1   1  -2  -2  -3  -2   0   0  -3   1  -3   2   2   3  -3  -1   1   0  -1   0   2   1   3  -3   2   1  -1  -2   2  -3   0   0   3  -2  -2   2   0   0   1  -2  -1  -1   1   0   0   1  -1   3   2  -2  -2   0   0   3   2  -2  -1  -3   1   2   2  -3   0  -1   1   0   0   2   2   0   2   0   3  -1   0  -1   3   0  -2   0   0   2  -3   0   3  -1   3   2   0  -2  -1   0   0   3   1  -1   1   0  -3  -2  -2  -1   0   0   3   1   2   1   0   1  -3   0  -1  -2  -2   0  -2  -3   3   0  -1   2   1  -2   1   0  -2  -1  -1   0   0   3  -1   3   3   3   0   0   3  -3  -1   3   3   0  -1 
  1  -3   2   1  -2  -3   1   2   1  -2   1   2   3  -3  -3   2   1  -2   0   0   2  -3   0  -3   1   1   2  -3   2   1  -1   3   2   2   0  -1   0  -2   0  -2   2  -2   0   0   1  -2  -2   0   3   0   0   3   3   1   3   0   0  -3  -2  -1   0  -1  -2   1   1   0  -3   1   2   2   0   2  -3  -1  -3   3   2   2   0   3   2   3   1   0   0  -1  -1  -2   3   1   0  -1   0  -2   3   3   1   1  -3   3   2  -1   2  -1  -1   2   0   1   3   0  -3   0   0  -2  -1   2   3   1  -3  -2  -1  -2  -1   0   2  -3   3   2   1  -1  -3   1   3   0  -3   3   1   2   3  -1  -2   2   1  -1  -3  -3   0  -1  -2   2   0   1   0   2   1   1   2  -2  -3   1   0   3   0  -3  -3  -3   2   1  -2  -1  -3   1   2   2  -3  -1   3  -2  -2  -1   0   3   0  -3   2  -3   1  -2  -2  -3   1  -3  -2   3  -3  -2   0   0  -2   2  -3  -1   3   0   1   0  -1   1   2   2   1   0  -2  -3  -1  -3   0   3   3   3   0  -1   2  -2  -3  -3  -1   2  -2  -3  -1   1   1   2  -1   2   0   1  -1   0   2   0  -1   2  -1   0   0  -2   3  -1  -1   3  -3  -2  -3  -1 
  0   0   1  -2   0   0  -1  -2   2   0   1   0   3  -3   2   0   1   3  -1   3   0   0  -1  -3   1   0   2   1  -3  -2   0   0   0   0   0   3  -2  -3   0   1  -3   0   1  -3   3  -3   2   2   2  -2  -1  -2  -3   2   3   2   0  -2  -3   3   1   0   0  -3  -1  -3   1  -3   0  -2  -1  -1   0   2   0   0   3   3   0   2   1   2   2   3   3   2   1   2   0   0   0   2   0   0   1   3   0  -3   0  -2   3  -2  -2  -3   0   0   3   1   0  -1   3   2   1   1  -1  -1   1  -3  -2   3  -2  -2  -3   2   0   3   1  -3  -1  -3  -2   3   2  -3  -1   3   2  -1  -2  -3   1  -1  -1   3  -3   0   0  -1   0   3  -2  -1   0   2   0   1  -1   0   1  -1   2  -1  -3   0   2  -2  -1   1   3   2   3   1   0   1   3  -2   1   0   1   0   0   0   0   3   2  -2   1   0   2  -2   1   1   2   0   3   3  -1   2   0  -2   0   0   2   2   0   0   0  -2  -1  -1   3   3  -3  -3  -1  -1  -1   3  -3   3   2   2  -1  -1   0  -3  -1   0   1  -3   0   0   0   0  -1   1  -3   1   0   2  -2  -1   2  -3  -2   3  -3   3  -1  -2  -2   3   2   3   1  -3 
  1   1   0   0   1   0   0  -3  -2  -1   0   3   0   1   0   0  -1   0   0  -1  -2   2   3   1   0  -2  -1  -3  -1  -3   0  -1  -1   0   1  -2   1   2   2   2   0  -1   0   0   1   0  -1  -2  -1   0   0  -2   3  -2  -1   0   1  -3  -3   3  -3   0   2   1  -3   0   0   3  -3   2   0  -2   3   1  -2  -2   0  -3  -2   1  -1  -3   1  -3  -2   0  -2   2   2  -3  -2   1   0   0  -3   2   0   2   0   0  -3   2   0   2   0  -2  -3  -2   2   3  -2   1   1   0  -3  -3  -1   0   3   0   3   0   1   0   0  -1  -2   3  -2   0   0   3   0   0   2   0   1   0  -3   1  -3  -3   1   1   1   3  -1   3   2   2   3  -3  -3   1  -1   1   2   0   1   0   1   3  -2  -2   1  -1   2   3  -1   1   1   3   3   0   3  -2  -2  -2   1  -2   3   0   0   1   1  -3  -2   1   2  -3   0   0   2   1  -3   2  -3  -2   0   0  -1   1   0   1   0   0  -2   0  -2   0  -1  -2   0  -3   3   0   1  -2   1  -3  -1  -1  -1   0   0   3   3   1   2  -3   2   2   2  -1   3   1   0   2   2   2  -2  -2  -1  -3   2  -2  -2   0  -3   0  -2  -2  -2  -1   3  -1 
 -2   3   0   2   0  -2   2  -3  -3  -1  -2   3   3   0  -1   0   0   0   0   3   0   3  -2  -3   3   2  -3   1   0   2   3   2   2   2  -2  -1   3   0   2   1   2  -1   0   1  -3   3   1   2  -1   2   0  -2   1   2  -2  -2  -3   0  -1  -2   0  -2  -2   3   0  -3   0   0  -1   0   3  -1  -3   0  -1  -2  -1   3   0  -3   0   0  -2  -3   1   1   0  -2  -2   1   0  -1  -1   3   1   0   0   1   0   0  -3  -1  -1   0   0   2  -2   1   1   0  -2  -3   0  -1  -3  -1  -3   2   0   1  -3   1  -2  -3   0   2  -1   1   1   1  -2   1   0  -3   0   0  -3  -2   0  -2  -2  -1   1   0  -1  -3   0   3  -3  -3   0   2   3  -1   0   0  -3  -2   3   0  -3  -2   3   3  -3   2  -1   3  -1   1   2  -2   0   0   3  -1   1   0   0   1   3  -1  -1  -1  -3   3   0  -2   0  -2   1   2   0   1  -1   0   0  -2  -2   0   1   3   1  -2  -3   0   0  -2   0   0   2   2  -1   0   2  -2   3   3  -2  -1   3   3   2   0   1   0   0   0   2   3  -2   1   0   2   1   2   0   2   0   2   0   0  -1  -2   2   0  -2  -3   0   0   0   1   2  -3   1   0 
 -1  -1   0  -3   1  -3  -2   0   0   3   0   1  -2  -3   3  -3  -1   1  -2   0   3   0  -2  -3   1  -3  -3   0   0  -3   0  -1  -2  -3   0   3   3  -1   0  -2   0   0   2  -2  -2  -2   0   0  -2   3  -2   2  -1   0  -2   0   1   1   2   1  -2   3   1   1   0  -1   0   3  -1   0   0   1   3   1   0   0  -1  -3   3   3   3   2  -2   1  -3  -3   1   2   0   0   0   1   0   0   3   2   1  -2  -3   2   0  -2   0   1   0  -3  -2   1   1   0   3  -3   1  -3   0  -2  -1   0   0   2   2   1   0   2   3   3   1   1   0   0   0  -2  -2  -2  -1   1   0   1   1   1   0   1   1   3   0   3  -1   0   3   0   2   0   3   3  -2   3   2  -1   0   3  -3  -2  -3   2   0   2   1   1  -1   2   2   2  -3  -1   0   1  -1  -3   2   3   3  -3  -1  -3  -2  -1   0   3   2   1   2   3   2  -2   1  -3   1   0  -3   2   3   2  -3   0   0   0   0   2   0   0   3  -2  -2   2  -3   0   0  -1  -3  -3   3  -3   0   2  -2  -3   0   2  -1  -2   0   3   1  -1   0  -3   0  -2   0  -1   0   2  -3  -1  -2  -3  -2  -2   1   3   3  -1   0  -3  -3   0 
  1   1  -3   3   0  -3   0   0  -1   0   2   1  -1  -3   0   3   1   1   3   1   1   0   1   0   3  -1  -2  -2  -1  -1   1   3   2   2   2  -3  -3   0  -1   1   1   1   0  -2   0  -2  -1  -2  -1   1   3   3   1   2   1  -2   0  -3   2   3  -1  -3  -1   1   0  -1  -3   1  -2   0  -2   2   1  -2   0  -2   0   0  -1   1   0   0   0  -3   0   1   2  -3  -1  -3   1   3   1  -1   0  -2   3  -3   2  -1   0   1  -1  -1  -1  -2  -2  -1  -2   1   1  -1   1  -1  -3   1  -3   0  -3  -1   3  -1   0   2   1  -2   3   0   1   1  -1   1  -2   1   0   1  -2   0   2   1  -1   0   2   0   3  -3   1  -2   1  -3   3   2  -3   2  -2  -3   3   1   0   1  -3   0   3  -1   1   3   2   1   2   0  -2   1   0  -1   2   0  -1   2  -3  -1   3   3  -2   3  -3   2   1   3  -1   3  -2   3   0   1   0   0   1  -1  -1  -2   0  -3   1   3   3   0   0  -1   3   0  -2   2   2  -1   0  -2   2  -2  -3   2   1  -3   0   0   0   1   1   2  -1   3   0   2  -2  -1  -3  -2  -2  -1   0  -3  -1   0  -3   0  -2  -2  -1   3   0   1   3   1  -2   3   0   2 
  0   0   2   0  -3  -2   0   3   1   2  -2   1  -3  -3  -3   2   2   0  -3   3  -1   3   0   0   0   3   0   0   1   3   0   3  -1  -3   0   1  -3   2   1   2   2   3  -2  -1   3  -2   0   2  -1  -2   2   1   3   0   1   0   0   3   0   1   0   2   0   1  -3  -3  -2  -3   3   2  -1  -3   2   0   0  -1   2  -2   3   0   1   1   0   2  -1   0  -1  -3   0   1   0   3  -3   0   0  -3   1   1   3   2  -1   2   0  -1  -2  -1   1  -2   0  -2   0   2  -1   1   1   1  -1   0  -3   0   3   0  -3   1   2   0   0   2   2  -1   2   3   0  -3  -1  -2   0   0  -1  -2   0  -2   0  -2   1   3  -3   0   0  -2   0   0   0   0   3  -1   3  -2  -2   1   3   0   1  -1  -3   1   0  -1  -3   3  -3   0   3   3   1   0  -2   3   3   2   0   0  -3   1  -2   0   3   2  -1  -1   0   2   3  -2   3  -3  -1  -1  -2   0  -3  -2   0   0   0   1  -3  -3   1   0   0   0   1   0   3   3   2  -1   2  -1  -2   0   0   0  -2   2  -1   0   0   0  -2  -1  -1  -3  -2   0  -3   0   1   0   1  -2   0  -2   3   1   3   0   0  -2   1  -2   2   0   2   0 
  3   1  -1   3   0  -3   2  -1   3   0   2   0   0   2  -1  -2  -3   0   3  -3  -2   1  -2   0  -2   2   0   2  -1   1  -2  -3   1   2   2  -3  -1   1   0   0  -1   2   2  -3  -1  -2  -3   2   1   2   3  -1   1   0   0   2  -3   1  -1   2  -1  -3   0  -1   2   0  -1   0  -3   0   1  -2  -1  -1   3   0  -3  -3   1  -3   3  -1   3  -1  -1  -2   0  -3  -1   0   0   0   0   0  -1   3   0  -1  -3   0   3  -3  -1   2   1  -3   0   3   0  -1   3   1   0  -1   2  -3   1   0   1  -3   0   0  -1   0   2   3  -1   3   3  -1  -3   3   0  -2  -1   1  -2  -3  -2  -2   1  -3   3   0   2   0  -1  -2  -2   2   0  -3   1  -3   1   0  -3  -3   0  -3   1   2   0  -2  -2   0   0  -1  -1   2   3  -3   0   3   0   1  -1  -1   0   3   0   0   0   3   1   1  -1  -3  -2  -3   1   0   3   0   2   1   2  -3   3   0  -2   3   3  -1   1  -2   3   0   1   3  -1  -3  -3   3   2   1  -1   0  -3  -1   3   0  -2   0   1  -3  -3  -3   0  -1   2   3   3   3   2  -1   1   1   3   0   1   0   1   0   3   0   3   0   2  -3   0  -1  -2  -2  -1   1 
 -1   0   0   1  -3   0   2   1   1  -1   2   0   3  -1   3   3  -1   3  -2   3   0   3   1   0  -2   0  -3  -1  -1  -3  -1   2   3   0  -3   2   0  -3  -3  -3   3   1   3  -3   1  -2  -1   0  -2   3   2  -3   0   0  -2   0   0   1   3   2  -2  -2   3  -3   0   2  -3  -3  -2   0   1  -3  -1   2   1   0  -3   0  -1   2  -3   0   0   1   3   3   0   0  -1   2   1   0  -1  -2  -3   0   3   3  -1   0  -2   0   3   2   3   0  -2   1   0   0  -1   2   3   0  -1   1   0   2  -3   2  -2   3  -1   3   2   1  -3   0  -3  -3  -3   2  -1   0  -2  -1  -1   2  -3  -2   3   0  -1   0   1  -3   0   1  -3  -3   1   3   0   0  -3  -3  -1   3   0   0   3  -3  -1  -2   1   1  -2   0   1   1  -3   0  -2   3  -3   3   0   0   3   3   0   3   3   1   0   0   0  -1   0   1  -3   1   3  -3   2   0   0  -1  -2  -2   2   0  -3  -1   0  -1   2  -1   0  -2   2   3   0   2   0   3   2  -1  -3   2  -1   3  -1   2   1  -3  -1   1   2  -1  -1   0  -1  -2   2   0   2   3   1   2   0  -3   0   3   3   2   2  -3  -3  -1   0  -1   1  -1  -1   0 
  3   1  -2  -3   1  -3   3  -2  -2  -1  -3   1   0   1  -1  -3  -1  -2   0   3   3  -1   0  -1   3   1  -1  -1  -2  -1   3  -2   1   0   0  -2  -2   2   0   0   3  -2   2   2  -1  -1   2  -2   1   3   0   0   2  -2   1  -2  -3  -1   1   3   3  -2   0   1   3   1  -1  -3  -3   2  -1   2  -1   2   2   0   2  -1   3   0  -3  -3   0   3  -2   0   1   0   0   2   0  -1   0  -2   1   0   3   0   1   3   3  -3   2   0   1   3   3   1   2   2   0   3   2   1  -3   2   2   0   0  -1  -2   0   0  -3   0  -3   2  -1   0   0  -3   0  -1   0   2  -2   0  -3   0   0   3   0   3   0  -2  -2  -1   0   0   3   1   0   0  -2  -2   1   0  -2  -1  -2  -2  -2   2   2  -1   3   2   0   3   2   2   0   1   0  -2  -2  -2   0   0   0   1  -2   1   3  -2  -2  -1   1   1   0   0   1   0   2   2   0   0   3   3   1   2  -1   2   0   0   1   2   0   1   0   2   1   0   0   3   0   2   0  -2   1   2   0   3   0   1   0   1   3  -2  -3   2   3  -1   2   1   3   0  -3   1   0  -3   2  -2  -2   0  -1  -2   2   2   0   2   3  -1   2  -3   3 
  0   3  -3  -1  -2   0  -2   0   2   0   3   0   2   2   0   0  -2   0   0  -2   2  -1  -2   3   2   0  -1   3  -3   0  -2   2   1   2   0  -3  -1   1   1   1  -2  -1  -3   1   3   3  -2   1   3   3   1   0  -3  -3   0   0  -1  -3   0  -2   0   3   0   0   2   2  -3  -1  -2   0  -2   1  -1  -1  -1   2  -3   3   3   3   0   1   2   2   2   0   1   3   0   1   0  -3   0   0   1  -1   3   0  -1   0   2   3  -2   1  -2   3  -1  -2  -3  -1  -2  -2  -2   2   2   0   1   1   0   0   0   1  -1  -2   2  -1   2   1  -1   1  -3   3  -2  -3   0   3   1   0   1   0   3   3   0  -3  -1  -2   0   0   2   0   2   2  -3   3   0   1  -3   0   1   2  -2   0   2   0   2  -2   0   2   0  -1  -2  -3  -3  -3   0  -3   0  -1   3   2   1   3   0   1  -3   3   2  -2   1  -3  -3   0   1   2   3   0   2   0  -2   3   1   2  -2  -1  -3   2  -2   2  -3  -1  -3   0   0   2  -3   2   0   0  -3   0   0   0  -2   0   2   0   0   3   0   3   0   0   2  -1   3   2   0   2  -3   3   1  -2   2   2   0   0  -2   3   0   3  -3  -2   0   0   2   0 
 -2  -1  -1   0   2   3   0   0   3   1   0   0   2   0   1   0   0  -1   3  -2   1  -2   0   2   2  -2   0  -2   3   3  -1   0  -3  -3   0  -2  -3   0  -1   0  -3   0  -1   1  -1   0  -2   2   0  -2   3   0  -1  -2  -2  -2  -1   1   1   1   0   3  -1   3  -2   0   0   3  -3   0   0   1   2   0  -1  -2   0   3   0   3   1  -3  -2  -3  -2   3  -3  -1   0   3   1   0   0   0  -1  -3   0   0  -2   0   3  -2   0   3   3   0   3   0  -3  -3  -3  -2   2  -2   1   2   3   1   3   0   3  -1   2  -1  -2   0   1   2  -1   0   2   1   2   3   0   2   1  -1  -2   1   1   3  -1   0   1   2   0   0  -3   1   2   0  -3  -2   0   0   0   0  -2  -2  -2   1   2   0   0   3   3  -2  -3   1   2   0  -2  -2  -1  -2   0  -1  -3   0   2   0   2   3   2   2   0   3   0   0   2  -3   3  -1   0   2  -2   3   2   3   0   2  -2   3   3   0  -1   0   3  -3   3   0   0   2  -1  -1   0   0  -3   1   1   1   3   0  -1  -2   3  -2   0   3  -1   0  -3   0   0   0   0   1   2   3   0  -1   0   2   1   0  -3   0   0   1   2  -3   0   3  -1  -3 
  0   1   2  -1  -1   0   3  -2  -1  -1   1   2  -2   1   0  -3   0   1   0  -1   0  -3  -2   2   0  -1  -2   1   0   0   3  -3   1   3   0  -3  -2   1   0   0   0   3   0  -1  -3   1   0  -1  -1   1   0   0  -2  -2   0   3   1   0   3   3   3  -3  -3   0   2   0  -1   2  -2  -3   3   0   1   2  -1   3  -3   3  -3  -3   1   1   0   1   2   1   1  -1   3  -1   0  -3  -2   3   0   1   2  -1   2   2   2  -2   0   3   3  -2   2   0  -2   0  -3  -2   3  -1   3   0  -2   0  -2   1   0  -3   0  -1   2   2   3   2   0  -3  -1   2   1   2  -2   0   0   0   3  -1   0  -1  -2  -1   3  -2  -2   1   0   1  -2  -3   1   0   1  -2   2   2  -2  -3   3  -1  -2   2  -1   0  -3  -1  -3   0  -3  -3   0   3   3   0   2  -2   1  -1   3   0   0   0   0   1  -2  -1   3   1   1  -2  -2  -2  -3  -2   1  -2   0   1   3  -2   2  -3  -2  -2  -2   0   0  -1  -2   0   0  -2   1   1  -3   1  -1  -1   1  -3   0   2   1  -3  -2  -1  -2   0  -1  -3  -1   2  -3  -2   1  -1   0   0   1  -1  -3  -1  -2  -1   0   0   2  -2   0   3   3  -3   2   0 
 -1   0  -3   1  -1   1  -1   2   2   2   1  -3  -1   0  -1   3  -1   3  -1   0   3  -2   0   1   0  -2  -2  -1   3   3   3   1   2  -3   0  -1  -3   0   2  -1   2   2   1   2  -1  -1  -2   1  -3   0  -1   1  -3   2  -1  -3   0  -3  -2   1   1   2  -2   0  -1  -2  -2   0  -3   3   1  -3   3   1  -2   2   2  -1   0   3   3  -3   1   1   2  -2   1  -2  -1   2   0  -2   0   0   0   1   0  -1  -3  -2   0   0  -2  -3  -1   0  -3   2   0  -2  -3   0   0  -2  -2   3  -3  -1   2  -2  -1   1  -2  -1   1   3  -1   1   1  -1  -3   1   2   2  -2   3   0  -3   3  -1   0   3  -3  -1   3   2  -2   2   3   0   1   2   0  -3   0   0  -1   2   1   2   0   3   3   0  -3  -1   0   3   1   0  -1   2  -1   0   0  -1   3   1  -1   2   0   0  -2   2   0  -3   2   3   0   0   3   2  -3   3  -2   1  -3   3  -3   0   1   0   0  -3   2   0   1   1   0   0   0   0   0  -3  -2   2   0   2  -3   0   0  -1   3  -1   0   2  -2   3   3   2   2   0  -3   0  -2  -1   0  -3   3  -2  -3  -2   0   0  -1  -3   3   1  -3  -2   3   0   2  -3   0   3 
  2   1  -3  -2  -3   0   2   1   1  -3   0  -2   2   2   0  -2   0   0   0  -3  -2  -1  -2  -3   1   0   3   1   2   1   1   0   0   2  -3   0  -3  -1   2   0   0  -2   1  -2   3   0  -3   0  -3   3  -3  -2   0   1   0   3   0  -3   2  -1  -2   0   2   3  -3   2   2   0   3   2   0   3  -3  -3   0   2  -3  -1   0  -2   0   0   0  -3   2  -1   1   1  -3   0  -2   3   1  -1   2   0  -1  -2   1   1  -1  -2   1   1   3  -1  -1  -3   3  -3  -1  -2  -1   2  -3  -2   0   0   0   2   3   0  -2  -2   3   2   3   3   2  -1  -2  -1  -3   0   0   0   3   3   2   1   1   0   2   1   2  -3  -3   0   3  -1   1   0   0  -3   3  -3   0  -3   2   3   2   0   0  -1   1   3  -3   1   1   0   1  -2   0   2   2  -2   3   3   0  -3   1  -2   0   0   1   1  -1   2  -3  -2   0   0  -3  -2   0   2   3  -3   3  -2  -1  -2  -2  -3  -1  -1   1  -2  -2  -2  -3   1   0  -1   0   0   0   1  -3   0   2   3  -3   0  -1   1   2   1   1   1  -1  -3   2   0  -3   0   0   0  -1   1   3  -2   1  -2   0  -2   2  -2  -2   0  -1  -3   3  -1   0   0 
  2   0   1  -3   1  -3  -1   1   0   1  -1   0   1   0   1  -3   0  -3   0  -1   1  -1  -1   0   0  -3   1  -2   0   0   1   2  -2   0   3   3   0   0   0   2   1  -2   0   0   0   2   1   0   0  -3   1   0   3  -1  -2   0   3   0   0   0  -2   1   0  -3  -1  -1  -2  -2   2   3   1   0   3   1  -2  -1   1   0   0   2   0   0  -2   2   3   3   0   1   0   1   0  -1   0   0   0  -2   2  -3   2   3   1  -2   3   3   2   3   0  -3   3   0  -3   1   1  -3   1  -2  -1  -3   3  -1   0  -2  -1  -3   3   0  -3  -1   1  -3  -3   3   2  -1  -1  -1   1  -3   0   3   3   0   0  -1  -1   0   2   2   2   0   1  -3   1  -1   0   2   0  -2   2  -2  -3   3  -3   1   3   0   0   0   0   1  -2   3   1   0   0  -1   1  -3  -1  -3   2   0   2  -3   0  -1  -3   0   1  -2   0   2  -2  -2  -1  -2   0   0  -1   1   0   0   3   0  -2  -2   1  -3  -1   3  -1  -2   1   1   1  -3  -1   3   3   0  -1   2  -2  -1  -2  -2   3  -2   2   2  -3   0  -1   0   0   0   0   3   0   0   0  -3   1   0   1   3   0   2  -3  -3  -3  -2   0   3   0   1 
  3   1   1  -2  -1  -2   1   3  -2  -2  -3  -1   2   3   3   2  -2   2   3   1  -3  -2  -3   0   0   1  -3  -1   2  -2   1  -1   1  -3   0   0   1   2   0  -1   2  -1   3   0  -2   0  -2   2  -2   3   3   2   2  -3   0   2  -1  -2   3   0  -3   0  -3  -2   1   2   2   3   0   1   0  -2   0   2   3   2  -2   1  -3   3  -2   2   1   0  -1   2   0   0  -3   0   1   2  -1   0   0   3   3   3   2   3   0   3  -2   0  -3  -1   1  -1   0  -1   0  -2   1   0   0  -1   2   2  -2   0   0  -2  -2  -1   0   3   2   3   0   0   3  -3   1  -1   0   0   3   0  -2   0   2  -3  -2  -2  -1  -1  -2  -3   1  -3   0   3  -3   0  -1   3   2  -3   2   1   0   0  -1  -2  -1  -1   0  -2   3   2   3  -3   0   2   3   0   2  -1  -3  -2  -1  -3   0   3   1  -3  -3  -2   0   0  -1  -1  -1   0   1   0   2   0   0   3   1   0   0  -1   1   0   3   0  -1   3   0   0   1   1  -1   2  -2   0   2  -1   0   2  -2  -3  -1   0   0   1   0   0  -3   1   0   0  -2   0   2   2   1   1   0   0   3  -2   2  -2   3  -1  -3   1   0   1   3  -2   2   0 
  0  -1  -2  -2   3  -3   1   3   0   0   3   0   0  -2  -3   0   0   3   3   0   0   1   2  -1   2   3   2  -1   2  -2   0  -1  -3  -2   2   0  -3  -3   2  -3  -2   1   1  -3  -3   2   0   0  -2  -3   0   1   1  -3   1   0   0  -1   0   0   0   1   1   3  -3  -1  -1   3   0   0   0  -1   1   0   3  -1   0   2  -1   1   3  -3   0   2  -1   0   3   0  -1  -2   2  -3  -3   1   0  -2   3  -2  -1   1   2   2  -1  -2   0   0   1  -1   3  -2   0   3   0  -1   1   3   1  -3   0   0   0  -3  -3   1   3  -3  -2   2   3   2  -2   2   2   0  -1   3   1   0   3   2   2   2  -3  -2  -3  -3  -1   0   1  -3   3   0   2   0  -1  -1   0  -2   3  -2   0  -1  -3  -3   1   3  -1  -3  -3   0  -1   1  -1   1  -1   3  -2   1   1  -1   0  -3  -3  -3   3   0  -1   0   2   0   1  -2   0   3   0   0   3   2   0  -2   2   0   0   1   2   0  -3   1  -3   0   0   2   2   1   0   0  -1   3   2  -2  -1  -3  -3   2   0   0   1  -1   1  -1   3   0   0   2   0   2  -3  -2   3  -1   2  -1   3   1  -1   1  -3   0   2  -1  -3   1  -2   3   0   2 
 -2  -1  -1   0  -3  -3  -1   1   1  -2  -1  -1   2   1   1  -2  -1  -1   2   0   0  -1  -1   2  -2   0  -3  -2   1   1  -3   2   1   2   0  -2  -2  -3  -3  -2  -1   0  -1   3   2   1  -2  -1   1  -1   3   0   0  -3   3   1   3  -2  -2  -1  -3  -3   0  -2  -3   1   0  -3   1   0  -1   1  -3  -1  -1   1   3   3   2   0  -2  -1   0   0   0   1   2   3  -1  -1  -3   0  -2  -3  -2  -3   0   3   1  -2   2   2  -2   2   2   2   0   3  -2  -2   0  -3  -3   2  -3  -3   1   0   2   1   3   3  -1   2   1   1   0   0  -1   0  -3  -2  -3  -1   0   0   2   1   0  -3   0   0  -3   0   2   0   3   3   0  -3   2   1   0  -2   0   2   1  -2   0   3   0   3   0  -1  -2   0   0  -1  -1   0   2   2   0   3   0  -1   0   3   3   0  -2   1   2  -2  -1  -1   1  -3  -1  -1  -3   1  -2  -3  -1   3  -2   1   1   0  -2   1   3  -1  -1  -1  -3   2   2   0   1  -3   2   0   1  -3   2  -3   3   0  -2   2  -2  -2   1   2  -1  -1   0   3  -1  -3   0   0   1   2   1   1   3   2   2   1  -2   1   1   0   0   0  -2  -3  -1   0   0   2   0  -1 
  0   1   0  -3   1   2  -1  -3  -2   1   3   3  -2   1  -2  -2  -2  -1  -1  -1   3   0   0   2   3   0   0   1   0  -3  -3   0  -3   3  -1  -1   1  -1  -2   0  -2   3   3  -1   3   0  -3   3   2   0   0  -1   0   0   0   3   0   0   1   2  -2   2  -2   0  -3  -3  -2   1  -3  -3  -1  -2   1  -2  -2   0  -1   0  -2   0   0  -3   3   3  -3  -2  -3  -2  -3  -2   1   2   3  -1  -1   3   2  -2  -2  -2   3   2   3   0   3  -3  -1  -2  -1  -3   2  -3  -3   0  -1   2   0  -2   1   1  -1   0   1  -2  -2   3  -2   1   0  -3  -3   0  -2   2  -1  -1  -1  -2  -1   2  -2  -3   2   2  -2   2  -2   0   0  -1   1   3   0  -1  -2  -3   1   0   0  -2  -3   1  -2   3   0   2   2  -2   1   3   0   0  -2   2   2   3  -3   0  -1   2   3  -1   3   0  -3   0   1  -3  -1  -1   0  -2   1   0   3   1   3   1   1  -1  -2   2  -2  -1  -2   3   1   0   1   0   1   0   3  -1  -2   2   3  -2  -2  -2   0   1   3  -2   3   2   0  -2  -3   0  -3   0   0  -1   1   3  -2   1   3   2   2   3   3   1   2  -3   2   1   3   0   2   2  -3  -1   3   0 
 -1   1   2   0   0   0   1   3   3  -3  -1  -3  -1   0   3  -1  -1  -1   3   0  -1   0  -3  -3  -2  -1   1   0  -3   0   0   1   3   2  -2  -2   3  -3  -2  -3   2  -1   0   1   1  -2   2   0   2  -3   0   3   3   2  -3   0  -2   0  -3   0   1   2  -1  -3   2   3   3   0  -1   0  -3   0   0   2   0   1   0  -2   2   0   0   3   0  -1   1  -2   0  -3   0  -3   2  -1  -2   0   2   3  -3   2  -3   3  -1   0   1  -1   1   0  -3   2   0  -3   0  -3   0  -2   3  -3   3  -1  -1   2   1   3   1   3  -1   3   2   0   1  -1   0   0  -2  -1   0   0  -1   1   2   0   2  -1   0  -3   0  -1  -1   0   0   1   0   0  -3  -1  -2   3   0  -1   2   0  -1   1  -2  -3   1   1   2   0  -2   0  -2   1  -3  -3   0   1   0  -3  -2   0   1   1   0   1   0   0  -2  -3   2   2   2   3   1   0   3  -3  -2  -2   2   1  -3  -3   0   1   2  -2  -2   0  -1   3   0  -1   0   0  -2   0  -3  -2  -2   3   1  -1   2   0  -2  -1   3  -1   0  -1   1  -3   3   3   1   2   1  -3  -1   2   0   1  -1   1   0   2   3  -3  -3  -1  -2   0   1  -1   1  -1 
  2   2   0  -3   0   0   0   3  -1  -3  -2  -1  -2   0  -3   0  -2  -2   1   0  -1   3  -3   0  -2   0   0  -2   2  -3  -2   1   1   3   1   0  -2   1   3   3   1   0   3   0  -3   2   3  -2  -3   2   2   0  -1   0  -2   2  -2   0  -1  -2   0   0   2  -3   0   3  -3   1   3   0   1  -3   0  -1  -2  -1   3   0   0   2   0   0   0  -2   2   1   2   1  -3   1   1   0   0   2  -3  -1   0   0  -1   0  -3   0   2  -3  -3   0  -2  -1   3   1   0  -2  -3   0   2   3   3  -1   0   2   0  -3   2   2   2  -2   2  -1  -1   0  -3  -1   3   2  -2  -1   3   3  -3   0   2   1   3   1  -3  -3   2   1   0  -2  -2  -3  -3   2  -1   1  -2  -2   0   2   1   3  -3  -2  -1  -2   0   3  -2  -3  -1   2   1   0   0   3   2   1   3  -1  -2   2  -3   3   0   3  -3   1   0   0   3  -2  -3  -1   3   3  -1  -3   1   0   0   0   1   0  -1   2   0   0  -1  -1   1   0  -3   1   3  -3   0   0   0  -1  -3  -2   0  -3  -3  -2  -3  -2   1  -1   2   0  -3  -1   0   1   0  -2   1   0   0   2   0  -2   1  -2   1  -2  -3   0   0   1   0  -3  -3  -3 
  2  -3  -2  -3  -1   1  -2   1  -1  -1   0   0   1   0   0  -1   0   2   1   2  -1  -2  -2  -1   0   0   0  -1   1   1  -1   3  -1   1  -3   0   0   2   2   0   3   2  -2   0  -3   1   0  -3   2   2   2   1   2   1  -2   3  -1   2  -1   3  -2   1   1   0   2   0   0  -3   1  -3   3   3   2   0  -1  -1  -2  -2  -2   1  -3  -2  -2   3   3  -1   1   0  -1  -3   1   0   2   3   2   1   3   0   2   2   2   0   0   1  -2   1   3  -2  -1  -2   0   0   1   1  -1  -2   3   2  -2   3  -3  -2   1   1  -3   3   0   1   1  -3   1   0   3  -3   3   0   3  -1  -1  -3   0   3   2  -2   0  -2   3  -2   0  -2   1   2  -3   3  -2  -2  -1   2   0   2  -1   2  -3  -3   0   0   0  -3  -1   3   0   1  -2   0   0  -2  -2  -3   3   2   0  -1  -2   0  -1   0  -3   0   2  -1  -1   1   1  -1   0   0   2   0   1   2  -2   3   2   0   1   3   2  -3  -2  -2   0   0   2   1   3  -2  -3   1  -2  -1   0   0  -3  -3  -3   2   0   0   0   0  -3  -3   3   0   2   3   0   2   0   3   3  -1   0   0   3  -3   3   2   3  -3   0   2  -2   1   1   2 
  3   1  -3   0   0  -1  -3   0   3  -3   1  -2  -3   1   0   2   1   1   0   3   3  -1   2   2   0  -1  -3   0   0  -2  -1  -3  -2   1   1   3  -1  -3  -2  -2  -3   0   0   2   3   0  -1  -3  -2  -2  -3   2   2  -3   3  -3  -2   2  -1  -1   3   3   2  -3   1  -1  -1   3  -3   3   3   0  -3   2  -1   0  -1   0   1   1   2   2   2   0   0   1  -1  -1  -1  -1  -1   0  -2  -2  -1  -1   3   1   1   0   0  -2  -3   3   2   2  -1   2   0  -2  -3  -1   3   2  -2  -2  -1  -3   0   3  -1   1   1   0   3   2   1  -2   0   1   2   0  -3   2   1  -1  -2   3   0   3   3   1   2   0   2   2  -1   0   0  -3   3  -1   0  -1  -2   2   0  -3  -1  -3   3   3  -3  -1   2   3  -3   0  -1   1   0   2   0  -1  -3  -1   1  -3   1  -2   2   2   2  -3   2   0   2  -2   2   1   2  -2  -2   1   1   0   3   1   0  -3   1   0  -2  -2   0  -1   2   0   0   0   1   1  -1   0  -1  -1   0   1  -1  -1   2  -3   1   0   2   1  -1   1   1   2  -2   0  -3  -2   0  -2   2  -1  -1  -2  -3   0   3   1  -3  -1   0   3  -2  -1   0  -2   3   3  -1  -2 
 -3   0   0   1  -2   2  -2   2  -2  -1  -2  -3   2   1   1  -1   0   3  -3  -3  -1   0   2   2   1   0  -1  -3   2   2  -3  -2   2  -1  -3   0  -3  -3   1   2   3   3   2   1  -2   0   3  -3   0   2  -2   0   2   0  -1   2   3   2  -3   3  -1   0   2  -2   1   0   2   3   0  -1  -3  -2  -1   1  -1  -1   0   3  -3   2   1  -1   1  -3  -3   2  -3  -2  -3   0  -2   3  -2  -1  -2   3   0  -3   0   3   0  -3   3   3  -3   0   2  -1   2   3   2   3   0   3   0  -2  -2   3  -3   0   3   3  -2   1  -1   3   0  -3   0  -2   3  -1   1   3  -3  -1  -3   0  -3   3  -1   0  -1  -1  -1  -1  -3   3   0   0   1   1   0   2   3   3  -1  -3  -3   3  -1   2  -2   0   3  -1   1  -3  -2   1  -1   0   0  -1  -1   0  -1   1  -3   2   0  -3   2  -1   0  -1   0   0   2   0   3   2   0   1  -2  -2   3   3   0   2   2  -3  -3  -2   0   0  -2  -1   0  -1  -3  -1   0  -2   3   0   0  -1   0  -2   3  -1   3   2   3  -3  -1   0   0  -2   1  -3   3   1  -3   2   0   0   3  -1  -3  -3   0   0  -1  -3  -2  -1   3   1  -2   2   3   3   0   2 
 -2   0   3  -3   3   2   1  -2   0   3  -1  -2  -3   2  -2   0   2   2   0   0   3  -3  -2   1   0   0   3   0  -1   0   2   2   2  -1  -2  -1  -3  -3   1  -3   0   3   3   2  -2   0   3   3  -3   2   1  -1   2   2   0   3   1   0   0   3   2  -1   1  -2  -3  -1  -3   3   0   3   0  -2   0   0  -2   3   3  -2  -2   3  -2   3   2   3  -2  -2   3   1   0   0   2  -2  -3  -1   0   3  -2  -2   0   2  -2   1  -2  -3   1   3  -3   3  -3   0  -3   1   0  -1   0  -1   2   0  -2   0  -3   0  -3  -1   3   3  -1   0   0  -3  -3  -1   2  -2   3  -2   3   2   0   1   0   3   1  -1   2   3  -2  -2   0   2   3  -2  -3   3   1   2   2   0  -2  -3   3   2  -2   2  -2   0  -2   0   1   1  -3  -1   0   3   2   3  -1  -3   3  -1   2   3   3   0  -1  -3   0  -3   0   3   0  -2  -2   2   0   2   0   3  -1  -2   0  -1   0   3  -3  -3   3  -1   3  -3   3   1   1   0  -1  -3  -2   0  -1   0   3   0  -3  -1   1   3  -1  -3   2  -1  -2   3   0   0   1   0   0   1   0   0   0  -3  -1   2  -3   2   3   3  -3   1  -3   1  -1  -2   0   0 
 -3   2  -1  -1  -2   0   2   0  -2   3  -2   0   0   3  -3   3  -1   0  -2   3   3   0   2   0   0   3   0   0   3   0  -2   0  -1   0   3   1   3   3   0   1   1   3   3   0  -1   0   0  -2  -3   1  -1  -2   2   0   0   1   1  -3   1   2   0   0  -1   1  -3  -1  -3   0   3  -3   1   0  -3  -3   0   1   3  -3  -1   2  -2  -1  -3   1   0   1  -3   0   0   3  -1   0  -1  -3   1   1   0   0   0  -2   3  -2   0   0  -1  -1   3  -1  -3  -2   0  -1   2   0   2   0   2  -3   3   0   0   0   1   0  -2   0   0   1   1  -2  -1  -2   2  -1   2  -1   1  -3   0   0   2   2   0   0   0  -1   1  -3   0  -1   1  -1   1   3  -3   1  -1  -2   1   1   0   0   0   0   3   3   1   2   0  -2  -1   0  -2   0   2  -2   2   0   0   0   0   0   3  -3   3  -3   2  -2  -2  -1   3   0  -3  -3  -2  -3   0  -1   3  -1   0  -2  -2   1   0   2   1   0   0  -1   3  -1   2   1   3  -2   2   0   3  -2  -1   2   1  -1   3  -2  -1  -3   1  -3  -3   0   0   0  -3  -1   1   2   2  -1   2   2   0  -2  -1  -2   0   0   1   0  -2   3  -3   3  -1  -3 
  0  -3  -1  -1  -1  -1   0   0   0   0  -3   0  -3   0   0   2  -2   2   2   3   0  -1  -2  -1  -2   0  -1   3   2   2   1  -2   0   3   0   2   3  -1   0  -1   2   0   2   0  -3   1  -1  -2  -1   0  -1   1   2   0   0  -2  -2  -3   3   0  -2  -1  -1  -1   3  -3   1   0   3  -3   0  -3   2  -2  -2   0   0   0   2   2   1  -1  -2   3  -3   0   2  -1  -1   0  -2  -2   0   1   0  -1   2   1   1   1   2  -3   0  -2   2   3   0   1  -1  -1   1   2   3   3   3  -3  -1   0   0   1  -3  -2   2   0   0   0  -3  -2   2   0  -3   0   1   0   0   2   3   0  -2   0  -3   1   0   2   0  -1   2  -3  -3  -1   2   0  -3   2  -2   0   0  -3   3   0  -2   0   1  -1  -2  -1   2  -3   2   3   0   3   0   0   2  -2   0  -1   0   1   2  -3  -2  -1  -2   0   0   2   3   1   1   1  -3  -2   0  -2  -3   1   1  -2  -3   1  -1  -3  -1  -1   0  -2   0   0   2  -2   0  -3   3   3  -1   3  -3   0  -3   3   0  -3  -2   0   0  -1  -1   0   1   3   0   0   0   0  -1   0  -3  -1   2   1   0  -3   1  -3   0   0  -1   2   0  -2   3  -2   1   1 
  0   2   0  -2  -2  -1   1  -3  -2   1  -1  -3  -1  -3   0  -1   3  -1   0  -1   0   0   1   2   2  -3   3  -3  -3   3   3   3  -2   0   2  -3   1   3   2   3  -2   2  -3  -3   0   2   1   3   0   3   2   1   2   0  -1   3   1  -1  -2  -2  -2  -3   3  -1   0   1  -2   3   2  -3   1  -1  -2  -1   3  -3   2  -1  -3  -2  -2   3   2  -1   3  -3   0  -2   3   0  -2   3   0  -1   3   3   1  -1  -3  -1   2  -3   1  -2   0   0  -3  -3   1   1  -2   2  -2   3  -2   3   3   3  -3   1   3   3   0   0   2   3   0   1   0   0   0   0   1   3   3  -2   0   0   0   2   2  -3   0   1  -1   2   2   1   1  -1   0   1   0   0  -3   2   0  -1   1  -2   0  -3  -1   2   0   0  -3   2   0   1   1   3   0  -3   0  -1   0   1   1   3   0   0  -2   0  -3   2   0   2  -1  -2  -2   1   1  -3  -1   2   1   0  -3  -1   1  -3   0  -2   0   1   0   1  -1   2   3   1  -3   0  -2   0   2   0   0   0   3   3  -2   3   1  -1  -3   0  -1   0   0  -1   0  -2  -1   3   2  -2   0   3   1  -3  -2   2   0   3  -3   0   2   2   3   3   0   3   1   0 
  0  -3   0  -1   0   0   3   1   3  -1   1   0  -2  -1  -3   0   0   0   1   3  -3   2   1  -3   3   0   0   3  -2  -3   0  -2   1   2   0   2   1   1   1  -3   1   1   3   0   0  -2   1   0  -1   1  -2   1  -1   0   3  -3   2   0  -1   0  -2  -3   1   3   3  -2   3   0  -1  -1   0  -1   2   2  -1  -1  -3  -1  -3   0   2  -2   1   2   0   2   1  -3   0  -1   0   0  -1   3   0  -2  -3   3  -2  -1  -3  -2   0   0   1   2  -3   2  -3  -1   0   3   0   3   3   1  -1   1  -3   1  -1  -1   0  -1  -2  -1  -2   0  -1  -2   3   3   3  -1  -3  -3   1   0  -3  -2   3   0  -2   1   1   1  -1  -2  -2   1  -3  -2   0   0   1  -1  -1   3   1  -1  -1  -3   1   2   3  -2  -2   1   2   0   1   0  -3   2  -2  -3   2   0   1  -2   2   3  -2  -3  -1  -2  -2   1   2  -3   1   1   2  -3  -2   0  -1   0  -1  -2   1  -2   0   1  -3   2   0   1   0  -1  -1   1  -1  -1  -3   1   2   0   0   1  -1   0  -1   0  -3   3   2   0   1  -2   0   2   0   0   0  -2  -2   0   1   0  -2   0   3   2   2  -3   1   0  -1   1   0   0   0   2  -3  -2 
  1  -2   2   3  -1   3  -1  -1  -1  -2   2   0   2   1   3   2  -2  -3   0   0  -3   2   0   0  -2  -3   3   0   2   3  -1  -3   0   2  -1   2   0   0   3   2  -3   0   1   0  -3   0  -2   3  -3   0  -2   2  -1  -2  -2   2   0   0  -3  -3   0  -1   2   2  -2  -3   0  -1  -3   1  -3  -3  -3   1   3   2  -3  -1  -2   2  -3  -3  -3  -2   2  -2   2   0   3   0  -1   0  -3   2  -3   1   1   0   0  -2  -2   0   2  -1   3   0   1   0   1  -3  -1  -3  -3   2   3   0   0  -2   2  -3   1  -3  -2   2   1  -3  -1   1  -2  -3   2   0  -1   0   0   2  -3  -3   2  -1  -2   0   0  -3   1   0   0   3   3   3   2  -1   1   3  -2   0  -3   1   0   3   3   2   0   2   0  -2  -3   2  -1   0   0   3  -1   3  -3  -3  -1   2   0  -3   1  -3   1  -2   2   1   0  -1   0   2   0  -1  -1   3  -3   1   3   2   2  -1   0   3   0   1   0   0  -2   3   0   3   1  -3  -3   0   0  -2   0   3  -3   1   3   0   2   0  -2  -2   0   1  -3   1   2  -1   2   3   1  -1  -1  -2   2  -1  -2  -1  -2  -1   0  -2  -2   0   1  -1  -2   1   2   0  -1  -2 
  2   0   3   2   0  -1  -3  -2  -1  -2  -2   2   3  -1   1   2   0  -2   2  -2  -2   1   3  -1   2  -2   3   0   2   2  -2  -2   0   0   1  -3   0   0  -1   0   0   0   2  -3   0   1  -1   3   2   2   3  -1   0   0  -2   3   0  -2   0  -3  -2   3  -2   0  -3  -2  -3  -3  -2   2   3   1   0   1   2  -1   3   3   0  -2   2   3   0   3   0   2   3   3   0   0   3   3  -2  -2   0   2  -2   0  -2   3  -3   0  -3  -3  -1   3   3   0   3  -1   2  -1   0   0  -3   0   0  -1  -2   1   0  -2   0   0   0   2  -2   2  -2  -1   1   0   2   2  -3   0   1   0  -2   1   1   0   3   3   0   3   2   0  -1   0   3   0   0  -3  -3  -3   2   1   2   2  -1   0   3  -1   0  -1  -3   2  -1   0  -1   3   2  -3  -3   1   3   3   0   0   0  -2   0   0   2  -1   0  -3   1   1   1   0   1  -2   1   0  -3  -3  -1   3  -1  -2   3   3   0  -2   0   1   2   0   1  -2  -1   1   3  -1   0   0   0   0   2   2  -3   3  -1  -2   2   2   3   1  -2   1   1  -2  -2  -2  -3   0   0  -2   0  -2  -1  -3  -1   2   2  -3  -3   0   1   1   0   0   0  -2 
  0   0  -3   2   0   0  -3   0   3  -2  -2   1  -3  -3   1   2   0   2   1  -1   3   0   2  -2   0   1   0  -3  -3   3   3  -1   0   3   0   1  -1  -3   0   0  -2  -3  -2   0   3  -2   2   3  -3   3   3   1   0   1  -3   0  -3  -1   1  -3  -1  -3  -3   0   2   0  -1  -2   1  -1   3   3  -1  -3  -3  -2  -3  -1  -2  -2  -2   2  -2   0  -2   0   0   2  -2   3   1   2   3   1  -2   2   0   1   0   2  -2   0   1   0   0  -1   1  -2  -2  -2   3   3  -2   3  -3  -1   1   3  -2   2  -3  -2   0  -2   1   1   1  -3   2  -2  -3  -2   2   2   3   1   1   2  -3  -3  -2   1   3  -2  -3   1  -1  -1   0   1   0   0   1  -3   0   0   2   0  -2   0   0  -3  -2  -1   1  -3   3  -1   0   1  -3  -3  -2  -2   2  -2   2   1  -1   0  -2  -1  -1  -3  -3   0  -2  -1   2  -1  -3   0   0   0  -3   2  -3   0  -1   0   1   0  -3  -2  -3   1  -1   0  -1   0  -1  -1  -3  -2   2   0  -3   0   1  -1   0   2   2   0  -3   0   0   0  -1   2  -1  -2   3   3   2  -2   1  -1  -1  -1   1   0  -1   3  -2   1   2   1  -1  -1  -2   0   2  -2   0  -3 
  3  -2   3  -2  -2   2  -1  -1   2  -1   1  -3   0  -1   1   3  -1   3   0   2   0  -2   1   0   3  -1  -2   0  -2  -1  -1  -2  -3   1   0  -3   3   0   3   2   0  -2   2   1   0   0   1  -3  -2  -3   1  -1   1   1   0  -3   0   3   3   0   2  -2   3   0   2   1  -3   1   3   1  -2  -1  -3   3   2   2   0   0   2   0   0   0  -3   1   0  -2  -3  -3  -2   0   0  -3  -2  -1  -2  -3  -2  -1  -1   0   1  -2   0   2   0   0  -1   0  -2  -3   0   0  -2  -3   0   0   2  -3  -2   2   3   1   2   3  -2   3  -2   3   3   2   2  -2  -3   3   0  -1   0   2   0   2   0   1   3  -2   1   3   3  -3  -3   0   0  -3   3   1  -2   0   1  -3   2  -3   1  -1   2   2   1   0  -1   2  -1  -1   2   0  -1   0  -1   0  -1   2   0   1   1   3  -2   2   0  -1   0   0   1   3   0   3  -1  -1   1   2   3   2   0  -1   3   0   2  -1   3   0   3  -1   3   0   0  -3  -1  -3  -3  -3  -1   3  -2   1   1   0   2   1  -1   3  -1  -3   1  -3  -1   0  -3   0   1   0  -3   2   3   0   1   2  -3  -3   0   0   2  -3  -2  -3   0   3  -2  -1  -1   3 
  2   2  -2   3  -3  -3  -2   1   1   1   3   0   0  -2  -2  -3   0   2   0  -3  -3   3   3  -1   0   3   2   3  -1   1   2   1   3   0   0   2  -2   0   0  -2   2   0   1  -1   2  -2   1  -1  -1  -2   1  -2   2   0   3   2  -3   2  -2   3   1  -3  -1  -2   0   3   0  -2   2  -3  -2  -3   3  -3   0  -1  -3   0  -2  -2   1  -3   0   3   2   3   1   0   0   1   0  -1   1  -2   2   0   1   0  -3   0   2   1   0  -3   3  -3   0  -3  -1   0   3  -2   1  -1  -3   0   2   0  -2  -2  -1   2   0   0   2  -2  -2   1  -3  -3  -2  -3   2  -3   2   0   3   2  -2  -3   3   2  -3   2   3   1   0   0  -2  -1  -3   2   3   3   0  -1   0   0   0  -3  -1  -1   2  -1   3   0   1   3  -1   2  -1  -3   1   2   2   3  -2   3   0  -2   0   2   1   3   2  -3   0  -3   0   1   2  -3   2   0   2   0  -1   0  -1   0   1   0  -1   1  -2   2   0   0   1   0  -1   3   1   0   3  -2   0   1   1   2   1   1  -3   1  -2  -3  -2   1  -3   0   0  -3   2  -3  -1  -1  -2  -3  -1  -2   3   0   1   0  -1  -3   2   1   3   1   3   1   1   1   1   0 
 -2   3   0   0   3   2   0   0   0   0   0  -1  -2  -3   0   0   0   2   3   0  -2   0  -2  -2  -1  -1   0  -2   3   1   0  -2   1  -3   0   3   3  -3   3   0   3   3  -1   2  -3   0   2   3  -2   2   0  -3  -1   3  -3  -1   3  -1   3  -3   0  -2  -2   0   2  -2   3  -2  -1  -2   3  -3   1   3   0   2  -1   1   0  -2   0  -1   0  -2   0   3   2   3  -1   0  -2   0   3   0   0  -3   0  -2   1   3  -2   2   3  -1   2  -1   0  -1  -3  -1   2  -3  -1   1   0   2   3  -3   1  -2   0  -2  -3   0   0   0   1  -3   3  -3  -1  -1  -3   0  -1  -2   1  -1  -1   1   2  -1   3   0   0   2   0   0   0   1   1  -1  -3  -1   0  -3  -3  -3   1   0  -3  -3   2  -2   3   2   1  -2  -2   1  -1   3   0   0   1   3   0   0   2  -1   3   0  -1   0  -3   2   2  -3  -3   1   3  -2  -1  -2  -1   2  -2  -1   3  -1   2   2   3   1  -1   1   1   2   2   3   1   2  -1   1  -2   2   2  -3  -3   0  -3   3   3   3   2   0  -3  -1   0   1   0   3   3   0   1   0   1  -3   1   1   0   2   3   0  -2  -2  -3   1   1  -3   0  -1  -1   2  -3   0 
 -1   2   0   2   3   0  -1  -2  -2   3   1   0   0   0   3   1  -2   1   0   0   3   3   0  -3   3  -3   2   0  -2   3   0  -1   0  -1   0  -3   2  -1   0   0   0   3   1  -1   0  -1   3  -1  -1  -1   1   0   0   0   0   0  -1   0   1   3  -3  -2  -3   0   0   0   2   0   3   0  -1   3   2   3   0   2   2   3   2   2   2   0  -1   0   2   2   2  -3   0  -3   1  -3  -1   0   2  -3   0   2   0   1  -1   3   3  -2  -3   2   3  -2   0  -2   1   0  -1   2  -2   3   0  -2  -3   2   0   1  -2   3  -2   0  -1   0  -2   3   1  -2   2   1  -3  -1   3   1   0  -1   0   0  -1  -2   0   3  -2   0   1   2   2   0   0  -1  -2   3  -2   0   1   2   0   0  -1   0   1   1  -1  -1   1   1   2   3  -3   3   1   0   1   0  -2   1  -2  -3   2  -3  -3   1   0   0  -2   0  -1  -2   0  -1  -3   1   2   0   2   0  -1  -1   3  -2   0   1   0   1  -3   2   1  -3   1  -2   0   3   1   0  -1   0  -1   0   0  -3   2   0  -3   0   0   3   1   0   0   3   2   2  -3   0  -1   2  -1   3   0   0  -3  -1   1  -3  -3  -1   2   0   1   1   0  -2 


==================================================
               MA TRAN C - KET QUA (128x256)      
==================================================
   14   -59     1    40    20    69    -9    14    38    24    23     6   -41    -2    -7    47    -9    16   -11    10   -32    45    33     0    -8    33    19    64    40     0   -43   -15     5    19    -2    31    -7    -8    21   -33   -31    22    13     9   -33   -27    27    37   -16   -16   -63    74   -42    17    10     4     1    50   -17     3    35    16   -49     8   -18   -52     5    -2   -36     1    -7   -56    36   -12   -23    10   -27   -51     6   -43    32    -1     1    14   -41   -47   -30   -17     9   -15   -15   -24    14    -1     3    36   -34   -36   -12    21   -40   -10   -31   -31   -12   -19    10    20   -35   -19    48    -4    -3     3    50   -22   -71   -18    -6    -8   -18   -13    24    14   -42    32   -27   -27    -2   -33    43   -10   -10    16    -7    21   -29     0    12    10   -33    11    -6   -14    12    29   -44   -30    -9    -9    33    20    28   -18    10   -12   -23    68   -10     1     7     0    15    20    15     5    -9    -5   -18   -23   -17   -34   -16     6   -14    40   -25    52   -15    -3     0   -24    22   -51    39   -66    27   -23    18    59    69    50    10    46    -1   -39    -9    24    14    16    44   -13   -54    42    28    -1   -15    63     0     0   -64   -11    38    33   -18    13   -28   -21   -24   -48    18   -67    51    24     2    34    21   -20     1    -7     5    12    42    28   -30   -84   -21   -64    18   -88   -24    38     3    14   -29   -18    41     7    22    -3    -2    17   -12   -32   -26    47 
  -15    25    -2   -21    50   -27     4   -32   -42    27    37    13   -22    -3   -38   -17    14     7     3     4    34     3   -39     9    56    45   -32   -14    -4   -51    54    13    28   -21    -1   -27   -19   -12   -24   -14    28    50    35    -6   -21   -23   -16    19    14    43   -14   -12   -35     8    40   -11     7   -38    38    53    28   -14     3    16    -8    -3    10    53   -51   -17    -4     9     8     6    11    -1     8    42   -14     0    41   -24    66     8    15   -21    22     0     2     9    19     4    17     9    36    44    29   -50   -34     7    29     9    -9   -23    21   -26    -5    12   -17    49    15    31    25   -24     7    40    -1    11   -30    -9   -54     5   -26    -1    19    -5    41     9   -11    10   -17    16     0    -7    -9   -12     2     0    38     1    19   -14    -7    20    24   -25    -1   -27    43    -5   -17    13     3    21     7    16    31    36   -36   -38   -40   -51   -37    33   -21    16    -5    17    46    36   -29   -22   -33    31     9    53   -37   -49   -18    33    67     1    26    40   -51    38    21    12   -16    -3    10   -27    19    29    48   -10    50     8   -19     6    26   -26    14    26   -14    14    29   -14     1   -12    43    66   -10   -22   -57    39    41   -22   -44    -2    23    -3    -4     5    86     9   -22    17   -11     4   -12    55   -12    14    -8    47    -6   -29    21     3   -14    -4    22    -9   -65   -26   -17    46    57    37    13    52   -30     9    28    24 
   33   -14    23   -22     8    10   -26   -34   -52   -38   -13   -22     7    20     2   -69    32    41    -2    -8   -39   -19     1   -23    23   -27     5   -19   -13    25    25    -5    -9    -1   -17   -17    32    12     7    36     9    -2   -12   -28   -13    12     5    48   -16   -10   -14    -7    32    45   -29    -2    33    40    18    16   -33    51    -2    17    -4   -34    30    53    17    33    -2    25     0    26   -16   -30   -59   -23   -35   -47    16    51    -6   -44    18    29   -24   -25   -47   -25    -6    41    22    13    53    46     5    -1   -14    26   -11    -2    20    25    13    -1   -37   -27    14    -9   -15   -14   -13     8   -19   -10    13    40   -15     5    33    -1   -22     8    -5    29    28    12    13    13    39    -6    21    38     9   -68   -13    11     7    47   -18   -48    71    23    38    -3    -9    16    23     5   -13     2   -11    24     9   -18   -10   -15    17    -4   -54    -9   -13    35   -47     8   -19    -7    18    25   -23    13    10   -42   -16   -25    11   -28   -24    14    42    20    31    10   -37   -11   -18   -29   -25   -41    12   -25    -2   -29   -15    16    54   -25   -25   -11   -17   -20    47    -5    -7    -7    54    -9    -6     2     9     9   -55    24   -45   -27   -26    -8    13    -5    63     8     3     9    -9   -29    32   -13   -30     0   -40     0    47    -6    -5    27    10   -27   -34     0   -15     2    -1   -13   -27   -22    10     6    20    35    10   -29     2    29    17    -1 
  -15    48    20   -37    23    -8    46   -36     2   -12    -6   -35    31     9    -1    -5    32   -49    -9     3    88   -29     5   -31    33    -3   -18   -21   -22   -13    31    22   -72    31    -9    26   -15     9    30    29   -35    43    44   -13    -1     4    22    22     5    24   -10   -13    -2    10   -21    39    -5    15    25    27    24   -25    21   -21   -15    -9   -33    16     1    40    46    34   -18    12    14    19    15    37    34   -30    -7    24     7     9    15    33   -28   -26     2    32    41   -19   -21    -6   -10    -8    45   -26   -48    11    43   -33    26    26    -7    18    26     9    36   -22   -16    19     0   -13    -6    90    40     7    11    47    18     2   -58   -13     2    53   -41    20    -3    20   -78    18    12    27   -41   -10   -23    -4     3    25    25   -32    24   -32   -64   -53   -71    -2   -13    22   -12   -10    17   -22    -5   -15   -23   -41   -34   -39     5     6   -66    10   -20    62   -29    26    -9     0    -9   -22   -50    20    -4    23    43    18     8    -3    10     9    11   -15   -17     1   -15   -19   -42   -33    -6   -32   -17   -14    10     2    77    22    13   -31    32   -31    -2   -26     2   -14    -3   -51   -33    27    40    13   -33     5   -37    15    -7    27    34   -24    20    -3    -3    26    20   -38   -41   -18    42    -2   -41    21   -35    60   -15    40    68    18    10    62     7    -2   -18    30    -5    34    -8   -43    10   -44    -2    43    -6     5   -59   -19 
  -17   -16    19    30    41   -16   -10    -4   -38     6   -14    41    -4    21   -40    31    34   -37     3    56   -35    42    32    38   -27    -3   -31   -28    17   -38   -26    13   -77    25    60    -3    64    42     2    36   -35    -1    39    -9   -18    47   -36   -20    -1   -31    17   -12    47   -52   -44   -22    31   -20   -10     5   -18    21    33   -14   -61   -27   -35     9    12    28    -6    30    11   -41    61   -48    30   -27    37   -30   -27   -65   -36   -10    23    12   -32   -15    27    -8     9    28   -16   -19   -29   -51    42    24    22   -60    37     6     8    27    20   -52     1    -5    21   -18    35   -21    -4   -35   -18    51     8   -26    84     0    62    38    47    33   -28   -43   -66    41   -16    47    -8    16   -28     5    45   -15   -39   -45    24    17     7   -16    23    -4     8     6    50    -8   -15   -45    10    -1    24    13   -82   -65    -2   -12    13   -22   -45    -2    12    -6   -32    78    -1    13   -15   -13    -1    47    23   -19    -6     1   -24    43    26    -7    22    -1   -17     7    23    31    24     4    20    53     7    42   -22   -14    27   -42     3    -7   -16   -50    -6    24    17    26    36    22    -1   -12   -18    21    35   -25     4    34    52   -24    42   -18    24   -50   -23     6   -20    33    16    17    22   -11    -1   -15    -8    26   -52   -43    16    19    -1    30    43     3    32    14   -47   -26    36   -26   -61   -20    10   -17   -13    -2   -70    64    56     9 
    3   -56    18   -15    -6    16   -15    24    44    21    40   -13    -9    -7    63   -17    12     3    -5   -25     7   -13    -9    20     2   -60    10    22   -11    14   -22    -4    19   -25     1    27    12     0   -21   -38    34    -1   -10    46   -51   -48     8   -38    50   -40    -6    28    -2    25   -26   -30    -2    47     0    20    20    59    -8    -7    23   -26    30   -25   -21    -1   -31   -17    45    56   -22    23   -31   -24     1    11    41     2   -16    69    20    20    52   -15     4   -15    34   -52    16     8     5     6   -22   -11   -24    34    24   -32     1    20    14    55    -3    33   -15    12   -10   -17    66   -72    37   -31    -2    -9   -24    -9   -18   -11    75    -4    12   -29   -40   -55   -44   -22    44    20    44    -3   -49    -7   -25    -2   -12     4    25    22     4    31    23     8    44    10   -32    62   -21    11   -12    29    -3    15    -5    24     5   -36   -29    23    20    43    59    -4   -13   -13   -23    26     9    18   -38   -34   -39    11   -33   -54     7     2    -5    28    11    13    -2    -2   -28    10    34    31    54     5    48    14    30   -29    -1    17   -40    44     8    34    -2    25   -16   -49    15     5     3   -14    -5   -38     0    21   -10    -4   -73    40   -32    67    34   -45    24    11   -26   -52    28    -3    22    24    12     7   -25   -19     5   -11   -27   -44   -26   -25   -66   -14    17    19    26     9    17    24    -4    17    31   -31    45    24   -40     1 
  -42    63   -53    17     7    -4   -40    14    34    -5    12     0   -24    -2    -5    -7    25   -13   -27   -42    37   -21    43   -17    37     0   -74    -9   -23   -73   -15   -30    -6     2     6     3    -1    -8    30    12   -33    12    34    45    53    -1   -38   -12    -8    -9   -19   -12    -3   -47    27    -4    19   -45    10   -32   -21   -16   -17    43    -1    16     1     8   -44    18   -30   -19    -8   -29   -38     7   -50     1    30   -11    35    -7    26    -9   -54   -24   -35    36   -31    -8    -3    13   -11     4   -40   -68    39    18   -51    -9    16    42   -32    29    21   -24    -7     8   -21   -44    22   -57   -63     8   -48    10    20   -14    21    26    53     8    -3   -10     4   -42   -14     6     2    15   -27   -31   -70    -1   -33    15     4     3   -22    15    17    11    -4   -16     1    36   -27   -18     8   -33   -13    -8     6    22    17    -7     6   -25   -52    26   -53   -20    21    -7    19    30    16    27   -19   -24    18   -23   -44    -7    13    51   -35    36    11   -17    33    70   -33    -9   -51    -8    41   -26   -12   -27    -2   -33    19   -12   -10    17    32    17    11    -2    42     3   -45   -11    -9    17   -40    13    23     2   -26    28    21   -19   -68    53    43   -42    -2   -25   -26    -2    13    31    25    26   -17     7    14    18   -18    -2    -8   -23    15    -7    24    17    63    21    26    35    26    -2   -14   -81    -9     6    -6    33    17    16    -1   -13   -27   -19 
   -5   -60   -25    20    -8    42     9    75    -1    28   -24   -19    18    -1     6    39    17    26    -3    33   -56    44     1     0   -81    12    57    42    22    -5   -44    35    18   -25   -22    86   -12   -11    21   -20   -15   -35   -43     3   -29   -23    22    17    20   -36    -7    29    22   -22    10    -4   -29    15   -26   -34   -10    35    -7   -40   -35    -2    15   -63    44    -4   -30   -45   -10   -38   -28   -13    26    -4    43    15   -19     8    -5     9     0    -1    34    -7     3   -19   -15    -2    -6    -5     4   -25    21    31    37    -8    -8    12   -25   -40   -26    23    49    11   -12     2    18   -16     1    49    -6    -6   -19    14   -19     9     1   -20    39    17    -1   -26    -8   -75   -15    -8    43   -14    31   -51    38    37    46    21    10   -35   -15    29   -53     1   -50   -34   -10    13   -53     3   -21    58   -24     7    41   -20     2     2    -3    16     9     0    13   -42     3     9   -27   -70   -25   -36    17   -19    48    38    17     7     5    59    44    -8   -48   -19    19    -9    35   -23     9    14    21    30    40     2   -12    12    38    -6   -43    68     5   -12   -30    28   -26    28    21    16   -19     4   -29   -19     2    37    29    31    68    16   -12    14    -1    31   -30   -22    27   -31   -50   -15   -39     2   -26    15    14   -27     8   -29   -14   -19   -21    15   -38   -14    14    15    22    16     8     1   -22    19     2   -10   -50   -48    48     7    28   -31 
   17   -11   -71    70    34   -10   -28   -11    14    32    30     3   -66    12   -53    62     4    22    25    17     3    71     5    12     4     2   -17    -6   -19    18   -26   -36    -9    12    30    33    21    -1   -64    39     7    27    56     0    -5   -76   -31   -10   -44     8    -4     1     4     6   -19   -15     8     5    46    34    17   -36    19    20   -12   -24    -1    16    -6   -13    16    15    43    -7    -2    -9     1    -2     8    35    40   -43    -6    31    54   -18    53   -36     5    -8    -6   -27    46   -28   -16   -54   -25    -4   -33   -57    20   -40    33   -27    36   -13     1    23   -45    -4    28    13    30   -15    25    46    -2   -67    22     5   -10     4     0    12    17   -58   -12   -19   -41    14   -18     4    39    41    -7   -36   -24     0     9    -9   -29    17    10     1    28    38    -7     4     8    39   -26   -19    56    -2   -16   -17     3    25    -7   -33    43    18    -5    12   -54    21   -31     4    16   -12    -6    19    -6    48    -7    -6   -31     5   -12   -14   -16    46    36   -13   -20    15    26   -23   -10    23     3   -33   -15    15    28   -25    23   -12    -7   -29    12    11     5     4     4     3    45    37   -18    13    58   -23   -17   -18     3     0    29    -8     0    13   -26   -29   -19     4    49     9   -52    30    11   -37     9    75   -33    24    15   -10   -22    -5    -4   -69    26    18    12     2   -33     2     4    47    -3   -11    34   -13   -38    43    -9   -43 
   37    26    43    22   -19    -4   -22    -9    -5     5   -17    19    21     0    22    -3     0   -57   -20   -11    22   -39    48    15    29    13    16    21    -1    47    61   -20   -41    -9     6   -48   -30   -38   -37    -3    -1   -17   -23   -20    47    31    45   -12   -14   -50    28   -10    36   -33    17    30   -50    62    28     7    10     3   -26   -19    -3    24   -43   -43    26     1    -9    69   -66   -35    68    -9     2    25     0   -53   -61    23   -52   -24   -34    18   -38    -8    -2    41     7    26   -34   -27   -19   -36    36   -18    37    10     3     1    13    45    35    -9    60   -56    -3   -64   -32    32   -33     2   -12     1     1     0     2     4    16   -20   -15   -14   -11   -23    25    52     5    -9   -12   -10   -50    50     7    13   -13    21   -17    16    32    18    41   -43   -15     1    -7   -42    25   -19    39    20    39   -39   -33    10     1   -43    -8    22    -7   -43    -5    15     7    68    15    10     7    10    -9   -14   -32   -44   -31    30    18    19   -50    -4   -18   -19    18   -24    25    36    -6   -31   -22     5   -94   -30    29   -19     1    18    26     7    47    32   -14   -32     1   -16     3    -4     5   -14    30     5   -24   -47    25     3    26   -10     0    -2    32     4     4    19    -7     8    19   -30    27   -29     1    32   -16   -24   -18    20   -17    -9    27    25    15    21    19     1   -31    -3    24    32    20   -32    13    -9   -35    30    -5    22   -13   -10 
    0     8   -43    -8    18     6    10    -5   -53    -6   -56    21    39     5    11    42    15    12   -34    20    17    16    23   -11    15    24     6   -14   -17    -6     7    55    19    37    52    45    46    43   -35    96   -14   -30   -44     6     7   -26   -34   -12    28   -21   -33    -6    22    40   -37   -17    15   -17    29   -30    25    35   -30    46   -24   -39     3   -72    26     0     2    50    14     5   -74   -13   -35     4    24     3     0    53   -10   -34    11    -4    18   -33   -58   -28    23    -7    51   -30    35   -29   -20    -7    56     2    -2    17    33    10    -6    23    -7   -59     0    -9   -42   -20     1    23   -24    18    -9    -7    22    25    18   -11    11   -49   -28   -75    37   -41    20    50    -8   -28     6    -1    24   -33   -13   -38    46    43    -7    -5   101    -2    18   -46     7     9    -9   -10    -8    22   -41    29    -1   -38    17    -6    12     3   -33    30    63    -5   -23    -2    -4    -7    41   -27   -47     1    72   -88    27    -1     1     1   -44     3   -12    43    30     0   -16    -6    22   -28   -33     1    30    -7    -6    14    -4   -33    -8   -59    -5    14   -12    22    28     6   -18   -12    42   -41    21    33   -27    37    28    19    15   -26    -9   -14    16    59   -29    38    23    11    24    -6     9    11     2    -4   -32     5    10   -22    19    19   -28    43   -36   -17    23    27    -4   -15    -6   -18   -39    12   -25    -4    -7   -27   -46   -15     6    -4 
   -7     2    13    43    -8    32    -4     1    28     8    -8   -34     4   -42    19    34    34     7   -15    34    36   -21     8    31   -34   -63    -2    19   -79    14    17    22    20     1   -51    10   -18   -30    28    -2   -13    19     6    55    35    -7    57    24    12    39    -2   -23    12    41   -30   -17    23    21   -24    -3    32    -7     4    -6    16   -23   -57   -59    -4    18    -6    46   -13    -4   -26     0   -19   -10    11     9   -60    -8   -36    -9    -1    15    34   -32   -22   -21    -9   -23   -23   -32   -32   -22     5   -14    28   -52   -39    30    10     7    -2    12   -21   -10   -70   -44    -8   -30   -36    16   -59    49    17   -16   -11    -1    49    69     2     3    45   -15     4    -6   -23    -9   -42    -1   -43    52    25    -9   -37    10   -26    14    -5     3    55   -24    -8    10    -2    -6    -2    40    -7    25   -24    26   -43   -67   -19    19     4   -12   -11     2    11    17    27    31   -20    22    -6    17    -7    30   -22   -22   -12     4   -12    34    78    22     8    66    -6    30   -80    12    22    -1    10    51   -34    36    24     5    38    79    -4    44   -20   -43    21    21    -3    -1   -14    36    16    41   -19    16   -42     5    -8    16    -3    33     0     3   -36    37    28   -10     8    12    20    31   -19     1   -18     2   -17    14     6   -25    29     5   -31   -11    20    20   -13    -1   -42    62    30     3   -17    16   -30    -4   -37     3     9    24    19   -19 
  -48   -23    37     8    18    20    -9    -2    -4   -19    -6   -13     6     5     3    48    -5    12    -3   -13    10   -14    -1   -15    -3   -51    -1   -47   -27    23   -47    14    39    22    25   -50   -24   -15    57    29   -26    18    16     1   -25    16    23    20    11    -6    -5    28   -21    10    17     8    27   -59   -57    -4     4   -23    -1    -6   -16   -29   -46    43     6    39   -18   -35   -22    20   -23    38    33     2    21    28    19    19    38   -34     4   -29    13    -6    -7   -25     3    -4   -52     6    -8    35   -21   -18   -13    21   -16    24   -15   -45   -55     7    -9    40    30    -4   -10   -36   -49    -9     1    15   -20   -46   -27    17    14   -27   -18    45    20     2    36     2     7     7    -6   -24    17    14   -44    29    -7    -1    36    14   -58     6    14   -24   -19   -20     5    12    11    18    25   -35   -50    49    14    17   -27   -20   -34    37    47    73    -1   -31   -36   -48    -8    16   -25   -41   -13    26    31    13    -5    -7     9     7    24     1    -5    31   -30    28     3    -4    35    -6   -30    17    30     5   -37    45   -20    12    29    12   -26   -14     9    -2    45    31    45   -10   -51    20    12    18   -10    -1   -15   -28   -25   -26   -18    16   -38    -9    33   -56     8    -8    16    18   -19    13     3     3     3     7     7    27     2    32   -22   -22    11   -21   -26     6   -41   -16   -31    12    -8     3   -40    -2   -18    34   -15   -22    -7    14 
    7     1     4    -5   -34    61     4    -1    49   -25    21   -42   -22   -14     7    34    26    -1   -27    24   -47    56    -7   -19    19    38    27    -1    -8    17   -44   -17    -9    28   -45    -5     4   -36   -17    29    15    -5     6    14    55    -2    17    -5   -31   -13    12    -7    29    14   -22    12    14    45     8   -28    10   -22    37   -33     9    59    27    17    36   -15   -10   -21   -51    32    14     2    36    49     0   -16     1    57    31    25    58    16   -20   -12    10    45   -18    26     5     0   -10   -22   -37    21    22    27   -31   -33    34     3     1    37   -15   -12    -6     5    -9    12   -33    39    12     0    35    -8   -74    37     8    18     0    22    -4    40    -1   -44   -25     5    29    18    16     6   -19   -43     2    83   -41   -23    64   -24     1    11   -27    41    -5    -9   -57   -12   -29    19    33   -32    34     9   -58   -39   -13   -20    53   -28     9    27    10    -1   -27     1    -9   -20    29    -2     1    34   -11    -5    13    30     4    -5   -55    60    -2     6   -11    43     4   -28    10     2   -14     5     1   -14    45    -5     0    -2   -12   -19    10   -50   -16   -17   -24    -7     0     9     2   -20    11     1   -38     9   -10     1    11   -25    -9    12    -2    30    20     7     3   -22     1     1    64   -23    -1   -29   -26   -33    -9   -13    21    33   -14    27    -5   -10    22    22    25    44    30   -10   -32   -16    41     0    21    46   -11   -30 
   30    25    17    47   -21    -2   -25    74    16   -21    18    16    45   -16   -10    -8     3   -25    56   -35   -19     8    41    65     1   -28     2   -13    49     8    -9     7   -43    -8    62    -6   -73   -31    -9   -18   -60    31     0   -21    -2   -23    24    21    39    17    53    -6    -4   -59    -3    26    29    -2    -6   -58   -22    -2    25    -9     2   -21   -52   -15     3   -17    16    10    -4   -20    35    -4   -17    15   -29   -11    37   -10   -18   -47   -29    38    18    26     4   -10   -38    -5    23   -38   -48   -37    15   -36   -13   -40    23    26    16    11    10     9     2     6   -20     4     9     5    30    -3   -30    46    34     1    45   -36    40    31    16   -10    25   -76   -16    18   -29     4    -5     1   -14    79   -61    14     8    -1   -74    31    -3    12    10   -14    -6   -26    37    31   -36   -21    17   -34   -36    10   -19   -12    14   -13    20   -15    28     9   -11    -7    19    -6   -28     8   -53    11   -30    60     7    -7    -8    44    23    54    15   -13   -55    21    17    36    78    29    40   -20   -17     0     5   -42    37   -17   -21    46   -18    -8    29   -12     0    34    -3     2    21    -2    10    19    19   -11    -7    -1   -11    -8    30   -57    28   -12    54    -7    -4     0   -60    42    -5   -20   -27   -23    -5    25    -7    -6   -18   -28   -23    -5     2    20     8    -5    11   -54    56    40    22    58   -17   -30     3    -4   -63   -10   -13    38   -48   -40 
  -28   -43   -21   -20    -4    23   -29    29    16   -17    -8    28   -12   -45   -16    32    22   -12    -2    41   -30    47     3   -70    24     9    -8   -42     3    28    19    30   -57    19     1    53    30   -34    15    29    17    26    29   -30    -5   -27   -11    29   -55    -8    -5    30    43   -37   -14    24    -2   -39     1   -34   -26   -46    53    23   -26   -14    -9     0    34   -39     1   -23    20   -18    31   -31   -44    -3    13     0    21   -13     7    40    25   -30    31    -9    -8    31    -2    38     6    43     4   -22    -2     7     6    12    15    -3    27   -28    45    33   -10   -21   -10   -65    45   -34   -33   -14    10    13     2   -21   -26    54   -47   -41    20    -4    10   -32    -6   -16   -15   -42    27   -56    34   -44    17   -46    59    18    30   -25    22    24    -4    -4     8    22    24   -50   -13   -67   -29    32     6    22    -7   -12   -32   -18   -50   -28    18   -51   -21    27   -33    25    -7    25    20     6   -18    22   -24    35     8    11   -39    38    11   -56    -2    40   -39    -4   -21    40    19   -22     9    42    24    -6    27     2    39   -46    20    37   -15   -46     1    11    -2    40    11    41     2   -57    13   -24    61    72     8   -25   -37   -36    14    -8   -84    -5     6    42   -12     8   -21    23    -2    11    11    27   -30    13   -28   -34    27    31    -4    16     8    -2    44     0     9   -23     5   -15    -2     8   -12    15    26    27   -14    24   -17    -4 
  -20     9    11     8    30   -37    -3   -25    12    24   -15    63     4   -46   -33   -30    36     8   -40    37    63   -32   -25    -9    43    -4    31   -16     7    33    16    19     1   -15    12   -37   -33   -20     0    -9   -53   -25    20     3    60    41    -5    39   -11    15     5   -13   -12    -3    18   -47    28   -21    10   -10    15    25   -39    62   -11   -51   -55    -3    13    53   -26    57    -3     2   -22     1    44     5    11    57     6    22   -17    10   -14    16   -37    -3    -5    49     9     9    -4   -21    31   -31    12    -9    56    -3    28     7    19   -18     3    34    -3   -13    16   -21     1    19   -23    -7   -49    32    18    -5     7   -51   -17    21   -39   -26    29   -46    28    -2    44     8   -36    27   -17    10    -1    -9    -6   -60    13    15    15    42    31     2    29    55    22   -24     4   -27    27   -28    10    -9    -1   -16     9    17   -14   -16   -25   -20    59    48   -29    -6    27   -25    39    31   -11    33    28   -12   -39   -36    -7   -17    -2    14     7     5     2   -15   -16     6    48    31   -10    11   -22    18   -16    12   -20    21   -13    11   -14   -43    -1     5    20     1   -24    -8    30    17    40   -16    11    31    -4    31   -15    -9    40    43   -17    11    26    64    10   -20     6    13    41   -22   -49     2   -17     9   -29   -20     7    13   -70    -1    -2   -34     0    -9    -3    -4   -29    27   -38    29    -3    55    26   -14    -9    25    -2    32 
  -58    19   -14   -20    35    49    25     7    44     9    15   -21   -24    43    -8    39   -15    14    12    18    -8    19    29   -51     3    38    21     4   -14   -28   -57    -1   -61   -12    35     3     0     3     8    -1   -90   -20   -26   -35    61    24    10    15   -32   -24   -13   -13   -28   -39    14   -11    28    -2    38   -26   -15     1    32   -15   -67    43    -1    68    26    37     6    -6   -35    27    15    24    58   -36    66     4   -27    15    48   -10    -3    30   -55    44     3    16    18     6   -29   -51    -9   -58   -23    36    34    11   -23    35   -38    -4   -29    -8    -9    14   -11   -19    14   -18   -22    40     8     2    -8   -36    -8    32    35   -19    -3     8   -33    48     7   -17    29    59    61   -15   -31   -43    16   -28    41    27    26     1    34   -13   -36   -30     4    42   -45    -1   -30   -38    46   -36   -31   -40    54   -10    -2   -22   -39    -1    65    -5    13   -43    24    22     1   -48   -26   -66    34   -26    19    51     0   -21    40    28    31   -50   -41     9    36   -22    75   -32     9    -7   -58    -4   -15   -25   -39   -30   -17   -14     9    -2    40   -63     3    -9   -33    52    33   -23   -44    16    11   -15    15    27    56    65   -18    -6    15   -66     0   -40   -32   -16     4    -6    12    88    20   -23    21    42   -33   -35   -12    13    11   -39    26    20   -43     8     0    40    25     7   -42    42    16     1   -57   -18    22   -76   -36    28   -35    -1 
  -14   -29     2   -42     7    26    24    30    45   -24    24   -22     2    23   -24     6   -25   -15    12    19    17   -35   -69    -4    -4    27    20    -7    78   -49   -63   -23   -26    19   -38     1   -23   -34     6    -5   -55   -11    37    32   -22    17   -26     8   -12   -10   -54    -6   -70   -15   -32   -37    13   -17    -2   -73    29    35     6    26   -19    23    31    44    37     5   -10    21    -2    -4   -10    31     9   -12    40    16     9   -33   -35    -3     9   -48   -27    38   -19    -3   -17   -61    10     6     8   -17   -42   -17   -30   -25    -1   -35    14    -4    32     2     7    33    11   -40    25   -17    -3    -9    49     4    31   -26    58   -13     7    -1    27    26    -7    15   -22   -24    30    19   -18    13   -27    26   -24     1     0    -3    30     8    29    11    24     9     3     4    23     2   -30   -23    12   -46    30     1     2    12   -30    22    13    21    -7     5   -27    23    19     7   -27    13   -26   -19    36    22   -29    10   -18   -14     0    37   -10    -4     4   -36    -2   -40    32   -20    -6    54    47    47    55    22   -40     2     4    -2   -16     5    57    -7     5    21   -19   -23     9    12    -9    41    -9   -37    13   -30    -6    16   -22   -33   -11     5   -39   -18   -27     7    68   -28   -16    33    22   -57   -17   -26    20   -31   -28    31    14    -8   -26   -54    34    -6    23    44    16     4   -22   -18   -19   -41    14   -34     4    18   -13    -1   -39    39 
   15    22    11    -5   -26   -33    17     6    -4    10    -6     5   -36   -46   -47    -7    14    19    14    41    19   -26    41   -21    44    25    18   -13    12    14    28   -10   -27    -1     9   -50   -20     5    24   -11    28    25    -6   -30     7    21    65   -14   -12     2    49     4    46    17    -7    -2     3    22    14    34   -16   -39   -13   -31    30   -18   -57    26    33   -10    22     5   -24    -9    20    -7    62   -37   -19   -26   -12    17   -33    23   -18    21   -54   -29    22    12    13    14   -20    -5     8    17    38   -10     4    33     8   -35    -3     1   -33    -8    12   -12    -1    -4    17    54    36   -11   -13    15    11     5   -56   -14     6   -10    13     7    -9    44    -4     5    63   -28    17    24    17    21     1   -13    -7     7   -24   -23    16   -14    13   -30   -19    11   -13   -25   -33   -13    33   -32    26   -21    -7    -5    23   -20     8   -14    -8   -42   -10     9    29    18    28    -8   -49     8   -18    27    -1    10    19   -18    41    19     1    -3     1   -22   -35   -23    14   -23   -16    24    19   -14   -12    35    -8   -40   -49   -12    -6    -1    12   -26   -11   -64    28   -25    18     5    -4   -12    16   -14    12    -3     4   -19    55   -35     0    15    20   -28    16    -7    47   -12   -41    10    -1   -46   -11   -11   -15   -35   -16    14   -51   -32    -5   -14     3   -19    -6    -9   -20    -8   -17    30    30   -22    41   -35    20    45    -3    28   -26    30 
  -11    -8    10    16    -3    23   -11   -23    11    22    23   -28    -2    20    31    51   -38    10    44   -27    35   -26    20    64   -25   -34    46     4    -8    47   -24    -7   -20    33    30   -40    22    -9    -3   -28   -75   -20   -44    33    14    17     2     1    30    -4    40    27   -21    -4    -9   -16   -14     9   -46   -24   -15     2    23   -64   -29   -27   -17     1   -24    27   -20     9   -32    -2    25    64    51   -48     4    30   -32    19    -5   -25   -28   -39    -4   -22    29   -18    44   -10   -13   -24    -7    11   -40    20    -7    -4   -32    37   -38    -9   -21     6   -45    17   -50    -9    -1   -13   -12    10    -4   -25    -9     7    37   -28    11    53    13    29   -29    69   -46    13    29    10    43   -34   -33     6    35    27   -27     4    29    -8   -30    20    31   -52    33    71   -16    16     4    39    91   -34    -5   -46   -26    36    20     8    50    35    38    66    20     9    48   -25   -13    -9   -14   -18    -1    28    -5   -32    17   -33    45     7     1    23   -42   -39    43   -63    36    -3    12     7   -12    44   -43    43   -12    16   -44    28     0    23    18   -26   -28    33    -7   -17    14   -43    -2    20     8    22    -2   -83     5     7    21   -46   -23    31   -14    -7    33   -13    41   -32   -26    80   -18   -16   -20    56    12   -41     0    42    11   -21     8     3   -31   -43   -16    -7   -30    38   -37    45    25   -17   -21   -40   -30   -31   -11   -16    -4    32 
   11    39   -25    20   -35     3     0    23    -5    13     4   -21    -1   -54    -5    -2   -11   -21    66    24     4     0    11    -3   -23    -5   -17    19     1   -16    30    30    -9   -14   -13    49   -17     1    -9    22    18   -15   -78     2     0   -19    44    27    15   -33    35     1   -25    20   -19    -7    -3    13     3   -51     5   -20   -29   -25    20    20    -3   -69    10   -60    24     5    33   -18    -3   -31    16    24     2   -20   -42     1   -63   -10     3    34    39    54    22   -32   -26     0    35    12     3   -54     4    -1    -1   -52   -44    41   -18   -22    -2    -4    24   -19   -64    14     9   -26     4     7    -8    19    -9    -6    38   -22    24   -19     3   -11    -6   -16    11   -40   -12     2   -24    -1    -8    -1    23    25    10   -12    -9   -22   -13   -10   -18     3   -43   -20    16    41     4    12   -22    21     6     2     2   -14     7    32    43    33   -32   -24     1    -3    33    -7    13    32   -20   -26    -2    16   -16   -21    67   -24    14    53     4   -21   -16     3   -28    10   -30    -2    -4    18    22   -10   -39    14    17   -46   -14    11   -79    18    16    18   -20     6    22    10     2    37   -54    19    -8     7    -1    10    12   -10    24   -31    13   -44    58    25   -63   -20    32    -7   -51    -1   -13     3   -16    45     1   -26     6   -11   -34   -53    23   -20   -34    16     4    34    -8    33    -7    28   -22    28    18   -47    -4    16    -3    41    -5   -37 
  -18    41    10    -2     6    -8   -19   -24   -49   -72   -17    11    -2    -6     7   -57   -21   -33    44   -24    -3    15    -2   -43    48   -11   -17   -30    25   -12    -7    15     3    75   -35   -45    62    14    34    13    21   -34    26    -4   -21    36   -14   -27    25    28    17    14    37   -17   -41    57   -17    13     5   -26   -35   -16    14    34    23    31    16    26     4   -17   -27    16   -56    -1    16    -6   -12    49   -21    11   -14   -33   -14   -56   -18    -4   -27     0   -15   -23    20    46   -10    25     6    12    15    51   -53    29   -16    13    60    34     9    -1    -2   -27    94    -4    17   -47   -52    12   -46    14    71    33     1    17    22    27    11    -1   -47   -21    20    45     6    31   -22   -62   -36    23   -10    19    -4   -32   -13    22   -26    22    34   -23   -27   -38    27    24    30   -25    20    18    -8    13   -28    13   -14   -33     0    59   -38    20   -10   -26    -8   -46    43    -2   -25    23     1    22   -47   -23   -31   -24   -22   -35   -46     8    -4   -57   -24    -4   -17    65   -36   -42    -8   -22   -10    -7     5   -13   -34   -27    63   -34    24    24   -29    19     0   -58   -14    17   -35    -3   -16    54    27   -24   -26   -22     4   -29    10   -15     6    -5    18    62    15     7    -7    -8    36   -18   -40    23     4   -51    62    34    25    86     4   -14    -1    41    24     9    -6   -19    19   -53     9   -69    58    41    17    32   -14   -24    -1    -2 
   18     2    33    36    45    -2   -51   -25    24    -6    -2     3    -6     3    22   -19   -25   -85    -1   -42    -8    40     9    -4    31   -10   -18   -13    -9   -25   -31   -48   -27     1    36    23   -20    -2    -7    39   -41   -12    24    -3    23    11    -1    10     1     2    19   -11   -52   -33   -27   -52    -4    40    20   -48    38     5    44    31    30    24   -15    -3   -31    41    -1    36    11    19    48   -35     0    27    55   -11     7   -26   -13   -20   -19   -14   -36    43    10    58    39     7   -14    31   -50   -68   -22   -24    -2    -4    -5   -23    10    13    11   -31    10    34    22    17    52    23   -41   -14    18    12     4   -16    28   -21    10    -8   -17    20   -35   -12   -20    -2    -6    30    54    -7   -33    -3   -22    -3   -53   -28   -31    -6    40    27    39     3     9    52    14    -6     6     2    -7   -61    25   -17    14     3    -4     4   -50     9   -11   -27    34    10     8   -21    14    17   -14   -11    18     6     8   -10   -72     1    -2    15   -18    -6     3   -10   -21    35    23    67    -5    34     3    49    -8    17    15    11    41   -13     4     1     8    16    42    12    -7    56    15    24     3    -6    80    16     6   -25   -56    54   -31   -26    49   -22   -22   -31     9     4   -17    35   -27   -11    14    18    -2     8     6    16    -7    10    35   -42    -4    20    -5   -29     1     6   -32   -16     6    -3   -11   -21    -7     2    43   -37   -39    -2   -49    -4 
  -36    15   -18   -31   -24    12    42    11   -23    -4    16     8    33    21    16    16    21    23   -38    41     4     9   -57    20   -31    38    -3   -18    21    34    34    37    15    13   -37    33    -8    37   -11    28     6     6   -21    58   -23   -21   -35    28     4    15    -5    13    -8    -2   -31     6    25    -8   -14   -12    38    23   -12    21   -42   -14    33   -68   -25   -19   -13    14    12    41    -9    56   -28    14    17     9   -30     9    16    29    85    13    50     6    14    30     0   -18    34    16    38    -8    29    11    55     4   -16    61    30   -22     3    27   -13   -28   -34     7   -36   -84    -2    20     3    39   -17    11    26   -23   -17    -5   -48     7    13   -26    12   -26   -52   -20   -30    15    10   -55     5   -36   -12   -42    77   -48    28   -12    -7   -19    39   -26   -25    53    19   -14   -39    65     9    29    17   -38   -37    42    12    20    13    18    33    61   -15    10   -43    18    29    17   -37     3     3    14    13   -24     6    25    43    12   -35    43    32    11   -30    -4    26   -32     5    30     6    16   -10    27    14   -46   -17    11   -19   -21    25    18    12   -35   -48    -1   -11    18   -40     9   -13    22     2    34    -2    13   -20   -11     0    17    -6    11    32    14    16   -11    -2    68    -9    11   -11   -42    13    -1     6    31    21   -17   -24   -19     7   -17     9    13    19    18   -12    38    13   -12    23    16    21    25    17    27 
   32    26    61   -17   -11   -27     0   -10   -16   -10   -20    -4     3   -36   -14   -19    25   -16   -30    31    43     5   -15   -23    53   -11    -5   -48    22    34    37    41   -11   -16   -11   -16   -44   -39     1   -29    22    -3    20    -3    41    21    51   -30   -21    -8    23     1    31    17    45   -31   -22    32    -7    53    26    -4     9   -46     8     1   -34    46    23    32    12    20    -9    44    25     4    58    20   -14    -7   -18    42   -14   -28    31    23   -74   -26    16    27    14    29    -5   -23    28    11    22   -18    33    73    21    -7    27   -33   -31   -17     7     1    37    21   -25    56    23   -44   -41    15    24    23   -37    32   -28    29   -58    40    -3    67    24    39    11    -2     8   -11   -14    23   -12   -12     0    20   -15    10    15    12    16   -17     8     2    21   -35    20   -52    22   -28   -22    -9    -6    34    41   -51   -14   -25    34    10   -40   -31   -23    31    11     1    -4    27   -35    24    -3     9   -19    22    15   -53     1     6    37   -23   -26    41    47    21    22    16   -39     9   -15    11   -58   -19    16   -17    15     2   -29   -16     7   -60    33    -1    12   -19     6   -55    12    -5    24    18   -18   -26     4   -19    34    24    54   -39    24    -7   -41   -18   -14   -17     2     8    22   -13   -62   -15   -16   -16   -73    38    35    -3    -8    20     8   -20   -43   -18   -12    37    24   -13   -31    10    11    27    19    29     5    17 
  -49   -76     6   -39    44    46   -18    -3    38     6   -64     0   -17   -13   -43    55    10    28     5    37     1     1    14   -39    -9     7     2   -41     5    21   -51     1   -20     9    19    51    62   -29    17    18    -4    -5     4    46   -42    -4    29    18    -1   -19   -38     8    -4    57    -4   -14    42   -12   -37     9   -15    -2     2    -3   -31  -102    22    36    24    13    32   -38    11     1   -68     3    14   -51    15    29    11     0   -27   -10   -34    -6   -26    18   -17     4    12   -15     5    -6    -7    17   -65     0   -26    40   -15   -52   -15    -7     4    31     4    46   -34   -55     3    20    24   -38    69   -36    12   -21    23    58   -21   -41    34    -2   -27     9   -15   -29    29   -34    21   -23    50    -4    19    -4    14    20   -16     6   -66    17    60    -6   -32    29    12   -46   -21    51    30   -59   -28    22    -6    25   -20   -30   -22     6     5    40   -29   -27   -12   -13    34   -16   -43   -34    -3    27   -15   -43    -1   -14    -8   -44    32   -31    40     7    -4   -60    15   -45    15   -10    -9   -23    66    16   -14   -11   -33    -4   -22    10    -9    22    -4    39    18    49     3   -16   -19    -5     0   -25    41   -22   -13   -12   -13   -38   -37    17   -22   -24    -7     0    55   -24   -16    44    22   -54    33   -28   -32    63    22    32    26    11     0    -9    35     6    -3    30   -13    -9   -16     9   -39     1   -34   -10   -56   -12   -27     8   -47   -18 
   21    37    15   -24   -12     9    11     6   -42   -26     0    36    -9    23     7   -17     5   -59   -27   -19   -17     7   -28    43   -12   -17   -12    -2    26    -2   -46    15     4    11    39   -14    45    88   -14    12   -21    35    -8     0   -25    -3   -20   -13    18   112    18    10   -68   -15    -2    31    -6   -26    40   -39     7    -3   -27   -30    49    13    11    16   -39   -55    28   -26   -17   -13    28     6   -39    18   -45   -30   -16    -2    16   -10    40    27    -5    -1    41    21    -7    -2    52   -13    -3    12    16    -1     6   -10    74    -5    27     3   -24   -38    27    10   -22    30    19   -57    11    11    49    52    50    46     2    -5    12    10    32    -5   -30   -21    43    11   -20   -23    16   -24   -24    10    -3   -26   -10    12    -1     3    24   -37   -45    18   -15   -76    49   -22     3   -16   -56    14   -44    32   -70   -34    13     1   -30    -9    -2   -48    -1   -20     7    20    13    21    -9   -48   -41   -54    -8   -27   -21    41    21    11     1     2    25     7     0    26     6    37    22   -34   -41    21    20   -32   -36    -8    36    -9     1   -64   -18    47    57    -8   -33    14    -6    64    17    27    -7     5    35    14    -5     7   -27    21    35   -48    34   -11   -17   -17   -15    44    23   -63   -68    43   -42   -23   -11    40   -43   -44   -33     3    48   -41    20    42    23    13    -5    17    -8   -32   -43    -9    62    33    12    26    11   -28   -16   -36 
  -24    46   -47    -2    23     8     8   -12   -36    43   -36   -21    14     9   -45    14     5    11    -4   -59     6     8    30    39   -33     0     9   -37    -7    17    55   -14     1   -42     6    49    -3    10   -17    41    62    -6   -17    16   -41    -5    18   -14   -13   -31     1   -39    10    45    12     2   -11    16   -20    21    20    -7    30     7   -38    -1     3   -56   -32   -39    39   -12    14   -29   -11   -32     9   -12   -13   -25   -13   -23    16   -47     8   -10    22     5   -31    23    18    37    46     4   -26   -32   -23   -64   -23   -22   -59   -14    12   -34     5   -27   -15   -39   -20    30   -26   -11    -8   -31    13    25   -83   -16    53     7   -20   -59    -9   -15   -12   -15     0   -26   -24   -55    -2   -18    14    26    20   -30   -20   -30    31    38   -28    30    18    19     3    14   -27    32    47    15   -47     4    26   -47    33   -36    13    23    12     4   -24    16    23     8    36    43   -12    17    20   -53   -29    -3     8   -68   -11    66    12     4    -2   -15    11    39    14     7    -8    20    -9     7   -39    -5    12   -17   -13   -20    -3    10   -30    13    23    -3    22   -26     8    11    -5   -14    14   -33    11   -14   -43    30    27    -7     6     7    18   -10    11     8   -44   -25    17    38    39     3   -27    24    36     4    15    11    12    15   -18     7    36    17    16   -59    20    -7     8   -20     3    41   -23    24   -18     5    -8     9   -19    26   -11    -2 
   31   -34   -21   -15   -13   -62    33     2    -9   -11    -7    40    25    21    33   -33   -23    -5    16   -40   -16    13     6     1    -4    -3    -4    -8    17    26    -9     1    54     3    22   -35    -6    15    -9   -48    31   -29   -14     8    -1    -2   -51    19   -13   -20    78    11    30    19    11   -25   -39   -27   -11    19   -40   -17   -56    31    -2   -35    -2   -33   -35    29    -5   -52    -2   -16   -18    -2   -28    17   -18   -15     9   -10     0   -13   -32     6   -11   -25    -7    10     2    -5   -13    40   -20    24     1    61    13    -2    29    25   -37     7    36     0    -9    53    16     1   -50   -26    10   -43   -14   -74   -15   -14    31   -19   -35   -14   -12     3     2    -9   -14    53    31   -29   -27    -4    27   -55    19    30    -2     8   -13   -74   -23   -12   -50    31    10   -48     6     8   -12   -12     5    27    -3   -61     7    16    -3   -22    59   -11    16    18    38   -13   -32    -8    53   -12   -11    15    27   -21    38    32    34   -18    12    -2     0    -3     9    -3   -15    13    23   -14   -14   -29   -23   -42    -6    16     4    16   -13    41   -51   -22   -15    27   -25    17    28     2    19    10    18    -9    50    -3    11   -24   -11    -6     3    -1     5    39    25    -2    20    42   -15   -24   -61   -53    21     3    13     3    24    21    11    -8    21   -21    -2    34    31    -1    18   -15    -4    -3    72     4    45    -3   -39   -16     3   -33    16   -65    18   -19 
   33    21    19    11    -2    23    -3   -38    24   -25     7   -37    12    -3     7    12   -20    61    24    23   -11   -10     5   -18   -13    -2    -4   -38   -28   -26     1   -24    27   -38   -33   -56   -44   -29    11     8    -4   -24    -6   -35   -14   -29    30    26   -27   -45    17   -14   -16   -10    29   -24   -54    12   -25     8    31    -6    24   -17     0    55   -17    26   -32    42     2   -54   -26    43    25   -17    17   -37    20     7     5    29    17   -33     4   -30    -7    33    -3   -10    -7    -8   -29     0     2    11   -10    -4   -51    25   -54   -20   -27   -25    -4     9    -2    36    23     3    -4    28     8    -3   -34   -18    -6    13   -31    -1     2   -26   -15    58    12    41    17   -12    -2    -5    11    23   -11    20     9    13    16     6     1    24    -9     5    26     3    14    44   -12    13   -15    18    29   -49     2    -7    -7    30    -4    17   -17     1    49   -10    -1   -33   -15    -6   -29    37     6   -23    14    -8    14    -1   -32     6   -19     3   -26    19     6    28    16    64    13   -44    -2    29    30    23    12     5    35    17     2    40   -23    29    31    -8    15   -28    24    19    68   -31     3     0    19   -43    21    31   -27   -15   -17   -32   -11   -17   -66    20    24   -44    47     5    -1    17    -3    -3     0   -19    42    -3    -5    27    22     3     1   -36    10    -7   -46    -1   -16   -34   -55    61     6   -12   -33   -21     8    16     9     1   -16    34 
  -41     6    -9     8     8    41   -38    15    22     3    11     3   -62    -6   -47   -19    -5    53    20    -1    -5   -18   -14   -28   -18   -32   -38   -32    32    27    37    -5   -32   -52   -18     0    -3   -31    33    34    33   -23   -11   -46   -11    -9    -4    50  -114   -67    -1   -40   -27     0   -27   -30    -3     8    86   -20     1    14     9    47   -31    13   -34    24    56    15   -13   -41     5   -15    -3   -21   -30   -10    39    -1    11   -55   -35   -41     6    21   -18    40   -44    38   -43    22     6    19   -35   -76    -7     7   -27   -57   -23    13    31    11    70   -30    -6   -13    -2   -55    11   -42   -45   -48    17    26   -31   -47    46   -15    14   -70    10     4    23   -53    47    -4    29   -10   -26   -16   -26    40     7   -30    45   -17    46    24   -46    48   -13     4    49    30    15    26    40   -19   -35   -18    14   -10    51   -39    -7     9   -43    -1     8   -49    16    16   -58     2    30    10    -6   -20   -40    -8   -21    29   -15   -22   -23    22    -7   -35    29    36   -14    42   -26    30    16    14   -29     4    10   -52   -26   -43   -19    11   -12    22    17   -43   -22    14    10    -3    28    21    -2    -9    31   -49    45    27   -11   -40   -56   -10     6   -33   -56    14   -51    22    58    16     7    15     0   -53   -39    56    20     4   -30    -7    28     0   -21   -48    -4   -23     5    26    10   -54   -45   -13    11    23   -11    15    16   -47     7    -2     1   -12 
  -11    34    18    16   -29    29     3   -13   -12    38     1   -23    12   -47    25    -4    38   -43   -60     0    41   -29    49    -6    41   -13    24    36   -36    -2    66    28   -41     5    -4    -4     7   -17   -31    27   -28    12   -58   -16    69     4    44   -32    39   -43   -16    -9    -6    31    19    15     6    50     2   -14     9   -12    -1   -24    14    12   -14   -21    45   -56   -11    80   -59   -16    17    -7    39    36     7   -60   -27    66    -2   -35     8   -33   -36   -44    19   -10    11    17     9   -15     6   -21    -1   -18    14   -72     7    -7    -3     9   -21   -22   -17   -25   -17   -26   -24    23   -46    12   -37    48   -25    28   -37    34    46    21    22    -5   -47    12    27   -13    -4    41    29   -18   -40    48   -13    11   -29    22    18   -13    16   -15    11    -1   -14     8    -4   -27    16   -11   -42    47    24   -20    13    -9    12     0   -16    24   -14   -52     6    39     8    19   -14    23    12   -37    33    26   -32   -54     1    33    59    26   -22    16   -51    23   -40    -9     7    47     4    18   -29   -10   -68    -2     9   -34   -18    20     3    10   -13   -15   -23   -40    17   -57   -10     9     2    -8    16    15   -25     0     9   -30   -37    14    14   -28    28    35   -13     5    18     0    16   -10   -41   -19    15    24     1   -53   -30   -20   -38   -15    33    37   -17    44    14    19   -36    24    23    16   -10   -44    14     8    34    34     0    -5   -15   -23 
  -10    22     5     5    22   -28   -36    21    -7   -26   -39   -19    37   -47    16   -20     3    27   -32    11    12   -13   -20   -16   -24    27    -1   -34   -28   -25    60     7    57     1   -34    24   -13   -71   -34   -12    21     0     7    14    27    26    40   -13     6    16    -9   -28    -5    33    -6   -14    22    11   -32   -12    22   -19    17   -39    55    36    10   -39    16   -10    19    67     0    12   -35   -13   -10    29     1    15    -7    38     1   -24    23    -3    10    14   -40    15    27    -8    -1     6     8    22     5   -22    22    15   -52    13    32   -11    -5    -7   -37   -26     8    -1     9    24   -15    23   -23    13    11    28   -43    18   -46    37   -25    28    14     8    36   -41     3   -11    -5   -35   -18     5    14   -24     4    35     1   -16    47    23    37   -19    24     4    11    -5     7   -42   -21    -5    -1    16   -10     8     5    36   -20     9   -36   -24   -27   -11    14   -42     3     3    27    13   -53    39    16   -44   -37    62    29   -26     4    18    -1    17     0    -1   -25    20   -11     5    32    39    -7    12    -8    -3    -6    25   -26   -16    -5   -10    16   -21    32   -24   -34     7    41   -21    24     8   -38    61   -21     6   -14   -13    -8   -10   -32    24    -9    44    -5    -7    -1    -3   -13     6   -20   -10    -3   -51    28    -5    45    10   -10    13     2    -2    16   -10   -15    23   -38    -1   -10   -37   -30    -4   -11    25     3   -31     5    21 
   -5   -46     3    20    37   -11   -11    -1     9    16    22    33    29     2    39    33    -3   -13     4   -25   -48    40    -4   -34     0   -10    32    40    27    46    -6   -40   -28   -18    61    45    12    19     1    21   -61   -30    17    -8   -19    -6   -26    23     2   -69   -42    14   -46   -17    13   -30    -9    -4     7    -4   -15    55   -34    35   -78   -62    56   -15    -2    16   -34   -11    69    25    -1    15     3     4    46   -12    55    -5    -8     7    24    37    28    -1    -9    23    21    -6    16     5    23   -42   -13    -5   -10    23    11    16   -24   -55    18    -6    28   -24     6   -18    23   -44    -4   -10    45     6   -23   -58    49     1     6   -70   -12    30    -4   -51   -29     3   -38    29    32    12    42    -5   -70    19    11   -10     6   -13    -1   -16     2    37    23    26    -4    13    -4    16    -3   -16    12    -1    22    -6   -23     4    42    18   -27    27    38    21   -17    23   -22     0    17    12    51    32    26   -10    -4     7     9    29    -7   -16   -15   -20    19   -13    48   -11     6    14   -42    -6    34   -51    23     1    40     3     3   -15    14    -1     7    42    14    59    14   -52   -27    32   -18    37    12   -25   -10    53     0    31   -24    66    -8    13    -7   -14   -14    -9   -17   -33    34    21    15    21     0    30   -17    30   -21   -12   -36   -44   -35   -71    -7    43    21   -70    -9    -8   -26    11   -24    27    39   -50    15    17   -34   -18 
    1    -9     8     5    12    53   -38    34    34    12    38   -28   -21    17   -31   -16   -14    44    70     0     4   -49   -48    27   -26     2   -23    31    26   -24   -15   -21   -18   -32   -30     6   -26   -41    13   -21     0    14    19     9   -29   -24   -17    46   -12   -25   -15   -15   -18   -10    -3     6    15    -9    50   -16    35    41   -22    35     8    32     7    18    39   -13   -21    17    30   -24    -2    21   -44    19    10    35    37   -43   -30    25   -39    27    48    50   -37   -26   -45   -23    16   -12    17   -29    -3   -38   -11   -38    18    39     5     8    40    -1    43   -13   -67   -32    38   -55     4   -14     7    22    46   -40    28   -44    16    -1    20   -24    36   -39    29    -4    -8    29   -35   -24   -12    27    12    12    58    -1     6    62   -20    39    13    14     2    17    14   -16   -20    34   -14     6   -12    59     3   -22    -6    -1   -10   -36   -33    -1     5    19     1     2     2   -26     3    35    -5   -31   -34    35    38    -6   -58     8   -14    -9    16    10    34    58   -45     0    35    -2    23    35    42   -57     2     5    18    15    19    54    42     5   -19    49   -17    29     8    26    15    19    10   -40    -7    11     5    -5   -24   -14   -21   -21   -31    21    -9   -14     8    -6    21    10     5   -38   -62    29   -11    11     1   -24     6    -9   -50   -25   -10    15    -2    44    53    23   -51   -46     0    47    31     3   -29    -3   -18    46    36   -20 
   -2    18   -12    -5    43     4   -49    40    -3    22   -25   -49   -38    -8   -19    -8    32    15    -3   -35   -32    43    26    49   -21    50     9   -22   -13    10    30   -26    -8   -11    65    19   -30    14    11    42    -5    64    15    39   -46     9    58   -20     6   -24   -13    30    25   -12    -4    48    63    49   -20    13    69    -3    52    18    -9    10    -2   -13    24   -19     2    12    30     2    10     7    12   -23    25    -8    58    11    20     9    11   -31    49    17    -4    22     8   -26   -12     3    15   -33     1   -82    14    38    -9    10    10   -33    -6    -3   -12   -47   -17    15    12   -21    -6     0    33    42    27   -66    -4     3    19    20     5    35    30   -70    21   -16   -31    14    40   -63    18    32     4   -40     3    26    11    41    44    36    41   -31    30    40   -12     0    27   -15   -15   -42    26    47    -2    18   -26     8   -18   -22    19    21    -4    30    18     7   -37     2   -40     3   -46    55    30   -36   -25    95   -39    18    42     3   -66    51    18    23     2    35    30   -12    -3    67    64    -7    28    19    29   -17    45    -3    29    -4    74   -30    -1    31    18   -11    11    23    12    21   -50    30    -6    64    -3   -26   -26   -10    -3   -29    20   -36   -45    63    43     7   -18     0     1   -16     6   -36    23     3     4     3   -15   -38     0   -92    18   -11    16   -11   -39    33     4    11    10    17    12    28   -42    42   -35    30 
   -9     4    -9    67    -1    40   -58    -9     2    -7   -11    18     0    20     2   -15   -20    -7    14   -46   -27    52    12     1    19     3   -16   -12    27    77   -34   -16    46    37    -1   -18    21   -43    -9    20    45    15    40    42     0     7    17    57    11    28    46   -12   -16    21   -49    29    26   -22    15    18   -43   -39   -52   -24    23   -61    -3   -14   -17    -5   -26   -46    -7   -25    -6    26   -33    18   -21   -24     7   -15   -24    -7     8    12   -38    46   -11    59     1    -3    56    17   -39    42    -2    10   -34    42    30     7    36    -6    14    15    22    27   -23   -21    56    22   -10   -49    36   -19    34     6    34   -24   -54     6    -4    -9   -33   -33   -15   -22   -19   -61   -26   -36    25    30   -39    28   -21   -23   -70   -48   -43    12    31   -40   -19   -15    15   -35    34    40    12     3   -13   -21    14    20   -84   -14    -2    38   -15    -5    12     6   -36   -53    61    -2    -8    -9   -38    -1   -58    -3     8     7   -11    -7   -18   -10   -29    -9    13    32    -5    48    29   -88   -44   -27   -13     6     0    19     3    -4    13    -4    -2    42     1    16    26   -15   -26    -8     5    30   -23    14     5   -36   -42    -4   -12    16   -11    -5    -6   -37    15    70    18   -23    28   -47    14   -29    27    26    -9    29    73    41     3    31    41    -1     6   -20     8   -17    17    -8    21    22    37     6    -3    43   -36    -9    14    -2    -9    -6 
   19    49   -33    21     1   -18    -9   -52   -18   -13   -27    21     7   -24    29    74   -13    62   -32    37    40    13    34    -3    26    31   -14     5   -23    16    -3   -28    15     6    20    21    40    -8   -45    41     2     6     0     6    42   -22    22   -64   -30    23   -32   -28   -13    47    19   -33   -13    15    54    40     4    -7   -25   -16     9   -50    20   -37   -22    -5     6    -6     8    51   -51    -1    17     8   -20    32   -13    54    -5    -2   -25    63   -12   -33   -57    -7    17   -10    31   -59   -37   -28   -11    -5    47    28   -23    -1    11     1   -52    35    -3   -54   -34    13    16    75    24    65     8   -21   -18     6   -33    24   -10    -9   -44     2   -35     6    -8   -60    30     9     8    28   -24    39   -24   -44   -28    10   -54    39   -10   -36    56   -14    19    25   -31   -13    -3    -2    48   -23   -30   -12   -28     7    39    -9    28     3    -8    -1    18   -19    40     7    22   -18    66     6   -31     4    21   -65    -2    19     1   -12   -47     9     9     4    48   -65   -32   -45     0   -32   -25   -18   -33   -14     2     0   -11    36     0   -56    33   -15    17   -33   -14    -4   -33   -51    37   -16    -2    23   -17    -4    35   -18    22    43     5    10    23    35   -52    18    31   -12    64    24   -21    -8    34   -35     1    51   -11    35     2     3   -26     6    -8   -39   -44    23    18   -50   -53     1   -25    10   -41    -1    -9   -15    17    -4   -38    -1 
  -17     6    11   -34    -3    55   -15   -15    -4   -25    24    -5   -34    -1     5    -2   -34    23    23    25   -23   -14    15   -21     2     1    12    11     4   -41   -39    26   -23    25    22   -27    94    48    21    26    -4   -18   -42   -58    10    34   -14   -16   -17   -11   -19     1   -32     1   -45   -21    24   -14    70   -31   -30    43    23    -2    22    44    -2    27    25    -6   -37   -32     9    12    -9   -16    -3   -50    -3    38   -17     3   -14     9    -2    30   -48    22     5    -6    12     1    11    -3    12   -17   -11    35   -15     8    -8    14    30    32   -11    17   -44   -58     0    -1    25    14   -14    37    63    -2    40    24   -12   -22    29    -6    56     5   -68    -4    -1   -27    54    24    43    20   -28    -3    26   -27    34   -15    19    60    27     7     3   -18    25    11    35   -11    -6   -16    40   -23   -64    35   -36   -18     5    41     4    13   -54   -49    33   -23    52   -49    57    -8    23   -36   -71     0   -14   -57   -27   -47    -7   -20   -53    -2    24     4    20   -26   -18   -12   -23    18     8    -2    -1     8     1   -35   -32   -34    -1   -42    27   -13   -31   -27   -38    37    19     9    -5   -13     8    -8    15    19    28    21   -44   -16    -7   -46   -36    31   -55    36    56     2   -18    42    56   -52   -43    17    18   -24    -1   -14    35    -3   -22   -21   -55    17   -30    23    15   -16   -62   -34    -2   -12    20    23     7   -50   -47    -3    -6    31 
   -7     3    -5   -22   -29    -8    23    29     8     0    29    45     5   -17     4    25    17   -11     3    -6    11    22   -29    15    10   -36    23   -12    21   -14   -52    43   -24     0     7    14     7   -26    32   -30   -19    39   -24    -6    22   -26   -27    11   -33    39    13    22   -18   -21    -2    43    -1   -56   -18   -26   -46     9    -1     6   -62   -44     1   -30     6    17   -16   -10    10     0    17    47    -8    -9   -29     6    -7    51     8    17     0   -23    47     2    14   -70     9    21    -3    22   -28    -3   -34    49    30   -24     2    74   -33    -9   -41    19   -17     0   -30   -35    23   -12   -36   -13     9   -23    10     4     0    30    11    -4   -28     3    22     6   -11     9    15   -32    19    20   -13   -58    -8   -17    25    27    23   -35    10   -12   -13   -28    -4    15   -30    -8    45    -5    18     7   -36   -27     8    22    33    -3    23    25    60    -8   -43    -4    25    21   -50     6   -10   -19    -9   -22   -30    33    75    -1    -9    32    62   -46    -8   -14   -43   -86   -11    10     5   -35   -11   -18   -20     0     7     9     0    30    15   -28   -10   -10   -33    11    -5    18   -34     2   -18   -12   -44   -28     4   -19    22   -26   -18     6     6     4    22   -12   -24   -10   -39   -13   -17    31   -56   -21    41    10    17    16   -19   -22    -4    10   -14    19    23    34    -3   -12    24     2     3   -13   -13     2   -42   -32   -72    -4    23   -22     3   -60 
   49   -25    39    -6    -4    46    10     1    19   -32     8    22   -44   -60   -28    18     0   -35    10    35    -6     2   -19   -51    10   -42    37    -6    16   -11   -21     8   -27    38   -25    37     8   -28    22    16    17    37    40   -22     8   -50    28    -1   -47    46   -28     8   -15    42   -37    24    18    -5    41   -18    43   -29    11    24    18   -19   -42    -3    22   -12    32    15    31    12    -3    16   -11   -14   -26    14   -12    -8   -40    20    12   -19    29   -19    19   -28     3   -21    22     5   -17   -21   -51   -42    36    -9   -13   -25    62   -26    19    -6   -15    -6   -13   -49    33   -22   -12   -31    12    42    27   -49   -26     4    13   -36     6    -6     3    -9    31     2    23   -59    -4   -11   -11    36   -10   -31    14    19    23    19   -11    12    51     2     0    10    -4   -48    12    24   -15   -35   -24    13   -36   -81    25    10   -26   -18    54   -17   -21   -12     2    14    -2    31   -15   -24   -48    29     3    37    -2     7     6    26     3   -76    28    23   -43     2     1     2   -13    -1    10    84    31     8   -34    15    21     0   -12   -20    17   -36     6   -19    15    38    13    49    27    -3    27    -5    11    16     3   -42   -23   -47     7   -14   -45    19   -14   -26     8     5   -45    29   -18    -7   -22   -56    -6    36   -22   -10   -18   -28   -45   -31     3   -11    28    20   -37   -11   -13   -26    10   -22    -5   -40     7    21   -33   -31   -44   -14 
  -45    12   -40     1    15    -9    29    -2    42    24    -3   -39   -58    17   -49    10    50    44    56     8   -14   -28   -16   -30   -38    83    18    44   -24    -2    -4    37     2    26   -25     9    14    22     8     8    13    51   -12   -18   -19     9    -8    44    20   -27     7     1    39    48   -30    78    -4     3    34    38    33   -26   -32   -12   -18     5     0    26    60   -29    36   -18     7   -72   -11     4    -4   -22    42   -48     3    18    22    65    19   -12     9     4     3   -22    30   -31   -24    10    44    21    16    -2   -22    -3    43   -23   -69   -11    27    -9    29    19   -23   -52    32   -38    47   -32    42   -20    30   -38   -27    21    -8   -16    25   -13    19    41    -9   -11    44    -6   -46    -2    32   -65    66    10    14    15    41   -30    -2   -14   -15   -14    -6   -34   -44   -60   -46   -10   -19    29    11    13    30   -50   -32     3   -18   -54    18    -7   -16   -37   -20    37     0   -35   -53     1    -3   -72    -7    30    76     9   -28    15    26   -26    -6    28   -16    13   -21   -14   -10   -45     9    20    27     2    10    -9    43   -55    30   -18    19   -23   -33   -20    -8     5    25    -9   -16   -24   -26    -2    14    49    38    45     5    17   -83    -6   -35     1     8    21   -12     4    18    16    -6   -72    -1    19   -31   -20    34    23     5   -12     9   -19   -43    -2    77     3    20    10   -10    40    48    27    50   -26    24     7    -8     5    41    23 
   15    20   -55    22    28    15     3   -20   -64     7   -19    26   -12   -41   -24   -34     1   -34   -24    -4    44    10    54   -28    15     7     1    21   -13   -44   -12   -20   -11    44    18    52    62    12   -46    66   -28    15   -11    -7    10   -36    25   -25    25    47   -28   -21   -33    23   -49   -20    -1    39    49   -36    13    -8   -29    -7    46   -17    -2   -36   -35   -50    15    51    33   -12   -44   -41   -21    30    -5   -19     3    22   -30   -30   -46     5   -12   -54   -13   -20    40   -22    62    -7    13   -54   -13    17   -17   -31    29   -13    46    21    18   -11    16    -8   -47    11    48     5   -26    40   -10    65    34    37    37    -9    24    28    17   -28   -61   -51    10   -52    36    29   -11   -44     6    50     2   -41   -35    -8     8     8    18    -7    73    23   -16   -20   -23    -6   -25    28   -47    -4    24    -8   -26   -55     8    20   -27    15   -77   -52     5     9   -17    29    29   -10     5   -65   -29     3    12   -71    -1    39    23    31   -44    33    -1    23    29   -67   -35    -2    -4   -31    -8     8    -1   -37    19   -19     8    -1   -14   -13    24     9    16    15    14    -3   -11    62    45    18    28    24    44    26   -10    26    12     0    48   -47    26    25   -31   -10    85    14   -10   -51   -84    -6   -65   -46    15    36   -14     5     0   -27    22   -10    -5   -17    40    95   -39    40   -57   -88   -62   -14    96    -7    27     9   -71   -29   -72   -22 
  -40    43    10    -6   -16     6    27    10    -5    36    -3   -11   -26    -5   -36   -15    -4   -41    20   -34     8   -32   -52    38    -5    -5    -3     2    42    21    13   -30   -26   -30   -46   -27    19   -14    36    -5    50    19     5    50   -34    51   -10    14    -9    14    12    -2    27   -34    -2    41    18    -8     7   -47   -13   -26   -17    23   -11    25     1    17     3   -40     3   -28   -54   -23    29    27    46    61   -14     5    -5   -35    11     6   -23   -29    17    -6    16    16   -29     8   -30    26   -28   -33    10   -14    -1   -11   -14    -1    10    19     1    13    10   -25    -7   -17   -16   -53   -67   -15    18    19   -18   -15     9   -38    27   -20    -5   -53    34    19     2    18    19   -29   -15     8   -27    17   -25    14    -1   -30    30    21    -1    -4   -58   -21   -49    44   -20    15    32     1   -24    32    59   -66    37    12    -8   -47     3    12   -33   -13     4    46    19    25   -10   -22   -39    -7    51    -8   -46    46    14    18    -4     7     5   -12     0   -36   -33   -49   -66    60   -18    -7     6   -16   -16    -2   -26   -12   -14     0    19    49    19    22    -3     1     0   -67   -40     9   -43    35   -20    31   -23   -40    31   -21    -7    57    33     6     5   -20   -31    14    46    -7    46    21   -36   -31     4    40    15   -12   -13    23   -26    25    11    17    61    27    23     2    27     1    42    -6   -14   -14    37    -4    -6    40    32     3    26     1 
  -25   -25     5    -1    57    21    29     4    10     7   -34   -27   -21    -8    25   -32    27   106    -9    34   -22   -15   -12   -10   -19    -1    -2     3   -37   -40     2    15    62   -36   -23    49   -22   -21   -35   -34   -22    20     9   -17   -31   -43    26    37     5    -8   -13     4    17    37   -14   -17    36    56     3    43    20    22   -28    23    47   -25    42    18   -36   -25    13   -19    55    53   -69   -46   -57   -27   -62    31     1    41    24   -13   -31    -4    -5   -34   -50   -50     2   -13    14     6    16    40   -10   -15    15    14    -9   -20    21     7    -6   -24   -36    38   -20    12   -23    56    34    46    -3   -14     7    48   -42    13    -4     4   -44     3   -25    32    16   -57    16   -22    10    31    28     8     9    -8   -24   -58   -50    32   -12     4    -9     5    17    -7   -24     0   -35    -8   -13     3   -69    50    23   -20    25    41    -9   -47    -6     3    -9   -41   -25   -35     3  -102    28    39   -20   -15    27   -25   -20    20   -27   -81   -21    51    11    32    17    38     7   -61   -21   -17    45    15    31     5    30     5   -15    -5   -38     6   -28   -21    28     1   -19    10    -5   -31    41     9    24    10   -18    63    11    41   -35    16   -44   -41    20    29     5    -6   -35    30     8   -14    31   -24    -7   -79   -12     6    70    -1    24    -2   -13    18    -5    -3    -1   -36    33    58    24    21    -8    36    -8    31   -12   -34     0    -4    21     6 
  -17     7     4   -25    10     3   -48     5     1   -19   -46   -27    14    19    -6    -9   -39    10   -18    13    11   -34    -8   -44   -23    -7   -50   -35   -19     1    44   -52     4   -17   -18     3    10   -83    26   -13    56   -24    18    11   -27    72    56   -31   -37    23   -49   -21    21   -28     9    -8     4   -23   -44   -33    -3   -18    50   -40    45    50   -14    27     1    26    56     2   -37    29    20     0    21     0    31    28   -14    -5    17    -4   -14   -11    22    71   -19    37   -33    -6   -48     3     2    -4    19   -26    17    52   -59   -29    -2    -4     5    53   -27    16    46     5   -27    12   -27    23   -32   -48   -49   -14    -6    21   -65   -11   -38   -23    46    41     8   -12    11    -4   -37   -26   -14   -13     3     1    30    17    14    35    18    48    19    -5   -30    29     4    20    21   -30    40   -17    25    -1   -17    52   -62   -62   -21    49    -9     1   -23   -14   -13    -2    -6    11    11    -6    23    48     0   -13   -48     7    23   -51    31     1    12   -10    -6   -36   -12    -6    -7    -4    31    -8   -12    12   -50    11   -39    -5    -1    46     0     4    35    24    11   -22    -6    -4     0    -7    15   -12    -9     4    -8    -6    10   -19    24     4   -66   -52    13   -10    -9     1    20    28    -4    52    29    14     6     9    18    21    42    13    57    18     3    15   -25     4   -15   -19   -22   -17   -13   -10   -47    -9   -22    17    -8    -6   -36    56 
   25   -18   -32    67   -21     3    -4    17    -2    -2    -7   -13   -13   -16    10    13    -2    51    29     9     7    -3    13    -2   -23   -47   -11    10   -25    32    41   -35    21    25    11     7    10   -17   -22   -25    12    49    12   -22   -37   -63   -25   -10     7    46     0    28    16     6   -14     8     6   -40     2     8   -30   -15   -26    24    45   -48     9   -34   -36   -35    31    43    29    16     0     5   -61   -31   -59    -2    44    25   -11    20     4   -27   101   -53    -4   -69    14   -11    23    14     7    17     9    11     0   -12    14    -7     2   -18   -20    20   -14    21   -44   -29    17    48    26    34   -30    15   -15    55   -35    -1    -5     1    -6   -17    17    -9    -7   -13    -2     0    -3    12    49    50   -33    18    -2   -49    11     0   -33     8    28   -15    35     1    -8   -21    20    44   -15     6   -31    -7   -36   -46    32    22    17     9    -3     1     8   -25   -36   -19   -55   -46    32    15   -33    30   -42   -14     3    -8    23   -28    -5    31   -25    -7   -29    -9   -35     3   -10    -5    29    -7    -3    -3    -6    -7   -57    -8    -5    -1   -21   -24   -25     5    32   -50   -18   -38    28     2   -41    20   -35   -19   -19   -34    26    52   -29     8     0    25     6   -38   -43     1    -8   -17   -50    33    -1     6    19     7    36    17   -29    -6     4     1    -7   -14    -9   -16    -6    28    -1   -44    20     6   -16     3   -20    -8    33    -3    15   -25 
   13    18   -50    17    53   -22     6    17   -39    -2   -27    10    -6   -12     4   -26     3    35    16    48   -44    52    -6    15     3    -9    -8    12   -11   -31   -27     1    33    11    20    -9   -13    53   -20    38   -60    -2     9   -20   -64    17    23   -10    17    -1    -6    54   -14   -48   -27    24     9    53   -37    39    -4     9   -34   -35    10   -24    33    29   -69    -4   -11   -35    63    29   -24   -54    -3    16   -33    63    22   -24   -26   -32    38    27    14   -72     3   -67    23   -14   -33     7    35   -27    50     1    -2    26     5   -48    18    22     2   -20    41   -17    29    -5   -18   -19    46    40    17    38     2    14    -6    23    63    37     1     6    -2    -9    22    -9    -9     8    20    30    21    24    -1    23   -36   -48     2    31    20   -11   -42   -44    -8   -30   -27    66   -12   -16    30   -21    20    20   -61    13    -6    42    17    10   -27    32   -25   -21   -17    25   -26   -50   -38    -8     8     7    27   -27     4    -1   -28    -9   -45    25    27   -56    34   -21     4   -14   -18    31    74    21    42    37    31    -2    -7   -31    27   -14    -3    47    59    13    -5   -13    27    -9   -30    39   -54    35    16    29    29    48    62   -16    -1     8   -18     7    29   -52    33    10    -6   -28     8     6   -55   -12    11   -32   -34    20   -26    -4   -41   -45    46    -3   -20    -3   -15    18   -40   -19   -81     2    42   -10    12    12    37    29    26    21 
   14    18    15   -12   -40    29   -26    28     8   -11    39   -16     4   -24    11    -6    25   -12   -13   -39    20   -10   -23    56    15   -21     4   -39    76    57   -16    46   -34   -36    11   -37   -29    39    46     7     2     5   -44    15    -7    19   -33   -52   -39     0    24    14    -2    19   -27    15     9    33     6   -15    25    63    29    48   -14    36   -21     5    13    -2    -7    12   -14    19     1     3    29    11   -67    20    14    15   -40   -19    33     3   -17    -2    13    19   -25    27    27     1   -18     2   -26   -29    11    -1    30    21    20    25   -61    -8     7   -60    13    39   -49     4   -27   -28    10     9    76    11    17   -17    34    18    -3     9     1    -1    29    39    17    29    18    17     2    38    -6     8    -1    -3   -13    42     4    43   -19   -24    16     0    79    32    32   -23     2   -13   -21    18     9    29    34    -7     8   -17    21    48    -2    -2     7   -25    10     8   -34    10   -42    -2   -14   -28   -17    -5   -34   -35    -4    29   -22     0   -34    16    19    52    10    12   -36   -35     8   -31   -24     7   -25    26    23   -37   -11    34    -5    -4   -28    16     5   -27    -4   -14    -1   -15   -10   -31   -15    -8     0   -41   -15    29    92     4    -8   -13   -47    24    -3   -37     7   -24    53    -2    -2   -47   -28   -39   -46    16    -3     5    29    27   -22   -45     4     1     2     0    18    21    10    -1   -12    13    -5    12     6   -40 
   31   -38    -7    12    46    43    -5   -71   -10    41    28    37   -43    -7     2     1   -23   -11    15   -14    26    30    36     0    43   -53    31    11   -15    -8   -34   -30     5    24    46   -67    55   -17   -10   -20   -11   -33   -14   -37    -8   -19   -36    35     0     2    19    41    -4    13     9   -20   -23   -22    30    19   -21    26   -47    13   -21   -51   -53    22   -89    33   -36   -31   -47    17    13    -1    37    10     8     8    24    19    45    -6   -42   -34    -4   -32    38   -13    23    31     4   -26     2    32     2    19   -23     3    26   -23   -19    -7    27    18    -3    46    -2    -5    -9    13   -32   -26   -13    -9   -31   -10   -19   -18    -6   -34    41   -17   -16    -5    30     3    20    10    -3    21    -5    27    15    39   -14   -28    53    26   -20    15    40    40    -7    42     9   -37    35    70    55    31   -13   -78   -36    -3     6    -6   -12   -15   -34   -26    62    16   -26     7    30   -39    18   -37    20     8   -27   -16   -44   -15   -11   -50   -26    26    46   -15    24   -12   -11    23    17   -30   -28   -24     4     7   -10    25   -10     6    -1    34   -24    30   -24     7    36    41    16   -15    25    55    44     7    33   -45   -31     8   -39    36    40   -23   -71    15    46   -22    74     5    23   -46    -2    -3   -16    28    50    91    10    -2     3   -27   -14   -12    19    -2   -62    49   -35     4   -33   -36   -19    44     0    36    16   -25   -45    -4     2   -22 
   25    14    -7    -5    32     5   -32     0    24    17   -41   -53   -44     4    -9   -39    27    26     4   -41   -24   -38   -61    71   -67    13    28    40     8    47    19   -52    19   -18   -22   -11    -1    -5     7   -22    -8     7     9    68     3    76    -5    27    -5   -10     3   -10    20    49    -8    28    18    54    -9   -11    30    19   -26   -15    36     7    37   -16    20     6    31    -4     0   -45   -48    14    26    -6   -12   -15    33    28    -2    15   -18   -34     6   -21   -37    23   -24     0    12     9     8    12   -12   -49    16    10    -7   -24    -2    -7    20   -22   -19   -34   -18   -17   -23   -40   -31    24    10    -5    48   -34    10    -8    -3    50     3   -17    35    58     6     0    37   -11   -14   -29   -25    46    37    -2    -1    45   -38    34    -9    -2    10     3    -3    75   -15     4   -27     6   -16   -19    39   -54     9    -1    -8   -20    43   -52   -27    37    21    35   -29     2    -8   -61   -12    42    23    -2    54   -11    19    64    -3    -9    17    37   -10   -12    11     1   -61    33    14     6     0    15    24   -14   -39   -10    19    82     3   -10    32     0     6     4   -16   -50   -25   -34    62    20    22    21   -45    -5   -16    34     0    30   -28    56    -3    -8    12    40   -13   -15     7    15   -14   -42   -12   -11   -11   -34    -8   -16     0   -22   -21     6    18   -18    34     1    31    17    -2    16    39     0   -13   -11    15   -13    43   -46    51     1 
    8   -43    39    38     7    36   -27    26    -1    -9   -73    -6     8     2    17    32    18    -5    17    34   -67    38     4   -29   -29     0    14     2   -19    41    49   -25   -18    29    16    59    39   -50    -4    20    13   -30    -1     2    -1    14    67    63    24    -5     4    14    41     5   -50    -5    21    16    -3   -46   -18     1   -16   -43    14   -42     8   -47    52    -7    22    29    -2    24    25   -10    21     5    32   -54   -43    53     0     3    19    20   -10    17     0    30    -3    33    19     6     1     1     8    24    57    21   -32    -6     4   -55     8    34    -2     7   -17    -9    36    31   -14    31   -12   -14   -29     3   -14    18   -52   -21    -4    -3   -32    15   -23   -52   -21    -5    32   -10    39    21    -2   -28     3   -16   -33   -39    -2   -20    58    -5   -32    33    -3   -15   -23    -6   -33    28   -11   -45    16   -14   -35    -8    19    13   -12   -43    18    22   -35   -27   -29   -53    15    23    21    67    18   -17    -5   -17    57    16    36    -7   -61    -9     2     5    23     9   -14   -41    11     8   -20    34   -21   -34    10   -25   -49    29    -6   -24   -19     9    40    -2   -12    -9    25     9    -1    40   -10   -17   -51    40    33    31    -3     5    -4   -23    -1    61    -5    -5   -30    -6     2     7     3    20   -41   -10    64    23     0    -4    39    26   -77   -34     9    10     7   -21    44    41    27    -2   -51     2   -16   -19    10    33     5    -7 
   31     8     2    20    35    38   -65    -7    -5    -1    24     9    -3   -25    89    12   -18    11    -3   -40   -18    53    37   -25    43   -42    10   -14   -11   -28   -26   -27     0    -9    35    -9    38     1    27    13   -32   -49    -2   -12    30   -36    -8     1    -2   -29     7    47    -5   -30   -12   -21     0   -20     9   -13   -23    61   -31    25   -22     4    20   -19   -69    29   -57    -8    15    44     4   -10   -18    14   -11    23    53    27     7   -29    -8   -16   -21     8     0   -14    27    52    11    24    11     3    -5   -16     9    76   -27    49    -2    11   -34   -23    25   -54    16     6    42   -19   -46     0   -38   -41   -15   -22    -7     8    35   -11    -5    33   -40    11    18     4     6     2    73   -18   -26     1   -16    51    11   -30    10    44    17    21     4   -18     2    52     3   -22    80     9    35    -7    -6   -25   -14    24    30    10    24    36   -40   -13    10   -23    85   -18    20    -2    21   -12   -18    -1   -28   -45    -2    -1   -15   -21   -72    11    12   -31    14    -2     8    13     3    -5    20    21    22    56    37    27    13   -27    16     8    -3    36    45   -29   -24    46    34    -4   -16     8   -27    48   -50   -16    -4    -3   -41    31    -3   -12   -14   -13    29   -17    14    32    -6   -17    61    34    19    21    -1   -18    52     0   -22   -23   -37    11    12   -40   -35    -3    14   -39   -52   -22    12    17   -36    27   -35   -22     4    13    41    -5 
   32    33     8    14    12   -33    17   -46   -15    13    -6    27    -1   -84    21   -12    11    -4    -2    -5   -36    30    14     9    -6     9    10    24   -18   -12    30    24    14    12    23   -22    44    53    10    37   -26   -72   -44     9     7    36     2     1     6   -54    54    14    -5     2     7    -1   -15    33   -20   -24    -8   -34   -36   -20    13    19    11   -37   -13    -9   -13   -25    22   -23    -8   -26     4    16   -16   -32    21    60   -32   -37     0   -22     7    -9    27     8    21    10    25    45    17   -18   -14    10    -9    33   -61    29    -2    19   -35   -41   -37   -69    18    22   -16   -16   -50   -23    -7    21     7    38    18   -12    58    -1    10     7     1   -21     3    22     2    19   -14    -4   -19    -8    17    62    -7    13   -10     1     0   -17    11    -4   -21    29    17   -12    12     5    -4   -14    53   -17    -8     8     0     0    59     9   -41    -3    40     3    -3   -32    27    61    14   -48     3   -31    40   -74    44    37     5    15   -40    15   -24    14   -68     1   -32    36   -12    20    23     6   -37    41    52     3     2    21   -43   -44   -47    32    35    -4    38   -35   -24   -35   -32    18   -30    60   -48    -7   -16     9    -3   -23   -37    11    58    16   -29    -3     7    12   -44   -18    32    -8    27   -14    47     4   -19   -29    -9   -34    -3    18    13   -11    21     0   -48     0    19    47   -46   -40    -2    13     8     4     2   -58    26    18 
    1    20    39   -52    -8    38    -7    11   -31   -14    27     5   -33    22    -7   -37   -29   -14    -8   -39     9    22   -58     2    27    -3     3   -43    38   -19     5     2    -4     5   -32   -40     3   -41    14   -35    73    19    27   -22    -1    34     7   -11   -24    63   -13    11     6    -8   -40    45    17   -14    46     7    -6    34    30     3     1    78   -11    76    21     4     7    -3     2    44     9    46    50    18   -28    35     4    19    55    27    18   -17   -15    37    21    21    -1    16    20     9    15    53    10    -5     9    66   -17    22    70   -33   -17    12   -52   -36    64    68   -13     9   -11   -12    -1    12    16     9   -61     4   -58    10   -10    -8    15    45    28     9   -17     2     4     2    14    28   -43   -34    39    45    15    29    13     7    -9     5   -26    21   -30    40    34   -23    12    23   -23   -29    20    36    17     4   -22    10    29   -14   -39    19   -12   -32     1   -37    -9    29   -34    25   -12    61    -8    27     3   -65     9     9   -19   -42    24     2   -12    41   -31     7   -12   -12     2   -32   -51    12    -3   -35    35   -17    -4    15    -7   -37   -46   -15   -20    -5     4     0    -6   -28     3     5    -8    -3   -19    34    34   -16   -23   -48    -4     1    -7   -13    15     2     0    26     0     1    -2   -42    15     7   -10    47    25    -5   -56    19   -20   -10    30   -11   -14   -13    66   -31   -14    29    41     2    -8   -43     8    16 
   -5   -28    34   -14    -2     4    18    37    33    29    13    33    16   -37     3    22    30    31    14    15   -40    27   -13   -12   -41     1    14     8    28   -34    -3    29    -3   -21    23    63    57     3    38   -61    31    15     9   -36   -57   -27     6    36    -4   -28   -20    39     3    28     9    48   -12    30   -24    18   -17    32   -28    12   -31   -34    27   -64    24    -7    10   -50    60     4    22    19   -35   -75   -25    -8    14    40    -7    18     7    21    -2     2    18   -23    10    42    17    19    48     6     0    22   -31    19   -25    13    -5   -37    26   -11     3   -27    -5   -25    28   -29    30   -47    28   -12     9    -8    -3    11   -42   -16     7    34    -8    -7   -47    17   -22   -62     6    15    28   -36   -13   -11    26   -10   -11     5    20    18    20    24    -1    38   -17   -28   -26   -15   -15    23    17     3   -43    -1   -24    65    33     2    -4   -29     2     2    51    29   -42   -12     0    38     1    -1   -36   -14     8    52   -34   -10    31     8    -2     6    13   -57    18   -45     5   -10   -15    -7    53    10    74   -50   -12   -19     2   -25    21    17     1    21   -36    53    25   -18    21    -7    -4   -13   -10    19     0    59   -22    25   -11    41   -22     8    -6    18    -7    34   -41   -33    -4   -39   -10    -8   -12     3    21   -10    -9   -18    -3   -27    -3   -17   -12    24    55    -4    13     0    23   -22     4    -9     0    29   -13    12   -41    -5 
  -13    32    18    -8    19   -12    35    33    11    23    19   -26    11   -20    36   -45     6   -14    31   -23    24   -18     3   -57    58   -28     9     5   -23   -45     2     0   -10   -44     2     5   -33     6    41   -18   -25    30    63   -19   -15   -51    29    35    31    17    36   -11    26   -21   -36    17    11     5    26    -6   -22   -21    10    38    14     3   -16     5   -33     5   -30   -27    18    38    28     5     0   -25   -21    29    22    -8    -6    29   -42   -24     5   -23   -17   -18    39   -15   -25    17    -3   -10     6   -25   -56    28    42     2    10    -3    -3     6    12    37    11    -2    29    12    -1   -28   -37    23    76   -14    -9   -23    25    15   -35   -18     0     7   -48    17    34    -7    -3     1    15   -13   -64    16     1   -73   -59     8    35    -5   -23   -28   -38    -5   -14    -2   -35    21    -8   -41    -6    18    22    11    19   -21    11   -27   -14   -18   -18     5    24     8    -8   -24   -21    35    45     6   -35    53    21    33   -27    -2   -15    19   -19     0   -12    43    11   -25   -27     2    -6   -11     4    -1    71    -7    17     8    42    39    28   -17    25    17   -10    25    34   -16    14   -16    20    35    47    29    13    15   -21    -1    10    23    12    20    46    12   -31    16   -32    -9     1   -36    17   -27   -29    -2     2    31   -15    16   -14    30    34    19    11   -27    41    17    30    27    39   -13    18    -4     3    24   -14     1   -55     5 
  -22    25    -3    -6    25    -1    -1    18     7    29   -12   -15   -45    23   -41   -23   -19     1    45    15    20     5   -17     6    32   -13   -18   -13   -11   -19    30    32    -6    -7    26   -21   -19   -22   -22   -25    14   -17   -38   -44   -18     1    80     6     3   -18     1    37   -27   -25     2     3   -18    39    11    33    -2    11     7   -20    24    39    -4    42    41    -8    20    49    -6   -14    14   -10    46   -23    17    20   -24     7   -15   -60    16   -12   -38    25    27    -2   -18    16    10     0    48   -19    13    -6   -52     1   -22   -48    32     7     2   -31    -5     5     7     9   -34    52    31     5    28    27   -14    16     4    37    -4     0    -7     8   -32    13    69     2   -13     0    -2    26    -2    36    -7    22     7    -6     3    11    -6    63    -1   -46   -43   -16   -43    37    47    11    37   -20     1   -17     7    80     0    27    -6    64    11   -25   -51   -15    -4     6     1   -14   -20   -12   -16     2   -57   -22    -7   -46    43   -59   -28    20   -15   -34    33   -33    28    28   -14    46    -2   -45   -29     6     2   -44   -44   -43    10    -6    24    36    -4   -33   -35   -20    23     7   -29    19   -25   -24    27   -17   -10     2   -15   -39    25   -37     7   -26   -20   -38    10    -3     7    17    13    -9   -20    19     2   -31    17    75   -12    18    48   -20   -71    11   -12    -3    10    25   -32    54    -4   -16    20     5   -27    -8   -25    35   -33   -20 
  -41   -21   -16    -7    52    42   -36     2    37    -8    -4     5   -74   -21   -49    -5    15    59    18    26   -42    16    45    -4   -17     6    13   -43   -25   -11   -37   -27   -20   -11    28    -8    -5   -22    48     1   -24    -4   -14   -20   -12    29    54    -8   -55   -36     5    10    -9   -55    37     8    29     4     1     6     5   -50    50    11    10    14    -8    40    35    12    -8   -43   -30   -22    17   -21     6   -30    -2    35     3   -48     7    -7   -19    17    -5    48    16    21   -13    14   -39    28   -33   -67     7     6    24    13   -15   -13    19    24    10     4    16    -8    11   -27    34    25   -24    27    20    22    13   -31   -31    10    11   -42    30    19     2   -71    36   -43    23   -29    48   -25    -3    -1    46    -1    44    25     5    23    -7    69   -30   -38   -20    38    -5   -23     8     6    24   -61     2    16     3    -7   -33    -3   -72    -8    57   -41    -6   -34    35   -15    29   -43   -29   -49   -28   -13    10    20   -40   -21   -35     8    17   -62   -22    19   -13   -22     5    29    14    25    23    39    11   -11     5    14   -43    13    30    42    24   -51    42   -14   -24    33    33    28   -39     8     3   -51     7    53    11    -7   -17   -46    -7   -18   -57   -16   -16   -19    25    23     7    63    17   -36   -44     9    49   -15   -18     4    49     7   -35   -27     6   -27   -20    -9    21    -1   -60    28   -53    24    18    14   -30   -24    -9    57   -20    13 
   -7   -29   -23    27   -28    22    -9    21    -6    -6   -10   -24    67    19    23    52   -29    -2    25   -31   -37   -13    10     0   -20   -20     2    -8   -10    42   -46     9    -4   -14    -6   -26    11    31     1    42   -14   -12    -7   -14   -28    17   -42    51    15    40     2     5    10    22   -52    30    27   -19   -10   -41   -44    28   -17    46   -46     8   -31    13    -7   -23     7    21   -17   -24     2   -27   -37   -24    -1     6   -43   -26   -20   -29     2    -5    22    -1   -54   -16   -14    15     4   -61     4    29    -3   -28   -20   -26   -13     7   -12   -12   -17   -21     2   -35   -23   -50    -5   -92   -43     6   -12     6    -7   -10     5    -8    74   -14    22   -13    19    11    20    41   -16    19    -2   -25     5    40     8     8   -23   -21    13    38   -30   -33    33    10   -16   -21    27    21   -11   -15    21    72   -15    25   -38   -58   -23    -8    23    44   -56    37    49   -16   -13    25    -1    -3   -24   -14    52    11    -1   -41   -28    -8    -9    47     7    23    -2     9    13    29   -15   -30   -10   -16   -37    -8    -5     3     7    -8    11    25    12    -7    -8    46     3    50    -8    41    39    18   -14    77     3    32   -39   -30    31    78     7     2    -7   -27   -25     6    28   -17    -2    11    16    -5    28    29   -15    18   -40     3    50     0     3    -5   -11   -10    37    10    29    35   -31    21    53   -25   -10    -6    -5    15    31     1   -46    22     6     2 
  -14   -20   -51     7    23    53   -23   -33     7   -21    14   -25   -53   -18    -7    35   -23    12    35    24    21    35    12   -49    32    11   -28   -12   -31    12    -7    21   -24    47   -40    33    37     1     0    31    18   -41   -34    -8   -12   -21    -1    -5   -27    10   -21    63    -7    44   -45   -18   -18    17    28    11    24   -12    32    20    31    11    10    62   -41   -16     6     0    -3    -2   -29   -34    -4    15     4    36   -13   -20   -15    -1    -4   -30    -4    -6    16     4    18     6    34    25    -8    23   -11   -18   -29    14   -26   -35    25     2   -35    -6   -27     3     1    24     5    13    -5     5    39    11   -29    21   -29    35    -7   -33     5   -18   -43    38    36   -41     9    25    14    -6     7    -6    45    40   -39     9    47    15   -83    25   -20   -41   -61   -37   -35    21    29    36    22    40    -2    10    17    -4    13     4   -32     6    -6     9   -11   -18   -27   -31    71    -9    -5   -41   -41   -44   -40   -12    -1   -68   -14   -32   -54   -26    26   -21   -22    -8   -39    26   -23    12    25     2   -11    29   -39    64   -12   -66    23    33   -40     7    12   -15   -58    19    13    11   -59    -7   -25     8    18    10    -7   -37   -38   -35   -22   -31   -14    -7     3   -67    59     4   -22    31    45    55     8     8    13    14    32    57     5    -8    23   -10   -53     1   -21    10   -44    29   -38     2   -16    29    27    11    17   -17   -18   -12     6    -7 
   -8     0    28    -2    -5    86   -28    -9    -4   -18    47   -13    -4    11    36    14   -45   -36    38    17    28    25   -13    -5     8   -68   -25   -18   -46    -6   -29    42   -26    42     6   -26    59   -34     3   -11    -5   -67   -38    13    33    18     4    33    29   -33    44    12    30   -34   -64   -40   -19   -16    -7   -80   -21    44    18   -36    11    76   -49   -29   -18    -3    -6    31   -24    41     7    12    11   -24    14   -13   -40    43    -3    17    29   -35    12    34    -4    -7     2    27    58     2    21    20   -18    39   -17    42   -40    85    52    -1   -26    25   -51   -27   -30    19   -20   -51   -82    -2   -54    19    44    -4    21    22   -36    21    42   -14   -24    35     6   -24   -35    41    -9   -30   -14     8     6     1    19   -21     4    29    13    24    70   -27   -56    28    72    39   -18     9    27    30   -47   -10   -14    16   -29   -21    27    -6   -38    27    14    13    -9   -30     1     4    24   -20   -23    18   -33   -19    11   -27    -5   -53    16    47   -43    45    18    39   -40    63    13   -55   -12   -10   -45   -13    -9     0    29   -21    -3    28   -29   -10   -34    57    17    29   -17   -14   -12    10   -15    26    12   -15   -11    29   -15   -49    11   -44    14     1    -7   -26    10   -22   -10    24    44    30    35    58   -54   -38    20   -27    36    43    56    56   -75    48   -23    47    -5    62    21    29    49    30   -56   -12   -22   -15   -75    25    34   -31 
   -2   -25    22   -20   -35    34    -4   -12   -20    42    50     7   -24   -31     5   -44     4     7   -18    20    33     2    49    28    41   -36   -13    56    23    -3    -4    10   -71    -5    44    -4    22    21    10   -15   -52   -31   -49   -29    12    16    -6   -23    27   -65   -16     8    -5   -35    16   -27    42    32    48   -15     8    55    11    35   -10   -25   -53    13    10   -48   -26    -6   -21    22     4     1    32    18    -3   -12    33     9   -45    28   -17   -18   -33    10    51    -8   -50   -16    11   -20    26   -13    14   -12    -5   -24    67     2    -2    32     5    -3    12    -9   -10    36   -38    19     8   -13    -6     9     2   -23    37    -2    39    26    41   -11   -12   -16    -3    20    10    62     7    10   -23    45   -17    56    -2   -41    14    45   -35    29   -44    20   -17    -7    76    32     7     1    15    -7    31    27    10     1    35   -10    48   -32    -1   -12    10    42    -9   -23    -2   -25   -32    -7    -7    34   -15    -9     2   -39   -18   -32    26    58   -14   -22    -9    -4    48    18    48    10     4   -43   -10     2   -11   -40   -27   -39     8    32   -43   -12     4    20   -11   -22     3   -25   -45    33   -16    -1    22   -25     3   -16    -8   -11    13    19    92   -15    -1   -29   -19    37     7   -34    31   -22     2    -7   -17   -33    -2   -47   -62   -12    -7    20   -35     3     3     3   -11     4     1    28   -23    28    48    37   -19   -11   -23    30    29   -15 
  -19    22   -10    13    -3    -2   -24    -3   -37   -11   -29   -17    48    28    46    24     2   -45   -11   -27    29   -22    33   -10     5   -47    17   -44   -14    21   -13   -14    -4   -20    -9   -20   -24     1   -15    28   -15     7    -1    15    22     8    34   -19    42    33    21   -16    13    13   -35   -30    -3   -64   -53   -20   -31    36    16   -13    -9    -4   -12    33   -36    -2    20    39   -21   -14    -9   -41    60     7    -2    22   -24     2    -3   -40    -2     1   -19    20     8     7     9    14    -8     5   -18    33     2   -26     3   -21    -7    -8   -36   -34   -53    18     6    37    14    39    -8   -13    23    14   -47   -32   -28    -6    25     7     8     2     2    29   -25    33   -10   -18   -16     0    30     4    28    13    -7    23   -33     2   -30   -13   -27   -18   -18    29   -41   -33    14    25    10     1    16    -1   -42    15   -21     8     2   -11    25    62   -13    25   -26   -23    37    21    25    39   -14   -24    29    75    11   -51     3   -35    66    10   -11     2    -6     0    -1    22    32    -3   -10    40    16     4   -15    34   -15    21     7    21   -52    15     1   -12    -9   -34   -19    25    49    35   -18    -6    -9   -17    28   -10    -7   -22    31   -13    24     0     7   -26    34   -22    -2   -21   -14   -13    22    64    38    -6   -11    -5     3     9   -20     1    32    29   -18    -5    -3   -39   -21   -13    13    40   -15    -6   -34    22    -6    -5    13    29     1   -29 
   26    -8     4   -19   -59   -56   -16    19   -34   -17    35    37    33   -32    12   -41    22   -33   -43   -45   -30   -15   -12    19   -34    13    53   -11    44     6   -39    -4    -3    18    27   -11    19     8   -23    42    -2    12    12   -17    12    -2   -33   -49    15    25    -8    -4     2   -16    15    85    36   -12   -14   -10   -35     7    12   -57   -58     1    -6   -17    29   -24   -60   -12   -32   -15    27    23    38    18   -32    10    18    33    30    29    40    26    36    -6    11    10     2    34     2   -37     3    32     7    -5    17   -11    62    -2     1    14    11    19    12   -47    39    17    57   -44   -34   -19    18   -32    35   -11    -4   -53    35    -3    28    22    64   -56    14   -14     1   -31    -8    -5    17    -6   -34   -39    10    31    33   -14    60   -50     5    56    35    -4    52    -1    32   -12   -39     6    52    18   -12    13    -3   -18   -11    24   -11    12   -37    38    25    -4   -14    27     8   -11    13    38    32     1   -19    42   -10    34     4   -15   -47    15    30   -59    13    -7   -22   -45   -22    -5    -2   -27    19    -6    42    20    43   -42     6     8   -27     0    50    -2   -24   -15    25    28   -12    25    21   -29    -8    25    37   -23   -19    28    10    47    18    24    10   -18    17   -86   -56   -34   -39   -19    37    -9   -41   -32   -31    15   -23   -47    39   -48     0    12     2   -51   -29   -35   -26    11    74     8    19    43     4    17   -36    11 
    4   -14    -2    -3    15    10   -29    73    38   -19   -22   -26   -55    -7    -6     0   -19   -35    38   -18    -4   -11     3    15    19   -23   -58   -19    10   -51   -40     2    -8   -35     0   -16   -15   -15    29   -29    18    10   -16    28   -34    -9     9   -31    20     0     9    54     2   -43    -3   -32   -23    22    11   -44     0    23    23    35    49    18    -7    39   -36    20   -14   -46   -16    -2     5   -32   -10   -12    29    26    12   -56     1   -33   -88   -66   -15   -10   -19   -41     2   -22   -43    21   -67   -59    13     3   -38     5    10   -14   -17    32   -15    -6   -13    62    17   -28    -4    19   -25   -13    21    -3    12    15   -15    15    50    -5    38    -5   -21   -23    11    13    47    19    47     3   -62    26   -24    42   -22    -2   -23    36   -22    34   -27   -52   -45   -14     2    -3     8   -23    26    -3   -53    -8    -4    27    46   -36   -44    30   -19   -10    -7   -68    -7    10    43   -43   -82   -13    14    -1   -39   -15   -56    38   -51   -13    -6     5    28   -19   -72    15   -11    33   -17    38    25    11    15    19    24    28    19    -1    11    32     9    57     7    18   -53    11    59    36   -43     6    36     2    -3   -17    32   -21   -40    26    30   -42   -22   -14   -34   -59    26    16   -20    62    -6   -11    -3    13    33    17   -14    17    28    22    -3   -19    61    40    -5     1    12    11    47   -41     1   -33    13     4   -19   -23     1   -44   -35    10 
   -3    14    -2    61   -24    33   -14   -22    47   -52    22    26     0    33   -15    20   -17   -29    39   -10   -12   -24   -48    58   -29   -12   -76    31     9    26   -10     4   -16    53    -3   -53    -4    48     8    29   -45   -16   -18    16     7    51   -58     8    20    34    -6    -8   -72   -13   -46   -11   -28    -2    -1   -63    28    24    -3    52    52    41    -4    28    -7    -4    53    33    24   -30   -20   -14   -33     6    -7   -12     9   -25   -15   -31     3     1   -11    23     1    18   -41   -18    44    34   -29   -19   -28    28   -24   -81   -11    -1    -8    29    -7   -10   -47     2    -4    19   -26   -37   -11    16     2    27    18    35    64   -21     4    35    37   -46   -10   -11     0    35   -31    77   -48    47    -9    60   -25    35   -36   -13   -54     8   -62     0    22    12    -1     0    26    54   -58    -9   -21    -5   -17     3    -7   -27   -45    43     5     6    13    45    54    15   -87   -58     7    40    -1    18    33   -28    16   -32    13   -61     4     2   -11    36   -44    30   -34    57   -28    58     7    36    12   -27   -28   -34    15    23   -11    41   -23   -61    -5    13   -18    82   -57   -38    -1    -3   -14    25    -4   -18   -20   -26   -40    11     4    -8    -5    13    -9    -9   -24     1   -21    -7     2    39    21    14     3    26    13    -7   -48     1    39     2    23     9   -50    31   -11     0     8    16    59    -8     7   -23     2    12    50   -31    -9   -66    11   -16 
  -37   -26   -38   -28    -6     6    42     9   -18    25   -16    -9   -15     7   -30    25   -30    -2    29   -16    11    20    11    27   -16   -15    21    36   -46     4     4    14    11    28    12     1    20    -1   -27    -1   -19    11   -30   -22     0     9   -33    32    30    27   -10   -11     7   -18   -15     2    -7   -29    -4   -41   -23     5    36    17   -28   -14   -21     2    -4   -40     5    -7    24   -21    -7    -7   -42    -3    15    21    -5   -12    27    -9   -34   -42    65   -40   -16   -47    21   -13   -33    -8    29   -11   -34    47   -19   -22   -28    29   -13   -18    61    21   -42    -6   -46   -25   -48   -10    -3    40    30     9   -17     0    14    30    -1    40    28   -38    45   -26    -2    38     5    33   -14   -27    12     2    32   -17    19    17    37    16     1     2    31    15    21    -8    -9    10    -9     1    21    15   -38    -5   -12   -22     2     9    33     0    24     9     6    -7   -17     0   -43   -26   -11    -3   -15    18     5   -29    23    -5   -15   -10    59    47    16    -1     5   -21   -32    39    15    11    -4    -8   -21   -16    43   -41    30   -11    -6    -8   -20    -3   -41    48   -14   -10   -23    16   -22     8   -11    -6    14    12    21    26    16    54    23   -12   -55    16    -4    19   -22     5    11    39   -18     7   -32    32    -1    12    20   -32    35    22   -13     4   -26    21    51     6    -6    55    26   -17   -15     2   -16    30   -18   -48   -27   -21    39    -8 
  -25     1    -9   -65    48     9   -16    12    11     8    -9   -44   -41    52   -15    27    29    26    13    13    47   -45    17   -23    22    -1    -2   -35   -12   -52    11   -29   -68     2    -3    23    42   -12   -48   -20    -6     5    61    -8    -7   -41   -26   -14     0    13   -21     4    57    41   -29     5    36   -16    36    18    -7    37    54   -18   -22   -18    18    92    -3    15    17    40   -18     2    22    12     5   -42    26    30    15    -5    33    25   -13    -7    -9    -4   -15   -20    34    29     3   -58    16    20     3   -40   -30   -17     6   -46    -3    -5    43    -4   -35    54     7   -18     4   -29    72   -32   -10    -1   -17   -36    -2    43     6    12    29     2   -10    48   -33     3     2    23     0   -30   -20     6    29   -51   -11    22    43    60    -8    -7    23    31    14    13   -15   -31   -10    -6    12     8     2    26   -46   -30    47   -29    -6   -34    -6     7   -31    15    29    61    -7   -15     6    13    -4    44   -43   -19   -21     8    21   -31   -13   -28    51    19    35     0    26   -38    10    -4    12    43    35    21   -55   -24    -9   -70    23    18    -9   -48    -5   -28   -42    -4    22    -9    52   -35    26   -25    52   -11     5   -32   -42   -19    -5   -44   -27   -18    38    -5     2    43    10    30    30    26     9   -14   -47    32   -13   -18    -2   -21    22    11    -5    -1    14   -11    21    19   -32     9    28    -2   -23    14    26    -1   -28    52    -9     7 
  -17   -11    29   -31     2   -26   -16     5   -17    51    11    -3     7    -3   -18    22    35    32    -9    32    41   -35   -15    62    20    38   -13    10    43    -3    43    34    -6   -45    16    12   -26    24    -5   -16   -13   -19   -32    34   -50    13   -60    -1    18   -75     3    23    20   -25    55   -12     3    12     1     4    47    30    -1     3   -25   -24     4    13    28    20   -40   -17     3     8     3    43    11    33    20    40    35    20   -15    54    -8    -8    38    20    31    -7     6   -20   -32   -18    40     0    39    -9     2    13    22    29   -40    -5     5    26    35    -5    -2    26   -61     6    59   -33    17    20     6    15   -12   -20   -16    -2     9   -19    44   -47   -16     7   -26    63    10   -13     1   -47    31    29    19    -6    49    25   -14    36   -22   -14    33    17    44     8   -26     0    22    12    19    93    16    57    61    -7   -15   -53    -5    36    34    51   -29   -37   -37    -6     1    43   -28   -20    21     8    24     5   -60   -32    -1     6    31   -26     0    18     1    -7    64    26    25    17    26   -38   -17    21   -37   -57    25    45   -60    39   -14    35    17   -11   -41   -63   -19   -37    30   -19    20     4     8   -33     9   -37   -35    45    45    32     6     0    -8     5     4    -6     3    -2   -14    44   -23    -8   -49   -62   -20    -4   -38    11    -8    12   -23   -27     2     5   -47     4   -37    41    23    18    -1    31    31    18    55    15 
   12    22    -2   -70   -16     3    -1    24    -6    -1    36     2   -11   -53    27    -4   -12    43    -7    12    17   -17   -48     3    -1    32   -39    -2    17   -62    30    25    -4   -46   -22     7    -7    13    43   -11    24    28    -5     2   -18   -40    -7   -31    -6    57   -30    13   -57     6    14    16    -5   -33    11    10    20    20    25    -4     9    27    38    -8   -40   -28   -33   -46    68    40    26    20   -15   -20   -20    35    24    -6    33    38   -31   -27    47    36    -8   -28    -3     5    30    19    13    36    -4   -37    11    25     0    70   -25   -24   -50   -11   -17   -37   -13    54    64    21     1    -6     9   -15    18    31   -12   -17   -14    21   -19    10    17    16     8     0    23    12   -10     2   -38   -43     4     6    45     6    12    20    20   -25   -19    10    13     4     8   -25    53   -19    -3    11   -33    44   -16    27    38    30     9     4    -7   -32   -42    -2    37   -20    21    30    52    41   -16   -23   -28   -14    54    51   -81    -4     9    37    14   -32   -46    37   -50   -25     4    43    32    22    10    36    58    40    51    10     2     6    -1    19    33    10   -37    21     8    12    -4   -26   -39   -15   -15    41    25   -35   -32    49   -19   -22   -33    -3   -18   -24    -6    14    13    46   -18    21     5   -28    46    26   -11   -30    -7    21   -19   -60    39    17   -45     2    25   -34   -41   -49    -8    31    29     8    -5    49     1   -41     7    73 
   23   -59    26   -20   -49    19    29    23     9   -22    -7    -4    26     0    33    23    34   -21   -43     5   -45    -2    29    21   -52    37    17    -1    45    32   -22    15   -15    17    23   -17    -1    33    21   -28    -4   -21   -14    17    -2    34     9   -45   -17   -21   -27    75    27     0    51    29    18    -4   -27    24    23     1   -16   -14   -18    42     3    25    48     1   -24   -12   -34   -35    11    21    41   -13     1   -36   -15    49     4    -3    -6    22   -50     4    60    54   -62    12     0   -36    22    46    19    -2    55    29    38    -9   -15   -11   -39    -4    10   -27    23    40   -20   -35     4     3    15   -17     5     2   -17    -4    35     8    41    50    -5   -11    29    13   -35    15    14   -32     7    17    25    24    16    90    17     9    -2   -19   -54    33   -28   -43     7   -33   -27   -37     1    60     5    13   -22    13   -29   -23    -5    -6    29    12    22     0    -1    31    39    13    -4   -33    15   -10    47    -7   -12    13    17    55     5   -25   -59    20     6    -4    62   -50    21     4   -25    28    27    18   -43    31    -4    -5   -17     8     1     5    36   -71   -51    36    61    -7   -33    47    -1   -10   -53    -6     7    36     2   -10   -33    10    60   -32    14   -43    -4    15   -17   -60    38    25     5   -49    22   -19   -13   -30   -66   -39    47   -33   -12   -30   -12    27   -47    -3    13    13    -7   -20     7    32    29    34    -2    10   -22    17 
   52    12    20    22   -25   -51     6   -31    21     0     3     2    41   -39   -20   -25   -18     0    -8    27    22   -20    15   -75    19     8    27    31   -10    -3    31    -7    17   -11   -20    31   -32   -29   -21   -14    11    -5    19   -59    22   -40     8    23   -14   -28   -37   -10   -36    19    68     7   -14     6     5     3    41   -51    -6    10    22    -9   -27   -49    13    35    20     2     4    16    22    24    -2     0    38     5    27    25   -28    46    15   -17    30    22    26    -5     3   -49   -28   -25    37   -23   -14   -35   -31    -4    -8   -48    -2   -42    27    32    18    35    41   -39    14    29    27   -23   -13    13   -37   -21   -30   -22   -22   -28   -65    -5    26     3    -5     2    10   -34   -29     0   -22   -25   -26    11    11   -19    55     1    -6    24   -11     2    24    16   -36    -6     6    24     4   -38    72    -6    -2   -12    20    26   -12     4    41   -25    25    -1   -24   -12   -40    54    28   -23   -19    -6    19    43   -42     3    23    40   -35   -51    19    -8     4   -22    29   -78    17     5     0    22     3     7   -18     4   -36   -18    -7     8    16   -11     7   -39    54    -4    14   -21    14   -16    47    -4     7    36     9   -40   -36   -53    13    26   -16    45     8    -6    -8     9   -35    -2   -22    23   -29   -23    11    11    -5    28   -18   -44   -37   -22   -16   -32    11     4   -30   -28   -67    44     5   -41    -4   -40    28    31    11   -30   -63    37 
  -18   -70    19   -23    57   -13   -11    15     3    13    13   -30   -74    36    -4    14   -46    64   107    19   -48   -18   -14    -8   -26   -13   -12     7     0   -36   -14   -49     4    -9    53    38    10   -35    28   -45    18   -10    30   -13   -91    -3    54    -4   -44   -50    19    10    34   -36   -11   -14    -4    26    23    26    -3   -11     7   -15     1    16    12    34    58   -19    14    -9    28    17    19     6    22   -15   -16    40   -24   -57    -9    21   -35    39    61    28   -37   -23    -9    -2   -38    23     9   -18    -4     9     6    12   -24     6   -14     1    35   -30     7    13   -28     6    17   -16     4    22     9   -36    20   -87    10    -7   -24   -68    -3    26     5     5     1    -9    11    -5     2   -30    63   -23    21     8    51    -8   -33    -7    16    57    15    19   -13    20     8     8   -19    20    36   -28    -9    49     4    38   -20   -40    37     2     1    35   -31   -24    34   -20     1   -61    -6    54    53    22    17    54    35   -55     5   -48    13   -10   -25   -20    26   -16    31   -27   -61   -18    38    31    20   -37     0   -11    -5     1    13    38    29   -27     1    62    14    50    15    13    12    32    30    30    44   -48   -11    40    46   -77   -44    19    -8    -8    -3   -26   -33   -24   -22    25    15   -38   -25    -5    -2    13    32    47    36   -16   -29   -14   -51   -64   -11    37    35   -10    -5   -43    25    56    14   -44   -23   -17   -61    53   -12   -15 
  -16    63   -52   -26    13   -43    22   -33    -1    19    42   -23    47     0    35   -14    17    47   -41    15    49   -11    10   -25    49     6    30    30   -21   -19    37    47    15   -42   -33   -18   -54    -9    -1   -32   -45   -24   -34   -46    48    31   -24     5   -28   -25    19   -49    -8     4    10     3   -56    19    -9    17     4     5    21   -31   -13    40   -14   -21    -3    30   -11    21   -39    14    25    10     8    36    46   -13   -29    37    28    16    51    -9    10    13   -19    -9    19    -5   -25   -30    24    14    43    23   -24   -39     1    29   -37   -10   -11   -10   -12     4    55   -15   -56     9    -7    28   -75    33    14     7   -28    47   -13    25   -55    13    18    41    -1     5    -7    49   -52     5   -48   -72    41    22    10    21    20   -45    74    22   -32    -6    16   -24   -13    32    -8   -48    43    59     5     2    15    14   -25    -8    24   -14    23   -16    18    -7   -16    21   -38    28    31     9    39   -26    10     2     3     7    16    18    34    24    -5    -7   -28    29    29     0    20   -13   -14   -23   -48   -35    -5    11     2    44    13    -3   -32   -31    -1    11    14   -49   -25   -22    23   -15     2   -18    36    53     5     7   -23   -16   -10    -1   -16    33    19    40   -52    19    15   -24   -20    23    54    18    29   -27   -22   -51    44     0     1    29   -12    68     0   -35     2    28    -7    26   -19    -1   -32   -11    42    -2    24   -21    13    -2 
   12   -20     3   -22    11   -82    42    21   -25    21    -5    21   -24   -17     0     6    13    21   -27    44     1    25   -15   -18     0    15   -13    -4    10   -68   -14    33    47   -29   -13    16   -14     1   -14   -32    20   -33    28    11    -1   -29   -13   -10   -37   -19    46   -33    55     0    -1   -58   -17    16    23    -9   -18   -17   -20     1   -24    15    -9   -30    44    28    -5    -4    13   -11   -25   -21    -9   -11    28   -19   -15    -6   -26     2   -10   -13    23   -16   -44   -30   -11    -6   -14   -11    10   -31     4    36    23     4   -43    33     6    13    23   -46   -11    19    20    14   -14   -18     0   -10   -73   -14    -1   -17    -3     8    21    20    -6    36    45   -17   -27    17    13    17   -48   -14   -24   -54    22   -24    11    31   -22   -39    30   -15    13    45    19   -17    38     3   -44   -57     2    11    35    26     3   -13    41   -29    37    -9   -12    -7     1   -14   -10    38   -14    15    -3    26    24    -7    59    54    34    34   -22    30    36    32    25    19   -26     5   -18   -31     0    11    22    40    -1    30     7   -27    39     1   -49   -28   -46   -16     7    20    29   -19   -24    24    29     0    27     6    24    -9    14     7    48   -20    22   -23    49     3   -27    14   -28    -1   -32    -1     1    -4    14   -45   -15    29   -23   -70    26   -29   -45    22    41    -7    52    14   -23    12    49   -24    19   -14   -24   -34    10    -9   -14   -29    29     7 
    0   -18     4    16    40    22   -37   -15   -55   -29    -2    12    17   -24    11   -10    -1    -1   -11    39   -23    11    30   -45    38    -9   -17    14     6    -4    30   -40     5    45    -9   -20    25   -49   -24    30     1     7    28    -7    -9    18    43   -24    -6   -25   -55    17   -21    24     7     5    61    17   -14    20   -24   -28    -6   -23    18   -50    40   -11   -31   -13   -39    38     9    37     3    -5     5    58    -7   -12    14     2   -20   -46     3    18     7   -25   -11   -46   -20    23    -5     5    10   -14    -5   -17    11   -10   -44    14    26    -1    26    13     6    -8    -3   -10    10     7   -42    43    13    13   -38   -28    11    23     9    10   -36    42   -51   -31    25    -6    -9    25    -5   -20   -35    53   -40   -18   -21    12    22    14   -18   -16    26   -13    21   -18    11     9    43   -12    24    -2    25    18   -31     3   -44    30    21    63   -51    -8   -21    43   -38    -1     1    18    49   -14   -14    86   -19   -34   -25    15     5    21   -41     3    25    -6    13   -52   -17     1    24   -36     3     0   -31    16    -8   -12   -44     7    23     2    25    -6     5   -25    74    -4     6     1    -1    32     5    28    -3   -11    -6   -42   -25   -20    24   -34   -11     0     3    -4    26     7    27     1    24    11    -4   -12    19    19    11    28   -11    -5    -9   -22    36   -14   -31    45   -37   -18   -61   -51   -34    -4    13    -3   -15    66   -39    29   -26    24 
   20   -18   -17    27     0    27   -35    22    15   -41     4   -28    24     1    40    -6   -16   -39    20    -7    -2    24    27   -51     6   -26    -7    15    -8    14   -15    28     5    12     8    28   -25   -13     3     3   -45   -37   -50   -46    -4    -6   -12    43    14    -2    -7    26   -17     1   -43   -23   -46     9   -17   -72     4    39    20   -19    26     4   -22     2   -51    28    16   -11   -18     7    11   -49   -56   -14    27   -40     5    24   -19   -28     3   -23     8    21    -8   -11    12    12    -5     1     8    39     1    -3   -39    23     1   -15   -30     1     6     9    15    51    31    -4    -9     9     5     8    -1   -28     5    28     6    24   -17    -2    11   -18     7    21    12   -17    16    40    12   -15   -11   -22    18    41   -28   -10     6     9     1     9    20   -13   -16   -73    47    24   -17   -13    33     7   -43    16     1     4   -17   -17   -20    -2    -7     6    -6   -49   -40   -17    -3     7   -30   -23   -28   -19    -6   -41   -33   -14    -6   -10    -7    14    29   -24   -21    41    41    24    15   -15    -6   -15    14    -5     2    17    18   -30     3    -2   -31    29   -14    40    -8    50    30   -15   -23   -22    16     6    31    29   -32    31     0   -43   -15   -20   -15     5    53   -29   -18    30   -47   -50    26    29    19    56   -23    -3    30   -17     0   -34    42   -16   -29    36   -22    -8   -29    41   -17     2     3    19    -7    -2   -19   -38     5   -15   -14   -22 
    2    14   -26    64   -20   -70     5    16     8     4    47    61    10   -25   -11    29    33   -20     7   -13   -22    59    31   -22    31    14     6    -6    56    14   -33    50     6   -18    18   -24     2    39    51   -31    26     3     7   -43    21    23   -54    33   -37    -5    33    40    36   -15    -6    29   -19   -21    -6    -7   -35    -1   -42    57   -51    -6   -48   -11    19    53    -2   -25    -2   -37    39    -5     7    -2     3   -33    22     3     7    18    27     6   -34     0    29     5    -6    46   -20    11     8    19    31    57   -15   -12    -5    49   -39   -15   -34   -14    12   -23    83    -1    24   -41   -14   -55   -47     1   -15   -40    -9   -30    -9     1    -9    11    23   -27   -26    52    -1     2     0    12     4   -49    -9    17   -19   -13    14   -41    15     0   -53    -6     2    -1    -7     3    13   -81    23    69    53   -46    13    -5   -29    30    20     8    20    -9    38    -9    -1    11    -1    36   -28    12    17   -20    14    54     4   -13   -22    58     6   -35   -33   -17   -48   -37    26    -3    18   -33   -37   -21     2    18    23    27   -12   -30    31   -49   -28    -1   -13   -19   -13    14    35    14   -18    27   -18    26   -12    13    18    37    -2    10    19    28    33   -34    15    33   -36    21    -7   -18    23     0    33    35     3    -7     6   -27   -12   -26   -27    -8     4   -49     3   -21    32   -21    31     9    49   -14     8     6    57    14    -5    -6    11     4 
   23   -30    -3    -7   -18   -41    12    17    34    25    37    11   -12     6   -18    -2    -2   -17    16   -80    10   -40    18    56   -25    18    54    26    21   -32   -28   -12    -2    -6     3    26   -24   -12   -11   -69    -5     2   -17   -10   -10   -23   -67   -26    23   -43    -4    24    51   -21    35    25   -71    23   -35     9     9    45     9    29   -25    10     5    -4   -16    -4   -20   -23    15   -71    -2     0   -47   -50   -35    12    12    -8    10    24   -87   -61     7   -28    13   -42    32     3   -24     5    -5    19     4    -9   -48     6    24   -18   -27    18    49   -35    -4   -10     9   -15   -20    17    24   -17    30   -59     9    18     5   -27     3   -24    19   -13    31   -10   -54    39    25   -45     1    31    -1   -37    27    45   -17    15     2    26    -3    38     8    15     4    22   -41   -16   -24    20    32     5    11    12     2    11    70   -11     0   -22    -2    37   -10   -36    62    29    -4   -34   -42    36   -10   -51     5   -15     1    39   -51   -27   -22     0    39   -24     3   -66    32   -26   -29    15    32     4    17   -41    53    29     5   -15    15     2    21    33   -48    18   -81    18    -5   -21   -13   -32    39   -17   -34   -35    32     7    28     2   -27    48    11    22     2   -33   -19    11   -46   -16     1   -25   -30   -24    30   -11    19    -3     8   -20   -22    12    11   -15    41   -27    28    32    32   -34    11    -4    59    -7   -30   -17    -7   -31     8    -9 
    1     6    40     3   -39    35    27   -38   -49   -18   -10    -7    42   -14     2   -34   -11   -17    24    -3   -43   -13    30    13     6   -31     8    12   -12    16    36   -29   -27   -27   -41   -21   -12   -11     0    16    18    11   -38   -44   -10    13    24    11    45    18    13   -73    -6   -45    -3     4   -21     5     6   -21    -3     8    44    14    -4    19    -2   -16   -25   -68    34    32   -39     7    90   -48   -32    43   -35   -67   -42   -43   -17   -44    -5    15    25    14     9    -6     0    41   -24    25    10    -9     2    -5     9     1   -13    -9     1    37    37   -19    49   -26   -14    -6     1    27     4    28   -37    17    -6    50     3     6    35    -4     5   -17    -5    16    24    44   -11   -15    44     8   -11    39     6    13    -2   -27    -8    14    16   -14    31    32    -9   -26    19    -3    20    22   -12     7    -8   -23   -10   -71    -3   -19    15    23     1   -70   -11   -22    29    44   -44     2   -14     6    15     1   -20   -39   -10   -25    14     5    16    38    19   -47   -24    59     7    80   -19    34    23     3   -41    -6    71   -52    45    12     1    24    10     0    -5     6    25   -12     7    35   -33   -25   -34   -25     9    22   -12    -4    47    31    24   -20   -35     3    24     7   -15    41    27    -9     8    18   -16    16    -4   -26    29   -17   -33    50    22     3    -5    53    22   -34   -24   -14    47    10   -54   -24    59    10   -40    -4    13    60    49    -2 
  -53    14   -34   -25    29    36    17   -45   -36    57    16   -13   -39   -13   -24   -24    10    -8   -33   -10    48    19    28   -26    47     8    17    37   -43   -13    41    -8     0    50    32    24    58     3   -23    38   -22     6    23    16     9     0    33   -22    25     7   -57   -16   -13    24    -1   -10    45    -3     9    28   -23   -24    15   -36   -11   -33    21    43   -36   -49   -34   -26    29    19   -62     0    45     2   -40    27    33    24    35    15     4    -1   -11   -47    15    20    33    -9    35    -1    40    10   -26    -8   -52    23    16   -33    20   -15    32    39   -49   -14   -48    56   -15    51    -3    24    39    11     4    18    13     7   -34    32    10   -43   -21    -1   -34   -49     0    15   -20     4    62    22   -31   -24     3   -15    -5    17    20    -9     7    21     5    23    -3     3     1    47   -20   -40    18    12    26    41   -14    18     4   -19   -61    -4   -23    73     9   -23     4     0    47   -24   -12    32   -37   -30    31    15     9   -67   -24    40    13    33    62   -65   -33    -2    -5    -6   -22   -67   -10   -24    11   -34   -14   -23    22    21   -18   -23    10    -8    -4    -4   -64   -45     4     0   -24    20    52    19    -7    -2   -12    29    26    20     7    18    10    17    42   -25    35   -10   -12   -27    18    -4   -18    22   -12    27   -33    16    38     7   -25   -15   -19    24     7    21   -62   -25   -19    51    31    58     9     9   -31    18   -33     2 
   26    41     3   -17    29   -18   -32   -47    -4    -8   -32    -2   -15   -18    13    -4    18   -17   -22    34    36    -3   -12    -2    49   -17   -31   -19   -47    -8    55    14    -8    24    13   -19   -25     7   -30    77   -58   -20   -13    23    25    -7    29    18    -7    -9    25    -8    -9    -1   -41   -62   -22    20   -16   -26    32    22    -2   -17    23    -8   -12     9   -33    21     6    34    51    30   -35   -51    -2    26    42     7    -3    46   -19   -33    16    -8    -4    -2    -4     9     5   -23    10    11    20   -53     7   -16    -9    -2   -24   -13     2   -11    28     9   -46     8   -28    -2   -51     3   -11    32   -34    18    11    27    30    27    34    21   -43    16    -2     7    -2    -1   -20    39   -54    37   -13    13    14   -16   -18     0   -29     3    32    -3    76    12    29    38    12    22   -10   -13    14   -37   -16    52   -43    25     3    -9    10     8   -42    -4    11    34   -52    12    -3    82    18    19   -11    50    19   -88    11   -18    14     0   -15    46    52    67   -14    43   -43     4    17    21    58    21   -22    27    23    -4    30    12   -74    -8   -43    13    33     4    23   -12   -25    17    11    -6    38     1    46   -14   -62    -8   -15   -45    25   -35   -12     0     9     3     4    22   -30    -9     8    44    13   -19    -9    38   -34   -24    37    -8    13     1   -11    28    12   -12   -60     2   -12     4   -49    12   -36     5    30    -4   -14    -1    -8    -5 
  -82     2    26     7    43    16    26   -37   -45    29   -16    59    12   -15    18    19    16    23   -51    69     0     2    -2   -48    12    36    -9    18    -8     4    22     3    25   -13   -25   -24    49    48   -10    20   -30   -12    -8     3   -23    10    22    26     0     1    11   -25   -15   -14    -4   -16    28     6    15   -28   -19   -50   -29    39    30     2    34   -23    11   -57     6    38    -8     2   -21    -6   -33     7     5   -14    -8    30   -42   -20     1   -11   -11    20    22    23   -21    -1     4    48    48     1   -22    33    14    18   -74    41    22    26   -20    -9    45   -16   -41    20    -6   -24   -11    51    19    14    -4    27     1    12   -27    -8     0    28   -49   -43    24    -5   -21    15    21   -34    -1   -49    14   -15    19   -13   -12   -47   -19     5   -15   -17    13    -4    49   -21   -41   -20   -12   -22    35    85    13     6   -34    65   -13    30   -14   -54     8    47   -20   -40     4    33    38   -17   -17   -19     3    -3    14   -15    -1    -5    -9    50   -10    26     6   -33   -30     5    43    -9    19    13   -34     3    53   -37   -59   -40   -35   -27    -5     0    30    11    25   -12   -32    16   -17    21    -7    -7    26    27     9    -5    -3   -20   -11   -46    24    -7   -18    38     8    16    20     8    43    -3    -2   -28   -31     3    18    -8    43   -25    -7    52    -1     6    35    10   -25    17   -21    34   -29   -17    33    34   -13    51   -32   -20    12    -1 
  -46    -8    13   -34    64    70     2    13     3    24    18   -28   -19    94    -7   -28    -5    37   -23    -6    10   -27   -50    -7     3    -9    -5    22   -12   -26   -30   -39     2   -41   -16   -23   -20    22    20     0   -69   -22    41     4   -63    28    17    45   -43   -20   -41    14   -76    -5   -30   -27    -5    21     7     2    50    87   -25    49    -3    18    23   118   -30    27   -46   -28    14    27    -2     8   -11    -7    -1    65     0   -17    -9    -5    11    -9   -32    14   -11    17    19   -58   -28    35    15    -7    -9   -14   -35   -44    28    -7   -19   -48   -10   -19     5    73    -6    -5   -32   -48   -17   -22    73    28     4   -17    38    -9    -3   -29   -31    19   -28    -3    20     3   -12    44     0    14    38     3    -5    23   -25   -38    41    28   -21    45   -75    -6   -30   -26   -26    30     2    18   -38   -12     8    75     6    19   -44    33   -10     9     1    -3     7    36   -58     7     1   -25    -6   -50    33   -55   -39    -5   -26   -22    -8   -30   -17    16    13    14    22    40    37   -34    -1    14    23    19    34   -31   -55    54     3   -10    23    55   -15    12    64    21   -68    42    37    17   -12    63    -3   -55    42     5   -16    49   -77    -4   -17    13    -7   -24    36   -78    20     6    -6   -37    27    13   -31   -41    20     6   -24    41     4   -11     4   -40    -3     2   -17    33     6    13   -35    -6   -23    32     4    69    11    -3     3    -5    -2    -9 
   62   -29    24    -5   -18    -7   -21    20   -26   -16    14    25    28   -44    49    25   -11    13    -7    -5   -16    35   -10     3   -13   -21    15   -22     1   -29   -19     4    -5     6    -3     1    21   -36    26   -15     0   -10   -18   -19   -12   -24    13   -20     8    43    14    15    -8     3    -3     1   -19   -13    15    -3   -57    18    -2   -24   -20   -24     2   -29     1    10   -18    -3    -8    10     2     4   -15   -12   -12    -6   -10    28   -20   -23    -4    -8    23     0    -3   -48    10     2    19    -1   -24    10    40    -4    21    44    -9    33     9    -8   -35   -10     8   -33     2     4    41    41   -12    10   -17   -26     7    46   -46    23    19   -13     1    59    18     3   -16     6    13    -8    14    29   -20    16   -21    25    18    57   -17    -5   -24   -36    43    -9   -33   -22    12   -16    28    10    31     3   -26    -2   -46    -3    55    -9    30    42   -21   -36   -56   -43    36    17   -17   -23   -17    11   -16    21   -22    -2     5    53   -12     8    35    31    23   -48    -7   -42   -25     9   -28    22     4    -9   -25    22    17    -3    19    51    15   -17    -4    23     0     9     1     7     3     1    -1    -1   -54     3   -24   -40   -19   -14    25    55     3    23    -6   -10   -16   -29     0   -16   -30   -16   -41     2   -10    -8    17    19    25    15     0    22   -20    -9    26    26    -4    11   -18   -22    -6   -28   -18   -36    -9   -18   -73    -8    24   -31     8    -8 
  -17   -45    49   -18     7    -1    12    41     9    14   -35   -15    26    16    -1    22   -13    20    31    32   -56   -63    -2    12   -50   -39    -9    37    -1    -5   -15   -11   -20   -61    42   -22    50    68    45    -6     3    -7    13   -17   -42     2    13    37    65   -11    -3    13     2   -50    16     0    36   -40   -15    -6   -32    60   -13   -10     9   -11   -14   -25    20     5    -2     4     0    -9    36    11    17   -37    49    19    32   -21    10     9   -23     9    13    -2    -6    15   -31    17   -34   -10    42    30     5    -2   -36     3     8     0   -30    33   -53   -10    31   -11    -5   -35    19   -41    -8     5    28    35     7   -29    36   -22    67   -18    41     4   -11    -7    38    48     0   -11    28     8    12     8   -27    41    44   -55     2    34    12     3   -11    -2   -36    -4     9   -39    13    44    -9     1   -27    22   -18   -15   -32   -15    36    38   -48     8    15   -27     8   -11     5    16    17    -7    28    15    10   -41   -27   -46    54     7    11    39   -28     5    -8    38    18   -40    12    13    14   -12    43    33    52   -25    37   -14   -11    25     7    18    -2    11    34     8    64    29     2    45   -53    50   -14   -19     1    23   -17    23   -46     0   -14     5    -3   -17    -3    13    18    17    34     4   -10   -36     0    41    14    -4    -6    20   -23     2     6   -17   -11    -3    30   -33    34    13   -18   -19    21    13   -61    -3   -29    21    16    14 
   -8   -43   -36    17   -16     5   -56    30    38   -19   -33    16    -1    10     8   -18    -3    59     2   -24   -34    -6   -23    39   -16   -11  -100   -21    16    45    -7    10    16   -27    17    29   -18   -28     9    -4    34    43    -5    13     1     6     5    33   -18    41   -20   -14   -63    12   -23   -23    21    10    34    25   -25    24   -31    50    35   -44    29   -35    25    -2    43    -6    92   -16   -46   -30   -87   -27   -13   -21     5   -40   -17   -25   -30    32   -43    34   -83    30   -63     7    67    21   -17   -30     6     2     6    -9    45    -2    14    27    34   -26   -13   -11   -43   -27    34    37     4    17    -3   -28     5    23    45    19   -28    34   -32    -9   -21     2    -3     1    12   -34   -24     7     3    54   -30   -18     1    -7   -98    -8   -35    16    30    12    20     6   -18    11     3   -45    -4    20   -39   -24     6    -7   -44    29     4    37   -21   -27    10   -16   -52     0    34   -48    15    80     3   -10    -5   -33    10    -8   -35     6    23    59   -11     3     6    14   -47    -5    19    17   -29   -44    -4     2    53   -25    17    62    -5   -24     8    31    34    55   -62    -3    24    38    38     3    10   -37   -25    11   -12    37   -37    60    17     7   -36   -48   -29    57   -36     9    24    28    -4    -8    -8     1   -24    18    32    15    39    42    16   -25    -6   -11    10    -1    50   -14    51   -45    18    13    -3    10     9   -56     3   -18   -23    26 
  -16    -9   -20    67    -6   -22    38    59     8    -4    25    37    64   -42     3    61    17    21    55   -13   -85    21    16    -1   -15   -14   -12    20     5     2    -2    -2    13   -69   -20    44   -27    24    90    -8    25     1   -23   -29   -21    15    -3    58   -12    11     8   -27     8     2   -31    -7    -1     9   -10   -40   -33   -32     6    97    13   -15    18   -76    11    -4    20    -4    61   -24    38   -26  -106   -20   -32   -37   -31   -55   -54   -56   -31    33    10    -2   -30   -48   -39    51    -8    55   -21   -45    -4    16    16   -30   -87    78   -10    12    -2   -58    38   -70   -20     3    16   -25    -5    11    -7    12   -15   -42    27   -25    15    -8   -39    -4    19   -61   -24    60    14   -12    37    20   -22   -25    -4     1   -29   -13   -63   -14   -26   -19    -1   -34   -26   -29   -27    33   -42   -27    -5    15    10     8    42   -65   -37    54    68    14    10   -30    31   -19    55    18   -34    -7   -30    47    36   -31    38    24    58   -14   -52    83    47   -13     6   -15   -64    -4   -17    15    11    34   -19   -23   -34    -3   111   -19   -14    50    25   -32    36    -6    15    62   -31    48    46    44   -23     4   -15    12   -74    52    26    35    27    38    19    47    -2    -3   -17    26   -54    52   -31    44    27     5     0     0   -14     2    41   -11    20   -30   -50    31    12   -14    19   -23    58    15    75     3   -17    -3    17   -37   -39     3   -17    18    14    -2 
  -13    27    20   -12    38    -1    48    21    40    38    19    21   -24    12   -42    13    30    21    56    12    33   -66   -39    42   -39    17     8     3    31   -37    20   -12   -66   -24    40     5   -26    21    52   -22   -49    27    13    15   -53   -20    17     9     7   -14     9     9     6   -15    -4    22   -15    -1    -8     2    68    23   -14    39   -18   -11   -21     8    22    -3    28    30    23   -17    37    44    33   -51    11    10    13    -3     5     6   -47    -6    12    13    24   -14    -4   -22    10    14     4   -26     0   -39    26   -57    25    20   -39   -14   -17   -20     9    15   -31     2    22   -47    33   -52   -11    26    21   -53    71   -56     4   -28     9   -13    11   -24    -9    14    23    12   -37    27     6   -10    16    16     8   -56    15    19    -6    26    29     4   -10    35   -33   -25   -32    20   -18   -37     3    12     1   -16    -3     3    14   -51    37    25     3    25    27    41   -15    -7   -19    27    47    -5     8    11    63     1    -4     6    26   -21   -52    23   -15    19    45   -22     6    13    19    45    47   -11    17    34   -12    14   -14    22    67   -52     1    48   -15    14    39    -5    29     5     8   -14   -10    -7     4    24    19   -35   -38    31     4   -18     1   -38    -1    14     0    30   -26   -55   -17   -25    25    17   -33    23     0   -21    -9    -3   -11   -41     0    13    51    -8     9    36   -11    22    33   -34   -13    30   -47    19   -30     9 
   38   -51   -24    15   -44   -20   -15    32    13   -13    -1   -33   -40     8    31     6   -10    66    12    -6   -63    13     4    16   -51    42     3     6   -21    17     3   -12    56    12     8   -21    22    43     2   -36    57    30   -21     3   -14   -39   -39   -23     0    -5    22    51    28    12    18   -17    -6   -28    25    35   -17     4   -37    42    20    16    43   -39    20    -8   -10   -20     3   -36   -28    -8   -40   -51   -23    -8    41   -22     9    50    10   -14    40   -47   -11    -2    10   -19    -9    38    20    10    33    13    28    34    29    -6   -13     4   -12   -13   -15   -27   -21   -23    29     4    19    41    -5   -37   -10    32   -88   -22    18    -1    34    32    -3    12    -1    -6    32   -33    58     8    38   -21    23    18    25    24    25   -33    -4    -9   -52    -5    36    -9   -30   -27     0     3   -22    40     1   -20   -22   -41    46    23    15     7   -26   -35    45   -39    34    -7    16   -52     1    30   -39   -39    12    30     6   -12     8    22   -32    23   -19    -7    10     3   -60   -21   -37    47    36    28    38    53     9    17     2    -9    -3   -10    -2    -2    -2   -64   -42   -12    31    22     9   -18   -12     3   -65     4    18     0    10    60   -35    22   -34    24    -1    -9    15   -19   -37    19     7    25   -50    14    21   -66    29    18    -6    -8   -53   -28   -11   -45     6   -16    14   -17     2   -47    76   -16    15   -17    19   -44    55   -26    62    28 
   54     5   -11    -8   -49   -37    60    16    12   -42    16    16     8   -41    -8    -5     7     2    -3     6    15    17    39   -19    39    -6   -15    30   -15   -46   -11    18     0    40    -4    19   -35    25    15     1    -3   -11    -7   -59    -1   -30    23   -51    10    16   -21    29    -1     5    42    -5   -32    54    34     2    27   -24    28    33    46   -13   -52     9    -8   -19     9   -29   -11    29    -2   -26   -67    10   -11   -24    16    33     1   -32   -17    14   -31   -49    -5   -48    -3   -20   -17     3   -19   -19    11    -1    -4     1    -7   -37    -9    24   -16    22     0    13    37    33   -18    44    49   -13    26   -17   -51    14   -46    28     9   -22    13     6    17   -31    10    12    21    10     8    34   -21    35   -47    -9   -41     6   -12    38   -11   -10     5     8     2   -95     5   -15   -15   -50   -19   -20    -9    14    19   -27    24    23     6   -33    61   -14   -26   -25    40    -6   -30     7   -30   -23   -24   -24   -11   -16   -47     9   -17     1    17   -10    19    31   -46    -6    45    -6   -23     4     2   -19    -2    22    32   -26     6   -28    37   -41    -6   -12    29   -38   -17   -17    23    -5   -15   -14   -13   -10   -50    33    10    -7   -12    18    -6    19    29    11     5   -49   -26    48   -17   -33    -4   -21    -2   -30     6    13    12    -2   -37   -22    -8   -19   -17   -34     5   -16     4    -2    29    36     4   -15    18    34    -5    13    18   -16   -57    20 
   -5    33   -36     8    32    -7   -16    23   -18     2     1   -13    33    35    15   -12    13   -27   -31    -1    14    23   -20     1   -15    -5     7     0   -35    -1   -11   -10    25    15    12    13   -14    39    13    58   -40     9    14    70    11    24   -21   -33    38   -20   -10   -12    27     1   -24   -29    25   -26   -86   -14    10    20     4    -2    14   -17    35   -15   -40    32   -36    -7    52    45   -49    -2     9    26     6    67    28   -23    13    16    45    22    28   -35     2   -36    18   -52   -22    30    -8   -41    10    15    46   -28    20    46    -7   -28   -21    59    -1    15     7    31   -43   -30    -5    24    -9    -6    22   -40    46   -28   -11    45   -30   -12    11   -52   -54   -23   -13    59   -17    27    45   -56    -3   -12   -19   -47    -7   -15    23   -22   -28   -18    11    -3    24    53   -25    11   -37   -36   -24    58    -1    22   -47    -4    21   -24   -15    92    12    14    -9   -30   -10    -1     1    11    28    58    44     9    28   -16   -30   -20    18    -3    -3    39    -1    27   -18    -4    15    -5    23   -21    21    -4   -22    49    -6    11    -7    10    -6   -14   -15    52    39     5   -21     4     2   -21   -15    33    -6     7    -5     5    40     9    17    45    23    16     8     5   -24   -42   -18   -12   -11    34    15     3     4   -14   -25   -25    37    18   -24    45    23    32   -21   -10    25    13    13   -33   -19    57   -45   -17     2    -8    12    26    36   -10 
   33   -43   -21    31     3   -36   -19    10   -11     8    -1    27   -14   -18    -5   -47    10    -8   -26   -60    -6    46    24   -42    33    -7    58   -16    -6    34   -35   -29    51    -8     8     8   -32     9    25    19     5    16   -12    -7     4   -35   -31    45    30    29    29   -16    11    20   -38   -27     6   -36   -10   -33   -21   -10   -40    44    13   -74    -8    -8   -16    38    14   -36    25    12   -46   -21   -40     3   -18   -36    78   -11     2    54     6   -40    18   -17     8   -19    42   -39   -11    55    -5    52   -21    10     2    52    43   -23   -20   -13    -3    26    52    56    48    18    37    65    29   -32   -18   -53    -9     3   -46   -36   -48   -19     7   -43    44    -9   -46   -30    66   -25    47    15    90   -47   -15     2   -18   -30     0   -69   -19   -32   -13    10     5    -7    17     9   -13    53   -36   -53    27   -36    71   -13    35     0   -25   -46    17   -13    -5   -11   -10   -71   -15   -43   -73     7   -19   -16    52    65    17   -20   -16    -2    14    -6    23   -58   -43    -6     0    -5   -18     7    28   -31    58    18    -2    35   -15   -24   -10   -13   -61    30   -17    14    61    -3   -27    11     3   -30    -1     3     6     2   -38   -27    53    29   -15    59     4   -10    57    20     3   -12   -60   -44   -28    -5    -7     9    -6    -9    44    -6     2   -24   -70    -3    23   -27    11   -48     4    -6    -8   -11    37    23    15   -28    -7   -38    57   -47    42    -1 
   16   -39     6    55   -52    13    33    18    48   -12    29    25    63   -56   -39     2   -26    35     8    53   -18     1     7   -24    -7    -5   -10    48    34    72     6   -11   -20   -19   -16    -1   -22   -25    -5   -31   -17   -35   -13   -12    39   -20    -4    10     3   -23    -1   -46   -44     7    38   -79    11     4   -18   -10    -9    -9    -6    13    18   -45   -15   -37   -17   -16    33    15     0    21   -13    -3    -4    19   -18   -17    59   -28   -59   -18    15    41   -12   -41    -2    37   -42   -23    31    -4    -2   -10   -57     3    -4   -23     1   -20     3    32   -19     2     8    14   -49   -20    -5    39    19   -19     0    20   -22    18    43   -28     3    17    -8   -24     0    22    10    30    27    -7     4    50    19    33   -55    42     6   -26   -19   -34   -36     8   -32    -4    14    -8    33    10   -43    31   -24   -46    37   -60    46   -48    -8    -1    49   -28    17     7    26    -3   -38   -25     5    18    -1   -23    -3    -7     8    24    -2   -57    65    14     4    21   -13     3   -21    15    54    -5    34    20    -5   -59     3    10     5   -24   -22    36   -61     8   -15   -35   -17    35    61   -29     1   -24    -7     5   -34   -19   -11     8   -17   -45    30   -25     2    51    40    18   -13   -14    10   -25   -27     6    17    -8    34   -19    -7     2   -25     0   -52   -20   -22    36    21     0    -5   -14    -1     9    20    44   -14   -20    -8   -40   -57   -33    17     2     3   -15 
   30    29    32    25   -13     9   -10    15    60   -28   -18     5   -28     3    -4   -39    18   -68     8   -49     6     4     2   -31    -9   -30    18     9   -52   -16    27   -12    14    61    18   -35   -14   -12    27   -20    -8   -44    28    12    24   -10    18    14    30     2    11    57    49    -9    -4    46   -37    -4   -70   -47    24    32   -15     4    -2    25   -57    -6   -55    60   -10   -21   -36    17    -4     4    45   -34     3    -6    32    74    70    25   -20   -37    21    -4    26     9    45    28   -36    14   -18    23   -21    16   -22    20   -28   -16   -47   -48   -10    66   -71    55    56     5   -14   -44   -58   -40   -57   -39   -16     5   -28   -17   -16   -17    21   -53    40     3    -3     0   -18    -8   -35    28    29    -2   -38    18    -8   -34     4    13    16    20    27    19   -20    56   -20    10     1    22   -42    -8    -2   -57    13    13     5   -14   -32   -10    10    39    43    21   -24   -35   -15    23   -18   -19    27    11    -6   -17   -38    19    24   -32    14   -28   -49    72   -26    29    16    -8   -42   -51    20   -19    21    18    -1    37     8    -9   -33    11   -20     2   -24   -10    -3    17   -16   -57    -9    12    36    19   -39   -20   -37    25     3    -6    -7    15   -12    15    64   -39    -6     8   -55   -24    14    15    25    27    17   -19     8     9   -14   -20    27    -3   -19   -25   -46    -8     0   -10    38    22    81     3   -64    38    27     3    17   -46   -38   -24 
  -32    -4    31    -1   -12   -27    17    -3    29   -13   -24    19    -6   -34   -39     6   -12     7    13    22    22   -22     7    -1   -28   -13   -40    -2   -25   -10     5   -20   -22    -5    -4    39    30   -21    13   -31    22     4     7   -16    -1    -6    26   -15     3   -15   -12   -26    23    14    22    23   -46    57   -44    35    29   -17    21   -12    29   -10   -23   -11    23   -47    46    12   -22    -2    13    -5    -9   -14    -2   -14   -32   -22   -14   -21   -47    13   -36   -27   -18    -5    -4    41   -28   -11   -26    41   -18    34   -47   -42    -2   -29     7    31    10   -72    18     6    -4   -36    10   -13     1   -27    16    14    29   -27     9    50   -14    -5    21     4     0    24    34    40     0   -29   -11   -22    -7    14    14    -5   -24     0   -43   -19   -24     8    43     8   -40    14   -13     0   -28    26   -35   -12    15     5    -9    11     1   -33   -25   -30    35    21   -49   -28     1    -2    21    -4   -46    36    35   -12   -14   -11    -6    -8    -4   -46    56    13    12   -10   -37    -5    25     5   -11   -30    -8   -40    17   -48    37   -46     1    19    12   -13    16     1   -28    54     3   -11    -4    23   -14    -6    16    15    25   -13   -35   -14    25   -13   -13    21     7     2    -3   -11    13    10     4   -18   -42   -43   -27   -51    -9     0    17    13    27    24     8    -3    23    32     3    46   -11    -2    48   -19   -18   -31    32   -32   -14    47   -22   -16   -17   -70 
   14    20    -4   -47    10   -23   -17   -23   -16     6    47    -9   -13    16    13   -52    -6    -6   -10   -11    25    -9   -29     9     1    18    -4    35   -28   -26    40    30     4    43    23   -15   -39    48    -7    37   -60   -15    -6   -12     6   -11   -31     8    31   -22    31   -40   -49     0    16   -15   -21    -6    26     1   -12     8    10   -32   -18    -1     6   -35    -3    -5   -34    -5    12   -31   -21   -15   -39    -3    20   -26    28   -35     6    13    43    20    45    13   -33    16    23    -7    26    23    19   -23    42   -40   -22   -11    29    24     1    15    50   -18     3   -17    -8    12     4    -6    -8    21    -5    12    16    21    31   -11     2    -4     7     7    30   -27   -26     3    -3    29   -82    21    -5   -34    -3    16    30   -11    -6   -15    22   -22    21    34    40   -59    66     6     3     4   -24   -36    -1    62    -5   -26     2     5    12   -14   -55     6   -17    29     1   -14    -7    43    45    34   -33   -23   -16     2    29    15   -14     5     0    58    34    25    21    70   -50    41     6    39    -9   -19   -20   -13    25   -31    50    26    18   -16   -15   -21   -10    36    23   -19   -46    -4     8   -56   -16    -6    23     4   -29    -8    12    -8   -17     8   -13    31     6    21   -25   -18   -10   -20     8   -12   -24    62   -17    -9   -37   -26    14    16   -19   -16     0    29    10   -11     5     2   -20   -16    16    47    30     0    -7   -19    12     0    33    16 
   30     0    28    62   -45    -8    10    42    36    -4    44    31   -31   -40   -16    12    18    -7    -1   -26   -74    16    24   -22    -7     3    28    30    -9    -3     9    -3    31     3    56   -18     4    -3     7     7    -9   -13   -13   -62    53   -39    -8    14    -5   -32    -9     6   -33    15    43     4     2    -3     9   -27   -31   -22   -14     9    -5   -33     4   -14     4     7   -64   -72    -8    -8    56     3   -30   -69   -59   -32    12    21    21   -48     7   -15   -27   -36    17   -21     5    52     3    10   -17   -32   -33    18     0   -31     0    17   -19   -28    36   -42   -40     5     5   -17    33    57   -34   -26    38   -36   -17    -3    -5   -63    19   -17   -18    12     8   -72     1    33    61   -24    20    54   -29    13   -58    12   -31   -28    -6   -11    -6   -38    -1    -7    46     6    15   -43    40    -9   -36   -48     7   -23    22   -21    11    26    16    35    46   -48    28   -27     3   -30    -7     6    20   -22   -10    -7    -1    -4    -7    25   -18    16   -36   -12   -21    35   -46     0    46     6     9     5   -62   -37   -58    12    57   -19    -2    15    14   -62     7   -26   -36   -14     8    18    35   -30     0     5    15    29   -29     0    -3   -13   -30    49    26    19     6    48   -19    20   -16     7   -22    10    -5   -43   -21    -2    35     7    -8     6   -47   -23   -10   -40    15   -46    -8   -13    40   -38    18    14    45    13    13    19   -18   -17     3   -10   -27    28 
   39   -14     5    15   -37    48   -57    26    24   -27    15   -56   -17    10    26   -14     9     1     4    16   -21    12    -1    13    -5   -25   -30     1    50   -12   -43    34   -13    -4   -39    27   -26   -20     1    20    37   -11   -21    12    16   -31   -10   -28     5   -82    17     4    31     1   -26   -42   -14    38    30   -12    22    77    21    -4    13    34    -8   -14    43    22   -12    -8   -25   -15   -28   -34     7    37    45    -2    39   -11   -30   -16    24     6   -26    14   -21     8   -44     5    18    21   -15   -44    24   -18     3   -16    16   -28    21    52     4     8     8    13    33    -5   -16   -19    13   -12   -45   -13     6   -12     6    10    50     5    41    30   -22     9     9   -38   -14    14    18    13   -19    20   -15    44     3    14   -27    20    -9    43     1    25    -9   -29    31    16   -10   -15    -8    34   -23    16    27   -17   -12   -44    -3    16    -8    23    11   -30    -3     6    16    11   -31     5   -13    18     3     9   -12   -36     8    11   -37     5   -14    30   -10    87     8    52    16    31    33    28    49    25   -13     9    54   -23   -14    29    -9    -6   -34   -18   -20   -26    41    27     8   -47     9   -29     7    -3   -28   -32    -7   -41    -5   -22    -4    17   -14    -7    23    -8   -26   -34    29    -1    32    27    -3   -40   -17   -55   -19     1    -4    32   -44    13    -5   -33    23   -18    36    -2    36    -7    -7   -17     3   -67    38    27    32   -29 
  -17     5   -63    12    28   -70    12   -14    -9    25   -28    25    16    -3    -3    61    16    25   -11    22    33    -9    13   -33    52    15   -18   -34     0    30    -4   -36     4   -50   -17   -26   -18    19   -10     4    10     2    48    17     1    10     3   -19   -31    37    26    -3    50   -45    13   -22   -16   -27     2    40   -36   -45   -34    16     2    10     0    27   -16    -9    37    40    35    11    -9   -22    13    31     8    26    -9    -1    -9    24     6     9   -25   -13    -7    15   -10     1   -18   -12    26    -3    29    27    -5    62    -3   -13   -27    -3   -35    10    88   -18   -15     4    -4    21    30    27   -23   -14     0   -19   -14    43   -28   -18   -40    22     5    26    -8    26   -11    -8     1    -6    44    -9     5   -19    24     5   -39   -32    32     8   -27   -19    -4    30    -2   -39   -17   -47    35    -2    34    -3    -1    42    -3     2     2     2    -9     1   -34   -19     6    45    -5    -1    12    21    50     2    -2    14     2   -23    -9    -3     1    17    21    -9    -3   -57    -8   -55    -1    -9    26   -16   -31    -2    16   -22    -5   -20    -3    10     4    27    50   -29    15    -5    13    15    -3    31   -38    10    23    -6    34     4    38    41     5    13    28   -51    -3     9   -37    -8    35     5     9    37    51   -48   -48    43     9    21     2    -3     4    32    44   -28    50    -4    -7   -11   -10     5   -10    29   -11    10    24    59    -9    49     3    10 
   23    23    -1     0   -23    19   -30    20    19   -15    30    27   -44     2   -28   -25    -3   -34     8   -25   -13   -10   -20    49     8   -61   -13    18    38    20    20     4   -42    -3    20   -20   -34   -25    46   -15   -19    20   -35    -1    36    29   -22    33   -43    46     1   -30   -24   -33   -45    -4    -7   -26    10   -51    -3    53    -5   -18   -34   -23   -56    -8   -28    22    30     0     2   -11    14     5   -18    -5     3   -70   -13   -41    13    -5     9     4    16    17   -11    -6   -36    29    11   -19   -41    -6    13   -12    28   -38    13    30   -22    22    42   -43   -41   -19   -29   -47    -6   -52   -47    -3   -45     9   -12   -19    39    -6    33     8    14   -60    51    38    22    37    24   -26   -25    33   -68    19    12   -18    10     1    12    -3    42    -9    29     6    44    35     8    38    40   -25    21    13   -41   -61     1   -55    21   -38     3   -21   -15   -20    12    16    -8    47   -23    25   -47    27   -15     8     5     6    33    -6    23    34    79   -18    61   -17   -40    25    -5    50    15   -23    -4    -7    13   -20   -37   -12    33    49   -27   -18   -23   -11   -16    50     4    -9   -46    32     6    15    11   -11    -9   -20    -7    -8    20     9    36   -30   -47   -37     4    -1   -11    29     9    33   -35     2     6    68   -12     0   -27   -67    -8   -16    -2   -36    24    38   -13   -13     1   -12    17   -81    -1    33   -15   -38   -20   -47    19   -22    40   -29 
    4   -18    17   -24    64    38   -11   -20    -5     7     0    44     3    29   -29    27    -8   -33    28     7    12    16     8    -4    24    20    26   -27   -12    -9    11   -28   -61    11    20   -29   -19     9    40    -1   -10     3    12     9   -37    43    28    29   -11    -7    22     4    21    -8   -26    -5   -16   -26   -10   -19    22     2   -11    58   -21    15   -35    -4    17     6    45    50    24    -4     1   -17    32   -10    25   -34   -18   -33     3    63   -19    11    20    51     2    12    13   -20    14    23   -23    -4     3   -28    40    -3   -31    35    -4   -60   -28    38    24   -24    -8    13    15   -25   -17    -5   -24    35   -18   -50   -13     6   -72   -77    44   -27   -24   -20   -37   -21   -39    24     8    -1    55    -6    34   -43    39     5    -4     1    -7     7    33    16   -50    42    12     3   -64    -3     2     8    -7   -10   -17   -30   -14    30   -15   -67   -28   -14    31    60    15    16     2    -4    -4    13    27    16    20    27     9     8   -14    37    36   -49   -13     5     1    17   -16    -7   -23     3    25    28    29   -33   -28    38   -23    24   -33    33    34   -13     6    15     8    82    -3    34     5    -1    38   -51   -25     6    19    24    33   -38     5    -1   -23   -48    -4   -25     1    -8   -16    49    37     7     9    28   -15     6   -13     6    57   -15   -40    20   -13    -2   -22    48     8    -5     6    10    14    16   -41   -21    33    40   -66    25    -1   -12 
    2   -44   -31    21     7   -11   -41   -24    25   -21    16   -11    -7    -2   -42    21    -7    50     4    22     1   -16    51   -27    21    38    19   -25   -19    58    -7   -13    21    36    38   -39   -20     7     2    20   -53   -88    -8    -2    23    21   -16    -3   -19   -37    -4     0     9     6    42   -34    11     6   -35    -1    15   -46    10    -5    -3    -7   -27    39     9    33   -12    -4   -61    -8   -19   -11    16   -17   -22    32    -2   -47   -15    -5    28    15   -32    -4    -5    46   -13    10   -15   -54    30    18   -11   -12   -15    24    14   -50     0    10    38    -1    26     0    25    -3   -25    27    -3    21   -30   -19    17   -28    -2   -28   -18     5    -1   -16    20   -14    20    11    44    20   -27   -26    23     8    53    25    -5   -17    23     6   -27    41     6   -20    22     3    67    18   -25    11    42   -52    66    25    -2    15   -11   -21   -21   -26    17    55    32   -10   -18   -63    30    -3     1    -7    -9   -12    45     6   -47   -81   -10   -18   -43     3     8     3    42   -13    48   -50    30    -8   -13   -25    -6     0   -46    23   -70    -2    27    20   -25   -11    17    29    28     6    11   -24    -8    22    32    16    24    -6   -19   -16    41  -102   -15    52    11    21    59    17    26    -8    -5    22    51     4   -42     6   -30   -32     5    24     5   -10   -36   -26    20   -45   -11    -4   -28    15   -73    13    -1    64    35   -20     0    19   -36    54     5    46 
   30   -23     0     4   -40    22   -16   -12    18   -27    -9    12    34   -16    40    33    27    66   -40    40     5   -23    31    34   -36    -7    40    17   -18    13     7    42     6    35   -19     2   -68   -40     6   -21   -56   -26   -34   -38    82    27    21    20    -8     6     0    27     1    -1    28    17     0   -12   -20    31    -5    37    -4   -65   -23   -28   -67   -49     6    44   -32     0    -7    -4   -32     6    25   -15     6    17   -62    92    35    26    -8    31   -33    25     0     1   -17    35    -3   -44   -23    52    57     9    88    -3   -10    40   -40   -32   -46    44   -25   -30     2     8     2    58    -5    77   -47   -37   -46    40   -49    13   -19     0   -26    30     8    40     2   -53    -8   -26   -20    45   -24     7    39    16    20    25   -16    -2   -12     4     9    -8    16     4   -31   -12     4   -44    63    48   -80    -3     3   -29    18    48     4     4    45     7    10   -11     2   -38    -3   -33    64    17   -52    16    52   -25    -7   -31    26    40    46    -1   -34    17    23     4    30   -65    18   -10    28    18   -58    40   -25    24    -1    45   -41    32   -15   -69   -23   -48   -28     3    -1   -35     9    -3    -9   -38   -65    35    13    14    16    20   -40    10   -14     2     8    18   -24   -17   -16    14    25     8    -8     1     7   -33    29   -38    -5   -22   -10    16   -69   -37   -37   -49   -10    -3   -17    51    10    48   -64    28   -35   -29    42    -2    37    30 
  -17   -12   -36    29     0   -13     2    49   -10     5   -20   -25    -4   -14    -7    57    31   -11    30     0   -31    29    39    27    -3   -18   -33   -17    -4   -10   -41    -3     3   -38    35    58    52    40   -65    26    49     3    -4    60   -19   -38   -16   -77    46   -39     0    16    24     6    10   -47    50    10    11    -8   -24    10    23     6     3   -13    70   -12    -6   -23   -10    10    56    29   -12   -17     2    -5   -22    21    31     8   -17    -2     9    37    50   -31   -17   -47    35     9    36   -13   -14   -80   -51    38   -10     6   -26    17    -1     8   -44    30   -11    -5   -44    36    -1     6    44   -26    45    29     4     1    13    15    47     5    50     3   -30   -87   -21   -43   -47    43   101   -22    35    35   -51   -49   -31    11   -26    36     1   -15     2     2    10     6    32    -4   -11    15   -42    -7   -26    15    10    -5    36     9    24    14   -29    41    28   -23    32    12   -15   -15     7   -51    -2    34     1   -68   -17    26   -17   -12   -22   -34   -37    58   -18   -14   -15    16    -2    14   -21     2     0   -20    31   -33    19   -39     3   -29   -23    20    -5   -16    18    32     4   -41   -13     0   -27    24   -13    -3    43     9     1    15    -4   -21    93    51   -74   -48   -15     1     9    27    14    26    58    -6   -12    33   -45   -32   -41     8    12    10   -12   -45   -13    13    33    12    25    11   -24    10   -29    33    19   -33    -4    80   -33   -32 
  -22    18   -51    46    -2    27     9    15   -13    -6    19     4    43    33   -12   -12   -15   -18    23     4   -19    23    -5   -28    -4    35    10   -23     0    27    10   -30   -49    22   -24    -4     5   -17   -27    23     2    56     5   -25   -12    13   -18    -8     1    45   -11   -17    16    -5   -69    35    29   -34    -9    17   -51   -38    37    21     6    11    44    46    -6   -37    26    68     0   -24    32   -13   -17   -31   -33     1   -11   -44   -28    -2    33     2    11    -8    22    -9    13   -15    29    23   -15     9    27   -10    16   -33    31   -29    43    14    -5     4    -4   -11   -13   -18    30    27    39    14    20    19    10    39    -1   -13    -6    10     6   -30   -18     3   -27   -20    -5    13    31    33    43    -5     0   -14   -24   -10    10   -36   -13   -42   -13   -48   -19   -24   -46    26   -25    20     1     4    12   -15    -7   -25   -38     7   -15     7   -11   -22   -30    14   -16    38     0   -39   -18    -3    21    22   -38    45    34   -24    16     8   -24   -40   -31   -45    18   -26    -6    38   -37    29     6   -32   -24   -21   -10    15   -63   -11    40    -6    51   -32   -38    14   -15   -14     3    -5    -4   -26   -44   -28     6    12    12    10    47    -9    13    -6   -35   -25     9    -2    10   -41    -3     9    -2     6    -1    24    10   -44     1    62    11    13    40    45    -6    55     2    -9     9    29    10    -8   -22   -36    25   -31    12   -13    -5    38    -7   -12 
   46   -14    49   -23   -24    12    71   -62     3     9     4     1    -5     3   -31    -1   -29    10     3    32   -20   -40   -33    11    10    13    33    53   -10   -22    -1   -24    16    10   -21    11    -3   -12   -18    -7   -24    10    33     8     9   -24   -11    36     0    24    -7   -43   -12   -18    58   -20   -24    10    22     0    38   -20    -7    23     2   -22   -17    15   -18   -42    -3   -12   -28    12    35    29   -53   -19   -37     0   -49     7    16    -8   -28   -39     8   -23   -16     3    10   -29     2    -7    22     1   -22   -10    25    -1     6   -11    -4    -8    43   -24   -33    13   -76   -56   -12     7   -19    12    13    -1    23    25    -1   -37     9   -38   -35   -16     8    15    27    40    16   -54     2     6   -24    -1    12     0     2   -39    -6     5    36    -3    85    31    45    32   -12  -102    10    22    -1   -20   -32    29    -7   -46    -2   -37    16   -13    25   -20    29    -2     5    19   -34    11    50     7    34   -30    -4     2   -10    -4     7   -30     8     7    32    34    -6    45    20    -8    -8   -21    -5    44   -22   -15    26     2    68    29     1    17    10   -32    11    28    36    -8   -40    17    51    30    27    13    -6     1    -5    35   -34     9     5    -5   -40    23    12    12   -13   -28    19    27   -13   -24   -38   -63   -15    60    33    -6    -6    14    -3     4     4    -9    57    14    -3    -8    59   -17   -20    14    26    35   -12    -9   -26    -3    -5    26 
   10    39   -15     0   -10     6   -17    31    -4    -2    28    -4    -2    44    12    16     1   -18     9   -48    -9   -16   -18    20   -20   -25    28   -21    75    15     4    -9   -34   -21   -23   -10    -3    15    12    25    30    39    16    13   -20   -24   -13   -40   -55     5     4    -5    24   -33   -48    63    10     9    26    12   -31    35    22   -10   -70    27     1   -10    11    18    -8    15    15    11     3    44     8    -3     5    26    -4    -9    -3   -15    50    14    18    14    11   -14    -9   -11    -6    -3   -36   -36     3    14   -10   -11   -39    33     6    29     7    23     7   -47    -2   -27   -19   -57    -8   -13    28   -19     2   -36    47   -11    38   -40    -6    34     7   -20   -10    28   -32   -42     8    17    -1    11   -27   -49    46    16    21    -4    39    20    -7   -37    77    36   -24    21    75   -11    14   -14   -10    -9    14    17     2    30     2    52    28    42   -57     5    39    29   -42    50   -21    -6   -26    49   -39    24   -14    12    22    13     6   -54   -16    26    44   -61    27   -15   -44   -48    -9     4     0   -44    -2   -23   -17     1    11   -34    69     7   -31   -24    14   -22    -5    -9    24    14   -43     5     0   -66    25   -11     8     1   -32   -26     7    -4   -44     5   -12    -5    20     5   -26   -30    43    19    16   -10     0    25    13    -2    14    -2    16   -29    15   -35    34   -49   -16   -23    52   -10   -22   -26   -24    -8     6     1   -32   -27 
   20     1    35    24   -43    30   -15    -1   -37    11    -5     4     0    -8   -14    -3    37    -3    -2   -17   -79     1   -15    39   -51    -6    52    11    22    35    24    -9   -16    -4   -15    14     7     6    -1    61    22    39   -11   -14   -17   -11    24     1    -1   -21   -17    -3    16    20   -16    59    17    16   -36     7     0    36     8    -4   -52   -25    28    -9    22   -47   -22   -31    34   -22    20   -28    39     2   -71    11   -11    12    -2   -15    27     9    24   -25    33   -22   -20    37     4    34     1   -17   -21   -31    37   -57   -10    -9    -7   -46    20     3   -18   -45   -21    13    10   -16   -13    12    20   -29   -27     0    18   -46    36   -17   -21    19    -3   -10   -17    -2   -18   -53    26    53    46    23    -4   -16    -8   -13     2     9   -31   -28   -14    41    20    42   -22    24    32    14   -53     6    18    18    -6   -25     5    30    37    40    13     0    -9    34     1    15   -35    16     8    11     6    50    31   -19    41    -3     0    33   -24   -13   -23    18    14   -10     0    -2   -25    14    30    19    -7    10    29     0    22    18   -29     1    21   -19   -39   -27    -8    14    13    11     4    -8   -13   -11     1   -15    -5   -15    38     2    10    28     1    24    -4     3    -1    -8   -13   -13   -25    -8   -26   -29    30   -20    -9     0   -53     9   -15   -12   -18   -40    11   -34    13   -62    14     5   -12    16    37     6    -8    11    23    35    34    -9 
   24    -9   -27   -28    -4   -47     6    10   -12     1    39     5    26    -7    46     4    13    -6    16   -49   -15   -31    21    69    -4     2    32    23    -2   -17    47   -22    -6     4    42     7     5    59   -10   -34   -29     2   -17    26   -39    16   -31   -59     4   -51    37    34     9   -35    42    39   -27    27    -8    26   -13   -14     8    22    -3    11    24   -46   -16   -69   -19    23   -11   -32    -9    18   -41     1   -76    -2    -6    13   -20    23    23   -14    45   -27     9    -4    44   -21     1    52   -29    11    38    12   -34   -28    20    24   -33    19     2   -22    -2   -68   -46   -17   -54   -33    -1     0    64    14    48    -3    -5    25    -9   -69    51    35   -11   -68    -1    26   -49   -36    58   -18    38     6     9    20    18    42   -16   -42    41    29   -42   -27    20   -20    26   -15    14    -3   -32     5    12    38   -21    32    38    57    47   -26   -21    11   -28    38    72   -13   -30    18     9     3     3    -6   -32   -35    -5    50    14   -18     6   -29   -33    34    -2   -51    22    22   -67   -11     8   -18   -28   -88    45    -9   -22    71    45   -22    28    16    18    -6    -7     0   -30   -26    17    14   -14    17   -28    -9    12    10   -25   -21   -78    80    56    55   -21   -12   -50   -17   -28   -35    -4   -31     9    -3    17   -51   -27    18    12    -7   -10    25    18   -32    25   -17    30     3    21    -2     0     0    19    22   -14    50    17   -19   -17   -70 
   28    15   -14   -26   -16   -62   -37    27   -18    -1     7    13   -17   -26    36    16    20   -21    -6    20    33   -17    26   -12    33    -5   -40     2   -66    -3    35    -5   -27    27    81    27    81     1   -11     3    24    37   -25    -8    -1     9    23   -22     4     2    15    33    27     5   -23   -18   -10   -44    42   -47    -8   -30   -33    -7    96   -21     1   -45    45   -40    29    32    12   -32    39    -1   -71     2    -7   -37    11    44   -49    73    12    10    49   -18     7    -8    10   -42    14    37    34   -50    63   -20    25     4    78     9    19    -1    15    21    -4   -28   -37   -37     8    -6    16     1    14    20    28   -35   -27    24   -31     7    -7   -14    12   -50   -35   -12    36     6   -30   -20    -1   -28     2    -9   -22    40    13     3    45   -14     7   -22   -69   -60    17   -42   -23   -26   -17    32    38    53  -109     2   -22   -57    56   -15   -58   -96     0    23    41    61     5    21    11    11   -42     2   -29   -55    52    23    12    25   -16    -4     8    31   -45   -67   -80    34    23   -24    19    16   -36    13     3     7     3   -30    42   -23   -36     3    49   -13   -25    -9     0    61    25   -39     7    27    13     9    -2   -22   -43    -6    15    46    20     4    -8     5   -32    39   -28   -44   -39    50   -12     6   -20    24   -49   -15    13    -9    18    15   -34    22    35    21    10    33    -8    -8   -24   -10    25   -31   -10    44    -9    18   -23    -7 
  -27    27    11    28     0   -30     4   -25    23    10   -32    -3     0   -18     8    -5    28    -7   -16     0     3   -42     5   -24   -21    -2    32   -13   -32    36   -18    56    44   -19    12    -3     3    16   -65    18    18   -20   -25   -14    23    -6    15   -21    16   -25     9    -5     3    37    24    64    16    22     5    12    27   -50   -49   -40    14    54     5   -15    67     1    23    14   -20   -12   -21     0    70    23    -8    29   -34    34    12    38    39    51    35    14    13    14     5    -7     2   -79    19   -23   -29    -9    17   -12    18   -54    33     1   -17    21    13    -3    60    -4   -19   -22     6    -6   -37    34    17    -4   -59   -15    32   -13     2   -50    11   -23    40   -57   -23    -8   -44   -19    18    -5     0    -3     2    -2    10    18     1     5   -45    21   -27     7     4    22   -36    23   -20    34    18     3    -7    -6     7   -18   -64    -1    22    33    58   -36   -24   -20    32    -9    19   -37    23   -35    67    -3   -30     3    21     3   -73   -56   -70    36    22     3     2   -47   -17   -24   -33    24   -19   -36   -31    14   -35   -10   -28   -33   -25    29    -6   -22    18    -2    -9   -39    -3    15    51    32    12    13    56     5    11   -69   -29   -28    41    96   -29    13    -5     0    23   -21    -7     8   -10     0     8   -11   -55    -8    -2    -6   -10   -12   -31    12    -8     2   -21    25    -8    62   -18   -12     0   -18    88     5     7     6   -40    -3 
  -27     9    -1    41   -24    15    39    21     0    32    11    51    20   -58     2    15     5     0   -56     7     0     9   -26   -11   -20    -9    28     4    25    17   -26    18    32   -34   -16     8     9     0   -21    33   -16   -16   -12   -36    29   -35   -26     9   -10    21   -21   -29   -28     2   -14    -3     6    -4    24   -16    -8   -26   -14    -9    17     9     0   -11     6   -37   -52   -30    23     0   -11     8   -24   -15    -8    32    -8    22   -30   -42     4   -19   -43   -32    29     4   -32    14    35   -36     9     4   -26    12     1    -2    19   -13    67    11    18   -44    36   -29   -13    15    18    22     9    -7    51    13    26    25     8   -35    20    26    11     3    17   -54    38   -14    23   -17    -3    12   -35     9   -14    -6    -8   -18     1    -2    -8   -20    -6   -11    24     3    29    -7   -28    13   -20   -30    -2    28    25     2    16    29   -40    -7    22   -32     6    -7   -20   -19    20   -13     5   -24   -25   -19    28     7    10    20   -48     1   -26    27    20    -7     3    -2    11     3    48    25   -27     0   -10   -19    31   -29    -6   -23   -25   -35    11    19   -15    21    -3    -3     2   -17    -4    14     7     3    21    28    11   -14    16    37    24   -14   -16    52   -35    34    47     6    11   -55   -34   -30   -47   -53    18    17   -20   -34   -16   -16   -16    -1    28    16    22    13   -24     8   -25    -2   -60    -3    37    20    -3     7     4   -30    -3     1 
  -50    -5   -44   -27   -10    17   -40     7    28    12    -8   -54   -19   -33   -21     5    -7    75   -34   -11    36     5    58   -31    -3     1   -34     4   -64    14    29   -18   -21   -13   -19    69    -3   -46    -7    10    -1    -9   -24   -37    39   -11    -6    17   -32   -15   -12   -47    -4    46     1    -6    13    48     5   -10   -11    -2    60    -6     7   -19   -15   -22    -4   -21    29   -25    -6    14   -26   -29   -39    29    16    14    13   -10    21    16   -25    14    20    -6   -62    18    15    34   -22   -15   -27   -33    -7     0   -40   -32   -28    -2     4     2    31   -17   -32     7   -14   -32   -22    30   -45    48   -14    24   -34     0   -24    65    -1     7   -55   -17    25    41   -18    -3    23    16   -44   -24     3    -3     7    -5    -3    22    -4     4   -24    28    -7    12   -17    17   -31    44    -4     3   -25    21    33     0    33   -44     6   -36   -18     1    17    -5     2   -19   -28   -30    -1   -36   -11     2   -26    -7   -14   -17   -27     4    11    -1    58    55    15    28   -27    -7   -34     2    26   -15   -13   -61   -31   -26    -3   -52   -16    11     3    38   -67   -29     8    34   -25   -40   -35     9   -23   -32    30   -14    15    23   -29   -28   -26    33    15   -12     0     7   -13     9   -14    54   -10    -4   -43    38    14     8   -11   -13    25   -31    29    -9     9    33    10    37    21    -8    -2    50     3   -15     4    15   -20   -15     4   -35     4   -11     1   -30 
   49    13    31    40   -16   -23   -54    12    39    26    34     3    34     7    16   -21    10     6   -47   -60   -26   -12    20    18   -26    60    22    25    -5    -6    19   -52     3   -25    29    -9   -52    21     2   -14   -10    28    21   -18    -4     5    -1   -30    30   -34   -11    24    -2    19    56    68     8    36   -37    66    28    21   -12    25    17    14    -7    17    -5     3    -2   -13    -9   -22    -8    17    26   -30   -25    24    61    27    21    48     3   -10   -21    32    48    45    10   -34   -13     7   -21    45    59   -84   -16    -6    45   -41   -35   -35   -48   -26     5    -5    43    26    -3    23    33   -31    30   -21    -6    -8   -56   -44   -11   -50   -13    27    19   -18   -17    16   -38   -18    15    59    50    -6   -52    76   -19    17   -38   -15   -30     6   -54     3   -25    22   -38    -2    -8    31   -31   -18    54    55     6    24    11    25   -30    -3    15    25     7     6     5   -44    13     1   -32    20    23    -1    18    26   -39    64     9   -23   -16    -9   -52    20    12    25    62   -46   -19    21     5   -38    20   -37    11    59   -41    21    26   -10    11    34    22   -27   -43    16    25   -46     1    15    28    -8   -71   -14   -21    17    -3     6   -39    71    29    -7    28   -58   -48    -6   -23   -72    -4    17     2   -46    28   -39    13    40   -22   -50   -11    26     1   -34   -19   -37    29   -37     9    36    39   -23    21    20    36    28    21   -40   -32    -8 
  -78     6    24   -17   -14    32     3     5    12    51    37   -23    18     4   -18    21    20    15    14   -17    16   -84   -22    49     9   -11   -25    -4     0    17    15    42   -51   -46    -2   -33    46   -12    24   -23    31    63   -37    31   -31    14   -11   -15    34    -3   -18    -7     4   -14    12    44    37   -12     8    31     0   -12    18   -21   -24    28     4    25    35   -32    -9    28   -19   -11    27    72    32     4    24    -6   -12   -13    31    33    -5   -16    19   -12    20   -13   -10   -19    -2   -48    19    -5     8   -22   -39   -18    58    16    -8    36   -14   -12   -24   -30   -71   -39    -5   -60   -21   -34     4    60    31    14   -26     4    52    25    28   -27   -10    39    10    21   -12     1    20   -17   -34    -9     0   -12    28    23    63    17    11    12   -18   -43     4    50   -33     1   -22    30     7    61    -9    17     8     8    15   -31   -48   -15   -47   -10    24    33     4    56   -11    -5   -26     5    23   -27   -38    12    34    34    -7     8    22    -2     3    25    16   -20   -46     2    20   -21   -38     3     4   -54     8     4   -15     6    59    48     1    20    -8    30     1     2     0   -11    -8     2    18    -3     7    -3    59   -16   -50    -9    -9   -20   -45    25   -13   -22    31    14    72    64   -70   -17    -3    37   -14    -8   -41     7    11    60    21    14    10    69    -1    22    -4    19   -17   -40   -41   -21    57   -34    12    41   -41    11    -9    18 
   -4   -23    24    -2     2    -3     6   -14   -14    42   -11    19   -23    13    -1    45    59     1   -32    17    -3   -18    33    27    -6     5   -18    33   -14   -28    24    18     5    -3    22   -13    36    13   -24     0    12   -11     6    19    15     4    30   -39     5   -29   -36     4    16     7    58    33    39    35    32    40    -8    -8   -26   -28   -67   -20    -7     7    37    31     7   -10   -18    -6   -27    13    61    20   -18     2    -7    35    24    -7     5    37   -16   -25    20   -14   -18    11   -40   -37    11   -44   -12    24    35   -16   -34    -5   -59    33    43    36    10    -8   -12    20   -58    -6    20   -15   -23   -44   -58   -40    -6    24    11    24    22    -9    15   -18   -12    32   -21    13    -6     6     5    33   -10   -24    16    58     1    24   -16   -15   -27    32    24    24    -2   -15     9   -20    -6     8    61   -26    -4    20    22    39     6    11    34     7   -22    37     3    34   -47    12    20    -8    35     3    17    17    16    28     4   -10     0    -4   -14    53    75   -85     0   -48     1   -17   -28   -15   -46     7    26   -42    -8    14    25   -12   -12    13    12   -26    -8     0    10   -30    26    15    -8    -2     5   -22    51    -6     4    35    13    25    38    14    -5    14   -12    -6    61    41    -2   -38    29    14   -46    29   -62    -5   -34   -23     3    21     7   -35   -11     4     9   -24   -15    21    39    17   -17     4   -13    20    -4     6     3    10 
   49   -17     2    15    43   -19    47    15    -9   -13   -24    49     1    -5    -7   -38    22   -79   -18    17   -72    90    20   -37    32    28    22    34   -12   -32   -44   -24    21    12    18     6    32    85     1    -1     0   -63    49    46    14     5   -32    -2    37   -17    18    33    54   -19    -4     1    18    23   -33     1   -13   -12   -37    45    17   -15    56   -32   -60    50   -39   -15    18    15    10   -18   -11   -16   -30   -22    26   -18   -21    33    -6    -6    -8   -46    26    -2    41    24     4    32    -2     2   -24    49    23    61    -5     1    30    24   -26    -8    30     2    62    20    -3     2   -13   -33     8    23    50    -6    10   -14    25    16    22   -55   -26   -75   -18    31   -17    20    45     4    23   -43   -11    10   -42   -35   -43   -17    23   -48   -21   -22   -64   -14     0   -15   -22    44   -39   -15    45   -40    11   -12   -10   -21    23   -39   -22    21    46     8   -25    -5    27   -19    -4   -26    46   -45    41    25    -2     8   -40    -4   -27   -45   -21   -24   -45    21    14     7   -17   -18     4   -30    17    29    27    37    24   -38    15   -33   -25    47    21     4    25    26   -24   -21   -16    18   -33    62   -33    -3     7    39    36     7     5    16    98    -2    17    -9   -20    -2   -54   -21    96    25    41   -64    -1    22   -10   -26   -25   -19   -24    39    63    13   -14     8     7    14    88     4     5   -13    -8    14     7    -2    -1    -2    19   -22 
  -24   -24     7    -9   -11    40    16    17     0   -12    34   -21    31    31    46   -27     1    -2    -2     0     6     2   -16   -42     8    -3     8   -15    -1   -20   -28    21    25    12   -67   -14   -61   -39   -31   -28   -13     9    23   -38    17   -61    -8    46    10    16     4    11    22     1   -13    -2    20   -21    -3     2   -34     6    26    18    -7    40    21    15   -29    -8   -41    20     1    -2    -4   -22   -51   -17    -5     6    -1    17     9   -29   -11   -15   -19    16    -1   -20   -43    48     8     5    44    43    -5   -23    -9    26   -21    10    30     9    43     8    20    35   -18    37     9    -5    20    43   -20   -61   -12    27    -9     0    -7    37   -29    48    -5    35     3   -10   -22   -15   -11     5   -13   -28    -3   -16    10     3   -10     8    -7   -10   -15    25    23   -50    12     8   -27   -25    22    12   -27    51    24     4    -9    40   -17    18     3   -12   -43    13    16    15    -8    -9    31    31   -29     0   -34    48     4   -24   -33     5   -29    45    32    24    71    29    -5   -22    31    11    12    12   -10    39    38   -26     4   -45    -6    29    28   -23   -18   -40   -44    45    35     9    -8   -22    20   -55    13    31     1     2   -19   -16    26   -72   -24   -10    57     4   -20    18   -12   -31    70    23   -12    -5   -45   -24    62   -11   -12   -18    23    28   -14    20    10   -30     2    59   -18    24    45    29     7    20   -23     7   -21    56    14     7 
   24    -2    22    -7   -35   -18   -22    14    11   -16   -49   -36    -5    -7    21    28   -16    18    15    35    27   -57    14    31   -13   -23   -23   -41    49    19     0   -23   -27   -54    23    30   -56   -24   -34   -21   -17     0    13     9     0   -38    13    -8   -12   -16    54    -6     2   -35    23   -49   -42    -6     2   -21     7    55    -9   -10    -4   -17   -23   -23    -5   -20    42    20   -41   -13    33   -30    39   -20   -29    19   -24     1   -38   -14   -41     2     5    23   -49    51     2    45    10   -12   -25   -10    23   -34    12    -2    25   -32   -13    -2   -33   -34    25    25   -13   -40     9    33    10    25   -58    11    21    24    29     0    29   -48   -23    25   -17    43    20   -13    14   -43    13    -8     4    54   -19    56    -6   -50   -65    10    10    40    33    28   -27     9    22   -33    21   -16    26    -5   -33    -6   -39    -7    48   -76    24    55     0    12    -2   -58    16    31    15    -5    22    21    13    31    -8   -57   -29   -26    71     0   -36    36   -40   -25   -28    52    53    -3    -1    45    24    36    -1    11    -9   -12    34    29   -57    42     5   -22     7   -12   -20   -22    29     9    14   -14    23    -5    35   -31   -22   -11    31   -38    -6     2    49    -5   -14   -19    -5   -17   -22   -15     6    21    22   -24   -17    -8   -25    -6   -62     5    26     2    13   -33     7   -29     8   -23    47    26    -1    -5   -10    -6   -17   -16    35    46   -21   -33 
  -16   -39     2    30     0   -18     8     9   -13    28    -7   -34     1    -7    21    34    -9    -4   -12    11   -18    21    33   -25   -20    52    20    24    -2    27     4   -61    51   -33   -12    33    13   -50   -34   -48    48    32     7    28   -31    -5    19   -24   -21   -60   -24    12    23    40    19   -37   -36     7   -63    12    19   -22   -25    11    27    -9    88   -19    -8   -30   -19   -22    13   -20    43   -14     5     3   -37    -7    -5   -12   -47    21   -44   -26    38   -34    16    -8    16   -20   -48    42    20    -1   -30     8    -1     2    -7    -8   -19   -55    19   -15    26    39   -20    -8    -2    53    10    24    39   -34     2   -15    -6   -16   -36    16   -57    43   -23    -6   -54    -6    15     0    17   -17    38   -45    16    42   -52    31    -7   -43     4     2   -43    10   -40    -8   -31   -18   -25    26    11    27    63    18   -40    43   -37   -31    50    40   -10   -24    14   -18     8    44    17   -11     6     7    31     1    -4   -13    25    23   -19    18   -50    22    -4   -52   -29   -59    -3   -18    11    20    31    30    -8    13    19    47    -8   -11   -24    32     7    18     1   -24   -31    29    23    14   -33    -2    29     4    18   -22     0    -9    27    13    15    40    30     8     4   -22     7    -7   -34   -41     2    39    18   -54    57     6     5    29   -19   -33     7   -16    31    -4    -1    26   -24    28    10   -30   -15   -21    24   -32    -2    38     8    19    -3    -6 
  -13   -26    28   -28     1    23   -31    17    -9   -13    14    40   -66   -39    18     5    11    21   -36    45    33    45    28   -29    -5    -5   -50   -17    -3     8    56     5   -22    52    40    39    -3   -42     8    -3    26     9     5   -13     0   -34    51   -26   -49   -27     8    28     5    22    -2   -37    15    -9    38    19     5   -18    18   -54     7   -60   -34   -22     4    10    -7   -45    29    31   -26     9     0    -5    17   -30    53    31     8    34   -11    54    25     3     3    39     4    24    17    41   -37    -3    19   -15    68    41   -24    39    22    -9     4    33   -37    13    -8    54    28    19    21   -22     7   -15   -81   -19   -24    21   -71   -31    20    19    21   -26   -16   -67    -2    -5   -18   -12    19   -14   -33   -33    18    45     8   -18   -30    -7     6    21    21   -27    22     1    -5   -21   -14   -20   -15    17    18   -13    10    -9   -27   -39    27   -21   -24    55   -11   -25    33    14    26    10  -108    33     6    30    38    23    13     2    32   -17    -1    41   -12    15   -22    33    34    -4     9    32    19    26   -28     0    -7   -47   -27    14   -51   -77     6   -25    10    13   -25   -26   -10   -78    21   -37    10    25   -29   -66    16   -18   -15    -4    -9   -24     0   -32    26    12   -33   -21     6    12    25    52    -3    16   -50   -39   -23   -41    10   -10   -47   -55   -70    -3   -19   -23   -46    10    44    38   -48    -1   -12   -14    30   -18   -15     6 
  -38   -30    -9    60   -10   -20   -36    11    32   -40   -39    13    50     9   -10    31   -16     2   -11   -11     1   -47    16   -10   -44    -1   -39    -4   -22    66    15   -32    10     2   -19    -2    -3   -20   -14    -9    -3   -23    12    12    25    32   -18     2     3    15   -42   -16   -24    -1    11   -25     1   -20   -33   -20    12    -6     1    30    17    -3   -10   -30   -11    18    37    59    -7   -33   -19   -12   -35    -5    30    -7    -9   -44   -28   -13   -19     5    -9     2   -35    40    -9    -2   -26   -21   -21    -1   -21    -5   -12   -18   -17   -19   -10    14     9   -13    11     2    -3   -47    14   -25   -21    15    -1    -2   -43    -4    27     6   -10    11   -11   -13     5     5    14    27     6   -11   -10   -23   -24    28    -1     6   -30    -6    21     0   -51    27    -6   -26    17     0    -9    22   -12   -11    -5    -2    33   -19    -4   -44     1    23   -29    27   -16    20    30   -20   -38    -4    20     9     2    -5   -20   -16    20   -32   -60   -21    26    30    -1     0    12     1     7   -27    -4   -25    15     0    -1    10   -13     0   -18     9   -22    10   -11     0     8    -1    10    17   -17     2    20     3   -22     8    18     3   -41     4    17    -5     8     1    -7    26   -25    -2     3    -2    -1    15    12    42    24    45   -26     3   -22   -19    13    43    28     2   -10    -4    14   -34    24     7   -41    -6    -9    -9    -6   -31    -9    -8   -12     1     0   -31     0    19 
  -20   -10   -18   -10    12    19     6   -12    -1     9    22   -10   -24    27    20   -10    -8    21    -3     3    26   -23    47    26    -9   -41    -1    27   -19   -23   -39   -33   -26    29    64    -3    -1    36     5    29   -75    23     0    -5   -10   -13   -17   -17    54   -22   -20   -15   -20   -53   -14    13    51   -25     6   -19     5    19   -11    -7   -19   -38   -25   -34   -19   -10    13     0     4    35   -12    24     4    -7    15   -13    41   -25    25    56     5     1    49     4    -6   -43    -2   -39   -14   -21    -4   -14     5    -7    10   -17    47    -1   -12    45     6    26    35    16    10   -10     6    -7     7    35   -34    18   -11   -57    38    -4    39     2    39   -35    10   -18   -34   -34     9    29   -26     9    14    30   -39    15    -2   -80    17    30    18   -12     9    13     8    -1    24    33    -6    37     9   -37     3    -3    -6   -41   -17    -4    11   -19    17    47     3     5    24   -22   -51   -29    -9    -9    14    33    20     1     4   -31     9    10    24    29   -52    -2    18    -6    20   -25    11   -21    28     1    33     2     4   -10   -18   -18    14    11     0   -33    14    42    36   -42    -7   -26   -13    27   -37    38   -11   -29    22     5    40     9   -40    -1    10     6     4   -22    -2    28    49     7   -11   -17     8    13     4   -25   -12    -9     1    -1   -28    -6     8   -25   -24     0    23     6    -4    -3    -7    37    13   -42   -13   -11   -11    31     8    18 
  -37    16   -33    34    29   -79   -16   -14     4     5   -24     7   -14    34   -74   -23    12     6   -23     9    34     2     3     1    15    38   -45   -15   -44   -20   -36     1    47    18    19     5   -32     7   -44    11   -47     9    75    34    38    27   -26    25    -8   -26     9   -46   -24   -15    39   -44    15    -7   -10    12    16   -49   -22    34   -13   -24   -21    17    15    40    13     6     7   -60   -56   -22   -18   -18     8    14    11   -52   -32    15    16   -16   -32   -13   -58    23    36   -45   -29    -1    -3   -59     2     9   -46   -35    43   -24     1    -5    50   -43     0    52    -5   -55     8   -16    -9   -21   -17    39    26   -31    36    10    -7    42   -35     1    18   -26   -30    15    16    -8   -43   -33     5    -4    -2   -16   -44   -27   -11   -25   -15    23   -14   -20    18    -2    -6    14   -37   -35   -27   -66    79    25    -1   -17    12    10   -25   -14    -9    23    12    -1   -61    18    -7     6   -13   -17   -10   -46    29    42    -5    16   -16    25    -5     0    27    43    26   -11   -24   -22    33     4   -16    13    -1   -16   -30    -7    11    13    41   -13   -18   -32    41    11    -2    -8   -12    18     5    -5    37   -10    40    43    19    21   -11   -45    48    40    34   -12     2    18   -19   -31    11    43    -8   -17   -43   -20   -68   -23   -47    25    23    23   -36    10    45   -38    82    20   -11    15   -19     5     5    -7     4    -6    25     6   -10    -6     9     6 
   13     9     0    43    -8    16    22   -15     3    -7    29   -10    13    34   -35    26    -9   -50    26    -5   -18    22   -49    -1    -3    23    28     2    49    -3   -50    35     1     4   -58   -24   -28    15    26    -2   -35    -1     9     4    31    21   -47    51     2    37     1     6     3   -13   -14     9   -14    -1   -21   -23    -5    11    41    40   -42    32   -28    63   -22    33     3    -3   -36   -27    -2    11    42   -34    11    25   -40    -1     9   -53    18   -98   -73    14    45    -3   -24     2     0     6     3    42    -9    22   -43   -18   -25    12   -23   -32   -18   -32   -25    29    12    16   -25   -10   -25     6     9   -18    45     6    36   -22     0    23   -35    38   -13    53     9    62     6     7    22    29   -31   -17    22    31   -18    -6    -6   -33   -43     0    -5   -43     5    13   -17    14    15   -24    44   -20   -19    -3    49    24     4    36     0    34    59    50   -31   -34   -63   -19   -18    18   -38    -5    26     7    11    76    -8   -30   -13   -13    24    11     5   -13    11     5    47     6     9     6   -40   -27   -31    -8   -13    27    19    13    22   -17    40   -13   -47     9   -25    18    40     5    -9    39   -14    10    36    -1   -12    35   -17    -6    44    -3    11   -48     8     8   -28   -52    -7    61     9   -10    10   -32   -32   -11    55    43     8    16    32    36   -16     6    60   -23     2    -2    23    31    46    -9    13     6    -4   -13   -44   -43    17    -9 
==================================================