Copyright 1986-2022 Xilinx, Inc. All Rights Reserved. Copyright 2022-2025 Advanced Micro Devices, Inc. All Rights Reserved.
--------------------------------------------------------------------------------------------------------------------------------------------------------------------------------------------------------------------------------------------------------------------------------
| Tool Version      : Vivado v.2025.2 (win64) Build 6299465 Fri Nov 14 19:35:11 GMT 2025
| Date              : Tue Apr 14 01:36:29 2026
| Host              : ZUYYYY running 64-bit major release  (build 9200)
| Command           : report_timing_summary -max_paths 10 -routable_nets -report_unconstrained -file gemm_block_v1_wrapper_timing_summary_routed.rpt -pb gemm_block_v1_wrapper_timing_summary_routed.pb -rpx gemm_block_v1_wrapper_timing_summary_routed.rpx -warn_on_violation
| Design            : gemm_block_v1_wrapper
| Device            : xck26-sfvc784
| Speed File        : -2LV  PRODUCTION 1.30 05-15-2022
| Design State      : Routed
| Temperature Grade : C
--------------------------------------------------------------------------------------------------------------------------------------------------------------------------------------------------------------------------------------------------------------------------------

Timing Summary Report

------------------------------------------------------------------------------------------------
| Timer Settings
| --------------
------------------------------------------------------------------------------------------------

  Enable Multi Corner Analysis               :  Yes
  Enable Pessimism Removal                   :  Yes
  Pessimism Removal Resolution               :  Nearest Common Node
  Enable Input Delay Default Clock           :  No
  Enable Preset / Clear Arcs                 :  No
  Disable Flight Delays                      :  No
  Ignore I/O Paths                           :  No
  Timing Early Launch at Borrowing Latches   :  No
  Borrow Time for Max Delay Exceptions       :  Yes
  Merge Timing Exceptions                    :  Yes
  Inter-SLR Compensation                     :  Conservative

  Corner  Analyze    Analyze    
  Name    Max Paths  Min Paths  
  ------  ---------  ---------  
  Slow    Yes        Yes        
  Fast    Yes        Yes        


------------------------------------------------------------------------------------------------
| Report Methodology
| ------------------
------------------------------------------------------------------------------------------------

No report available as report_methodology has not been run prior. Run report_methodology on the current design for the summary of methodology violations.



check_timing report

Table of Contents
-----------------
1. checking no_clock (0)
2. checking constant_clock (0)
3. checking pulse_width_clock (0)
4. checking unconstrained_internal_endpoints (0)
5. checking no_input_delay (0)
6. checking no_output_delay (0)
7. checking multiple_clock (0)
8. checking generated_clocks (0)
9. checking loops (0)
10. checking partial_input_delay (0)
11. checking partial_output_delay (0)
12. checking latch_loops (0)

1. checking no_clock (0)
------------------------
 There are 0 register/latch pins with no clock.


2. checking constant_clock (0)
------------------------------
 There are 0 register/latch pins with constant_clock.


3. checking pulse_width_clock (0)
---------------------------------
 There are 0 register/latch pins which need pulse_width check


4. checking unconstrained_internal_endpoints (0)
------------------------------------------------
 There are 0 pins that are not constrained for maximum delay.

 There are 0 pins that are not constrained for maximum delay due to constant clock.


5. checking no_input_delay (0)
------------------------------
 There are 0 input ports with no input delay specified.

 There are 0 input ports with no input delay but user has a false path constraint.


6. checking no_output_delay (0)
-------------------------------
 There are 0 ports with no output delay specified.

 There are 0 ports with no output delay but user has a false path constraint

 There are 0 ports with no output delay but with a timing clock defined on it or propagating through it


7. checking multiple_clock (0)
------------------------------
 There are 0 register/latch pins with multiple clocks.


8. checking generated_clocks (0)
--------------------------------
 There are 0 generated clocks that are not connected to a clock source.


9. checking loops (0)
---------------------
 There are 0 combinational loops in the design.


10. checking partial_input_delay (0)
------------------------------------
 There are 0 input ports with partial input delay specified.


11. checking partial_output_delay (0)
-------------------------------------
 There are 0 ports with partial output delay specified.


12. checking latch_loops (0)
----------------------------
 There are 0 combinational latch loops in the design through latch input



------------------------------------------------------------------------------------------------
| Design Timing Summary
| ---------------------
------------------------------------------------------------------------------------------------

    WNS(ns)      TNS(ns)  TNS Failing Endpoints  TNS Total Endpoints      WHS(ns)      THS(ns)  THS Failing Endpoints  THS Total Endpoints     WPWS(ns)     TPWS(ns)  TPWS Failing Endpoints  TPWS Total Endpoints  
    -------      -------  ---------------------  -------------------      -------      -------  ---------------------  -------------------     --------     --------  ----------------------  --------------------  
      0.985        0.000                      0               147226        0.010        0.000                      0               147226        1.000        0.000                       0                 34988  


All user specified timing constraints are met.


------------------------------------------------------------------------------------------------
| Clock Summary
| -------------
------------------------------------------------------------------------------------------------

Clock     Waveform(ns)         Period(ns)      Frequency(MHz)
-----     ------------         ----------      --------------
clk_pl_0  {0.000 2.500}        5.000           200.000         
clk_pl_1  {0.000 5.000}        10.000          100.000         


------------------------------------------------------------------------------------------------
| Intra Clock Table
| -----------------
------------------------------------------------------------------------------------------------

Clock             WNS(ns)      TNS(ns)  TNS Failing Endpoints  TNS Total Endpoints      WHS(ns)      THS(ns)  THS Failing Endpoints  THS Total Endpoints     WPWS(ns)     TPWS(ns)  TPWS Failing Endpoints  TPWS Total Endpoints  
-----             -------      -------  ---------------------  -------------------      -------      -------  ---------------------  -------------------     --------     --------  ----------------------  --------------------  
clk_pl_0            0.985        0.000                      0               147226        0.010        0.000                      0               147226        1.000        0.000                       0                 34988  


------------------------------------------------------------------------------------------------
| Inter Clock Table
| -----------------
------------------------------------------------------------------------------------------------

From Clock    To Clock          WNS(ns)      TNS(ns)  TNS Failing Endpoints  TNS Total Endpoints      WHS(ns)      THS(ns)  THS Failing Endpoints  THS Total Endpoints  
----------    --------          -------      -------  ---------------------  -------------------      -------      -------  ---------------------  -------------------  


------------------------------------------------------------------------------------------------
| Other Path Groups Table
| -----------------------
------------------------------------------------------------------------------------------------

Path Group    From Clock    To Clock          WNS(ns)      TNS(ns)  TNS Failing Endpoints  TNS Total Endpoints      WHS(ns)      THS(ns)  THS Failing Endpoints  THS Total Endpoints  
----------    ----------    --------          -------      -------  ---------------------  -------------------      -------      -------  ---------------------  -------------------  


------------------------------------------------------------------------------------------------
| User Ignored Path Table
| -----------------------
------------------------------------------------------------------------------------------------

Path Group    From Clock    To Clock    
----------    ----------    --------    
(none)                      clk_pl_0      
(none)        clk_pl_0      clk_pl_0      


------------------------------------------------------------------------------------------------
| Unconstrained Path Table
| ------------------------
------------------------------------------------------------------------------------------------

Path Group    From Clock    To Clock    
----------    ----------    --------    


------------------------------------------------------------------------------------------------
| Timing Details
| --------------
------------------------------------------------------------------------------------------------


---------------------------------------------------------------------------------------------------
From Clock:  clk_pl_0
  To Clock:  clk_pl_0

Setup :            0  Failing Endpoints,  Worst Slack        0.985ns,  Total Violation        0.000ns
Hold  :            0  Failing Endpoints,  Worst Slack        0.010ns,  Total Violation        0.000ns
PW    :            0  Failing Endpoints,  Worst Slack        1.000ns,  Total Violation        0.000ns
---------------------------------------------------------------------------------------------------


Max Delay Paths
--------------------------------------------------------------------------------------
Slack (MET) :             0.985ns  (required time - arrival time)
  Source:                 gemm_block_v1_i/gemm_accelerator_0/inst/bram_B/gen_bram_bank[1].ram_pong_reg_bram_1/CLKBWRCLK
                            (rising edge-triggered cell RAMB36E2 clocked by clk_pl_0  {rise@0.000ns fall@2.500ns period=5.000ns})
  Destination:            gemm_block_v1_i/gemm_accelerator_0/inst/skew_inst/skew_gen[12].delay_B/gen_delay.shift_reg_reg[11][4]_srl13/D
                            (rising edge-triggered cell SRL16E clocked by clk_pl_0  {rise@0.000ns fall@2.500ns period=5.000ns})
  Path Group:             clk_pl_0
  Path Type:              Setup (Max at Slow Process Corner)
  Requirement:            5.000ns  (clk_pl_0 rise@5.000ns - clk_pl_0 rise@0.000ns)
  Data Path Delay:        3.461ns  (logic 1.609ns (46.489%)  route 1.852ns (53.511%))
  Logic Levels:           1  (LUT3=1)
  Clock Path Skew:        -0.321ns (DCD - SCD + CPR)
    Destination Clock Delay (DCD):    2.708ns = ( 7.708 - 5.000 ) 
    Source Clock Delay      (SCD):    3.193ns
    Clock Pessimism Removal (CPR):    0.164ns
  Clock Uncertainty:      0.129ns  ((TSJ^2 + DJ^2)^1/2) / 2 + PE
    Total System Jitter     (TSJ):    0.071ns
    Discrete Jitter          (DJ):    0.248ns
    Phase Error              (PE):    0.000ns
  Clock Net Delay (Source):      2.926ns (routing 1.304ns, distribution 1.622ns)
  Clock Net Delay (Destination): 2.492ns (routing 1.194ns, distribution 1.298ns)

    Location             Delay type                Incr(ns)  Path(ns)    Netlist Resource(s)
  -------------------------------------------------------------------    -------------------
                         (clock clk_pl_0 rise edge)
                                                      0.000     0.000 r  
    PS8_X0Y0             PS8                          0.000     0.000 r  gemm_block_v1_i/zynq_ultra_ps_e_0/inst/PS8_i/PLCLK[0]
                         net (fo=1, routed)           0.229     0.229    gemm_block_v1_i/zynq_ultra_ps_e_0/inst/pl_clk_unbuffered[0]
    BUFG_PS_X0Y80        BUFG_PS (Prop_BUFG_PS_I_O)
                                                      0.038     0.267 r  gemm_block_v1_i/zynq_ultra_ps_e_0/inst/buffer_pl_clk_0.PL_CLK_0_BUFG/O
    X1Y2 (CLOCK_ROOT)    net (fo=36267, routed)       2.926     3.193    gemm_block_v1_i/gemm_accelerator_0/inst/bram_B/aclk
    RAMB36_X2Y21         RAMB36E2                                     r  gemm_block_v1_i/gemm_accelerator_0/inst/bram_B/gen_bram_bank[1].ram_pong_reg_bram_1/CLKBWRCLK
  -------------------------------------------------------------------    -------------------
    RAMB36_X2Y21         RAMB36E2 (Prop_RAMB36E2_RAMB36_CLKBWRCLK_DOUTBDOUT[0])
                                                      1.382     4.575 r  gemm_block_v1_i/gemm_accelerator_0/inst/bram_B/gen_bram_bank[1].ram_pong_reg_bram_1/DOUTBDOUT[0]
                         net (fo=1, routed)           0.668     5.243    gemm_block_v1_i/gemm_accelerator_0/inst/bram_B/bram_pong_out[100]
    SLICE_X47Y102        LUT3 (Prop_H6LUT_SLICEL_I0_O)
                                                      0.227     5.470 r  gemm_block_v1_i/gemm_accelerator_0/inst/bram_B/gen_delay.shift_reg_reg[11][4]_srl13_i_1/O
                         net (fo=1, routed)           1.184     6.654    gemm_block_v1_i/gemm_accelerator_0/inst/skew_inst/skew_gen[12].delay_B/weight_out_reg[4]
    SLICE_X43Y174        SRL16E                                       r  gemm_block_v1_i/gemm_accelerator_0/inst/skew_inst/skew_gen[12].delay_B/gen_delay.shift_reg_reg[11][4]_srl13/D
  -------------------------------------------------------------------    -------------------

                         (clock clk_pl_0 rise edge)
                                                      5.000     5.000 r  
    PS8_X0Y0             PS8                          0.000     5.000 r  gemm_block_v1_i/zynq_ultra_ps_e_0/inst/PS8_i/PLCLK[0]
                         net (fo=1, routed)           0.181     5.181    gemm_block_v1_i/zynq_ultra_ps_e_0/inst/pl_clk_unbuffered[0]
    BUFG_PS_X0Y80        BUFG_PS (Prop_BUFG_PS_I_O)
                                                      0.035     5.216 r  gemm_block_v1_i/zynq_ultra_ps_e_0/inst/buffer_pl_clk_0.PL_CLK_0_BUFG/O
    X1Y2 (CLOCK_ROOT)    net (fo=36267, routed)       2.492     7.708    gemm_block_v1_i/gemm_accelerator_0/inst/skew_inst/skew_gen[12].delay_B/aclk
    SLICE_X43Y174        SRL16E                                       r  gemm_block_v1_i/gemm_accelerator_0/inst/skew_inst/skew_gen[12].delay_B/gen_delay.shift_reg_reg[11][4]_srl13/CLK
                         clock pessimism              0.164     7.872    
                         clock uncertainty           -0.129     7.743    
    SLICE_X43Y174        SRL16E (Setup_E6LUT_SLICEM_CLK_D)
                                                     -0.104     7.639    gemm_block_v1_i/gemm_accelerator_0/inst/skew_inst/skew_gen[12].delay_B/gen_delay.shift_reg_reg[11][4]_srl13
  -------------------------------------------------------------------
                         required time                          7.639    
                         arrival time                          -6.654    
  -------------------------------------------------------------------
                         slack                                  0.985    

Slack (MET) :             1.021ns  (required time - arrival time)
  Source:                 gemm_block_v1_i/gemm_accelerator_0/inst/ctrl_inst/bram_rd_addr_reg[6]/C
                            (rising edge-triggered cell FDRE clocked by clk_pl_0  {rise@0.000ns fall@2.500ns period=5.000ns})
  Destination:            gemm_block_v1_i/gemm_accelerator_0/inst/bram_B/gen_bram_bank[1].ram_pong_reg_bram_1/ADDRBWRADDR[11]
                            (rising edge-triggered cell RAMB36E2 clocked by clk_pl_0  {rise@0.000ns fall@2.500ns period=5.000ns})
  Path Group:             clk_pl_0
  Path Type:              Setup (Max at Slow Process Corner)
  Requirement:            5.000ns  (clk_pl_0 rise@5.000ns - clk_pl_0 rise@0.000ns)
  Data Path Delay:        3.277ns  (logic 0.114ns (3.479%)  route 3.163ns (96.521%))
  Logic Levels:           0  
  Clock Path Skew:        -0.122ns (DCD - SCD + CPR)
    Destination Clock Delay (DCD):    2.782ns = ( 7.782 - 5.000 ) 
    Source Clock Delay      (SCD):    3.068ns
    Clock Pessimism Removal (CPR):    0.164ns
  Clock Uncertainty:      0.129ns  ((TSJ^2 + DJ^2)^1/2) / 2 + PE
    Total System Jitter     (TSJ):    0.071ns
    Discrete Jitter          (DJ):    0.248ns
    Phase Error              (PE):    0.000ns
  Clock Net Delay (Source):      2.801ns (routing 1.304ns, distribution 1.497ns)
  Clock Net Delay (Destination): 2.566ns (routing 1.194ns, distribution 1.372ns)

    Location             Delay type                Incr(ns)  Path(ns)    Netlist Resource(s)
  -------------------------------------------------------------------    -------------------
                         (clock clk_pl_0 rise edge)
                                                      0.000     0.000 r  
    PS8_X0Y0             PS8                          0.000     0.000 r  gemm_block_v1_i/zynq_ultra_ps_e_0/inst/PS8_i/PLCLK[0]
                         net (fo=1, routed)           0.229     0.229    gemm_block_v1_i/zynq_ultra_ps_e_0/inst/pl_clk_unbuffered[0]
    BUFG_PS_X0Y80        BUFG_PS (Prop_BUFG_PS_I_O)
                                                      0.038     0.267 r  gemm_block_v1_i/zynq_ultra_ps_e_0/inst/buffer_pl_clk_0.PL_CLK_0_BUFG/O
    X1Y2 (CLOCK_ROOT)    net (fo=36267, routed)       2.801     3.068    gemm_block_v1_i/gemm_accelerator_0/inst/ctrl_inst/aclk
    SLICE_X20Y126        FDRE                                         r  gemm_block_v1_i/gemm_accelerator_0/inst/ctrl_inst/bram_rd_addr_reg[6]/C
  -------------------------------------------------------------------    -------------------
    SLICE_X20Y126        FDRE (Prop_HFF_SLICEM_C_Q)
                                                      0.114     3.182 r  gemm_block_v1_i/gemm_accelerator_0/inst/ctrl_inst/bram_rd_addr_reg[6]/Q
                         net (fo=20, routed)          3.163     6.345    gemm_block_v1_i/gemm_accelerator_0/inst/bram_B/gen_bram_bank[0].ram_pong_reg_bram_1_28[6]
    RAMB36_X2Y21         RAMB36E2                                     r  gemm_block_v1_i/gemm_accelerator_0/inst/bram_B/gen_bram_bank[1].ram_pong_reg_bram_1/ADDRBWRADDR[11]
  -------------------------------------------------------------------    -------------------

                         (clock clk_pl_0 rise edge)
                                                      5.000     5.000 r  
    PS8_X0Y0             PS8                          0.000     5.000 r  gemm_block_v1_i/zynq_ultra_ps_e_0/inst/PS8_i/PLCLK[0]
                         net (fo=1, routed)           0.181     5.181    gemm_block_v1_i/zynq_ultra_ps_e_0/inst/pl_clk_unbuffered[0]
    BUFG_PS_X0Y80        BUFG_PS (Prop_BUFG_PS_I_O)
                                                      0.035     5.216 r  gemm_block_v1_i/zynq_ultra_ps_e_0/inst/buffer_pl_clk_0.PL_CLK_0_BUFG/O
    X1Y2 (CLOCK_ROOT)    net (fo=36267, routed)       2.566     7.782    gemm_block_v1_i/gemm_accelerator_0/inst/bram_B/aclk
    RAMB36_X2Y21         RAMB36E2                                     r  gemm_block_v1_i/gemm_accelerator_0/inst/bram_B/gen_bram_bank[1].ram_pong_reg_bram_1/CLKBWRCLK
                         clock pessimism              0.164     7.946    
                         clock uncertainty           -0.129     7.817    
    RAMB36_X2Y21         RAMB36E2 (Setup_RAMB36E2_RAMB36_CLKBWRCLK_ADDRBWRADDR[11])
                                                     -0.451     7.366    gemm_block_v1_i/gemm_accelerator_0/inst/bram_B/gen_bram_bank[1].ram_pong_reg_bram_1
  -------------------------------------------------------------------
                         required time                          7.366    
                         arrival time                          -6.345    
  -------------------------------------------------------------------
                         slack                                  1.021    

Slack (MET) :             1.072ns  (required time - arrival time)
  Source:                 gemm_block_v1_i/axi_smc_1/inst/s02_nodes/s02_r_node/inst/inst_mi_handler/gen_normal_area.inst_fifo_node_payld/gen_xpm_memory_fifo.inst_fifo/gen_mem_rep[0].inst_rd_addrb/count_r_reg[4]/C
                            (rising edge-triggered cell FDRE clocked by clk_pl_0  {rise@0.000ns fall@2.500ns period=5.000ns})
  Destination:            gemm_block_v1_i/axi_smc_1/inst/s02_nodes/s02_r_node/inst/inst_mi_handler/gen_normal_area.inst_fifo_node_payld/gen_xpm_memory_fifo.inst_fifo/gen_mem_rep[0].inst_xpm_memory/xpm_memory_base_inst/gen_rd_b.gen_rd_b_synth_template.gen_rf_narrow_reg.doutb_reg_reg[97]/D
                            (rising edge-triggered cell FDRE clocked by clk_pl_0  {rise@0.000ns fall@2.500ns period=5.000ns})
  Path Group:             clk_pl_0
  Path Type:              Setup (Max at Slow Process Corner)
  Requirement:            5.000ns  (clk_pl_0 rise@5.000ns - clk_pl_0 rise@0.000ns)
  Data Path Delay:        3.577ns  (logic 0.200ns (5.591%)  route 3.377ns (94.409%))
  Logic Levels:           1  (RAMD32=1)
  Clock Path Skew:        -0.265ns (DCD - SCD + CPR)
    Destination Clock Delay (DCD):    2.605ns = ( 7.605 - 5.000 ) 
    Source Clock Delay      (SCD):    3.080ns
    Clock Pessimism Removal (CPR):    0.209ns
  Clock Uncertainty:      0.129ns  ((TSJ^2 + DJ^2)^1/2) / 2 + PE
    Total System Jitter     (TSJ):    0.071ns
    Discrete Jitter          (DJ):    0.248ns
    Phase Error              (PE):    0.000ns
  Clock Net Delay (Source):      2.813ns (routing 1.304ns, distribution 1.509ns)
  Clock Net Delay (Destination): 2.389ns (routing 1.194ns, distribution 1.195ns)

    Location             Delay type                Incr(ns)  Path(ns)    Netlist Resource(s)
  -------------------------------------------------------------------    -------------------
                         (clock clk_pl_0 rise edge)
                                                      0.000     0.000 r  
    PS8_X0Y0             PS8                          0.000     0.000 r  gemm_block_v1_i/zynq_ultra_ps_e_0/inst/PS8_i/PLCLK[0]
                         net (fo=1, routed)           0.229     0.229    gemm_block_v1_i/zynq_ultra_ps_e_0/inst/pl_clk_unbuffered[0]
    BUFG_PS_X0Y80        BUFG_PS (Prop_BUFG_PS_I_O)
                                                      0.038     0.267 r  gemm_block_v1_i/zynq_ultra_ps_e_0/inst/buffer_pl_clk_0.PL_CLK_0_BUFG/O
    X1Y2 (CLOCK_ROOT)    net (fo=36267, routed)       2.813     3.080    gemm_block_v1_i/axi_smc_1/inst/s02_nodes/s02_r_node/inst/inst_mi_handler/gen_normal_area.inst_fifo_node_payld/gen_xpm_memory_fifo.inst_fifo/gen_mem_rep[0].inst_rd_addrb/s_sc_aclk
    SLICE_X21Y107        FDRE                                         r  gemm_block_v1_i/axi_smc_1/inst/s02_nodes/s02_r_node/inst/inst_mi_handler/gen_normal_area.inst_fifo_node_payld/gen_xpm_memory_fifo.inst_fifo/gen_mem_rep[0].inst_rd_addrb/count_r_reg[4]/C
  -------------------------------------------------------------------    -------------------
    SLICE_X21Y107        FDRE (Prop_EFF2_SLICEM_C_Q)
                                                      0.118     3.198 r  gemm_block_v1_i/axi_smc_1/inst/s02_nodes/s02_r_node/inst/inst_mi_handler/gen_normal_area.inst_fifo_node_payld/gen_xpm_memory_fifo.inst_fifo/gen_mem_rep[0].inst_rd_addrb/count_r_reg[4]/Q
                         net (fo=144, routed)         3.297     6.495    gemm_block_v1_i/axi_smc_1/inst/s02_nodes/s02_r_node/inst/inst_mi_handler/gen_normal_area.inst_fifo_node_payld/gen_xpm_memory_fifo.inst_fifo/gen_mem_rep[0].inst_xpm_memory/xpm_memory_base_inst/gen_wr_a.gen_word_narrow.mem_reg_0_31_84_97/ADDRG4
    SLICE_X25Y108        RAMD32 (Prop_G6LUT_SLICEM_RADR4_O)
                                                      0.082     6.577 r  gemm_block_v1_i/axi_smc_1/inst/s02_nodes/s02_r_node/inst/inst_mi_handler/gen_normal_area.inst_fifo_node_payld/gen_xpm_memory_fifo.inst_fifo/gen_mem_rep[0].inst_xpm_memory/xpm_memory_base_inst/gen_wr_a.gen_word_narrow.mem_reg_0_31_84_97/RAMG_D1/O
                         net (fo=1, routed)           0.080     6.657    gemm_block_v1_i/axi_smc_1/inst/s02_nodes/s02_r_node/inst/inst_mi_handler/gen_normal_area.inst_fifo_node_payld/gen_xpm_memory_fifo.inst_fifo/gen_mem_rep[0].inst_xpm_memory/xpm_memory_base_inst/gen_rd_b.gen_rd_b_synth_template.gen_rf_narrow_reg.doutb_reg_reg0[97]
    SLICE_X25Y108        FDRE                                         r  gemm_block_v1_i/axi_smc_1/inst/s02_nodes/s02_r_node/inst/inst_mi_handler/gen_normal_area.inst_fifo_node_payld/gen_xpm_memory_fifo.inst_fifo/gen_mem_rep[0].inst_xpm_memory/xpm_memory_base_inst/gen_rd_b.gen_rd_b_synth_template.gen_rf_narrow_reg.doutb_reg_reg[97]/D
  -------------------------------------------------------------------    -------------------

                         (clock clk_pl_0 rise edge)
                                                      5.000     5.000 r  
    PS8_X0Y0             PS8                          0.000     5.000 r  gemm_block_v1_i/zynq_ultra_ps_e_0/inst/PS8_i/PLCLK[0]
                         net (fo=1, routed)           0.181     5.181    gemm_block_v1_i/zynq_ultra_ps_e_0/inst/pl_clk_unbuffered[0]
    BUFG_PS_X0Y80        BUFG_PS (Prop_BUFG_PS_I_O)
                                                      0.035     5.216 r  gemm_block_v1_i/zynq_ultra_ps_e_0/inst/buffer_pl_clk_0.PL_CLK_0_BUFG/O
    X1Y2 (CLOCK_ROOT)    net (fo=36267, routed)       2.389     7.605    gemm_block_v1_i/axi_smc_1/inst/s02_nodes/s02_r_node/inst/inst_mi_handler/gen_normal_area.inst_fifo_node_payld/gen_xpm_memory_fifo.inst_fifo/gen_mem_rep[0].inst_xpm_memory/xpm_memory_base_inst/clka
    SLICE_X25Y108        FDRE                                         r  gemm_block_v1_i/axi_smc_1/inst/s02_nodes/s02_r_node/inst/inst_mi_handler/gen_normal_area.inst_fifo_node_payld/gen_xpm_memory_fifo.inst_fifo/gen_mem_rep[0].inst_xpm_memory/xpm_memory_base_inst/gen_rd_b.gen_rd_b_synth_template.gen_rf_narrow_reg.doutb_reg_reg[97]/C
                         clock pessimism              0.209     7.814    
                         clock uncertainty           -0.129     7.685    
    SLICE_X25Y108        FDRE (Setup_GFF_SLICEM_C_D)
                                                      0.043     7.728    gemm_block_v1_i/axi_smc_1/inst/s02_nodes/s02_r_node/inst/inst_mi_handler/gen_normal_area.inst_fifo_node_payld/gen_xpm_memory_fifo.inst_fifo/gen_mem_rep[0].inst_xpm_memory/xpm_memory_base_inst/gen_rd_b.gen_rd_b_synth_template.gen_rf_narrow_reg.doutb_reg_reg[97]
  -------------------------------------------------------------------
                         required time                          7.728    
                         arrival time                          -6.657    
  -------------------------------------------------------------------
                         slack                                  1.072    

Slack (MET) :             1.085ns  (required time - arrival time)
  Source:                 gemm_block_v1_i/axi_smc_1/inst/s02_nodes/s02_r_node/inst/inst_mi_handler/gen_normal_area.inst_fifo_node_payld/gen_xpm_memory_fifo.inst_fifo/gen_mem_rep[0].inst_rd_addrb/count_r_reg[4]/C
                            (rising edge-triggered cell FDRE clocked by clk_pl_0  {rise@0.000ns fall@2.500ns period=5.000ns})
  Destination:            gemm_block_v1_i/axi_smc_1/inst/s02_nodes/s02_r_node/inst/inst_mi_handler/gen_normal_area.inst_fifo_node_payld/gen_xpm_memory_fifo.inst_fifo/gen_mem_rep[0].inst_xpm_memory/xpm_memory_base_inst/gen_rd_b.gen_rd_b_synth_template.gen_rf_narrow_reg.doutb_reg_reg[115]/D
                            (rising edge-triggered cell FDRE clocked by clk_pl_0  {rise@0.000ns fall@2.500ns period=5.000ns})
  Path Group:             clk_pl_0
  Path Type:              Setup (Max at Slow Process Corner)
  Requirement:            5.000ns  (clk_pl_0 rise@5.000ns - clk_pl_0 rise@0.000ns)
  Data Path Delay:        3.556ns  (logic 0.200ns (5.624%)  route 3.356ns (94.376%))
  Logic Levels:           1  (RAMD32=1)
  Clock Path Skew:        -0.273ns (DCD - SCD + CPR)
    Destination Clock Delay (DCD):    2.597ns = ( 7.597 - 5.000 ) 
    Source Clock Delay      (SCD):    3.080ns
    Clock Pessimism Removal (CPR):    0.209ns
  Clock Uncertainty:      0.129ns  ((TSJ^2 + DJ^2)^1/2) / 2 + PE
    Total System Jitter     (TSJ):    0.071ns
    Discrete Jitter          (DJ):    0.248ns
    Phase Error              (PE):    0.000ns
  Clock Net Delay (Source):      2.813ns (routing 1.304ns, distribution 1.509ns)
  Clock Net Delay (Destination): 2.381ns (routing 1.194ns, distribution 1.187ns)

    Location             Delay type                Incr(ns)  Path(ns)    Netlist Resource(s)
  -------------------------------------------------------------------    -------------------
                         (clock clk_pl_0 rise edge)
                                                      0.000     0.000 r  
    PS8_X0Y0             PS8                          0.000     0.000 r  gemm_block_v1_i/zynq_ultra_ps_e_0/inst/PS8_i/PLCLK[0]
                         net (fo=1, routed)           0.229     0.229    gemm_block_v1_i/zynq_ultra_ps_e_0/inst/pl_clk_unbuffered[0]
    BUFG_PS_X0Y80        BUFG_PS (Prop_BUFG_PS_I_O)
                                                      0.038     0.267 r  gemm_block_v1_i/zynq_ultra_ps_e_0/inst/buffer_pl_clk_0.PL_CLK_0_BUFG/O
    X1Y2 (CLOCK_ROOT)    net (fo=36267, routed)       2.813     3.080    gemm_block_v1_i/axi_smc_1/inst/s02_nodes/s02_r_node/inst/inst_mi_handler/gen_normal_area.inst_fifo_node_payld/gen_xpm_memory_fifo.inst_fifo/gen_mem_rep[0].inst_rd_addrb/s_sc_aclk
    SLICE_X21Y107        FDRE                                         r  gemm_block_v1_i/axi_smc_1/inst/s02_nodes/s02_r_node/inst/inst_mi_handler/gen_normal_area.inst_fifo_node_payld/gen_xpm_memory_fifo.inst_fifo/gen_mem_rep[0].inst_rd_addrb/count_r_reg[4]/C
  -------------------------------------------------------------------    -------------------
    SLICE_X21Y107        FDRE (Prop_EFF2_SLICEM_C_Q)
                                                      0.118     3.198 r  gemm_block_v1_i/axi_smc_1/inst/s02_nodes/s02_r_node/inst/inst_mi_handler/gen_normal_area.inst_fifo_node_payld/gen_xpm_memory_fifo.inst_fifo/gen_mem_rep[0].inst_rd_addrb/count_r_reg[4]/Q
                         net (fo=144, routed)         3.275     6.473    gemm_block_v1_i/axi_smc_1/inst/s02_nodes/s02_r_node/inst/inst_mi_handler/gen_normal_area.inst_fifo_node_payld/gen_xpm_memory_fifo.inst_fifo/gen_mem_rep[0].inst_xpm_memory/xpm_memory_base_inst/gen_wr_a.gen_word_narrow.mem_reg_0_31_112_125/ADDRB4
    SLICE_X24Y110        RAMD32 (Prop_B6LUT_SLICEM_RADR4_O)
                                                      0.082     6.555 r  gemm_block_v1_i/axi_smc_1/inst/s02_nodes/s02_r_node/inst/inst_mi_handler/gen_normal_area.inst_fifo_node_payld/gen_xpm_memory_fifo.inst_fifo/gen_mem_rep[0].inst_xpm_memory/xpm_memory_base_inst/gen_wr_a.gen_word_narrow.mem_reg_0_31_112_125/RAMB_D1/O
                         net (fo=1, routed)           0.081     6.636    gemm_block_v1_i/axi_smc_1/inst/s02_nodes/s02_r_node/inst/inst_mi_handler/gen_normal_area.inst_fifo_node_payld/gen_xpm_memory_fifo.inst_fifo/gen_mem_rep[0].inst_xpm_memory/xpm_memory_base_inst/gen_rd_b.gen_rd_b_synth_template.gen_rf_narrow_reg.doutb_reg_reg0[115]
    SLICE_X24Y110        FDRE                                         r  gemm_block_v1_i/axi_smc_1/inst/s02_nodes/s02_r_node/inst/inst_mi_handler/gen_normal_area.inst_fifo_node_payld/gen_xpm_memory_fifo.inst_fifo/gen_mem_rep[0].inst_xpm_memory/xpm_memory_base_inst/gen_rd_b.gen_rd_b_synth_template.gen_rf_narrow_reg.doutb_reg_reg[115]/D
  -------------------------------------------------------------------    -------------------

                         (clock clk_pl_0 rise edge)
                                                      5.000     5.000 r  
    PS8_X0Y0             PS8                          0.000     5.000 r  gemm_block_v1_i/zynq_ultra_ps_e_0/inst/PS8_i/PLCLK[0]
                         net (fo=1, routed)           0.181     5.181    gemm_block_v1_i/zynq_ultra_ps_e_0/inst/pl_clk_unbuffered[0]
    BUFG_PS_X0Y80        BUFG_PS (Prop_BUFG_PS_I_O)
                                                      0.035     5.216 r  gemm_block_v1_i/zynq_ultra_ps_e_0/inst/buffer_pl_clk_0.PL_CLK_0_BUFG/O
    X1Y2 (CLOCK_ROOT)    net (fo=36267, routed)       2.381     7.597    gemm_block_v1_i/axi_smc_1/inst/s02_nodes/s02_r_node/inst/inst_mi_handler/gen_normal_area.inst_fifo_node_payld/gen_xpm_memory_fifo.inst_fifo/gen_mem_rep[0].inst_xpm_memory/xpm_memory_base_inst/clka
    SLICE_X24Y110        FDRE                                         r  gemm_block_v1_i/axi_smc_1/inst/s02_nodes/s02_r_node/inst/inst_mi_handler/gen_normal_area.inst_fifo_node_payld/gen_xpm_memory_fifo.inst_fifo/gen_mem_rep[0].inst_xpm_memory/xpm_memory_base_inst/gen_rd_b.gen_rd_b_synth_template.gen_rf_narrow_reg.doutb_reg_reg[115]/C
                         clock pessimism              0.209     7.806    
                         clock uncertainty           -0.129     7.677    
    SLICE_X24Y110        FDRE (Setup_BFF_SLICEM_C_D)
                                                      0.043     7.720    gemm_block_v1_i/axi_smc_1/inst/s02_nodes/s02_r_node/inst/inst_mi_handler/gen_normal_area.inst_fifo_node_payld/gen_xpm_memory_fifo.inst_fifo/gen_mem_rep[0].inst_xpm_memory/xpm_memory_base_inst/gen_rd_b.gen_rd_b_synth_template.gen_rf_narrow_reg.doutb_reg_reg[115]
  -------------------------------------------------------------------
                         required time                          7.720    
                         arrival time                          -6.636    
  -------------------------------------------------------------------
                         slack                                  1.085    

Slack (MET) :             1.089ns  (required time - arrival time)
  Source:                 gemm_block_v1_i/axi_smc_1/inst/s02_nodes/s02_r_node/inst/inst_mi_handler/gen_normal_area.inst_fifo_node_payld/gen_xpm_memory_fifo.inst_fifo/gen_mem_rep[0].inst_rd_addrb/count_r_reg[4]/C
                            (rising edge-triggered cell FDRE clocked by clk_pl_0  {rise@0.000ns fall@2.500ns period=5.000ns})
  Destination:            gemm_block_v1_i/axi_smc_1/inst/s02_nodes/s02_r_node/inst/inst_mi_handler/gen_normal_area.inst_fifo_node_payld/gen_xpm_memory_fifo.inst_fifo/gen_mem_rep[0].inst_xpm_memory/xpm_memory_base_inst/gen_rd_b.gen_rd_b_synth_template.gen_rf_narrow_reg.doutb_reg_reg[113]/D
                            (rising edge-triggered cell FDRE clocked by clk_pl_0  {rise@0.000ns fall@2.500ns period=5.000ns})
  Path Group:             clk_pl_0
  Path Type:              Setup (Max at Slow Process Corner)
  Requirement:            5.000ns  (clk_pl_0 rise@5.000ns - clk_pl_0 rise@0.000ns)
  Data Path Delay:        3.553ns  (logic 0.201ns (5.657%)  route 3.352ns (94.343%))
  Logic Levels:           1  (RAMD32=1)
  Clock Path Skew:        -0.273ns (DCD - SCD + CPR)
    Destination Clock Delay (DCD):    2.597ns = ( 7.597 - 5.000 ) 
    Source Clock Delay      (SCD):    3.080ns
    Clock Pessimism Removal (CPR):    0.209ns
  Clock Uncertainty:      0.129ns  ((TSJ^2 + DJ^2)^1/2) / 2 + PE
    Total System Jitter     (TSJ):    0.071ns
    Discrete Jitter          (DJ):    0.248ns
    Phase Error              (PE):    0.000ns
  Clock Net Delay (Source):      2.813ns (routing 1.304ns, distribution 1.509ns)
  Clock Net Delay (Destination): 2.381ns (routing 1.194ns, distribution 1.187ns)

    Location             Delay type                Incr(ns)  Path(ns)    Netlist Resource(s)
  -------------------------------------------------------------------    -------------------
                         (clock clk_pl_0 rise edge)
                                                      0.000     0.000 r  
    PS8_X0Y0             PS8                          0.000     0.000 r  gemm_block_v1_i/zynq_ultra_ps_e_0/inst/PS8_i/PLCLK[0]
                         net (fo=1, routed)           0.229     0.229    gemm_block_v1_i/zynq_ultra_ps_e_0/inst/pl_clk_unbuffered[0]
    BUFG_PS_X0Y80        BUFG_PS (Prop_BUFG_PS_I_O)
                                                      0.038     0.267 r  gemm_block_v1_i/zynq_ultra_ps_e_0/inst/buffer_pl_clk_0.PL_CLK_0_BUFG/O
    X1Y2 (CLOCK_ROOT)    net (fo=36267, routed)       2.813     3.080    gemm_block_v1_i/axi_smc_1/inst/s02_nodes/s02_r_node/inst/inst_mi_handler/gen_normal_area.inst_fifo_node_payld/gen_xpm_memory_fifo.inst_fifo/gen_mem_rep[0].inst_rd_addrb/s_sc_aclk
    SLICE_X21Y107        FDRE                                         r  gemm_block_v1_i/axi_smc_1/inst/s02_nodes/s02_r_node/inst/inst_mi_handler/gen_normal_area.inst_fifo_node_payld/gen_xpm_memory_fifo.inst_fifo/gen_mem_rep[0].inst_rd_addrb/count_r_reg[4]/C
  -------------------------------------------------------------------    -------------------
    SLICE_X21Y107        FDRE (Prop_EFF2_SLICEM_C_Q)
                                                      0.118     3.198 r  gemm_block_v1_i/axi_smc_1/inst/s02_nodes/s02_r_node/inst/inst_mi_handler/gen_normal_area.inst_fifo_node_payld/gen_xpm_memory_fifo.inst_fifo/gen_mem_rep[0].inst_rd_addrb/count_r_reg[4]/Q
                         net (fo=144, routed)         3.279     6.477    gemm_block_v1_i/axi_smc_1/inst/s02_nodes/s02_r_node/inst/inst_mi_handler/gen_normal_area.inst_fifo_node_payld/gen_xpm_memory_fifo.inst_fifo/gen_mem_rep[0].inst_xpm_memory/xpm_memory_base_inst/gen_wr_a.gen_word_narrow.mem_reg_0_31_112_125/ADDRA4
    SLICE_X24Y110        RAMD32 (Prop_A6LUT_SLICEM_RADR4_O)
                                                      0.083     6.560 r  gemm_block_v1_i/axi_smc_1/inst/s02_nodes/s02_r_node/inst/inst_mi_handler/gen_normal_area.inst_fifo_node_payld/gen_xpm_memory_fifo.inst_fifo/gen_mem_rep[0].inst_xpm_memory/xpm_memory_base_inst/gen_wr_a.gen_word_narrow.mem_reg_0_31_112_125/RAMA_D1/O
                         net (fo=1, routed)           0.073     6.633    gemm_block_v1_i/axi_smc_1/inst/s02_nodes/s02_r_node/inst/inst_mi_handler/gen_normal_area.inst_fifo_node_payld/gen_xpm_memory_fifo.inst_fifo/gen_mem_rep[0].inst_xpm_memory/xpm_memory_base_inst/gen_rd_b.gen_rd_b_synth_template.gen_rf_narrow_reg.doutb_reg_reg0[113]
    SLICE_X24Y110        FDRE                                         r  gemm_block_v1_i/axi_smc_1/inst/s02_nodes/s02_r_node/inst/inst_mi_handler/gen_normal_area.inst_fifo_node_payld/gen_xpm_memory_fifo.inst_fifo/gen_mem_rep[0].inst_xpm_memory/xpm_memory_base_inst/gen_rd_b.gen_rd_b_synth_template.gen_rf_narrow_reg.doutb_reg_reg[113]/D
  -------------------------------------------------------------------    -------------------

                         (clock clk_pl_0 rise edge)
                                                      5.000     5.000 r  
    PS8_X0Y0             PS8                          0.000     5.000 r  gemm_block_v1_i/zynq_ultra_ps_e_0/inst/PS8_i/PLCLK[0]
                         net (fo=1, routed)           0.181     5.181    gemm_block_v1_i/zynq_ultra_ps_e_0/inst/pl_clk_unbuffered[0]
    BUFG_PS_X0Y80        BUFG_PS (Prop_BUFG_PS_I_O)
                                                      0.035     5.216 r  gemm_block_v1_i/zynq_ultra_ps_e_0/inst/buffer_pl_clk_0.PL_CLK_0_BUFG/O
    X1Y2 (CLOCK_ROOT)    net (fo=36267, routed)       2.381     7.597    gemm_block_v1_i/axi_smc_1/inst/s02_nodes/s02_r_node/inst/inst_mi_handler/gen_normal_area.inst_fifo_node_payld/gen_xpm_memory_fifo.inst_fifo/gen_mem_rep[0].inst_xpm_memory/xpm_memory_base_inst/clka
    SLICE_X24Y110        FDRE                                         r  gemm_block_v1_i/axi_smc_1/inst/s02_nodes/s02_r_node/inst/inst_mi_handler/gen_normal_area.inst_fifo_node_payld/gen_xpm_memory_fifo.inst_fifo/gen_mem_rep[0].inst_xpm_memory/xpm_memory_base_inst/gen_rd_b.gen_rd_b_synth_template.gen_rf_narrow_reg.doutb_reg_reg[113]/C
                         clock pessimism              0.209     7.806    
                         clock uncertainty           -0.129     7.677    
    SLICE_X24Y110        FDRE (Setup_AFF_SLICEM_C_D)
                                                      0.044     7.721    gemm_block_v1_i/axi_smc_1/inst/s02_nodes/s02_r_node/inst/inst_mi_handler/gen_normal_area.inst_fifo_node_payld/gen_xpm_memory_fifo.inst_fifo/gen_mem_rep[0].inst_xpm_memory/xpm_memory_base_inst/gen_rd_b.gen_rd_b_synth_template.gen_rf_narrow_reg.doutb_reg_reg[113]
  -------------------------------------------------------------------
                         required time                          7.721    
                         arrival time                          -6.633    
  -------------------------------------------------------------------
                         slack                                  1.089    

Slack (MET) :             1.103ns  (required time - arrival time)
  Source:                 gemm_block_v1_i/axi_smc_1/inst/s02_nodes/s02_r_node/inst/inst_mi_handler/gen_normal_area.inst_fifo_node_payld/gen_xpm_memory_fifo.inst_fifo/gen_mem_rep[0].inst_rd_addrb/count_r_reg[4]/C
                            (rising edge-triggered cell FDRE clocked by clk_pl_0  {rise@0.000ns fall@2.500ns period=5.000ns})
  Destination:            gemm_block_v1_i/axi_smc_1/inst/s02_nodes/s02_r_node/inst/inst_mi_handler/gen_normal_area.inst_fifo_node_payld/gen_xpm_memory_fifo.inst_fifo/gen_mem_rep[0].inst_xpm_memory/xpm_memory_base_inst/gen_rd_b.gen_rd_b_synth_template.gen_rf_narrow_reg.doutb_reg_reg[75]/D
                            (rising edge-triggered cell FDRE clocked by clk_pl_0  {rise@0.000ns fall@2.500ns period=5.000ns})
  Path Group:             clk_pl_0
  Path Type:              Setup (Max at Slow Process Corner)
  Requirement:            5.000ns  (clk_pl_0 rise@5.000ns - clk_pl_0 rise@0.000ns)
  Data Path Delay:        3.544ns  (logic 0.198ns (5.586%)  route 3.346ns (94.414%))
  Logic Levels:           1  (RAMD32=1)
  Clock Path Skew:        -0.266ns (DCD - SCD + CPR)
    Destination Clock Delay (DCD):    2.604ns = ( 7.604 - 5.000 ) 
    Source Clock Delay      (SCD):    3.080ns
    Clock Pessimism Removal (CPR):    0.209ns
  Clock Uncertainty:      0.129ns  ((TSJ^2 + DJ^2)^1/2) / 2 + PE
    Total System Jitter     (TSJ):    0.071ns
    Discrete Jitter          (DJ):    0.248ns
    Phase Error              (PE):    0.000ns
  Clock Net Delay (Source):      2.813ns (routing 1.304ns, distribution 1.509ns)
  Clock Net Delay (Destination): 2.388ns (routing 1.194ns, distribution 1.194ns)

    Location             Delay type                Incr(ns)  Path(ns)    Netlist Resource(s)
  -------------------------------------------------------------------    -------------------
                         (clock clk_pl_0 rise edge)
                                                      0.000     0.000 r  
    PS8_X0Y0             PS8                          0.000     0.000 r  gemm_block_v1_i/zynq_ultra_ps_e_0/inst/PS8_i/PLCLK[0]
                         net (fo=1, routed)           0.229     0.229    gemm_block_v1_i/zynq_ultra_ps_e_0/inst/pl_clk_unbuffered[0]
    BUFG_PS_X0Y80        BUFG_PS (Prop_BUFG_PS_I_O)
                                                      0.038     0.267 r  gemm_block_v1_i/zynq_ultra_ps_e_0/inst/buffer_pl_clk_0.PL_CLK_0_BUFG/O
    X1Y2 (CLOCK_ROOT)    net (fo=36267, routed)       2.813     3.080    gemm_block_v1_i/axi_smc_1/inst/s02_nodes/s02_r_node/inst/inst_mi_handler/gen_normal_area.inst_fifo_node_payld/gen_xpm_memory_fifo.inst_fifo/gen_mem_rep[0].inst_rd_addrb/s_sc_aclk
    SLICE_X21Y107        FDRE                                         r  gemm_block_v1_i/axi_smc_1/inst/s02_nodes/s02_r_node/inst/inst_mi_handler/gen_normal_area.inst_fifo_node_payld/gen_xpm_memory_fifo.inst_fifo/gen_mem_rep[0].inst_rd_addrb/count_r_reg[4]/C
  -------------------------------------------------------------------    -------------------
    SLICE_X21Y107        FDRE (Prop_EFF2_SLICEM_C_Q)
                                                      0.118     3.198 r  gemm_block_v1_i/axi_smc_1/inst/s02_nodes/s02_r_node/inst/inst_mi_handler/gen_normal_area.inst_fifo_node_payld/gen_xpm_memory_fifo.inst_fifo/gen_mem_rep[0].inst_rd_addrb/count_r_reg[4]/Q
                         net (fo=144, routed)         3.251     6.449    gemm_block_v1_i/axi_smc_1/inst/s02_nodes/s02_r_node/inst/inst_mi_handler/gen_normal_area.inst_fifo_node_payld/gen_xpm_memory_fifo.inst_fifo/gen_mem_rep[0].inst_xpm_memory/xpm_memory_base_inst/gen_wr_a.gen_word_narrow.mem_reg_0_31_70_83/ADDRC4
    SLICE_X25Y106        RAMD32 (Prop_C6LUT_SLICEM_RADR4_O)
                                                      0.080     6.529 r  gemm_block_v1_i/axi_smc_1/inst/s02_nodes/s02_r_node/inst/inst_mi_handler/gen_normal_area.inst_fifo_node_payld/gen_xpm_memory_fifo.inst_fifo/gen_mem_rep[0].inst_xpm_memory/xpm_memory_base_inst/gen_wr_a.gen_word_narrow.mem_reg_0_31_70_83/RAMC_D1/O
                         net (fo=1, routed)           0.095     6.624    gemm_block_v1_i/axi_smc_1/inst/s02_nodes/s02_r_node/inst/inst_mi_handler/gen_normal_area.inst_fifo_node_payld/gen_xpm_memory_fifo.inst_fifo/gen_mem_rep[0].inst_xpm_memory/xpm_memory_base_inst/gen_rd_b.gen_rd_b_synth_template.gen_rf_narrow_reg.doutb_reg_reg0[75]
    SLICE_X25Y106        FDRE                                         r  gemm_block_v1_i/axi_smc_1/inst/s02_nodes/s02_r_node/inst/inst_mi_handler/gen_normal_area.inst_fifo_node_payld/gen_xpm_memory_fifo.inst_fifo/gen_mem_rep[0].inst_xpm_memory/xpm_memory_base_inst/gen_rd_b.gen_rd_b_synth_template.gen_rf_narrow_reg.doutb_reg_reg[75]/D
  -------------------------------------------------------------------    -------------------

                         (clock clk_pl_0 rise edge)
                                                      5.000     5.000 r  
    PS8_X0Y0             PS8                          0.000     5.000 r  gemm_block_v1_i/zynq_ultra_ps_e_0/inst/PS8_i/PLCLK[0]
                         net (fo=1, routed)           0.181     5.181    gemm_block_v1_i/zynq_ultra_ps_e_0/inst/pl_clk_unbuffered[0]
    BUFG_PS_X0Y80        BUFG_PS (Prop_BUFG_PS_I_O)
                                                      0.035     5.216 r  gemm_block_v1_i/zynq_ultra_ps_e_0/inst/buffer_pl_clk_0.PL_CLK_0_BUFG/O
    X1Y2 (CLOCK_ROOT)    net (fo=36267, routed)       2.388     7.604    gemm_block_v1_i/axi_smc_1/inst/s02_nodes/s02_r_node/inst/inst_mi_handler/gen_normal_area.inst_fifo_node_payld/gen_xpm_memory_fifo.inst_fifo/gen_mem_rep[0].inst_xpm_memory/xpm_memory_base_inst/clka
    SLICE_X25Y106        FDRE                                         r  gemm_block_v1_i/axi_smc_1/inst/s02_nodes/s02_r_node/inst/inst_mi_handler/gen_normal_area.inst_fifo_node_payld/gen_xpm_memory_fifo.inst_fifo/gen_mem_rep[0].inst_xpm_memory/xpm_memory_base_inst/gen_rd_b.gen_rd_b_synth_template.gen_rf_narrow_reg.doutb_reg_reg[75]/C
                         clock pessimism              0.209     7.813    
                         clock uncertainty           -0.129     7.684    
    SLICE_X25Y106        FDRE (Setup_CFF_SLICEM_C_D)
                                                      0.043     7.727    gemm_block_v1_i/axi_smc_1/inst/s02_nodes/s02_r_node/inst/inst_mi_handler/gen_normal_area.inst_fifo_node_payld/gen_xpm_memory_fifo.inst_fifo/gen_mem_rep[0].inst_xpm_memory/xpm_memory_base_inst/gen_rd_b.gen_rd_b_synth_template.gen_rf_narrow_reg.doutb_reg_reg[75]
  -------------------------------------------------------------------
                         required time                          7.727    
                         arrival time                          -6.624    
  -------------------------------------------------------------------
                         slack                                  1.103    

Slack (MET) :             1.103ns  (required time - arrival time)
  Source:                 gemm_block_v1_i/axi_smc_1/inst/s02_nodes/s02_r_node/inst/inst_mi_handler/gen_normal_area.inst_fifo_node_payld/gen_xpm_memory_fifo.inst_fifo/gen_mem_rep[0].inst_rd_addrb/count_r_reg[4]/C
                            (rising edge-triggered cell FDRE clocked by clk_pl_0  {rise@0.000ns fall@2.500ns period=5.000ns})
  Destination:            gemm_block_v1_i/axi_smc_1/inst/s02_nodes/s02_r_node/inst/inst_mi_handler/gen_normal_area.inst_fifo_node_payld/gen_xpm_memory_fifo.inst_fifo/gen_mem_rep[0].inst_xpm_memory/xpm_memory_base_inst/gen_rd_b.gen_rd_b_synth_template.gen_rf_narrow_reg.doutb_reg_reg[77]/D
                            (rising edge-triggered cell FDRE clocked by clk_pl_0  {rise@0.000ns fall@2.500ns period=5.000ns})
  Path Group:             clk_pl_0
  Path Type:              Setup (Max at Slow Process Corner)
  Requirement:            5.000ns  (clk_pl_0 rise@5.000ns - clk_pl_0 rise@0.000ns)
  Data Path Delay:        3.544ns  (logic 0.198ns (5.586%)  route 3.346ns (94.414%))
  Logic Levels:           1  (RAMD32=1)
  Clock Path Skew:        -0.266ns (DCD - SCD + CPR)
    Destination Clock Delay (DCD):    2.604ns = ( 7.604 - 5.000 ) 
    Source Clock Delay      (SCD):    3.080ns
    Clock Pessimism Removal (CPR):    0.209ns
  Clock Uncertainty:      0.129ns  ((TSJ^2 + DJ^2)^1/2) / 2 + PE
    Total System Jitter     (TSJ):    0.071ns
    Discrete Jitter          (DJ):    0.248ns
    Phase Error              (PE):    0.000ns
  Clock Net Delay (Source):      2.813ns (routing 1.304ns, distribution 1.509ns)
  Clock Net Delay (Destination): 2.388ns (routing 1.194ns, distribution 1.194ns)

    Location             Delay type                Incr(ns)  Path(ns)    Netlist Resource(s)
  -------------------------------------------------------------------    -------------------
                         (clock clk_pl_0 rise edge)
                                                      0.000     0.000 r  
    PS8_X0Y0             PS8                          0.000     0.000 r  gemm_block_v1_i/zynq_ultra_ps_e_0/inst/PS8_i/PLCLK[0]
                         net (fo=1, routed)           0.229     0.229    gemm_block_v1_i/zynq_ultra_ps_e_0/inst/pl_clk_unbuffered[0]
    BUFG_PS_X0Y80        BUFG_PS (Prop_BUFG_PS_I_O)
                                                      0.038     0.267 r  gemm_block_v1_i/zynq_ultra_ps_e_0/inst/buffer_pl_clk_0.PL_CLK_0_BUFG/O
    X1Y2 (CLOCK_ROOT)    net (fo=36267, routed)       2.813     3.080    gemm_block_v1_i/axi_smc_1/inst/s02_nodes/s02_r_node/inst/inst_mi_handler/gen_normal_area.inst_fifo_node_payld/gen_xpm_memory_fifo.inst_fifo/gen_mem_rep[0].inst_rd_addrb/s_sc_aclk
    SLICE_X21Y107        FDRE                                         r  gemm_block_v1_i/axi_smc_1/inst/s02_nodes/s02_r_node/inst/inst_mi_handler/gen_normal_area.inst_fifo_node_payld/gen_xpm_memory_fifo.inst_fifo/gen_mem_rep[0].inst_rd_addrb/count_r_reg[4]/C
  -------------------------------------------------------------------    -------------------
    SLICE_X21Y107        FDRE (Prop_EFF2_SLICEM_C_Q)
                                                      0.118     3.198 r  gemm_block_v1_i/axi_smc_1/inst/s02_nodes/s02_r_node/inst/inst_mi_handler/gen_normal_area.inst_fifo_node_payld/gen_xpm_memory_fifo.inst_fifo/gen_mem_rep[0].inst_rd_addrb/count_r_reg[4]/Q
                         net (fo=144, routed)         3.250     6.448    gemm_block_v1_i/axi_smc_1/inst/s02_nodes/s02_r_node/inst/inst_mi_handler/gen_normal_area.inst_fifo_node_payld/gen_xpm_memory_fifo.inst_fifo/gen_mem_rep[0].inst_xpm_memory/xpm_memory_base_inst/gen_wr_a.gen_word_narrow.mem_reg_0_31_70_83/ADDRD4
    SLICE_X25Y106        RAMD32 (Prop_D6LUT_SLICEM_RADR4_O)
                                                      0.080     6.528 r  gemm_block_v1_i/axi_smc_1/inst/s02_nodes/s02_r_node/inst/inst_mi_handler/gen_normal_area.inst_fifo_node_payld/gen_xpm_memory_fifo.inst_fifo/gen_mem_rep[0].inst_xpm_memory/xpm_memory_base_inst/gen_wr_a.gen_word_narrow.mem_reg_0_31_70_83/RAMD_D1/O
                         net (fo=1, routed)           0.096     6.624    gemm_block_v1_i/axi_smc_1/inst/s02_nodes/s02_r_node/inst/inst_mi_handler/gen_normal_area.inst_fifo_node_payld/gen_xpm_memory_fifo.inst_fifo/gen_mem_rep[0].inst_xpm_memory/xpm_memory_base_inst/gen_rd_b.gen_rd_b_synth_template.gen_rf_narrow_reg.doutb_reg_reg0[77]
    SLICE_X25Y106        FDRE                                         r  gemm_block_v1_i/axi_smc_1/inst/s02_nodes/s02_r_node/inst/inst_mi_handler/gen_normal_area.inst_fifo_node_payld/gen_xpm_memory_fifo.inst_fifo/gen_mem_rep[0].inst_xpm_memory/xpm_memory_base_inst/gen_rd_b.gen_rd_b_synth_template.gen_rf_narrow_reg.doutb_reg_reg[77]/D
  -------------------------------------------------------------------    -------------------

                         (clock clk_pl_0 rise edge)
                                                      5.000     5.000 r  
    PS8_X0Y0             PS8                          0.000     5.000 r  gemm_block_v1_i/zynq_ultra_ps_e_0/inst/PS8_i/PLCLK[0]
                         net (fo=1, routed)           0.181     5.181    gemm_block_v1_i/zynq_ultra_ps_e_0/inst/pl_clk_unbuffered[0]
    BUFG_PS_X0Y80        BUFG_PS (Prop_BUFG_PS_I_O)
                                                      0.035     5.216 r  gemm_block_v1_i/zynq_ultra_ps_e_0/inst/buffer_pl_clk_0.PL_CLK_0_BUFG/O
    X1Y2 (CLOCK_ROOT)    net (fo=36267, routed)       2.388     7.604    gemm_block_v1_i/axi_smc_1/inst/s02_nodes/s02_r_node/inst/inst_mi_handler/gen_normal_area.inst_fifo_node_payld/gen_xpm_memory_fifo.inst_fifo/gen_mem_rep[0].inst_xpm_memory/xpm_memory_base_inst/clka
    SLICE_X25Y106        FDRE                                         r  gemm_block_v1_i/axi_smc_1/inst/s02_nodes/s02_r_node/inst/inst_mi_handler/gen_normal_area.inst_fifo_node_payld/gen_xpm_memory_fifo.inst_fifo/gen_mem_rep[0].inst_xpm_memory/xpm_memory_base_inst/gen_rd_b.gen_rd_b_synth_template.gen_rf_narrow_reg.doutb_reg_reg[77]/C
                         clock pessimism              0.209     7.813    
                         clock uncertainty           -0.129     7.684    
    SLICE_X25Y106        FDRE (Setup_DFF_SLICEM_C_D)
                                                      0.043     7.727    gemm_block_v1_i/axi_smc_1/inst/s02_nodes/s02_r_node/inst/inst_mi_handler/gen_normal_area.inst_fifo_node_payld/gen_xpm_memory_fifo.inst_fifo/gen_mem_rep[0].inst_xpm_memory/xpm_memory_base_inst/gen_rd_b.gen_rd_b_synth_template.gen_rf_narrow_reg.doutb_reg_reg[77]
  -------------------------------------------------------------------
                         required time                          7.727    
                         arrival time                          -6.624    
  -------------------------------------------------------------------
                         slack                                  1.103    

Slack (MET) :             1.110ns  (required time - arrival time)
  Source:                 gemm_block_v1_i/axi_smc_1/inst/s02_nodes/s02_r_node/inst/inst_mi_handler/gen_normal_area.inst_fifo_node_payld/gen_xpm_memory_fifo.inst_fifo/gen_mem_rep[0].inst_rd_addrb/count_r_reg[4]/C
                            (rising edge-triggered cell FDRE clocked by clk_pl_0  {rise@0.000ns fall@2.500ns period=5.000ns})
  Destination:            gemm_block_v1_i/axi_smc_1/inst/s02_nodes/s02_r_node/inst/inst_mi_handler/gen_normal_area.inst_fifo_node_payld/gen_xpm_memory_fifo.inst_fifo/gen_mem_rep[0].inst_xpm_memory/xpm_memory_base_inst/gen_rd_b.gen_rd_b_synth_template.gen_rf_narrow_reg.doutb_reg_reg[96]/D
                            (rising edge-triggered cell FDRE clocked by clk_pl_0  {rise@0.000ns fall@2.500ns period=5.000ns})
  Path Group:             clk_pl_0
  Path Type:              Setup (Max at Slow Process Corner)
  Requirement:            5.000ns  (clk_pl_0 rise@5.000ns - clk_pl_0 rise@0.000ns)
  Data Path Delay:        3.542ns  (logic 0.211ns (5.957%)  route 3.331ns (94.043%))
  Logic Levels:           1  (RAMD32=1)
  Clock Path Skew:        -0.265ns (DCD - SCD + CPR)
    Destination Clock Delay (DCD):    2.605ns = ( 7.605 - 5.000 ) 
    Source Clock Delay      (SCD):    3.080ns
    Clock Pessimism Removal (CPR):    0.209ns
  Clock Uncertainty:      0.129ns  ((TSJ^2 + DJ^2)^1/2) / 2 + PE
    Total System Jitter     (TSJ):    0.071ns
    Discrete Jitter          (DJ):    0.248ns
    Phase Error              (PE):    0.000ns
  Clock Net Delay (Source):      2.813ns (routing 1.304ns, distribution 1.509ns)
  Clock Net Delay (Destination): 2.389ns (routing 1.194ns, distribution 1.195ns)

    Location             Delay type                Incr(ns)  Path(ns)    Netlist Resource(s)
  -------------------------------------------------------------------    -------------------
                         (clock clk_pl_0 rise edge)
                                                      0.000     0.000 r  
    PS8_X0Y0             PS8                          0.000     0.000 r  gemm_block_v1_i/zynq_ultra_ps_e_0/inst/PS8_i/PLCLK[0]
                         net (fo=1, routed)           0.229     0.229    gemm_block_v1_i/zynq_ultra_ps_e_0/inst/pl_clk_unbuffered[0]
    BUFG_PS_X0Y80        BUFG_PS (Prop_BUFG_PS_I_O)
                                                      0.038     0.267 r  gemm_block_v1_i/zynq_ultra_ps_e_0/inst/buffer_pl_clk_0.PL_CLK_0_BUFG/O
    X1Y2 (CLOCK_ROOT)    net (fo=36267, routed)       2.813     3.080    gemm_block_v1_i/axi_smc_1/inst/s02_nodes/s02_r_node/inst/inst_mi_handler/gen_normal_area.inst_fifo_node_payld/gen_xpm_memory_fifo.inst_fifo/gen_mem_rep[0].inst_rd_addrb/s_sc_aclk
    SLICE_X21Y107        FDRE                                         r  gemm_block_v1_i/axi_smc_1/inst/s02_nodes/s02_r_node/inst/inst_mi_handler/gen_normal_area.inst_fifo_node_payld/gen_xpm_memory_fifo.inst_fifo/gen_mem_rep[0].inst_rd_addrb/count_r_reg[4]/C
  -------------------------------------------------------------------    -------------------
    SLICE_X21Y107        FDRE (Prop_EFF2_SLICEM_C_Q)
                                                      0.118     3.198 r  gemm_block_v1_i/axi_smc_1/inst/s02_nodes/s02_r_node/inst/inst_mi_handler/gen_normal_area.inst_fifo_node_payld/gen_xpm_memory_fifo.inst_fifo/gen_mem_rep[0].inst_rd_addrb/count_r_reg[4]/Q
                         net (fo=144, routed)         3.297     6.495    gemm_block_v1_i/axi_smc_1/inst/s02_nodes/s02_r_node/inst/inst_mi_handler/gen_normal_area.inst_fifo_node_payld/gen_xpm_memory_fifo.inst_fifo/gen_mem_rep[0].inst_xpm_memory/xpm_memory_base_inst/gen_wr_a.gen_word_narrow.mem_reg_0_31_84_97/ADDRG4
    SLICE_X25Y108        RAMD32 (Prop_G5LUT_SLICEM_RADR4_O)
                                                      0.093     6.588 r  gemm_block_v1_i/axi_smc_1/inst/s02_nodes/s02_r_node/inst/inst_mi_handler/gen_normal_area.inst_fifo_node_payld/gen_xpm_memory_fifo.inst_fifo/gen_mem_rep[0].inst_xpm_memory/xpm_memory_base_inst/gen_wr_a.gen_word_narrow.mem_reg_0_31_84_97/RAMG/O
                         net (fo=1, routed)           0.034     6.622    gemm_block_v1_i/axi_smc_1/inst/s02_nodes/s02_r_node/inst/inst_mi_handler/gen_normal_area.inst_fifo_node_payld/gen_xpm_memory_fifo.inst_fifo/gen_mem_rep[0].inst_xpm_memory/xpm_memory_base_inst/gen_rd_b.gen_rd_b_synth_template.gen_rf_narrow_reg.doutb_reg_reg0[96]
    SLICE_X25Y108        FDRE                                         r  gemm_block_v1_i/axi_smc_1/inst/s02_nodes/s02_r_node/inst/inst_mi_handler/gen_normal_area.inst_fifo_node_payld/gen_xpm_memory_fifo.inst_fifo/gen_mem_rep[0].inst_xpm_memory/xpm_memory_base_inst/gen_rd_b.gen_rd_b_synth_template.gen_rf_narrow_reg.doutb_reg_reg[96]/D
  -------------------------------------------------------------------    -------------------

                         (clock clk_pl_0 rise edge)
                                                      5.000     5.000 r  
    PS8_X0Y0             PS8                          0.000     5.000 r  gemm_block_v1_i/zynq_ultra_ps_e_0/inst/PS8_i/PLCLK[0]
                         net (fo=1, routed)           0.181     5.181    gemm_block_v1_i/zynq_ultra_ps_e_0/inst/pl_clk_unbuffered[0]
    BUFG_PS_X0Y80        BUFG_PS (Prop_BUFG_PS_I_O)
                                                      0.035     5.216 r  gemm_block_v1_i/zynq_ultra_ps_e_0/inst/buffer_pl_clk_0.PL_CLK_0_BUFG/O
    X1Y2 (CLOCK_ROOT)    net (fo=36267, routed)       2.389     7.605    gemm_block_v1_i/axi_smc_1/inst/s02_nodes/s02_r_node/inst/inst_mi_handler/gen_normal_area.inst_fifo_node_payld/gen_xpm_memory_fifo.inst_fifo/gen_mem_rep[0].inst_xpm_memory/xpm_memory_base_inst/clka
    SLICE_X25Y108        FDRE                                         r  gemm_block_v1_i/axi_smc_1/inst/s02_nodes/s02_r_node/inst/inst_mi_handler/gen_normal_area.inst_fifo_node_payld/gen_xpm_memory_fifo.inst_fifo/gen_mem_rep[0].inst_xpm_memory/xpm_memory_base_inst/gen_rd_b.gen_rd_b_synth_template.gen_rf_narrow_reg.doutb_reg_reg[96]/C
                         clock pessimism              0.209     7.814    
                         clock uncertainty           -0.129     7.685    
    SLICE_X25Y108        FDRE (Setup_GFF2_SLICEM_C_D)
                                                      0.046     7.731    gemm_block_v1_i/axi_smc_1/inst/s02_nodes/s02_r_node/inst/inst_mi_handler/gen_normal_area.inst_fifo_node_payld/gen_xpm_memory_fifo.inst_fifo/gen_mem_rep[0].inst_xpm_memory/xpm_memory_base_inst/gen_rd_b.gen_rd_b_synth_template.gen_rf_narrow_reg.doutb_reg_reg[96]
  -------------------------------------------------------------------
                         required time                          7.731    
                         arrival time                          -6.622    
  -------------------------------------------------------------------
                         slack                                  1.110    

Slack (MET) :             1.110ns  (required time - arrival time)
  Source:                 gemm_block_v1_i/axi_smc_1/inst/s02_nodes/s02_r_node/inst/inst_mi_handler/gen_normal_area.inst_fifo_node_payld/gen_xpm_memory_fifo.inst_fifo/gen_mem_rep[0].inst_rd_addrb/count_r_reg[4]/C
                            (rising edge-triggered cell FDRE clocked by clk_pl_0  {rise@0.000ns fall@2.500ns period=5.000ns})
  Destination:            gemm_block_v1_i/axi_smc_1/inst/s02_nodes/s02_r_node/inst/inst_mi_handler/gen_normal_area.inst_fifo_node_payld/gen_xpm_memory_fifo.inst_fifo/gen_mem_rep[0].inst_xpm_memory/xpm_memory_base_inst/gen_rd_b.gen_rd_b_synth_template.gen_rf_narrow_reg.doutb_reg_reg[73]/D
                            (rising edge-triggered cell FDRE clocked by clk_pl_0  {rise@0.000ns fall@2.500ns period=5.000ns})
  Path Group:             clk_pl_0
  Path Type:              Setup (Max at Slow Process Corner)
  Requirement:            5.000ns  (clk_pl_0 rise@5.000ns - clk_pl_0 rise@0.000ns)
  Data Path Delay:        3.537ns  (logic 0.200ns (5.654%)  route 3.337ns (94.346%))
  Logic Levels:           1  (RAMD32=1)
  Clock Path Skew:        -0.266ns (DCD - SCD + CPR)
    Destination Clock Delay (DCD):    2.604ns = ( 7.604 - 5.000 ) 
    Source Clock Delay      (SCD):    3.080ns
    Clock Pessimism Removal (CPR):    0.209ns
  Clock Uncertainty:      0.129ns  ((TSJ^2 + DJ^2)^1/2) / 2 + PE
    Total System Jitter     (TSJ):    0.071ns
    Discrete Jitter          (DJ):    0.248ns
    Phase Error              (PE):    0.000ns
  Clock Net Delay (Source):      2.813ns (routing 1.304ns, distribution 1.509ns)
  Clock Net Delay (Destination): 2.388ns (routing 1.194ns, distribution 1.194ns)

    Location             Delay type                Incr(ns)  Path(ns)    Netlist Resource(s)
  -------------------------------------------------------------------    -------------------
                         (clock clk_pl_0 rise edge)
                                                      0.000     0.000 r  
    PS8_X0Y0             PS8                          0.000     0.000 r  gemm_block_v1_i/zynq_ultra_ps_e_0/inst/PS8_i/PLCLK[0]
                         net (fo=1, routed)           0.229     0.229    gemm_block_v1_i/zynq_ultra_ps_e_0/inst/pl_clk_unbuffered[0]
    BUFG_PS_X0Y80        BUFG_PS (Prop_BUFG_PS_I_O)
                                                      0.038     0.267 r  gemm_block_v1_i/zynq_ultra_ps_e_0/inst/buffer_pl_clk_0.PL_CLK_0_BUFG/O
    X1Y2 (CLOCK_ROOT)    net (fo=36267, routed)       2.813     3.080    gemm_block_v1_i/axi_smc_1/inst/s02_nodes/s02_r_node/inst/inst_mi_handler/gen_normal_area.inst_fifo_node_payld/gen_xpm_memory_fifo.inst_fifo/gen_mem_rep[0].inst_rd_addrb/s_sc_aclk
    SLICE_X21Y107        FDRE                                         r  gemm_block_v1_i/axi_smc_1/inst/s02_nodes/s02_r_node/inst/inst_mi_handler/gen_normal_area.inst_fifo_node_payld/gen_xpm_memory_fifo.inst_fifo/gen_mem_rep[0].inst_rd_addrb/count_r_reg[4]/C
  -------------------------------------------------------------------    -------------------
    SLICE_X21Y107        FDRE (Prop_EFF2_SLICEM_C_Q)
                                                      0.118     3.198 r  gemm_block_v1_i/axi_smc_1/inst/s02_nodes/s02_r_node/inst/inst_mi_handler/gen_normal_area.inst_fifo_node_payld/gen_xpm_memory_fifo.inst_fifo/gen_mem_rep[0].inst_rd_addrb/count_r_reg[4]/Q
                         net (fo=144, routed)         3.256     6.454    gemm_block_v1_i/axi_smc_1/inst/s02_nodes/s02_r_node/inst/inst_mi_handler/gen_normal_area.inst_fifo_node_payld/gen_xpm_memory_fifo.inst_fifo/gen_mem_rep[0].inst_xpm_memory/xpm_memory_base_inst/gen_wr_a.gen_word_narrow.mem_reg_0_31_70_83/ADDRB4
    SLICE_X25Y106        RAMD32 (Prop_B6LUT_SLICEM_RADR4_O)
                                                      0.082     6.536 r  gemm_block_v1_i/axi_smc_1/inst/s02_nodes/s02_r_node/inst/inst_mi_handler/gen_normal_area.inst_fifo_node_payld/gen_xpm_memory_fifo.inst_fifo/gen_mem_rep[0].inst_xpm_memory/xpm_memory_base_inst/gen_wr_a.gen_word_narrow.mem_reg_0_31_70_83/RAMB_D1/O
                         net (fo=1, routed)           0.081     6.617    gemm_block_v1_i/axi_smc_1/inst/s02_nodes/s02_r_node/inst/inst_mi_handler/gen_normal_area.inst_fifo_node_payld/gen_xpm_memory_fifo.inst_fifo/gen_mem_rep[0].inst_xpm_memory/xpm_memory_base_inst/gen_rd_b.gen_rd_b_synth_template.gen_rf_narrow_reg.doutb_reg_reg0[73]
    SLICE_X25Y106        FDRE                                         r  gemm_block_v1_i/axi_smc_1/inst/s02_nodes/s02_r_node/inst/inst_mi_handler/gen_normal_area.inst_fifo_node_payld/gen_xpm_memory_fifo.inst_fifo/gen_mem_rep[0].inst_xpm_memory/xpm_memory_base_inst/gen_rd_b.gen_rd_b_synth_template.gen_rf_narrow_reg.doutb_reg_reg[73]/D
  -------------------------------------------------------------------    -------------------

                         (clock clk_pl_0 rise edge)
                                                      5.000     5.000 r  
    PS8_X0Y0             PS8                          0.000     5.000 r  gemm_block_v1_i/zynq_ultra_ps_e_0/inst/PS8_i/PLCLK[0]
                         net (fo=1, routed)           0.181     5.181    gemm_block_v1_i/zynq_ultra_ps_e_0/inst/pl_clk_unbuffered[0]
    BUFG_PS_X0Y80        BUFG_PS (Prop_BUFG_PS_I_O)
                                                      0.035     5.216 r  gemm_block_v1_i/zynq_ultra_ps_e_0/inst/buffer_pl_clk_0.PL_CLK_0_BUFG/O
    X1Y2 (CLOCK_ROOT)    net (fo=36267, routed)       2.388     7.604    gemm_block_v1_i/axi_smc_1/inst/s02_nodes/s02_r_node/inst/inst_mi_handler/gen_normal_area.inst_fifo_node_payld/gen_xpm_memory_fifo.inst_fifo/gen_mem_rep[0].inst_xpm_memory/xpm_memory_base_inst/clka
    SLICE_X25Y106        FDRE                                         r  gemm_block_v1_i/axi_smc_1/inst/s02_nodes/s02_r_node/inst/inst_mi_handler/gen_normal_area.inst_fifo_node_payld/gen_xpm_memory_fifo.inst_fifo/gen_mem_rep[0].inst_xpm_memory/xpm_memory_base_inst/gen_rd_b.gen_rd_b_synth_template.gen_rf_narrow_reg.doutb_reg_reg[73]/C
                         clock pessimism              0.209     7.813    
                         clock uncertainty           -0.129     7.684    
    SLICE_X25Y106        FDRE (Setup_BFF_SLICEM_C_D)
                                                      0.043     7.727    gemm_block_v1_i/axi_smc_1/inst/s02_nodes/s02_r_node/inst/inst_mi_handler/gen_normal_area.inst_fifo_node_payld/gen_xpm_memory_fifo.inst_fifo/gen_mem_rep[0].inst_xpm_memory/xpm_memory_base_inst/gen_rd_b.gen_rd_b_synth_template.gen_rf_narrow_reg.doutb_reg_reg[73]
  -------------------------------------------------------------------
                         required time                          7.727    
                         arrival time                          -6.617    
  -------------------------------------------------------------------
                         slack                                  1.110    

Slack (MET) :             1.115ns  (required time - arrival time)
  Source:                 gemm_block_v1_i/axi_smc_1/inst/s02_nodes/s02_r_node/inst/inst_mi_handler/gen_normal_area.inst_fifo_node_payld/gen_xpm_memory_fifo.inst_fifo/gen_mem_rep[0].inst_rd_addrb/count_r_reg[4]/C
                            (rising edge-triggered cell FDRE clocked by clk_pl_0  {rise@0.000ns fall@2.500ns period=5.000ns})
  Destination:            gemm_block_v1_i/axi_smc_1/inst/s02_nodes/s02_r_node/inst/inst_mi_handler/gen_normal_area.inst_fifo_node_payld/gen_xpm_memory_fifo.inst_fifo/gen_mem_rep[0].inst_xpm_memory/xpm_memory_base_inst/gen_rd_b.gen_rd_b_synth_template.gen_rf_narrow_reg.doutb_reg_reg[114]/D
                            (rising edge-triggered cell FDRE clocked by clk_pl_0  {rise@0.000ns fall@2.500ns period=5.000ns})
  Path Group:             clk_pl_0
  Path Type:              Setup (Max at Slow Process Corner)
  Requirement:            5.000ns  (clk_pl_0 rise@5.000ns - clk_pl_0 rise@0.000ns)
  Data Path Delay:        3.528ns  (logic 0.215ns (6.094%)  route 3.313ns (93.906%))
  Logic Levels:           1  (RAMD32=1)
  Clock Path Skew:        -0.273ns (DCD - SCD + CPR)
    Destination Clock Delay (DCD):    2.597ns = ( 7.597 - 5.000 ) 
    Source Clock Delay      (SCD):    3.080ns
    Clock Pessimism Removal (CPR):    0.209ns
  Clock Uncertainty:      0.129ns  ((TSJ^2 + DJ^2)^1/2) / 2 + PE
    Total System Jitter     (TSJ):    0.071ns
    Discrete Jitter          (DJ):    0.248ns
    Phase Error              (PE):    0.000ns
  Clock Net Delay (Source):      2.813ns (routing 1.304ns, distribution 1.509ns)
  Clock Net Delay (Destination): 2.381ns (routing 1.194ns, distribution 1.187ns)

    Location             Delay type                Incr(ns)  Path(ns)    Netlist Resource(s)
  -------------------------------------------------------------------    -------------------
                         (clock clk_pl_0 rise edge)
                                                      0.000     0.000 r  
    PS8_X0Y0             PS8                          0.000     0.000 r  gemm_block_v1_i/zynq_ultra_ps_e_0/inst/PS8_i/PLCLK[0]
                         net (fo=1, routed)           0.229     0.229    gemm_block_v1_i/zynq_ultra_ps_e_0/inst/pl_clk_unbuffered[0]
    BUFG_PS_X0Y80        BUFG_PS (Prop_BUFG_PS_I_O)
                                                      0.038     0.267 r  gemm_block_v1_i/zynq_ultra_ps_e_0/inst/buffer_pl_clk_0.PL_CLK_0_BUFG/O
    X1Y2 (CLOCK_ROOT)    net (fo=36267, routed)       2.813     3.080    gemm_block_v1_i/axi_smc_1/inst/s02_nodes/s02_r_node/inst/inst_mi_handler/gen_normal_area.inst_fifo_node_payld/gen_xpm_memory_fifo.inst_fifo/gen_mem_rep[0].inst_rd_addrb/s_sc_aclk
    SLICE_X21Y107        FDRE                                         r  gemm_block_v1_i/axi_smc_1/inst/s02_nodes/s02_r_node/inst/inst_mi_handler/gen_normal_area.inst_fifo_node_payld/gen_xpm_memory_fifo.inst_fifo/gen_mem_rep[0].inst_rd_addrb/count_r_reg[4]/C
  -------------------------------------------------------------------    -------------------
    SLICE_X21Y107        FDRE (Prop_EFF2_SLICEM_C_Q)
                                                      0.118     3.198 r  gemm_block_v1_i/axi_smc_1/inst/s02_nodes/s02_r_node/inst/inst_mi_handler/gen_normal_area.inst_fifo_node_payld/gen_xpm_memory_fifo.inst_fifo/gen_mem_rep[0].inst_rd_addrb/count_r_reg[4]/Q
                         net (fo=144, routed)         3.275     6.473    gemm_block_v1_i/axi_smc_1/inst/s02_nodes/s02_r_node/inst/inst_mi_handler/gen_normal_area.inst_fifo_node_payld/gen_xpm_memory_fifo.inst_fifo/gen_mem_rep[0].inst_xpm_memory/xpm_memory_base_inst/gen_wr_a.gen_word_narrow.mem_reg_0_31_112_125/ADDRB4
    SLICE_X24Y110        RAMD32 (Prop_B5LUT_SLICEM_RADR4_O)
                                                      0.097     6.570 r  gemm_block_v1_i/axi_smc_1/inst/s02_nodes/s02_r_node/inst/inst_mi_handler/gen_normal_area.inst_fifo_node_payld/gen_xpm_memory_fifo.inst_fifo/gen_mem_rep[0].inst_xpm_memory/xpm_memory_base_inst/gen_wr_a.gen_word_narrow.mem_reg_0_31_112_125/RAMB/O
                         net (fo=1, routed)           0.038     6.608    gemm_block_v1_i/axi_smc_1/inst/s02_nodes/s02_r_node/inst/inst_mi_handler/gen_normal_area.inst_fifo_node_payld/gen_xpm_memory_fifo.inst_fifo/gen_mem_rep[0].inst_xpm_memory/xpm_memory_base_inst/gen_rd_b.gen_rd_b_synth_template.gen_rf_narrow_reg.doutb_reg_reg0[114]
    SLICE_X24Y110        FDRE                                         r  gemm_block_v1_i/axi_smc_1/inst/s02_nodes/s02_r_node/inst/inst_mi_handler/gen_normal_area.inst_fifo_node_payld/gen_xpm_memory_fifo.inst_fifo/gen_mem_rep[0].inst_xpm_memory/xpm_memory_base_inst/gen_rd_b.gen_rd_b_synth_template.gen_rf_narrow_reg.doutb_reg_reg[114]/D
  -------------------------------------------------------------------    -------------------

                         (clock clk_pl_0 rise edge)
                                                      5.000     5.000 r  
    PS8_X0Y0             PS8                          0.000     5.000 r  gemm_block_v1_i/zynq_ultra_ps_e_0/inst/PS8_i/PLCLK[0]
                         net (fo=1, routed)           0.181     5.181    gemm_block_v1_i/zynq_ultra_ps_e_0/inst/pl_clk_unbuffered[0]
    BUFG_PS_X0Y80        BUFG_PS (Prop_BUFG_PS_I_O)
                                                      0.035     5.216 r  gemm_block_v1_i/zynq_ultra_ps_e_0/inst/buffer_pl_clk_0.PL_CLK_0_BUFG/O
    X1Y2 (CLOCK_ROOT)    net (fo=36267, routed)       2.381     7.597    gemm_block_v1_i/axi_smc_1/inst/s02_nodes/s02_r_node/inst/inst_mi_handler/gen_normal_area.inst_fifo_node_payld/gen_xpm_memory_fifo.inst_fifo/gen_mem_rep[0].inst_xpm_memory/xpm_memory_base_inst/clka
    SLICE_X24Y110        FDRE                                         r  gemm_block_v1_i/axi_smc_1/inst/s02_nodes/s02_r_node/inst/inst_mi_handler/gen_normal_area.inst_fifo_node_payld/gen_xpm_memory_fifo.inst_fifo/gen_mem_rep[0].inst_xpm_memory/xpm_memory_base_inst/gen_rd_b.gen_rd_b_synth_template.gen_rf_narrow_reg.doutb_reg_reg[114]/C
                         clock pessimism              0.209     7.806    
                         clock uncertainty           -0.129     7.677    
    SLICE_X24Y110        FDRE (Setup_BFF2_SLICEM_C_D)
                                                      0.045     7.722    gemm_block_v1_i/axi_smc_1/inst/s02_nodes/s02_r_node/inst/inst_mi_handler/gen_normal_area.inst_fifo_node_payld/gen_xpm_memory_fifo.inst_fifo/gen_mem_rep[0].inst_xpm_memory/xpm_memory_base_inst/gen_rd_b.gen_rd_b_synth_template.gen_rf_narrow_reg.doutb_reg_reg[114]
  -------------------------------------------------------------------
                         required time                          7.722    
                         arrival time                          -6.608    
  -------------------------------------------------------------------
                         slack                                  1.115    





Min Delay Paths
--------------------------------------------------------------------------------------
Slack (MET) :             0.010ns  (arrival time - required time)
  Source:                 gemm_block_v1_i/gemm_accelerator_0/inst/systolic_array_inst/ROW[10].COL[6].u_pe/hold_psum_reg[11]/C
                            (rising edge-triggered cell FDRE clocked by clk_pl_0  {rise@0.000ns fall@2.500ns period=5.000ns})
  Destination:            gemm_block_v1_i/gemm_accelerator_0/inst/systolic_array_inst/ROW[11].COL[6].u_pe/hold_psum_reg[11]/D
                            (rising edge-triggered cell FDRE clocked by clk_pl_0  {rise@0.000ns fall@2.500ns period=5.000ns})
  Path Group:             clk_pl_0
  Path Type:              Hold (Min at Slow Process Corner)
  Requirement:            0.000ns  (clk_pl_0 rise@0.000ns - clk_pl_0 rise@0.000ns)
  Data Path Delay:        0.336ns  (logic 0.163ns (48.512%)  route 0.173ns (51.488%))
  Logic Levels:           1  (LUT3=1)
  Clock Path Skew:        0.226ns (DCD - SCD - CPR)
    Destination Clock Delay (DCD):    2.986ns
    Source Clock Delay      (SCD):    2.598ns
    Clock Pessimism Removal (CPR):    0.161ns
  Clock Net Delay (Source):      2.382ns (routing 1.194ns, distribution 1.188ns)
  Clock Net Delay (Destination): 2.719ns (routing 1.304ns, distribution 1.415ns)

    Location             Delay type                Incr(ns)  Path(ns)    Netlist Resource(s)
  -------------------------------------------------------------------    -------------------
                         (clock clk_pl_0 rise edge)
                                                      0.000     0.000 r  
    PS8_X0Y0             PS8                          0.000     0.000 r  gemm_block_v1_i/zynq_ultra_ps_e_0/inst/PS8_i/PLCLK[0]
                         net (fo=1, routed)           0.181     0.181    gemm_block_v1_i/zynq_ultra_ps_e_0/inst/pl_clk_unbuffered[0]
    BUFG_PS_X0Y80        BUFG_PS (Prop_BUFG_PS_I_O)
                                                      0.035     0.216 r  gemm_block_v1_i/zynq_ultra_ps_e_0/inst/buffer_pl_clk_0.PL_CLK_0_BUFG/O
    X1Y2 (CLOCK_ROOT)    net (fo=36267, routed)       2.382     2.598    gemm_block_v1_i/gemm_accelerator_0/inst/systolic_array_inst/ROW[10].COL[6].u_pe/aclk
    SLICE_X25Y175        FDRE                                         r  gemm_block_v1_i/gemm_accelerator_0/inst/systolic_array_inst/ROW[10].COL[6].u_pe/hold_psum_reg[11]/C
  -------------------------------------------------------------------    -------------------
    SLICE_X25Y175        FDRE (Prop_DFF_SLICEM_C_Q)
                                                      0.112     2.710 r  gemm_block_v1_i/gemm_accelerator_0/inst/systolic_array_inst/ROW[10].COL[6].u_pe/hold_psum_reg[11]/Q
                         net (fo=1, routed)           0.125     2.835    gemm_block_v1_i/gemm_accelerator_0/inst/systolic_array_inst/ROW[11].COL[6].u_pe/u_mac/hold_psum_reg[31][11]
    SLICE_X25Y181        LUT3 (Prop_D6LUT_SLICEM_I1_O)
                                                      0.051     2.886 r  gemm_block_v1_i/gemm_accelerator_0/inst/systolic_array_inst/ROW[11].COL[6].u_pe/u_mac/hold_psum[11]_i_1__165/O
                         net (fo=1, routed)           0.048     2.934    gemm_block_v1_i/gemm_accelerator_0/inst/systolic_array_inst/ROW[11].COL[6].u_pe/p_2_in[11]
    SLICE_X25Y181        FDRE                                         r  gemm_block_v1_i/gemm_accelerator_0/inst/systolic_array_inst/ROW[11].COL[6].u_pe/hold_psum_reg[11]/D
  -------------------------------------------------------------------    -------------------

                         (clock clk_pl_0 rise edge)
                                                      0.000     0.000 r  
    PS8_X0Y0             PS8                          0.000     0.000 r  gemm_block_v1_i/zynq_ultra_ps_e_0/inst/PS8_i/PLCLK[0]
                         net (fo=1, routed)           0.229     0.229    gemm_block_v1_i/zynq_ultra_ps_e_0/inst/pl_clk_unbuffered[0]
    BUFG_PS_X0Y80        BUFG_PS (Prop_BUFG_PS_I_O)
                                                      0.038     0.267 r  gemm_block_v1_i/zynq_ultra_ps_e_0/inst/buffer_pl_clk_0.PL_CLK_0_BUFG/O
    X1Y2 (CLOCK_ROOT)    net (fo=36267, routed)       2.719     2.986    gemm_block_v1_i/gemm_accelerator_0/inst/systolic_array_inst/ROW[11].COL[6].u_pe/aclk
    SLICE_X25Y181        FDRE                                         r  gemm_block_v1_i/gemm_accelerator_0/inst/systolic_array_inst/ROW[11].COL[6].u_pe/hold_psum_reg[11]/C
                         clock pessimism             -0.161     2.825    
    SLICE_X25Y181        FDRE (Hold_DFF_SLICEM_C_D)
                                                      0.100     2.925    gemm_block_v1_i/gemm_accelerator_0/inst/systolic_array_inst/ROW[11].COL[6].u_pe/hold_psum_reg[11]
  -------------------------------------------------------------------
                         required time                         -2.925    
                         arrival time                           2.934    
  -------------------------------------------------------------------
                         slack                                  0.010    

Slack (MET) :             0.011ns  (arrival time - required time)
  Source:                 gemm_block_v1_i/axi_dma_0/U0/I_PRMRY_DATAMOVER/GEN_S2MM_FULL.I_S2MM_FULL_WRAPPER/I_S2MM_MMAP_SKID_BUF/sig_data_reg_out_reg[124]/C
                            (rising edge-triggered cell FDRE clocked by clk_pl_0  {rise@0.000ns fall@2.500ns period=5.000ns})
  Destination:            gemm_block_v1_i/axi_smc_1/inst/s01_entry_pipeline/s01_mmu/inst/w_sreg/skid_buffer_reg[1149]/D
                            (rising edge-triggered cell FDRE clocked by clk_pl_0  {rise@0.000ns fall@2.500ns period=5.000ns})
  Path Group:             clk_pl_0
  Path Type:              Hold (Min at Slow Process Corner)
  Requirement:            0.000ns  (clk_pl_0 rise@0.000ns - clk_pl_0 rise@0.000ns)
  Data Path Delay:        0.238ns  (logic 0.112ns (47.138%)  route 0.126ns (52.863%))
  Logic Levels:           0  
  Clock Path Skew:        0.124ns (DCD - SCD - CPR)
    Destination Clock Delay (DCD):    3.092ns
    Source Clock Delay      (SCD):    2.757ns
    Clock Pessimism Removal (CPR):    0.210ns
  Clock Net Delay (Source):      2.541ns (routing 1.194ns, distribution 1.347ns)
  Clock Net Delay (Destination): 2.825ns (routing 1.304ns, distribution 1.521ns)

    Location             Delay type                Incr(ns)  Path(ns)    Netlist Resource(s)
  -------------------------------------------------------------------    -------------------
                         (clock clk_pl_0 rise edge)
                                                      0.000     0.000 r  
    PS8_X0Y0             PS8                          0.000     0.000 r  gemm_block_v1_i/zynq_ultra_ps_e_0/inst/PS8_i/PLCLK[0]
                         net (fo=1, routed)           0.181     0.181    gemm_block_v1_i/zynq_ultra_ps_e_0/inst/pl_clk_unbuffered[0]
    BUFG_PS_X0Y80        BUFG_PS (Prop_BUFG_PS_I_O)
                                                      0.035     0.216 r  gemm_block_v1_i/zynq_ultra_ps_e_0/inst/buffer_pl_clk_0.PL_CLK_0_BUFG/O
    X1Y2 (CLOCK_ROOT)    net (fo=36267, routed)       2.541     2.757    gemm_block_v1_i/axi_dma_0/U0/I_PRMRY_DATAMOVER/GEN_S2MM_FULL.I_S2MM_FULL_WRAPPER/I_S2MM_MMAP_SKID_BUF/m_axi_s2mm_aclk
    SLICE_X15Y92         FDRE                                         r  gemm_block_v1_i/axi_dma_0/U0/I_PRMRY_DATAMOVER/GEN_S2MM_FULL.I_S2MM_FULL_WRAPPER/I_S2MM_MMAP_SKID_BUF/sig_data_reg_out_reg[124]/C
  -------------------------------------------------------------------    -------------------
    SLICE_X15Y92         FDRE (Prop_CFF_SLICEL_C_Q)
                                                      0.112     2.869 r  gemm_block_v1_i/axi_dma_0/U0/I_PRMRY_DATAMOVER/GEN_S2MM_FULL.I_S2MM_FULL_WRAPPER/I_S2MM_MMAP_SKID_BUF/sig_data_reg_out_reg[124]/Q
                         net (fo=2, routed)           0.126     2.995    gemm_block_v1_i/axi_smc_1/inst/s01_entry_pipeline/s01_mmu/inst/w_sreg/D[125]
    SLICE_X14Y92         FDRE                                         r  gemm_block_v1_i/axi_smc_1/inst/s01_entry_pipeline/s01_mmu/inst/w_sreg/skid_buffer_reg[1149]/D
  -------------------------------------------------------------------    -------------------

                         (clock clk_pl_0 rise edge)
                                                      0.000     0.000 r  
    PS8_X0Y0             PS8                          0.000     0.000 r  gemm_block_v1_i/zynq_ultra_ps_e_0/inst/PS8_i/PLCLK[0]
                         net (fo=1, routed)           0.229     0.229    gemm_block_v1_i/zynq_ultra_ps_e_0/inst/pl_clk_unbuffered[0]
    BUFG_PS_X0Y80        BUFG_PS (Prop_BUFG_PS_I_O)
                                                      0.038     0.267 r  gemm_block_v1_i/zynq_ultra_ps_e_0/inst/buffer_pl_clk_0.PL_CLK_0_BUFG/O
    X1Y2 (CLOCK_ROOT)    net (fo=36267, routed)       2.825     3.092    gemm_block_v1_i/axi_smc_1/inst/s01_entry_pipeline/s01_mmu/inst/w_sreg/aclk
    SLICE_X14Y92         FDRE                                         r  gemm_block_v1_i/axi_smc_1/inst/s01_entry_pipeline/s01_mmu/inst/w_sreg/skid_buffer_reg[1149]/C
                         clock pessimism             -0.210     2.881    
    SLICE_X14Y92         FDRE (Hold_HFF2_SLICEL_C_D)
                                                      0.103     2.984    gemm_block_v1_i/axi_smc_1/inst/s01_entry_pipeline/s01_mmu/inst/w_sreg/skid_buffer_reg[1149]
  -------------------------------------------------------------------
                         required time                         -2.984    
                         arrival time                           2.995    
  -------------------------------------------------------------------
                         slack                                  0.011    

Slack (MET) :             0.011ns  (arrival time - required time)
  Source:                 gemm_block_v1_i/axi_dma_1/U0/I_AXI_DMA_REG_MODULE/GEN_MM2S_REGISTERS.I_MM2S_DMA_REGISTER/GEN_REG_FOR_SMPL.buffer_address_i_reg[30]/C
                            (rising edge-triggered cell FDRE clocked by clk_pl_0  {rise@0.000ns fall@2.500ns period=5.000ns})
  Destination:            gemm_block_v1_i/axi_dma_1/U0/INCLUDE_MM2S_SOF_EOF_GENERATOR.I_MM2S_DMA_MNGR/GEN_MM2S_DMA_CONTROL.GEN_SIMPLE_DMA_MODE.I_MM2S_SMPL_SM/GEN_CMD_BTT_LESS_23.cmnd_data_reg[65]/D
                            (rising edge-triggered cell FDRE clocked by clk_pl_0  {rise@0.000ns fall@2.500ns period=5.000ns})
  Path Group:             clk_pl_0
  Path Type:              Hold (Min at Slow Process Corner)
  Requirement:            0.000ns  (clk_pl_0 rise@0.000ns - clk_pl_0 rise@0.000ns)
  Data Path Delay:        0.247ns  (logic 0.115ns (46.502%)  route 0.132ns (53.498%))
  Logic Levels:           0  
  Clock Path Skew:        0.134ns (DCD - SCD - CPR)
    Destination Clock Delay (DCD):    3.144ns
    Source Clock Delay      (SCD):    2.794ns
    Clock Pessimism Removal (CPR):    0.216ns
  Clock Net Delay (Source):      2.578ns (routing 1.194ns, distribution 1.384ns)
  Clock Net Delay (Destination): 2.877ns (routing 1.304ns, distribution 1.573ns)

    Location             Delay type                Incr(ns)  Path(ns)    Netlist Resource(s)
  -------------------------------------------------------------------    -------------------
                         (clock clk_pl_0 rise edge)
                                                      0.000     0.000 r  
    PS8_X0Y0             PS8                          0.000     0.000 r  gemm_block_v1_i/zynq_ultra_ps_e_0/inst/PS8_i/PLCLK[0]
                         net (fo=1, routed)           0.181     0.181    gemm_block_v1_i/zynq_ultra_ps_e_0/inst/pl_clk_unbuffered[0]
    BUFG_PS_X0Y80        BUFG_PS (Prop_BUFG_PS_I_O)
                                                      0.035     0.216 r  gemm_block_v1_i/zynq_ultra_ps_e_0/inst/buffer_pl_clk_0.PL_CLK_0_BUFG/O
    X1Y2 (CLOCK_ROOT)    net (fo=36267, routed)       2.578     2.794    gemm_block_v1_i/axi_dma_1/U0/I_AXI_DMA_REG_MODULE/GEN_MM2S_REGISTERS.I_MM2S_DMA_REGISTER/s_axi_lite_aclk
    SLICE_X7Y124         FDRE                                         r  gemm_block_v1_i/axi_dma_1/U0/I_AXI_DMA_REG_MODULE/GEN_MM2S_REGISTERS.I_MM2S_DMA_REGISTER/GEN_REG_FOR_SMPL.buffer_address_i_reg[30]/C
  -------------------------------------------------------------------    -------------------
    SLICE_X7Y124         FDRE (Prop_FFF2_SLICEM_C_Q)
                                                      0.115     2.909 r  gemm_block_v1_i/axi_dma_1/U0/I_AXI_DMA_REG_MODULE/GEN_MM2S_REGISTERS.I_MM2S_DMA_REGISTER/GEN_REG_FOR_SMPL.buffer_address_i_reg[30]/Q
                         net (fo=2, routed)           0.132     3.042    gemm_block_v1_i/axi_dma_1/U0/INCLUDE_MM2S_SOF_EOF_GENERATOR.I_MM2S_DMA_MNGR/GEN_MM2S_DMA_CONTROL.GEN_SIMPLE_DMA_MODE.I_MM2S_SMPL_SM/GEN_CMD_BTT_LESS_23.cmnd_data_reg[66]_2[30]
    SLICE_X8Y123         FDRE                                         r  gemm_block_v1_i/axi_dma_1/U0/INCLUDE_MM2S_SOF_EOF_GENERATOR.I_MM2S_DMA_MNGR/GEN_MM2S_DMA_CONTROL.GEN_SIMPLE_DMA_MODE.I_MM2S_SMPL_SM/GEN_CMD_BTT_LESS_23.cmnd_data_reg[65]/D
  -------------------------------------------------------------------    -------------------

                         (clock clk_pl_0 rise edge)
                                                      0.000     0.000 r  
    PS8_X0Y0             PS8                          0.000     0.000 r  gemm_block_v1_i/zynq_ultra_ps_e_0/inst/PS8_i/PLCLK[0]
                         net (fo=1, routed)           0.229     0.229    gemm_block_v1_i/zynq_ultra_ps_e_0/inst/pl_clk_unbuffered[0]
    BUFG_PS_X0Y80        BUFG_PS (Prop_BUFG_PS_I_O)
                                                      0.038     0.267 r  gemm_block_v1_i/zynq_ultra_ps_e_0/inst/buffer_pl_clk_0.PL_CLK_0_BUFG/O
    X1Y2 (CLOCK_ROOT)    net (fo=36267, routed)       2.877     3.144    gemm_block_v1_i/axi_dma_1/U0/INCLUDE_MM2S_SOF_EOF_GENERATOR.I_MM2S_DMA_MNGR/GEN_MM2S_DMA_CONTROL.GEN_SIMPLE_DMA_MODE.I_MM2S_SMPL_SM/s_axi_lite_aclk
    SLICE_X8Y123         FDRE                                         r  gemm_block_v1_i/axi_dma_1/U0/INCLUDE_MM2S_SOF_EOF_GENERATOR.I_MM2S_DMA_MNGR/GEN_MM2S_DMA_CONTROL.GEN_SIMPLE_DMA_MODE.I_MM2S_SMPL_SM/GEN_CMD_BTT_LESS_23.cmnd_data_reg[65]/C
                         clock pessimism             -0.216     2.928    
    SLICE_X8Y123         FDRE (Hold_HFF2_SLICEM_C_D)
                                                      0.103     3.031    gemm_block_v1_i/axi_dma_1/U0/INCLUDE_MM2S_SOF_EOF_GENERATOR.I_MM2S_DMA_MNGR/GEN_MM2S_DMA_CONTROL.GEN_SIMPLE_DMA_MODE.I_MM2S_SMPL_SM/GEN_CMD_BTT_LESS_23.cmnd_data_reg[65]
  -------------------------------------------------------------------
                         required time                         -3.031    
                         arrival time                           3.042    
  -------------------------------------------------------------------
                         slack                                  0.011    

Slack (MET) :             0.011ns  (arrival time - required time)
  Source:                 gemm_block_v1_i/axi_smc_1/inst/m00_nodes/m00_aw_node/inst/inst_mi_handler/gen_normal_area.inst_fifo_node_payld/gen_xpm_memory_fifo.inst_fifo/gen_mem_rep[0].inst_xpm_memory/xpm_memory_base_inst/gen_rd_b.gen_rd_b_synth_template.gen_rf_narrow_reg.doutb_reg_reg[126]/C
                            (rising edge-triggered cell FDRE clocked by clk_pl_0  {rise@0.000ns fall@2.500ns period=5.000ns})
  Destination:            gemm_block_v1_i/axi_smc_1/inst/m00_exit_pipeline/m00_exit/inst/aw_reg/skid_buffer_reg[1091]/D
                            (rising edge-triggered cell FDRE clocked by clk_pl_0  {rise@0.000ns fall@2.500ns period=5.000ns})
  Path Group:             clk_pl_0
  Path Type:              Hold (Min at Slow Process Corner)
  Requirement:            0.000ns  (clk_pl_0 rise@0.000ns - clk_pl_0 rise@0.000ns)
  Data Path Delay:        0.214ns  (logic 0.114ns (53.196%)  route 0.100ns (46.804%))
  Logic Levels:           0  
  Clock Path Skew:        0.101ns (DCD - SCD - CPR)
    Destination Clock Delay (DCD):    3.089ns
    Source Clock Delay      (SCD):    2.778ns
    Clock Pessimism Removal (CPR):    0.210ns
  Clock Net Delay (Source):      2.562ns (routing 1.194ns, distribution 1.368ns)
  Clock Net Delay (Destination): 2.822ns (routing 1.304ns, distribution 1.518ns)

    Location             Delay type                Incr(ns)  Path(ns)    Netlist Resource(s)
  -------------------------------------------------------------------    -------------------
                         (clock clk_pl_0 rise edge)
                                                      0.000     0.000 r  
    PS8_X0Y0             PS8                          0.000     0.000 r  gemm_block_v1_i/zynq_ultra_ps_e_0/inst/PS8_i/PLCLK[0]
                         net (fo=1, routed)           0.181     0.181    gemm_block_v1_i/zynq_ultra_ps_e_0/inst/pl_clk_unbuffered[0]
    BUFG_PS_X0Y80        BUFG_PS (Prop_BUFG_PS_I_O)
                                                      0.035     0.216 r  gemm_block_v1_i/zynq_ultra_ps_e_0/inst/buffer_pl_clk_0.PL_CLK_0_BUFG/O
    X1Y2 (CLOCK_ROOT)    net (fo=36267, routed)       2.562     2.778    gemm_block_v1_i/axi_smc_1/inst/m00_nodes/m00_aw_node/inst/inst_mi_handler/gen_normal_area.inst_fifo_node_payld/gen_xpm_memory_fifo.inst_fifo/gen_mem_rep[0].inst_xpm_memory/xpm_memory_base_inst/clka
    SLICE_X1Y90          FDRE                                         r  gemm_block_v1_i/axi_smc_1/inst/m00_nodes/m00_aw_node/inst/inst_mi_handler/gen_normal_area.inst_fifo_node_payld/gen_xpm_memory_fifo.inst_fifo/gen_mem_rep[0].inst_xpm_memory/xpm_memory_base_inst/gen_rd_b.gen_rd_b_synth_template.gen_rf_narrow_reg.doutb_reg_reg[126]/C
  -------------------------------------------------------------------    -------------------
    SLICE_X1Y90          FDRE (Prop_AFF2_SLICEM_C_Q)
                                                      0.114     2.892 r  gemm_block_v1_i/axi_smc_1/inst/m00_nodes/m00_aw_node/inst/inst_mi_handler/gen_normal_area.inst_fifo_node_payld/gen_xpm_memory_fifo.inst_fifo/gen_mem_rep[0].inst_xpm_memory/xpm_memory_base_inst/gen_rd_b.gen_rd_b_synth_template.gen_rf_narrow_reg.doutb_reg_reg[126]/Q
                         net (fo=2, routed)           0.100     2.992    gemm_block_v1_i/axi_smc_1/inst/m00_exit_pipeline/m00_exit/inst/aw_reg/D[30]
    SLICE_X0Y90          FDRE                                         r  gemm_block_v1_i/axi_smc_1/inst/m00_exit_pipeline/m00_exit/inst/aw_reg/skid_buffer_reg[1091]/D
  -------------------------------------------------------------------    -------------------

                         (clock clk_pl_0 rise edge)
                                                      0.000     0.000 r  
    PS8_X0Y0             PS8                          0.000     0.000 r  gemm_block_v1_i/zynq_ultra_ps_e_0/inst/PS8_i/PLCLK[0]
                         net (fo=1, routed)           0.229     0.229    gemm_block_v1_i/zynq_ultra_ps_e_0/inst/pl_clk_unbuffered[0]
    BUFG_PS_X0Y80        BUFG_PS (Prop_BUFG_PS_I_O)
                                                      0.038     0.267 r  gemm_block_v1_i/zynq_ultra_ps_e_0/inst/buffer_pl_clk_0.PL_CLK_0_BUFG/O
    X1Y2 (CLOCK_ROOT)    net (fo=36267, routed)       2.822     3.089    gemm_block_v1_i/axi_smc_1/inst/m00_exit_pipeline/m00_exit/inst/aw_reg/aclk
    SLICE_X0Y90          FDRE                                         r  gemm_block_v1_i/axi_smc_1/inst/m00_exit_pipeline/m00_exit/inst/aw_reg/skid_buffer_reg[1091]/C
                         clock pessimism             -0.210     2.879    
    SLICE_X0Y90          FDRE (Hold_FFF2_SLICEL_C_D)
                                                      0.103     2.982    gemm_block_v1_i/axi_smc_1/inst/m00_exit_pipeline/m00_exit/inst/aw_reg/skid_buffer_reg[1091]
  -------------------------------------------------------------------
                         required time                         -2.982    
                         arrival time                           2.992    
  -------------------------------------------------------------------
                         slack                                  0.011    

Slack (MET) :             0.011ns  (arrival time - required time)
  Source:                 gemm_block_v1_i/gemm_accelerator_0/inst/systolic_array_inst/ROW[13].COL[10].u_pe/weight_out_reg[1]/C
                            (rising edge-triggered cell FDRE clocked by clk_pl_0  {rise@0.000ns fall@2.500ns period=5.000ns})
  Destination:            gemm_block_v1_i/gemm_accelerator_0/inst/systolic_array_inst/ROW[14].COL[10].u_pe/weight_out_reg[1]/D
                            (rising edge-triggered cell FDRE clocked by clk_pl_0  {rise@0.000ns fall@2.500ns period=5.000ns})
  Path Group:             clk_pl_0
  Path Type:              Hold (Min at Slow Process Corner)
  Requirement:            0.000ns  (clk_pl_0 rise@0.000ns - clk_pl_0 rise@0.000ns)
  Data Path Delay:        0.249ns  (logic 0.115ns (46.124%)  route 0.134ns (53.876%))
  Logic Levels:           0  
  Clock Path Skew:        0.135ns (DCD - SCD - CPR)
    Destination Clock Delay (DCD):    3.139ns
    Source Clock Delay      (SCD):    2.783ns
    Clock Pessimism Removal (CPR):    0.220ns
  Clock Net Delay (Source):      2.567ns (routing 1.194ns, distribution 1.373ns)
  Clock Net Delay (Destination): 2.872ns (routing 1.304ns, distribution 1.568ns)

    Location             Delay type                Incr(ns)  Path(ns)    Netlist Resource(s)
  -------------------------------------------------------------------    -------------------
                         (clock clk_pl_0 rise edge)
                                                      0.000     0.000 r  
    PS8_X0Y0             PS8                          0.000     0.000 r  gemm_block_v1_i/zynq_ultra_ps_e_0/inst/PS8_i/PLCLK[0]
                         net (fo=1, routed)           0.181     0.181    gemm_block_v1_i/zynq_ultra_ps_e_0/inst/pl_clk_unbuffered[0]
    BUFG_PS_X0Y80        BUFG_PS (Prop_BUFG_PS_I_O)
                                                      0.035     0.216 r  gemm_block_v1_i/zynq_ultra_ps_e_0/inst/buffer_pl_clk_0.PL_CLK_0_BUFG/O
    X1Y2 (CLOCK_ROOT)    net (fo=36267, routed)       2.567     2.783    gemm_block_v1_i/gemm_accelerator_0/inst/systolic_array_inst/ROW[13].COL[10].u_pe/aclk
    SLICE_X20Y204        FDRE                                         r  gemm_block_v1_i/gemm_accelerator_0/inst/systolic_array_inst/ROW[13].COL[10].u_pe/weight_out_reg[1]/C
  -------------------------------------------------------------------    -------------------
    SLICE_X20Y204        FDRE (Prop_FFF2_SLICEM_C_Q)
                                                      0.115     2.898 r  gemm_block_v1_i/gemm_accelerator_0/inst/systolic_array_inst/ROW[13].COL[10].u_pe/weight_out_reg[1]/Q
                         net (fo=2, routed)           0.134     3.033    gemm_block_v1_i/gemm_accelerator_0/inst/systolic_array_inst/ROW[14].COL[10].u_pe/weight_out_reg[7]_1[1]
    SLICE_X18Y204        FDRE                                         r  gemm_block_v1_i/gemm_accelerator_0/inst/systolic_array_inst/ROW[14].COL[10].u_pe/weight_out_reg[1]/D
  -------------------------------------------------------------------    -------------------

                         (clock clk_pl_0 rise edge)
                                                      0.000     0.000 r  
    PS8_X0Y0             PS8                          0.000     0.000 r  gemm_block_v1_i/zynq_ultra_ps_e_0/inst/PS8_i/PLCLK[0]
                         net (fo=1, routed)           0.229     0.229    gemm_block_v1_i/zynq_ultra_ps_e_0/inst/pl_clk_unbuffered[0]
    BUFG_PS_X0Y80        BUFG_PS (Prop_BUFG_PS_I_O)
                                                      0.038     0.267 r  gemm_block_v1_i/zynq_ultra_ps_e_0/inst/buffer_pl_clk_0.PL_CLK_0_BUFG/O
    X1Y2 (CLOCK_ROOT)    net (fo=36267, routed)       2.872     3.139    gemm_block_v1_i/gemm_accelerator_0/inst/systolic_array_inst/ROW[14].COL[10].u_pe/aclk
    SLICE_X18Y204        FDRE                                         r  gemm_block_v1_i/gemm_accelerator_0/inst/systolic_array_inst/ROW[14].COL[10].u_pe/weight_out_reg[1]/C
                         clock pessimism             -0.220     2.918    
    SLICE_X18Y204        FDRE (Hold_HFF2_SLICEM_C_D)
                                                      0.103     3.021    gemm_block_v1_i/gemm_accelerator_0/inst/systolic_array_inst/ROW[14].COL[10].u_pe/weight_out_reg[1]
  -------------------------------------------------------------------
                         required time                         -3.021    
                         arrival time                           3.033    
  -------------------------------------------------------------------
                         slack                                  0.011    

Slack (MET) :             0.012ns  (arrival time - required time)
  Source:                 gemm_block_v1_i/axi_smc/inst/switchboards/i_nodes/i_ar_node/inst/inst_mi_handler/gen_normal_area.inst_fifo_node_payld/gen_reg_fifo.inst_reg_fifo/gen_single_rank.data_reg[114]/C
                            (rising edge-triggered cell FDRE clocked by clk_pl_0  {rise@0.000ns fall@2.500ns period=5.000ns})
  Destination:            gemm_block_v1_i/axi_smc/inst/m00_exit_pipeline/m00_exit/inst/exit_inst/gen_r_cmd_reg.m_read_cmd_mesg_i_reg[16]/D
                            (rising edge-triggered cell FDRE clocked by clk_pl_0  {rise@0.000ns fall@2.500ns period=5.000ns})
  Path Group:             clk_pl_0
  Path Type:              Hold (Min at Slow Process Corner)
  Requirement:            0.000ns  (clk_pl_0 rise@0.000ns - clk_pl_0 rise@0.000ns)
  Data Path Delay:        0.287ns  (logic 0.112ns (38.974%)  route 0.175ns (61.026%))
  Logic Levels:           0  
  Clock Path Skew:        0.173ns (DCD - SCD - CPR)
    Destination Clock Delay (DCD):    3.142ns
    Source Clock Delay      (SCD):    2.805ns
    Clock Pessimism Removal (CPR):    0.164ns
  Clock Net Delay (Source):      2.589ns (routing 1.194ns, distribution 1.395ns)
  Clock Net Delay (Destination): 2.875ns (routing 1.304ns, distribution 1.571ns)

    Location             Delay type                Incr(ns)  Path(ns)    Netlist Resource(s)
  -------------------------------------------------------------------    -------------------
                         (clock clk_pl_0 rise edge)
                                                      0.000     0.000 r  
    PS8_X0Y0             PS8                          0.000     0.000 r  gemm_block_v1_i/zynq_ultra_ps_e_0/inst/PS8_i/PLCLK[0]
                         net (fo=1, routed)           0.181     0.181    gemm_block_v1_i/zynq_ultra_ps_e_0/inst/pl_clk_unbuffered[0]
    BUFG_PS_X0Y80        BUFG_PS (Prop_BUFG_PS_I_O)
                                                      0.035     0.216 r  gemm_block_v1_i/zynq_ultra_ps_e_0/inst/buffer_pl_clk_0.PL_CLK_0_BUFG/O
    X1Y2 (CLOCK_ROOT)    net (fo=36267, routed)       2.589     2.805    gemm_block_v1_i/axi_smc/inst/switchboards/i_nodes/i_ar_node/inst/inst_mi_handler/gen_normal_area.inst_fifo_node_payld/gen_reg_fifo.inst_reg_fifo/s_sc_aclk
    SLICE_X3Y120         FDRE                                         r  gemm_block_v1_i/axi_smc/inst/switchboards/i_nodes/i_ar_node/inst/inst_mi_handler/gen_normal_area.inst_fifo_node_payld/gen_reg_fifo.inst_reg_fifo/gen_single_rank.data_reg[114]/C
  -------------------------------------------------------------------    -------------------
    SLICE_X3Y120         FDRE (Prop_EFF_SLICEL_C_Q)
                                                      0.112     2.917 r  gemm_block_v1_i/axi_smc/inst/switchboards/i_nodes/i_ar_node/inst/inst_mi_handler/gen_normal_area.inst_fifo_node_payld/gen_reg_fifo.inst_reg_fifo/gen_single_rank.data_reg[114]/Q
                         net (fo=3, routed)           0.175     3.092    gemm_block_v1_i/axi_smc/inst/m00_exit_pipeline/m00_exit/inst/exit_inst/s_axi_arid[1]
    SLICE_X3Y118         FDRE                                         r  gemm_block_v1_i/axi_smc/inst/m00_exit_pipeline/m00_exit/inst/exit_inst/gen_r_cmd_reg.m_read_cmd_mesg_i_reg[16]/D
  -------------------------------------------------------------------    -------------------

                         (clock clk_pl_0 rise edge)
                                                      0.000     0.000 r  
    PS8_X0Y0             PS8                          0.000     0.000 r  gemm_block_v1_i/zynq_ultra_ps_e_0/inst/PS8_i/PLCLK[0]
                         net (fo=1, routed)           0.229     0.229    gemm_block_v1_i/zynq_ultra_ps_e_0/inst/pl_clk_unbuffered[0]
    BUFG_PS_X0Y80        BUFG_PS (Prop_BUFG_PS_I_O)
                                                      0.038     0.267 r  gemm_block_v1_i/zynq_ultra_ps_e_0/inst/buffer_pl_clk_0.PL_CLK_0_BUFG/O
    X1Y2 (CLOCK_ROOT)    net (fo=36267, routed)       2.875     3.142    gemm_block_v1_i/axi_smc/inst/m00_exit_pipeline/m00_exit/inst/exit_inst/aclk
    SLICE_X3Y118         FDRE                                         r  gemm_block_v1_i/axi_smc/inst/m00_exit_pipeline/m00_exit/inst/exit_inst/gen_r_cmd_reg.m_read_cmd_mesg_i_reg[16]/C
                         clock pessimism             -0.164     2.978    
    SLICE_X3Y118         FDRE (Hold_GFF2_SLICEL_C_D)
                                                      0.103     3.081    gemm_block_v1_i/axi_smc/inst/m00_exit_pipeline/m00_exit/inst/exit_inst/gen_r_cmd_reg.m_read_cmd_mesg_i_reg[16]
  -------------------------------------------------------------------
                         required time                         -3.081    
                         arrival time                           3.092    
  -------------------------------------------------------------------
                         slack                                  0.012    

Slack (MET) :             0.012ns  (arrival time - required time)
  Source:                 gemm_block_v1_i/axi_smc_1/inst/s02_entry_pipeline/s02_mmu/inst/ar_sreg/m_vector_i_reg[1088]/C
                            (rising edge-triggered cell FDRE clocked by clk_pl_0  {rise@0.000ns fall@2.500ns period=5.000ns})
  Destination:            gemm_block_v1_i/axi_smc_1/inst/s02_entry_pipeline/s02_mmu/inst/ar_reg_stall/skid_buffer_reg[1088]/D
                            (rising edge-triggered cell FDRE clocked by clk_pl_0  {rise@0.000ns fall@2.500ns period=5.000ns})
  Path Group:             clk_pl_0
  Path Type:              Hold (Min at Slow Process Corner)
  Requirement:            0.000ns  (clk_pl_0 rise@0.000ns - clk_pl_0 rise@0.000ns)
  Data Path Delay:        0.282ns  (logic 0.112ns (39.646%)  route 0.170ns (60.354%))
  Logic Levels:           0  
  Clock Path Skew:        0.170ns (DCD - SCD - CPR)
    Destination Clock Delay (DCD):    3.137ns
    Source Clock Delay      (SCD):    2.803ns
    Clock Pessimism Removal (CPR):    0.164ns
  Clock Net Delay (Source):      2.587ns (routing 1.194ns, distribution 1.393ns)
  Clock Net Delay (Destination): 2.870ns (routing 1.304ns, distribution 1.566ns)

    Location             Delay type                Incr(ns)  Path(ns)    Netlist Resource(s)
  -------------------------------------------------------------------    -------------------
                         (clock clk_pl_0 rise edge)
                                                      0.000     0.000 r  
    PS8_X0Y0             PS8                          0.000     0.000 r  gemm_block_v1_i/zynq_ultra_ps_e_0/inst/PS8_i/PLCLK[0]
                         net (fo=1, routed)           0.181     0.181    gemm_block_v1_i/zynq_ultra_ps_e_0/inst/pl_clk_unbuffered[0]
    BUFG_PS_X0Y80        BUFG_PS (Prop_BUFG_PS_I_O)
                                                      0.035     0.216 r  gemm_block_v1_i/zynq_ultra_ps_e_0/inst/buffer_pl_clk_0.PL_CLK_0_BUFG/O
    X1Y2 (CLOCK_ROOT)    net (fo=36267, routed)       2.587     2.803    gemm_block_v1_i/axi_smc_1/inst/s02_entry_pipeline/s02_mmu/inst/ar_sreg/aclk
    SLICE_X9Y121         FDRE                                         r  gemm_block_v1_i/axi_smc_1/inst/s02_entry_pipeline/s02_mmu/inst/ar_sreg/m_vector_i_reg[1088]/C
  -------------------------------------------------------------------    -------------------
    SLICE_X9Y121         FDRE (Prop_BFF_SLICEL_C_Q)
                                                      0.112     2.915 r  gemm_block_v1_i/axi_smc_1/inst/s02_entry_pipeline/s02_mmu/inst/ar_sreg/m_vector_i_reg[1088]/Q
                         net (fo=2, routed)           0.170     3.085    gemm_block_v1_i/axi_smc_1/inst/s02_entry_pipeline/s02_mmu/inst/ar_reg_stall/skid_buffer_reg[1144]_0[30]
    SLICE_X9Y118         FDRE                                         r  gemm_block_v1_i/axi_smc_1/inst/s02_entry_pipeline/s02_mmu/inst/ar_reg_stall/skid_buffer_reg[1088]/D
  -------------------------------------------------------------------    -------------------

                         (clock clk_pl_0 rise edge)
                                                      0.000     0.000 r  
    PS8_X0Y0             PS8                          0.000     0.000 r  gemm_block_v1_i/zynq_ultra_ps_e_0/inst/PS8_i/PLCLK[0]
                         net (fo=1, routed)           0.229     0.229    gemm_block_v1_i/zynq_ultra_ps_e_0/inst/pl_clk_unbuffered[0]
    BUFG_PS_X0Y80        BUFG_PS (Prop_BUFG_PS_I_O)
                                                      0.038     0.267 r  gemm_block_v1_i/zynq_ultra_ps_e_0/inst/buffer_pl_clk_0.PL_CLK_0_BUFG/O
    X1Y2 (CLOCK_ROOT)    net (fo=36267, routed)       2.870     3.137    gemm_block_v1_i/axi_smc_1/inst/s02_entry_pipeline/s02_mmu/inst/ar_reg_stall/aclk
    SLICE_X9Y118         FDRE                                         r  gemm_block_v1_i/axi_smc_1/inst/s02_entry_pipeline/s02_mmu/inst/ar_reg_stall/skid_buffer_reg[1088]/C
                         clock pessimism             -0.164     2.973    
    SLICE_X9Y118         FDRE (Hold_HFF_SLICEL_C_D)
                                                      0.101     3.074    gemm_block_v1_i/axi_smc_1/inst/s02_entry_pipeline/s02_mmu/inst/ar_reg_stall/skid_buffer_reg[1088]
  -------------------------------------------------------------------
                         required time                         -3.074    
                         arrival time                           3.085    
  -------------------------------------------------------------------
                         slack                                  0.012    

Slack (MET) :             0.012ns  (arrival time - required time)
  Source:                 gemm_block_v1_i/gemm_accelerator_0/inst/systolic_array_inst/ROW[7].COL[6].u_pe/act_out_reg[0]/C
                            (rising edge-triggered cell FDRE clocked by clk_pl_0  {rise@0.000ns fall@2.500ns period=5.000ns})
  Destination:            gemm_block_v1_i/gemm_accelerator_0/inst/systolic_array_inst/ROW[7].COL[7].u_pe/act_out_reg[0]/D
                            (rising edge-triggered cell FDRE clocked by clk_pl_0  {rise@0.000ns fall@2.500ns period=5.000ns})
  Path Group:             clk_pl_0
  Path Type:              Hold (Min at Slow Process Corner)
  Requirement:            0.000ns  (clk_pl_0 rise@0.000ns - clk_pl_0 rise@0.000ns)
  Data Path Delay:        0.340ns  (logic 0.112ns (32.912%)  route 0.228ns (67.088%))
  Logic Levels:           0  
  Clock Path Skew:        0.226ns (DCD - SCD - CPR)
    Destination Clock Delay (DCD):    2.982ns
    Source Clock Delay      (SCD):    2.594ns
    Clock Pessimism Removal (CPR):    0.161ns
  Clock Net Delay (Source):      2.378ns (routing 1.194ns, distribution 1.184ns)
  Clock Net Delay (Destination): 2.715ns (routing 1.304ns, distribution 1.411ns)

    Location             Delay type                Incr(ns)  Path(ns)    Netlist Resource(s)
  -------------------------------------------------------------------    -------------------
                         (clock clk_pl_0 rise edge)
                                                      0.000     0.000 r  
    PS8_X0Y0             PS8                          0.000     0.000 r  gemm_block_v1_i/zynq_ultra_ps_e_0/inst/PS8_i/PLCLK[0]
                         net (fo=1, routed)           0.181     0.181    gemm_block_v1_i/zynq_ultra_ps_e_0/inst/pl_clk_unbuffered[0]
    BUFG_PS_X0Y80        BUFG_PS (Prop_BUFG_PS_I_O)
                                                      0.035     0.216 r  gemm_block_v1_i/zynq_ultra_ps_e_0/inst/buffer_pl_clk_0.PL_CLK_0_BUFG/O
    X1Y2 (CLOCK_ROOT)    net (fo=36267, routed)       2.378     2.594    gemm_block_v1_i/gemm_accelerator_0/inst/systolic_array_inst/ROW[7].COL[6].u_pe/aclk
    SLICE_X29Y179        FDRE                                         r  gemm_block_v1_i/gemm_accelerator_0/inst/systolic_array_inst/ROW[7].COL[6].u_pe/act_out_reg[0]/C
  -------------------------------------------------------------------    -------------------
    SLICE_X29Y179        FDRE (Prop_AFF_SLICEM_C_Q)
                                                      0.112     2.706 r  gemm_block_v1_i/gemm_accelerator_0/inst/systolic_array_inst/ROW[7].COL[6].u_pe/act_out_reg[0]/Q
                         net (fo=2, routed)           0.228     2.935    gemm_block_v1_i/gemm_accelerator_0/inst/systolic_array_inst/ROW[7].COL[7].u_pe/act_out_reg[7]_1[0]
    SLICE_X29Y182        FDRE                                         r  gemm_block_v1_i/gemm_accelerator_0/inst/systolic_array_inst/ROW[7].COL[7].u_pe/act_out_reg[0]/D
  -------------------------------------------------------------------    -------------------

                         (clock clk_pl_0 rise edge)
                                                      0.000     0.000 r  
    PS8_X0Y0             PS8                          0.000     0.000 r  gemm_block_v1_i/zynq_ultra_ps_e_0/inst/PS8_i/PLCLK[0]
                         net (fo=1, routed)           0.229     0.229    gemm_block_v1_i/zynq_ultra_ps_e_0/inst/pl_clk_unbuffered[0]
    BUFG_PS_X0Y80        BUFG_PS (Prop_BUFG_PS_I_O)
                                                      0.038     0.267 r  gemm_block_v1_i/zynq_ultra_ps_e_0/inst/buffer_pl_clk_0.PL_CLK_0_BUFG/O
    X1Y2 (CLOCK_ROOT)    net (fo=36267, routed)       2.715     2.982    gemm_block_v1_i/gemm_accelerator_0/inst/systolic_array_inst/ROW[7].COL[7].u_pe/aclk
    SLICE_X29Y182        FDRE                                         r  gemm_block_v1_i/gemm_accelerator_0/inst/systolic_array_inst/ROW[7].COL[7].u_pe/act_out_reg[0]/C
                         clock pessimism             -0.161     2.821    
    SLICE_X29Y182        FDRE (Hold_DFF2_SLICEM_C_D)
                                                      0.102     2.923    gemm_block_v1_i/gemm_accelerator_0/inst/systolic_array_inst/ROW[7].COL[7].u_pe/act_out_reg[0]
  -------------------------------------------------------------------
                         required time                         -2.923    
                         arrival time                           2.935    
  -------------------------------------------------------------------
                         slack                                  0.012    

Slack (MET) :             0.012ns  (arrival time - required time)
  Source:                 gemm_block_v1_i/gemm_accelerator_0/inst/systolic_array_inst/ROW[3].COL[1].u_pe/weight_out_reg[3]/C
                            (rising edge-triggered cell FDRE clocked by clk_pl_0  {rise@0.000ns fall@2.500ns period=5.000ns})
  Destination:            gemm_block_v1_i/gemm_accelerator_0/inst/systolic_array_inst/ROW[4].COL[1].u_pe/weight_out_reg[3]/D
                            (rising edge-triggered cell FDRE clocked by clk_pl_0  {rise@0.000ns fall@2.500ns period=5.000ns})
  Path Group:             clk_pl_0
  Path Type:              Hold (Min at Slow Process Corner)
  Requirement:            0.000ns  (clk_pl_0 rise@0.000ns - clk_pl_0 rise@0.000ns)
  Data Path Delay:        0.232ns  (logic 0.112ns (48.213%)  route 0.120ns (51.787%))
  Logic Levels:           0  
  Clock Path Skew:        0.119ns (DCD - SCD - CPR)
    Destination Clock Delay (DCD):    2.926ns
    Source Clock Delay      (SCD):    2.594ns
    Clock Pessimism Removal (CPR):    0.212ns
  Clock Net Delay (Source):      2.378ns (routing 1.194ns, distribution 1.184ns)
  Clock Net Delay (Destination): 2.659ns (routing 1.304ns, distribution 1.355ns)

    Location             Delay type                Incr(ns)  Path(ns)    Netlist Resource(s)
  -------------------------------------------------------------------    -------------------
                         (clock clk_pl_0 rise edge)
                                                      0.000     0.000 r  
    PS8_X0Y0             PS8                          0.000     0.000 r  gemm_block_v1_i/zynq_ultra_ps_e_0/inst/PS8_i/PLCLK[0]
                         net (fo=1, routed)           0.181     0.181    gemm_block_v1_i/zynq_ultra_ps_e_0/inst/pl_clk_unbuffered[0]
    BUFG_PS_X0Y80        BUFG_PS (Prop_BUFG_PS_I_O)
                                                      0.035     0.216 r  gemm_block_v1_i/zynq_ultra_ps_e_0/inst/buffer_pl_clk_0.PL_CLK_0_BUFG/O
    X1Y2 (CLOCK_ROOT)    net (fo=36267, routed)       2.378     2.594    gemm_block_v1_i/gemm_accelerator_0/inst/systolic_array_inst/ROW[3].COL[1].u_pe/aclk
    SLICE_X37Y141        FDRE                                         r  gemm_block_v1_i/gemm_accelerator_0/inst/systolic_array_inst/ROW[3].COL[1].u_pe/weight_out_reg[3]/C
  -------------------------------------------------------------------    -------------------
    SLICE_X37Y141        FDRE (Prop_GFF_SLICEM_C_Q)
                                                      0.112     2.706 r  gemm_block_v1_i/gemm_accelerator_0/inst/systolic_array_inst/ROW[3].COL[1].u_pe/weight_out_reg[3]/Q
                         net (fo=2, routed)           0.120     2.827    gemm_block_v1_i/gemm_accelerator_0/inst/systolic_array_inst/ROW[4].COL[1].u_pe/weight_out_reg[7]_0[3]
    SLICE_X35Y141        FDRE                                         r  gemm_block_v1_i/gemm_accelerator_0/inst/systolic_array_inst/ROW[4].COL[1].u_pe/weight_out_reg[3]/D
  -------------------------------------------------------------------    -------------------

                         (clock clk_pl_0 rise edge)
                                                      0.000     0.000 r  
    PS8_X0Y0             PS8                          0.000     0.000 r  gemm_block_v1_i/zynq_ultra_ps_e_0/inst/PS8_i/PLCLK[0]
                         net (fo=1, routed)           0.229     0.229    gemm_block_v1_i/zynq_ultra_ps_e_0/inst/pl_clk_unbuffered[0]
    BUFG_PS_X0Y80        BUFG_PS (Prop_BUFG_PS_I_O)
                                                      0.038     0.267 r  gemm_block_v1_i/zynq_ultra_ps_e_0/inst/buffer_pl_clk_0.PL_CLK_0_BUFG/O
    X1Y2 (CLOCK_ROOT)    net (fo=36267, routed)       2.659     2.926    gemm_block_v1_i/gemm_accelerator_0/inst/systolic_array_inst/ROW[4].COL[1].u_pe/aclk
    SLICE_X35Y141        FDRE                                         r  gemm_block_v1_i/gemm_accelerator_0/inst/systolic_array_inst/ROW[4].COL[1].u_pe/weight_out_reg[3]/C
                         clock pessimism             -0.212     2.714    
    SLICE_X35Y141        FDRE (Hold_HFF_SLICEM_C_D)
                                                      0.101     2.815    gemm_block_v1_i/gemm_accelerator_0/inst/systolic_array_inst/ROW[4].COL[1].u_pe/weight_out_reg[3]
  -------------------------------------------------------------------
                         required time                         -2.815    
                         arrival time                           2.827    
  -------------------------------------------------------------------
                         slack                                  0.012    

Slack (MET) :             0.012ns  (arrival time - required time)
  Source:                 gemm_block_v1_i/axi_smc_1/inst/m00_nodes/m00_ar_node/inst/inst_mi_handler/gen_normal_area.inst_fifo_node_payld/gen_xpm_memory_fifo.inst_fifo/gen_mem_rep[0].inst_xpm_memory/xpm_memory_base_inst/gen_rd_b.gen_rd_b_synth_template.gen_rf_narrow_reg.doutb_reg_reg[125]/C
                            (rising edge-triggered cell FDRE clocked by clk_pl_0  {rise@0.000ns fall@2.500ns period=5.000ns})
  Destination:            gemm_block_v1_i/axi_smc_1/inst/m00_exit_pipeline/m00_exit/inst/ar_reg/skid_buffer_reg[1090]/D
                            (rising edge-triggered cell FDRE clocked by clk_pl_0  {rise@0.000ns fall@2.500ns period=5.000ns})
  Path Group:             clk_pl_0
  Path Type:              Hold (Min at Slow Process Corner)
  Requirement:            0.000ns  (clk_pl_0 rise@0.000ns - clk_pl_0 rise@0.000ns)
  Data Path Delay:        0.247ns  (logic 0.112ns (45.344%)  route 0.135ns (54.656%))
  Logic Levels:           0  
  Clock Path Skew:        0.134ns (DCD - SCD - CPR)
    Destination Clock Delay (DCD):    3.136ns
    Source Clock Delay      (SCD):    2.792ns
    Clock Pessimism Removal (CPR):    0.210ns
  Clock Net Delay (Source):      2.576ns (routing 1.194ns, distribution 1.382ns)
  Clock Net Delay (Destination): 2.869ns (routing 1.304ns, distribution 1.565ns)

    Location             Delay type                Incr(ns)  Path(ns)    Netlist Resource(s)
  -------------------------------------------------------------------    -------------------
                         (clock clk_pl_0 rise edge)
                                                      0.000     0.000 r  
    PS8_X0Y0             PS8                          0.000     0.000 r  gemm_block_v1_i/zynq_ultra_ps_e_0/inst/PS8_i/PLCLK[0]
                         net (fo=1, routed)           0.181     0.181    gemm_block_v1_i/zynq_ultra_ps_e_0/inst/pl_clk_unbuffered[0]
    BUFG_PS_X0Y80        BUFG_PS (Prop_BUFG_PS_I_O)
                                                      0.035     0.216 r  gemm_block_v1_i/zynq_ultra_ps_e_0/inst/buffer_pl_clk_0.PL_CLK_0_BUFG/O
    X1Y2 (CLOCK_ROOT)    net (fo=36267, routed)       2.576     2.792    gemm_block_v1_i/axi_smc_1/inst/m00_nodes/m00_ar_node/inst/inst_mi_handler/gen_normal_area.inst_fifo_node_payld/gen_xpm_memory_fifo.inst_fifo/gen_mem_rep[0].inst_xpm_memory/xpm_memory_base_inst/clka
    SLICE_X7Y107         FDRE                                         r  gemm_block_v1_i/axi_smc_1/inst/m00_nodes/m00_ar_node/inst/inst_mi_handler/gen_normal_area.inst_fifo_node_payld/gen_xpm_memory_fifo.inst_fifo/gen_mem_rep[0].inst_xpm_memory/xpm_memory_base_inst/gen_rd_b.gen_rd_b_synth_template.gen_rf_narrow_reg.doutb_reg_reg[125]/C
  -------------------------------------------------------------------    -------------------
    SLICE_X7Y107         FDRE (Prop_GFF_SLICEM_C_Q)
                                                      0.112     2.904 r  gemm_block_v1_i/axi_smc_1/inst/m00_nodes/m00_ar_node/inst/inst_mi_handler/gen_normal_area.inst_fifo_node_payld/gen_xpm_memory_fifo.inst_fifo/gen_mem_rep[0].inst_xpm_memory/xpm_memory_base_inst/gen_rd_b.gen_rd_b_synth_template.gen_rf_narrow_reg.doutb_reg_reg[125]/Q
                         net (fo=2, routed)           0.135     3.039    gemm_block_v1_i/axi_smc_1/inst/m00_exit_pipeline/m00_exit/inst/ar_reg/D[29]
    SLICE_X5Y107         FDRE                                         r  gemm_block_v1_i/axi_smc_1/inst/m00_exit_pipeline/m00_exit/inst/ar_reg/skid_buffer_reg[1090]/D
  -------------------------------------------------------------------    -------------------

                         (clock clk_pl_0 rise edge)
                                                      0.000     0.000 r  
    PS8_X0Y0             PS8                          0.000     0.000 r  gemm_block_v1_i/zynq_ultra_ps_e_0/inst/PS8_i/PLCLK[0]
                         net (fo=1, routed)           0.229     0.229    gemm_block_v1_i/zynq_ultra_ps_e_0/inst/pl_clk_unbuffered[0]
    BUFG_PS_X0Y80        BUFG_PS (Prop_BUFG_PS_I_O)
                                                      0.038     0.267 r  gemm_block_v1_i/zynq_ultra_ps_e_0/inst/buffer_pl_clk_0.PL_CLK_0_BUFG/O
    X1Y2 (CLOCK_ROOT)    net (fo=36267, routed)       2.869     3.136    gemm_block_v1_i/axi_smc_1/inst/m00_exit_pipeline/m00_exit/inst/ar_reg/aclk
    SLICE_X5Y107         FDRE                                         r  gemm_block_v1_i/axi_smc_1/inst/m00_exit_pipeline/m00_exit/inst/ar_reg/skid_buffer_reg[1090]/C
                         clock pessimism             -0.210     2.926    
    SLICE_X5Y107         FDRE (Hold_FFF_SLICEM_C_D)
                                                      0.101     3.027    gemm_block_v1_i/axi_smc_1/inst/m00_exit_pipeline/m00_exit/inst/ar_reg/skid_buffer_reg[1090]
  -------------------------------------------------------------------
                         required time                         -3.027    
                         arrival time                           3.039    
  -------------------------------------------------------------------
                         slack                                  0.012    





Pulse Width Checks
--------------------------------------------------------------------------------------
Clock Name:         clk_pl_0
Waveform(ns):       { 0.000 2.500 }
Period(ns):         5.000
Sources:            { gemm_block_v1_i/zynq_ultra_ps_e_0/inst/PS8_i/PLCLK[0] }

Check Type        Corner  Lib Pin             Reference Pin  Required(ns)  Actual(ns)  Slack(ns)  Location       Pin
Min Period        n/a     PS8/MAXIGP0ACLK     n/a            3.000         5.000       2.000      PS8_X0Y0       gemm_block_v1_i/zynq_ultra_ps_e_0/inst/PS8_i/MAXIGP0ACLK
Min Period        n/a     PS8/MAXIGP1ACLK     n/a            3.000         5.000       2.000      PS8_X0Y0       gemm_block_v1_i/zynq_ultra_ps_e_0/inst/PS8_i/MAXIGP1ACLK
Min Period        n/a     PS8/SAXIGP2RCLK     n/a            3.000         5.000       2.000      PS8_X0Y0       gemm_block_v1_i/zynq_ultra_ps_e_0/inst/PS8_i/SAXIGP2RCLK
Min Period        n/a     PS8/SAXIGP2WCLK     n/a            3.000         5.000       2.000      PS8_X0Y0       gemm_block_v1_i/zynq_ultra_ps_e_0/inst/PS8_i/SAXIGP2WCLK
Min Period        n/a     RAMB36E2/CLKARDCLK  n/a            1.960         5.000       3.040      RAMB36_X1Y24   gemm_block_v1_i/gemm_accelerator_0/inst/bram_A/gen_bram_bank[0].ram_ping_reg_bram_0/CLKARDCLK
Min Period        n/a     RAMB36E2/CLKARDCLK  n/a            1.960         5.000       3.040      RAMB36_X1Y27   gemm_block_v1_i/gemm_accelerator_0/inst/bram_A/gen_bram_bank[0].ram_ping_reg_bram_1/CLKARDCLK
Min Period        n/a     RAMB36E2/CLKARDCLK  n/a            1.960         5.000       3.040      RAMB36_X1Y25   gemm_block_v1_i/gemm_accelerator_0/inst/bram_A/gen_bram_bank[0].ram_pong_reg_bram_0/CLKARDCLK
Min Period        n/a     RAMB36E2/CLKARDCLK  n/a            1.960         5.000       3.040      RAMB36_X1Y26   gemm_block_v1_i/gemm_accelerator_0/inst/bram_A/gen_bram_bank[0].ram_pong_reg_bram_1/CLKARDCLK
Min Period        n/a     RAMB36E2/CLKARDCLK  n/a            1.960         5.000       3.040      RAMB36_X0Y27   gemm_block_v1_i/gemm_accelerator_0/inst/bram_A/gen_bram_bank[1].ram_ping_reg_bram_0/CLKARDCLK
Min Period        n/a     RAMB36E2/CLKARDCLK  n/a            1.960         5.000       3.040      RAMB36_X0Y29   gemm_block_v1_i/gemm_accelerator_0/inst/bram_A/gen_bram_bank[1].ram_ping_reg_bram_1/CLKARDCLK
Low Pulse Width   Slow    PS8/MAXIGP0ACLK     n/a            1.500         2.500       1.000      PS8_X0Y0       gemm_block_v1_i/zynq_ultra_ps_e_0/inst/PS8_i/MAXIGP0ACLK
Low Pulse Width   Fast    PS8/MAXIGP0ACLK     n/a            1.500         2.500       1.000      PS8_X0Y0       gemm_block_v1_i/zynq_ultra_ps_e_0/inst/PS8_i/MAXIGP0ACLK
Low Pulse Width   Slow    PS8/MAXIGP1ACLK     n/a            1.500         2.500       1.000      PS8_X0Y0       gemm_block_v1_i/zynq_ultra_ps_e_0/inst/PS8_i/MAXIGP1ACLK
Low Pulse Width   Fast    PS8/MAXIGP1ACLK     n/a            1.500         2.500       1.000      PS8_X0Y0       gemm_block_v1_i/zynq_ultra_ps_e_0/inst/PS8_i/MAXIGP1ACLK
Low Pulse Width   Slow    PS8/SAXIGP2RCLK     n/a            1.500         2.500       1.000      PS8_X0Y0       gemm_block_v1_i/zynq_ultra_ps_e_0/inst/PS8_i/SAXIGP2RCLK
Low Pulse Width   Fast    PS8/SAXIGP2RCLK     n/a            1.500         2.500       1.000      PS8_X0Y0       gemm_block_v1_i/zynq_ultra_ps_e_0/inst/PS8_i/SAXIGP2RCLK
Low Pulse Width   Slow    PS8/SAXIGP2WCLK     n/a            1.500         2.500       1.000      PS8_X0Y0       gemm_block_v1_i/zynq_ultra_ps_e_0/inst/PS8_i/SAXIGP2WCLK
Low Pulse Width   Fast    PS8/SAXIGP2WCLK     n/a            1.500         2.500       1.000      PS8_X0Y0       gemm_block_v1_i/zynq_ultra_ps_e_0/inst/PS8_i/SAXIGP2WCLK
Low Pulse Width   Slow    SRL16E/CLK          n/a            0.762         2.500       1.738      SLICE_X13Y114  gemm_block_v1_i/axi_dma_0/U0/I_PRMRY_DATAMOVER/GEN_MM2S_FULL.I_MM2S_FULL_WRAPPER/I_ADDR_CNTL/GEN_ADDR_FIFO.I_ADDR_QUAL_FIFO/USE_SRL_FIFO.I_SYNC_FIFO/data_reg[3][11]_srl4/CLK
Low Pulse Width   Fast    SRL16E/CLK          n/a            0.762         2.500       1.738      SLICE_X13Y114  gemm_block_v1_i/axi_dma_0/U0/I_PRMRY_DATAMOVER/GEN_MM2S_FULL.I_MM2S_FULL_WRAPPER/I_ADDR_CNTL/GEN_ADDR_FIFO.I_ADDR_QUAL_FIFO/USE_SRL_FIFO.I_SYNC_FIFO/data_reg[3][11]_srl4/CLK
High Pulse Width  Slow    PS8/MAXIGP0ACLK     n/a            1.500         2.500       1.000      PS8_X0Y0       gemm_block_v1_i/zynq_ultra_ps_e_0/inst/PS8_i/MAXIGP0ACLK
High Pulse Width  Fast    PS8/MAXIGP0ACLK     n/a            1.500         2.500       1.000      PS8_X0Y0       gemm_block_v1_i/zynq_ultra_ps_e_0/inst/PS8_i/MAXIGP0ACLK
High Pulse Width  Slow    PS8/MAXIGP1ACLK     n/a            1.500         2.500       1.000      PS8_X0Y0       gemm_block_v1_i/zynq_ultra_ps_e_0/inst/PS8_i/MAXIGP1ACLK
High Pulse Width  Fast    PS8/MAXIGP1ACLK     n/a            1.500         2.500       1.000      PS8_X0Y0       gemm_block_v1_i/zynq_ultra_ps_e_0/inst/PS8_i/MAXIGP1ACLK
High Pulse Width  Slow    PS8/SAXIGP2RCLK     n/a            1.500         2.500       1.000      PS8_X0Y0       gemm_block_v1_i/zynq_ultra_ps_e_0/inst/PS8_i/SAXIGP2RCLK
High Pulse Width  Fast    PS8/SAXIGP2RCLK     n/a            1.500         2.500       1.000      PS8_X0Y0       gemm_block_v1_i/zynq_ultra_ps_e_0/inst/PS8_i/SAXIGP2RCLK
High Pulse Width  Slow    PS8/SAXIGP2WCLK     n/a            1.500         2.500       1.000      PS8_X0Y0       gemm_block_v1_i/zynq_ultra_ps_e_0/inst/PS8_i/SAXIGP2WCLK
High Pulse Width  Fast    PS8/SAXIGP2WCLK     n/a            1.500         2.500       1.000      PS8_X0Y0       gemm_block_v1_i/zynq_ultra_ps_e_0/inst/PS8_i/SAXIGP2WCLK
High Pulse Width  Slow    SRL16E/CLK          n/a            0.762         2.500       1.738      SLICE_X13Y114  gemm_block_v1_i/axi_dma_0/U0/I_PRMRY_DATAMOVER/GEN_MM2S_FULL.I_MM2S_FULL_WRAPPER/I_ADDR_CNTL/GEN_ADDR_FIFO.I_ADDR_QUAL_FIFO/USE_SRL_FIFO.I_SYNC_FIFO/data_reg[3][11]_srl4/CLK
High Pulse Width  Fast    SRL16E/CLK          n/a            0.762         2.500       1.738      SLICE_X13Y114  gemm_block_v1_i/axi_dma_0/U0/I_PRMRY_DATAMOVER/GEN_MM2S_FULL.I_MM2S_FULL_WRAPPER/I_ADDR_CNTL/GEN_ADDR_FIFO.I_ADDR_QUAL_FIFO/USE_SRL_FIFO.I_SYNC_FIFO/data_reg[3][11]_srl4/CLK



--------------------------------------------------------------------------------------
Path Group:  (none)
From Clock:  
  To Clock:  clk_pl_0

Max Delay             1 Endpoint
Min Delay             1 Endpoint
--------------------------------------------------------------------------------------


Max Delay Paths
--------------------------------------------------------------------------------------
Slack:                    inf
  Source:                 gemm_block_v1_i/zynq_ultra_ps_e_0/inst/PS8_i/EMIOGPIOO[95]
                            (internal pin)
  Destination:            gemm_block_v1_i/rst_ps8_0_99M/U0/EXT_LPF/ACTIVE_LOW_EXT.ACT_LO_EXT/syncstages_ff_reg[0]/D
                            (rising edge-triggered cell FDRE clocked by clk_pl_0  {rise@0.000ns fall@2.500ns period=5.000ns})
  Path Group:             (none)
  Path Type:              Setup (Max at Slow Process Corner)
  Data Path Delay:        1.531ns  (logic 0.226ns (14.762%)  route 1.305ns (85.238%))
  Logic Levels:           1  (LUT1=1)
  Clock Uncertainty:      0.127ns  ((TSJ^2 + DJ^2)^1/2) / 2 + PE
    Total System Jitter     (TSJ):    0.050ns
    Discrete Jitter          (DJ):    0.248ns
    Phase Error              (PE):    0.000ns
  Clock Net Delay (Destination): 2.622ns (routing 1.194ns, distribution 1.428ns)
  Timing Exception:       False Path

    Location             Delay type                Incr(ns)  Path(ns)    Netlist Resource(s)
  -------------------------------------------------------------------    -------------------
    PS8_X0Y0             PS8                          0.000     0.000 f  gemm_block_v1_i/zynq_ultra_ps_e_0/inst/PS8_i/EMIOGPIOO[95]
                         net (fo=1, routed)           1.062     1.062    gemm_block_v1_i/rst_ps8_0_99M/U0/EXT_LPF/ext_reset_in
    SLICE_X8Y180         LUT1 (Prop_G6LUT_SLICEM_I0_O)
                                                      0.226     1.288 r  gemm_block_v1_i/rst_ps8_0_99M/U0/EXT_LPF/ACTIVE_LOW_EXT.ACT_LO_EXT_i_1/O
                         net (fo=1, routed)           0.243     1.531    gemm_block_v1_i/rst_ps8_0_99M/U0/EXT_LPF/ACTIVE_LOW_EXT.ACT_LO_EXT/src_in
    SLICE_X8Y180         FDRE                                         r  gemm_block_v1_i/rst_ps8_0_99M/U0/EXT_LPF/ACTIVE_LOW_EXT.ACT_LO_EXT/syncstages_ff_reg[0]/D
  -------------------------------------------------------------------    -------------------

                         (clock clk_pl_0 rise edge)
                                                      0.000     0.000 r  
    PS8_X0Y0             PS8                          0.000     0.000 r  gemm_block_v1_i/zynq_ultra_ps_e_0/inst/PS8_i/PLCLK[0]
                         net (fo=1, routed)           0.181     0.181    gemm_block_v1_i/zynq_ultra_ps_e_0/inst/pl_clk_unbuffered[0]
    BUFG_PS_X0Y80        BUFG_PS (Prop_BUFG_PS_I_O)
                                                      0.035     0.216 r  gemm_block_v1_i/zynq_ultra_ps_e_0/inst/buffer_pl_clk_0.PL_CLK_0_BUFG/O
    X1Y2 (CLOCK_ROOT)    net (fo=36267, routed)       2.622     2.838    gemm_block_v1_i/rst_ps8_0_99M/U0/EXT_LPF/ACTIVE_LOW_EXT.ACT_LO_EXT/dest_clk
    SLICE_X8Y180         FDRE                                         r  gemm_block_v1_i/rst_ps8_0_99M/U0/EXT_LPF/ACTIVE_LOW_EXT.ACT_LO_EXT/syncstages_ff_reg[0]/C





Min Delay Paths
--------------------------------------------------------------------------------------
Slack:                    inf
  Source:                 gemm_block_v1_i/zynq_ultra_ps_e_0/inst/PS8_i/EMIOGPIOO[95]
                            (internal pin)
  Destination:            gemm_block_v1_i/rst_ps8_0_99M/U0/EXT_LPF/ACTIVE_LOW_EXT.ACT_LO_EXT/syncstages_ff_reg[0]/D
                            (rising edge-triggered cell FDRE clocked by clk_pl_0  {rise@0.000ns fall@2.500ns period=5.000ns})
  Path Group:             (none)
  Path Type:              Hold (Min at Fast Process Corner)
  Data Path Delay:        0.603ns  (logic 0.104ns (17.247%)  route 0.499ns (82.753%))
  Logic Levels:           1  (LUT1=1)
  Clock Uncertainty:      0.127ns  ((TSJ^2 + DJ^2)^1/2) / 2 + PE
    Total System Jitter     (TSJ):    0.050ns
    Discrete Jitter          (DJ):    0.248ns
    Phase Error              (PE):    0.000ns
  Clock Net Delay (Destination): 1.748ns (routing 0.799ns, distribution 0.949ns)
  Timing Exception:       False Path

    Location             Delay type                Incr(ns)  Path(ns)    Netlist Resource(s)
  -------------------------------------------------------------------    -------------------
    PS8_X0Y0             PS8                          0.000     0.000 f  gemm_block_v1_i/zynq_ultra_ps_e_0/inst/PS8_i/EMIOGPIOO[95]
                         net (fo=1, routed)           0.430     0.430    gemm_block_v1_i/rst_ps8_0_99M/U0/EXT_LPF/ext_reset_in
    SLICE_X8Y180         LUT1 (Prop_G6LUT_SLICEM_I0_O)
                                                      0.104     0.534 r  gemm_block_v1_i/rst_ps8_0_99M/U0/EXT_LPF/ACTIVE_LOW_EXT.ACT_LO_EXT_i_1/O
                         net (fo=1, routed)           0.069     0.603    gemm_block_v1_i/rst_ps8_0_99M/U0/EXT_LPF/ACTIVE_LOW_EXT.ACT_LO_EXT/src_in
    SLICE_X8Y180         FDRE                                         r  gemm_block_v1_i/rst_ps8_0_99M/U0/EXT_LPF/ACTIVE_LOW_EXT.ACT_LO_EXT/syncstages_ff_reg[0]/D
  -------------------------------------------------------------------    -------------------

                         (clock clk_pl_0 rise edge)
                                                      0.000     0.000 r  
    PS8_X0Y0             PS8                          0.000     0.000 r  gemm_block_v1_i/zynq_ultra_ps_e_0/inst/PS8_i/PLCLK[0]
                         net (fo=1, routed)           0.164     0.164    gemm_block_v1_i/zynq_ultra_ps_e_0/inst/pl_clk_unbuffered[0]
    BUFG_PS_X0Y80        BUFG_PS (Prop_BUFG_PS_I_O)
                                                      0.023     0.187 r  gemm_block_v1_i/zynq_ultra_ps_e_0/inst/buffer_pl_clk_0.PL_CLK_0_BUFG/O
    X1Y2 (CLOCK_ROOT)    net (fo=36267, routed)       1.748     1.935    gemm_block_v1_i/rst_ps8_0_99M/U0/EXT_LPF/ACTIVE_LOW_EXT.ACT_LO_EXT/dest_clk
    SLICE_X8Y180         FDRE                                         r  gemm_block_v1_i/rst_ps8_0_99M/U0/EXT_LPF/ACTIVE_LOW_EXT.ACT_LO_EXT/syncstages_ff_reg[0]/C





--------------------------------------------------------------------------------------
Path Group:  (none)
From Clock:  clk_pl_0
  To Clock:  clk_pl_0

Max Delay           189 Endpoints
Min Delay           189 Endpoints
--------------------------------------------------------------------------------------


Max Delay Paths
--------------------------------------------------------------------------------------
Slack:                    inf
  Source:                 gemm_block_v1_i/axi_smc/inst/clk_map/psr_aclk/U0/ACTIVE_LOW_BSR_OUT_DFF[0].FDRE_BSR_N/C
                            (rising edge-triggered cell FDRE clocked by clk_pl_0  {rise@0.000ns fall@2.500ns period=5.000ns})
  Destination:            gemm_block_v1_i/axi_smc/inst/s01_entry_pipeline/s01_mmu/inst/xpm_cdc_async_rst_inst/arststages_ff_reg[0]/CLR
                            (recovery check against rising-edge clock clk_pl_0  {rise@0.000ns fall@2.500ns period=5.000ns})
  Path Group:             (none)
  Path Type:              Recovery (Max at Slow Process Corner)
  Data Path Delay:        1.647ns  (logic 0.113ns (6.861%)  route 1.534ns (93.139%))
  Logic Levels:           0  
  Clock Path Skew:        -0.307ns (DCD - SCD + CPR)
    Destination Clock Delay (DCD):    2.808ns
    Source Clock Delay      (SCD):    3.115ns
    Clock Pessimism Removal (CPR):    0.000ns
  Clock Uncertainty:      0.129ns  ((TSJ^2 + DJ^2)^1/2) / 2 + PE
    Total System Jitter     (TSJ):    0.071ns
    Discrete Jitter          (DJ):    0.248ns
    Phase Error              (PE):    0.000ns
  Clock Net Delay (Source):      2.848ns (routing 1.304ns, distribution 1.544ns)
  Clock Net Delay (Destination): 2.592ns (routing 1.194ns, distribution 1.398ns)
  Timing Exception:       False Path

    Location             Delay type                Incr(ns)  Path(ns)    Netlist Resource(s)
  -------------------------------------------------------------------    -------------------
                         (clock clk_pl_0 rise edge)
                                                      0.000     0.000 r  
    PS8_X0Y0             PS8                          0.000     0.000 r  gemm_block_v1_i/zynq_ultra_ps_e_0/inst/PS8_i/PLCLK[0]
                         net (fo=1, routed)           0.229     0.229    gemm_block_v1_i/zynq_ultra_ps_e_0/inst/pl_clk_unbuffered[0]
    BUFG_PS_X0Y80        BUFG_PS (Prop_BUFG_PS_I_O)
                                                      0.038     0.267 r  gemm_block_v1_i/zynq_ultra_ps_e_0/inst/buffer_pl_clk_0.PL_CLK_0_BUFG/O
    X1Y2 (CLOCK_ROOT)    net (fo=36267, routed)       2.848     3.115    gemm_block_v1_i/axi_smc/inst/clk_map/psr_aclk/U0/aclk
    SLICE_X5Y145         FDRE                                         r  gemm_block_v1_i/axi_smc/inst/clk_map/psr_aclk/U0/ACTIVE_LOW_BSR_OUT_DFF[0].FDRE_BSR_N/C
  -------------------------------------------------------------------    -------------------
    SLICE_X5Y145         FDRE (Prop_EFF_SLICEM_C_Q)
                                                      0.113     3.228 r  gemm_block_v1_i/axi_smc/inst/clk_map/psr_aclk/U0/ACTIVE_LOW_BSR_OUT_DFF[0].FDRE_BSR_N/Q
                         net (fo=117, routed)         1.534     4.762    gemm_block_v1_i/axi_smc/inst/s01_entry_pipeline/s01_mmu/inst/xpm_cdc_async_rst_inst/src_arst
    SLICE_X2Y109         FDCE                                         f  gemm_block_v1_i/axi_smc/inst/s01_entry_pipeline/s01_mmu/inst/xpm_cdc_async_rst_inst/arststages_ff_reg[0]/CLR  (IS_INVERTED)
  -------------------------------------------------------------------    -------------------

                         (clock clk_pl_0 rise edge)
                                                      0.000     0.000 r  
    PS8_X0Y0             PS8                          0.000     0.000 r  gemm_block_v1_i/zynq_ultra_ps_e_0/inst/PS8_i/PLCLK[0]
                         net (fo=1, routed)           0.181     0.181    gemm_block_v1_i/zynq_ultra_ps_e_0/inst/pl_clk_unbuffered[0]
    BUFG_PS_X0Y80        BUFG_PS (Prop_BUFG_PS_I_O)
                                                      0.035     0.216 r  gemm_block_v1_i/zynq_ultra_ps_e_0/inst/buffer_pl_clk_0.PL_CLK_0_BUFG/O
    X1Y2 (CLOCK_ROOT)    net (fo=36267, routed)       2.592     2.808    gemm_block_v1_i/axi_smc/inst/s01_entry_pipeline/s01_mmu/inst/xpm_cdc_async_rst_inst/dest_clk
    SLICE_X2Y109         FDCE                                         r  gemm_block_v1_i/axi_smc/inst/s01_entry_pipeline/s01_mmu/inst/xpm_cdc_async_rst_inst/arststages_ff_reg[0]/C

Slack:                    inf
  Source:                 gemm_block_v1_i/axi_smc/inst/clk_map/psr_aclk/U0/ACTIVE_LOW_BSR_OUT_DFF[0].FDRE_BSR_N/C
                            (rising edge-triggered cell FDRE clocked by clk_pl_0  {rise@0.000ns fall@2.500ns period=5.000ns})
  Destination:            gemm_block_v1_i/axi_smc/inst/s01_entry_pipeline/s01_mmu/inst/xpm_cdc_async_rst_inst/arststages_ff_reg[1]/CLR
                            (recovery check against rising-edge clock clk_pl_0  {rise@0.000ns fall@2.500ns period=5.000ns})
  Path Group:             (none)
  Path Type:              Recovery (Max at Slow Process Corner)
  Data Path Delay:        1.647ns  (logic 0.113ns (6.861%)  route 1.534ns (93.139%))
  Logic Levels:           0  
  Clock Path Skew:        -0.307ns (DCD - SCD + CPR)
    Destination Clock Delay (DCD):    2.808ns
    Source Clock Delay      (SCD):    3.115ns
    Clock Pessimism Removal (CPR):    0.000ns
  Clock Uncertainty:      0.129ns  ((TSJ^2 + DJ^2)^1/2) / 2 + PE
    Total System Jitter     (TSJ):    0.071ns
    Discrete Jitter          (DJ):    0.248ns
    Phase Error              (PE):    0.000ns
  Clock Net Delay (Source):      2.848ns (routing 1.304ns, distribution 1.544ns)
  Clock Net Delay (Destination): 2.592ns (routing 1.194ns, distribution 1.398ns)
  Timing Exception:       False Path

    Location             Delay type                Incr(ns)  Path(ns)    Netlist Resource(s)
  -------------------------------------------------------------------    -------------------
                         (clock clk_pl_0 rise edge)
                                                      0.000     0.000 r  
    PS8_X0Y0             PS8                          0.000     0.000 r  gemm_block_v1_i/zynq_ultra_ps_e_0/inst/PS8_i/PLCLK[0]
                         net (fo=1, routed)           0.229     0.229    gemm_block_v1_i/zynq_ultra_ps_e_0/inst/pl_clk_unbuffered[0]
    BUFG_PS_X0Y80        BUFG_PS (Prop_BUFG_PS_I_O)
                                                      0.038     0.267 r  gemm_block_v1_i/zynq_ultra_ps_e_0/inst/buffer_pl_clk_0.PL_CLK_0_BUFG/O
    X1Y2 (CLOCK_ROOT)    net (fo=36267, routed)       2.848     3.115    gemm_block_v1_i/axi_smc/inst/clk_map/psr_aclk/U0/aclk
    SLICE_X5Y145         FDRE                                         r  gemm_block_v1_i/axi_smc/inst/clk_map/psr_aclk/U0/ACTIVE_LOW_BSR_OUT_DFF[0].FDRE_BSR_N/C
  -------------------------------------------------------------------    -------------------
    SLICE_X5Y145         FDRE (Prop_EFF_SLICEM_C_Q)
                                                      0.113     3.228 r  gemm_block_v1_i/axi_smc/inst/clk_map/psr_aclk/U0/ACTIVE_LOW_BSR_OUT_DFF[0].FDRE_BSR_N/Q
                         net (fo=117, routed)         1.534     4.762    gemm_block_v1_i/axi_smc/inst/s01_entry_pipeline/s01_mmu/inst/xpm_cdc_async_rst_inst/src_arst
    SLICE_X2Y109         FDCE                                         f  gemm_block_v1_i/axi_smc/inst/s01_entry_pipeline/s01_mmu/inst/xpm_cdc_async_rst_inst/arststages_ff_reg[1]/CLR  (IS_INVERTED)
  -------------------------------------------------------------------    -------------------

                         (clock clk_pl_0 rise edge)
                                                      0.000     0.000 r  
    PS8_X0Y0             PS8                          0.000     0.000 r  gemm_block_v1_i/zynq_ultra_ps_e_0/inst/PS8_i/PLCLK[0]
                         net (fo=1, routed)           0.181     0.181    gemm_block_v1_i/zynq_ultra_ps_e_0/inst/pl_clk_unbuffered[0]
    BUFG_PS_X0Y80        BUFG_PS (Prop_BUFG_PS_I_O)
                                                      0.035     0.216 r  gemm_block_v1_i/zynq_ultra_ps_e_0/inst/buffer_pl_clk_0.PL_CLK_0_BUFG/O
    X1Y2 (CLOCK_ROOT)    net (fo=36267, routed)       2.592     2.808    gemm_block_v1_i/axi_smc/inst/s01_entry_pipeline/s01_mmu/inst/xpm_cdc_async_rst_inst/dest_clk
    SLICE_X2Y109         FDCE                                         r  gemm_block_v1_i/axi_smc/inst/s01_entry_pipeline/s01_mmu/inst/xpm_cdc_async_rst_inst/arststages_ff_reg[1]/C

Slack:                    inf
  Source:                 gemm_block_v1_i/axi_smc/inst/clk_map/psr_aclk/U0/ACTIVE_LOW_BSR_OUT_DFF[0].FDRE_BSR_N/C
                            (rising edge-triggered cell FDRE clocked by clk_pl_0  {rise@0.000ns fall@2.500ns period=5.000ns})
  Destination:            gemm_block_v1_i/axi_smc/inst/s01_entry_pipeline/s01_mmu/inst/xpm_cdc_async_rst_inst/arststages_ff_reg[2]/CLR
                            (recovery check against rising-edge clock clk_pl_0  {rise@0.000ns fall@2.500ns period=5.000ns})
  Path Group:             (none)
  Path Type:              Recovery (Max at Slow Process Corner)
  Data Path Delay:        1.647ns  (logic 0.113ns (6.861%)  route 1.534ns (93.139%))
  Logic Levels:           0  
  Clock Path Skew:        -0.307ns (DCD - SCD + CPR)
    Destination Clock Delay (DCD):    2.808ns
    Source Clock Delay      (SCD):    3.115ns
    Clock Pessimism Removal (CPR):    0.000ns
  Clock Uncertainty:      0.129ns  ((TSJ^2 + DJ^2)^1/2) / 2 + PE
    Total System Jitter     (TSJ):    0.071ns
    Discrete Jitter          (DJ):    0.248ns
    Phase Error              (PE):    0.000ns
  Clock Net Delay (Source):      2.848ns (routing 1.304ns, distribution 1.544ns)
  Clock Net Delay (Destination): 2.592ns (routing 1.194ns, distribution 1.398ns)
  Timing Exception:       False Path

    Location             Delay type                Incr(ns)  Path(ns)    Netlist Resource(s)
  -------------------------------------------------------------------    -------------------
                         (clock clk_pl_0 rise edge)
                                                      0.000     0.000 r  
    PS8_X0Y0             PS8                          0.000     0.000 r  gemm_block_v1_i/zynq_ultra_ps_e_0/inst/PS8_i/PLCLK[0]
                         net (fo=1, routed)           0.229     0.229    gemm_block_v1_i/zynq_ultra_ps_e_0/inst/pl_clk_unbuffered[0]
    BUFG_PS_X0Y80        BUFG_PS (Prop_BUFG_PS_I_O)
                                                      0.038     0.267 r  gemm_block_v1_i/zynq_ultra_ps_e_0/inst/buffer_pl_clk_0.PL_CLK_0_BUFG/O
    X1Y2 (CLOCK_ROOT)    net (fo=36267, routed)       2.848     3.115    gemm_block_v1_i/axi_smc/inst/clk_map/psr_aclk/U0/aclk
    SLICE_X5Y145         FDRE                                         r  gemm_block_v1_i/axi_smc/inst/clk_map/psr_aclk/U0/ACTIVE_LOW_BSR_OUT_DFF[0].FDRE_BSR_N/C
  -------------------------------------------------------------------    -------------------
    SLICE_X5Y145         FDRE (Prop_EFF_SLICEM_C_Q)
                                                      0.113     3.228 r  gemm_block_v1_i/axi_smc/inst/clk_map/psr_aclk/U0/ACTIVE_LOW_BSR_OUT_DFF[0].FDRE_BSR_N/Q
                         net (fo=117, routed)         1.534     4.762    gemm_block_v1_i/axi_smc/inst/s01_entry_pipeline/s01_mmu/inst/xpm_cdc_async_rst_inst/src_arst
    SLICE_X2Y109         FDCE                                         f  gemm_block_v1_i/axi_smc/inst/s01_entry_pipeline/s01_mmu/inst/xpm_cdc_async_rst_inst/arststages_ff_reg[2]/CLR  (IS_INVERTED)
  -------------------------------------------------------------------    -------------------

                         (clock clk_pl_0 rise edge)
                                                      0.000     0.000 r  
    PS8_X0Y0             PS8                          0.000     0.000 r  gemm_block_v1_i/zynq_ultra_ps_e_0/inst/PS8_i/PLCLK[0]
                         net (fo=1, routed)           0.181     0.181    gemm_block_v1_i/zynq_ultra_ps_e_0/inst/pl_clk_unbuffered[0]
    BUFG_PS_X0Y80        BUFG_PS (Prop_BUFG_PS_I_O)
                                                      0.035     0.216 r  gemm_block_v1_i/zynq_ultra_ps_e_0/inst/buffer_pl_clk_0.PL_CLK_0_BUFG/O
    X1Y2 (CLOCK_ROOT)    net (fo=36267, routed)       2.592     2.808    gemm_block_v1_i/axi_smc/inst/s01_entry_pipeline/s01_mmu/inst/xpm_cdc_async_rst_inst/dest_clk
    SLICE_X2Y109         FDCE                                         r  gemm_block_v1_i/axi_smc/inst/s01_entry_pipeline/s01_mmu/inst/xpm_cdc_async_rst_inst/arststages_ff_reg[2]/C

Slack:                    inf
  Source:                 gemm_block_v1_i/axi_smc/inst/clk_map/psr_aclk/U0/ACTIVE_LOW_BSR_OUT_DFF[0].FDRE_BSR_N/C
                            (rising edge-triggered cell FDRE clocked by clk_pl_0  {rise@0.000ns fall@2.500ns period=5.000ns})
  Destination:            gemm_block_v1_i/axi_smc/inst/s01_entry_pipeline/s01_transaction_regulator/inst/xpm_cdc_async_rst_inst/arststages_ff_reg[0]/CLR
                            (recovery check against rising-edge clock clk_pl_0  {rise@0.000ns fall@2.500ns period=5.000ns})
  Path Group:             (none)
  Path Type:              Recovery (Max at Slow Process Corner)
  Data Path Delay:        1.604ns  (logic 0.113ns (7.044%)  route 1.491ns (92.956%))
  Logic Levels:           0  
  Clock Path Skew:        -0.324ns (DCD - SCD + CPR)
    Destination Clock Delay (DCD):    2.791ns
    Source Clock Delay      (SCD):    3.115ns
    Clock Pessimism Removal (CPR):    0.000ns
  Clock Uncertainty:      0.129ns  ((TSJ^2 + DJ^2)^1/2) / 2 + PE
    Total System Jitter     (TSJ):    0.071ns
    Discrete Jitter          (DJ):    0.248ns
    Phase Error              (PE):    0.000ns
  Clock Net Delay (Source):      2.848ns (routing 1.304ns, distribution 1.544ns)
  Clock Net Delay (Destination): 2.575ns (routing 1.194ns, distribution 1.381ns)
  Timing Exception:       False Path

    Location             Delay type                Incr(ns)  Path(ns)    Netlist Resource(s)
  -------------------------------------------------------------------    -------------------
                         (clock clk_pl_0 rise edge)
                                                      0.000     0.000 r  
    PS8_X0Y0             PS8                          0.000     0.000 r  gemm_block_v1_i/zynq_ultra_ps_e_0/inst/PS8_i/PLCLK[0]
                         net (fo=1, routed)           0.229     0.229    gemm_block_v1_i/zynq_ultra_ps_e_0/inst/pl_clk_unbuffered[0]
    BUFG_PS_X0Y80        BUFG_PS (Prop_BUFG_PS_I_O)
                                                      0.038     0.267 r  gemm_block_v1_i/zynq_ultra_ps_e_0/inst/buffer_pl_clk_0.PL_CLK_0_BUFG/O
    X1Y2 (CLOCK_ROOT)    net (fo=36267, routed)       2.848     3.115    gemm_block_v1_i/axi_smc/inst/clk_map/psr_aclk/U0/aclk
    SLICE_X5Y145         FDRE                                         r  gemm_block_v1_i/axi_smc/inst/clk_map/psr_aclk/U0/ACTIVE_LOW_BSR_OUT_DFF[0].FDRE_BSR_N/C
  -------------------------------------------------------------------    -------------------
    SLICE_X5Y145         FDRE (Prop_EFF_SLICEM_C_Q)
                                                      0.113     3.228 r  gemm_block_v1_i/axi_smc/inst/clk_map/psr_aclk/U0/ACTIVE_LOW_BSR_OUT_DFF[0].FDRE_BSR_N/Q
                         net (fo=117, routed)         1.491     4.720    gemm_block_v1_i/axi_smc/inst/s01_entry_pipeline/s01_transaction_regulator/inst/xpm_cdc_async_rst_inst/src_arst
    SLICE_X4Y103         FDCE                                         f  gemm_block_v1_i/axi_smc/inst/s01_entry_pipeline/s01_transaction_regulator/inst/xpm_cdc_async_rst_inst/arststages_ff_reg[0]/CLR  (IS_INVERTED)
  -------------------------------------------------------------------    -------------------

                         (clock clk_pl_0 rise edge)
                                                      0.000     0.000 r  
    PS8_X0Y0             PS8                          0.000     0.000 r  gemm_block_v1_i/zynq_ultra_ps_e_0/inst/PS8_i/PLCLK[0]
                         net (fo=1, routed)           0.181     0.181    gemm_block_v1_i/zynq_ultra_ps_e_0/inst/pl_clk_unbuffered[0]
    BUFG_PS_X0Y80        BUFG_PS (Prop_BUFG_PS_I_O)
                                                      0.035     0.216 r  gemm_block_v1_i/zynq_ultra_ps_e_0/inst/buffer_pl_clk_0.PL_CLK_0_BUFG/O
    X1Y2 (CLOCK_ROOT)    net (fo=36267, routed)       2.575     2.791    gemm_block_v1_i/axi_smc/inst/s01_entry_pipeline/s01_transaction_regulator/inst/xpm_cdc_async_rst_inst/dest_clk
    SLICE_X4Y103         FDCE                                         r  gemm_block_v1_i/axi_smc/inst/s01_entry_pipeline/s01_transaction_regulator/inst/xpm_cdc_async_rst_inst/arststages_ff_reg[0]/C

Slack:                    inf
  Source:                 gemm_block_v1_i/axi_smc/inst/clk_map/psr_aclk/U0/ACTIVE_LOW_BSR_OUT_DFF[0].FDRE_BSR_N/C
                            (rising edge-triggered cell FDRE clocked by clk_pl_0  {rise@0.000ns fall@2.500ns period=5.000ns})
  Destination:            gemm_block_v1_i/axi_smc/inst/s01_entry_pipeline/s01_transaction_regulator/inst/xpm_cdc_async_rst_inst/arststages_ff_reg[1]/CLR
                            (recovery check against rising-edge clock clk_pl_0  {rise@0.000ns fall@2.500ns period=5.000ns})
  Path Group:             (none)
  Path Type:              Recovery (Max at Slow Process Corner)
  Data Path Delay:        1.604ns  (logic 0.113ns (7.044%)  route 1.491ns (92.956%))
  Logic Levels:           0  
  Clock Path Skew:        -0.324ns (DCD - SCD + CPR)
    Destination Clock Delay (DCD):    2.791ns
    Source Clock Delay      (SCD):    3.115ns
    Clock Pessimism Removal (CPR):    0.000ns
  Clock Uncertainty:      0.129ns  ((TSJ^2 + DJ^2)^1/2) / 2 + PE
    Total System Jitter     (TSJ):    0.071ns
    Discrete Jitter          (DJ):    0.248ns
    Phase Error              (PE):    0.000ns
  Clock Net Delay (Source):      2.848ns (routing 1.304ns, distribution 1.544ns)
  Clock Net Delay (Destination): 2.575ns (routing 1.194ns, distribution 1.381ns)
  Timing Exception:       False Path

    Location             Delay type                Incr(ns)  Path(ns)    Netlist Resource(s)
  -------------------------------------------------------------------    -------------------
                         (clock clk_pl_0 rise edge)
                                                      0.000     0.000 r  
    PS8_X0Y0             PS8                          0.000     0.000 r  gemm_block_v1_i/zynq_ultra_ps_e_0/inst/PS8_i/PLCLK[0]
                         net (fo=1, routed)           0.229     0.229    gemm_block_v1_i/zynq_ultra_ps_e_0/inst/pl_clk_unbuffered[0]
    BUFG_PS_X0Y80        BUFG_PS (Prop_BUFG_PS_I_O)
                                                      0.038     0.267 r  gemm_block_v1_i/zynq_ultra_ps_e_0/inst/buffer_pl_clk_0.PL_CLK_0_BUFG/O
    X1Y2 (CLOCK_ROOT)    net (fo=36267, routed)       2.848     3.115    gemm_block_v1_i/axi_smc/inst/clk_map/psr_aclk/U0/aclk
    SLICE_X5Y145         FDRE                                         r  gemm_block_v1_i/axi_smc/inst/clk_map/psr_aclk/U0/ACTIVE_LOW_BSR_OUT_DFF[0].FDRE_BSR_N/C
  -------------------------------------------------------------------    -------------------
    SLICE_X5Y145         FDRE (Prop_EFF_SLICEM_C_Q)
                                                      0.113     3.228 r  gemm_block_v1_i/axi_smc/inst/clk_map/psr_aclk/U0/ACTIVE_LOW_BSR_OUT_DFF[0].FDRE_BSR_N/Q
                         net (fo=117, routed)         1.491     4.720    gemm_block_v1_i/axi_smc/inst/s01_entry_pipeline/s01_transaction_regulator/inst/xpm_cdc_async_rst_inst/src_arst
    SLICE_X4Y103         FDCE                                         f  gemm_block_v1_i/axi_smc/inst/s01_entry_pipeline/s01_transaction_regulator/inst/xpm_cdc_async_rst_inst/arststages_ff_reg[1]/CLR  (IS_INVERTED)
  -------------------------------------------------------------------    -------------------

                         (clock clk_pl_0 rise edge)
                                                      0.000     0.000 r  
    PS8_X0Y0             PS8                          0.000     0.000 r  gemm_block_v1_i/zynq_ultra_ps_e_0/inst/PS8_i/PLCLK[0]
                         net (fo=1, routed)           0.181     0.181    gemm_block_v1_i/zynq_ultra_ps_e_0/inst/pl_clk_unbuffered[0]
    BUFG_PS_X0Y80        BUFG_PS (Prop_BUFG_PS_I_O)
                                                      0.035     0.216 r  gemm_block_v1_i/zynq_ultra_ps_e_0/inst/buffer_pl_clk_0.PL_CLK_0_BUFG/O
    X1Y2 (CLOCK_ROOT)    net (fo=36267, routed)       2.575     2.791    gemm_block_v1_i/axi_smc/inst/s01_entry_pipeline/s01_transaction_regulator/inst/xpm_cdc_async_rst_inst/dest_clk
    SLICE_X4Y103         FDCE                                         r  gemm_block_v1_i/axi_smc/inst/s01_entry_pipeline/s01_transaction_regulator/inst/xpm_cdc_async_rst_inst/arststages_ff_reg[1]/C

Slack:                    inf
  Source:                 gemm_block_v1_i/axi_smc/inst/clk_map/psr_aclk/U0/ACTIVE_LOW_BSR_OUT_DFF[0].FDRE_BSR_N/C
                            (rising edge-triggered cell FDRE clocked by clk_pl_0  {rise@0.000ns fall@2.500ns period=5.000ns})
  Destination:            gemm_block_v1_i/axi_smc/inst/s01_entry_pipeline/s01_transaction_regulator/inst/xpm_cdc_async_rst_inst/arststages_ff_reg[2]/CLR
                            (recovery check against rising-edge clock clk_pl_0  {rise@0.000ns fall@2.500ns period=5.000ns})
  Path Group:             (none)
  Path Type:              Recovery (Max at Slow Process Corner)
  Data Path Delay:        1.604ns  (logic 0.113ns (7.044%)  route 1.491ns (92.956%))
  Logic Levels:           0  
  Clock Path Skew:        -0.324ns (DCD - SCD + CPR)
    Destination Clock Delay (DCD):    2.791ns
    Source Clock Delay      (SCD):    3.115ns
    Clock Pessimism Removal (CPR):    0.000ns
  Clock Uncertainty:      0.129ns  ((TSJ^2 + DJ^2)^1/2) / 2 + PE
    Total System Jitter     (TSJ):    0.071ns
    Discrete Jitter          (DJ):    0.248ns
    Phase Error              (PE):    0.000ns
  Clock Net Delay (Source):      2.848ns (routing 1.304ns, distribution 1.544ns)
  Clock Net Delay (Destination): 2.575ns (routing 1.194ns, distribution 1.381ns)
  Timing Exception:       False Path

    Location             Delay type                Incr(ns)  Path(ns)    Netlist Resource(s)
  -------------------------------------------------------------------    -------------------
                         (clock clk_pl_0 rise edge)
                                                      0.000     0.000 r  
    PS8_X0Y0             PS8                          0.000     0.000 r  gemm_block_v1_i/zynq_ultra_ps_e_0/inst/PS8_i/PLCLK[0]
                         net (fo=1, routed)           0.229     0.229    gemm_block_v1_i/zynq_ultra_ps_e_0/inst/pl_clk_unbuffered[0]
    BUFG_PS_X0Y80        BUFG_PS (Prop_BUFG_PS_I_O)
                                                      0.038     0.267 r  gemm_block_v1_i/zynq_ultra_ps_e_0/inst/buffer_pl_clk_0.PL_CLK_0_BUFG/O
    X1Y2 (CLOCK_ROOT)    net (fo=36267, routed)       2.848     3.115    gemm_block_v1_i/axi_smc/inst/clk_map/psr_aclk/U0/aclk
    SLICE_X5Y145         FDRE                                         r  gemm_block_v1_i/axi_smc/inst/clk_map/psr_aclk/U0/ACTIVE_LOW_BSR_OUT_DFF[0].FDRE_BSR_N/C
  -------------------------------------------------------------------    -------------------
    SLICE_X5Y145         FDRE (Prop_EFF_SLICEM_C_Q)
                                                      0.113     3.228 r  gemm_block_v1_i/axi_smc/inst/clk_map/psr_aclk/U0/ACTIVE_LOW_BSR_OUT_DFF[0].FDRE_BSR_N/Q
                         net (fo=117, routed)         1.491     4.720    gemm_block_v1_i/axi_smc/inst/s01_entry_pipeline/s01_transaction_regulator/inst/xpm_cdc_async_rst_inst/src_arst
    SLICE_X4Y103         FDCE                                         f  gemm_block_v1_i/axi_smc/inst/s01_entry_pipeline/s01_transaction_regulator/inst/xpm_cdc_async_rst_inst/arststages_ff_reg[2]/CLR  (IS_INVERTED)
  -------------------------------------------------------------------    -------------------

                         (clock clk_pl_0 rise edge)
                                                      0.000     0.000 r  
    PS8_X0Y0             PS8                          0.000     0.000 r  gemm_block_v1_i/zynq_ultra_ps_e_0/inst/PS8_i/PLCLK[0]
                         net (fo=1, routed)           0.181     0.181    gemm_block_v1_i/zynq_ultra_ps_e_0/inst/pl_clk_unbuffered[0]
    BUFG_PS_X0Y80        BUFG_PS (Prop_BUFG_PS_I_O)
                                                      0.035     0.216 r  gemm_block_v1_i/zynq_ultra_ps_e_0/inst/buffer_pl_clk_0.PL_CLK_0_BUFG/O
    X1Y2 (CLOCK_ROOT)    net (fo=36267, routed)       2.575     2.791    gemm_block_v1_i/axi_smc/inst/s01_entry_pipeline/s01_transaction_regulator/inst/xpm_cdc_async_rst_inst/dest_clk
    SLICE_X4Y103         FDCE                                         r  gemm_block_v1_i/axi_smc/inst/s01_entry_pipeline/s01_transaction_regulator/inst/xpm_cdc_async_rst_inst/arststages_ff_reg[2]/C

Slack:                    inf
  Source:                 gemm_block_v1_i/axi_smc/inst/clk_map/psr_aclk/U0/ACTIVE_LOW_BSR_OUT_DFF[0].FDRE_BSR_N/C
                            (rising edge-triggered cell FDRE clocked by clk_pl_0  {rise@0.000ns fall@2.500ns period=5.000ns})
  Destination:            gemm_block_v1_i/axi_smc/inst/s01_nodes/s01_r_node/inst/s_sc_xpm_cdc_async_rst_inst/arststages_ff_reg[0]/CLR
                            (recovery check against rising-edge clock clk_pl_0  {rise@0.000ns fall@2.500ns period=5.000ns})
  Path Group:             (none)
  Path Type:              Recovery (Max at Slow Process Corner)
  Data Path Delay:        1.586ns  (logic 0.113ns (7.125%)  route 1.473ns (92.875%))
  Logic Levels:           0  
  Clock Path Skew:        -0.319ns (DCD - SCD + CPR)
    Destination Clock Delay (DCD):    2.796ns
    Source Clock Delay      (SCD):    3.115ns
    Clock Pessimism Removal (CPR):    0.000ns
  Clock Uncertainty:      0.129ns  ((TSJ^2 + DJ^2)^1/2) / 2 + PE
    Total System Jitter     (TSJ):    0.071ns
    Discrete Jitter          (DJ):    0.248ns
    Phase Error              (PE):    0.000ns
  Clock Net Delay (Source):      2.848ns (routing 1.304ns, distribution 1.544ns)
  Clock Net Delay (Destination): 2.580ns (routing 1.194ns, distribution 1.386ns)
  Timing Exception:       False Path

    Location             Delay type                Incr(ns)  Path(ns)    Netlist Resource(s)
  -------------------------------------------------------------------    -------------------
                         (clock clk_pl_0 rise edge)
                                                      0.000     0.000 r  
    PS8_X0Y0             PS8                          0.000     0.000 r  gemm_block_v1_i/zynq_ultra_ps_e_0/inst/PS8_i/PLCLK[0]
                         net (fo=1, routed)           0.229     0.229    gemm_block_v1_i/zynq_ultra_ps_e_0/inst/pl_clk_unbuffered[0]
    BUFG_PS_X0Y80        BUFG_PS (Prop_BUFG_PS_I_O)
                                                      0.038     0.267 r  gemm_block_v1_i/zynq_ultra_ps_e_0/inst/buffer_pl_clk_0.PL_CLK_0_BUFG/O
    X1Y2 (CLOCK_ROOT)    net (fo=36267, routed)       2.848     3.115    gemm_block_v1_i/axi_smc/inst/clk_map/psr_aclk/U0/aclk
    SLICE_X5Y145         FDRE                                         r  gemm_block_v1_i/axi_smc/inst/clk_map/psr_aclk/U0/ACTIVE_LOW_BSR_OUT_DFF[0].FDRE_BSR_N/C
  -------------------------------------------------------------------    -------------------
    SLICE_X5Y145         FDRE (Prop_EFF_SLICEM_C_Q)
                                                      0.113     3.228 r  gemm_block_v1_i/axi_smc/inst/clk_map/psr_aclk/U0/ACTIVE_LOW_BSR_OUT_DFF[0].FDRE_BSR_N/Q
                         net (fo=117, routed)         1.473     4.701    gemm_block_v1_i/axi_smc/inst/s01_nodes/s01_r_node/inst/s_sc_xpm_cdc_async_rst_inst/src_arst
    SLICE_X1Y110         FDCE                                         f  gemm_block_v1_i/axi_smc/inst/s01_nodes/s01_r_node/inst/s_sc_xpm_cdc_async_rst_inst/arststages_ff_reg[0]/CLR  (IS_INVERTED)
  -------------------------------------------------------------------    -------------------

                         (clock clk_pl_0 rise edge)
                                                      0.000     0.000 r  
    PS8_X0Y0             PS8                          0.000     0.000 r  gemm_block_v1_i/zynq_ultra_ps_e_0/inst/PS8_i/PLCLK[0]
                         net (fo=1, routed)           0.181     0.181    gemm_block_v1_i/zynq_ultra_ps_e_0/inst/pl_clk_unbuffered[0]
    BUFG_PS_X0Y80        BUFG_PS (Prop_BUFG_PS_I_O)
                                                      0.035     0.216 r  gemm_block_v1_i/zynq_ultra_ps_e_0/inst/buffer_pl_clk_0.PL_CLK_0_BUFG/O
    X1Y2 (CLOCK_ROOT)    net (fo=36267, routed)       2.580     2.796    gemm_block_v1_i/axi_smc/inst/s01_nodes/s01_r_node/inst/s_sc_xpm_cdc_async_rst_inst/dest_clk
    SLICE_X1Y110         FDCE                                         r  gemm_block_v1_i/axi_smc/inst/s01_nodes/s01_r_node/inst/s_sc_xpm_cdc_async_rst_inst/arststages_ff_reg[0]/C

Slack:                    inf
  Source:                 gemm_block_v1_i/axi_smc/inst/clk_map/psr_aclk/U0/ACTIVE_LOW_BSR_OUT_DFF[0].FDRE_BSR_N/C
                            (rising edge-triggered cell FDRE clocked by clk_pl_0  {rise@0.000ns fall@2.500ns period=5.000ns})
  Destination:            gemm_block_v1_i/axi_smc/inst/s01_nodes/s01_r_node/inst/s_sc_xpm_cdc_async_rst_inst/arststages_ff_reg[1]/CLR
                            (recovery check against rising-edge clock clk_pl_0  {rise@0.000ns fall@2.500ns period=5.000ns})
  Path Group:             (none)
  Path Type:              Recovery (Max at Slow Process Corner)
  Data Path Delay:        1.586ns  (logic 0.113ns (7.125%)  route 1.473ns (92.875%))
  Logic Levels:           0  
  Clock Path Skew:        -0.319ns (DCD - SCD + CPR)
    Destination Clock Delay (DCD):    2.796ns
    Source Clock Delay      (SCD):    3.115ns
    Clock Pessimism Removal (CPR):    0.000ns
  Clock Uncertainty:      0.129ns  ((TSJ^2 + DJ^2)^1/2) / 2 + PE
    Total System Jitter     (TSJ):    0.071ns
    Discrete Jitter          (DJ):    0.248ns
    Phase Error              (PE):    0.000ns
  Clock Net Delay (Source):      2.848ns (routing 1.304ns, distribution 1.544ns)
  Clock Net Delay (Destination): 2.580ns (routing 1.194ns, distribution 1.386ns)
  Timing Exception:       False Path

    Location             Delay type                Incr(ns)  Path(ns)    Netlist Resource(s)
  -------------------------------------------------------------------    -------------------
                         (clock clk_pl_0 rise edge)
                                                      0.000     0.000 r  
    PS8_X0Y0             PS8                          0.000     0.000 r  gemm_block_v1_i/zynq_ultra_ps_e_0/inst/PS8_i/PLCLK[0]
                         net (fo=1, routed)           0.229     0.229    gemm_block_v1_i/zynq_ultra_ps_e_0/inst/pl_clk_unbuffered[0]
    BUFG_PS_X0Y80        BUFG_PS (Prop_BUFG_PS_I_O)
                                                      0.038     0.267 r  gemm_block_v1_i/zynq_ultra_ps_e_0/inst/buffer_pl_clk_0.PL_CLK_0_BUFG/O
    X1Y2 (CLOCK_ROOT)    net (fo=36267, routed)       2.848     3.115    gemm_block_v1_i/axi_smc/inst/clk_map/psr_aclk/U0/aclk
    SLICE_X5Y145         FDRE                                         r  gemm_block_v1_i/axi_smc/inst/clk_map/psr_aclk/U0/ACTIVE_LOW_BSR_OUT_DFF[0].FDRE_BSR_N/C
  -------------------------------------------------------------------    -------------------
    SLICE_X5Y145         FDRE (Prop_EFF_SLICEM_C_Q)
                                                      0.113     3.228 r  gemm_block_v1_i/axi_smc/inst/clk_map/psr_aclk/U0/ACTIVE_LOW_BSR_OUT_DFF[0].FDRE_BSR_N/Q
                         net (fo=117, routed)         1.473     4.701    gemm_block_v1_i/axi_smc/inst/s01_nodes/s01_r_node/inst/s_sc_xpm_cdc_async_rst_inst/src_arst
    SLICE_X1Y110         FDCE                                         f  gemm_block_v1_i/axi_smc/inst/s01_nodes/s01_r_node/inst/s_sc_xpm_cdc_async_rst_inst/arststages_ff_reg[1]/CLR  (IS_INVERTED)
  -------------------------------------------------------------------    -------------------

                         (clock clk_pl_0 rise edge)
                                                      0.000     0.000 r  
    PS8_X0Y0             PS8                          0.000     0.000 r  gemm_block_v1_i/zynq_ultra_ps_e_0/inst/PS8_i/PLCLK[0]
                         net (fo=1, routed)           0.181     0.181    gemm_block_v1_i/zynq_ultra_ps_e_0/inst/pl_clk_unbuffered[0]
    BUFG_PS_X0Y80        BUFG_PS (Prop_BUFG_PS_I_O)
                                                      0.035     0.216 r  gemm_block_v1_i/zynq_ultra_ps_e_0/inst/buffer_pl_clk_0.PL_CLK_0_BUFG/O
    X1Y2 (CLOCK_ROOT)    net (fo=36267, routed)       2.580     2.796    gemm_block_v1_i/axi_smc/inst/s01_nodes/s01_r_node/inst/s_sc_xpm_cdc_async_rst_inst/dest_clk
    SLICE_X1Y110         FDCE                                         r  gemm_block_v1_i/axi_smc/inst/s01_nodes/s01_r_node/inst/s_sc_xpm_cdc_async_rst_inst/arststages_ff_reg[1]/C

Slack:                    inf
  Source:                 gemm_block_v1_i/axi_smc/inst/clk_map/psr_aclk/U0/ACTIVE_LOW_BSR_OUT_DFF[0].FDRE_BSR_N/C
                            (rising edge-triggered cell FDRE clocked by clk_pl_0  {rise@0.000ns fall@2.500ns period=5.000ns})
  Destination:            gemm_block_v1_i/axi_smc/inst/s01_nodes/s01_r_node/inst/s_sc_xpm_cdc_async_rst_inst/arststages_ff_reg[2]/CLR
                            (recovery check against rising-edge clock clk_pl_0  {rise@0.000ns fall@2.500ns period=5.000ns})
  Path Group:             (none)
  Path Type:              Recovery (Max at Slow Process Corner)
  Data Path Delay:        1.586ns  (logic 0.113ns (7.125%)  route 1.473ns (92.875%))
  Logic Levels:           0  
  Clock Path Skew:        -0.319ns (DCD - SCD + CPR)
    Destination Clock Delay (DCD):    2.796ns
    Source Clock Delay      (SCD):    3.115ns
    Clock Pessimism Removal (CPR):    0.000ns
  Clock Uncertainty:      0.129ns  ((TSJ^2 + DJ^2)^1/2) / 2 + PE
    Total System Jitter     (TSJ):    0.071ns
    Discrete Jitter          (DJ):    0.248ns
    Phase Error              (PE):    0.000ns
  Clock Net Delay (Source):      2.848ns (routing 1.304ns, distribution 1.544ns)
  Clock Net Delay (Destination): 2.580ns (routing 1.194ns, distribution 1.386ns)
  Timing Exception:       False Path

    Location             Delay type                Incr(ns)  Path(ns)    Netlist Resource(s)
  -------------------------------------------------------------------    -------------------
                         (clock clk_pl_0 rise edge)
                                                      0.000     0.000 r  
    PS8_X0Y0             PS8                          0.000     0.000 r  gemm_block_v1_i/zynq_ultra_ps_e_0/inst/PS8_i/PLCLK[0]
                         net (fo=1, routed)           0.229     0.229    gemm_block_v1_i/zynq_ultra_ps_e_0/inst/pl_clk_unbuffered[0]
    BUFG_PS_X0Y80        BUFG_PS (Prop_BUFG_PS_I_O)
                                                      0.038     0.267 r  gemm_block_v1_i/zynq_ultra_ps_e_0/inst/buffer_pl_clk_0.PL_CLK_0_BUFG/O
    X1Y2 (CLOCK_ROOT)    net (fo=36267, routed)       2.848     3.115    gemm_block_v1_i/axi_smc/inst/clk_map/psr_aclk/U0/aclk
    SLICE_X5Y145         FDRE                                         r  gemm_block_v1_i/axi_smc/inst/clk_map/psr_aclk/U0/ACTIVE_LOW_BSR_OUT_DFF[0].FDRE_BSR_N/C
  -------------------------------------------------------------------    -------------------
    SLICE_X5Y145         FDRE (Prop_EFF_SLICEM_C_Q)
                                                      0.113     3.228 r  gemm_block_v1_i/axi_smc/inst/clk_map/psr_aclk/U0/ACTIVE_LOW_BSR_OUT_DFF[0].FDRE_BSR_N/Q
                         net (fo=117, routed)         1.473     4.701    gemm_block_v1_i/axi_smc/inst/s01_nodes/s01_r_node/inst/s_sc_xpm_cdc_async_rst_inst/src_arst
    SLICE_X1Y110         FDCE                                         f  gemm_block_v1_i/axi_smc/inst/s01_nodes/s01_r_node/inst/s_sc_xpm_cdc_async_rst_inst/arststages_ff_reg[2]/CLR  (IS_INVERTED)
  -------------------------------------------------------------------    -------------------

                         (clock clk_pl_0 rise edge)
                                                      0.000     0.000 r  
    PS8_X0Y0             PS8                          0.000     0.000 r  gemm_block_v1_i/zynq_ultra_ps_e_0/inst/PS8_i/PLCLK[0]
                         net (fo=1, routed)           0.181     0.181    gemm_block_v1_i/zynq_ultra_ps_e_0/inst/pl_clk_unbuffered[0]
    BUFG_PS_X0Y80        BUFG_PS (Prop_BUFG_PS_I_O)
                                                      0.035     0.216 r  gemm_block_v1_i/zynq_ultra_ps_e_0/inst/buffer_pl_clk_0.PL_CLK_0_BUFG/O
    X1Y2 (CLOCK_ROOT)    net (fo=36267, routed)       2.580     2.796    gemm_block_v1_i/axi_smc/inst/s01_nodes/s01_r_node/inst/s_sc_xpm_cdc_async_rst_inst/dest_clk
    SLICE_X1Y110         FDCE                                         r  gemm_block_v1_i/axi_smc/inst/s01_nodes/s01_r_node/inst/s_sc_xpm_cdc_async_rst_inst/arststages_ff_reg[2]/C

Slack:                    inf
  Source:                 gemm_block_v1_i/axi_smc/inst/clk_map/psr_aclk/U0/ACTIVE_LOW_BSR_OUT_DFF[0].FDRE_BSR_N/C
                            (rising edge-triggered cell FDRE clocked by clk_pl_0  {rise@0.000ns fall@2.500ns period=5.000ns})
  Destination:            gemm_block_v1_i/axi_smc/inst/s01_entry_pipeline/s01_si_converter/inst/xpm_cdc_async_rst_inst/arststages_ff_reg[0]/CLR
                            (recovery check against rising-edge clock clk_pl_0  {rise@0.000ns fall@2.500ns period=5.000ns})
  Path Group:             (none)
  Path Type:              Recovery (Max at Slow Process Corner)
  Data Path Delay:        1.560ns  (logic 0.113ns (7.244%)  route 1.447ns (92.756%))
  Logic Levels:           0  
  Clock Path Skew:        -0.306ns (DCD - SCD + CPR)
    Destination Clock Delay (DCD):    2.809ns
    Source Clock Delay      (SCD):    3.115ns
    Clock Pessimism Removal (CPR):    0.000ns
  Clock Uncertainty:      0.129ns  ((TSJ^2 + DJ^2)^1/2) / 2 + PE
    Total System Jitter     (TSJ):    0.071ns
    Discrete Jitter          (DJ):    0.248ns
    Phase Error              (PE):    0.000ns
  Clock Net Delay (Source):      2.848ns (routing 1.304ns, distribution 1.544ns)
  Clock Net Delay (Destination): 2.593ns (routing 1.194ns, distribution 1.399ns)
  Timing Exception:       False Path

    Location             Delay type                Incr(ns)  Path(ns)    Netlist Resource(s)
  -------------------------------------------------------------------    -------------------
                         (clock clk_pl_0 rise edge)
                                                      0.000     0.000 r  
    PS8_X0Y0             PS8                          0.000     0.000 r  gemm_block_v1_i/zynq_ultra_ps_e_0/inst/PS8_i/PLCLK[0]
                         net (fo=1, routed)           0.229     0.229    gemm_block_v1_i/zynq_ultra_ps_e_0/inst/pl_clk_unbuffered[0]
    BUFG_PS_X0Y80        BUFG_PS (Prop_BUFG_PS_I_O)
                                                      0.038     0.267 r  gemm_block_v1_i/zynq_ultra_ps_e_0/inst/buffer_pl_clk_0.PL_CLK_0_BUFG/O
    X1Y2 (CLOCK_ROOT)    net (fo=36267, routed)       2.848     3.115    gemm_block_v1_i/axi_smc/inst/clk_map/psr_aclk/U0/aclk
    SLICE_X5Y145         FDRE                                         r  gemm_block_v1_i/axi_smc/inst/clk_map/psr_aclk/U0/ACTIVE_LOW_BSR_OUT_DFF[0].FDRE_BSR_N/C
  -------------------------------------------------------------------    -------------------
    SLICE_X5Y145         FDRE (Prop_EFF_SLICEM_C_Q)
                                                      0.113     3.228 r  gemm_block_v1_i/axi_smc/inst/clk_map/psr_aclk/U0/ACTIVE_LOW_BSR_OUT_DFF[0].FDRE_BSR_N/Q
                         net (fo=117, routed)         1.447     4.675    gemm_block_v1_i/axi_smc/inst/s01_entry_pipeline/s01_si_converter/inst/xpm_cdc_async_rst_inst/src_arst
    SLICE_X2Y113         FDCE                                         f  gemm_block_v1_i/axi_smc/inst/s01_entry_pipeline/s01_si_converter/inst/xpm_cdc_async_rst_inst/arststages_ff_reg[0]/CLR  (IS_INVERTED)
  -------------------------------------------------------------------    -------------------

                         (clock clk_pl_0 rise edge)
                                                      0.000     0.000 r  
    PS8_X0Y0             PS8                          0.000     0.000 r  gemm_block_v1_i/zynq_ultra_ps_e_0/inst/PS8_i/PLCLK[0]
                         net (fo=1, routed)           0.181     0.181    gemm_block_v1_i/zynq_ultra_ps_e_0/inst/pl_clk_unbuffered[0]
    BUFG_PS_X0Y80        BUFG_PS (Prop_BUFG_PS_I_O)
                                                      0.035     0.216 r  gemm_block_v1_i/zynq_ultra_ps_e_0/inst/buffer_pl_clk_0.PL_CLK_0_BUFG/O
    X1Y2 (CLOCK_ROOT)    net (fo=36267, routed)       2.593     2.809    gemm_block_v1_i/axi_smc/inst/s01_entry_pipeline/s01_si_converter/inst/xpm_cdc_async_rst_inst/dest_clk
    SLICE_X2Y113         FDCE                                         r  gemm_block_v1_i/axi_smc/inst/s01_entry_pipeline/s01_si_converter/inst/xpm_cdc_async_rst_inst/arststages_ff_reg[0]/C





Min Delay Paths
--------------------------------------------------------------------------------------
Slack:                    inf
  Source:                 gemm_block_v1_i/rst_ps8_0_99M/U0/ACTIVE_LOW_PR_OUT_DFF[0].FDRE_PER_N/C
                            (rising edge-triggered cell FDRE clocked by clk_pl_0  {rise@0.000ns fall@2.500ns period=5.000ns})
  Destination:            gemm_block_v1_i/axi_dma_1/U0/I_RST_MODULE/REG_HRD_RST/syncstages_ff_reg[0]/D
                            (rising edge-triggered cell FDRE clocked by clk_pl_0  {rise@0.000ns fall@2.500ns period=5.000ns})
  Path Group:             (none)
  Path Type:              Hold (Min at Fast Process Corner)
  Data Path Delay:        0.169ns  (logic 0.084ns (49.811%)  route 0.085ns (50.189%))
  Logic Levels:           0  
  Clock Path Skew:        0.180ns (DCD - SCD - CPR)
    Destination Clock Delay (DCD):    1.897ns
    Source Clock Delay      (SCD):    1.717ns
    Clock Pessimism Removal (CPR):    -0.000ns
  Clock Uncertainty:      0.129ns  ((TSJ^2 + DJ^2)^1/2) / 2 + PE
    Total System Jitter     (TSJ):    0.071ns
    Discrete Jitter          (DJ):    0.248ns
    Phase Error              (PE):    0.000ns
  Clock Net Delay (Source):      1.566ns (routing 0.731ns, distribution 0.835ns)
  Clock Net Delay (Destination): 1.710ns (routing 0.799ns, distribution 0.911ns)
  Timing Exception:       False Path

    Location             Delay type                Incr(ns)  Path(ns)    Netlist Resource(s)
  -------------------------------------------------------------------    -------------------
                         (clock clk_pl_0 rise edge)
                                                      0.000     0.000 r  
    PS8_X0Y0             PS8                          0.000     0.000 r  gemm_block_v1_i/zynq_ultra_ps_e_0/inst/PS8_i/PLCLK[0]
                         net (fo=1, routed)           0.129     0.129    gemm_block_v1_i/zynq_ultra_ps_e_0/inst/pl_clk_unbuffered[0]
    BUFG_PS_X0Y80        BUFG_PS (Prop_BUFG_PS_I_O)
                                                      0.022     0.151 r  gemm_block_v1_i/zynq_ultra_ps_e_0/inst/buffer_pl_clk_0.PL_CLK_0_BUFG/O
    X1Y2 (CLOCK_ROOT)    net (fo=36267, routed)       1.566     1.717    gemm_block_v1_i/rst_ps8_0_99M/U0/slowest_sync_clk
    SLICE_X9Y135         FDRE                                         r  gemm_block_v1_i/rst_ps8_0_99M/U0/ACTIVE_LOW_PR_OUT_DFF[0].FDRE_PER_N/C
  -------------------------------------------------------------------    -------------------
    SLICE_X9Y135         FDRE (Prop_BFF_SLICEL_C_Q)
                                                      0.084     1.801 r  gemm_block_v1_i/rst_ps8_0_99M/U0/ACTIVE_LOW_PR_OUT_DFF[0].FDRE_PER_N/Q
                         net (fo=5, routed)           0.085     1.885    gemm_block_v1_i/axi_dma_1/U0/I_RST_MODULE/REG_HRD_RST/src_rst
    SLICE_X9Y135         FDRE                                         r  gemm_block_v1_i/axi_dma_1/U0/I_RST_MODULE/REG_HRD_RST/syncstages_ff_reg[0]/D
  -------------------------------------------------------------------    -------------------

                         (clock clk_pl_0 rise edge)
                                                      0.000     0.000 r  
    PS8_X0Y0             PS8                          0.000     0.000 r  gemm_block_v1_i/zynq_ultra_ps_e_0/inst/PS8_i/PLCLK[0]
                         net (fo=1, routed)           0.164     0.164    gemm_block_v1_i/zynq_ultra_ps_e_0/inst/pl_clk_unbuffered[0]
    BUFG_PS_X0Y80        BUFG_PS (Prop_BUFG_PS_I_O)
                                                      0.023     0.187 r  gemm_block_v1_i/zynq_ultra_ps_e_0/inst/buffer_pl_clk_0.PL_CLK_0_BUFG/O
    X1Y2 (CLOCK_ROOT)    net (fo=36267, routed)       1.710     1.897    gemm_block_v1_i/axi_dma_1/U0/I_RST_MODULE/REG_HRD_RST/dest_clk
    SLICE_X9Y135         FDRE                                         r  gemm_block_v1_i/axi_dma_1/U0/I_RST_MODULE/REG_HRD_RST/syncstages_ff_reg[0]/C

Slack:                    inf
  Source:                 gemm_block_v1_i/axi_smc/inst/clk_map/psr_aclk/U0/ACTIVE_LOW_BSR_OUT_DFF[0].FDRE_BSR_N/C
                            (rising edge-triggered cell FDRE clocked by clk_pl_0  {rise@0.000ns fall@2.500ns period=5.000ns})
  Destination:            gemm_block_v1_i/axi_smc/inst/s00_entry_pipeline/s00_si_converter/inst/xpm_cdc_async_rst_inst/arststages_ff_reg[0]/CLR
                            (removal check against rising-edge clock clk_pl_0  {rise@0.000ns fall@2.500ns period=5.000ns})
  Path Group:             (none)
  Path Type:              Removal (Min at Fast Process Corner)
  Data Path Delay:        0.217ns  (logic 0.082ns (37.866%)  route 0.135ns (62.134%))
  Logic Levels:           0  
  Clock Path Skew:        0.177ns (DCD - SCD - CPR)
    Destination Clock Delay (DCD):    1.888ns
    Source Clock Delay      (SCD):    1.711ns
    Clock Pessimism Removal (CPR):    -0.000ns
  Clock Uncertainty:      0.129ns  ((TSJ^2 + DJ^2)^1/2) / 2 + PE
    Total System Jitter     (TSJ):    0.071ns
    Discrete Jitter          (DJ):    0.248ns
    Phase Error              (PE):    0.000ns
  Clock Net Delay (Source):      1.560ns (routing 0.731ns, distribution 0.829ns)
  Clock Net Delay (Destination): 1.701ns (routing 0.799ns, distribution 0.902ns)
  Timing Exception:       False Path

    Location             Delay type                Incr(ns)  Path(ns)    Netlist Resource(s)
  -------------------------------------------------------------------    -------------------
                         (clock clk_pl_0 rise edge)
                                                      0.000     0.000 r  
    PS8_X0Y0             PS8                          0.000     0.000 r  gemm_block_v1_i/zynq_ultra_ps_e_0/inst/PS8_i/PLCLK[0]
                         net (fo=1, routed)           0.129     0.129    gemm_block_v1_i/zynq_ultra_ps_e_0/inst/pl_clk_unbuffered[0]
    BUFG_PS_X0Y80        BUFG_PS (Prop_BUFG_PS_I_O)
                                                      0.022     0.151 r  gemm_block_v1_i/zynq_ultra_ps_e_0/inst/buffer_pl_clk_0.PL_CLK_0_BUFG/O
    X1Y2 (CLOCK_ROOT)    net (fo=36267, routed)       1.560     1.711    gemm_block_v1_i/axi_smc/inst/clk_map/psr_aclk/U0/aclk
    SLICE_X5Y145         FDRE                                         r  gemm_block_v1_i/axi_smc/inst/clk_map/psr_aclk/U0/ACTIVE_LOW_BSR_OUT_DFF[0].FDRE_BSR_N/C
  -------------------------------------------------------------------    -------------------
    SLICE_X5Y145         FDRE (Prop_EFF_SLICEM_C_Q)
                                                      0.082     1.793 r  gemm_block_v1_i/axi_smc/inst/clk_map/psr_aclk/U0/ACTIVE_LOW_BSR_OUT_DFF[0].FDRE_BSR_N/Q
                         net (fo=117, routed)         0.135     1.928    gemm_block_v1_i/axi_smc/inst/s00_entry_pipeline/s00_si_converter/inst/xpm_cdc_async_rst_inst/src_arst
    SLICE_X5Y142         FDCE                                         f  gemm_block_v1_i/axi_smc/inst/s00_entry_pipeline/s00_si_converter/inst/xpm_cdc_async_rst_inst/arststages_ff_reg[0]/CLR  (IS_INVERTED)
  -------------------------------------------------------------------    -------------------

                         (clock clk_pl_0 rise edge)
                                                      0.000     0.000 r  
    PS8_X0Y0             PS8                          0.000     0.000 r  gemm_block_v1_i/zynq_ultra_ps_e_0/inst/PS8_i/PLCLK[0]
                         net (fo=1, routed)           0.164     0.164    gemm_block_v1_i/zynq_ultra_ps_e_0/inst/pl_clk_unbuffered[0]
    BUFG_PS_X0Y80        BUFG_PS (Prop_BUFG_PS_I_O)
                                                      0.023     0.187 r  gemm_block_v1_i/zynq_ultra_ps_e_0/inst/buffer_pl_clk_0.PL_CLK_0_BUFG/O
    X1Y2 (CLOCK_ROOT)    net (fo=36267, routed)       1.701     1.888    gemm_block_v1_i/axi_smc/inst/s00_entry_pipeline/s00_si_converter/inst/xpm_cdc_async_rst_inst/dest_clk
    SLICE_X5Y142         FDCE                                         r  gemm_block_v1_i/axi_smc/inst/s00_entry_pipeline/s00_si_converter/inst/xpm_cdc_async_rst_inst/arststages_ff_reg[0]/C

Slack:                    inf
  Source:                 gemm_block_v1_i/axi_smc/inst/clk_map/psr_aclk/U0/ACTIVE_LOW_BSR_OUT_DFF[0].FDRE_BSR_N/C
                            (rising edge-triggered cell FDRE clocked by clk_pl_0  {rise@0.000ns fall@2.500ns period=5.000ns})
  Destination:            gemm_block_v1_i/axi_smc/inst/s00_entry_pipeline/s00_si_converter/inst/xpm_cdc_async_rst_inst/arststages_ff_reg[1]/CLR
                            (removal check against rising-edge clock clk_pl_0  {rise@0.000ns fall@2.500ns period=5.000ns})
  Path Group:             (none)
  Path Type:              Removal (Min at Fast Process Corner)
  Data Path Delay:        0.217ns  (logic 0.082ns (37.866%)  route 0.135ns (62.134%))
  Logic Levels:           0  
  Clock Path Skew:        0.177ns (DCD - SCD - CPR)
    Destination Clock Delay (DCD):    1.888ns
    Source Clock Delay      (SCD):    1.711ns
    Clock Pessimism Removal (CPR):    -0.000ns
  Clock Uncertainty:      0.129ns  ((TSJ^2 + DJ^2)^1/2) / 2 + PE
    Total System Jitter     (TSJ):    0.071ns
    Discrete Jitter          (DJ):    0.248ns
    Phase Error              (PE):    0.000ns
  Clock Net Delay (Source):      1.560ns (routing 0.731ns, distribution 0.829ns)
  Clock Net Delay (Destination): 1.701ns (routing 0.799ns, distribution 0.902ns)
  Timing Exception:       False Path

    Location             Delay type                Incr(ns)  Path(ns)    Netlist Resource(s)
  -------------------------------------------------------------------    -------------------
                         (clock clk_pl_0 rise edge)
                                                      0.000     0.000 r  
    PS8_X0Y0             PS8                          0.000     0.000 r  gemm_block_v1_i/zynq_ultra_ps_e_0/inst/PS8_i/PLCLK[0]
                         net (fo=1, routed)           0.129     0.129    gemm_block_v1_i/zynq_ultra_ps_e_0/inst/pl_clk_unbuffered[0]
    BUFG_PS_X0Y80        BUFG_PS (Prop_BUFG_PS_I_O)
                                                      0.022     0.151 r  gemm_block_v1_i/zynq_ultra_ps_e_0/inst/buffer_pl_clk_0.PL_CLK_0_BUFG/O
    X1Y2 (CLOCK_ROOT)    net (fo=36267, routed)       1.560     1.711    gemm_block_v1_i/axi_smc/inst/clk_map/psr_aclk/U0/aclk
    SLICE_X5Y145         FDRE                                         r  gemm_block_v1_i/axi_smc/inst/clk_map/psr_aclk/U0/ACTIVE_LOW_BSR_OUT_DFF[0].FDRE_BSR_N/C
  -------------------------------------------------------------------    -------------------
    SLICE_X5Y145         FDRE (Prop_EFF_SLICEM_C_Q)
                                                      0.082     1.793 r  gemm_block_v1_i/axi_smc/inst/clk_map/psr_aclk/U0/ACTIVE_LOW_BSR_OUT_DFF[0].FDRE_BSR_N/Q
                         net (fo=117, routed)         0.135     1.928    gemm_block_v1_i/axi_smc/inst/s00_entry_pipeline/s00_si_converter/inst/xpm_cdc_async_rst_inst/src_arst
    SLICE_X5Y142         FDCE                                         f  gemm_block_v1_i/axi_smc/inst/s00_entry_pipeline/s00_si_converter/inst/xpm_cdc_async_rst_inst/arststages_ff_reg[1]/CLR  (IS_INVERTED)
  -------------------------------------------------------------------    -------------------

                         (clock clk_pl_0 rise edge)
                                                      0.000     0.000 r  
    PS8_X0Y0             PS8                          0.000     0.000 r  gemm_block_v1_i/zynq_ultra_ps_e_0/inst/PS8_i/PLCLK[0]
                         net (fo=1, routed)           0.164     0.164    gemm_block_v1_i/zynq_ultra_ps_e_0/inst/pl_clk_unbuffered[0]
    BUFG_PS_X0Y80        BUFG_PS (Prop_BUFG_PS_I_O)
                                                      0.023     0.187 r  gemm_block_v1_i/zynq_ultra_ps_e_0/inst/buffer_pl_clk_0.PL_CLK_0_BUFG/O
    X1Y2 (CLOCK_ROOT)    net (fo=36267, routed)       1.701     1.888    gemm_block_v1_i/axi_smc/inst/s00_entry_pipeline/s00_si_converter/inst/xpm_cdc_async_rst_inst/dest_clk
    SLICE_X5Y142         FDCE                                         r  gemm_block_v1_i/axi_smc/inst/s00_entry_pipeline/s00_si_converter/inst/xpm_cdc_async_rst_inst/arststages_ff_reg[1]/C

Slack:                    inf
  Source:                 gemm_block_v1_i/axi_smc/inst/clk_map/psr_aclk/U0/ACTIVE_LOW_BSR_OUT_DFF[0].FDRE_BSR_N/C
                            (rising edge-triggered cell FDRE clocked by clk_pl_0  {rise@0.000ns fall@2.500ns period=5.000ns})
  Destination:            gemm_block_v1_i/axi_smc/inst/s00_entry_pipeline/s00_si_converter/inst/xpm_cdc_async_rst_inst/arststages_ff_reg[2]/CLR
                            (removal check against rising-edge clock clk_pl_0  {rise@0.000ns fall@2.500ns period=5.000ns})
  Path Group:             (none)
  Path Type:              Removal (Min at Fast Process Corner)
  Data Path Delay:        0.217ns  (logic 0.082ns (37.866%)  route 0.135ns (62.134%))
  Logic Levels:           0  
  Clock Path Skew:        0.177ns (DCD - SCD - CPR)
    Destination Clock Delay (DCD):    1.888ns
    Source Clock Delay      (SCD):    1.711ns
    Clock Pessimism Removal (CPR):    -0.000ns
  Clock Uncertainty:      0.129ns  ((TSJ^2 + DJ^2)^1/2) / 2 + PE
    Total System Jitter     (TSJ):    0.071ns
    Discrete Jitter          (DJ):    0.248ns
    Phase Error              (PE):    0.000ns
  Clock Net Delay (Source):      1.560ns (routing 0.731ns, distribution 0.829ns)
  Clock Net Delay (Destination): 1.701ns (routing 0.799ns, distribution 0.902ns)
  Timing Exception:       False Path

    Location             Delay type                Incr(ns)  Path(ns)    Netlist Resource(s)
  -------------------------------------------------------------------    -------------------
                         (clock clk_pl_0 rise edge)
                                                      0.000     0.000 r  
    PS8_X0Y0             PS8                          0.000     0.000 r  gemm_block_v1_i/zynq_ultra_ps_e_0/inst/PS8_i/PLCLK[0]
                         net (fo=1, routed)           0.129     0.129    gemm_block_v1_i/zynq_ultra_ps_e_0/inst/pl_clk_unbuffered[0]
    BUFG_PS_X0Y80        BUFG_PS (Prop_BUFG_PS_I_O)
                                                      0.022     0.151 r  gemm_block_v1_i/zynq_ultra_ps_e_0/inst/buffer_pl_clk_0.PL_CLK_0_BUFG/O
    X1Y2 (CLOCK_ROOT)    net (fo=36267, routed)       1.560     1.711    gemm_block_v1_i/axi_smc/inst/clk_map/psr_aclk/U0/aclk
    SLICE_X5Y145         FDRE                                         r  gemm_block_v1_i/axi_smc/inst/clk_map/psr_aclk/U0/ACTIVE_LOW_BSR_OUT_DFF[0].FDRE_BSR_N/C
  -------------------------------------------------------------------    -------------------
    SLICE_X5Y145         FDRE (Prop_EFF_SLICEM_C_Q)
                                                      0.082     1.793 r  gemm_block_v1_i/axi_smc/inst/clk_map/psr_aclk/U0/ACTIVE_LOW_BSR_OUT_DFF[0].FDRE_BSR_N/Q
                         net (fo=117, routed)         0.135     1.928    gemm_block_v1_i/axi_smc/inst/s00_entry_pipeline/s00_si_converter/inst/xpm_cdc_async_rst_inst/src_arst
    SLICE_X5Y142         FDCE                                         f  gemm_block_v1_i/axi_smc/inst/s00_entry_pipeline/s00_si_converter/inst/xpm_cdc_async_rst_inst/arststages_ff_reg[2]/CLR  (IS_INVERTED)
  -------------------------------------------------------------------    -------------------

                         (clock clk_pl_0 rise edge)
                                                      0.000     0.000 r  
    PS8_X0Y0             PS8                          0.000     0.000 r  gemm_block_v1_i/zynq_ultra_ps_e_0/inst/PS8_i/PLCLK[0]
                         net (fo=1, routed)           0.164     0.164    gemm_block_v1_i/zynq_ultra_ps_e_0/inst/pl_clk_unbuffered[0]
    BUFG_PS_X0Y80        BUFG_PS (Prop_BUFG_PS_I_O)
                                                      0.023     0.187 r  gemm_block_v1_i/zynq_ultra_ps_e_0/inst/buffer_pl_clk_0.PL_CLK_0_BUFG/O
    X1Y2 (CLOCK_ROOT)    net (fo=36267, routed)       1.701     1.888    gemm_block_v1_i/axi_smc/inst/s00_entry_pipeline/s00_si_converter/inst/xpm_cdc_async_rst_inst/dest_clk
    SLICE_X5Y142         FDCE                                         r  gemm_block_v1_i/axi_smc/inst/s00_entry_pipeline/s00_si_converter/inst/xpm_cdc_async_rst_inst/arststages_ff_reg[2]/C

Slack:                    inf
  Source:                 gemm_block_v1_i/axi_smc/inst/clk_map/psr_aclk/U0/ACTIVE_LOW_BSR_OUT_DFF[0].FDRE_BSR_N/C
                            (rising edge-triggered cell FDRE clocked by clk_pl_0  {rise@0.000ns fall@2.500ns period=5.000ns})
  Destination:            gemm_block_v1_i/axi_smc/inst/s00_entry_pipeline/s00_mmu/inst/xpm_cdc_async_rst_inst/arststages_ff_reg[0]/CLR
                            (removal check against rising-edge clock clk_pl_0  {rise@0.000ns fall@2.500ns period=5.000ns})
  Path Group:             (none)
  Path Type:              Removal (Min at Fast Process Corner)
  Data Path Delay:        0.221ns  (logic 0.082ns (37.165%)  route 0.139ns (62.835%))
  Logic Levels:           0  
  Clock Path Skew:        0.188ns (DCD - SCD - CPR)
    Destination Clock Delay (DCD):    1.899ns
    Source Clock Delay      (SCD):    1.711ns
    Clock Pessimism Removal (CPR):    -0.000ns
  Clock Uncertainty:      0.129ns  ((TSJ^2 + DJ^2)^1/2) / 2 + PE
    Total System Jitter     (TSJ):    0.071ns
    Discrete Jitter          (DJ):    0.248ns
    Phase Error              (PE):    0.000ns
  Clock Net Delay (Source):      1.560ns (routing 0.731ns, distribution 0.829ns)
  Clock Net Delay (Destination): 1.712ns (routing 0.799ns, distribution 0.913ns)
  Timing Exception:       False Path

    Location             Delay type                Incr(ns)  Path(ns)    Netlist Resource(s)
  -------------------------------------------------------------------    -------------------
                         (clock clk_pl_0 rise edge)
                                                      0.000     0.000 r  
    PS8_X0Y0             PS8                          0.000     0.000 r  gemm_block_v1_i/zynq_ultra_ps_e_0/inst/PS8_i/PLCLK[0]
                         net (fo=1, routed)           0.129     0.129    gemm_block_v1_i/zynq_ultra_ps_e_0/inst/pl_clk_unbuffered[0]
    BUFG_PS_X0Y80        BUFG_PS (Prop_BUFG_PS_I_O)
                                                      0.022     0.151 r  gemm_block_v1_i/zynq_ultra_ps_e_0/inst/buffer_pl_clk_0.PL_CLK_0_BUFG/O
    X1Y2 (CLOCK_ROOT)    net (fo=36267, routed)       1.560     1.711    gemm_block_v1_i/axi_smc/inst/clk_map/psr_aclk/U0/aclk
    SLICE_X5Y145         FDRE                                         r  gemm_block_v1_i/axi_smc/inst/clk_map/psr_aclk/U0/ACTIVE_LOW_BSR_OUT_DFF[0].FDRE_BSR_N/C
  -------------------------------------------------------------------    -------------------
    SLICE_X5Y145         FDRE (Prop_EFF_SLICEM_C_Q)
                                                      0.082     1.793 r  gemm_block_v1_i/axi_smc/inst/clk_map/psr_aclk/U0/ACTIVE_LOW_BSR_OUT_DFF[0].FDRE_BSR_N/Q
                         net (fo=117, routed)         0.139     1.932    gemm_block_v1_i/axi_smc/inst/s00_entry_pipeline/s00_mmu/inst/xpm_cdc_async_rst_inst/src_arst
    SLICE_X3Y143         FDCE                                         f  gemm_block_v1_i/axi_smc/inst/s00_entry_pipeline/s00_mmu/inst/xpm_cdc_async_rst_inst/arststages_ff_reg[0]/CLR  (IS_INVERTED)
  -------------------------------------------------------------------    -------------------

                         (clock clk_pl_0 rise edge)
                                                      0.000     0.000 r  
    PS8_X0Y0             PS8                          0.000     0.000 r  gemm_block_v1_i/zynq_ultra_ps_e_0/inst/PS8_i/PLCLK[0]
                         net (fo=1, routed)           0.164     0.164    gemm_block_v1_i/zynq_ultra_ps_e_0/inst/pl_clk_unbuffered[0]
    BUFG_PS_X0Y80        BUFG_PS (Prop_BUFG_PS_I_O)
                                                      0.023     0.187 r  gemm_block_v1_i/zynq_ultra_ps_e_0/inst/buffer_pl_clk_0.PL_CLK_0_BUFG/O
    X1Y2 (CLOCK_ROOT)    net (fo=36267, routed)       1.712     1.899    gemm_block_v1_i/axi_smc/inst/s00_entry_pipeline/s00_mmu/inst/xpm_cdc_async_rst_inst/dest_clk
    SLICE_X3Y143         FDCE                                         r  gemm_block_v1_i/axi_smc/inst/s00_entry_pipeline/s00_mmu/inst/xpm_cdc_async_rst_inst/arststages_ff_reg[0]/C

Slack:                    inf
  Source:                 gemm_block_v1_i/axi_smc/inst/clk_map/psr_aclk/U0/ACTIVE_LOW_BSR_OUT_DFF[0].FDRE_BSR_N/C
                            (rising edge-triggered cell FDRE clocked by clk_pl_0  {rise@0.000ns fall@2.500ns period=5.000ns})
  Destination:            gemm_block_v1_i/axi_smc/inst/s00_entry_pipeline/s00_mmu/inst/xpm_cdc_async_rst_inst/arststages_ff_reg[1]/CLR
                            (removal check against rising-edge clock clk_pl_0  {rise@0.000ns fall@2.500ns period=5.000ns})
  Path Group:             (none)
  Path Type:              Removal (Min at Fast Process Corner)
  Data Path Delay:        0.221ns  (logic 0.082ns (37.165%)  route 0.139ns (62.835%))
  Logic Levels:           0  
  Clock Path Skew:        0.188ns (DCD - SCD - CPR)
    Destination Clock Delay (DCD):    1.899ns
    Source Clock Delay      (SCD):    1.711ns
    Clock Pessimism Removal (CPR):    -0.000ns
  Clock Uncertainty:      0.129ns  ((TSJ^2 + DJ^2)^1/2) / 2 + PE
    Total System Jitter     (TSJ):    0.071ns
    Discrete Jitter          (DJ):    0.248ns
    Phase Error              (PE):    0.000ns
  Clock Net Delay (Source):      1.560ns (routing 0.731ns, distribution 0.829ns)
  Clock Net Delay (Destination): 1.712ns (routing 0.799ns, distribution 0.913ns)
  Timing Exception:       False Path

    Location             Delay type                Incr(ns)  Path(ns)    Netlist Resource(s)
  -------------------------------------------------------------------    -------------------
                         (clock clk_pl_0 rise edge)
                                                      0.000     0.000 r  
    PS8_X0Y0             PS8                          0.000     0.000 r  gemm_block_v1_i/zynq_ultra_ps_e_0/inst/PS8_i/PLCLK[0]
                         net (fo=1, routed)           0.129     0.129    gemm_block_v1_i/zynq_ultra_ps_e_0/inst/pl_clk_unbuffered[0]
    BUFG_PS_X0Y80        BUFG_PS (Prop_BUFG_PS_I_O)
                                                      0.022     0.151 r  gemm_block_v1_i/zynq_ultra_ps_e_0/inst/buffer_pl_clk_0.PL_CLK_0_BUFG/O
    X1Y2 (CLOCK_ROOT)    net (fo=36267, routed)       1.560     1.711    gemm_block_v1_i/axi_smc/inst/clk_map/psr_aclk/U0/aclk
    SLICE_X5Y145         FDRE                                         r  gemm_block_v1_i/axi_smc/inst/clk_map/psr_aclk/U0/ACTIVE_LOW_BSR_OUT_DFF[0].FDRE_BSR_N/C
  -------------------------------------------------------------------    -------------------
    SLICE_X5Y145         FDRE (Prop_EFF_SLICEM_C_Q)
                                                      0.082     1.793 r  gemm_block_v1_i/axi_smc/inst/clk_map/psr_aclk/U0/ACTIVE_LOW_BSR_OUT_DFF[0].FDRE_BSR_N/Q
                         net (fo=117, routed)         0.139     1.932    gemm_block_v1_i/axi_smc/inst/s00_entry_pipeline/s00_mmu/inst/xpm_cdc_async_rst_inst/src_arst
    SLICE_X3Y143         FDCE                                         f  gemm_block_v1_i/axi_smc/inst/s00_entry_pipeline/s00_mmu/inst/xpm_cdc_async_rst_inst/arststages_ff_reg[1]/CLR  (IS_INVERTED)
  -------------------------------------------------------------------    -------------------

                         (clock clk_pl_0 rise edge)
                                                      0.000     0.000 r  
    PS8_X0Y0             PS8                          0.000     0.000 r  gemm_block_v1_i/zynq_ultra_ps_e_0/inst/PS8_i/PLCLK[0]
                         net (fo=1, routed)           0.164     0.164    gemm_block_v1_i/zynq_ultra_ps_e_0/inst/pl_clk_unbuffered[0]
    BUFG_PS_X0Y80        BUFG_PS (Prop_BUFG_PS_I_O)
                                                      0.023     0.187 r  gemm_block_v1_i/zynq_ultra_ps_e_0/inst/buffer_pl_clk_0.PL_CLK_0_BUFG/O
    X1Y2 (CLOCK_ROOT)    net (fo=36267, routed)       1.712     1.899    gemm_block_v1_i/axi_smc/inst/s00_entry_pipeline/s00_mmu/inst/xpm_cdc_async_rst_inst/dest_clk
    SLICE_X3Y143         FDCE                                         r  gemm_block_v1_i/axi_smc/inst/s00_entry_pipeline/s00_mmu/inst/xpm_cdc_async_rst_inst/arststages_ff_reg[1]/C

Slack:                    inf
  Source:                 gemm_block_v1_i/axi_smc/inst/clk_map/psr_aclk/U0/ACTIVE_LOW_BSR_OUT_DFF[0].FDRE_BSR_N/C
                            (rising edge-triggered cell FDRE clocked by clk_pl_0  {rise@0.000ns fall@2.500ns period=5.000ns})
  Destination:            gemm_block_v1_i/axi_smc/inst/s00_entry_pipeline/s00_mmu/inst/xpm_cdc_async_rst_inst/arststages_ff_reg[2]/CLR
                            (removal check against rising-edge clock clk_pl_0  {rise@0.000ns fall@2.500ns period=5.000ns})
  Path Group:             (none)
  Path Type:              Removal (Min at Fast Process Corner)
  Data Path Delay:        0.221ns  (logic 0.082ns (37.165%)  route 0.139ns (62.835%))
  Logic Levels:           0  
  Clock Path Skew:        0.188ns (DCD - SCD - CPR)
    Destination Clock Delay (DCD):    1.899ns
    Source Clock Delay      (SCD):    1.711ns
    Clock Pessimism Removal (CPR):    -0.000ns
  Clock Uncertainty:      0.129ns  ((TSJ^2 + DJ^2)^1/2) / 2 + PE
    Total System Jitter     (TSJ):    0.071ns
    Discrete Jitter          (DJ):    0.248ns
    Phase Error              (PE):    0.000ns
  Clock Net Delay (Source):      1.560ns (routing 0.731ns, distribution 0.829ns)
  Clock Net Delay (Destination): 1.712ns (routing 0.799ns, distribution 0.913ns)
  Timing Exception:       False Path

    Location             Delay type                Incr(ns)  Path(ns)    Netlist Resource(s)
  -------------------------------------------------------------------    -------------------
                         (clock clk_pl_0 rise edge)
                                                      0.000     0.000 r  
    PS8_X0Y0             PS8                          0.000     0.000 r  gemm_block_v1_i/zynq_ultra_ps_e_0/inst/PS8_i/PLCLK[0]
                         net (fo=1, routed)           0.129     0.129    gemm_block_v1_i/zynq_ultra_ps_e_0/inst/pl_clk_unbuffered[0]
    BUFG_PS_X0Y80        BUFG_PS (Prop_BUFG_PS_I_O)
                                                      0.022     0.151 r  gemm_block_v1_i/zynq_ultra_ps_e_0/inst/buffer_pl_clk_0.PL_CLK_0_BUFG/O
    X1Y2 (CLOCK_ROOT)    net (fo=36267, routed)       1.560     1.711    gemm_block_v1_i/axi_smc/inst/clk_map/psr_aclk/U0/aclk
    SLICE_X5Y145         FDRE                                         r  gemm_block_v1_i/axi_smc/inst/clk_map/psr_aclk/U0/ACTIVE_LOW_BSR_OUT_DFF[0].FDRE_BSR_N/C
  -------------------------------------------------------------------    -------------------
    SLICE_X5Y145         FDRE (Prop_EFF_SLICEM_C_Q)
                                                      0.082     1.793 r  gemm_block_v1_i/axi_smc/inst/clk_map/psr_aclk/U0/ACTIVE_LOW_BSR_OUT_DFF[0].FDRE_BSR_N/Q
                         net (fo=117, routed)         0.139     1.932    gemm_block_v1_i/axi_smc/inst/s00_entry_pipeline/s00_mmu/inst/xpm_cdc_async_rst_inst/src_arst
    SLICE_X3Y143         FDCE                                         f  gemm_block_v1_i/axi_smc/inst/s00_entry_pipeline/s00_mmu/inst/xpm_cdc_async_rst_inst/arststages_ff_reg[2]/CLR  (IS_INVERTED)
  -------------------------------------------------------------------    -------------------

                         (clock clk_pl_0 rise edge)
                                                      0.000     0.000 r  
    PS8_X0Y0             PS8                          0.000     0.000 r  gemm_block_v1_i/zynq_ultra_ps_e_0/inst/PS8_i/PLCLK[0]
                         net (fo=1, routed)           0.164     0.164    gemm_block_v1_i/zynq_ultra_ps_e_0/inst/pl_clk_unbuffered[0]
    BUFG_PS_X0Y80        BUFG_PS (Prop_BUFG_PS_I_O)
                                                      0.023     0.187 r  gemm_block_v1_i/zynq_ultra_ps_e_0/inst/buffer_pl_clk_0.PL_CLK_0_BUFG/O
    X1Y2 (CLOCK_ROOT)    net (fo=36267, routed)       1.712     1.899    gemm_block_v1_i/axi_smc/inst/s00_entry_pipeline/s00_mmu/inst/xpm_cdc_async_rst_inst/dest_clk
    SLICE_X3Y143         FDCE                                         r  gemm_block_v1_i/axi_smc/inst/s00_entry_pipeline/s00_mmu/inst/xpm_cdc_async_rst_inst/arststages_ff_reg[2]/C

Slack:                    inf
  Source:                 gemm_block_v1_i/axi_smc_1/inst/clk_map/psr_aclk/U0/ACTIVE_LOW_BSR_OUT_DFF[0].FDRE_BSR_N/C
                            (rising edge-triggered cell FDRE clocked by clk_pl_0  {rise@0.000ns fall@2.500ns period=5.000ns})
  Destination:            gemm_block_v1_i/axi_smc_1/inst/m00_exit_pipeline/m00_exit/inst/xpm_cdc_async_rst_inst/arststages_ff_reg[0]/CLR
                            (removal check against rising-edge clock clk_pl_0  {rise@0.000ns fall@2.500ns period=5.000ns})
  Path Group:             (none)
  Path Type:              Removal (Min at Fast Process Corner)
  Data Path Delay:        0.228ns  (logic 0.083ns (36.439%)  route 0.145ns (63.561%))
  Logic Levels:           0  
  Clock Path Skew:        0.177ns (DCD - SCD - CPR)
    Destination Clock Delay (DCD):    1.886ns
    Source Clock Delay      (SCD):    1.710ns
    Clock Pessimism Removal (CPR):    -0.000ns
  Clock Uncertainty:      0.129ns  ((TSJ^2 + DJ^2)^1/2) / 2 + PE
    Total System Jitter     (TSJ):    0.071ns
    Discrete Jitter          (DJ):    0.248ns
    Phase Error              (PE):    0.000ns
  Clock Net Delay (Source):      1.559ns (routing 0.731ns, distribution 0.828ns)
  Clock Net Delay (Destination): 1.699ns (routing 0.799ns, distribution 0.900ns)
  Timing Exception:       False Path

    Location             Delay type                Incr(ns)  Path(ns)    Netlist Resource(s)
  -------------------------------------------------------------------    -------------------
                         (clock clk_pl_0 rise edge)
                                                      0.000     0.000 r  
    PS8_X0Y0             PS8                          0.000     0.000 r  gemm_block_v1_i/zynq_ultra_ps_e_0/inst/PS8_i/PLCLK[0]
                         net (fo=1, routed)           0.129     0.129    gemm_block_v1_i/zynq_ultra_ps_e_0/inst/pl_clk_unbuffered[0]
    BUFG_PS_X0Y80        BUFG_PS (Prop_BUFG_PS_I_O)
                                                      0.022     0.151 r  gemm_block_v1_i/zynq_ultra_ps_e_0/inst/buffer_pl_clk_0.PL_CLK_0_BUFG/O
    X1Y2 (CLOCK_ROOT)    net (fo=36267, routed)       1.559     1.710    gemm_block_v1_i/axi_smc_1/inst/clk_map/psr_aclk/U0/aclk
    SLICE_X18Y82         FDRE                                         r  gemm_block_v1_i/axi_smc_1/inst/clk_map/psr_aclk/U0/ACTIVE_LOW_BSR_OUT_DFF[0].FDRE_BSR_N/C
  -------------------------------------------------------------------    -------------------
    SLICE_X18Y82         FDRE (Prop_HFF_SLICEM_C_Q)
                                                      0.083     1.793 r  gemm_block_v1_i/axi_smc_1/inst/clk_map/psr_aclk/U0/ACTIVE_LOW_BSR_OUT_DFF[0].FDRE_BSR_N/Q
                         net (fo=66, routed)          0.145     1.937    gemm_block_v1_i/axi_smc_1/inst/m00_exit_pipeline/m00_exit/inst/xpm_cdc_async_rst_inst/src_arst
    SLICE_X12Y82         FDCE                                         f  gemm_block_v1_i/axi_smc_1/inst/m00_exit_pipeline/m00_exit/inst/xpm_cdc_async_rst_inst/arststages_ff_reg[0]/CLR  (IS_INVERTED)
  -------------------------------------------------------------------    -------------------

                         (clock clk_pl_0 rise edge)
                                                      0.000     0.000 r  
    PS8_X0Y0             PS8                          0.000     0.000 r  gemm_block_v1_i/zynq_ultra_ps_e_0/inst/PS8_i/PLCLK[0]
                         net (fo=1, routed)           0.164     0.164    gemm_block_v1_i/zynq_ultra_ps_e_0/inst/pl_clk_unbuffered[0]
    BUFG_PS_X0Y80        BUFG_PS (Prop_BUFG_PS_I_O)
                                                      0.023     0.187 r  gemm_block_v1_i/zynq_ultra_ps_e_0/inst/buffer_pl_clk_0.PL_CLK_0_BUFG/O
    X1Y2 (CLOCK_ROOT)    net (fo=36267, routed)       1.699     1.886    gemm_block_v1_i/axi_smc_1/inst/m00_exit_pipeline/m00_exit/inst/xpm_cdc_async_rst_inst/dest_clk
    SLICE_X12Y82         FDCE                                         r  gemm_block_v1_i/axi_smc_1/inst/m00_exit_pipeline/m00_exit/inst/xpm_cdc_async_rst_inst/arststages_ff_reg[0]/C

Slack:                    inf
  Source:                 gemm_block_v1_i/axi_smc_1/inst/clk_map/psr_aclk/U0/ACTIVE_LOW_BSR_OUT_DFF[0].FDRE_BSR_N/C
                            (rising edge-triggered cell FDRE clocked by clk_pl_0  {rise@0.000ns fall@2.500ns period=5.000ns})
  Destination:            gemm_block_v1_i/axi_smc_1/inst/m00_exit_pipeline/m00_exit/inst/xpm_cdc_async_rst_inst/arststages_ff_reg[1]/CLR
                            (removal check against rising-edge clock clk_pl_0  {rise@0.000ns fall@2.500ns period=5.000ns})
  Path Group:             (none)
  Path Type:              Removal (Min at Fast Process Corner)
  Data Path Delay:        0.228ns  (logic 0.083ns (36.439%)  route 0.145ns (63.561%))
  Logic Levels:           0  
  Clock Path Skew:        0.177ns (DCD - SCD - CPR)
    Destination Clock Delay (DCD):    1.886ns
    Source Clock Delay      (SCD):    1.710ns
    Clock Pessimism Removal (CPR):    -0.000ns
  Clock Uncertainty:      0.129ns  ((TSJ^2 + DJ^2)^1/2) / 2 + PE
    Total System Jitter     (TSJ):    0.071ns
    Discrete Jitter          (DJ):    0.248ns
    Phase Error              (PE):    0.000ns
  Clock Net Delay (Source):      1.559ns (routing 0.731ns, distribution 0.828ns)
  Clock Net Delay (Destination): 1.699ns (routing 0.799ns, distribution 0.900ns)
  Timing Exception:       False Path

    Location             Delay type                Incr(ns)  Path(ns)    Netlist Resource(s)
  -------------------------------------------------------------------    -------------------
                         (clock clk_pl_0 rise edge)
                                                      0.000     0.000 r  
    PS8_X0Y0             PS8                          0.000     0.000 r  gemm_block_v1_i/zynq_ultra_ps_e_0/inst/PS8_i/PLCLK[0]
                         net (fo=1, routed)           0.129     0.129    gemm_block_v1_i/zynq_ultra_ps_e_0/inst/pl_clk_unbuffered[0]
    BUFG_PS_X0Y80        BUFG_PS (Prop_BUFG_PS_I_O)
                                                      0.022     0.151 r  gemm_block_v1_i/zynq_ultra_ps_e_0/inst/buffer_pl_clk_0.PL_CLK_0_BUFG/O
    X1Y2 (CLOCK_ROOT)    net (fo=36267, routed)       1.559     1.710    gemm_block_v1_i/axi_smc_1/inst/clk_map/psr_aclk/U0/aclk
    SLICE_X18Y82         FDRE                                         r  gemm_block_v1_i/axi_smc_1/inst/clk_map/psr_aclk/U0/ACTIVE_LOW_BSR_OUT_DFF[0].FDRE_BSR_N/C
  -------------------------------------------------------------------    -------------------
    SLICE_X18Y82         FDRE (Prop_HFF_SLICEM_C_Q)
                                                      0.083     1.793 r  gemm_block_v1_i/axi_smc_1/inst/clk_map/psr_aclk/U0/ACTIVE_LOW_BSR_OUT_DFF[0].FDRE_BSR_N/Q
                         net (fo=66, routed)          0.145     1.937    gemm_block_v1_i/axi_smc_1/inst/m00_exit_pipeline/m00_exit/inst/xpm_cdc_async_rst_inst/src_arst
    SLICE_X12Y82         FDCE                                         f  gemm_block_v1_i/axi_smc_1/inst/m00_exit_pipeline/m00_exit/inst/xpm_cdc_async_rst_inst/arststages_ff_reg[1]/CLR  (IS_INVERTED)
  -------------------------------------------------------------------    -------------------

                         (clock clk_pl_0 rise edge)
                                                      0.000     0.000 r  
    PS8_X0Y0             PS8                          0.000     0.000 r  gemm_block_v1_i/zynq_ultra_ps_e_0/inst/PS8_i/PLCLK[0]
                         net (fo=1, routed)           0.164     0.164    gemm_block_v1_i/zynq_ultra_ps_e_0/inst/pl_clk_unbuffered[0]
    BUFG_PS_X0Y80        BUFG_PS (Prop_BUFG_PS_I_O)
                                                      0.023     0.187 r  gemm_block_v1_i/zynq_ultra_ps_e_0/inst/buffer_pl_clk_0.PL_CLK_0_BUFG/O
    X1Y2 (CLOCK_ROOT)    net (fo=36267, routed)       1.699     1.886    gemm_block_v1_i/axi_smc_1/inst/m00_exit_pipeline/m00_exit/inst/xpm_cdc_async_rst_inst/dest_clk
    SLICE_X12Y82         FDCE                                         r  gemm_block_v1_i/axi_smc_1/inst/m00_exit_pipeline/m00_exit/inst/xpm_cdc_async_rst_inst/arststages_ff_reg[1]/C

Slack:                    inf
  Source:                 gemm_block_v1_i/axi_smc_1/inst/clk_map/psr_aclk/U0/ACTIVE_LOW_BSR_OUT_DFF[0].FDRE_BSR_N/C
                            (rising edge-triggered cell FDRE clocked by clk_pl_0  {rise@0.000ns fall@2.500ns period=5.000ns})
  Destination:            gemm_block_v1_i/axi_smc_1/inst/m00_exit_pipeline/m00_exit/inst/xpm_cdc_async_rst_inst/arststages_ff_reg[2]/CLR
                            (removal check against rising-edge clock clk_pl_0  {rise@0.000ns fall@2.500ns period=5.000ns})
  Path Group:             (none)
  Path Type:              Removal (Min at Fast Process Corner)
  Data Path Delay:        0.228ns  (logic 0.083ns (36.439%)  route 0.145ns (63.561%))
  Logic Levels:           0  
  Clock Path Skew:        0.177ns (DCD - SCD - CPR)
    Destination Clock Delay (DCD):    1.886ns
    Source Clock Delay      (SCD):    1.710ns
    Clock Pessimism Removal (CPR):    -0.000ns
  Clock Uncertainty:      0.129ns  ((TSJ^2 + DJ^2)^1/2) / 2 + PE
    Total System Jitter     (TSJ):    0.071ns
    Discrete Jitter          (DJ):    0.248ns
    Phase Error              (PE):    0.000ns
  Clock Net Delay (Source):      1.559ns (routing 0.731ns, distribution 0.828ns)
  Clock Net Delay (Destination): 1.699ns (routing 0.799ns, distribution 0.900ns)
  Timing Exception:       False Path

    Location             Delay type                Incr(ns)  Path(ns)    Netlist Resource(s)
  -------------------------------------------------------------------    -------------------
                         (clock clk_pl_0 rise edge)
                                                      0.000     0.000 r  
    PS8_X0Y0             PS8                          0.000     0.000 r  gemm_block_v1_i/zynq_ultra_ps_e_0/inst/PS8_i/PLCLK[0]
                         net (fo=1, routed)           0.129     0.129    gemm_block_v1_i/zynq_ultra_ps_e_0/inst/pl_clk_unbuffered[0]
    BUFG_PS_X0Y80        BUFG_PS (Prop_BUFG_PS_I_O)
                                                      0.022     0.151 r  gemm_block_v1_i/zynq_ultra_ps_e_0/inst/buffer_pl_clk_0.PL_CLK_0_BUFG/O
    X1Y2 (CLOCK_ROOT)    net (fo=36267, routed)       1.559     1.710    gemm_block_v1_i/axi_smc_1/inst/clk_map/psr_aclk/U0/aclk
    SLICE_X18Y82         FDRE                                         r  gemm_block_v1_i/axi_smc_1/inst/clk_map/psr_aclk/U0/ACTIVE_LOW_BSR_OUT_DFF[0].FDRE_BSR_N/C
  -------------------------------------------------------------------    -------------------
    SLICE_X18Y82         FDRE (Prop_HFF_SLICEM_C_Q)
                                                      0.083     1.793 r  gemm_block_v1_i/axi_smc_1/inst/clk_map/psr_aclk/U0/ACTIVE_LOW_BSR_OUT_DFF[0].FDRE_BSR_N/Q
                         net (fo=66, routed)          0.145     1.937    gemm_block_v1_i/axi_smc_1/inst/m00_exit_pipeline/m00_exit/inst/xpm_cdc_async_rst_inst/src_arst
    SLICE_X12Y82         FDCE                                         f  gemm_block_v1_i/axi_smc_1/inst/m00_exit_pipeline/m00_exit/inst/xpm_cdc_async_rst_inst/arststages_ff_reg[2]/CLR  (IS_INVERTED)
  -------------------------------------------------------------------    -------------------

                         (clock clk_pl_0 rise edge)
                                                      0.000     0.000 r  
    PS8_X0Y0             PS8                          0.000     0.000 r  gemm_block_v1_i/zynq_ultra_ps_e_0/inst/PS8_i/PLCLK[0]
                         net (fo=1, routed)           0.164     0.164    gemm_block_v1_i/zynq_ultra_ps_e_0/inst/pl_clk_unbuffered[0]
    BUFG_PS_X0Y80        BUFG_PS (Prop_BUFG_PS_I_O)
                                                      0.023     0.187 r  gemm_block_v1_i/zynq_ultra_ps_e_0/inst/buffer_pl_clk_0.PL_CLK_0_BUFG/O
    X1Y2 (CLOCK_ROOT)    net (fo=36267, routed)       1.699     1.886    gemm_block_v1_i/axi_smc_1/inst/m00_exit_pipeline/m00_exit/inst/xpm_cdc_async_rst_inst/dest_clk
    SLICE_X12Y82         FDCE                                         r  gemm_block_v1_i/axi_smc_1/inst/m00_exit_pipeline/m00_exit/inst/xpm_cdc_async_rst_inst/arststages_ff_reg[2]/C





